771	6	30	068
12	1	14	102
846	1	397	035
1941	6	2008	080
3178	11	3087	147
11580	22	10627	159
473	6	2040	135
1871	12	2155	055
2845	9	2518	091
211	1	189	109
28	1	29	138
213	1	189	085
1959	6	2009	114
2696	9	2476	099
1976	6	229	052
25	6	30	083
2663	17	5816	137
7447	20	6780	158
196	1	189	111
7847	23	2966	142
771	6	30	054
588	6	30	054
7847	23	2966	129
2911	9	2482	074
832	1	416	111
765	6	30	057
415	1	416	074
2729	23	2935	086
2156	6	30	016
1970	6	2040	078
734	15	4977	023
2729	23	2935	002
4557	14	3544	135
2773	9	2517	119
380	6	30	024
675	15	4990	128
822	1	416	123
199	1	189	092
630	6	30	111
1133	15	4990	098
3166	23	12532	094
428	6	402	139
1976	6	229	050
831	1	416	066
415	1	416	082
8779	23	2989	138
2156	6	30	065
1644	15	5088	149
396	6	30	102
113	6	30	125
480	15	5067	130
3143	11	3087	128
2867	9	2588	124
812	1	416	142
845	1	28	096
4885	17	8813	023
118	1	120	146
3101	11	3102	028
6247	23	2935	008
8779	23	2989	009
2945	14	3623	117
818	1	416	105
626	6	46	146
8301	23	3060	134
44	6	29	143
675	1	320	126
2015	6	115	159
197	1	189	005
2507	9	2476	148
1976	6	229	005
211	1	189	009
3216	12	2155	123
588	6	589	143
832	1	416	157
47	6	30	083
260	1	189	142
100	6	29	136
3113	14	3509	048
205	1	207	084
178	1	179	064
2127	6	171	114
8957	23	2922	071
3924	14	3495	078
675	1	320	109
765	6	30	006
446	1	405	093
478	1	444	148
381	1	405	136
1910	14	3956	132
6726	23	2966	113
2909	9	2720	016
2127	6	171	146
195	1	189	057
44	6	30	071
3178	14	3469	155
3101	11	3102	049
2773	14	3463	082
1502	1	416	085
2126	6	2008	021
1429	6	30	044
831	1	416	059
3101	11	3102	003
2069	6	1561	042
473	6	2082	063
12	1	14	097
2119	6	2120	154
1894	23	2920	024
588	1	589	151
292	1	120	135
845	1	28	143
2729	23	2966	117
675	15	4990	011
215	1	189	143
205	6	30	102
2909	9	2593	040
2785	9	2593	155
2909	9	2593	021
284	6	2008	077
3166	23	12532	028
675	15	4990	016
796	15	4990	112
2696	9	2476	109
473	6	2082	073
1133	6	30	016
3225	23	2938	121
6247	23	12509	012
44	6	30	117
2809	17	5935	156
303	1	416	025
12	1	14	098
2693	11	3087	131
25	15	5024	114
8957	23	2922	011
428	6	2055	021
2074	6	2075	059
811	1	416	021
2071	6	30	055
2071	6	30	068
629	1	30	011
12016	22	11832	156
1841	23	2997	156
1133	15	4990	038
831	1	416	103
3101	11	3102	105
771	1	629	115
1841	23	2997	154
759	1	28	019
675	6	2051	017
2020	6	2008	053
1975	6	2009	091
2836	17	5818	141
1956	6	285	006
2916	9	2517	145
212	1	189	115
2047	6	171	003
968	1	408	050
428	15	5024	148
720	1	28	080
478	1	444	046
199	1	189	003
702	6	28	031
2068	6	2027	135
2059	6	2061	019
3218	12	2018	022
1958	6	2009	093
846	1	397	100
1525	6	29	159
2809	17	5818	096
211	1	189	100
3143	11	3087	145
2116	6	2018	114
44	6	29	145
2903	11	3089	151
44	5	25	148
178	1	179	100
2168	6	173	085
2116	6	2061	003
3211	14	4342	075
675	6	405	122
25	15	5024	106
2059	6	2061	009
2003	6	2019	157
702	1	28	006
1959	6	2008	071
734	15	4977	053
188	1	189	084
7847	23	2966	100
2006	6	29	104
2615	9	2476	132
3106	11	3087	069
100	6	30	004
3053	23	12505	125
284	1	189	127
1941	6	2009	126
509	15	4977	108
480	15	4990	123
199	1	189	101
2845	14	3956	147
2169	6	29	015
6006	17	5818	121
2693	14	3468	155
1970	6	2084	040
6995	17	5948	157
205	1	207	026
25	15	4990	161
2126	6	2009	114
4568	23	2946	075
2119	6	2045	013
629	1	30	013
3622	14	3519	067
258	1	259	052
2071	6	30	047
2589	9	2517	143
728	1	405	051
613	1	416	155
2130	6	2009	123
811	1	416	075
1931	6	115	145
2809	17	5818	093
17	6	30	067
1525	6	29	148
488	1	30	084
845	1	28	028
198	1	189	133
3053	23	12505	023
2069	6	1561	073
6414	23	2935	101
215	1	189	004
2911	9	2482	068
478	1	444	012
720	1	28	030
2822	14	3475	133
3186	12	2155	145
509	6	30	104
1941	6	2008	073
2030	6	2009	096
765	6	30	066
831	1	416	012
1593	1	1594	018
845	1	28	073
659	1	341	055
3090	11	3087	155
6247	23	12509	091
25	15	5024	036
2116	6	2061	000
1894	23	2920	040
796	15	4990	128
4054	14	3623	114
742	15	4990	143
1912	6	259	040
2140	6	2009	130
2003	6	30	096
8301	23	3060	130
3143	11	3087	061
2785	9	2520	128
588	6	30	050
2102	6	285	010
765	6	30	022
3217	12	28	089
380	6	30	005
509	6	30	075
3206	12	2120	075
2587	9	2476	103
415	1	416	088
2101	6	285	001
2068	6	2029	003
169	6	173	063
2020	6	2009	086
2068	6	173	061
2119	6	2045	001
2140	6	2008	078
2020	6	2008	034
2589	9	2517	144
215	1	189	035
2047	6	171	140
6006	17	5818	134
88	6	30	112
1959	6	2018	149
1941	6	2008	058
2105	6	30	071
2140	6	2009	105
88	6	30	130
636	1	172	003
2615	9	2593	133
2729	23	2935	085
765	6	30	021
3106	11	3087	095
3106	11	3087	122
1975	6	625	159
2615	9	2593	095
636	1	172	085
88	6	28	132
728	1	405	122
142	6	30	042
2903	11	3089	081
1133	15	4990	085
845	1	28	107
675	1	320	137
1644	1	207	041
415	1	416	151
3225	23	2938	078
3053	23	12505	038
811	1	416	135
2729	23	2935	119
2815	11	3087	160
478	1	444	035
702	6	28	067
3211	12	2082	054
1863	9	2518	149
1931	6	115	136
1930	15	4977	043
381	1	259	044
1871	12	2155	054
2059	6	2061	057
213	1	189	017
12	1	14	104
4684	14	3707	134
3193	12	2155	063
1922	6	2061	037
2105	6	30	051
100	6	30	022
4568	23	2946	062
205	6	2038	003
2156	6	30	097
771	6	30	049
2069	6	2070	080
7847	23	2966	028
720	1	28	044
3219	12	2027	141
213	1	189	010
381	6	405	104
2140	6	2018	161
2069	6	2018	106
2125	6	2009	125
2071	6	29	152
799	1	766	154
69	1	72	102
8590	17	6639	132
2116	6	2018	092
1976	6	2040	101
8708	23	12505	126
2022	6	2023	146
728	1	259	080
831	1	416	107
142	6	30	086
2809	17	5818	140
3755	14	3495	155
3219	12	2027	048
1133	15	4990	127
5308	15	5088	000
399	1	405	131
100	6	30	042
406	1	408	017
399	1	405	098
2121	6	402	136
3113	11	3102	142
480	15	5067	128
3209	12	30	079
2178	6	30	121
2696	9	2476	078
2845	9	2518	093
2644	9	2593	090
2169	6	29	051
215	1	189	003
3166	23	12532	120
636	1	172	080
25	6	29	146
1593	1	1594	042
6006	17	5818	069
1947	6	173	056
396	6	30	027
2836	9	2705	105
2693	11	3087	150
83	6	29	152
597	15	5088	070
443	1	416	135
205	15	4990	021
832	1	416	026
734	15	4977	147
4940	14	3428	135
720	1	28	012
178	6	115	154
6247	23	2935	133
5308	15	5088	131
44	5	25	114
2073	6	2008	030
2135	6	2009	095
598	6	30	099
2696	9	2476	148
3425	14	3430	109
6247	23	2935	013
2071	6	30	084
142	6	30	126
2845	9	2518	095
3113	11	3102	118
2693	14	3468	156
6247	23	2935	096
3217	12	28	090
1525	6	29	158
25	6	30	036
172	1	402	139
2113	6	29	006
1841	23	2997	093
675	1	320	110
1961	6	2009	110
212	1	189	003
2119	6	2120	136
406	1	408	124
1525	6	29	075
169	1	173	019
3231	12	29	101
3206	12	2120	099
196	1	189	070
228	6	2040	097
2917	10	2942	103
480	15	4990	113
675	1	320	117
2118	6	2027	159
2006	6	29	064
822	1	416	100
478	1	444	005
2785	9	2520	149
212	1	189	156
1930	15	4977	052
1133	15	4990	040
1894	23	2920	123
2119	6	2045	093
675	15	4990	144
178	1	179	079
2101	6	2008	065
796	15	4990	054
415	1	416	109
720	1	28	024
8779	23	2989	069
2539	9	2540	129
198	1	189	049
2809	17	5817	104
25	15	4990	073
3113	11	3102	066
2644	10	2924	060
2539	9	2540	134
258	1	259	070
178	1	179	030
4659	14	3509	065
415	1	416	037
3209	12	30	016
711	1	28	070
2729	23	2935	065
12528	23	12532	132
1429	6	30	090
2153	6	30	022
8779	23	2989	077
1912	15	5024	136
25	15	4990	034
2809	17	5816	120
5168	15	5088	118
2688	9	2517	153
2127	6	171	101
28	1	29	139
2105	6	30	049
598	6	2019	152
3053	23	12505	145
12	1	14	020
2140	6	2018	141
2539	9	2540	107
2006	6	29	082
480	15	4990	081
7146	23	12532	032
1525	6	29	015
3200	12	2055	095
811	1	416	129
771	6	30	035
5168	15	5088	151
3577	14	3437	108
2071	6	30	009
1592	6	30	113
2068	6	2027	140
613	1	416	136
2135	6	2045	001
2006	6	29	105
1956	6	2009	110
846	1	397	070
845	1	28	084
6414	23	2935	028
2809	17	5818	110
1592	6	30	015
3193	12	115	143
800	1	416	147
3053	23	12505	040
734	15	4977	019
2073	6	2009	110
3866	14	3487	095
444	1	405	111
381	1	259	067
734	15	4977	046
3106	11	3087	014
3231	12	29	040
169	1	173	117
1502	1	416	076
25	15	4990	150
2069	6	1561	014
3577	14	3437	139
142	6	2044	141
8779	23	2989	131
846	1	397	043
1970	6	2040	103
2126	6	625	160
12	1	14	021
4054	14	3623	124
607	15	4990	157
675	15	4990	160
3218	12	2018	117
198	1	189	147
446	1	171	156
8494	20	6780	158
1947	6	405	093
431	1	189	021
1592	6	30	054
3888	14	3762	016
88	6	30	093
7000	17	5953	157
284	1	189	084
597	15	5088	069
2809	17	5818	154
610	1	416	155
4659	14	3509	063
205	6	30	024
2911	10	2720	078
584	6	259	077
728	1	259	077
2142	6	2045	004
478	1	444	076
399	6	402	147
968	1	408	073
47	1	30	060
205	15	4990	143
2101	6	2008	018
2142	6	2008	032
25	15	5024	123
3025	10	3026	083
822	1	416	118
7847	23	2966	114
88	6	30	015
3218	12	2018	053
3211	12	2120	122
44	6	30	109
2121	6	2122	003
2047	6	171	044
113	1	632	150
25	15	4990	149
3193	12	2155	075
480	15	4990	146
2903	11	3089	036
2026	6	30	010
734	15	4977	000
794	1	478	115
675	1	320	155
3425	14	3427	120
2047	6	171	142
2663	17	5818	127
2138	6	2018	151
2845	10	2977	132
2116	6	2070	074
2059	6	2061	011
4568	23	2946	109
473	1	416	140
3034	14	3956	153
1959	6	2018	133
25	15	5024	092
2663	17	5818	147
588	6	589	158
1863	9	2560	148
1947	6	173	024
188	1	189	118
25	15	5024	137
4684	14	3980	158
1133	6	30	061
765	6	30	030
597	15	5088	131
8408	23	12518	150
659	1	341	088
1976	6	229	029
7789	23	12532	038
2142	6	2027	134
3064	23	12505	097
2168	6	173	079
4885	17	8813	077
2138	6	2008	074
2105	6	30	001
2030	6	2008	051
3178	11	3087	146
7847	23	2966	090
845	1	28	061
6247	23	12509	057
2729	23	2966	159
3225	12	2155	139
188	1	189	061
478	1	444	131
284	1	189	108
2135	6	2008	030
2729	23	2966	004
578	1	28	077
2785	9	2593	115
2105	6	30	058
431	1	189	066
812	1	416	144
480	15	4990	045
2047	6	171	110
1975	6	2009	089
12	1	14	037
2105	6	30	086
810	1	416	052
205	6	30	075
771	6	30	075
2153	6	30	059
11693	22	2157	154
2074	6	405	111
415	1	416	112
2169	6	29	154
3143	11	3087	043
598	6	30	092
1910	14	3956	131
2583	9	2476	117
2059	6	2061	054
2507	17	7538	140
832	1	416	083
2121	6	402	145
1930	15	4977	146
2785	9	2520	159
720	1	28	147
2021	6	170	160
118	1	119	161
2003	6	30	058
720	1	28	058
431	1	189	061
1947	6	2027	142
3189	12	2040	022
261	1	263	010
1592	6	2029	003
169	1	173	015
2126	6	2008	063
2663	17	6190	139
610	1	416	104
734	15	4977	014
6884	17	5997	027
800	1	416	025
584	6	405	127
2719	9	2720	157
6247	23	2935	157
2119	6	2045	028
629	1	28	138
2065	6	2040	059
2142	6	2008	046
406	1	408	023
188	1	189	078
2119	6	2045	137
303	1	416	020
1959	6	2018	140
3186	12	2155	146
2030	6	2008	075
2119	6	2120	127
446	1	259	034
3144	23	12529	155
12528	23	12532	109
800	1	416	048
303	1	416	080
44	5	25	098
2119	6	2045	057
2140	6	2008	043
7847	23	2966	106
3218	12	2018	132
597	15	5088	026
2006	6	29	117
88	6	30	001
2644	9	2593	126
2785	9	2520	111
598	6	2019	134
142	6	30	122
2105	6	30	030
711	1	28	046
69	1	72	094
8957	23	2922	028
6414	23	2935	066
2020	6	2008	078
3053	23	12505	035
675	6	402	138
396	6	30	123
6247	23	12509	004
3211	12	2120	087
5308	15	5088	110
2693	17	5947	153
1947	6	405	127
2135	6	2008	061
3225	23	2938	096
2105	6	30	076
197	1	189	136
765	6	30	119
12	1	14	136
588	6	30	076
2169	6	29	159
1644	1	207	112
2156	6	30	013
3866	14	3487	128
1970	6	2084	047
2073	6	2008	022
3209	12	2027	144
3211	12	2082	004
25	6	29	153
6726	23	2966	069
800	1	416	119
8301	23	3060	079
443	1	416	002
3190	12	2084	042
3237	12	116	111
1592	6	30	123
2644	9	2593	133
796	15	4990	072
3577	14	3437	021
205	6	30	044
292	1	120	091
1931	6	116	050
1567	1	589	151
3178	11	3087	137
2615	9	2593	160
169	1	172	134
2127	6	171	125
1922	6	2018	109
2615	9	2517	106
2539	9	2540	101
7789	23	12532	054
8301	23	3060	034
2021	6	405	098
480	15	5067	104
636	1	172	025
702	1	28	055
4885	17	8813	118
578	1	28	015
1947	6	173	034
480	15	5067	111
3141	17	5947	158
630	6	30	121
812	1	416	149
2589	9	2517	156
734	15	4977	132
12	1	14	061
702	6	28	076
2069	6	2018	097
1931	6	116	112
100	6	30	024
2945	14	4034	146
169	1	173	124
584	6	259	042
381	1	405	122
811	1	416	111
3200	12	2055	090
28	6	29	148
7881	20	6780	155
1841	23	2997	134
2113	6	29	055
303	1	416	125
1961	6	2009	083
431	1	189	024
711	1	28	061
44	5	25	104
2030	6	2008	070
2142	6	2027	141
3193	12	2155	141
509	6	30	119
2030	6	2008	057
381	1	259	037
1592	6	29	161
2020	6	2008	055
3237	12	116	028
17	1	1561	008
3064	23	12505	048
6414	23	2935	085
3189	12	2040	122
811	1	416	072
675	15	4990	129
2071	6	30	059
196	1	189	023
2135	6	2009	124
197	1	189	137
2102	6	2040	085
2867	9	2588	134
675	15	5120	049
7146	23	12532	110
5308	15	5088	104
2583	9	2476	151
44	6	30	006
142	6	30	078
2945	14	4034	122
1133	15	4990	093
2047	6	171	077
3034	14	3956	161
629	1	30	016
3190	12	2084	038
1429	6	171	155
811	1	416	108
6006	17	5818	081
364	1	28	160
3521	14	3437	120
2729	23	2935	084
197	1	189	153
1871	12	2155	019
597	15	5088	034
2539	9	2540	153
771	1	629	052
2962	10	2963	126
2140	6	2018	143
2074	6	173	084
2102	6	2040	083
3187	23	12518	060
3143	11	3087	154
742	1	748	139
44	6	46	134
1911	23	12505	098
2059	6	2060	099
292	1	120	075
17	6	2044	157
478	1	444	061
178	6	116	066
3218	12	2018	036
2006	6	29	092
2729	23	2966	101
1133	15	4990	095
812	1	416	024
12528	23	12532	075
205	6	30	040
188	1	189	062
832	1	416	154
771	6	30	100
613	1	416	137
473	6	2082	034
178	6	116	093
17	6	2044	145
55	6	30	096
10636	22	9538	141
734	15	4977	079
195	1	189	026
728	1	405	131
2539	9	2482	129
2587	9	2476	076
800	1	416	127
3190	12	2084	027
3187	12	2055	125
2138	6	2018	160
2693	12	28	097
588	1	590	138
610	1	416	083
584	1	259	036
2917	10	2942	095
588	6	30	031
509	15	4977	147
9402	20	5762	140
3053	23	12505	056
2168	6	173	076
2119	6	2120	100
431	1	189	147
2663	17	5816	142
228	6	2040	089
213	1	189	129
1941	6	29	158
4613	14	3715	029
822	1	416	153
1961	6	2027	152
381	1	259	073
2030	6	2008	033
3170	17	6011	156
6247	23	2935	093
3231	12	29	060
1941	6	2009	090
728	1	405	039
8957	23	2922	009
2030	6	2032	135
2867	9	2517	105
2615	9	2517	088
17	1	18	042
228	6	229	053
1525	6	29	114
28	9	29	160
734	15	4977	096
771	6	30	051
213	1	189	145
3211	12	2120	102
1961	6	2009	113
3064	23	12505	072
1976	6	229	040
2135	6	2045	017
8779	23	2989	102
44	5	25	052
578	1	28	029
396	6	30	113
1644	1	207	049
831	1	416	136
1912	6	2179	006
6247	23	2935	044
3218	12	2018	030
1930	15	4977	064
12	1	14	018
6247	23	2935	129
205	1	207	150
2836	9	2705	122
2021	6	405	091
771	1	629	020
2153	6	30	113
478	1	444	126
1592	6	2145	149
2696	9	2476	103
3718	14	3762	033
2021	6	171	151
1871	12	2155	041
3217	12	28	018
2119	6	2045	071
3064	23	12505	082
734	15	4977	041
3064	23	12505	068
284	6	2008	056
396	6	30	005
2102	6	2040	101
381	1	405	104
2693	17	5949	153
258	1	259	056
2153	6	30	119
1958	6	2009	114
2663	17	5818	131
822	1	416	079
3231	12	29	066
3205	17	6700	142
2143	6	2045	000
810	1	416	054
3190	12	2084	039
446	1	405	088
2026	6	30	017
284	6	285	006
3189	12	2040	121
6006	17	5818	119
2785	9	2520	115
3206	14	3426	086
100	6	30	119
7789	23	12532	024
3130	14	3437	129
1644	1	207	071
205	6	30	127
2127	6	171	123
2140	6	2008	042
2501	10	2935	155
480	15	4990	091
2168	6	173	026
3106	11	3087	099
3217	12	28	032
734	15	4977	064
711	1	28	014
228	1	229	055
8779	23	2989	043
69	1	74	154
2903	11	3089	054
197	1	189	065
25	6	29	156
1947	6	173	015
2069	6	2018	086
44	5	25	103
100	6	30	113
2035	6	2009	113
2102	6	2040	155
2068	6	173	053
406	1	408	062
2121	6	171	153
205	15	4990	155
5252	15	5088	141
88	6	30	028
2615	9	2476	127
2102	6	2040	116
2909	9	2593	126
261	1	263	009
1592	6	30	118
2020	6	2009	102
509	15	4977	146
380	6	29	142
812	1	416	088
2696	9	2476	091
3053	23	12505	036
303	1	416	049
2539	9	2482	093
1976	6	2040	140
610	1	416	124
613	1	416	080
659	1	341	031
205	1	207	127
2140	6	2018	144
800	1	416	051
2138	6	2045	015
1941	6	2009	108
12528	23	12532	004
1363	1	119	149
198	1	189	131
711	1	28	067
3434	14	3437	152
1547	6	29	152
2909	9	2593	062
428	6	171	153
3216	12	2155	116
1930	15	4977	048
2126	6	2008	042
381	1	405	154
742	15	4990	141
8779	23	2989	022
2006	6	29	088
588	6	589	152
509	15	4977	033
3206	14	3426	085
473	6	2040	091
100	6	30	007
2144	6	2087	154
6247	23	12509	065
2113	6	29	004
2539	9	2540	069
399	1	402	137
2539	9	2482	143
142	6	30	050
810	1	416	051
3189	12	2040	155
659	1	341	013
2909	9	2720	055
2909	9	2720	019
396	6	29	160
1429	6	30	039
598	6	30	129
2003	6	30	072
396	6	29	142
6414	23	2935	129
2030	6	2009	124
2729	23	2966	013
2003	6	30	092
2121	6	171	155
2592	9	2593	101
428	15	5024	136
3237	12	117	000
6726	23	2966	089
2867	9	2588	118
2663	9	2588	161
1644	1	207	005
2073	6	2008	048
3101	11	3102	135
205	1	207	046
598	6	30	074
169	6	402	145
597	15	5088	038
3434	14	3437	149
771	1	629	038
1429	6	2027	134
478	1	444	081
3130	14	3437	126
2142	6	2045	000
2020	6	2009	081
2068	6	173	060
1961	6	2009	101
6414	23	2935	146
7847	23	2966	040
675	15	5120	131
3205	20	6012	146
1958	6	2061	020
2102	6	2008	030
2071	6	30	103
2119	6	2045	085
1592	6	30	048
822	1	416	062
2903	11	3089	071
1429	6	30	040
702	1	28	108
211	1	189	155
2102	6	2082	075
845	1	28	124
702	1	28	029
3219	12	2027	086
3200	12	2055	120
7024	17	5816	085
2003	6	30	047
228	6	229	078
509	15	4977	007
3144	23	12529	160
1912	6	2179	019
2903	11	3089	000
610	1	416	082
2589	9	2517	125
380	6	30	129
2065	6	2040	105
198	1	189	089
2116	6	2070	079
2909	9	2593	130
509	15	4977	050
812	1	416	102
228	6	229	038
2845	14	3956	116
8939	20	6706	150
198	1	189	097
2105	6	30	119
2102	6	2040	112
2903	12	170	140
2138	6	2008	020
8301	23	3060	026
4568	23	2946	027
2101	6	2040	157
771	6	28	131
771	6	30	080
3216	12	2155	072
197	1	189	057
2169	6	29	038
2030	6	2008	078
4885	17	8813	128
1939	15	5024	157
2047	6	171	017
2069	6	2018	127
1841	23	2997	151
1947	6	173	054
480	15	4990	005
675	15	4990	001
6247	23	2935	043
734	15	4977	002
6414	23	2935	076
702	1	28	043
1976	6	2040	085
205	15	4990	158
3053	23	12505	010
6414	23	2935	027
415	1	416	079
25	6	30	128
406	1	408	059
2809	17	5816	161
3216	12	2155	038
198	1	189	021
8957	23	2922	065
702	1	28	018
6414	23	2935	085
822	1	416	141
3130	14	3437	122
3205	20	6012	150
172	1	402	016
2119	6	2120	138
2135	6	2009	126
2903	11	3089	046
380	6	30	045
415	1	416	012
1133	6	30	012
1931	6	116	060
211	1	189	014
2836	17	5818	143
1975	6	2009	088
415	1	416	116
629	1	30	095
759	1	28	043
28	9	29	146
2917	9	2593	121
2809	17	5816	118
2105	6	30	059
6414	23	2935	057
2909	9	2720	033
197	1	189	092
3216	12	2155	128
1592	6	30	066
284	6	2040	146
12528	23	12532	036
55	6	29	143
113	6	29	151
2101	6	285	009
846	1	397	030
6247	23	2935	075
3193	12	2155	116
3888	14	3495	026
2729	23	2966	025
3143	11	3087	146
2867	9	2588	129
810	1	416	153
2845	10	2977	131
195	1	189	116
443	1	416	128
211	1	189	052
4723	14	3496	005
2121	6	405	092
3217	12	28	084
6247	23	12509	058
2125	6	2009	082
473	6	2082	065
44	1	46	134
446	1	259	043
2663	17	6190	149
415	1	416	029
2867	9	2517	142
197	1	189	157
1912	15	5024	153
3192	12	2155	058
2539	9	2540	149
205	1	207	009
2020	6	2009	104
169	6	405	130
3197	12	2055	156
6414	23	2935	004
1910	14	3956	152
2984	10	2946	153
2130	6	2009	127
3064	23	12505	054
1133	6	592	159
2644	9	2593	064
2909	9	2720	060
11580	22	9538	160
172	1	402	130
968	1	408	126
2021	6	405	114
734	15	4977	145
800	1	416	032
597	15	5088	073
292	1	120	010
759	1	28	042
2101	6	2040	102
759	1	28	034
2126	6	2008	081
711	1	28	118
4613	14	4132	034
1912	6	2052	026
2539	9	2540	060
178	1	179	050
675	15	5120	158
4568	23	2946	159
675	6	405	107
55	6	30	057
69	1	72	104
702	1	28	076
1525	6	29	065
2144	6	2009	090
3166	23	12532	027
113	6	30	029
2110	6	171	147
6247	23	12509	138
205	1	207	103
2101	6	2040	098
2809	17	5817	132
2026	6	2111	131
1976	6	2040	103
19	6	2009	081
613	1	416	036
2809	17	5817	144
3113	11	3102	131
6168	17	5817	157
100	6	29	157
6726	23	2966	110
796	15	4990	034
363	1	364	156
1958	6	2061	009
1947	6	2027	158
2945	14	4034	138
1429	6	30	117
4940	14	3427	136
69	1	74	146
2945	14	4034	135
211	1	189	096
443	1	416	035
2142	6	2009	104
3216	12	2155	099
2615	9	2593	144
6247	23	2935	120
28	6	29	147
765	6	30	071
2071	6	30	089
3193	12	2155	138
728	1	405	026
765	6	29	144
2644	9	2593	038
4659	14	3793	079
212	1	189	002
1975	6	625	160
2539	9	2540	109
2169	6	29	049
2845	10	2977	120
675	15	4990	042
734	15	4977	121
3209	12	30	018
6247	23	12509	054
831	1	416	122
675	15	4990	103
215	1	189	077
1931	6	115	142
292	1	120	140
3101	11	3102	107
2101	6	285	008
1958	6	2061	003
3434	14	3437	154
771	1	629	014
810	1	416	149
212	1	189	064
1133	6	30	040
3218	12	2018	129
3206	12	2082	018
197	1	189	093
2909	9	2720	116
228	6	229	083
1961	6	2008	069
2587	9	2588	081
636	1	172	069
2119	6	2120	128
2773	9	2517	122
607	15	4990	160
1956	6	2009	121
630	6	29	151
1961	6	2027	132
2126	6	2066	160
380	6	30	097
6414	23	2935	002
172	1	402	012
675	6	171	148
2135	6	2045	009
2615	9	2476	116
19	6	2044	145
25	6	30	047
1592	6	30	070
478	1	444	029
2696	9	2476	084
598	6	30	064
172	1	402	019
88	6	30	086
19	6	2009	125
380	6	28	136
2587	9	2588	154
2962	10	2963	113
2696	9	2476	106
613	1	416	070
473	1	416	052
675	6	405	103
2909	9	2593	140
380	6	30	082
303	1	416	079
3206	12	2120	123
44	6	30	090
205	15	4990	002
578	1	28	150
169	6	173	008
3205	12	2055	153
765	6	30	090
2615	9	2476	147
2644	10	2924	047
100	6	30	072
2142	6	2045	010
2917	10	2942	143
17	1	1561	025
2916	9	2517	143
2057	6	173	085
1393	6	29	160
3237	12	116	099
2068	6	173	072
228	1	229	077
2693	12	28	087
2729	23	2966	135
2809	17	5817	108
3166	23	12532	044
406	1	408	073
1567	1	591	153
7847	23	2966	103
765	6	29	143
4884	14	3495	063
3053	23	12505	150
178	1	179	009
1871	12	170	131
2020	6	2018	143
100	6	30	005
2693	12	28	124
260	1	189	044
55	6	30	101
2068	6	405	123
2729	23	2966	099
4940	14	3426	135
1429	6	30	083
796	15	4990	151
3206	12	2082	020
2073	6	2009	095
2587	9	2476	130
446	1	171	155
2065	6	2040	068
2729	23	2966	005
2071	6	30	072
6726	23	2966	158
3053	23	12505	014
728	1	405	102
142	6	30	120
822	1	416	064
8708	23	12505	132
5168	15	5088	124
3237	12	117	011
2069	6	1561	019
2026	6	30	091
846	1	397	148
2101	6	285	007
3209	12	30	012
2065	6	2040	002
480	15	5067	112
3187	23	12518	076
2587	9	2476	128
2867	9	2517	102
8779	23	2989	100
2153	6	2029	004
478	1	444	118
588	6	589	134
3144	17	6601	159
198	1	189	140
3113	11	3102	105
3231	12	29	059
3064	23	12505	063
480	15	4990	151
2808	9	2517	136
822	1	416	132
17	1	18	056
3064	23	12505	088
2059	6	2018	136
675	6	2052	022
25	15	4990	102
44	5	25	099
19	6	2008	047
2845	10	2977	145
796	15	4990	068
2867	9	2517	134
771	1	629	033
10636	22	10030	144
509	15	4977	067
832	1	416	038
2119	6	2008	059
2811	9	2517	116
8957	23	2922	008
1525	6	29	151
3090	11	3087	159
811	1	416	003
1871	12	2155	073
1975	6	2008	059
2021	6	402	141
428	6	405	106
2583	9	2476	122
2126	6	625	146
3166	23	12532	141
3106	11	3087	147
832	1	416	070
44	5	25	067
1958	6	2061	017
2909	9	2720	087
3053	23	12505	065
810	1	416	056
3231	12	29	017
2836	9	2705	072
118	1	119	157
3064	23	12505	139
2138	6	2009	120
1959	6	2008	022
1947	6	173	064
2119	6	2008	028
178	6	116	023
260	1	189	019
771	1	629	100
215	1	189	108
2003	6	2019	148
12	1	14	053
88	6	29	158
3218	12	2018	099
831	1	416	033
480	15	4990	130
2144	6	2018	144
3166	23	12532	022
2615	9	2476	136
2008	9	259	046
2587	9	2476	049
597	15	5088	011
1958	6	2061	057
292	1	120	132
2126	6	2008	076
2101	6	2008	066
3053	23	12505	123
2729	23	2966	009
1970	6	2040	128
2984	10	2946	067
415	1	416	043
381	6	405	102
2984	10	2946	138
3053	23	12505	096
1851	10	2997	149
3144	23	12529	157
584	6	259	048
3814	20	6012	153
1644	1	207	061
630	6	30	032
2168	6	173	041
2125	6	2009	090
3206	12	2120	097
2140	6	2045	010
1941	6	2008	022
5505	22	9538	161
2130	6	2008	056
818	1	416	014
2026	6	2027	133
720	1	28	129
2047	6	171	115
728	1	405	074
12528	23	12532	158
198	1	189	091
3219	12	2027	006
3206	12	2120	155
303	1	416	036
771	6	29	153
771	6	29	149
2071	6	30	107
2142	6	2008	072
3216	12	2155	083
2073	6	2009	104
44	1	46	133
759	1	28	123
2026	6	30	075
431	1	189	088
100	6	30	031
728	1	405	067
25	6	30	053
188	1	189	104
6247	23	2935	095
213	1	189	069
364	1	28	158
3225	23	2989	028
2845	14	3956	104
7146	23	12532	098
2127	6	171	050
711	1	28	134
399	1	405	110
818	1	416	042
2069	6	1561	031
2587	9	2476	133
728	1	259	035
6414	23	2935	014
284	6	2040	151
2127	6	171	054
2144	6	2018	142
702	1	28	155
2057	6	173	041
3225	12	2155	133
2729	23	2966	043
597	15	5088	160
584	6	405	093
2130	6	2027	133
2909	9	2720	085
473	1	416	155
44	5	25	028
588	6	30	011
292	1	120	146
3839	14	3495	041
659	1	341	024
2587	9	2588	072
69	1	72	122
8301	23	3060	116
4890	14	3785	052
509	15	4977	144
8475	17	6242	102
810	1	416	114
473	6	2040	136
284	6	2008	018
198	1	189	113
25	15	5024	104
1931	6	115	137
1133	15	4990	078
659	1	341	143
2116	6	2061	032
446	1	259	072
811	1	416	144
2539	9	2482	161
818	1	416	035
2135	6	2045	007
818	1	416	148
19	6	2008	077
3211	12	2120	131
831	1	416	002
2153	6	30	063
2822	14	3475	122
720	1	28	072
720	1	28	099
2729	23	2935	120
2073	6	2008	043
598	6	30	016
2822	14	3475	124
2059	6	2060	103
88	6	30	106
1931	6	116	128
968	1	408	136
765	6	30	026
100	6	30	025
2785	9	2593	108
2047	6	171	103
2903	11	3089	153
169	1	173	018
2153	6	30	047
659	1	341	016
1961	6	2027	148
44	6	30	008
2785	9	2593	152
3225	23	2989	124
55	6	30	040
3113	14	3793	044
1975	6	2009	093
25	15	4990	143
702	6	28	033
17	1	18	099
2157	6	2120	139
2909	9	2720	084
55	6	29	159
2026	6	30	021
831	1	416	064
8301	23	3060	097
473	1	416	045
7847	23	2966	070
6247	23	2935	087
6726	23	2966	112
1922	6	2018	101
2113	6	29	094
3036	14	3922	062
734	15	4977	007
2003	6	30	069
7447	20	6780	156
2917	10	2942	108
2809	17	5818	161
196	1	189	066
1947	6	173	061
4940	14	4363	130
2127	6	171	117
1363	1	27	062
178	6	116	015
399	6	171	159
2069	6	1561	051
3237	12	116	128
1956	6	2008	060
630	6	30	076
1871	12	2155	096
213	1	189	149
69	1	72	045
2729	23	2966	016
1961	6	2027	150
1961	6	2008	021
3225	23	2989	001
2945	10	2946	104
2592	9	2593	154
2693	14	3468	140
845	1	28	072
3225	23	2938	082
2867	9	2517	144
1970	6	2084	009
720	1	28	023
7789	23	12532	036
1931	6	116	031
480	15	4990	100
2156	6	30	068
2071	6	30	006
831	1	416	045
1956	6	2045	013
2909	9	2593	061
1133	15	4990	156
415	1	416	049
2916	9	2517	140
3166	23	12532	015
1429	6	30	081
100	6	30	108
25	6	30	113
3718	14	3719	030
2917	9	2593	146
2073	6	2009	113
415	1	416	031
3218	12	2018	146
8957	23	2922	080
2026	6	30	030
3206	12	2082	043
2808	9	2517	134
480	15	4990	105
172	1	171	147
1961	6	2009	117
178	6	116	035
629	1	30	000
2006	6	29	123
44	5	25	132
211	1	189	066
205	6	2038	016
1871	12	2155	112
818	1	416	058
4568	23	2946	158
2592	9	2593	128
2693	12	28	105
630	6	29	150
8779	23	2989	107
2101	6	285	003
1931	6	116	127
446	1	405	086
968	1	408	004
196	1	189	049
2068	6	173	084
205	15	4990	090
811	1	416	014
2127	6	171	032
2065	6	2040	013
1133	15	4990	023
2729	23	2935	133
6247	23	12509	119
3143	11	3087	089
3189	12	2040	159
1959	6	2009	129
3218	12	2018	033
3225	23	2938	090
1976	6	2040	139
2105	6	30	115
1133	15	4990	155
44	6	30	123
2101	6	2040	144
2729	23	2966	096
1947	6	173	041
3053	23	12505	153
610	1	416	027
1958	6	2061	029
3231	12	29	042
2105	6	30	070
810	1	416	161
629	1	30	090
2693	12	28	074
215	1	189	002
734	15	4977	004
2127	6	171	152
47	6	30	128
742	15	4990	105
720	1	28	133
2071	6	29	150
2047	6	171	066
142	6	2044	148
88	6	30	049
2074	6	2075	075
3106	11	3087	012
1970	6	2040	116
3577	14	3437	159
771	1	629	079
846	1	397	014
831	1	416	153
3225	23	2938	039
3209	12	30	008
2071	6	30	126
1922	6	2061	021
2615	9	2517	145
6247	23	12509	138
380	6	30	021
846	1	397	072
630	6	30	022
2644	9	2593	093
381	6	405	031
2589	9	2517	126
702	6	28	049
2030	6	2008	030
765	6	30	086
428	15	5024	119
6726	23	2966	001
2105	6	30	055
2015	6	115	150
2693	20	6012	159
3577	14	3437	109
1644	15	5088	152
292	1	120	123
3206	12	2082	056
822	1	416	143
169	6	405	086
794	1	478	134
1592	6	30	023
1363	1	27	045
2808	10	2924	077
2809	9	2705	122
1893	12	2155	160
172	1	402	025
636	1	172	030
630	6	29	159
2138	6	2009	081
2916	9	2517	155
12528	23	12532	062
3187	23	12518	154
629	1	28	144
3216	12	2155	029
2539	9	2540	157
659	1	341	030
3237	12	116	055
428	6	402	147
2909	9	2720	160
212	1	189	080
3025	10	3026	086
2003	6	2019	154
1525	6	29	018
2142	6	2009	124
3508	14	3509	160
2021	6	405	120
734	15	4977	028
1502	1	416	010
1912	15	5024	120
1959	6	2008	035
480	15	5067	109
44	1	46	140
636	1	172	097
1593	1	1594	136
195	1	189	132
100	6	30	038
3219	12	2027	105
613	1	416	058
2663	17	5818	141
1133	6	30	069
196	1	189	144
2909	9	2593	117
25	6	30	038
172	15	5043	151
1959	6	2009	113
3034	14	3956	152
7146	23	12532	081
7789	23	12532	048
794	1	478	107
69	1	72	136
69	1	72	013
588	6	30	077
446	1	171	158
17	6	30	097
734	15	4977	148
1592	6	30	091
720	1	28	107
2140	6	2009	127
2144	6	2009	085
1363	1	27	076
800	1	416	038
396	6	30	053
2065	6	2040	112
3866	14	3487	066
1930	15	4977	000
303	1	416	069
1930	15	4977	033
205	6	2038	017
188	1	189	128
2809	17	5935	159
113	6	30	040
47	6	30	106
205	15	4990	145
607	15	4990	088
4568	23	2946	096
473	1	416	095
1999	15	5024	157
2845	14	3956	144
2845	10	2977	153
7847	23	2966	105
3197	12	2055	144
267	6	29	157
759	1	28	097
2119	6	2055	012
213	1	189	005
17	6	30	041
2030	6	2045	002
675	15	5120	081
2867	9	2588	135
1959	6	2009	124
213	1	189	137
8957	23	2922	029
2153	6	2029	008
2069	6	2018	081
2116	6	2018	085
728	1	259	056
428	6	2055	018
1912	6	405	111
3106	11	3087	032
228	6	229	034
2125	6	2009	097
25	15	5024	053
2773	9	2517	150
415	1	416	089
195	1	189	092
3577	14	3437	075
6167	17	5817	140
845	1	28	080
228	1	229	061
1592	6	2145	143
5308	15	5088	096
2945	10	2946	108
3166	23	12532	095
196	1	189	161
675	15	4990	139
3216	12	2155	017
6885	17	5896	146
2003	6	30	095
2030	6	2008	029
3206	12	2082	029
1930	15	4977	086
4899	14	3623	151
2917	10	2942	065
2105	6	30	016
845	1	28	074
2047	6	171	117
7847	23	2966	021
188	1	189	159
1525	6	29	109
2105	6	30	101
1976	6	2040	135
196	1	189	037
205	15	4990	013
2587	9	2476	117
1959	6	2008	051
8301	23	3060	131
6247	23	12509	143
284	6	2040	120
2157	6	2120	113
728	1	405	125
2069	6	2018	150
25	6	30	103
2785	9	2520	145
6247	23	2935	048
446	1	259	062
1592	6	30	082
213	1	189	111
284	6	2008	035
1941	6	2009	116
431	1	189	118
25	6	30	028
1941	6	2045	005
2785	9	2593	099
2156	6	30	059
2074	6	405	117
3866	14	3487	106
2693	12	28	086
3053	23	12505	121
3053	23	12505	033
597	15	5088	158
2644	9	2593	055
55	6	29	146
1860	9	2517	158
3166	23	12532	020
2006	6	29	000
195	1	189	020
211	1	189	019
215	1	189	141
3166	23	12532	105
1959	6	2009	131
2909	9	2720	145
212	1	189	094
759	1	28	074
2809	17	5817	110
1956	6	2008	066
3206	12	2120	158
2809	9	2705	120
2105	6	30	066
2030	6	2009	093
771	6	29	143
428	15	5024	146
2121	6	171	152
1930	15	4977	063
28	6	29	149
3190	12	2120	130
25	15	5024	154
2822	14	3475	145
478	1	444	129
6247	23	2935	090
2693	12	28	070
446	1	259	068
7789	23	12532	098
3189	12	2040	147
215	1	189	142
2074	6	2075	073
1930	15	4977	111
406	1	408	032
25	15	5024	101
2030	6	2009	090
2587	9	2588	114
728	1	405	036
7146	23	12532	048
811	1	416	016
2144	6	2009	096
1429	6	2027	137
2099	9	2486	161
197	1	189	122
2130	6	2009	087
2006	6	29	144
597	15	5088	133
1502	1	416	129
2101	6	2008	077
1961	6	2045	015
2696	9	2476	065
2729	23	2935	092
44	5	25	106
2729	23	2935	013
2773	14	3641	098
588	6	30	093
2822	17	7129	118
431	1	189	039
9295	20	6012	123
2845	10	2977	108
6247	23	12509	104
2068	6	173	046
2130	6	2009	110
1592	6	2145	147
2003	6	30	104
845	1	28	075
3053	23	12505	144
2729	23	2935	034
1871	12	2155	017
3211	12	2082	069
588	1	589	149
228	1	229	017
205	6	2019	161
3064	23	12505	131
284	6	2040	140
1941	6	2008	031
720	1	28	076
8957	23	2922	119
7789	23	12532	075
2101	6	2040	151
1959	6	2009	094
2984	10	2946	088
1941	6	2009	110
198	1	189	155
1941	6	2044	142
2140	6	2018	132
55	6	30	026
1860	4	1829	083
1922	6	2018	133
142	6	2044	140
381	6	405	132
8708	23	12505	128
44	5	25	030
2116	6	2061	002
17	6	2044	153
810	1	416	033
3032	23	3060	050
2102	6	2040	078
399	1	171	152
7847	23	2966	066
428	6	405	132
2071	6	29	136
1947	6	405	120
2809	9	2705	145
178	1	179	101
2911	10	2720	130
196	1	189	033
1970	6	2040	137
2539	9	2482	090
2101	6	2040	126
2836	9	2705	073
7382	17	7383	111
588	6	30	058
1644	1	207	048
2178	6	2027	161
2903	11	3089	034
142	6	30	080
2909	9	2593	123
7146	23	12532	029
629	1	30	088
428	15	5024	150
1429	6	30	046
1910	14	3956	130
4885	17	8813	085
2729	23	2935	068
3064	23	12505	047
2539	9	2482	074
2119	6	2120	089
1970	6	2055	024
2909	9	2593	067
258	1	259	072
2785	9	2520	134
2153	6	30	084
2583	9	2476	134
1593	1	1594	035
205	1	207	148
2116	6	2018	104
2130	6	2045	010
811	1	416	041
211	1	189	075
473	1	416	129
473	6	2040	102
2153	6	2027	135
2693	12	28	133
2917	10	2942	127
3225	12	2155	145
2003	6	30	045
178	6	116	019
473	1	416	071
2069	6	1561	053
2020	6	2018	142
702	1	28	119
2903	11	3089	152
215	1	189	155
10636	22	9538	138
3833	14	3496	058
1930	15	4977	073
3189	12	2040	011
25	6	30	023
28	6	29	157
17	1	1561	002
2074	6	405	095
6414	23	2935	079
812	1	416	018
195	1	189	023
659	1	341	150
7789	23	12532	047
2587	9	2588	080
1958	6	2009	130
3190	12	2084	022
178	6	116	090
811	1	416	049
3113	11	3102	146
734	15	4977	144
2113	6	29	120
597	15	5088	161
1841	23	2997	158
3143	11	3087	001
2168	6	173	017
197	1	189	110
2589	9	2517	124
380	6	30	030
1947	6	173	035
284	1	189	158
2903	11	3089	052
1912	6	405	115
659	1	341	073
1841	23	2997	145
2006	6	29	002
2003	6	30	110
5308	15	5088	137
2663	17	5817	150
818	1	416	045
597	15	5088	095
3187	23	12518	113
2729	23	2966	124
1947	6	173	030
2903	12	170	157
771	6	30	037
4723	14	3496	006
8301	23	3060	135
1644	1	207	129
205	15	4990	133
2121	6	405	114
478	1	444	153
195	1	189	096
811	1	416	005
205	1	207	036
3209	12	30	095
3106	11	3087	024
1910	14	3956	134
3211	12	2082	011
2142	6	2008	069
1958	6	2009	099
831	1	416	019
3231	12	29	143
578	1	28	082
702	1	28	027
473	6	2040	092
1941	6	2008	024
2539	9	2540	147
2138	6	2009	111
2059	6	2061	025
195	1	189	021
588	6	30	102
1567	1	590	138
2729	23	2935	071
44	5	25	046
1133	15	4990	154
2539	9	2482	061
4613	14	3847	027
2113	6	29	090
2168	6	173	047
2030	6	2009	119
2119	6	2055	011
9348	20	6012	115
8333	17	6005	031
3193	12	115	141
2113	6	29	002
1922	6	2061	053
2168	6	173	028
7789	23	12532	067
2168	6	173	004
2006	6	29	155
2071	6	30	036
3090	17	7697	157
1871	12	2155	070
2903	12	170	150
2785	9	2593	100
2809	17	5817	143
509	15	4977	114
211	1	189	043
196	1	189	096
88	6	30	061
3219	12	2027	010
199	1	189	122
6247	23	2935	075
2030	6	2008	064
478	1	444	125
12528	23	12532	083
178	6	116	065
260	1	189	146
100	6	28	136
4568	23	2946	151
2903	11	3089	033
2153	6	30	029
4891	17	8432	157
3166	23	12532	056
759	1	28	079
2020	6	2008	070
88	6	30	056
794	1	478	140
1930	15	4977	004
3178	11	3087	143
284	6	2040	092
3206	12	2082	068
1947	6	173	007
8957	23	2922	015
25	15	4990	024
702	1	28	091
25	15	4990	045
3106	11	3087	126
2169	6	29	060
1922	6	2018	098
2059	6	2060	094
6726	23	2966	046
702	1	28	112
10636	22	2157	142
88	6	30	059
2587	9	2588	059
3063	10	2924	152
1958	6	2061	048
1922	6	2061	069
12	1	14	087
415	1	416	142
8957	23	2922	044
759	1	28	089
2836	9	2705	048
1941	6	2044	135
6414	23	2935	014
1133	6	30	118
3231	12	29	064
228	1	229	018
2539	9	2540	067
4885	17	8813	051
169	6	173	000
4885	17	8813	105
3064	23	12505	118
2065	6	2040	082
2615	9	2476	100
4568	23	2946	057
818	1	416	141
446	1	171	157
2026	6	2027	153
2909	9	2720	111
199	1	189	078
711	1	28	068
1912	6	402	147
3113	11	3102	052
443	1	416	100
284	6	2008	078
399	1	405	105
759	1	28	022
4899	14	3623	146
812	1	416	059
12	1	14	068
2945	14	4034	153
2644	9	2593	142
381	1	405	092
212	1	189	122
55	6	30	117
3166	23	12532	037
195	1	189	075
2033	6	29	146
2539	9	2482	151
3170	17	6308	146
443	1	416	120
1860	9	2517	123
2020	6	2018	149
2101	6	2008	052
801	15	5088	140
2006	6	29	007
2169	6	29	080
1947	6	173	075
1970	6	2084	013
509	15	4977	134
2126	6	2008	064
3624	14	3437	160
659	1	341	068
6247	23	2935	028
2003	6	30	081
675	6	171	155
44	5	25	037
2020	6	2018	148
2142	6	2008	023
636	1	172	008
428	15	5024	122
2119	6	2045	117
509	15	4977	071
212	1	189	148
406	1	408	060
5308	15	5088	097
12	1	14	129
3577	14	3437	132
381	1	405	091
659	1	341	091
88	6	29	136
1525	6	29	142
188	1	189	080
610	1	416	054
675	1	320	123
3189	12	2040	127
811	1	416	002
12	1	14	019
399	15	5043	153
3143	11	3087	143
822	1	416	033
2539	9	2482	103
6247	23	2935	061
4613	14	4132	031
659	1	341	038
2047	6	171	035
2102	6	2040	144
3888	14	3719	016
396	6	30	110
199	1	189	064
1841	23	2997	100
478	1	444	040
2006	6	29	008
818	1	416	037
2916	9	2517	125
3237	12	116	031
675	6	171	158
1947	6	2027	136
2809	17	5935	118
2135	6	2009	114
584	6	259	079
2615	9	2517	098
178	6	116	045
831	1	416	096
488	1	28	132
2055	9	2486	159
509	6	30	117
2059	6	2018	148
2119	6	2045	101
1429	6	30	112
771	6	30	032
1959	6	2009	112
199	1	189	005
2142	6	2009	092
3064	23	12505	021
2688	9	2517	102
6414	23	2935	115
3193	12	2155	073
446	1	405	121
762	1	28	152
444	1	405	116
3113	11	3102	074
2008	9	259	078
702	6	28	043
205	6	30	131
198	1	189	115
6006	17	5818	110
3204	12	170	155
3217	12	28	126
2945	14	4034	154
3187	12	2055	157
2909	9	2720	113
12528	23	12532	154
2979	10	2924	124
2119	6	2040	161
702	1	28	160
3225	23	2989	021
2126	6	2045	017
473	6	2082	048
380	6	30	121
702	6	28	019
1910	14	3956	150
1502	1	416	142
2126	6	2009	123
3193	12	2155	039
846	1	397	010
597	15	5088	108
1133	15	4990	104
734	15	4977	036
630	6	30	102
3231	12	29	106
9264	20	6706	124
3206	12	2082	014
6006	17	5818	116
6414	23	2935	067
8779	23	2989	083
1893	12	2155	159
3225	23	2938	127
113	6	30	128
2592	9	2593	124
205	1	207	132
2102	6	2040	091
846	1	845	153
6247	23	2935	002
2135	6	2008	072
2539	9	2540	111
8473	20	5762	161
3225	23	2989	109
2836	17	5818	133
2729	23	2966	081
2065	6	2040	091
3192	12	2155	054
2153	6	30	032
1644	1	207	093
629	1	30	039
728	1	259	049
3888	14	3495	023
1644	1	207	007
228	1	229	030
6414	23	2935	066
443	1	416	106
2140	6	2009	091
1363	1	27	011
629	1	30	065
2168	6	173	053
1975	6	625	155
3217	12	28	113
2059	6	2060	095
845	1	28	050
659	1	341	155
2142	6	2008	048
1429	6	2027	142
2168	6	173	012
211	1	189	122
1930	15	4977	023
2539	9	2482	132
3713	14	3715	043
2121	6	405	121
1930	15	4977	145
3216	12	2155	098
488	1	30	088
5308	15	5088	150
1363	1	27	090
2135	6	2008	073
396	6	30	050
2587	9	2588	105
8779	23	2989	089
2867	9	2588	126
480	15	5067	102
6726	23	2966	023
1930	15	4977	094
205	1	207	005
2140	6	2008	081
2917	10	2942	128
659	1	341	103
6414	23	2935	008
578	1	28	078
2809	17	5816	158
2068	6	405	098
4568	23	2946	020
188	1	189	000
584	6	259	063
2785	9	2593	088
3090	17	5947	159
2693	11	3087	160
702	6	28	124
6247	23	2935	088
1931	6	116	040
2836	9	2705	095
810	1	416	130
3206	12	2120	081
1930	15	4977	072
1133	6	30	110
6414	23	2935	062
2071	6	30	099
711	1	28	069
4885	17	8813	130
1841	23	2997	147
6247	23	12509	015
2693	12	28	099
1970	6	2040	100
292	1	120	045
25	15	5024	148
1956	6	285	001
1922	6	2061	020
6247	23	12509	123
473	6	2040	123
2719	9	2720	155
1889	23	2922	159
2059	6	2018	147
2003	6	30	032
3219	12	2027	132
205	6	2038	010
2729	23	2935	105
228	6	2040	144
702	6	28	155
2773	9	2517	143
2729	23	2966	120
796	15	4990	091
431	1	189	000
446	1	259	074
2785	9	2593	145
47	6	30	102
443	1	416	080
3211	12	2120	159
25	15	4990	051
4933	14	3507	131
406	1	408	050
2298	12	2155	145
1133	15	4990	109
2693	11	3087	133
3225	23	2989	114
6247	23	2935	154
3211	12	2120	125
702	1	28	151
728	1	405	033
113	6	30	016
711	1	28	044
3141	17	5949	159
169	1	173	108
2073	6	2009	112
1970	6	2040	094
3206	12	2120	105
3064	23	12505	135
1592	6	30	104
6414	23	2935	004
771	6	29	147
2168	6	173	064
2101	6	2040	094
3219	12	2027	012
2130	6	2045	012
1363	1	27	136
1592	6	30	088
169	1	173	131
597	15	5088	107
488	1	28	140
968	1	408	011
818	1	416	074
380	1	1363	148
1970	6	2084	029
800	1	416	010
3218	12	2018	138
845	1	28	037
8767	20	7092	141
446	1	259	054
3143	11	3087	109
1894	23	2920	105
1363	1	27	035
3187	23	12518	087
415	1	416	083
2071	6	30	109
1593	1	1594	126
2168	6	170	159
188	1	189	151
1502	1	416	113
2074	6	2075	042
2135	6	2045	014
2102	6	2008	068
3217	12	28	123
8957	23	2922	087
1922	6	2061	011
2663	17	5818	118
3755	14	3495	136
212	1	189	025
303	1	416	072
44	6	30	041
1133	15	4990	130
2696	9	2476	058
205	6	2019	148
2903	11	3089	063
1959	6	2009	082
25	15	4990	087
3197	12	2055	141
3217	12	28	135
1871	12	2155	005
2119	6	2045	154
598	6	2019	145
2102	6	2040	143
584	1	259	043
2845	10	2977	149
2127	6	171	048
2113	6	29	131
2068	6	2027	146
3186	12	2155	152
675	15	5120	099
2501	23	2920	123
6414	23	2935	081
2127	6	171	094
17	6	30	122
213	1	189	065
169	6	173	010
2071	6	29	153
199	1	189	065
3187	12	2055	145
381	6	405	096
2945	14	3623	132
6247	23	2935	063
2069	6	2018	094
831	1	416	147
509	15	4977	049
228	6	229	063
1894	23	2920	023
1593	1	1594	049
25	6	30	093
44	6	29	149
1592	6	30	117
2773	9	2517	144
2144	6	2009	108
796	15	4990	082
2785	9	2593	111
832	1	416	078
588	6	30	049
3237	12	116	138
812	1	416	108
5252	15	5088	149
1930	15	4977	092
2457	17	6706	161
801	15	5088	154
810	1	416	044
169	1	173	112
1871	12	2155	040
1593	1	1594	022
794	1	478	158
2909	9	2720	135
2808	9	2517	090
2836	9	2705	081
3197	12	2120	085
2979	10	2924	135
846	1	397	013
2047	6	171	080
734	15	4977	074
3106	11	3087	110
613	1	416	140
2127	6	2027	161
1593	1	1594	090
188	1	189	092
195	1	189	083
2592	9	2593	097
228	6	2040	118
3755	14	3495	160
2903	11	3089	143
1592	6	30	017
11693	22	2157	157
2135	6	2009	128
2121	6	2122	015
2130	6	2008	020
771	6	30	039
796	15	4990	083
1502	1	416	149
4568	23	2946	152
2116	6	2061	018
675	15	5120	085
5168	15	5088	154
3187	23	12518	090
3217	12	28	021
2615	9	2517	123
2169	6	29	120
2693	12	28	009
675	1	320	134
771	6	30	088
1961	6	2009	131
2015	6	117	003
6247	23	2935	107
3225	23	2938	100
2059	6	2061	029
1947	6	405	118
2003	6	30	038
3064	23	12505	019
2105	6	2027	144
675	15	5120	058
212	1	189	081
303	1	416	133
2785	9	2593	149
169	6	405	122
3209	12	30	057
211	1	189	134
771	6	30	061
2729	23	2935	005
509	15	4977	072
2984	10	2946	156
3218	12	2018	101
44	1	46	142
25	1	28	146
381	1	405	107
1975	6	2008	071
2587	9	2588	074
480	15	5067	082
9308	20	5762	155
2119	6	2045	086
69	1	72	006
4054	14	3623	120
3225	23	2938	109
1525	1	885	160
292	1	120	021
2135	6	2009	086
284	1	285	007
196	1	189	151
2693	11	3087	159
199	1	189	032
742	1	748	114
1502	1	416	019
3193	12	2155	130
2911	10	2720	082
3206	12	2082	008
734	15	4977	039
2845	9	2518	123
2663	9	2588	140
3225	23	2938	097
2121	6	2122	005
4568	23	2946	043
831	1	416	106
2836	9	2705	134
113	6	30	085
380	6	30	125
3178	11	3087	151
1976	6	229	036
1429	6	30	035
44	5	25	120
25	6	30	056
2693	12	28	118
228	6	229	072
2917	9	2593	056
702	1	28	053
213	1	189	093
25	15	4990	006
1593	1	1594	075
2059	6	2061	092
3888	14	3495	022
2644	10	2924	067
675	1	320	129
3189	12	2040	116
284	1	189	102
4054	14	3623	130
3197	12	2055	160
832	1	416	058
1976	6	2040	145
2660	9	2486	161
2729	23	2966	079
7024	17	5818	073
6247	23	12509	062
6247	23	12509	017
3219	12	2027	092
3187	23	12518	111
2917	10	2942	142
734	15	4977	010
2909	9	2720	130
2030	6	2032	134
771	1	629	138
812	1	416	150
199	1	189	067
2126	6	2008	026
6726	23	2966	017
6414	23	2935	111
2030	6	2008	049
195	1	189	052
44	5	25	034
113	6	30	065
720	1	28	131
3064	23	12505	026
2138	6	2008	021
198	1	189	126
258	1	259	040
2130	6	2009	119
215	1	189	124
2773	9	2517	140
406	1	408	089
2785	9	2593	109
2811	9	2517	093
172	1	402	118
8957	23	2922	138
800	1	416	126
6414	23	2935	009
734	15	4977	122
734	15	4977	021
380	6	30	062
832	1	416	027
1133	6	30	066
1912	6	405	125
198	1	189	099
2008	9	259	057
8301	23	3060	059
2022	6	2123	139
1893	12	2155	158
2168	6	173	029
2102	6	2040	148
205	6	30	079
431	1	189	060
610	1	416	136
2073	6	2009	123
4054	14	4056	102
7789	23	12532	121
431	1	189	031
3237	12	116	015
598	6	30	059
8301	23	3060	115
3225	23	2938	077
3231	12	29	063
4884	14	3495	065
2127	6	171	105
598	6	30	084
771	6	30	046
6247	23	2935	042
822	1	416	035
846	1	397	018
831	1	416	145
205	6	2038	020
6414	23	2935	095
205	1	207	014
213	1	189	146
2047	6	171	045
1547	6	29	154
4054	14	3623	095
1894	23	2920	026
303	1	416	083
845	1	28	106
2809	17	5935	119
2068	6	405	112
178	6	116	111
480	15	4990	120
197	1	189	124
771	6	30	057
1941	6	2009	089
446	1	405	097
197	1	189	085
100	6	29	151
1975	6	2008	044
480	15	4990	111
734	15	4977	103
205	15	4990	156
431	1	189	094
3237	12	117	005
702	6	28	008
2917	10	2942	133
1975	6	2008	064
3064	23	12505	148
675	15	4990	147
2693	11	3087	139
5168	15	5088	103
3216	12	2155	112
2903	11	3089	068
1931	6	116	071
832	1	416	040
636	1	172	142
2119	6	2120	111
5308	15	5088	083
172	1	402	099
292	1	120	129
675	15	5120	045
142	6	30	083
258	1	259	042
3577	14	3437	025
2006	6	29	135
2130	6	2009	092
1941	6	2009	119
1871	12	2155	122
3192	12	2155	064
473	1	416	124
8301	23	3060	078
771	6	30	111
2615	9	2593	121
2729	23	2935	047
2102	6	2040	104
3187	12	2055	144
2917	9	2593	156
381	1	405	089
1975	6	2009	111
1970	6	2040	120
2945	14	4034	130
2169	6	29	053
2135	6	2009	089
1871	12	2155	085
2822	14	3475	123
100	6	30	125
1931	6	116	076
3231	12	29	021
1363	1	27	106
636	1	172	034
4568	23	2946	161
1502	1	416	119
2113	6	29	062
9225	20	6706	142
3206	12	2082	047
801	15	5088	139
1975	6	2008	049
812	1	416	161
2688	9	2517	150
5252	15	5088	129
818	1	416	055
2116	6	2018	156
205	15	4990	024
169	6	405	091
473	6	2040	153
284	6	2040	104
88	6	30	085
178	1	179	052
142	6	30	075
3143	11	3087	002
2126	6	2045	001
1912	6	405	101
968	1	74	158
6414	23	2935	137
396	6	29	158
195	1	189	150
2156	6	30	076
1959	6	2008	060
3113	11	3102	154
1863	9	2518	150
2071	6	30	073
2836	9	2705	057
7146	23	12532	013
2615	9	2593	113
1959	6	2018	151
845	1	28	039
211	1	189	141
6414	23	2935	042
415	1	416	113
2006	6	29	137
675	15	5120	070
812	1	416	151
2867	9	2588	154
473	6	2040	158
3106	11	3087	000
8301	23	3060	120
3106	11	3087	022
818	1	416	127
6247	23	12509	006
284	6	2008	043
6247	23	12509	096
188	1	189	089
8779	23	2989	149
19	6	2008	037
195	1	189	043
25	6	30	067
2729	23	2966	151
178	6	116	064
728	1	405	110
6006	17	5818	068
3211	12	2082	024
629	1	28	145
211	1	189	113
3130	14	3544	153
1502	1	416	083
2006	6	29	050
629	1	30	007
212	1	189	017
796	15	4990	016
1947	6	2027	143
172	1	402	032
2140	6	2008	036
195	1	189	008
142	6	30	045
8779	23	2989	011
3218	12	2018	147
2916	9	2517	124
3166	23	12532	025
3186	12	2155	131
2138	6	2009	132
1644	1	207	036
1961	6	2008	070
100	6	28	135
3217	12	28	062
260	1	189	095
199	1	189	046
675	1	320	082
629	1	30	108
702	6	28	015
1871	12	170	146
2127	6	171	115
172	1	402	092
2909	9	2720	006
205	6	30	106
2116	6	2018	087
2003	6	30	079
205	15	4990	100
2539	9	2540	098
3209	12	30	062
7847	23	2966	093
215	1	189	088
742	1	748	136
509	6	30	062
406	1	408	122
1429	6	30	059
675	1	320	083
205	15	4990	070
44	1	46	154
199	1	189	117
1133	6	30	029
702	6	28	013
25	15	4990	081
431	1	189	102
800	1	416	018
2903	12	170	138
1959	6	2008	024
3187	23	12518	149
3187	23	12518	110
1975	6	2008	060
3032	17	5912	101
2183	9	2486	161
2729	23	2966	152
1841	23	2997	090
406	1	408	054
2773	14	3636	086
1976	6	2040	134
3225	23	2938	052
4568	23	2946	045
2903	11	3089	020
228	6	229	001
2101	6	2040	161
473	1	416	099
6247	23	2935	067
2153	6	2031	158
3713	14	3495	039
7789	23	12532	077
3193	12	115	147
2059	6	2061	060
215	1	189	133
2020	6	2009	126
6414	23	2935	116
742	15	4990	106
213	1	189	020
765	6	29	142
3211	12	2082	057
258	1	259	059
2169	6	29	148
598	6	30	006
2020	6	2045	011
2130	6	2008	038
98	5	2003	161
2142	6	2045	012
810	1	416	104
205	1	207	152
2615	9	2517	126
3187	23	12518	103
2069	6	1561	035
1363	1	27	046
19	6	2009	128
480	15	4990	129
2811	9	2517	137
17	6	2044	148
197	1	189	109
1941	6	2009	083
2729	23	2966	122
771	1	629	135
380	6	30	069
711	1	28	111
1525	6	29	004
2030	6	2045	013
478	1	444	127
2065	6	2040	147
399	1	402	139
3521	14	3437	109
205	1	207	056
2909	9	2593	023
3216	12	2155	010
7789	23	12532	064
742	1	748	104
2030	6	2009	117
480	15	4990	027
7847	23	2966	011
3218	12	2018	013
759	1	28	000
25	15	4990	071
702	1	28	072
3217	12	28	077
1956	6	2008	064
381	6	405	105
2135	6	2008	074
12	1	14	092
771	1	629	121
2003	6	30	052
198	1	189	109
765	6	30	131
3200	12	2055	155
720	1	28	098
228	1	229	013
2587	9	2476	143
178	1	179	098
3216	12	2155	089
1922	6	2018	157
205	6	2019	152
406	1	408	071
613	1	416	093
2917	10	2942	130
2909	9	2593	089
2119	6	2045	112
793	1	341	149
5308	15	5088	146
396	6	29	143
659	1	341	051
1975	6	2008	010
6247	23	2935	090
3187	12	2055	116
480	15	4990	096
1958	6	2061	086
1592	6	30	065
1930	15	4977	132
675	15	4990	159
228	6	2040	090
2663	14	3711	155
578	1	28	141
428	15	5024	147
1644	15	5088	157
2663	17	5818	136
1841	23	2997	150
3186	12	2155	135
446	1	405	098
2168	6	173	003
2142	6	2008	049
205	15	4990	161
1958	6	2009	100
2022	6	2123	116
2119	6	2045	022
2169	6	29	152
1133	15	4990	148
728	1	259	060
3219	12	2027	018
5168	15	5088	106
47	6	29	157
1502	1	416	047
2696	9	2476	124
588	1	589	145
100	6	29	146
11201	22	9678	139
811	1	416	019
6247	23	2935	083
4054	14	3623	118
3866	14	3487	065
2773	9	2517	108
88	6	30	119
8779	23	2989	139
2071	6	30	041
205	15	4990	026
2811	9	2517	150
473	1	416	090
2116	6	2061	035
7847	23	2966	122
195	1	189	113
845	1	28	121
3225	23	2989	017
3141	17	7418	158
845	1	28	125
415	1	416	050
578	1	28	002
3209	12	30	093
488	1	30	081
17	6	30	065
1956	6	2009	089
832	1	416	045
2729	23	2935	040
2065	6	2040	081
3784	14	3786	149
2903	12	170	149
711	1	28	130
1976	6	229	004
3231	12	29	105
228	6	2040	135
7847	23	2966	045
1133	6	30	105
7375	20	6780	146
6006	17	5818	150
1941	6	2008	051
3218	12	2018	017
12528	23	12532	098
771	6	30	033
205	6	30	088
2127	6	171	061
2135	6	2008	029
1502	1	416	147
630	6	30	088
2693	12	28	129
832	1	416	006
228	6	229	073
380	6	30	078
284	6	2040	123
607	15	4990	116
2903	11	3089	126
812	1	416	118
169	1	173	023
588	6	30	113
1593	1	1594	028
3106	11	3087	081
3200	12	2055	159
2729	23	2966	154
2015	6	117	005
380	6	29	144
7847	23	2966	137
2808	9	2517	159
5308	15	5088	135
765	6	30	045
1930	15	4977	069
3718	14	3719	031
431	1	189	131
2003	6	30	055
2836	9	2705	091
473	1	416	132
2911	10	2720	101
169	6	402	134
6726	23	2966	117
480	15	5067	117
1592	6	30	056
473	6	2055	025
2144	6	2018	147
846	1	397	127
228	6	2040	104
480	15	4990	102
3216	12	2155	007
211	1	189	121
822	1	416	155
2153	6	30	065
115	15	4969	159
812	1	416	061
5308	15	5088	115
1644	1	207	141
55	6	30	070
3225	23	2938	001
5168	15	5088	090
44	5	25	065
25	15	5024	107
2026	6	30	056
728	1	259	052
796	15	4990	036
734	15	4977	052
1363	1	27	036
1975	6	2008	050
2909	9	2593	027
1841	23	2997	115
100	6	30	084
2116	6	2018	082
2945	10	2946	106
2808	9	2517	149
199	1	189	045
3866	14	3487	080
584	6	259	051
11201	22	10030	150
381	6	405	081
720	1	28	056
3143	11	3087	092
2962	10	2963	124
6247	23	2935	065
800	1	416	063
7847	23	2966	078
3622	14	3509	066
1592	6	2145	145
3216	12	2155	027
2911	10	2720	108
2911	10	2720	103
2867	9	2517	143
2809	17	5816	154
7847	23	2966	069
2903	11	3089	127
831	1	416	042
1961	6	2009	132
3219	12	2027	028
6247	23	2935	029
205	1	207	086
113	6	30	004
794	1	478	102
845	1	28	095
212	1	189	043
759	1	28	134
25	15	4990	160
1592	6	30	037
794	1	478	150
2911	9	2482	117
4568	23	2946	024
2142	6	2008	020
1970	6	2084	071
196	1	189	158
2138	6	2009	131
2693	11	3087	149
284	6	2040	122
196	1	189	104
3206	12	2082	065
6247	23	12509	084
3225	23	2989	046
2074	6	402	140
2909	9	2593	063
630	6	30	036
2113	6	29	107
2116	6	2061	027
5505	22	9985	159
55	6	29	141
228	6	2040	110
480	15	4990	024
2026	6	30	022
142	6	30	052
6726	23	2966	014
3237	12	116	155
8957	23	2922	002
968	1	408	135
7146	23	12532	046
2101	6	2008	034
2903	11	3089	045
3189	12	2040	032
100	6	30	082
195	1	189	058
2127	6	171	008
7789	23	12532	012
2006	6	29	003
188	1	189	108
2071	6	30	079
831	1	416	152
2917	9	2593	074
3237	12	116	044
415	1	416	114
12528	23	12532	070
3225	23	2938	030
213	1	189	115
88	6	30	091
88	6	30	048
55	6	30	098
169	1	171	147
1133	15	4990	080
675	1	320	094
7847	23	2966	024
17	1	18	086
765	6	30	064
509	15	4977	029
734	15	4977	059
195	1	189	022
17	6	30	068
771	6	30	101
415	1	416	042
2071	6	30	112
113	6	30	098
3166	23	12532	130
3624	14	3437	159
380	6	30	119
3209	12	30	037
734	15	4977	035
509	15	4977	137
6414	23	2935	119
7847	23	2966	143
2153	6	30	075
25	6	30	108
2065	6	2040	128
2102	6	2040	124
1133	6	592	136
3190	12	2120	084
17	1	18	113
728	1	259	044
3101	11	3102	114
794	1	478	157
488	1	30	071
598	6	30	025
765	6	29	155
4568	23	2946	079
584	6	405	111
2867	9	2517	156
284	1	285	004
1593	1	1594	068
2911	10	2720	161
2071	6	28	134
675	6	173	085
2059	6	2061	035
3189	12	2040	119
728	1	405	093
12	1	13	161
1970	6	2084	035
443	1	416	125
812	1	416	040
610	1	416	096
3106	11	3087	062
3211	12	2082	022
2696	9	2476	115
610	1	416	153
47	6	30	063
1976	6	229	037
3197	12	2120	109
199	1	189	062
822	1	416	003
3106	11	3087	066
1429	6	30	056
44	5	25	097
446	1	405	091
2020	6	2008	022
610	1	416	089
2101	6	2008	033
1912	6	405	099
613	1	416	056
2119	6	2008	043
2592	9	2593	152
88	6	28	131
7789	23	12532	007
2785	9	2520	154
199	1	189	150
2065	6	2040	052
399	1	405	115
845	1	28	154
2006	6	29	151
3189	12	2040	138
3064	23	12505	106
381	1	259	057
444	1	405	105
2059	6	2060	118
3833	14	3719	056
6726	23	2966	161
260	1	189	079
2168	6	173	068
2026	6	30	039
3189	12	2040	158
1922	6	2061	012
2035	6	2009	112
260	1	189	108
720	1	28	104
44	6	29	146
3231	12	29	023
396	6	30	078
2615	9	2476	115
443	1	416	076
188	1	189	008
2157	6	2120	135
2142	6	2008	031
2119	6	2045	011
8779	23	2989	052
734	15	4977	117
260	1	189	003
228	6	2040	087
205	6	30	089
3218	12	2018	133
3218	12	2018	051
762	1	28	157
12528	23	12532	156
3209	12	30	006
3166	23	12532	084
1958	6	2061	088
2729	23	2966	050
2909	9	2593	097
2785	9	2593	080
3101	11	3102	004
811	1	416	066
597	15	5088	132
2119	6	2008	048
2663	17	5816	132
812	1	416	158
3143	11	3087	083
1871	12	2155	107
578	1	28	123
629	1	30	085
2644	9	2593	131
488	1	30	112
734	15	4977	149
831	1	416	077
1970	6	2040	112
3225	23	2989	080
720	1	28	067
2615	9	2517	103
428	6	405	103
358	1	29	154
4054	14	3623	106
197	1	189	001
1912	6	2179	000
2121	6	405	106
2156	6	30	112
3211	12	2120	096
3211	12	2082	067
2065	6	2040	069
2068	6	2029	007
3053	23	12505	128
765	6	29	145
2113	6	29	023
3189	12	2040	088
1961	6	2027	141
2143	6	2045	013
2059	6	2061	072
2809	17	5816	130
796	15	4990	153
7146	23	12532	042
2130	6	2008	045
2006	6	29	126
44	1	46	143
1894	23	2920	108
1863	4	1839	105
771	6	30	058
2845	9	2518	129
832	1	416	008
2836	17	5818	154
2101	6	2008	040
4885	17	8813	031
17	6	30	061
88	6	29	143
2909	9	2593	090
3237	12	116	062
478	1	444	155
205	6	2038	012
2729	23	2966	042
6414	23	2935	123
2126	6	2009	120
845	1	28	034
3206	12	2082	069
2836	9	2705	098
4568	23	2946	046
3187	23	12518	116
1133	6	30	065
832	1	416	124
702	6	28	036
8779	23	2989	068
443	1	416	094
44	5	25	109
28	1	29	137
473	6	2040	117
2008	9	259	058
212	1	189	087
8779	23	2989	047
4885	17	8813	119
3231	12	29	024
2006	6	29	128
473	1	416	086
1871	12	2155	091
2126	6	2009	091
2903	11	3089	108
675	15	5120	139
1525	6	29	032
734	15	4977	071
629	1	30	047
55	6	30	126
3748	14	3690	044
2135	6	2009	115
2026	6	2031	156
6247	23	2935	031
8408	23	12519	149
607	15	4990	149
1525	6	29	136
3231	12	29	142
2809	17	5817	117
759	1	28	037
3924	14	3495	077
6726	23	2966	096
832	1	416	120
1871	12	170	144
6247	23	2935	026
2688	9	2517	121
2068	6	2029	005
2015	6	117	001
636	1	172	035
44	6	30	129
1429	6	30	100
796	15	4990	114
2074	6	2075	076
2836	9	2705	058
380	6	28	131
2071	6	30	092
17	1	18	039
197	1	189	070
69	1	72	050
2073	6	2008	052
2945	14	3623	155
480	15	4990	136
1930	15	4977	124
3193	12	2155	036
3190	12	2083	074
2811	9	2517	099
2696	9	2476	137
4646	14	3544	118
3053	23	12505	015
8957	23	2922	130
2693	12	28	062
199	1	189	116
2809	17	5935	123
380	6	29	152
6414	23	2935	145
675	15	4990	116
12	1	14	075
2065	6	2040	108
630	6	30	030
431	1	189	059
759	1	28	011
47	6	30	075
796	15	4990	029
1133	15	4990	072
415	1	416	124
100	6	30	047
2006	6	29	148
198	1	189	075
7146	23	12532	119
3577	14	3437	055
584	6	405	132
4940	14	3427	158
25	15	5024	109
2587	9	2588	068
44	5	25	074
199	1	189	018
25	15	5024	063
765	6	29	159
3577	14	3437	043
2644	9	2593	154
734	15	4977	151
4886	14	4560	138
2138	6	2008	045
759	1	28	073
260	1	189	025
811	1	416	109
3206	12	2120	145
2693	11	3087	114
2169	6	29	065
597	15	5088	032
169	1	173	002
7881	20	6780	158
675	1	320	086
3577	14	3437	037
3209	12	30	032
509	15	4977	004
473	6	2082	030
2157	6	2120	129
610	1	416	127
2022	6	2123	119
2156	6	30	091
2035	6	2009	116
829	15	5088	161
1644	1	207	091
598	6	30	102
2785	9	2520	137
675	1	320	095
415	1	416	003
178	6	116	120
759	1	28	038
3062	10	2924	068
2911	10	2720	121
1976	6	2040	144
199	1	189	048
771	6	29	155
2809	17	5817	155
4885	17	8813	140
1975	6	2008	003
2015	6	115	141
2729	23	2966	070
2003	6	30	051
6726	23	2966	085
1133	6	30	034
381	1	405	140
3219	12	2027	150
1871	12	2155	080
205	1	207	077
2127	6	171	004
1958	6	2009	107
1133	6	592	147
702	6	28	157
1502	1	416	039
771	6	30	053
428	6	259	051
284	1	189	124
734	15	4977	098
1429	6	30	033
3206	12	2120	150
607	15	4990	152
2785	9	2593	097
7146	23	12532	120
3197	12	2120	110
3211	12	2120	098
2135	6	2009	103
8708	17	6304	159
3101	11	3102	050
2917	10	2942	079
3204	12	170	160
2119	6	2045	074
6995	17	6601	157
6726	23	2966	057
2047	6	171	087
2156	6	30	001
2809	9	2705	161
444	1	405	126
2587	9	2476	102
578	1	28	079
2069	6	1561	034
1912	15	5024	122
2693	12	28	001
3225	12	2155	135
2845	9	2518	133
3231	12	29	096
406	1	408	130
2729	23	2966	061
83	6	29	151
55	6	30	100
1976	6	2040	137
2026	6	2031	158
1525	6	29	147
2178	6	2027	160
1922	6	2061	003
284	6	2040	119
2785	9	2593	140
812	1	416	080
3106	11	3087	145
1976	6	229	023
759	1	28	021
1525	6	29	116
113	6	30	095
3189	12	2040	130
597	15	5088	080
197	1	189	054
1912	15	5024	139
260	1	189	113
771	1	629	067
205	15	4990	127
473	1	416	096
2121	6	402	138
2178	6	2027	159
1959	6	2009	087
3577	14	3437	011
2035	6	2009	098
2693	11	3087	144
6247	23	12509	051
2003	6	2019	141
2693	12	28	095
6661	20	5762	160
2030	6	2032	138
1961	6	2008	020
2065	6	2040	027
284	1	285	001
215	1	189	058
11201	22	9776	155
2845	9	2518	099
205	15	4990	094
3113	11	3102	069
260	1	189	073
1922	6	2061	026
659	1	341	121
195	1	189	001
2144	6	2009	089
2917	10	2942	110
584	6	405	120
3190	14	4363	075
2030	6	2008	072
7789	23	12532	120
3216	12	2155	085
19	6	2009	112
3101	11	3102	129
765	6	30	000
113	6	46	136
1956	6	2008	046
3187	12	2055	110
2909	9	2720	018
25	6	30	001
406	1	408	044
473	1	416	019
292	1	120	023
4654	14	3786	111
25	6	30	016
2127	6	171	081
2587	9	2588	113
3143	11	3087	028
444	1	405	099
2135	6	2009	108
702	1	28	109
284	1	189	103
3521	14	3437	123
2126	6	2045	014
1975	6	2008	020
1502	1	416	042
2068	6	173	042
1894	23	2920	136
2663	17	5935	151
6726	23	2966	061
1976	6	229	058
1941	6	2044	152
2105	6	30	015
2909	9	2593	011
846	1	397	078
968	1	408	108
796	15	4990	135
2110	6	171	149
771	1	629	028
396	6	30	118
284	6	2045	017
12016	22	9579	151
2911	10	2720	106
17	1	18	124
578	1	28	159
212	1	189	136
215	1	189	161
630	6	30	131
818	1	416	048
178	1	179	019
12345	22	11202	143
3216	12	2155	000
88	6	30	089
2809	17	5817	134
428	6	259	070
2119	6	2120	115
3106	11	3087	154
794	1	478	111
1912	6	405	109
629	1	30	036
2911	10	2720	141
598	6	30	104
12	1	14	017
2809	17	5818	153
2135	6	2009	107
3053	23	12505	071
3205	12	2055	135
2130	6	2009	107
3187	23	12518	146
610	1	416	117
8779	23	2989	096
800	1	416	000
428	6	259	038
1841	23	2997	142
2539	9	2540	075
636	1	172	066
55	6	29	150
197	1	189	071
2073	6	2009	102
480	15	4990	088
3577	14	3437	091
480	15	5067	081
2587	9	2476	092
381	6	405	115
258	1	259	054
2644	9	2593	091
1931	6	116	052
1429	6	30	111
188	1	189	126
488	1	30	107
3187	23	12518	150
6247	23	12509	082
2808	10	2924	087
2068	6	173	045
6247	23	2935	056
3178	11	3087	141
3053	23	12505	054
3032	17	7128	070
178	1	179	065
169	6	2042	161
3197	12	2120	092
2153	6	30	039
597	15	5088	062
1970	6	2084	068
6726	23	2966	076
4886	14	3649	148
3225	23	2989	033
588	6	30	103
6414	23	2935	017
12	1	14	046
598	6	30	035
178	6	116	069
88	6	30	041
3190	12	2120	113
1931	6	116	034
2021	6	402	145
6247	23	12509	067
2917	10	2942	135
711	1	28	030
2663	17	5816	133
2126	6	2008	036
2069	6	1561	027
6247	23	2935	032
3209	12	2027	147
2911	10	2720	081
380	1	1363	145
44	5	25	149
846	1	845	161
3106	11	3087	038
212	1	189	116
3190	12	2084	034
509	6	30	100
443	1	416	109
5308	15	5088	090
675	15	5120	062
1970	6	2040	150
2979	10	2924	127
1525	6	29	155
2140	6	2018	154
406	1	408	042
811	1	416	028
509	6	30	002
2811	9	2517	145
396	6	30	125
142	6	30	051
1959	6	2008	044
2156	6	30	101
659	1	341	083
8957	23	2922	079
3053	23	12505	017
2587	9	2476	105
195	1	189	015
2809	17	5818	128
578	1	28	007
2135	6	29	160
1644	1	207	100
2696	9	2476	136
2845	10	2977	114
169	6	405	108
1133	15	4990	008
215	1	189	011
6006	17	5818	136
509	15	4977	158
2169	6	29	001
598	6	30	086
3187	12	2055	103
415	1	416	064
488	1	28	136
1363	1	27	099
2539	9	2540	103
3190	12	2084	068
428	6	405	088
1959	6	2008	065
3166	23	12532	026
771	6	30	067
488	1	30	131
1910	14	3956	140
88	6	30	131
636	1	172	061
3190	12	2120	154
3190	12	2084	005
2587	9	2476	046
659	1	341	006
3113	14	3524	057
2021	6	405	094
832	1	416	046
19	6	2008	038
197	1	189	151
25	6	30	032
845	1	28	031
8779	23	2989	145
3143	11	3087	120
2298	12	2155	144
473	6	2040	138
480	15	4990	090
1592	6	30	062
675	6	171	150
8876	17	7383	107
3205	20	6012	149
2729	23	2966	133
720	1	28	148
1959	6	2009	119
443	1	416	049
2026	6	30	073
1976	6	2040	112
675	6	171	159
1947	6	405	131
1851	9	2520	159
12	1	14	064
3064	23	12505	155
1947	6	405	089
3190	12	2120	145
2945	14	4034	158
2808	9	2517	143
6006	17	5818	147
1941	6	2045	000
8957	23	2922	023
1860	9	2517	142
702	1	28	065
380	6	30	048
8957	23	2922	154
509	6	30	061
473	1	416	157
205	15	4990	039
1593	1	766	154
2465	14	3415	135
3866	14	3487	083
428	15	5024	108
446	1	405	110
284	1	189	112
2119	6	2120	137
480	15	5067	105
2587	9	2588	128
8440	17	6685	114
1363	1	27	104
2057	6	173	043
4568	23	2946	016
845	1	28	008
2057	6	173	040
284	6	2008	062
6247	23	12509	145
796	15	4990	099
2696	9	2476	101
2003	6	30	049
3186	12	2155	140
578	1	28	137
3166	23	12532	147
1976	6	2040	152
2119	6	2045	135
4885	14	3690	056
822	1	416	098
2465	14	3495	134
415	1	416	025
846	1	397	139
3231	12	29	073
196	1	189	086
2785	9	2593	102
2071	6	30	012
759	1	28	114
25	15	5024	150
2909	9	2593	079
5308	15	5088	077
380	6	30	084
734	15	4977	101
2020	6	2008	023
3211	12	2082	059
845	1	28	120
578	1	28	105
1133	6	30	077
3225	23	2989	025
2677	15	4969	161
415	1	416	018
509	15	4977	011
968	1	408	028
446	1	402	135
597	15	5088	112
4885	17	8813	160
473	6	2040	110
1931	6	116	110
2073	6	2008	042
2065	6	2040	043
5993	17	5997	068
12	1	14	082
1941	6	2044	147
4568	23	2946	065
213	1	189	039
626	1	46	159
2119	6	2045	062
598	6	30	083
771	1	629	092
702	6	28	002
2809	17	5818	125
3053	23	12505	092
2729	23	2966	121
6247	23	2935	054
3205	12	2055	137
2644	9	2593	047
211	1	189	026
1363	1	27	047
800	1	416	082
1912	6	171	158
720	1	28	114
659	1	341	020
25	15	4990	040
228	6	229	061
759	1	28	130
17	6	30	078
3130	14	3437	151
3231	12	29	116
2809	17	5816	134
2984	10	2946	135
292	1	119	152
415	1	416	076
598	6	2019	135
17	1	18	045
1941	6	2009	114
1894	23	2920	086
1922	6	2061	059
822	1	416	095
195	1	189	107
3237	12	116	029
2142	6	2008	052
88	6	30	084
47	6	30	080
796	15	4990	138
6247	23	12509	001
3211	12	2082	073
3143	11	3087	136
2021	6	405	119
720	1	28	079
2068	6	405	095
720	1	28	019
3217	12	28	118
1429	6	2029	004
598	6	30	072
1592	6	2145	152
6247	23	2935	096
2102	6	2040	159
968	1	408	064
17	6	30	102
2142	6	2009	119
1941	6	2008	044
2663	17	5818	134
2984	10	2946	142
2119	6	2008	077
303	1	416	099
113	6	30	109
8301	23	3060	070
3834	14	3415	159
8779	23	2989	055
6247	23	2935	092
3225	23	2989	093
2022	6	2023	156
1433	9	2490	160
742	1	748	094
2615	9	2517	089
2071	6	28	133
2068	6	173	070
380	6	30	025
1525	6	29	012
832	1	416	010
428	15	5024	105
228	6	2040	100
2836	9	2705	135
5168	15	5088	149
2143	6	2045	017
473	1	416	051
2809	17	5818	117
267	6	29	153
100	6	332	131
846	1	397	129
2138	6	2018	135
2156	6	30	118
800	1	416	031
845	1	28	113
3187	23	12518	099
7789	23	12532	154
796	15	4990	095
3231	12	29	100
2156	6	30	029
2135	6	2008	053
473	6	2055	029
2156	6	30	062
25	6	30	020
8779	23	2989	123
1956	6	285	003
6726	23	2966	103
675	15	4990	059
3101	11	3102	079
69	1	74	150
2917	9	2593	097
431	1	189	153
8957	23	2922	157
2126	6	2008	049
598	6	30	062
2773	9	2517	125
2068	6	2029	006
12528	23	12532	087
2809	17	5935	132
2911	9	2482	129
1922	6	2061	019
9124	20	6706	153
2945	14	3623	110
2065	6	2040	117
2135	6	2145	147
2138	6	2045	013
428	6	171	156
759	1	28	107
2127	6	171	111
197	1	189	025
5168	15	5088	085
284	6	2040	152
1912	15	5024	137
3577	14	3437	112
3190	12	2120	135
734	15	4977	060
811	1	416	059
2917	10	2942	155
2845	9	2518	147
2644	9	2593	082
1959	6	2009	122
4885	17	8813	097
1525	6	29	055
6247	23	12509	074
2068	6	173	007
1871	12	2155	086
7789	23	12532	125
1941	6	2008	020
44	1	46	152
446	1	259	052
630	1	46	144
2140	6	2018	135
613	1	416	043
195	1	189	012
1931	6	116	096
3209	12	30	027
3521	14	3437	122
2911	10	2720	117
443	1	416	159
1863	9	2518	156
381	1	259	036
584	6	405	115
169	1	173	009
199	1	189	059
188	1	189	025
3130	14	3545	125
765	1	766	159
2073	6	2009	131
83	1	262	013
629	1	30	097
199	1	189	120
2059	6	2060	158
2539	9	2540	052
25	15	5024	103
8301	23	3060	062
3143	11	3087	144
8301	23	3060	107
19	6	2009	108
675	15	4990	126
613	1	416	138
759	1	28	071
8301	23	3060	050
473	6	2040	112
659	1	341	093
3211	12	2120	120
2696	9	2476	045
3113	11	3102	054
6247	23	12509	147
3190	12	2120	146
3106	11	3087	143
1429	6	30	050
742	1	748	107
2153	6	2027	139
3209	12	30	098
1976	6	229	024
3190	12	2084	070
2587	9	2588	102
597	15	5088	092
1958	6	2009	104
3209	12	30	029
810	1	416	003
1970	6	2084	012
675	15	5120	067
2003	6	2019	161
2153	6	30	035
197	1	189	021
2055	15	4969	161
2127	6	171	142
142	6	30	034
2183	9	2490	160
800	1	416	028
3237	12	116	115
3209	12	30	116
2135	6	2008	067
8957	23	2922	063
2101	6	2040	104
509	15	4977	121
3237	12	116	033
2903	11	3089	097
2903	11	3089	044
2729	23	2935	097
6247	23	12509	061
759	1	28	148
2811	14	3711	095
1502	1	416	160
2119	6	2120	131
1871	12	2155	037
610	1	416	113
2153	6	550	133
113	6	30	045
597	15	5088	124
2123	15	4969	160
2809	17	5817	145
2809	9	2705	155
578	1	28	018
2507	9	2476	157
2903	12	170	147
100	6	30	071
396	6	29	151
1860	23	3060	076
188	1	189	102
178	6	117	007
215	1	189	131
675	15	4990	142
2845	14	3956	089
1525	6	29	082
7789	23	12532	139
794	1	478	130
2615	9	2593	108
2102	6	2040	156
2911	10	2720	151
3143	11	3087	008
198	1	189	118
2979	10	2924	138
1959	6	2009	121
796	1	797	153
613	1	416	149
284	1	189	123
2119	6	2120	096
1961	6	2008	064
4568	23	2946	108
675	6	402	144
1931	6	115	141
2073	6	2009	114
28	9	29	140
488	1	28	138
765	6	30	042
431	1	189	074
3053	23	12505	101
675	6	405	123
675	15	5120	096
2916	9	2517	144
292	1	119	156
25	15	4990	043
2119	6	2120	102
480	15	4990	046
47	6	30	114
509	6	332	131
3189	12	2040	018
3187	23	12518	156
3193	12	2155	068
1912	6	405	128
2113	6	29	088
1947	6	2027	134
2142	6	2027	146
7789	23	12532	099
584	6	259	054
3206	12	2082	007
771	1	629	026
428	6	2055	027
810	1	416	094
2003	6	30	029
5168	15	5088	095
12	1	14	116
2785	9	2520	146
822	1	416	096
800	1	416	153
3225	12	2155	156
303	1	416	141
480	15	4990	054
6414	23	2935	072
25	15	4990	157
771	1	629	035
675	15	5120	116
12	1	14	122
734	15	4977	108
396	6	28	132
25	15	5024	043
3197	12	2055	143
832	1	416	007
3178	11	3087	148
12345	22	11202	141
2169	6	29	085
399	6	171	150
2693	12	28	071
1959	6	2008	021
19	6	2009	098
199	1	189	118
2105	6	30	112
188	1	189	014
598	6	30	124
3143	11	3087	100
1976	6	229	068
2138	6	2008	032
1894	23	2920	124
2587	9	2476	054
811	1	416	106
2836	9	2705	133
659	1	341	128
2116	6	2061	026
1502	1	416	057
675	15	4990	161
2026	6	30	058
2003	6	30	053
1851	10	3056	149
636	1	172	063
734	15	4977	015
284	1	189	139
2130	6	2008	061
2071	6	30	101
2068	6	173	033
610	1	416	067
172	1	402	123
7847	23	2966	017
211	1	189	080
2809	9	2705	142
2105	6	30	042
6247	23	2935	117
195	1	189	149
829	15	5088	140
213	1	189	077
2917	10	2942	074
480	15	4990	083
2615	9	2517	149
8957	23	2922	108
44	6	30	106
812	1	416	092
3755	14	3495	157
215	1	189	121
630	6	29	157
7789	23	12532	137
44	5	25	105
1592	6	2145	148
8301	23	3060	137
88	6	29	147
1593	1	1594	031
2140	6	2008	068
728	1	405	060
6247	23	12509	044
1644	1	207	131
1970	6	2084	006
2020	6	2008	030
2809	17	5818	095
5168	15	5088	148
8779	23	2989	027
2119	6	2045	158
473	6	2082	072
2836	9	2705	139
406	1	408	046
2121	6	402	147
2845	10	2977	082
303	1	416	161
1567	1	591	152
399	1	171	154
2057	6	173	029
2059	6	2061	014
822	1	416	049
1931	6	116	098
2138	6	2008	079
1429	6	30	041
2729	23	2935	016
2033	6	29	156
2615	9	2593	102
1930	15	4977	061
2105	6	30	114
3237	12	116	131
613	1	416	033
702	6	28	140
610	1	416	092
10636	22	10030	149
734	15	4977	130
7382	17	6012	136
2168	6	173	065
800	1	416	110
172	1	402	100
2693	12	28	066
2071	6	30	078
2785	9	2593	105
2022	6	2123	126
2069	6	1561	059
1976	6	229	064
2903	12	170	142
2909	9	2593	054
2047	6	171	001
478	1	444	039
197	1	189	006
1593	1	766	152
6168	17	5817	145
2113	6	29	025
197	1	189	152
2102	6	2040	090
734	15	4977	100
1133	6	30	022
2113	6	29	016
55	6	30	055
4886	14	4560	144
428	6	405	100
2909	9	2593	033
1525	6	29	073
3219	12	2027	114
630	6	30	123
1871	12	170	132
2644	9	2593	129
1644	1	207	113
169	6	173	033
3211	12	2082	012
215	1	189	154
3211	12	2082	042
2142	6	2045	003
1429	6	2027	133
610	1	416	014
3106	11	3087	087
2021	6	405	121
598	6	30	114
765	6	30	091
6006	17	5818	052
380	6	30	058
630	6	30	062
3209	12	2027	145
2142	6	2008	029
2845	14	3956	087
2140	6	2009	129
7146	23	12532	085
3200	12	2055	108
1961	6	2029	007
2808	9	2517	129
702	6	28	120
4613	14	4132	036
3064	23	12505	008
2836	9	2705	150
260	1	189	042
6726	23	2966	160
800	1	416	130
812	1	416	136
2101	6	2040	116
2909	9	2720	081
1931	6	116	124
1912	6	405	127
69	1	72	106
626	1	46	150
480	15	4990	036
2138	6	2045	003
1976	6	2040	129
8301	23	3060	057
3166	23	12532	021
2916	9	2517	132
2809	17	5818	105
2984	10	2946	102
2020	6	2009	110
845	1	28	127
12345	22	11202	138
800	1	416	113
3225	23	2938	111
44	6	30	065
47	6	30	119
659	1	341	140
1893	20	7092	157
2539	9	2482	100
2729	23	2935	114
613	1	416	062
415	1	416	051
1592	6	30	035
734	15	4977	081
178	1	179	066
2021	6	405	112
771	6	332	131
260	1	189	069
613	1	416	002
3218	12	2018	090
303	1	416	013
9295	20	6012	128
188	1	189	098
380	6	30	115
113	1	632	151
2916	9	2517	129
431	1	189	067
812	1	416	026
2020	6	2045	008
381	1	259	065
399	15	5043	155
6247	23	12509	032
3941	14	3847	011
2808	10	2924	095
1931	6	116	054
172	1	402	091
2962	10	2963	115
2142	6	2008	058
380	6	30	019
2126	6	2008	046
2785	9	2593	135
2102	6	2008	035
2169	6	29	111
2153	6	30	058
3193	12	2155	059
188	1	189	086
1912	6	259	058
1947	6	173	022
509	6	30	109
415	1	416	126
811	1	416	153
44	5	25	021
2917	9	2593	054
3197	12	2120	103
1976	6	229	032
2539	9	2540	087
2587	9	2476	086
659	1	341	117
2142	6	2009	093
793	1	660	160
2773	9	2517	117
3113	11	3102	152
55	6	30	019
812	1	416	003
1959	6	2008	064
812	1	416	145
473	1	416	116
2539	9	2540	131
488	1	28	139
25	15	4990	092
260	1	189	000
205	1	207	019
832	1	416	053
509	15	4977	156
2119	6	2045	136
2059	6	2061	048
812	1	416	090
2809	9	2705	133
25	15	4990	011
2719	10	3016	126
2101	6	2008	078
25	15	5024	131
2903	11	3089	092
702	6	28	073
3064	23	12505	032
2125	6	2009	087
83	6	29	147
2033	6	29	153
2663	9	2588	145
7789	23	12532	021
759	1	28	083
178	6	115	145
215	1	189	081
399	1	405	088
846	1	397	044
6247	23	2935	108
303	1	416	143
846	1	397	042
771	6	29	138
2113	6	29	010
2030	6	2008	037
588	1	589	147
25	15	5024	146
8779	23	2989	133
2144	6	2009	101
8408	23	12518	152
702	1	28	156
811	1	416	042
172	1	402	018
12528	23	12532	095
25	6	30	099
2539	9	2540	056
11201	22	9776	154
3144	23	12529	158
12528	23	12532	105
1860	9	2517	154
1947	6	173	077
3190	12	2084	057
3225	12	2155	153
3187	23	12518	118
480	15	4990	060
431	1	189	109
12	1	14	038
3211	12	2082	002
428	6	402	133
1644	1	207	039
3101	11	3102	128
1894	23	2920	076
720	1	28	065
2138	6	2009	099
2026	6	30	108
2836	9	2705	116
4684	14	3707	137
17	6	2044	135
4646	14	3509	143
2030	6	2032	137
1956	6	2009	101
509	6	30	032
47	6	28	135
3189	12	2040	063
829	15	5088	151
100	6	30	077
25	15	5024	004
3166	23	12532	151
2909	9	2593	018
636	1	172	115
3225	23	2989	037
675	6	405	105
3064	23	12505	007
100	6	30	127
213	1	189	153
2003	6	30	108
2102	6	2040	121
1133	15	4990	160
796	15	4990	145
2809	17	5818	136
810	1	416	019
415	1	416	081
169	6	405	102
172	1	402	115
1841	23	2997	094
4341	14	4342	094
675	6	405	116
796	15	4990	056
2130	6	2027	134
810	1	416	060
118	1	119	152
88	6	30	117
381	6	405	116
2169	6	29	138
415	1	416	139
2105	6	30	122
1363	1	27	055
443	1	416	026
169	1	173	122
1363	1	27	110
6414	23	2935	107
675	15	4990	083
1912	6	259	051
205	6	30	085
213	1	189	027
2057	6	173	057
3193	12	2155	117
3218	12	2018	081
629	1	30	128
2836	9	2705	044
771	1	773	143
2142	6	2027	145
431	1	189	017
2945	14	4034	112
2539	9	2540	104
8779	23	2989	048
47	6	30	064
443	1	416	061
675	1	320	139
796	15	4990	044
2984	10	2946	078
799	1	773	145
598	6	30	109
2015	6	117	011
3113	11	3102	150
473	1	416	081
845	1	28	070
205	1	207	147
2022	6	2123	115
2917	9	2593	089
1958	6	2061	033
113	6	30	126
2615	9	2517	141
1133	6	30	100
3143	11	3087	148
25	15	4990	110
8957	23	2922	046
1970	6	2040	098
142	6	2044	154
1970	6	2084	056
3101	11	3102	143
2006	6	29	131
1871	12	2155	046
2006	6	29	061
3193	12	2155	053
720	1	28	022
1912	6	259	064
55	6	30	092
968	1	408	065
8779	23	2989	013
55	6	30	131
69	1	72	074
3218	12	2018	137
9024	17	6465	157
1593	1	1594	109
142	6	30	055
6414	23	3026	140
3106	11	3087	107
2105	6	30	028
2696	9	2476	028
2615	9	2476	140
734	15	4977	058
3231	12	29	051
1956	6	2009	093
100	6	30	057
702	1	28	125
213	1	189	106
3206	12	2120	080
2729	23	2966	019
702	6	28	146
3718	14	3495	042
25	15	4990	120
19	6	2009	120
44	5	25	100
3225	23	2938	013
630	6	29	143
4659	14	3491	067
11201	22	2157	156
3053	23	12505	078
2644	9	2593	107
3831	14	3762	130
2026	6	30	096
478	1	444	016
2068	6	2027	161
1429	6	171	153
1871	12	2155	060
1133	15	4990	084
1930	15	4977	120
613	1	416	045
630	6	30	040
480	15	4990	128
636	1	172	042
7146	23	12532	087
3231	12	29	022
2153	6	30	055
178	6	116	018
55	6	30	064
7146	23	12532	121
3166	23	12532	097
4568	23	2946	139
1956	6	2040	158
381	6	405	055
7789	23	12532	104
2909	9	2720	063
2644	9	2593	036
3101	11	3102	017
742	1	748	083
19	6	2008	067
473	6	2082	068
2589	9	2517	139
415	1	416	097
3064	23	12505	022
629	1	30	124
443	1	416	118
428	15	5024	117
2909	9	2593	028
228	6	229	019
3064	23	12505	084
478	1	444	033
728	1	405	043
478	1	444	109
3189	12	2040	136
88	6	30	029
211	1	189	072
7789	23	12532	133
1894	23	2920	110
711	1	28	083
3106	11	3087	059
25	6	30	002
3237	12	116	121
2144	6	2087	157
675	6	405	090
381	1	259	056
205	15	4990	031
211	1	189	086
8957	23	2922	085
2729	23	2966	086
2130	6	2009	103
195	1	189	085
1133	6	30	080
6726	23	2966	134
212	1	189	108
8957	23	2922	151
44	5	25	054
2071	6	30	070
2169	6	29	071
3231	12	29	047
205	15	4990	099
6247	23	12509	092
2153	6	30	037
2539	9	2482	109
659	1	341	032
765	6	29	141
213	1	189	139
2845	9	2518	149
7789	17	6308	156
2105	6	30	019
2909	9	2720	136
55	6	30	066
2020	6	2008	062
509	15	4977	056
7375	20	6780	151
260	1	189	029
55	6	30	071
3231	12	29	041
3577	14	3437	059
3113	14	3524	058
5308	15	5088	057
810	1	416	049
3190	12	2084	036
198	1	189	056
2074	6	2052	022
172	1	402	039
2119	6	2045	003
509	6	30	058
675	6	2051	014
197	1	189	138
358	1	29	156
810	1	416	093
478	1	444	143
2867	9	2517	138
3187	23	12518	095
3101	11	3102	067
597	15	5088	045
588	6	30	108
396	6	29	152
2979	10	2924	123
261	1	263	001
765	6	30	039
2022	6	2123	105
2119	6	2045	066
2501	9	2502	158
2984	10	2946	137
284	6	2040	097
3211	12	2082	028
2845	10	2977	133
3211	12	2082	017
1947	6	173	036
1502	1	416	048
228	6	2040	161
6247	23	2935	148
3225	23	2989	071
720	1	28	083
3225	23	2989	016
113	6	30	080
228	6	2040	103
1959	6	2018	154
2142	6	2027	143
2119	6	2008	042
228	1	229	007
1947	6	173	042
702	1	28	011
205	6	2019	141
613	1	416	054
69	1	72	015
822	1	416	089
5168	15	5088	127
195	1	189	095
205	1	207	017
83	6	29	157
2615	9	2517	107
2911	10	2720	080
1851	10	2997	148
578	1	28	065
1959	6	2009	130
228	1	229	058
381	1	405	106
2693	12	28	128
215	1	189	151
831	1	416	150
4054	14	3623	103
3113	11	3102	088
197	1	189	133
228	6	229	054
284	6	2008	045
1841	23	2997	111
2808	9	2517	157
2069	6	1561	017
509	6	30	129
292	1	120	013
19	6	2045	018
3211	12	2082	070
2836	17	5818	137
205	6	2019	160
1931	6	116	072
7847	23	2966	095
607	15	4990	139
832	1	416	082
6726	23	2966	081
197	1	189	112
47	6	30	123
381	1	405	134
118	1	119	154
260	1	189	012
169	6	405	127
88	6	30	017
4568	23	2946	068
3219	12	2027	157
598	6	30	018
5308	15	5088	087
832	1	416	049
3218	12	2018	074
588	6	30	063
2587	9	2476	107
1592	6	30	014
3225	23	2938	105
3206	12	2120	079
1894	23	2920	070
83	6	29	143
2126	6	2008	039
630	6	30	019
2126	6	2008	045
1567	1	591	155
3225	23	2938	075
3225	23	2989	094
4885	17	8813	112
822	1	416	005
3924	14	3495	079
702	6	28	138
2119	6	2045	149
1912	6	405	100
636	1	172	009
6414	23	2935	125
3101	11	3102	037
636	1	172	078
1133	15	4990	131
7449	20	6780	151
2729	23	2935	112
6247	23	2935	123
3209	12	30	081
509	6	30	011
1894	23	2920	038
2047	6	171	120
260	1	189	081
2916	9	2517	109
2020	6	2008	081
3206	12	2082	013
172	1	402	077
796	15	4990	149
2068	6	173	078
2101	6	2040	080
2773	9	2517	115
2156	6	30	025
2909	9	2593	093
6726	23	2966	146
88	6	30	031
3577	14	3437	036
3187	23	12518	117
258	1	259	049
3106	11	3087	039
2006	6	29	020
2785	9	2593	143
228	1	229	047
2663	9	2588	133
17	1	18	109
3130	14	3437	142
811	1	416	023
2615	9	2517	138
2809	17	5818	104
478	1	444	082
2126	6	2008	048
2059	6	2060	124
6414	23	2935	006
728	1	405	126
800	1	416	045
3166	23	12532	124
2126	6	2009	108
11580	22	9985	154
7847	23	2966	054
1133	6	30	009
598	6	2019	132
509	15	4977	118
610	1	416	160
380	6	30	092
832	1	416	069
3190	12	2082	075
796	15	4990	139
3225	23	2989	023
2909	9	2593	147
12	1	14	059
2587	9	2588	103
1841	23	2997	121
3106	11	3087	121
629	1	30	053
3189	12	2040	156
2693	12	28	123
3101	11	3102	146
3209	12	30	122
3064	23	12505	128
1363	1	27	086
636	1	172	070
2047	6	171	134
6726	23	2966	027
473	1	416	053
2119	6	2045	140
2071	6	332	131
2065	6	2040	047
198	1	189	158
1912	6	405	104
2138	6	2018	132
172	1	402	074
2587	9	2588	147
8301	23	3060	092
3036	10	2924	062
2006	6	29	034
2069	6	2018	095
3218	12	2018	148
613	1	416	108
2811	9	2517	094
7847	23	2966	064
2068	6	173	079
8350	17	6268	112
613	1	416	035
1860	9	2517	102
284	6	2040	132
473	1	416	043
2867	9	2588	139
578	1	28	152
6247	23	2935	078
2130	6	2008	041
636	1	172	126
711	1	28	126
7789	23	12532	147
7146	23	12532	064
3113	11	3102	073
2153	6	550	132
3200	12	2055	118
1363	1	27	132
8957	23	2922	126
17	1	18	074
1592	6	30	046
1871	12	2155	058
578	1	28	122
2069	6	2070	073
2065	6	2040	145
188	1	189	026
2587	9	2588	150
2909	9	2593	107
1502	1	416	117
2663	17	5817	134
2003	6	30	111
1592	6	30	033
113	6	30	106
428	15	5024	144
2822	20	6706	121
3206	12	2082	019
6247	23	2935	104
1931	6	115	154
25	1	27	145
6247	23	2935	063
12	1	27	144
1970	6	2040	140
88	6	30	053
9337	20	5762	116
2587	9	2476	125
1956	6	2008	079
2909	9	2720	065
3866	14	3487	151
2644	10	2924	062
25	15	4990	023
2135	6	2008	070
25	15	5024	134
2457	20	6706	161
2020	6	2008	036
2135	6	2009	113
3216	12	2155	040
2644	9	2593	160
12528	23	12532	065
3064	23	12505	071
3219	12	2027	090
44	6	30	035
1956	6	2040	145
3141	11	3087	161
2916	9	2517	136
195	1	189	076
7206	17	7142	144
702	6	28	109
2773	14	3636	090
473	1	416	121
3187	23	12518	159
845	1	28	151
2065	6	2040	146
25	15	4990	076
2003	6	30	099
2102	6	285	003
2021	6	405	130
213	1	189	144
473	6	2082	071
728	1	405	054
3237	12	116	075
1525	6	29	149
396	6	30	071
1976	6	229	033
3217	12	28	022
2101	6	2008	062
2589	9	2517	123
1429	6	2027	148
588	6	30	131
6247	23	2935	006
2809	17	5816	121
1956	6	2045	012
3216	12	2155	087
228	6	2040	154
2811	9	2517	124
702	6	28	087
3166	23	12532	035
1958	6	2009	115
428	6	171	158
509	15	4977	135
2101	6	2008	064
771	6	30	127
2142	6	2009	083
205	1	207	108
8779	23	2989	015
2074	6	2075	043
1502	1	416	105
796	15	4990	004
3218	12	2018	038
702	6	28	018
480	1	481	155
8708	23	12505	129
44	5	25	119
2945	14	4034	133
1593	1	1594	072
446	1	259	058
734	15	4977	076
2909	9	2593	157
2071	6	28	132
1922	6	2018	146
284	6	285	010
2693	14	3468	139
636	1	172	141
2644	10	2924	068
3866	14	3487	098
25	6	30	006
3197	12	2120	102
1956	6	2009	124
415	1	416	144
473	1	416	142
260	1	189	028
1959	6	2018	161
702	1	28	148
2615	9	2593	130
2030	6	2009	091
2153	6	30	071
1841	23	2997	103
2298	12	2155	151
2298	12	2155	150
2809	17	5818	121
2916	9	2517	096
2615	9	2593	098
2119	6	2045	043
1912	15	5024	111
659	1	341	074
832	1	416	047
212	1	189	086
2030	6	2008	031
845	1	28	058
702	1	28	062
17	6	30	066
812	1	416	133
205	15	4990	108
2119	6	2045	076
3193	12	115	152
7847	23	2966	022
2663	17	5817	139
284	6	2040	103
142	6	29	161
6414	23	2935	064
578	1	28	046
2069	6	2018	135
3186	12	2155	159
3209	12	30	041
1429	6	30	037
473	6	2082	067
818	1	416	149
2156	6	30	072
2909	9	2720	098
742	1	748	137
734	15	4977	038
2945	14	4034	100
629	1	30	074
8957	23	2922	054
3219	12	2027	115
3216	12	2155	161
759	1	28	136
2116	6	2018	086
1841	23	2997	105
2022	6	2023	154
2808	10	2924	093
7146	23	12532	159
19	6	2009	091
228	1	229	024
3219	12	2027	144
2140	6	2008	071
2144	6	2009	092
3200	12	2055	141
284	6	2040	100
734	15	4977	033
4890	14	3785	054
3219	12	2027	136
2917	10	2942	123
2911	9	2482	118
6726	23	2966	132
205	15	4990	050
7146	23	12532	142
1525	6	29	087
771	6	30	102
211	1	189	105
728	1	405	129
636	1	172	121
771	1	629	113
213	1	189	094
228	1	229	063
831	1	416	041
968	1	408	002
428	15	5024	121
406	1	408	123
2909	9	2593	070
2130	6	2008	025
2126	6	625	140
303	1	416	101
675	6	2052	023
3833	14	3719	054
2917	10	2942	104
2911	10	2720	143
1363	1	27	074
2693	12	28	082
2101	6	2040	149
588	6	30	035
2729	23	2935	015
1502	1	416	151
578	1	28	096
2140	6	2009	087
118	1	119	158
630	6	29	153
2169	6	29	062
215	1	189	066
5308	15	5088	098
2809	17	5817	123
1525	6	29	053
2903	12	170	151
3577	14	3437	113
478	1	444	115
3106	11	3087	077
2903	11	3089	093
2729	23	2966	130
113	6	29	153
364	6	29	157
3206	12	2082	026
2071	6	30	028
2121	6	405	093
2153	6	30	044
734	15	4977	088
734	15	4977	029
212	1	189	020
69	1	72	026
3218	12	2018	019
771	6	29	156
2785	9	2593	086
794	1	478	145
702	6	28	035
509	15	4977	030
431	1	189	096
1975	6	2008	017
1958	6	2061	046
6006	17	5818	038
810	1	416	118
811	1	416	035
178	6	115	155
2055	9	2490	161
968	1	408	048
1429	6	30	101
2911	9	2482	122
845	1	28	149
47	6	28	134
2809	17	5818	158
1958	6	2061	015
9225	20	6706	144
2663	17	5818	146
1644	15	5088	142
1363	1	27	103
17	1	18	061
742	1	748	127
6524	17	6068	134
55	6	29	154
8301	23	3060	028
44	6	30	067
2909	9	2593	047
832	1	416	014
762	1	28	150
2059	6	2061	043
118	1	119	149
3577	14	3437	118
702	1	28	063
169	6	173	051
734	15	4977	095
195	1	189	114
292	1	120	077
1922	6	2061	042
4054	14	3623	119
3219	12	2027	077
2003	6	30	040
2153	6	30	034
6247	23	12509	147
3106	11	3087	129
88	6	30	022
2808	9	2517	086
2169	6	29	105
3193	12	2155	092
846	1	397	097
3211	12	2082	013
1525	6	29	125
284	6	2040	143
2539	9	2540	140
6247	23	2935	064
675	15	5120	138
832	1	416	054
478	1	444	042
2105	6	30	050
2615	9	2517	132
1363	1	27	127
588	6	30	110
2135	6	2008	049
2047	6	171	016
1939	15	5024	159
100	6	29	147
25	6	30	060
2615	9	2476	119
578	1	28	116
25	6	30	111
88	6	30	098
6006	17	5818	060
8957	23	2922	089
1429	6	30	121
6247	23	2935	140
3225	23	2989	107
2047	6	171	130
212	1	189	060
11201	22	11202	143
711	1	28	064
742	15	4990	149
3237	12	116	150
1947	6	173	021
3166	23	12532	041
584	6	259	074
1912	6	259	044
380	6	30	075
17	1	1561	016
195	1	189	134
480	15	5067	119
3187	23	12518	094
3434	14	3437	155
2729	23	2935	041
2903	11	3089	038
7449	17	6399	141
598	6	30	014
771	1	629	124
1931	6	116	113
6247	23	12509	126
25	1	28	156
212	1	189	106
473	6	2040	152
7847	23	2966	007
2006	6	29	062
205	6	2019	150
380	6	30	105
7847	23	2966	110
597	15	5088	084
260	1	189	128
211	1	189	095
2587	9	2588	146
2006	6	29	058
3225	23	2938	119
831	1	416	057
215	1	189	150
2101	6	2008	041
443	1	416	085
25	15	4990	054
5308	15	5088	021
292	1	120	050
406	1	408	055
3833	14	3496	057
215	1	189	130
2600	9	2476	161
3577	14	3437	120
2026	6	30	044
3187	23	12518	126
2583	9	2476	146
2945	14	3623	127
213	1	189	050
1912	6	259	050
3218	12	2018	131
2153	6	29	160
2153	6	550	134
3218	12	2018	135
55	6	29	135
3034	10	2963	155
2808	10	2924	070
3166	23	12532	092
675	6	405	115
3090	11	3087	158
169	1	173	028
2809	17	5818	094
771	6	29	145
2047	6	171	101
2116	6	2018	149
2836	9	2705	041
88	6	30	124
636	1	172	087
509	6	30	007
2135	6	2045	004
578	1	28	036
1958	6	2061	071
818	1	416	124
473	6	2040	109
478	1	444	080
205	15	4990	118
2587	9	2476	099
1959	6	2008	048
2003	6	2038	005
2021	6	405	089
2909	9	2720	073
2130	6	2009	114
2071	6	30	061
2615	9	2593	123
796	15	4990	137
198	1	189	111
4613	14	4132	037
3178	11	3087	149
812	1	416	077
702	6	28	113
659	1	341	147
1133	6	30	020
3206	12	2082	002
381	1	259	047
613	1	416	088
44	5	25	128
113	6	30	039
5308	15	5088	094
2811	9	2517	144
2143	6	2045	015
6247	23	12509	133
659	1	341	111
4054	14	3623	111
69	1	72	097
2785	9	2520	148
480	15	4990	150
800	1	416	143
3209	12	30	039
1976	6	229	044
2539	9	2540	050
2809	17	5818	126
2006	6	29	095
3231	12	29	081
2140	6	2008	062
2113	6	29	073
2644	10	2924	069
711	1	28	121
205	1	207	073
212	1	189	085
2142	6	2008	033
8301	23	3060	118
3053	23	12505	103
3090	11	3087	139
734	15	4977	009
478	1	444	141
444	1	405	095
3166	23	12532	042
2583	9	2476	127
720	1	28	005
2026	6	30	041
3211	14	3426	081
5308	15	5088	067
765	6	30	087
2688	9	2517	099
584	1	259	078
2729	23	2966	132
3577	14	3437	053
25	6	30	076
4568	23	2946	148
2071	6	30	051
3064	23	12505	116
702	6	28	068
3577	14	3437	041
446	1	405	115
832	1	416	025
2945	14	3623	115
1486	1	845	161
7789	17	5950	159
1525	6	29	086
1133	6	30	030
19	6	2008	023
1975	6	2008	026
3101	11	3102	068
2030	6	2008	069
1433	15	4969	161
6247	23	2935	153
1922	6	2061	007
55	6	30	010
3025	10	3026	094
2773	14	3636	092
3187	12	2055	160
428	15	5024	129
3211	14	3426	075
2809	17	5817	135
2138	6	2008	036
6247	23	2935	025
169	6	405	100
509	15	4977	079
2615	9	2476	107
2006	6	29	130
2785	9	2593	074
1912	6	405	107
1947	6	173	003
2903	11	3089	125
25	15	5024	156
675	15	4990	114
88	6	30	003
172	15	5043	149
2130	6	2027	153
597	15	5088	052
399	1	401	159
799	1	766	151
2615	9	2593	161
2693	14	3469	159
399	1	405	109
2047	6	171	014
2140	6	2008	031
1860	9	2517	140
2587	9	2588	064
178	6	116	042
196	1	189	118
142	6	30	090
6006	17	5818	141
1970	6	2040	085
113	6	30	066
2169	6	29	052
6247	23	12509	043
431	1	189	101
303	1	416	100
113	6	30	033
3200	12	2055	135
1975	6	2009	106
2153	6	30	017
1947	6	173	011
3143	11	3087	052
2911	10	2720	090
831	1	416	062
381	6	405	082
2169	6	29	027
7789	23	12532	100
675	15	5120	059
2073	6	2008	035
2135	6	2008	039
2615	9	2476	145
3064	23	12505	150
3101	11	3102	018
588	6	30	115
8779	23	2989	050
2119	6	2045	138
7847	23	2966	156
443	1	416	098
2773	9	2517	135
260	1	189	151
2130	6	2008	023
4568	23	2946	120
588	1	589	150
17	6	30	034
478	1	444	024
2022	6	2123	103
2119	6	2008	060
2020	6	2018	159
2047	6	171	031
178	1	179	018
396	6	29	139
3577	14	3437	094
3090	11	3087	143
702	6	28	025
2916	9	2517	090
2059	6	2061	070
3193	12	2155	079
2693	12	28	019
4646	14	3509	140
3209	12	30	128
292	1	120	071
2065	6	2040	086
1959	6	2008	040
2917	9	2593	051
4	1	626	146
1947	6	405	122
1961	6	2009	093
2729	23	2935	021
1429	6	173	010
5308	15	5088	043
6414	23	2935	135
2909	9	2720	061
3209	12	30	088
2587	9	2588	056
1947	6	173	038
1961	6	2027	135
1525	6	29	016
1841	23	2997	119
2693	12	28	117
6247	23	2935	058
228	1	229	053
2917	9	2593	132
3833	14	3719	049
771	1	629	116
846	1	397	133
759	1	28	151
3766	14	3495	058
2021	6	405	115
488	1	30	127
1592	6	30	039
188	1	189	091
3197	12	2055	154
19	6	2044	137
169	6	173	059
8708	23	12505	125
3053	23	12505	118
1947	6	173	017
17	1	18	067
1970	6	2084	048
480	15	5067	095
2003	6	2019	134
6006	17	5818	040
6414	23	2935	070
88	6	30	009
69	1	72	108
1947	6	173	006
2729	23	2966	136
6247	23	12509	102
19	6	2008	027
2809	17	5816	122
2693	12	28	014
381	1	405	145
1912	6	171	157
630	6	30	098
832	1	416	143
1941	6	2008	077
4885	17	8813	109
3521	14	3513	121
610	1	416	047
845	1	28	069
303	1	416	115
2030	6	2008	038
44	1	46	147
3200	12	2055	119
2157	6	2120	150
711	1	28	155
810	1	416	025
1133	6	592	153
2121	6	2122	000
211	1	189	078
2006	6	29	068
8037	20	7092	149
1912	6	405	116
6726	23	2966	000
845	1	28	025
584	1	259	045
765	1	766	152
2026	6	30	048
629	1	30	110
810	1	416	108
172	1	402	070
428	6	405	129
3217	12	28	054
3166	23	12532	157
8957	23	2922	160
3231	12	29	062
3209	12	30	026
1947	6	173	079
428	6	405	096
1999	15	5024	153
1970	6	2040	136
2911	9	2482	071
765	6	30	094
2073	6	2009	091
3206	12	2120	125
3170	17	5947	154
1976	6	2040	115
1956	6	2045	014
12528	23	12532	088
2587	9	2588	143
3211	12	2082	071
1958	6	2009	112
17	1	18	053
1947	6	2027	160
444	1	405	118
2916	9	2517	139
47	1	30	067
2156	6	30	047
771	6	30	024
3225	23	2989	087
473	1	416	098
3231	12	29	094
3888	14	3495	029
2130	6	2009	100
211	1	189	146
845	1	28	131
1947	6	405	090
2110	6	171	157
3225	23	2989	057
8957	23	2922	052
2909	9	2593	008
2071	6	30	114
8957	23	2922	025
2140	6	2008	073
1133	6	30	068
812	1	416	153
2298	12	2155	161
12	1	14	142
2169	6	29	099
818	1	416	112
2845	9	2518	124
1930	15	4977	070
178	1	179	088
630	1	632	148
3064	23	12505	062
215	1	189	026
142	6	30	061
3143	11	3087	063
3225	23	2938	044
3064	23	12505	103
8779	23	2989	045
6247	23	12509	111
178	1	179	086
8525	17	6012	115
25	15	5024	056
284	1	189	152
818	1	416	050
659	1	341	153
396	6	30	036
711	1	28	143
69	1	72	132
2845	9	2518	109
1970	6	2055	023
2030	6	2008	071
1363	1	27	058
8779	23	2989	148
5308	15	5088	071
2116	6	2018	089
6006	17	5818	148
613	1	416	130
3217	12	28	093
4615	14	3737	082
2911	10	2720	075
3209	12	30	055
3508	14	3436	154
478	1	444	015
3218	12	2018	140
8301	23	3060	035
3237	12	116	136
380	6	30	126
2074	6	402	135
473	6	2040	106
2035	6	2009	106
2903	12	170	145
17	6	30	060
3218	12	2018	065
205	15	4990	101
2822	14	3475	134
205	15	4990	023
810	1	416	078
3833	14	3496	059
1976	6	229	030
284	1	189	134
2026	6	2111	130
3106	11	3087	128
19	6	2044	138
822	1	416	147
1976	6	229	084
211	1	189	160
303	1	416	053
2059	6	2061	087
6726	23	2966	142
2073	6	2009	093
2003	6	30	120
2169	6	29	123
2142	6	2008	030
113	6	30	100
2615	9	2593	135
100	6	30	130
4613	14	4132	033
812	1	416	104
1133	6	592	141
2693	14	3468	153
113	6	46	133
675	15	4990	068
509	6	30	029
3197	12	2055	116
381	1	405	146
1851	10	2997	146
810	1	416	106
3217	12	28	136
845	1	28	048
178	1	179	041
3053	23	12505	081
1363	1	27	111
759	1	28	053
25	6	30	082
198	1	189	059
2785	9	2520	131
613	1	416	095
2102	6	2082	073
1133	15	4990	133
3200	12	2055	147
2059	6	2061	007
2030	6	2045	009
613	1	416	000
2696	9	2476	121
381	1	405	132
3101	11	3102	022
3193	12	2155	014
1133	6	30	122
1956	6	2040	160
44	5	25	025
3216	12	2155	107
812	1	416	103
2696	14	3690	048
3231	12	29	003
7847	23	2966	039
178	6	116	130
2065	6	2040	024
12	1	14	080
3190	12	2084	023
2693	11	3087	125
2867	9	2517	111
4054	14	3623	133
2696	9	2476	073
2539	9	2482	141
1930	15	4977	147
2119	6	2045	094
630	6	30	125
832	1	416	089
6414	23	2935	037
822	1	416	048
1912	6	259	066
2962	10	2963	120
6414	23	2935	052
2030	6	2032	145
3225	23	2989	003
1910	14	3956	151
812	1	416	062
205	15	4990	113
2696	9	2476	094
2909	9	2593	124
3193	12	2155	084
2809	17	5816	146
3211	12	2120	101
6247	23	12509	067
2587	9	2588	129
702	1	28	057
2015	6	115	153
588	6	30	090
675	1	320	121
1133	15	4990	019
613	1	416	113
2127	6	171	098
381	6	405	033
1922	6	2018	123
742	15	4990	138
2003	6	30	060
759	1	28	085
2059	6	2061	046
629	1	30	008
2587	9	2476	047
759	1	28	059
1429	6	173	007
178	6	116	129
44	5	25	113
1959	6	2009	117
584	1	259	079
2130	6	2045	014
2178	6	30	125
169	6	173	024
199	1	189	158
2119	6	2120	116
734	15	4977	112
2729	23	2966	008
1502	1	416	132
1975	6	2009	118
2677	9	2486	159
25	15	5024	008
381	6	405	089
3113	14	3524	059
2903	11	3089	051
431	1	189	004
228	6	2040	136
2688	9	2517	151
2845	10	2977	129
6401	17	6068	160
578	1	28	068
380	6	29	149
2003	6	2019	156
2119	6	2120	090
2126	6	2008	040
415	1	416	129
228	1	229	038
3053	23	12505	117
12	1	14	139
1941	6	2045	016
3205	12	2055	150
199	1	189	138
3833	14	3495	070
818	1	416	023
3219	12	2027	087
3206	12	2082	041
446	1	405	102
675	15	4990	023
4885	17	8813	075
2809	17	5817	159
4885	17	8813	020
3090	11	3087	152
17	1	18	036
69	1	72	101
2811	9	2517	103
1947	6	173	000
3225	23	2938	043
2587	9	2588	101
7141	17	5853	154
2119	6	2045	128
3577	14	3437	045
588	6	30	123
2696	9	2476	050
303	1	416	042
5168	15	5088	136
2068	6	405	099
629	1	30	059
613	1	416	006
1976	6	2040	111
2102	6	2040	089
292	1	120	051
7789	23	12532	080
100	6	30	027
2729	23	2966	027
2073	6	2008	029
55	6	30	014
213	1	189	070
2729	23	2966	141
3053	23	12505	126
25	15	4990	116
3216	12	2155	127
1958	6	2009	125
2615	9	2476	134
178	6	116	119
3206	12	2082	038
199	1	189	087
44	5	25	033
47	6	29	159
2984	10	2946	094
720	1	28	121
113	6	46	135
1961	6	2009	106
6247	23	2935	150
381	1	405	113
7847	23	2966	094
1429	6	2027	143
211	1	189	139
2119	6	2120	095
8779	23	2989	049
734	15	4977	052
2169	6	29	145
675	6	402	143
2069	6	2018	160
3187	23	12518	098
2130	6	2008	060
2903	11	3089	137
3206	12	2082	066
2809	17	5818	115
2119	6	2120	129
17	6	30	037
1429	6	30	109
3144	17	6857	157
1930	15	4977	133
12	1	14	128
3093	17	6704	159
2809	17	5818	101
2071	6	30	125
284	6	2040	095
47	6	30	081
7141	17	6700	148
771	6	30	085
2811	9	2517	111
2026	6	30	018
1644	15	5088	153
2615	9	2593	110
3217	12	28	121
446	1	402	137
6006	17	5818	156
812	1	416	053
2809	17	5816	141
1133	6	30	106
1363	1	27	063
1841	23	2997	117
28	6	29	141
2539	9	2540	141
3225	23	2989	010
2105	6	30	013
169	1	172	137
406	1	408	029
968	1	408	022
2917	9	2593	076
3189	12	2040	034
2984	10	2946	066
2071	6	30	022
7146	23	12532	066
2003	6	30	131
675	15	5120	073
3166	23	12532	136
399	6	402	144
2130	6	2008	027
4568	23	2946	021
2539	9	2540	065
675	15	5120	146
1133	6	30	090
3237	12	116	030
3143	11	3087	138
3166	23	12532	123
188	1	189	023
734	15	4977	092
28	6	29	146
2809	17	5818	134
380	6	30	055
2026	6	30	112
598	6	30	121
25	15	5024	049
2153	6	29	158
818	1	416	118
4885	17	8813	083
5308	15	5088	012
260	1	189	074
8779	23	2989	018
381	1	259	068
3064	23	12505	080
213	1	189	040
364	6	29	154
1961	6	2008	078
2845	14	3956	158
172	1	402	095
630	6	30	127
113	6	30	084
2113	6	29	134
443	1	416	123
2026	6	30	123
260	1	189	106
822	1	416	057
2140	6	2009	093
2693	12	28	103
6247	23	12509	011
800	1	416	001
1959	6	2008	018
172	1	402	023
2116	6	2061	036
2130	6	2009	098
607	15	4990	122
2539	9	2540	154
2169	6	29	040
734	15	4977	055
396	6	30	094
1133	15	4990	091
3219	12	2027	034
2101	6	2040	156
9264	20	6706	133
178	6	116	047
3219	12	2027	152
6414	23	2935	129
1970	6	2040	144
7184	20	6706	142
6247	23	12509	089
2125	6	2009	119
3113	11	3102	130
1593	1	1594	043
1133	6	592	156
822	1	416	139
1525	6	29	057
1547	6	29	151
3106	11	3087	079
607	15	4990	144
6726	23	2966	021
1947	6	173	016
1947	6	173	053
588	6	30	041
188	1	189	113
473	1	416	151
2917	10	2942	073
1958	6	2061	067
5308	15	5088	078
509	6	30	108
832	1	416	086
205	1	207	087
2073	6	2009	082
2006	6	29	098
431	1	189	035
1970	6	2040	093
1941	6	2008	066
2845	10	2977	105
446	1	405	112
2845	10	2977	140
1525	6	29	037
178	6	116	125
796	15	4990	129
205	6	30	095
2074	6	2075	033
17	6	30	085
2130	6	2008	046
1975	6	2009	094
734	15	4977	157
675	15	4990	084
480	1	481	160
431	1	189	093
2773	9	2517	130
1958	6	2061	042
5308	15	5088	068
2021	6	171	155
2457	17	6603	160
2909	9	2720	056
2102	6	2040	111
2057	6	173	035
3209	12	30	046
44	6	30	013
7789	23	12532	068
2809	17	5935	137
3577	14	3437	121
771	6	30	041
3219	12	2027	160
480	15	5067	123
1502	1	416	079
2663	9	2476	158
284	1	189	125
636	1	172	086
428	6	2043	083
3713	14	3714	050
2065	6	2040	032
811	1	416	138
2126	6	2009	113
205	15	4990	032
1871	12	2155	119
800	1	416	115
3217	12	28	023
2917	10	2942	077
2615	9	2593	117
381	6	405	047
742	15	4990	159
3217	12	28	046
172	15	5043	134
2911	10	2720	139
1644	1	207	134
3190	12	2084	017
396	6	30	006
4654	14	3786	094
659	1	341	005
178	6	117	006
2157	6	2120	153
2663	9	2588	137
142	6	30	036
215	1	189	152
6414	23	2935	031
2911	10	2720	083
3025	10	3026	082
25	15	4990	083
2156	6	30	004
6414	23	2935	094
3130	14	3509	147
1941	6	2045	017
284	6	2008	051
3219	12	2027	095
169	1	173	110
6414	23	2935	122
2592	9	2593	113
3101	11	3102	048
2121	6	2122	010
100	6	30	009
818	1	416	010
968	1	74	155
2845	10	2977	109
195	1	189	006
1893	12	2155	161
2501	9	2502	153
509	6	30	114
1975	6	2008	046
228	1	229	001
228	6	229	074
1133	15	4990	096
2916	9	2517	126
818	1	416	079
2138	6	2018	150
810	1	416	057
2808	9	2517	112
431	1	189	027
6247	23	12509	118
7881	20	6706	154
3113	11	3102	099
8583	17	5872	116
260	1	189	001
578	1	28	148
7847	23	2966	056
675	15	4990	111
509	6	30	017
473	6	2082	036
188	1	189	030
2113	6	29	013
2030	6	2009	099
2168	6	173	038
2729	23	2966	084
6726	23	2966	093
734	15	4977	085
188	1	189	048
2729	23	2966	039
1525	6	29	145
415	1	416	005
2143	6	2045	007
1525	6	29	062
2845	9	2518	115
228	1	229	010
2153	6	30	062
3216	12	2155	045
711	1	28	123
2156	6	30	051
1593	1	1594	112
2808	10	2924	098
142	6	30	095
473	1	416	009
2811	9	2517	149
2073	6	2009	085
25	15	5024	096
2808	9	2517	094
2822	20	6706	120
588	6	30	074
2785	9	2593	158
431	1	189	104
1133	6	592	150
3231	12	29	117
2113	6	29	060
2867	9	2517	116
584	6	259	047
1133	15	4990	146
6247	23	12509	053
228	1	229	031
6247	23	12509	116
69	1	72	017
380	6	29	161
2696	9	2476	059
7146	23	12532	086
509	15	4977	036
610	1	416	045
2126	6	2008	053
734	15	4977	057
584	6	259	066
2867	9	2588	136
702	1	28	099
734	15	4977	144
7372	20	6706	156
3219	12	2027	081
3189	12	2040	104
197	1	189	146
2113	6	29	082
2867	9	2517	121
1592	1	299	154
2809	17	5935	141
3186	12	2155	133
3113	11	3102	139
728	1	405	106
626	6	46	155
478	1	444	142
2035	6	2009	082
509	15	4977	006
675	15	4990	045
3834	14	3835	159
1947	6	405	117
396	6	30	014
796	15	4990	051
303	1	416	057
629	1	30	027
142	6	30	026
1363	1	27	026
473	6	2055	028
2071	6	30	015
765	6	30	074
2501	9	2502	154
69	1	70	159
198	1	189	041
2021	6	171	149
1502	1	416	154
2026	6	2031	153
1502	1	416	017
2153	6	30	087
818	1	416	011
2105	6	30	100
509	6	30	065
3101	11	3102	082
800	1	416	150
205	6	2038	013
3209	12	30	023
812	1	416	039
260	1	189	008
205	6	30	046
3206	12	2082	009
3190	12	2084	029
2130	6	2009	117
2729	23	2935	073
2006	6	29	043
1910	14	3707	141
613	1	416	044
509	6	30	050
396	6	30	096
25	6	30	078
1941	6	2009	099
509	6	30	127
846	1	397	131
2587	9	2476	080
2693	12	28	002
1133	6	30	067
2909	9	2720	050
25	15	5024	120
6726	23	2966	074
1922	6	2018	149
205	6	2019	135
3577	14	3437	066
2142	6	2009	115
2138	6	2009	098
55	6	30	095
2587	9	2588	139
3225	23	2989	104
1975	6	2009	083
3205	12	2055	151
2945	14	3623	135
2021	6	402	147
25	6	30	015
1975	6	2008	024
734	15	4977	161
796	15	4990	065
1970	6	2084	001
3237	12	116	035
2592	9	2593	159
2660	15	4969	159
2065	6	2040	012
1894	23	2920	067
3225	23	2989	019
28	9	29	141
598	6	30	123
2867	9	2517	129
205	1	207	135
2539	9	2540	049
1959	6	2009	103
205	6	30	047
431	1	189	034
2917	10	2942	111
3219	12	2027	065
44	5	25	015
1593	1	1594	004
488	1	30	067
3113	11	3102	156
2113	6	29	079
3218	12	2018	158
3143	11	3087	122
113	6	29	138
2102	6	2040	140
8301	23	3060	081
2688	9	2517	156
3732	14	3734	039
4885	17	8813	070
1894	23	2920	084
3216	12	2155	014
2047	6	171	054
25	6	29	152
2587	9	2588	086
734	15	4977	146
2592	9	2593	130
742	15	4990	133
1961	6	2009	084
44	5	25	041
292	1	120	117
6247	23	2935	011
6247	23	2935	110
2123	9	2490	161
2693	17	5951	158
25	6	30	092
478	1	444	049
771	6	30	073
2615	9	2476	121
1429	6	173	018
47	6	30	125
11201	22	10030	146
2026	6	30	061
9289	20	6706	126
675	15	4990	067
734	15	4977	141
2074	6	405	105
8301	23	3060	145
2142	6	2008	073
2157	6	2120	154
1133	15	4990	046
196	1	189	136
205	1	207	025
55	6	30	052
578	1	28	093
381	1	405	087
1975	6	2008	035
212	1	189	099
8957	23	2922	076
2909	9	2720	058
2917	17	5873	054
69	1	74	152
44	6	30	022
142	6	2044	134
796	15	4990	126
2071	6	30	097
509	6	30	006
198	1	189	001
1930	15	4977	046
765	6	29	161
480	15	4990	092
2102	6	2040	129
205	1	207	075
17	6	30	050
711	1	28	103
2121	6	405	102
2144	6	2009	111
2903	11	3089	015
2916	9	2517	157
2696	9	2476	079
509	6	30	081
2809	17	5816	145
2068	6	173	014
169	6	405	090
172	1	171	149
675	15	4990	060
473	1	416	030
2021	6	402	146
1133	15	4990	003
2962	10	2963	123
228	1	229	012
381	6	405	112
2169	6	29	112
2026	6	30	099
3209	12	30	090
2074	6	2075	036
1930	15	4977	066
358	1	29	152
1424	1	444	161
380	6	30	044
396	6	30	093
88	6	30	055
2113	6	29	019
2644	9	2593	098
1363	1	27	118
588	6	30	122
2615	9	2517	127
284	1	189	091
2615	9	2476	149
3193	12	2155	043
2142	6	2045	013
771	6	30	087
2008	9	259	048
2123	15	4969	159
630	6	30	038
2059	6	2060	161
675	15	4990	077
832	1	416	121
8767	17	8432	141
636	1	172	138
968	1	408	094
113	6	30	008
2127	6	2027	160
832	1	416	133
3209	12	30	114
478	1	444	065
846	1	397	058
1871	12	2155	011
478	1	444	052
4932	14	3491	004
702	6	28	131
380	6	30	070
47	6	30	103
2785	9	2593	120
771	6	30	042
3209	12	30	022
3425	14	3427	124
1593	1	1594	111
197	1	189	142
2845	14	3956	106
3190	12	2120	125
1947	6	405	128
3237	12	116	019
2773	9	2517	128
2917	9	2593	083
292	1	120	138
2808	9	2517	133
6247	23	2935	059
4568	23	2946	001
734	15	4977	142
1922	6	2018	150
1956	6	2009	098
630	6	30	117
2105	6	30	035
188	1	189	063
2065	6	2040	064
25	6	30	102
3130	14	3437	128
2909	9	2720	120
3064	23	12505	000
7156	17	6436	134
2003	6	2019	135
199	1	189	080
3755	14	3495	143
3036	10	2924	054
3053	23	12505	127
675	15	5120	112
846	1	397	037
380	1	1363	151
3219	12	2027	143
2909	9	2720	088
1841	23	2997	112
2105	6	30	105
2909	9	2720	062
2153	6	30	080
55	6	30	110
2035	6	625	139
113	6	30	046
88	6	30	033
2729	23	2966	074
1975	6	2008	008
2587	9	2476	053
25	15	5024	095
284	1	285	000
47	1	30	077
88	6	29	153
2693	11	3087	123
578	1	28	090
19	6	2008	065
630	6	29	144
3113	11	3102	157
3206	12	2120	088
2909	9	2593	083
1363	1	27	021
3190	12	2120	129
3237	12	116	119
1363	1	27	008
3025	10	3026	091
478	1	444	000
2729	23	2935	109
113	6	30	127
2035	6	625	160
2006	6	29	141
1958	6	2061	025
2003	6	30	101
1871	12	2155	009
3193	12	2155	000
8957	23	2922	090
3166	23	12532	003
44	5	25	050
205	15	4990	014
25	15	5024	027
19	6	2009	116
11201	22	10030	151
1930	15	4977	110
2008	9	259	051
88	6	30	016
2539	9	2482	071
205	6	30	037
3193	12	2155	061
195	1	189	093
2022	6	2123	135
2719	10	3016	128
303	1	416	035
4568	23	2946	084
443	1	416	009
3130	14	3491	150
2026	6	30	072
2026	6	30	126
2074	6	2075	029
205	6	30	129
968	1	408	117
2126	6	2008	074
69	1	72	087
4885	17	8813	019
800	1	416	114
720	1	28	128
6247	23	2935	082
6726	23	2966	124
6247	23	2935	109
1961	6	2027	159
3053	23	12505	066
2156	6	30	073
213	1	189	118
197	1	189	068
1593	1	1594	128
2615	9	2476	151
3187	23	12518	122
636	1	172	102
3219	12	2027	100
1860	9	2517	124
2140	6	2008	045
2144	6	2009	098
3206	12	2120	140
196	1	189	133
1961	6	2008	022
7878	17	6399	144
3231	12	29	000
675	15	4990	051
4885	17	8813	026
2130	6	2027	136
2945	14	3623	149
2903	11	3089	091
4899	14	3500	161
3143	11	3087	051
205	1	207	004
3166	23	12532	060
734	15	4977	023
260	1	189	120
215	1	189	098
771	6	28	132
3225	23	2938	106
2127	6	171	005
480	15	5067	136
846	1	845	155
2773	14	3463	083
1486	6	29	151
1133	15	4990	158
3231	12	29	133
4568	23	2946	006
2587	9	2588	159
4568	23	2946	085
258	1	259	062
2008	9	259	067
1871	12	2155	104
2101	6	2040	083
443	1	416	140
818	1	416	153
7847	23	2966	083
3197	12	2055	128
44	6	29	139
188	1	189	083
1851	10	3056	153
212	1	189	114
675	15	5120	108
2105	6	30	081
845	1	28	148
2298	12	2155	142
6247	23	2935	115
3193	12	2155	133
2105	6	30	002
2026	6	30	024
2903	11	3089	001
303	1	416	050
2909	9	2720	144
142	6	30	097
759	1	28	147
415	1	416	007
478	1	444	122
6414	23	2935	090
443	1	416	029
832	1	416	102
2059	6	2018	130
728	1	405	127
3225	23	2938	014
3032	17	5873	109
2113	6	29	149
2065	6	2040	100
818	1	416	101
1547	6	29	148
2583	9	2476	132
169	6	405	111
2693	12	28	107
846	1	397	032
25	6	30	011
8957	23	2922	097
613	1	416	042
3577	14	3437	039
3143	11	3087	041
734	15	4977	026
2127	6	171	044
2073	6	2009	118
2015	6	115	145
2845	10	2977	148
196	1	189	016
1894	23	2920	005
2135	6	2145	138
2169	6	29	043
2729	23	2935	141
178	6	116	097
3216	12	2155	125
2022	6	2023	161
2809	17	5818	102
811	1	416	069
6414	23	2935	048
675	15	5120	095
2663	17	6190	159
2808	9	2517	111
1975	6	625	156
3784	14	3785	157
1912	6	405	129
509	6	30	122
2984	10	2946	093
2809	17	5817	161
3577	14	3437	019
292	1	120	000
2059	6	2060	122
4899	14	3623	143
228	6	229	007
720	1	28	084
211	1	189	061
2113	6	29	145
3209	12	2027	146
215	1	189	032
2587	9	2476	085
2101	6	2008	072
629	1	30	014
205	1	207	111
195	1	189	156
205	1	207	151
2909	9	2593	098
588	6	30	125
6247	23	2935	071
610	1	416	147
3866	14	3487	145
2157	6	2120	112
3888	14	3495	028
2068	6	173	043
1133	15	4990	090
228	6	229	050
702	6	28	072
2809	17	5818	157
734	15	4977	115
675	6	402	133
800	1	416	084
822	1	416	013
2126	6	2009	082
1363	1	119	156
2116	6	2018	098
3143	11	3087	032
2130	6	2031	155
10636	22	2157	143
1871	12	2155	050
675	1	320	085
8548	17	8549	143
8301	23	3060	085
796	15	4990	109
1959	6	2018	135
284	6	2008	067
598	6	30	047
2119	6	2045	155
2917	9	2593	075
1976	6	2040	118
728	1	405	109
3113	11	3102	098
2073	6	2009	107
630	1	632	149
636	1	172	157
2169	6	29	024
2845	14	3956	093
19	6	2009	101
2539	9	2482	104
3218	12	2018	048
3193	20	5762	161
2026	6	30	031
1133	6	30	120
2696	9	2476	071
7847	23	2966	085
2809	17	5816	160
1525	6	29	010
396	6	30	068
7146	23	12532	157
3090	11	3087	146
2916	9	2517	095
2836	9	2705	159
3219	12	2027	062
2785	9	2593	110
734	15	4977	001
8658	17	6639	160
2116	6	2061	024
188	1	189	066
7881	20	6780	159
415	1	416	106
2020	6	2008	033
4613	14	3495	022
832	1	416	142
6779	20	6780	159
2587	9	2476	159
415	1	416	061
3193	12	2155	019
3206	14	3426	083
1133	15	4990	039
6247	23	12509	131
25	15	4990	067
2903	11	3089	007
17	1	18	122
8779	23	2989	071
2773	9	2517	154
818	1	416	069
172	1	402	102
2119	6	2045	069
771	1	629	097
765	6	30	118
1922	6	2061	091
2101	6	2008	061
2047	6	171	157
2047	6	171	113
2539	9	2540	108
2021	6	402	133
845	1	28	052
3237	12	116	107
2140	6	2045	015
169	6	171	158
702	6	28	009
728	1	259	032
2836	17	5818	161
6247	23	2935	074
2074	6	405	108
771	6	30	070
1959	6	2018	136
215	1	189	075
2809	9	2705	119
720	1	28	081
3231	12	29	129
7789	23	12532	009
3130	14	3437	124
1956	6	2045	011
3170	11	3087	160
509	15	4977	087
1860	9	2517	099
6247	23	12509	050
8779	23	2989	054
480	15	4990	048
3216	12	2155	097
6247	23	2935	148
1133	6	30	060
3206	12	2120	091
4568	23	2946	113
6006	17	5818	062
431	1	189	150
2021	6	402	137
509	15	4977	105
2845	9	2518	145
6247	23	2935	002
2119	6	2045	108
6247	23	2935	115
2144	6	2009	081
1860	9	2517	144
630	6	30	093
488	1	30	119
260	1	189	140
2693	12	28	004
2101	6	2040	146
172	1	402	121
44	6	550	131
2644	9	2593	124
2644	9	2593	088
1975	6	2008	055
2065	6	2040	015
172	1	402	126
488	1	30	079
6168	17	5817	149
2003	6	30	083
2140	6	2018	155
3101	11	3102	043
812	1	416	083
2116	6	2018	106
800	1	416	003
2126	6	2009	100
2809	17	5935	142
720	1	28	153
197	1	189	143
473	6	2040	120
822	1	416	050
212	1	189	073
4899	14	3623	149
25	6	28	132
3106	11	3087	008
7146	23	12532	063
2006	6	29	063
431	1	189	144
380	6	29	139
1871	12	2155	117
2113	6	29	144
1970	6	2084	073
212	1	189	046
2539	9	2482	108
188	1	189	094
831	1	416	005
6414	23	2935	080
588	6	589	141
25	6	30	119
11201	22	11202	138
212	1	189	014
1363	1	27	071
55	6	29	148
2785	9	2593	148
2785	9	2593	129
630	6	30	006
2157	6	2120	131
2909	9	2720	043
25	6	29	139
846	1	397	022
5308	15	5088	051
3225	23	2938	128
69	1	72	049
6247	23	12509	152
178	1	179	062
406	1	408	039
1958	6	2061	014
831	1	416	086
6414	23	2935	133
2143	6	2045	014
3209	12	30	110
1912	6	405	102
3231	12	29	053
1363	1	27	057
759	1	28	002
2809	9	2705	157
2911	9	2482	084
3209	12	30	126
675	1	320	103
488	1	28	134
1429	6	30	093
1644	1	207	138
478	1	444	032
1871	12	2155	067
2059	6	2061	083
2836	9	2705	113
6006	17	5818	114
260	1	189	123
509	6	30	101
3225	23	2938	009
2121	6	405	101
720	1	28	077
2119	6	2008	047
968	1	408	006
2035	6	2009	132
12	1	14	106
629	1	30	075
2006	6	29	027
197	1	189	129
480	15	5067	145
228	1	229	083
2126	6	625	158
2539	9	2482	067
2615	9	2517	119
2020	6	2008	058
675	6	405	096
478	1	444	002
1976	6	229	019
1894	23	2920	146
3106	11	3087	146
846	1	397	145
845	1	28	010
3225	23	2989	043
488	1	30	125
6006	17	5818	113
2156	6	30	010
4054	14	3623	132
728	1	259	048
8957	23	2922	148
2140	6	2018	159
1976	6	229	034
17	6	30	082
8301	23	3060	055
1363	1	27	109
629	1	30	068
2729	23	2966	018
812	1	416	096
1959	6	2008	076
2142	6	2008	045
25	6	30	003
8301	23	3060	073
2845	9	2518	120
610	1	416	085
1947	6	2027	133
2592	9	2593	139
675	6	2051	013
198	1	189	149
25	6	28	131
260	1	189	050
3193	12	2155	094
199	1	189	038
728	1	259	047
380	6	29	157
6247	23	12509	090
742	15	4990	115
3113	11	3102	136
629	1	30	048
2135	6	2009	130
822	1	416	150
3189	12	2040	061
17	1	18	126
2917	9	2593	122
380	6	30	043
796	15	4990	074
822	1	416	086
47	1	30	079
2845	14	3956	101
100	6	30	000
6247	23	2935	043
659	1	341	063
1894	23	2920	046
3192	12	2155	070
215	1	189	120
2644	9	2593	072
3090	11	3087	142
3225	23	2938	099
2105	6	30	072
258	1	259	078
2033	6	29	150
734	15	4977	129
2142	6	2009	125
6247	23	12509	083
3434	14	3437	160
2142	6	2027	147
598	6	30	112
2073	6	2008	018
488	1	28	142
1841	23	2997	141
2809	17	5817	130
2126	6	2008	018
2592	9	2593	150
198	1	189	102
2003	6	30	112
3225	23	2938	073
2006	6	29	085
1486	1	397	147
2867	9	2517	108
3178	17	5948	134
2119	6	2045	079
2126	6	2045	004
2102	6	2040	106
1592	6	2029	001
1975	6	2009	125
822	1	416	099
2693	11	3087	126
2144	6	2018	158
810	1	416	113
169	6	405	096
675	15	5120	074
2917	9	2593	073
55	6	30	016
2073	6	2009	099
415	1	416	022
1525	6	29	097
480	15	5067	147
3113	11	3102	117
800	1	416	081
212	1	189	097
303	1	416	160
2065	6	2040	026
3190	12	2084	009
1959	6	2008	074
702	6	28	061
2169	6	29	057
228	6	229	052
1502	1	416	022
2071	6	30	021
443	1	416	012
3143	11	3087	062
5308	15	5088	082
25	15	5024	061
2539	9	2482	123
2539	9	2482	070
6247	23	2935	152
810	1	416	065
1644	1	207	115
1133	6	30	127
3063	10	2924	151
6006	17	5818	142
818	1	416	119
478	1	444	026
205	15	4990	135
198	1	189	125
2909	9	2593	146
2693	12	28	120
3189	12	2040	134
213	1	189	155
3190	12	2120	137
765	1	766	157
55	6	30	015
4885	17	8813	125
588	6	30	130
488	1	30	101
796	15	4990	021
199	1	189	089
478	1	444	088
473	1	416	032
44	1	46	139
381	1	405	159
6006	17	5818	131
2140	6	2008	077
478	1	444	003
4885	17	8813	059
1363	1	27	101
2811	9	2517	109
607	15	4990	151
428	6	259	076
810	1	416	136
3143	11	3087	131
169	6	405	101
659	1	341	116
675	15	5120	117
1133	15	4990	136
765	6	30	088
2808	9	2517	144
415	1	416	135
3206	14	4739	072
6414	23	2935	023
1133	6	30	099
845	1	28	109
212	1	189	018
2135	6	2009	105
6006	17	5818	140
44	5	25	035
2644	9	2593	044
199	1	189	023
2773	9	2517	145
2069	6	1561	008
2589	9	2517	149
3577	14	3437	106
17	1	18	094
3192	12	2155	066
2030	6	2045	016
3231	12	29	068
2003	6	30	129
8957	23	2922	001
1941	6	2008	069
211	1	189	079
205	15	4990	064
44	6	30	089
396	6	28	135
2021	6	402	136
2035	6	625	148
1502	1	416	038
428	6	405	128
2845	14	3956	094
284	1	189	082
2808	10	2924	085
228	6	2040	128
1959	6	2009	098
3106	11	3087	131
142	6	30	116
205	1	207	105
3106	11	3087	140
2916	9	2517	118
2729	23	2935	063
199	1	189	135
178	6	115	160
2059	6	2018	137
198	1	189	088
258	1	259	036
205	15	4990	147
5168	15	5088	081
607	15	4990	105
488	1	30	120
702	1	28	025
2101	6	2040	132
509	15	4977	047
1961	6	2009	102
2539	9	2482	120
702	1	28	090
2153	6	30	115
1922	6	2018	104
2178	6	30	120
636	1	172	024
2105	6	30	048
1429	6	2027	150
1644	15	5088	159
1592	6	2145	151
3113	11	3102	121
4659	14	3793	077
169	1	173	107
6006	17	5818	153
113	6	30	053
2035	6	625	150
2911	9	2482	063
968	1	408	122
846	1	845	157
2127	6	171	014
2020	6	2008	043
25	15	4990	152
1959	6	2009	081
1970	6	2084	051
6726	23	2966	154
473	6	2055	026
734	15	4977	090
734	15	4977	054
399	1	405	118
1502	1	416	081
610	1	416	123
2105	6	30	046
2507	9	2476	158
588	6	30	008
1133	6	30	038
1956	6	2009	120
7146	23	12532	006
7847	23	2966	079
303	1	416	030
659	1	341	077
3189	12	2040	085
69	1	72	095
3216	12	2155	148
810	1	416	145
810	1	416	140
2169	6	29	039
142	6	30	105
2809	17	5818	137
3190	12	2084	008
3225	23	2938	072
406	1	408	114
1644	1	207	015
2909	9	2593	050
2071	6	30	127
2911	9	2482	161
578	1	28	094
446	1	405	096
2693	12	28	081
3211	12	2120	112
443	1	416	147
3178	11	3087	135
3219	12	2027	045
8957	23	2922	120
7789	23	12532	144
630	6	30	039
44	5	25	008
2021	6	405	129
2065	6	2040	045
2917	10	2942	116
3237	12	116	063
284	6	2008	068
211	1	189	143
2069	6	2018	112
478	1	444	113
2030	6	2008	050
2142	6	2009	107
2917	9	2593	099
169	6	405	124
364	6	29	161
1133	6	30	094
2057	6	173	063
196	1	189	031
2845	9	2518	122
831	1	416	090
584	6	405	128
3113	11	3102	060
720	1	28	156
2587	9	2588	108
1592	6	29	159
759	1	28	121
169	1	173	024
765	6	30	036
1525	6	29	130
172	1	402	081
473	6	2082	039
25	15	4990	057
3187	23	12518	080
8957	23	2922	121
2021	6	405	105
8301	23	3060	024
578	1	28	160
771	6	30	071
431	1	189	142
6414	23	2935	038
2021	6	405	133
4885	17	8813	071
55	6	29	161
88	6	30	077
55	6	30	072
1922	6	2061	035
2660	9	2486	159
213	1	189	001
2059	6	2060	159
88	6	30	107
636	1	172	118
3189	12	2040	111
1968	5	598	161
2074	6	2075	055
6247	23	12509	112
100	6	30	070
11580	22	9538	155
25	6	30	097
2059	6	2018	127
6247	23	2935	019
3225	12	2155	146
2615	9	2476	130
3200	12	2055	156
2916	9	2517	138
3053	23	12505	159
2047	6	171	070
12	1	14	094
1133	6	30	052
2583	9	2476	139
4885	17	8813	042
2119	6	2045	105
415	1	416	158
734	15	4977	146
363	1	74	142
2903	11	3089	056
2615	9	2517	110
44	1	46	146
284	1	189	106
25	15	5024	121
5168	15	5088	111
1502	1	416	130
629	1	30	022
2587	9	2588	134
2169	6	29	115
2073	6	2008	033
7847	23	2966	034
12016	22	9574	160
734	15	4977	084
1644	1	207	037
172	1	402	036
675	1	320	145
636	1	172	120
2729	23	2935	131
12528	23	12532	011
7789	23	12532	025
1525	6	29	008
205	15	4990	152
734	15	4977	109
1931	6	116	111
2836	9	2705	096
6414	23	2935	087
2809	17	5818	129
2068	6	173	057
1922	6	2061	055
597	15	5088	098
2615	9	2517	121
3211	12	2120	107
3143	11	3087	088
12345	22	9668	143
363	1	364	159
588	6	30	045
1429	6	30	073
3218	12	2018	112
83	6	29	149
3113	11	3102	134
8301	23	3060	122
759	1	28	094
444	1	405	106
5308	15	5088	019
2110	6	171	153
2057	6	173	055
3219	12	2027	027
2135	6	2008	020
613	1	416	075
2140	6	2009	113
2773	9	2517	159
6247	23	12509	030
3190	12	2084	062
6266	17	6110	124
2071	6	30	029
205	6	30	029
303	1	416	123
2903	11	3089	121
818	1	416	004
2127	6	171	150
2663	17	5818	148
2020	6	2009	082
613	1	416	063
2113	6	29	089
2615	9	2476	155
47	6	30	085
765	6	30	012
7847	23	2966	052
3839	14	3495	040
845	1	28	056
675	15	5120	153
2587	9	2476	052
17	1	1561	018
228	6	229	003
771	6	30	047
1956	6	2040	144
771	1	629	076
205	6	30	076
2142	6	2009	130
742	1	748	093
415	1	416	145
195	1	189	138
2696	9	2476	075
178	6	116	135
2030	6	2008	024
396	6	30	026
25	15	5024	040
3113	11	3102	051
2589	9	2517	137
8957	23	2922	036
215	1	189	148
142	6	30	062
17	6	30	121
2587	9	2588	092
69	1	72	096
2020	6	2045	005
4885	17	8813	086
771	6	30	069
675	15	4990	053
2074	6	405	098
4568	23	2946	014
2903	11	3089	019
742	1	748	138
8301	23	3060	009
3577	14	3437	154
1912	6	405	088
3219	12	2027	029
2116	6	2018	129
2065	6	2040	157
473	1	416	022
1363	1	27	124
260	1	189	091
169	1	173	121
2105	6	30	061
3866	14	3487	093
17	1	18	076
3189	12	2040	106
473	1	416	060
380	6	30	081
3219	12	2027	094
800	1	416	101
810	1	416	105
2142	6	2009	088
2101	6	285	002
2047	6	171	126
205	1	207	044
1970	6	2084	055
6006	17	5818	039
2693	17	5950	159
2130	6	2045	011
6414	23	2935	030
3225	12	2155	157
211	1	189	051
172	1	402	111
3237	12	116	143
2539	9	2482	089
509	6	30	037
1922	6	2061	029
3577	14	3437	144
8210	17	6465	124
2539	9	2482	101
399	6	402	139
7789	23	12532	116
636	1	172	064
597	15	5088	101
1976	6	229	066
473	1	416	139
1930	15	5024	155
1593	1	1594	132
3101	11	3102	150
2663	17	5935	148
3193	12	2155	126
11580	22	9538	161
2144	6	2018	161
3866	14	3487	068
9381	20	5762	146
598	6	30	053
728	1	259	054
7146	23	12532	015
381	6	405	064
675	15	4990	115
1976	6	229	006
771	6	29	151
2663	17	6190	155
598	6	2019	159
12	1	27	149
3053	23	12505	048
2140	6	2008	037
810	1	416	116
228	6	2040	119
1841	23	2997	127
7878	17	7448	144
1930	15	4977	001
69	1	72	081
1922	6	2061	089
2072	6	29	150
659	1	341	058
2809	17	5816	136
2126	6	625	154
380	6	332	131
832	1	416	156
2126	6	2008	033
2729	23	2935	070
478	1	444	058
381	6	405	065
4568	23	2946	146
1644	15	5088	148
381	6	405	034
2074	6	2075	061
1363	1	27	085
702	6	28	069
473	1	416	109
2102	6	2040	086
3090	11	3087	137
509	6	30	112
1592	6	2145	142
610	1	416	001
113	1	46	144
44	6	30	084
2587	9	2588	153
2119	6	2120	144
1961	6	2009	125
25	6	30	055
771	6	30	004
3101	11	3102	075
428	6	402	135
2065	6	2040	107
205	15	4990	065
6247	23	2935	151
6247	23	2935	125
759	1	28	092
1912	6	2179	015
1941	6	2009	091
3190	12	2084	067
2113	6	29	070
1644	1	207	068
2059	6	2061	061
2127	6	171	039
598	6	30	085
7146	23	12532	075
588	1	591	152
4885	17	8813	079
675	6	402	140
142	6	30	091
69	1	72	085
196	1	189	071
2909	9	2720	131
1958	6	2061	036
6414	23	2935	110
431	1	189	052
2916	9	2517	105
172	1	171	158
771	1	629	042
258	1	259	075
796	15	4990	059
6247	23	2935	137
2035	6	2009	094
28	1	29	160
2785	9	2520	092
1429	6	30	047
659	1	341	036
765	6	30	065
1956	6	2040	142
3225	12	2155	141
2069	6	2018	124
771	1	629	031
69	1	73	143
675	15	4990	012
1429	6	2027	132
2140	6	2018	148
205	6	30	058
1644	1	207	031
284	6	2040	105
1133	15	4990	024
431	1	189	079
380	6	30	101
759	1	28	155
284	6	2055	011
197	1	189	041
2169	6	29	082
1871	12	2155	000
771	6	30	007
3106	11	3087	115
100	6	30	020
2693	12	28	007
1860	9	2517	136
1975	6	2009	101
1893	4	1833	142
2911	10	2720	084
2867	9	2588	145
100	6	30	102
211	1	189	111
2069	6	1561	058
44	6	30	015
2121	6	405	131
2663	9	2588	149
381	1	259	038
17	1	18	069
796	15	4990	067
431	1	189	076
588	6	30	096
480	15	5067	098
509	6	30	053
2157	6	2120	148
846	1	397	048
3216	12	2155	146
478	1	444	103
1941	6	2008	074
205	15	4990	153
2903	11	3089	021
846	1	397	066
2729	23	2935	028
3063	10	2924	144
598	6	30	076
831	1	416	113
636	1	172	131
846	1	397	077
2785	9	2520	123
2501	9	2502	160
303	1	416	081
4054	14	3623	110
2059	6	2018	138
3197	12	2055	145
178	6	116	083
2130	6	2008	078
2125	6	2009	109
3189	12	2040	073
742	15	4990	151
55	6	30	024
3064	23	12505	004
675	15	5120	122
2911	9	2482	072
720	1	28	119
765	6	30	027
2785	9	2593	136
2917	9	2593	101
3186	12	2155	136
3218	12	2018	049
399	15	5043	154
1525	6	29	111
2867	9	2588	151
17	1	18	101
845	1	28	104
771	1	629	101
1871	12	170	153
3053	23	12505	059
2693	11	3087	121
2065	6	2040	017
509	15	4977	061
212	1	189	038
1841	23	2997	153
228	6	2040	113
4568	23	2946	076
598	6	30	090
3814	14	3544	150
303	1	416	114
1922	6	2018	108
113	6	29	139
3211	12	2120	129
1961	6	2008	079
2140	6	2008	059
178	6	116	133
2020	6	2008	073
3231	12	29	043
720	1	28	159
1922	6	2061	001
1871	12	2155	026
3206	12	2120	131
172	1	402	009
2143	6	2045	016
292	1	120	141
2909	9	2720	037
1567	1	589	145
188	1	189	157
113	1	632	152
212	1	189	071
800	1	416	142
260	1	189	118
69	1	72	088
3101	11	3102	080
1502	1	416	074
2119	6	2045	042
1912	6	405	133
1525	6	29	035
5308	15	5088	004
2809	17	5817	109
6247	23	2935	006
2845	14	3956	149
2903	11	3089	138
2065	6	2040	122
446	1	402	142
2903	11	3089	010
444	1	405	092
2809	17	5817	105
675	15	5120	036
178	6	115	156
169	6	173	047
509	15	4977	013
7789	23	12532	078
213	1	189	161
292	1	119	155
968	1	408	005
1851	10	2997	138
734	15	4977	141
2126	6	625	149
6247	23	2935	001
44	5	25	142
1941	6	29	155
2696	9	2476	132
3166	23	12532	069
380	6	29	151
2030	6	2009	095
2615	9	2593	125
212	1	189	076
1930	15	5024	160
3036	10	2924	057
113	1	632	157
6414	23	2935	040
720	1	28	145
1894	23	2920	073
2663	17	5935	153
832	1	416	100
228	1	229	035
831	1	416	148
1970	6	2084	043
197	1	189	097
284	1	285	003
2729	23	2935	019
3216	12	2155	026
812	1	416	095
2021	6	405	122
584	6	405	105
6247	23	12509	123
478	1	444	054
2130	6	2009	124
7789	23	12532	006
675	15	4990	153
1893	12	2155	156
2101	6	2008	030
8957	23	2922	107
1961	6	2045	016
4885	17	8813	025
832	1	416	151
2101	6	2045	015
69	1	74	157
2069	6	1561	022
2729	23	2935	106
5168	15	5088	108
381	6	405	128
2592	9	2593	161
3101	11	3102	102
2773	14	3636	087
1947	6	173	071
428	6	171	151
675	15	4990	020
396	6	30	099
810	1	416	070
3186	12	2155	144
1592	6	30	063
2785	9	2593	101
3101	11	3102	000
2587	9	2588	132
284	6	2040	110
2845	14	3956	088
2119	6	2120	134
3064	23	12505	129
1363	1	27	050
675	15	5120	003
1975	6	2008	032
3197	12	2055	157
6247	23	2935	078
258	1	259	076
4885	17	8813	131
1133	6	30	047
1922	6	2018	128
1930	15	4977	155
3216	12	2155	016
2984	10	2946	143
2101	6	2040	111
2021	6	170	161
4054	14	3623	104
3190	12	2120	103
3225	23	2989	105
1941	6	2008	063
2113	6	29	146
284	6	2008	041
2911	10	2720	142
260	1	189	110
198	1	189	095
178	1	179	089
480	15	5067	085
2153	6	30	038
443	1	416	137
8472	20	7092	153
3217	12	28	088
5308	15	5088	108
473	6	2040	149
431	1	189	078
17	1	1561	000
3192	12	2155	062
810	1	416	035
629	1	30	033
846	1	397	016
1592	6	30	064
509	6	30	048
2121	6	405	120
1922	6	2061	068
7789	23	12532	016
2140	6	2009	116
2539	9	2482	088
2003	6	2038	014
2845	9	2518	134
396	6	28	131
711	1	28	047
1486	1	845	159
613	1	416	038
6247	23	12509	014
195	1	189	153
2539	9	2482	150
113	6	29	144
734	15	4977	020
169	6	402	142
3718	14	3714	059
1363	1	27	081
3166	23	12532	158
443	1	416	096
2663	17	5818	128
1133	6	592	134
3106	11	3087	124
845	1	28	157
509	6	30	021
2917	9	2593	087
406	1	408	104
509	6	30	054
2836	9	2705	099
2729	23	2935	123
2663	9	2588	136
759	1	28	033
812	1	416	064
3206	12	2082	074
197	1	189	084
12536	23	2935	121
478	1	444	043
100	6	30	011
2589	9	2517	157
11201	22	11202	142
2696	9	2476	156
610	1	416	028
1502	1	416	150
2911	10	2720	085
205	15	4990	067
1958	6	2009	121
2729	23	2935	052
675	15	4990	008
771	1	629	086
478	1	444	018
1894	23	2920	128
6247	23	12509	081
1947	6	405	088
3186	12	2155	130
728	1	405	118
480	15	5067	106
1970	6	2055	022
292	1	120	068
846	1	397	141
443	1	416	091
17	1	1561	022
1931	6	116	092
228	6	229	027
2169	6	29	119
2909	9	2720	128
810	1	416	007
480	15	5067	084
1429	6	30	049
597	15	5088	042
47	6	30	082
3034	14	3956	157
2127	6	171	030
2153	6	30	028
1593	1	1594	057
6414	23	2935	025
2696	9	2476	125
17	6	30	048
2121	6	405	108
607	15	4990	128
1970	6	2084	070
742	1	748	089
822	1	416	093
794	1	478	141
25	15	4990	101
446	1	259	070
831	1	416	008
1947	6	173	010
1429	6	30	088
3209	12	30	106
197	1	189	088
2815	9	2816	149
113	6	29	158
812	1	416	038
142	6	30	033
765	6	30	112
3219	12	2027	111
2589	9	2517	150
2015	6	115	161
675	6	405	129
3763	14	3764	061
44	5	25	116
8957	23	2922	081
584	6	259	072
2073	6	2031	156
2663	17	5816	152
968	1	408	103
1593	1	766	153
720	1	28	157
25	15	5024	124
597	15	5088	129
44	6	30	005
178	1	179	067
2026	6	2027	151
478	1	444	013
284	6	2040	090
2916	9	2517	142
169	6	171	159
178	1	179	026
1976	6	2040	110
3237	12	116	091
2153	6	30	020
2178	6	2111	131
2909	9	2720	129
598	6	30	049
3225	23	2938	022
363	1	364	158
205	15	4990	047
800	1	416	050
100	6	30	050
1133	15	4990	143
188	1	189	002
69	1	72	010
2811	9	2517	118
2867	9	2517	147
968	1	408	049
3237	12	116	105
205	1	207	131
2909	9	2720	004
4885	14	3690	059
480	15	4990	084
2140	6	2018	145
584	6	259	036
3211	12	2120	160
2074	6	2052	028
810	1	416	012
19	6	2009	100
69	1	72	027
88	6	30	088
284	6	2040	148
2909	9	2593	150
2909	9	2593	039
3113	11	3102	103
188	1	189	130
213	1	189	072
1976	6	229	015
55	6	29	160
19	6	625	156
1644	1	207	144
2909	9	2593	088
2696	9	2476	114
2020	6	2008	021
3209	12	30	103
2101	6	2040	113
69	1	72	004
6247	23	12509	003
2644	9	2593	035
2101	6	2040	142
728	1	405	124
3193	12	2155	062
1941	6	2008	060
55	6	29	149
810	1	416	074
829	15	5088	158
406	1	408	074
630	6	30	005
2126	6	2008	028
4940	14	3427	159
2729	23	2966	054
446	1	259	030
2809	17	5817	146
2153	6	30	015
205	15	4990	025
228	6	2040	115
3225	23	2938	094
3784	14	3785	161
480	15	4990	082
812	1	416	120
3425	14	3427	123
702	6	28	159
598	6	30	030
629	1	30	098
3189	12	2040	016
2071	6	30	003
7146	23	12532	024
197	1	189	030
1959	6	2018	134
5308	15	5088	002
1363	1	27	068
2909	9	2593	102
8550	17	5862	104
2116	6	2061	034
2909	9	2593	071
44	6	30	114
3211	14	3427	076
2836	9	2705	066
2169	6	29	042
4885	17	8813	161
6247	23	2935	022
675	15	5120	087
829	15	5088	147
1941	6	2008	068
720	1	28	151
3866	14	3487	129
6247	23	12509	099
1363	1	27	064
228	1	229	082
2116	6	2018	161
88	6	30	129
1133	6	30	056
1912	6	402	137
88	6	30	101
3143	11	3087	046
4613	14	3495	023
702	6	28	097
1976	6	2040	084
742	15	4990	109
659	1	341	011
2116	6	2018	115
1894	23	2920	020
1593	1	1594	108
3064	23	12505	016
1912	6	2179	027
610	1	416	105
8957	23	2922	064
2113	6	29	042
2809	9	2705	131
597	15	5088	104
3186	12	2155	158
172	1	402	096
2105	6	30	011
846	1	397	137
2142	6	2008	065
8779	23	2989	024
3197	12	2120	115
1956	6	2008	048
3218	12	2018	125
1912	15	5024	141
3211	12	2082	032
3217	12	28	070
380	6	30	046
2693	11	3087	152
2073	6	29	160
44	6	30	033
205	6	30	078
2903	12	170	153
4568	23	2946	095
2911	9	2482	098
742	1	748	121
2903	11	3089	011
2073	6	2009	108
3197	12	2055	117
2836	9	2705	040
6247	23	12509	033
2116	6	2018	097
3866	14	3487	142
2663	17	5935	149
610	1	416	031
100	6	30	078
968	1	408	131
3755	14	3495	140
3209	12	30	019
734	15	4977	040
228	1	229	048
25	15	4990	077
3833	14	3496	060
3053	23	12505	158
446	1	405	129
822	1	416	136
734	15	4977	050
2119	6	2045	061
2693	11	3087	135
509	15	4977	093
2113	6	29	052
1970	6	2040	079
5168	15	5088	101
380	6	29	148
2911	9	2482	088
2663	17	5816	158
2006	6	29	142
1931	6	115	155
2183	9	2486	159
613	1	416	001
6414	23	2935	019
473	6	2082	055
4885	17	8813	144
2156	6	30	023
380	1	1363	147
2157	6	2120	151
415	1	416	160
659	1	341	041
1593	1	1594	032
2945	14	3623	107
6414	23	2935	060
822	1	416	016
1894	23	2920	037
215	1	189	113
1525	6	29	119
2909	9	2593	144
8301	23	3060	052
6247	23	12509	073
228	6	2040	126
2729	23	2966	066
1911	23	12505	101
2144	6	2018	137
734	15	4977	093
431	1	189	013
2836	9	2705	146
478	1	444	111
3225	23	2938	008
3211	12	2120	106
968	1	408	001
284	1	189	117
2984	10	2946	115
2693	11	3087	124
6414	23	2935	006
4684	14	3980	155
212	1	189	146
1975	6	2008	081
711	1	28	059
1863	9	2518	158
509	15	4977	076
1930	15	4977	007
284	6	2040	083
610	1	416	122
630	6	29	152
1975	6	2009	081
796	15	4990	001
6414	23	2935	034
2867	9	2588	133
584	6	405	109
6414	23	2935	080
2587	9	2476	065
2026	6	30	107
2644	10	2924	046
610	1	416	077
796	15	4990	090
630	6	550	132
3193	12	115	153
213	1	189	095
2169	6	29	141
199	1	189	024
284	6	285	007
3219	12	2027	042
25	15	5024	052
25	15	4990	047
17	1	1561	019
6247	23	12509	114
199	1	189	026
771	6	30	027
3197	12	2055	132
142	6	2044	143
2539	9	2540	135
630	6	30	027
3106	11	3087	016
198	1	189	094
3187	23	12518	127
1912	6	259	052
845	1	28	091
629	1	30	004
1871	12	2155	035
1931	6	116	049
3101	11	3102	098
6414	23	2935	022
443	1	416	116
1976	6	229	035
711	1	28	150
7146	23	12532	071
2035	6	2009	118
406	1	408	115
2130	6	2009	120
800	1	416	012
2102	6	285	000
711	1	28	106
831	1	416	075
2909	9	2720	042
1959	6	2008	045
801	15	5088	161
2539	9	2540	071
2101	6	2040	081
796	1	797	156
1941	6	2044	136
2962	10	2963	106
1930	15	4977	020
771	1	629	080
1961	6	2009	115
380	1	1363	154
2615	9	2593	134
3225	23	2938	120
2121	6	405	119
3231	12	29	071
6247	23	12509	021
720	1	28	031
3204	12	170	157
675	15	4990	089
69	1	74	151
2156	6	30	012
55	6	30	097
2909	9	2593	125
3106	11	3087	137
6247	23	12509	101
142	6	30	127
260	1	189	047
380	6	30	071
810	1	416	100
1894	23	2920	099
6247	23	2935	035
771	1	629	069
399	1	405	111
2729	23	2935	116
443	1	416	067
3211	12	2120	132
196	1	189	002
610	1	416	145
2074	6	2075	065
771	6	28	134
3113	11	3102	057
12345	22	9858	152
3190	12	2120	102
2815	23	2922	128
3143	11	3087	114
1910	14	3707	139
292	1	120	149
100	6	30	014
2074	6	405	116
1871	12	170	136
3211	12	2082	061
195	1	189	072
380	6	30	041
2047	6	171	158
2962	10	2963	105
178	6	116	017
728	1	405	114
818	1	416	143
258	1	259	073
198	1	189	070
3053	23	12505	130
3166	23	12532	031
212	1	189	096
2035	6	2088	134
2867	9	2517	120
12345	22	11586	139
2068	6	173	076
3211	12	2120	156
2809	17	5935	135
720	1	28	061
188	1	189	021
1133	6	30	126
399	1	405	094
796	15	4990	143
381	6	405	127
69	1	72	072
381	6	405	040
1976	6	229	053
6247	23	2935	010
1133	15	4990	126
675	15	4990	092
659	15	5024	160
12528	23	12532	151
2127	6	171	027
3225	23	2989	012
846	1	397	082
2047	6	171	098
2030	6	2009	085
6726	23	2966	080
794	1	478	118
2168	6	173	042
598	6	30	080
8957	23	2922	000
2105	6	30	038
598	6	30	075
6247	23	2935	141
2113	6	29	151
213	1	189	081
822	1	416	085
2909	9	2720	119
3186	12	2155	139
509	15	4977	017
1592	6	30	071
2071	6	30	069
3106	11	3087	057
172	1	402	065
2845	10	2977	150
1975	6	625	138
8708	23	12505	127
28	6	29	136
196	1	189	134
25	15	5024	006
2006	6	29	052
6414	23	2935	136
702	6	28	021
431	1	189	016
1429	6	30	096
2102	6	2040	158
794	1	478	142
169	6	405	088
588	6	30	085
443	1	416	145
3217	12	28	131
3189	12	2040	036
3166	23	12532	131
1133	6	30	086
118	1	120	149
3101	11	3102	031
3211	12	2082	005
2121	6	405	086
25	6	30	080
2729	23	2935	129
702	6	28	143
2688	9	2517	116
3189	12	2040	152
2116	6	2061	029
2101	6	2040	123
2047	6	171	040
3193	12	2155	010
800	1	416	061
1912	15	5024	160
2144	6	2009	120
1486	6	29	155
3814	14	3794	153
2006	6	29	045
2845	10	2977	083
2020	6	2045	016
2945	14	4034	151
3197	12	2055	123
3231	12	29	054
211	1	189	110
636	1	172	154
3200	12	2055	148
1956	6	2009	116
2917	10	2942	156
113	6	30	034
12497	22	10627	156
629	1	30	111
968	1	408	063
1930	15	4977	116
811	1	416	096
2615	9	2593	097
2059	6	2060	093
212	1	189	092
3206	12	2120	085
759	1	28	029
2119	6	2045	120
2663	17	5818	138
1922	6	2061	033
1644	15	5088	144
1912	6	259	041
702	1	28	012
636	1	172	136
8779	23	2989	020
584	1	259	067
1961	6	2009	087
205	6	30	128
228	1	229	003
69	1	72	002
17	1	18	091
588	6	30	056
2911	10	2720	100
17	6	2044	142
4885	17	8813	043
198	1	189	108
720	1	28	105
2020	6	2009	092
2909	9	2593	042
205	1	207	139
88	6	30	128
3065	23	12519	161
771	6	30	105
2116	6	2061	015
428	6	259	077
702	1	28	103
473	1	416	147
2979	10	2924	137
396	6	30	045
2729	23	2935	091
3187	12	2055	109
1871	12	2155	082
2135	6	2145	146
478	1	444	050
2138	6	2009	128
1961	6	2045	012
3225	23	2938	026
228	1	229	072
2729	23	2935	103
2074	6	171	150
810	1	416	122
44	6	30	058
2836	17	5818	156
1429	6	30	070
303	1	416	061
636	1	172	083
6247	23	12509	024
2138	6	2008	026
629	1	28	136
213	1	189	119
5168	15	5088	138
2072	6	29	157
2127	6	171	144
431	1	189	051
396	6	30	011
1871	12	170	147
3053	23	12505	115
1961	6	2045	013
2583	9	2476	149
629	1	30	024
1941	6	2009	112
702	1	28	142
2140	6	2045	012
12345	22	11202	140
2102	6	2040	132
2065	6	2040	109
2169	6	29	092
702	1	28	026
613	1	416	068
810	1	416	107
509	6	30	090
2065	6	2040	103
3166	23	12532	009
2836	9	2705	156
845	1	28	078
1912	15	5024	133
25	15	4990	046
2909	9	2593	105
8779	23	2989	051
796	15	4990	027
205	15	4990	034
2110	6	171	160
1975	6	2009	123
1958	6	2061	027
2911	9	2482	123
509	15	4977	031
675	6	2051	003
2615	9	2476	156
7847	23	2966	160
3101	11	3102	133
415	1	416	148
480	15	4990	116
3034	10	2963	159
188	1	189	038
818	1	416	009
1894	23	2920	106
2587	9	2476	158
3053	23	12505	057
1860	9	2517	129
6247	23	2935	153
588	6	30	089
578	1	28	034
446	1	405	122
509	15	4977	155
509	6	30	106
4568	23	2946	032
3166	23	12532	091
3209	12	30	070
169	6	2042	159
509	15	4977	074
1894	23	2920	039
205	1	207	003
734	15	4977	069
2126	6	2009	118
1502	1	416	041
1363	1	27	065
3197	12	2120	096
303	1	416	088
12	1	14	091
2113	6	29	113
3101	11	3102	008
3225	23	2989	115
2140	6	2018	153
3218	12	2018	111
7847	23	2966	058
1947	6	2027	147
2140	6	2009	125
7447	20	6780	150
2035	6	2009	092
702	1	28	049
100	6	30	126
205	1	207	100
69	1	74	147
415	1	416	065
720	1	28	064
2693	12	28	111
2809	17	5935	121
2917	10	2942	147
2836	9	2705	127
2138	6	2018	145
228	6	2040	160
3187	23	12518	082
444	1	405	120
8301	23	3060	056
2101	6	2040	096
2156	6	30	094
142	6	30	102
260	1	189	022
2169	6	29	091
1644	1	207	000
381	1	405	098
2142	6	2008	077
69	1	70	161
1863	9	2518	160
199	1	189	161
228	6	2040	127
2121	6	405	107
3187	12	2055	130
2127	6	171	079
2156	6	30	106
3866	14	3487	072
811	1	416	001
1947	6	173	062
478	1	444	023
8301	23	3060	002
1970	6	2084	064
3206	12	2120	117
2696	9	2476	152
2262	14	3463	155
178	6	117	003
759	1	28	137
2916	9	2517	149
44	5	25	057
212	1	189	054
800	1	416	086
4568	23	2946	132
2917	9	2593	112
3106	11	3087	005
2587	9	2588	087
228	6	2040	114
3197	12	2055	121
578	1	28	095
205	15	4990	151
2169	6	29	068
822	1	416	060
846	1	397	055
446	1	259	047
3577	14	3437	000
3143	11	3087	074
1958	6	2061	012
588	6	30	128
2169	6	29	006
2144	6	2018	160
260	1	189	135
1863	9	2518	154
810	1	416	091
1841	23	2997	095
2026	6	2029	005
178	1	179	068
7146	23	12532	061
3206	12	2120	159
1502	1	416	094
796	15	4990	043
2156	6	30	056
2074	6	2075	054
796	15	4990	155
2845	10	2977	115
607	15	4990	106
968	1	408	068
17	1	1561	011
728	1	405	058
1941	6	2044	148
213	1	189	113
4885	17	8813	107
169	6	171	150
1871	12	2155	126
1912	6	2052	025
2119	6	2120	148
213	1	189	142
6726	23	2966	049
812	1	416	072
2003	6	2038	019
1947	6	405	105
2845	14	3956	160
6247	23	12509	134
172	1	402	109
198	1	189	020
2069	6	2018	128
142	6	30	066
613	1	416	012
3189	12	2040	056
396	6	30	038
213	1	189	060
6303	17	6304	159
2003	6	30	074
734	15	4977	018
1429	6	173	013
2156	6	30	083
198	1	189	014
428	15	5024	159
720	1	28	139
796	15	4990	134
2119	6	2008	033
260	1	189	143
396	6	30	095
2130	6	2009	082
113	6	29	146
3189	12	2040	001
598	6	30	110
428	6	405	109
2022	6	2123	132
88	6	30	021
25	15	5024	117
2945	14	4034	101
2615	9	2517	144
2047	6	171	125
3032	23	3060	049
198	1	189	076
169	6	173	011
47	6	30	121
2909	9	2593	087
3237	12	116	023
5308	15	5088	124
629	1	30	102
2729	23	2966	056
578	1	28	124
3217	12	28	059
1930	15	4977	107
2916	9	2517	114
1894	23	2920	087
480	15	4990	010
11580	22	9538	158
428	6	171	159
3193	12	115	142
2059	6	2060	155
215	1	189	132
832	1	416	132
2105	6	2027	132
399	6	402	143
113	6	30	094
2130	6	2008	019
212	1	189	075
2917	10	2942	141
7789	23	12532	003
800	1	416	154
1931	6	116	090
2809	17	5818	088
8550	17	6175	090
1644	1	207	145
1894	23	2920	006
1841	23	2997	110
588	6	30	034
195	1	189	031
2119	6	2008	046
3866	14	3487	125
2138	6	2008	071
702	6	28	123
3211	12	2120	080
759	1	28	159
3206	12	2120	086
213	1	189	011
284	1	189	148
675	15	4990	054
1547	6	29	157
3766	14	3496	034
3186	12	2155	151
2903	12	170	152
1912	6	259	037
1644	15	5088	138
2984	10	2946	111
6006	17	5818	152
742	15	4990	111
831	1	416	128
3231	12	29	127
598	6	2019	137
2168	6	173	075
2020	6	2008	049
1941	6	2044	132
711	1	28	060
8708	23	12505	131
399	6	402	135
2156	6	30	064
675	15	4990	005
2592	9	2593	144
3216	12	2155	048
702	6	28	150
55	6	30	076
2102	6	2040	120
578	1	28	144
675	15	4990	052
3190	12	2120	151
1910	14	3971	134
630	6	30	017
675	15	4990	010
12528	23	12532	116
25	15	4990	003
2811	9	2517	126
2809	9	2705	128
2589	14	3500	131
292	1	120	020
598	6	30	041
3521	14	3437	117
3193	12	2155	067
2006	6	29	133
480	15	4990	058
1956	6	2009	122
199	1	189	110
69	1	72	093
3577	14	3437	137
2587	9	2476	097
55	6	30	043
711	1	28	065
3206	14	3427	085
2168	6	173	055
480	15	4990	110
17	1	18	071
3187	23	12518	138
2156	6	30	084
8957	23	2922	017
2022	6	2123	117
12	1	14	125
28	1	29	145
3713	14	3495	036
1959	6	2008	075
169	6	405	093
845	1	28	145
734	15	4977	064
3205	12	2055	155
198	1	189	008
2663	17	5935	143
428	6	2055	026
428	6	405	091
2144	6	2009	105
3193	12	2155	070
8210	20	7092	141
2138	6	2008	057
1363	1	119	150
675	15	5120	005
2006	6	29	093
381	6	405	077
3866	14	3487	087
3101	11	3102	131
734	15	4977	118
1930	15	4977	093
831	1	416	010
811	1	416	097
2809	17	5816	113
172	1	402	000
2917	10	2942	137
845	1	28	043
598	6	30	039
1894	23	2920	022
6247	23	12509	069
3866	14	3487	135
1502	1	416	052
613	1	416	147
172	1	402	031
2785	9	2520	105
3225	23	2938	054
169	6	173	018
228	6	2040	134
2909	9	2593	076
44	5	25	062
630	6	30	080
1525	6	29	067
720	1	28	118
2026	6	30	023
381	6	405	030
2030	6	2008	020
205	15	4990	040
598	6	30	013
1947	6	405	110
3193	12	2155	106
3216	12	2155	009
675	15	4990	154
3577	14	3437	079
1894	23	2920	021
6726	23	2966	099
3209	12	30	108
6247	23	12509	026
7847	23	2966	136
9404	20	6706	139
2587	9	2588	098
3200	12	2055	110
12528	23	12532	002
3036	10	2924	055
199	1	189	077
4054	14	4039	129
6006	17	5818	071
188	1	189	013
1922	6	2018	131
7847	23	2966	076
7789	23	12532	028
1363	1	27	022
2984	10	2946	077
2119	6	2045	156
113	6	30	005
3784	14	3764	153
1931	6	116	042
17	1	18	098
406	1	408	133
2119	6	2120	125
2006	6	29	084
473	1	416	153
2945	14	3623	114
1525	6	29	005
6247	23	2935	121
228	6	229	041
675	15	5120	144
831	1	416	091
7146	23	12532	017
3204	12	2155	159
172	1	402	068
6247	23	2935	128
845	1	28	055
1930	15	4977	016
3237	12	116	137
396	6	332	131
711	1	28	124
228	6	2040	146
1133	6	592	145
659	1	341	154
196	1	189	056
8301	23	3060	104
702	1	28	039
771	6	29	157
3866	14	3487	152
2688	9	2517	161
2169	6	29	116
1871	12	170	145
588	6	589	135
2688	9	2517	132
178	6	116	074
799	1	766	157
303	1	416	153
2539	9	2482	083
702	1	28	084
2845	14	3956	113
2065	6	2040	058
3217	12	28	115
113	1	632	148
2113	6	29	118
2979	10	2924	151
1429	6	30	077
2126	6	625	153
2693	14	3468	150
3190	12	2084	055
630	6	30	108
215	1	189	044
8957	23	2922	048
2022	6	2123	109
659	1	341	014
659	1	341	158
381	6	405	043
3166	23	12532	101
44	6	332	131
1363	1	27	098
2867	9	2517	153
2729	23	2966	036
2068	6	405	107
3209	12	30	044
44	6	30	105
2903	12	170	161
1941	6	2044	145
2035	6	2009	124
846	1	397	092
2811	9	2517	132
303	1	416	089
2845	14	3956	131
2867	9	2588	160
260	1	189	099
2059	6	2061	079
44	6	30	126
1912	6	405	091
811	1	416	093
1912	6	259	048
1525	6	29	061
2644	9	2593	068
443	1	416	095
6247	23	2935	073
7382	17	5819	111
3237	12	116	043
2069	6	2070	078
1912	15	5024	126
818	1	416	071
2909	9	2720	083
771	1	629	050
292	1	120	017
2169	6	29	086
3219	12	2027	071
2644	9	2593	081
3755	14	3495	156
796	15	4990	062
2979	10	2924	130
2909	9	2720	134
3063	10	2924	149
3225	23	2989	118
2125	6	2009	132
636	1	172	160
428	6	259	068
228	6	229	016
2153	6	30	105
3166	23	12532	098
2785	9	2593	133
2917	10	2942	066
443	1	416	075
1930	15	4977	103
2113	6	29	075
113	6	30	102
968	1	408	121
2909	9	2720	096
415	1	416	010
443	1	416	139
6247	23	12509	044
3225	23	2938	087
44	6	30	019
2688	9	2517	137
1851	23	2997	124
771	6	30	120
771	6	30	078
3101	11	3102	092
396	6	30	131
1871	12	2155	076
811	1	416	112
6414	23	2935	138
2069	6	1561	023
1958	6	2061	060
771	6	30	021
2845	14	3956	114
396	6	30	065
3064	23	12505	056
211	1	189	020
598	6	30	011
597	15	5088	153
2138	6	2009	113
1841	23	2997	104
415	1	416	067
2663	9	2588	156
69	1	72	131
607	15	4990	125
742	15	4990	135
12	1	14	031
3053	23	12505	043
1133	15	4990	134
6247	23	2935	098
6414	23	2935	111
1644	15	5088	161
1592	6	30	019
3200	12	2055	124
2903	11	3089	087
1959	6	2008	054
3225	23	2938	101
47	1	30	073
1912	6	405	086
3225	12	2155	149
2693	12	28	017
765	6	30	011
3200	12	2055	099
728	1	259	078
2808	9	2517	121
675	15	4990	069
196	1	189	020
4885	17	8813	129
613	1	416	101
25	15	4990	061
509	6	30	115
675	15	5120	037
2663	17	6190	133
822	1	416	146
9366	20	6780	143
488	1	30	097
406	1	408	095
25	15	4990	082
2113	6	29	148
702	1	28	137
1922	6	2061	016
2003	6	30	127
473	1	416	130
11201	22	10030	148
8441	20	7092	161
711	1	28	022
3189	12	2040	019
742	1	748	133
3189	12	2040	099
4568	23	2946	102
228	1	229	073
415	1	416	161
509	6	30	024
734	15	4977	159
1133	15	4990	088
2113	6	29	098
2169	6	29	077
197	1	189	107
2030	6	2008	066
2945	14	4034	113
2809	17	5935	157
2135	6	30	025
2059	6	2061	089
2099	9	2490	159
2135	6	2145	150
3189	12	2040	072
188	1	189	122
3101	11	3102	055
3425	14	3430	108
1999	15	5024	160
3113	11	3102	123
3237	12	116	144
3225	23	2938	066
2126	6	2045	007
3225	23	2989	029
2773	9	2517	138
3216	12	2155	115
2911	9	2482	086
1958	6	2061	074
178	6	116	062
812	1	416	006
197	1	189	027
1976	6	2040	108
415	1	416	127
2785	9	2593	161
1912	15	5024	147
1133	6	30	070
444	1	405	123
675	15	4990	046
1930	15	4977	091
3225	20	6706	160
811	1	416	057
1930	15	4977	025
17	6	30	046
794	1	478	153
1922	6	2018	093
2696	9	2476	120
2909	9	2593	153
610	1	416	066
2845	10	2977	079
6006	17	5818	075
3577	14	3437	129
3225	23	2989	123
2836	9	2705	093
1841	4	1843	106
1958	6	2061	013
12	1	14	115
142	6	30	060
2729	23	2935	074
258	1	259	044
2583	20	5762	129
228	6	2040	101
212	1	189	121
6247	23	12509	027
6247	23	2935	008
55	6	30	006
6247	23	2935	112
2644	9	2593	056
3197	12	2120	090
212	1	189	105
199	1	189	031
675	15	4990	079
1429	6	171	157
812	1	416	009
2015	6	117	002
2693	12	28	033
1871	12	170	148
380	6	30	104
2945	14	4034	147
6247	23	2935	140
846	1	397	017
3206	12	2082	016
2101	6	2008	071
7863	20	6780	116
1593	1	766	148
812	1	416	041
2121	6	405	089
822	1	416	070
1363	1	119	152
3577	14	3437	022
12	1	14	088
2126	6	2008	060
2507	9	2476	154
968	1	74	159
1592	6	2145	146
1593	1	1594	014
3130	14	3437	149
8779	23	2989	081
3113	11	3102	116
1860	9	2517	110
2911	10	2720	138
1644	1	207	079
2026	6	30	104
4891	17	6433	160
69	1	72	126
2003	6	30	073
8957	23	2922	127
1525	6	29	081
2168	6	173	001
2130	6	2008	073
4568	23	2946	048
3142	14	3509	076
734	15	4977	150
415	1	416	153
69	1	72	057
720	1	28	102
188	1	189	040
588	6	589	146
2059	6	2018	132
2142	6	2008	076
2003	6	2019	160
3197	12	2055	125
2157	6	2120	157
1863	9	2518	159
215	1	189	078
2119	6	2045	077
443	1	416	121
1363	1	27	079
702	1	28	010
2068	6	173	082
2142	6	2008	063
2113	6	29	076
1956	6	2009	095
1947	6	173	023
7847	23	2966	002
765	6	30	122
2073	6	2009	117
765	6	30	069
1922	6	2061	067
1133	6	30	112
211	1	189	123
198	1	189	069
675	15	4990	105
2125	6	2009	115
473	1	416	078
2917	9	2593	070
3062	10	2924	067
801	15	5088	158
178	1	179	048
2169	6	29	002
832	1	416	023
1975	6	2009	104
6247	23	12509	142
3217	12	28	040
4054	14	3623	127
1956	6	2008	037
2059	6	2061	078
473	6	2040	139
211	1	189	064
215	1	189	145
12	1	14	066
478	1	444	027
734	15	4977	030
260	1	189	157
613	1	416	079
6006	17	5818	103
2809	17	5816	152
3225	23	2989	014
172	15	5043	154
2178	6	30	127
473	6	2040	130
5168	15	5088	083
2663	17	5816	148
578	1	28	140
364	1	28	151
675	15	4990	039
968	1	408	116
6414	23	2935	001
215	1	189	157
3064	23	12505	009
55	6	30	022
2809	17	5935	130
25	1	28	149
228	1	229	065
1644	1	207	116
2587	9	2476	119
205	1	207	083
2785	9	2520	117
3216	12	2155	059
831	1	416	032
478	1	444	030
431	1	189	129
2130	6	2009	125
88	6	30	020
6018	17	6175	128
728	1	405	108
2592	9	2593	147
260	1	189	006
6247	23	12509	097
428	6	2055	025
3178	11	3087	156
636	1	172	081
7789	17	6601	159
702	6	28	070
742	15	4990	121
3831	14	3762	129
845	1	28	047
968	1	408	029
1912	6	171	154
2006	6	29	054
1363	1	27	018
2119	6	2045	029
675	15	4990	037
1959	6	2008	080
3225	23	2989	117
2126	6	2008	024
1959	6	2018	153
1930	15	4977	129
1525	6	29	099
2059	6	2061	073
3192	12	2155	065
2547	9	2482	157
2719	9	2720	160
728	1	259	050
509	15	4977	104
659	1	341	081
6726	23	2966	109
2035	6	625	149
55	6	30	104
2809	9	2705	136
2102	6	2040	103
588	6	30	044
381	1	405	144
381	6	405	130
47	1	30	066
198	1	189	024
198	1	189	030
303	1	416	071
7789	23	12532	057
1502	1	416	118
2539	9	2482	078
1429	6	30	087
2693	12	28	069
197	1	189	039
3113	11	3102	145
613	1	416	061
25	15	5024	002
2808	9	2517	087
178	6	116	116
3106	11	3087	028
2140	6	2009	122
1502	1	416	096
12528	23	12532	061
2135	6	2145	151
2773	14	3641	101
473	1	416	138
818	1	416	064
12528	23	12532	139
1429	6	2027	161
2135	6	2009	084
1930	15	4977	058
2073	6	2008	073
2867	9	2517	128
2539	9	2482	076
1975	6	2088	133
2845	9	2518	139
5308	15	5088	032
6726	23	2966	011
406	1	408	063
205	6	30	110
381	1	405	133
2127	6	171	047
588	1	590	144
178	1	179	075
2101	6	2008	053
142	6	30	067
17	6	29	155
2592	9	2593	110
3143	11	3087	085
2945	14	4034	119
800	1	416	058
3064	23	12505	033
6247	23	2935	060
3101	11	3102	110
2127	6	171	001
17	1	18	092
488	1	30	100
2809	17	5818	132
2168	6	173	019
2909	9	2593	030
3189	12	2040	042
3217	12	28	064
2130	6	29	161
675	15	4990	156
2693	11	3087	140
3434	14	3437	151
2911	10	2720	088
6414	23	2935	096
2836	9	2705	077
3216	12	2155	067
832	1	416	125
188	1	189	082
25	15	5024	038
228	1	229	034
1429	6	30	063
2047	6	171	100
473	6	2040	134
509	15	4977	107
3062	10	2924	073
2138	6	2008	054
381	1	259	031
196	1	189	065
2126	6	2009	104
2153	6	332	132
1931	6	116	019
303	1	416	005
2663	9	2476	152
212	1	189	150
213	1	189	033
2693	12	28	018
428	6	259	044
2119	6	2008	058
2153	6	30	069
831	1	416	142
2130	6	2027	147
196	1	189	120
17	1	18	060
3064	23	12505	040
44	6	30	025
3143	11	3087	045
3064	23	12505	027
399	1	402	147
3713	14	3495	033
702	6	28	078
2663	17	5817	128
2102	6	285	005
284	1	189	116
3231	12	29	019
2916	9	2517	119
2102	6	2040	100
2102	6	2008	034
12016	22	11832	155
1593	1	1594	041
406	1	408	118
6885	17	6110	144
212	1	189	137
629	1	30	082
2022	6	2023	141
3209	12	30	001
588	6	30	114
1931	6	116	105
1959	6	2009	088
44	5	25	131
675	15	5120	004
2105	6	30	060
428	6	405	110
113	6	30	024
3143	11	3087	118
2153	6	30	026
7847	23	2966	101
2065	6	2040	142
213	1	189	067
1970	6	2084	050
2030	6	2032	150
2116	6	2018	141
1970	6	2040	091
1959	6	2008	056
1975	6	2008	005
734	15	4977	139
2068	6	405	121
4568	23	2946	067
47	6	30	126
480	15	4990	039
25	6	30	033
211	1	189	084
2157	6	2120	149
629	1	30	091
211	1	189	007
3166	23	12532	155
3190	12	2084	037
1894	23	2920	056
1592	6	30	047
2539	9	2540	118
2688	9	2517	108
6414	23	2935	117
2021	6	402	139
3866	14	3487	131
2116	6	2018	130
675	6	405	086
2119	6	2008	061
675	15	4990	043
584	6	259	068
473	1	416	154
509	6	30	097
205	15	4990	144
2006	6	29	055
2169	6	29	102
1871	12	2155	115
215	1	189	153
2836	9	2705	097
1941	6	2044	140
3143	11	3087	053
2047	6	171	147
3237	12	116	040
759	1	28	055
759	1	28	017
2069	6	2018	122
2059	6	2061	063
845	1	28	159
3053	23	12505	082
2030	6	2045	011
675	15	5120	053
2587	9	2588	123
3186	12	2155	153
399	6	171	157
198	1	189	068
7847	23	2966	073
610	1	416	074
113	6	29	155
5168	15	5088	161
3219	12	2027	133
172	1	402	027
822	1	416	161
771	6	30	010
7847	23	2966	148
1525	1	885	161
2169	6	29	130
6247	23	12509	060
8472	17	6465	151
25	15	5024	110
3090	11	3087	149
1363	1	27	052
8957	23	2922	149
212	1	189	040
3216	12	2155	135
702	6	28	108
198	1	189	072
2501	10	2935	157
169	6	173	038
6247	23	2935	118
610	1	416	157
630	6	46	134
25	15	5024	159
2142	6	2008	062
1958	6	2009	119
88	6	30	083
702	6	28	129
19	6	2008	022
3225	23	2938	040
4568	23	2946	089
2022	6	2123	134
2020	6	2008	068
629	1	30	093
3064	23	12505	111
4568	23	2946	111
588	6	30	124
793	1	341	156
19	6	2008	060
2945	14	3623	131
2074	6	405	087
2809	17	5817	094
1912	6	405	092
1133	15	4990	140
1910	14	3956	136
292	1	120	103
2110	6	171	148
3193	12	115	159
7847	23	2966	092
6726	23	2966	114
2065	6	2040	065
636	1	172	044
2822	14	3475	137
702	1	28	047
2138	6	2008	029
702	6	28	032
142	6	30	070
2138	6	2008	039
1871	12	2155	012
178	6	116	061
446	1	402	143
2057	6	173	049
610	1	416	020
2809	17	5816	156
6414	23	2935	029
3113	14	3524	055
1976	6	2040	099
431	1	189	121
178	1	179	061
3193	12	2155	091
480	15	4990	068
3211	12	2082	041
2911	9	2482	131
765	6	30	083
480	15	4990	002
428	6	171	157
4568	23	2946	061
3217	12	28	024
2140	6	2018	149
284	1	189	087
3190	12	2120	075
742	1	748	101
3178	17	5948	135
88	6	30	079
2729	23	2966	153
636	1	172	048
2068	6	173	049
2911	10	2720	156
845	1	28	082
169	1	172	133
1947	6	2027	149
597	15	5088	139
636	1	172	147
3216	12	2155	096
2026	6	30	046
1133	6	592	140
3217	12	28	075
1525	6	29	077
1956	6	2040	134
2105	6	30	075
613	1	416	064
100	6	30	121
169	6	173	049
734	15	4977	061
3053	23	12505	147
2059	6	2061	026
711	1	28	006
1133	15	4990	073
69	1	72	022
1930	15	4977	038
428	15	5024	132
796	15	4990	122
588	6	30	075
2809	9	2705	106
260	1	189	148
6247	23	2935	094
578	1	28	119
728	1	405	092
2130	6	2009	090
25	6	30	079
284	6	2040	116
196	1	189	109
2693	12	28	013
2916	14	3509	082
2984	10	2946	090
1567	1	590	139
205	1	207	090
1133	6	30	082
3193	12	2155	006
205	1	207	016
55	6	30	125
734	15	4977	110
6246	17	6704	159
2809	17	5935	161
598	6	2019	155
2003	6	2019	133
831	1	416	031
1841	23	2997	132
7125	20	6780	119
88	6	30	121
169	1	171	153
2068	6	405	108
1956	6	2008	069
28	6	29	143
7789	23	12532	145
2253	20	5762	145
6168	17	5817	156
578	1	28	055
25	6	30	046
100	6	30	033
25	15	4990	016
3204	20	6780	161
2693	12	28	136
25	15	4990	140
396	6	30	042
2130	6	2027	137
2909	9	2720	021
509	15	4977	000
2105	6	30	063
2169	6	29	103
1429	6	2029	001
197	1	189	052
1958	6	2061	064
2153	6	30	056
1502	1	416	137
1644	1	207	135
17	1	18	090
3217	12	28	053
2903	11	3089	077
2026	6	30	079
4659	14	3793	071
17	1	1561	015
3225	23	2989	120
1592	6	2029	009
2168	6	173	049
7146	23	12532	107
211	1	189	142
2808	9	2517	099
1502	1	416	020
260	1	189	068
28	9	29	158
6414	23	2935	059
659	1	341	044
2153	6	2027	141
25	6	30	104
2845	10	2977	081
399	6	402	136
3143	11	3087	017
2168	6	173	045
584	1	259	066
2539	9	2482	117
675	15	4990	004
1970	6	2040	084
3219	12	2027	068
2945	10	2946	105
3216	12	2155	129
2909	9	2720	046
759	1	28	138
396	6	30	130
675	15	4990	066
17	1	1561	017
1961	6	2031	158
44	5	25	078
607	15	4990	109
509	15	4977	142
1894	23	2920	118
3143	11	3087	036
1644	1	207	125
2138	6	2008	038
2101	6	2008	067
47	1	30	070
2663	9	2588	150
2809	17	5816	135
5308	15	5088	119
6247	23	12509	148
2026	6	30	090
2917	9	2593	079
3216	12	2155	047
2809	17	5817	149
2587	9	2588	067
4885	17	8813	142
2644	9	2593	120
292	1	120	015
509	15	4977	098
195	1	189	158
3219	12	2027	049
831	1	416	115
2867	9	2588	121
55	6	30	058
509	15	4977	083
675	15	4990	028
3209	12	2027	149
1133	15	4990	005
2065	6	2040	085
2156	6	30	042
1912	15	5024	144
260	1	189	138
2587	9	2588	095
196	1	189	127
1931	6	116	027
213	1	189	066
215	1	189	007
88	6	30	047
509	6	29	155
3166	23	12532	099
6539	17	5873	062
810	1	416	150
25	15	5024	086
478	1	444	135
1429	6	2027	145
228	6	229	043
396	6	30	084
69	1	72	041
2589	9	2517	138
2110	6	171	155
831	1	416	089
1958	6	2061	059
4885	17	8813	056
292	1	120	099
428	15	5024	111
1429	6	173	011
584	6	259	052
3143	11	3087	078
1959	6	2009	127
178	6	116	109
2065	6	2040	030
1930	15	4977	143
2140	6	2018	139
406	1	408	058
7146	23	12532	077
196	1	189	121
431	1	189	075
2135	6	2045	006
1956	6	2009	092
212	1	189	118
2911	10	2720	155
3216	12	2155	051
675	6	2051	011
25	15	5024	037
1871	12	2155	021
3053	23	12505	138
734	15	4977	116
2945	14	3623	148
2022	6	2123	123
2696	9	2476	107
796	15	4990	131
800	1	416	019
7146	23	12532	094
7146	23	12532	084
2101	6	2008	029
822	1	416	110
446	1	405	107
2119	6	2045	151
6247	23	2935	004
199	1	189	156
431	1	189	091
2539	9	2482	154
734	15	4977	078
812	1	416	021
968	1	408	052
6726	23	2966	108
6414	23	2935	033
12	1	14	010
765	6	30	056
1910	14	3956	138
6414	23	2935	119
211	1	189	120
6247	23	12509	157
2153	6	2031	155
2072	6	29	146
12528	23	12532	155
2156	6	30	043
2615	9	2476	099
845	1	28	027
17	6	30	042
195	1	189	121
2006	6	29	037
2140	6	2009	082
1592	6	2029	007
2644	9	2593	076
675	15	5120	135
2006	6	29	112
846	1	397	000
811	1	416	131
2962	10	2963	112
2030	6	2032	141
2587	9	2588	133
9342	20	6012	128
303	1	416	121
1525	6	29	084
199	1	189	133
55	6	29	147
2903	12	170	144
2020	6	2009	115
659	1	341	148
2144	6	2009	127
4568	23	2946	116
12	1	14	085
8957	23	2922	073
211	1	189	029
19	6	2009	095
6247	23	2935	119
12	1	14	011
3143	11	3087	067
195	1	189	140
2696	9	2476	102
380	6	29	137
2069	6	2018	156
796	15	4990	146
6247	23	12509	110
197	1	189	086
69	1	72	031
3053	23	12505	142
2945	14	3623	140
381	1	259	043
8301	23	3060	096
1133	6	30	055
1912	15	5024	110
2729	23	2966	000
3209	12	30	025
205	6	2038	022
215	1	189	095
3189	12	2040	097
812	1	416	068
2809	17	5816	138
588	6	30	009
1970	6	2084	046
12528	23	12532	001
2130	6	2027	142
44	6	29	158
478	1	444	105
1593	1	1594	119
3166	23	12532	050
2105	6	2027	156
7847	23	2966	036
17	1	1561	005
2785	9	2593	085
2808	9	2517	146
742	15	4990	134
88	6	30	044
2583	9	2476	128
3143	11	3087	011
380	6	30	011
172	1	402	042
178	1	179	094
2984	10	2946	123
6414	23	2935	069
3237	12	116	124
509	6	30	036
17	1	1561	014
968	1	408	088
3064	23	12505	077
3593	14	3544	105
2142	6	2027	158
2105	6	30	091
3106	11	3087	040
258	1	259	063
578	1	28	008
818	1	416	140
1133	6	30	032
211	1	189	114
292	1	120	001
443	1	416	059
7847	23	2966	102
415	1	416	027
3211	12	2120	103
1486	1	845	153
3193	12	2155	035
2059	6	2061	075
2156	6	30	080
659	1	341	004
2917	10	2942	084
771	1	629	062
728	1	259	036
9404	20	6706	146
2773	14	3641	102
1970	6	2040	106
142	6	2044	152
142	6	2044	132
205	6	30	067
2592	9	2593	125
17	1	18	075
6006	17	5818	054
381	1	405	121
2006	6	29	017
2168	6	173	072
702	1	28	069
2101	6	2008	051
2140	6	2009	120
169	6	173	028
6006	17	5818	046
2615	9	2517	092
69	1	72	130
597	15	5088	137
1959	6	2008	046
1644	1	207	050
1863	9	2518	155
2156	6	30	009
88	6	30	058
205	15	4990	121
7789	23	12532	156
478	1	444	072
2008	9	259	056
3192	12	2155	076
211	1	189	153
480	15	5067	099
610	1	416	012
1363	1	27	135
2156	6	30	003
3219	12	2027	079
8301	23	3060	049
17	1	18	063
636	1	172	072
675	15	4990	145
2059	6	2061	081
473	6	2082	059
3211	12	2120	095
8301	23	3060	123
2047	6	171	073
1930	15	4977	019
588	6	30	010
734	15	4977	040
598	6	2019	158
2945	10	2946	099
169	1	173	020
811	1	416	051
188	1	189	121
3209	12	30	101
597	15	5088	134
2130	6	2008	080
6414	23	2935	089
2153	6	2027	148
702	1	28	128
2587	9	2476	074
6006	17	5818	043
2068	6	2027	133
258	1	259	050
1363	1	27	142
228	1	229	079
228	6	229	028
759	1	28	149
473	1	416	013
2911	9	2482	103
396	6	30	097
399	6	402	142
2003	6	30	077
2729	23	2935	148
2127	6	171	028
2615	9	2517	100
260	1	189	098
381	6	405	067
446	1	402	134
478	1	444	055
3101	11	3102	118
88	6	30	032
2785	9	2520	103
406	1	408	022
675	1	320	153
1429	6	30	089
1525	6	29	123
3217	12	28	127
2693	12	28	003
12528	23	12532	138
2071	6	30	118
2101	6	2040	152
284	1	189	090
2116	6	2061	020
9404	20	6706	142
2130	6	2008	062
2071	6	30	031
771	1	629	098
636	1	172	094
2785	9	2593	153
7146	23	12532	057
2069	6	1561	068
195	1	189	068
406	1	408	083
2047	6	171	024
720	1	28	057
636	1	172	050
2127	6	171	091
1860	9	2517	130
1871	12	2155	116
2539	9	2540	161
812	1	416	055
2035	6	2009	085
742	1	743	145
818	1	416	103
610	1	416	134
2903	11	3089	049
598	6	30	001
2140	6	2008	026
509	6	30	044
2020	6	2018	140
47	6	30	072
3206	12	2082	062
2693	12	28	049
396	6	30	112
444	1	405	102
100	6	29	140
597	15	5088	156
258	1	259	045
2809	17	5935	145
215	1	189	116
396	6	30	017
2020	6	2018	141
8957	23	2922	078
765	6	30	015
742	1	748	088
1941	6	2044	156
3231	12	29	038
2539	9	2482	079
292	1	120	094
2069	6	1561	001
6726	23	2966	131
1947	6	173	073
2909	9	2593	019
630	1	631	158
2113	6	29	106
2808	10	2924	074
2663	17	5817	159
6726	23	2966	129
3053	23	12505	084
2911	9	2482	156
3216	12	2155	008
6247	23	2935	143
2071	6	30	106
480	15	5067	087
2020	6	2045	000
2140	6	2009	102
478	1	444	084
822	1	416	120
478	1	444	009
1133	15	4990	112
2142	6	2027	137
2945	14	4034	106
260	1	189	054
711	1	28	093
1959	6	2009	110
480	15	4990	101
198	1	189	106
2074	6	405	109
3053	23	12505	122
2101	6	2008	054
8301	23	3060	124
2693	12	28	073
4659	14	3509	064
1912	6	405	085
3187	23	12518	142
2138	6	2018	142
2693	12	28	038
2116	6	2018	102
4884	14	3495	093
3106	11	3087	021
2811	9	2517	143
2006	6	29	114
588	6	30	046
3166	23	12532	029
3225	23	2989	119
2113	6	29	053
2105	6	2027	152
198	1	189	073
88	6	30	071
197	1	189	132
3231	12	29	124
3217	12	28	034
2693	12	28	057
2945	14	4034	143
260	1	189	057
2125	6	2009	089
6247	23	12509	078
1975	6	2008	062
1970	6	2084	034
2068	6	405	120
199	1	189	061
2663	17	5935	138
1851	10	2997	154
598	6	30	126
1941	6	2008	072
428	6	259	061
7881	17	6780	160
478	1	444	070
4684	14	3971	153
636	1	172	119
8957	23	2922	030
2138	6	2018	138
3814	14	3544	151
47	6	28	133
2130	6	2045	018
205	1	207	035
2126	6	2009	124
613	1	416	008
3225	23	2938	065
6247	23	12509	120
1912	6	405	110
267	6	29	155
6247	23	2935	081
846	1	397	116
11201	22	9678	140
630	6	30	042
2696	9	2476	088
811	1	416	000
2074	6	402	142
172	1	402	080
2144	6	2009	125
4885	17	8813	111
44	6	30	086
2113	6	29	119
810	1	416	034
3217	12	28	027
794	1	478	154
811	1	416	115
3143	11	3087	010
629	1	30	106
2644	9	2593	108
2020	6	2008	045
2688	9	2517	135
396	6	30	101
765	6	30	014
2021	6	405	090
3187	23	12518	115
17	1	1561	026
2867	9	2588	149
381	6	405	062
8779	23	2989	136
3193	12	115	151
578	1	28	143
446	1	259	053
205	6	30	108
2809	9	2705	115
811	1	416	074
17	1	18	105
1133	6	30	116
7515	20	7092	150
9381	20	5762	148
1871	12	2155	047
431	1	189	122
2688	9	2517	141
3225	23	2938	088
765	6	30	054
1841	23	2997	124
2026	6	2027	152
675	15	4990	102
3101	11	3102	157
100	6	29	155
2911	9	2482	069
3090	11	3087	140
169	1	173	125
2587	9	2588	140
2127	6	171	086
2071	6	28	136
968	1	408	046
8301	23	3060	083
2020	6	2018	158
488	1	30	103
1644	1	207	067
1956	6	2040	138
2808	9	2517	131
2178	6	2111	132
810	1	416	157
7789	23	12532	096
630	1	632	147
822	1	416	090
1956	6	2008	052
598	6	30	019
399	1	404	161
473	1	416	144
1851	10	2997	156
3193	12	2155	134
2615	9	2593	126
1947	6	405	098
25	15	5024	011
2074	6	2075	019
822	1	416	160
2126	6	625	147
2696	9	2476	040
473	6	2082	056
215	1	189	010
3187	23	12518	144
228	1	229	071
2811	9	2517	147
3187	12	2055	102
260	1	189	114
228	6	2040	133
3113	11	3102	115
381	1	405	115
7789	23	12532	146
1502	1	416	099
2539	9	2540	145
473	1	416	074
381	6	405	061
846	1	397	152
3113	11	3102	148
25	6	30	010
2035	6	625	140
2068	6	171	159
3189	12	2040	046
799	1	766	161
2911	10	2720	096
473	6	2040	096
4684	14	3707	142
8779	23	2989	093
1931	6	116	078
4885	17	8813	039
2059	6	2061	003
1975	6	2008	051
675	15	4990	022
5252	15	5088	128
2909	9	2593	111
2006	6	29	081
196	1	189	003
473	6	2082	040
800	1	416	008
1912	6	259	083
44	5	25	029
2663	9	2476	147
195	1	189	038
44	6	30	001
2539	9	2540	081
169	1	173	114
607	15	4990	086
968	1	408	036
1486	1	845	155
211	1	189	135
2140	6	2008	021
2119	6	2008	038
1593	1	1594	052
598	6	30	087
3814	14	3794	154
3521	14	3437	115
2587	9	2476	094
6247	23	12509	047
509	15	4977	032
1429	6	30	123
765	1	766	153
2644	10	2924	055
734	15	4977	153
2015	6	115	160
1975	6	2008	052
2127	6	171	141
2539	9	2540	091
800	1	416	112
610	1	416	078
3211	12	2120	157
3197	12	2120	113
2119	6	2045	090
17	1	18	038
3216	12	2155	122
1912	6	405	108
720	1	28	154
2113	6	29	129
1959	6	2008	077
2125	6	2009	095
205	1	207	053
822	1	416	145
3211	12	2120	113
415	1	416	033
28	6	29	159
3166	23	12532	005
2909	9	2720	150
3577	14	3437	093
2298	12	2155	158
292	1	120	019
6247	23	2935	107
3090	11	3087	161
2836	9	2705	131
734	15	4977	089
2119	6	2008	041
734	15	4977	038
810	1	416	084
6247	23	2935	047
810	1	416	126
832	1	416	075
172	1	402	141
2903	11	3089	133
794	1	478	137
584	6	405	108
2140	6	2008	053
2693	14	3468	138
2105	6	30	110
711	1	28	112
509	6	30	070
195	1	189	152
796	15	4990	096
4885	17	8813	027
25	15	4990	089
2119	6	2120	122
3231	12	29	156
3166	23	12532	057
2068	6	173	055
2809	17	5818	092
8301	23	3060	004
169	6	173	045
6414	23	2935	003
6247	23	2935	099
205	15	4990	146
178	1	179	034
607	15	4990	117
211	1	189	081
2539	9	2540	137
443	1	416	154
3130	14	3509	145
44	5	25	141
7789	23	12532	000
598	6	30	037
2127	6	171	112
1841	23	2997	122
2135	6	2008	054
2119	6	2045	143
6726	23	2966	053
6414	23	2935	095
1525	6	29	023
2130	6	2009	126
3866	14	3487	121
28	1	29	150
169	6	173	035
2140	6	2009	115
1941	6	2008	033
1363	1	27	009
728	1	259	079
5252	15	5088	155
3218	12	2018	098
2809	9	2705	160
1941	6	2008	027
3166	23	12532	109
100	6	30	048
2071	6	30	014
443	1	416	031
188	1	189	075
443	1	416	108
711	1	28	036
2917	10	2942	071
598	6	30	046
3113	14	3491	048
11580	22	9538	157
258	1	259	068
2127	6	171	127
446	1	405	109
702	6	28	088
473	6	2040	119
3522	14	3523	000
2696	9	2476	097
702	1	28	021
702	1	28	044
1860	9	2517	104
69	1	72	107
3190	12	2084	061
2729	23	2966	107
2135	6	2008	018
2068	6	2027	151
17	6	30	132
728	1	259	068
771	1	629	058
2809	17	5818	146
292	1	119	159
443	1	416	081
228	6	229	062
10636	22	9791	154
1644	1	207	143
675	15	5120	006
3106	11	3087	050
2119	6	2045	095
260	1	189	093
3577	14	3437	046
3866	14	3487	156
2035	6	2036	133
3205	12	2055	154
8779	23	2989	019
2102	6	2040	093
1970	6	2040	130
1133	6	30	109
2030	6	2009	108
113	6	30	061
6247	23	12509	079
1592	6	30	081
734	15	4977	114
2142	6	2009	095
2677	15	4969	160
675	15	5120	154
1894	23	2920	078
2126	6	2009	085
2142	6	2045	017
228	6	229	012
2615	9	2517	159
178	1	179	047
6414	23	2935	062
2615	9	2517	154
69	1	72	034
2693	14	3469	157
2006	6	29	139
2119	6	2008	076
2021	6	405	125
636	1	172	058
44	5	25	127
6303	17	6308	158
2693	11	3087	117
1970	6	2040	139
2020	6	2045	012
406	1	408	079
6247	23	12509	066
1486	6	29	157
3225	23	2938	060
1860	9	2517	150
258	1	259	069
2074	6	171	151
3217	12	28	096
2135	6	2009	104
2156	6	30	039
2845	10	2977	095
178	1	179	053
3425	14	3428	128
3190	12	2120	119
431	1	189	128
2033	6	29	160
2587	9	2476	064
1894	23	2920	100
588	6	30	109
1930	15	4977	081
811	1	416	156
2917	9	2593	108
1956	6	2040	159
1133	15	4990	144
2811	9	2517	129
2030	6	2008	047
2836	9	2705	064
178	1	179	083
473	1	416	003
199	1	189	139
2688	9	2517	109
198	1	189	038
2021	6	402	142
2909	9	2593	064
3106	11	3087	051
1956	6	2040	154
6247	23	12509	085
1860	4	1833	079
810	1	416	067
415	1	416	098
211	1	189	049
2135	6	2008	065
7146	23	12532	155
4940	14	3426	159
3053	23	12505	149
6247	23	12509	031
428	6	259	060
5308	15	5088	160
2663	9	2588	143
88	6	30	054
2127	6	171	053
12	1	14	099
2071	6	29	157
2785	9	2520	096
3577	14	3437	014
215	1	189	126
2909	9	2593	031
2069	6	1561	070
771	1	629	072
2785	9	2520	126
211	1	189	015
675	15	5120	061
1644	1	207	108
2809	17	5935	136
47	6	28	132
675	1	320	146
4568	23	2946	128
303	1	416	086
2644	9	2593	054
2003	6	30	114
2809	17	5816	123
2587	9	2476	063
818	1	416	091
659	1	341	061
2101	6	2008	032
3209	12	30	112
1593	1	1594	122
480	15	4990	124
765	6	30	046
2047	6	171	091
473	6	2055	022
2916	9	2517	102
2006	6	29	122
1851	10	3056	158
3192	12	2155	057
4	1	626	149
3216	12	2155	114
2003	6	30	042
1133	15	4990	051
2101	6	2040	127
172	1	402	131
630	6	30	061
811	1	416	145
3577	14	3437	088
702	6	28	062
261	1	263	006
1363	1	27	053
3577	14	3437	110
2035	6	2009	114
810	1	416	027
3888	14	3762	019
3144	11	3087	157
415	1	416	104
584	1	259	057
3197	12	2120	114
4684	14	3980	156
2811	9	2517	142
55	6	30	106
380	6	30	026
734	15	4977	029
588	1	590	139
2169	6	29	048
3231	12	29	008
3225	23	2989	005
44	5	25	010
1429	6	2027	153
675	15	5120	021
1894	23	2920	036
2903	12	170	135
1894	23	2920	074
2693	12	28	020
2144	6	2009	093
381	1	405	150
3200	12	2055	161
3193	12	2155	088
55	6	30	048
1912	6	2179	018
3216	12	2155	037
2059	6	2061	001
1644	1	207	157
2845	14	3956	141
2105	6	30	022
2773	9	2517	126
228	6	229	082
1133	15	4990	018
832	1	416	131
630	6	30	043
8301	23	3060	142
597	15	5088	143
19	6	2009	115
607	15	4990	156
415	1	416	136
1486	1	845	157
1133	6	30	042
2142	6	2008	044
3755	14	3495	139
968	1	408	051
2057	6	173	045
2030	6	2008	043
6247	23	2935	035
630	6	30	065
1593	1	1594	074
2693	12	28	076
597	15	5088	117
2127	6	171	070
1976	6	229	041
659	1	341	017
2696	9	2476	155
6247	23	12509	117
2143	6	2045	001
796	15	4990	047
759	1	28	150
197	1	189	116
2008	9	259	053
113	6	30	062
3101	11	3102	130
1363	1	27	016
597	15	5088	035
2119	6	2045	089
659	1	341	076
7789	23	12532	040
2008	9	259	079
2121	6	171	157
215	1	189	000
584	1	259	051
2153	6	30	050
2696	9	2476	052
2729	23	2966	140
3206	12	2120	092
2030	6	2009	084
443	1	416	073
2135	6	2009	123
178	1	179	051
399	1	402	140
675	15	4990	137
1976	6	2040	155
1930	15	4977	022
742	1	748	082
3217	12	28	076
2101	6	2040	093
2785	9	2520	158
3190	12	2120	149
228	6	229	015
11201	22	11202	144
3206	12	2082	000
2693	12	28	056
260	1	189	150
3225	23	2938	081
509	15	4977	103
88	6	30	018
3833	14	3719	051
1930	15	4977	159
213	1	189	076
2644	10	2924	058
818	1	416	139
3577	14	3437	015
2130	6	2008	021
2020	6	2009	118
17	6	2044	150
211	1	189	025
199	1	189	112
720	1	28	068
399	1	405	097
10636	22	9538	139
69	1	72	068
509	15	4977	069
4054	14	3623	128
3866	17	6268	047
3106	11	3087	103
2020	6	2009	105
7125	20	6780	117
19	6	2008	045
3101	11	3102	117
473	1	416	087
2729	23	2935	135
113	6	29	161
636	1	172	111
2071	6	29	154
3101	11	3102	123
1525	6	29	131
2021	6	405	127
3101	11	3102	014
831	1	416	129
588	6	30	091
205	15	4990	027
1941	6	2009	120
3225	23	2989	100
2126	6	625	155
2035	6	625	143
284	1	189	155
8767	17	6465	141
88	6	29	137
2102	6	2040	096
188	1	189	007
198	1	189	035
2102	6	2008	052
3209	12	30	130
47	6	30	107
473	1	416	023
831	1	416	135
2003	6	30	067
2836	9	2705	074
3130	14	3491	149
478	1	444	134
728	1	405	078
3193	12	2155	015
8325	17	6268	118
3144	17	5948	157
2008	9	259	077
25	6	30	087
188	1	189	140
142	6	30	031
381	6	405	076
2587	9	2476	055
3064	23	12505	073
2911	10	2720	128
2808	9	2517	084
8939	20	6706	154
771	1	629	015
711	1	28	102
2693	11	3087	137
2069	6	2018	154
12	1	14	043
199	1	189	079
810	1	416	050
169	6	405	123
1961	6	2027	137
1863	9	2560	155
3577	14	3437	030
2156	6	30	027
771	6	30	123
8957	23	2922	006
2916	9	2517	128
2116	6	2018	081
3101	11	3102	023
8301	23	3060	067
396	6	30	019
2138	6	2008	081
1930	15	4977	144
2127	6	171	128
4568	23	2946	126
3831	14	3832	115
2059	6	2061	036
100	6	30	120
2119	6	2008	075
2845	9	2518	157
3130	14	3555	157
2059	6	2061	041
2809	17	5816	115
473	1	416	028
2867	9	2517	140
196	1	189	009
196	1	189	017
3166	23	12532	116
2047	6	171	006
3178	17	5948	158
2065	6	2040	010
720	1	28	049
2917	9	2593	109
88	6	30	005
636	1	172	130
2836	17	5818	152
3101	11	3102	119
44	5	25	043
771	1	629	117
2663	17	5816	130
3225	23	2989	088
2099	9	2486	159
142	6	30	030
3209	12	30	072
2156	6	30	125
415	1	416	016
2074	6	2075	045
5168	15	5088	102
7146	23	12532	056
2911	10	2720	147
2021	6	405	107
6006	17	5818	122
2135	6	2009	102
2539	9	2482	152
4885	17	8813	046
2153	6	30	128
846	1	845	154
4899	14	3623	152
968	1	408	110
3101	11	3102	057
2809	9	2705	113
6006	17	5818	090
44	5	25	023
12528	23	12532	031
2035	6	2009	110
19	6	2008	080
228	1	229	026
5308	15	5088	045
2030	6	2009	110
2909	9	2720	035
25	15	5024	102
473	6	2040	111
1961	6	2009	129
2065	6	2040	087
3225	12	2155	150
613	1	416	048
2020	6	2009	124
169	1	172	141
846	1	397	098
473	1	416	089
1931	6	116	088
3237	12	116	130
6247	23	12509	105
610	1	416	140
2539	9	2540	114
3211	12	2082	055
6006	17	5818	135
675	15	4990	108
734	15	4977	034
1429	6	30	102
2101	6	2008	068
613	1	416	049
113	6	550	131
4568	23	2946	071
478	1	444	045
3189	12	2040	160
7146	23	12532	062
473	6	2082	033
2615	9	2517	122
25	15	5024	074
2059	6	2061	059
2138	6	2008	058
1593	1	1594	039
197	1	189	126
431	1	189	141
702	6	28	064
629	1	30	079
11580	22	9985	149
812	1	416	048
2142	6	2045	009
659	1	341	046
720	1	28	006
702	6	28	089
260	1	189	052
1393	1	589	158
3064	23	12505	123
675	15	4990	135
2845	10	2977	118
473	1	416	035
2773	9	2517	102
968	1	408	009
1133	15	4990	049
2836	17	5818	130
44	6	30	011
284	6	2040	136
3211	12	2120	152
2119	6	2120	088
811	1	416	123
2615	9	2593	143
613	1	416	099
3814	14	3793	154
1429	6	171	159
711	1	28	073
2144	6	2009	114
800	1	416	042
213	1	189	022
473	6	2040	147
198	1	189	137
3143	11	3087	123
415	1	416	107
629	1	28	131
1970	6	2084	004
2729	23	2935	093
473	6	2040	098
2157	6	2120	121
12528	23	12532	003
3032	23	3060	048
659	1	341	087
6414	23	2935	031
7847	23	2966	117
228	1	229	027
711	1	28	081
1961	6	2009	104
831	1	416	079
3193	12	2155	045
284	6	2008	070
831	1	416	070
260	1	189	004
11201	22	11202	139
734	15	4977	034
169	1	173	099
1912	6	171	152
2909	9	2720	020
195	1	189	141
44	5	25	089
205	6	30	105
2073	6	2008	075
6726	23	2966	045
734	15	4977	125
2116	6	2018	116
1970	6	2084	066
2909	9	2720	117
794	1	478	120
211	1	189	130
2169	6	29	139
2663	17	5935	155
69	1	72	028
205	6	2019	143
2059	6	2018	140
2113	6	29	057
2811	9	2517	095
12528	23	12532	103
2020	6	2008	056
8301	23	3060	136
2644	9	2593	152
2773	9	2517	142
588	6	30	036
17	6	30	091
2102	6	2040	133
118	1	119	151
1975	6	625	151
2615	9	2476	159
968	1	408	112
1961	6	2008	061
25	6	29	154
2729	23	2935	056
3219	12	2027	080
2021	6	405	100
1486	1	845	156
1525	6	29	031
2909	9	2720	142
1947	6	405	087
1931	6	116	026
509	15	4977	077
675	15	4990	026
3130	14	3544	152
2142	6	2008	039
720	1	28	063
8957	23	2922	146
25	15	5024	087
2135	6	2031	159
480	15	4990	144
480	15	4990	008
3187	23	12518	075
2169	6	29	078
1502	1	416	136
2126	6	2008	075
3577	14	3437	083
1941	6	2044	154
578	1	28	038
2911	9	2482	121
2020	6	2087	157
205	1	207	155
1956	6	2040	146
3231	12	29	083
260	1	189	005
597	15	5088	082
212	1	189	019
3237	12	116	098
8957	23	2922	083
771	1	629	051
480	15	4990	109
771	6	30	117
3216	12	2155	039
2142	6	2009	084
846	1	397	009
303	1	416	070
3231	12	29	102
44	5	25	145
478	1	444	071
765	6	30	033
734	15	4977	027
1393	6	29	161
2836	9	2705	080
630	6	30	071
284	6	2040	093
28	9	29	145
2867	9	2517	118
771	6	30	083
2059	6	2060	121
178	6	115	157
2809	9	2705	151
3090	11	3087	160
2587	9	2476	122
3231	12	29	072
7146	23	12532	089
19	6	625	155
2729	23	2966	128
2729	23	2935	082
381	1	405	120
6726	23	2966	147
711	1	28	011
831	1	416	133
2142	6	2008	067
431	1	189	085
205	6	30	120
6247	23	2935	134
2138	6	2008	068
44	5	25	079
636	1	172	067
212	1	189	050
2105	6	30	124
1912	6	259	071
8440	17	6403	114
846	1	397	093
19	6	2044	146
2984	10	2946	072
2815	9	2816	158
3225	23	2989	128
199	1	189	134
742	15	4990	122
303	1	416	029
832	1	416	129
3577	14	3437	089
659	1	341	078
3113	14	3509	049
3211	12	2120	138
7206	17	6566	141
2587	9	2476	121
1947	6	405	112
1975	6	625	144
734	15	4977	094
2729	23	2935	049
810	1	416	120
1525	6	29	017
473	6	2040	093
659	1	341	122
215	1	189	144
2917	9	2593	140
381	6	405	091
3866	14	3487	139
44	6	30	016
199	1	189	052
2945	14	3623	116
3205	12	2055	159
478	1	444	086
142	6	30	074
3577	14	3437	122
720	1	28	042
597	15	5088	110
2102	6	2040	102
8876	17	6403	126
196	1	189	057
728	1	405	117
211	1	189	024
584	6	259	030
811	1	416	046
1871	12	2155	027
480	15	4990	056
818	1	416	053
1941	6	2009	097
25	15	5024	021
88	6	28	135
3142	14	3509	073
812	1	416	032
607	15	4990	107
25	15	4990	107
478	1	444	044
3106	11	3087	076
478	1	444	017
811	1	416	159
3190	12	2120	089
2592	9	2593	160
6247	23	2935	046
2917	9	2593	068
675	15	4990	140
4659	14	3491	069
3577	14	3437	034
2105	6	2027	138
2074	6	2075	030
2057	6	173	070
197	1	189	029
5308	15	5088	035
3143	11	3087	022
4899	14	3623	142
228	6	229	048
3216	12	2155	152
675	6	2052	025
399	1	405	130
2121	6	405	096
794	1	478	139
702	1	28	007
19	6	2009	123
2073	6	2009	124
2030	6	2009	123
3113	11	3102	081
3193	12	2155	046
2101	6	2040	137
2065	6	2040	072
6414	23	2935	141
734	15	4977	063
25	15	5024	075
363	1	364	155
796	15	4990	003
2126	6	625	148
2836	9	2705	086
205	15	4990	107
702	6	28	085
630	1	631	151
728	1	405	035
810	1	416	037
613	1	416	010
19	6	2008	066
199	1	189	090
607	15	4990	138
2945	14	3623	158
2696	9	2476	149
2809	17	5817	139
811	1	416	029
19	6	625	154
188	1	189	158
2808	9	2517	152
7789	17	5948	157
188	1	189	120
578	1	28	128
607	15	4990	114
818	1	416	040
6247	23	12509	082
19	6	2044	143
796	15	4990	142
6414	23	2935	141
292	1	120	042
6247	23	12509	101
610	1	416	099
142	6	30	110
742	1	748	132
7146	23	12532	059
178	6	116	043
2059	6	2061	010
3193	12	2155	128
44	6	30	029
2119	6	2045	050
1644	1	207	027
25	6	30	030
1871	12	2155	127
801	15	5088	152
25	15	4990	080
172	1	402	114
2008	9	259	039
113	6	30	015
178	6	116	038
2065	6	2040	025
2688	9	2517	105
3053	23	12505	026
2127	6	171	099
2688	9	2517	157
578	1	28	115
431	1	189	084
6247	23	12509	087
794	1	478	148
1894	23	2920	089
428	6	405	098
205	6	30	031
178	6	116	024
381	6	405	058
2539	9	2482	114
6006	17	5818	128
212	1	189	155
172	15	5043	139
3866	14	3487	067
3217	12	28	099
2069	6	1561	072
6247	23	12509	055
2073	6	2008	076
2068	6	405	109
215	1	189	112
845	1	28	138
831	1	416	072
2074	6	2075	038
1956	6	2009	082
2065	6	2040	096
2142	6	2027	153
380	6	30	036
818	1	416	154
675	15	5120	044
2811	9	2517	106
2785	9	2520	100
6247	23	2935	131
4885	17	8813	061
675	15	5120	028
3166	23	12532	103
1860	9	2517	126
2911	9	2482	124
2845	10	2977	110
3189	12	2040	074
169	6	2043	084
796	15	4990	108
8779	23	2989	062
2119	6	2120	153
846	1	397	142
2030	6	2045	004
2615	9	2593	159
478	1	444	014
711	1	28	154
443	1	416	084
431	1	189	100
845	1	28	118
1525	6	29	059
1644	1	207	057
584	1	259	076
4890	14	4228	036
25	6	28	136
3101	11	3102	113
205	15	4990	054
478	1	444	128
4932	14	3509	007
4885	17	8813	033
509	15	4977	090
6247	23	12509	058
6726	23	2966	152
3101	11	3102	088
381	1	405	110
2845	10	2977	136
702	6	28	037
2030	6	2009	112
3144	23	12529	159
6414	23	2935	143
215	1	189	046
488	1	30	083
659	1	341	160
2539	9	2482	118
3206	14	3427	078
771	6	29	159
7449	17	6287	151
260	1	189	053
7847	23	2966	012
3218	12	2018	073
3577	14	3437	105
44	5	25	055
2169	6	29	124
5308	15	5088	105
2696	9	2476	117
1930	15	4977	157
2615	9	2476	123
796	15	4990	053
796	1	797	155
578	1	28	061
702	1	28	002
1961	6	2009	116
198	1	189	039
11201	22	2157	146
1912	6	259	036
2113	6	29	154
4659	14	3509	062
12	1	14	057
509	6	30	042
2808	10	2924	075
3833	14	3719	055
1930	15	4977	027
796	15	4990	066
1644	1	207	020
172	1	402	001
1975	6	2008	079
2916	9	2517	153
630	6	550	133
2592	9	2593	092
2026	6	30	012
198	1	189	065
3193	12	115	158
2047	6	171	047
7789	23	12532	014
113	6	30	090
198	1	189	112
113	6	30	070
480	15	5067	138
2696	9	2476	158
2916	9	2517	113
845	1	28	126
260	1	189	049
292	1	120	026
100	6	30	112
4568	23	2946	110
1912	6	259	063
19	6	2008	081
172	1	402	135
2663	14	3712	148
4899	14	3623	153
7847	23	2966	009
597	15	5088	028
3577	14	3437	123
2729	23	2935	066
3106	11	3087	135
12528	23	12532	126
1525	6	29	052
7789	23	12532	092
636	1	172	096
629	1	30	046
2125	6	2009	131
428	6	259	046
613	1	416	129
2121	6	2122	012
3237	12	116	076
3190	12	2120	112
2615	9	2517	147
443	1	416	037
2615	9	2476	118
3193	12	2155	072
1976	6	2040	089
2836	9	2705	161
597	15	5088	015
44	5	25	070
2022	6	2023	152
6006	17	5818	059
3101	11	3102	091
2026	6	30	032
292	1	120	106
2105	6	30	006
811	1	416	015
205	1	207	050
3218	12	2018	060
2101	6	2008	057
2693	12	28	127
284	6	285	003
675	15	4990	071
2135	6	2008	051
178	1	179	102
1956	6	2008	076
284	1	189	126
1547	6	29	161
172	1	402	029
799	1	766	159
2903	11	3089	012
8301	23	3060	061
431	1	189	071
2119	6	2008	080
675	15	4990	017
771	6	30	013
381	1	259	058
381	1	259	033
212	1	189	133
812	1	416	121
172	1	402	079
2156	6	30	018
1133	6	30	071
831	1	416	016
2729	23	2935	136
702	1	28	088
473	1	416	054
2903	11	3089	067
2809	17	5817	158
1871	12	2155	098
711	1	28	157
765	6	30	073
2021	6	171	153
702	1	28	127
480	15	4990	034
2169	6	29	161
1871	12	2155	003
2125	6	2009	104
69	1	72	067
12497	22	10801	157
55	6	30	086
2984	10	2946	086
480	15	4990	094
2169	6	29	050
6726	23	2966	038
478	1	444	059
2135	6	2008	057
1871	12	170	157
1644	1	207	065
598	6	30	056
771	1	629	068
44	6	30	014
1970	6	2084	038
2811	9	2517	130
3237	12	117	006
396	6	30	116
2811	9	2517	134
47	6	332	131
4568	23	2946	082
431	1	189	014
2157	6	2120	122
2587	9	2476	067
2903	11	3089	107
6247	23	2935	077
610	1	416	129
6247	23	12509	088
1947	6	173	078
2836	9	2705	065
1644	1	207	117
2153	6	30	112
6247	23	12509	018
610	1	416	034
380	6	29	156
2719	9	2720	158
2909	9	2593	155
3216	12	2155	073
7789	23	12532	086
12528	23	12532	030
2663	17	5817	130
2105	6	2027	149
3189	12	2040	037
205	6	30	114
205	15	4990	000
2663	17	6190	140
446	1	259	039
55	6	30	053
2916	9	2517	146
211	1	189	151
2615	9	2517	120
7449	17	7448	141
3219	12	2027	067
443	1	416	070
2785	9	2520	093
584	6	259	059
636	1	172	057
2105	6	30	000
2102	6	285	004
473	1	416	004
2809	17	5818	133
2696	9	2476	134
968	1	408	015
17	6	2044	141
818	1	416	057
675	15	4990	101
597	15	5088	090
3193	12	2155	016
3193	12	2155	109
3219	12	2027	131
831	1	416	144
1593	1	1594	065
1841	23	2997	135
3187	12	2055	104
846	1	397	089
197	1	189	154
771	1	773	149
292	1	120	126
44	6	29	152
1593	1	1594	030
801	15	5088	155
1525	6	29	000
3219	12	2027	076
822	1	416	004
2785	9	2520	151
2119	6	2008	040
3101	11	3102	024
2138	6	2009	110
832	1	416	067
2903	12	170	139
3237	12	116	127
1133	6	592	158
659	1	341	062
1941	6	29	159
215	1	189	017
205	6	30	130
794	1	478	132
1931	6	116	104
44	5	25	038
1502	1	416	034
3237	12	116	016
846	1	397	045
3187	12	2055	127
711	1	28	003
1959	6	2009	091
2003	6	2019	143
3090	11	3087	144
2030	6	2008	027
845	1	28	152
3833	14	3762	068
4568	23	2946	103
2809	17	5818	127
25	15	4990	097
728	1	405	049
2125	6	2009	110
702	6	28	041
215	1	189	139
17	6	30	040
3218	12	2018	029
4654	14	3786	112
3113	11	3102	132
711	1	28	098
169	6	405	099
446	1	405	132
2113	6	29	037
7146	23	12532	044
199	1	189	070
5308	15	5088	010
1975	6	2025	132
19	6	2009	092
1930	15	4977	109
12528	23	12532	059
444	1	405	113
675	15	5120	047
2121	6	405	094
3064	23	12505	069
1871	12	170	155
292	1	119	149
3113	11	3102	108
822	1	416	142
832	1	416	064
811	1	416	087
2015	6	115	143
1947	6	173	018
675	15	4990	104
2909	9	2593	104
607	15	4990	112
2729	23	2966	139
2105	6	30	012
2101	6	2040	145
428	6	259	031
2696	9	2476	083
205	1	207	007
428	6	405	093
2006	6	29	115
213	1	189	128
3237	12	117	008
2773	9	2517	129
3064	23	12505	104
100	6	29	141
1959	6	2018	141
205	1	207	101
2065	6	2040	009
3866	14	3487	097
584	6	405	090
2693	12	28	135
12	1	14	027
2105	6	30	102
4615	14	3737	081
2105	6	30	056
1956	6	2040	152
228	6	2040	147
215	1	189	043
3237	12	116	135
3577	14	3437	098
629	1	30	018
2071	6	28	131
675	6	402	146
771	1	629	137
1961	6	2009	107
2116	6	2018	080
2153	6	30	092
3053	23	12505	136
2729	23	2966	023
3190	12	2084	060
2126	6	2009	102
443	1	416	000
1912	6	2179	002
2785	9	2593	096
3225	23	2938	000
6414	23	2935	026
6247	23	12509	059
1429	6	2027	144
260	1	189	058
2113	6	29	012
3062	10	2924	066
258	1	259	051
2644	9	2593	135
636	1	172	093
2068	6	173	044
3205	12	2055	152
2903	11	3089	120
811	1	416	152
3189	12	2040	137
659	1	341	114
2140	6	2008	080
2069	6	1561	054
2135	6	2008	058
381	1	259	074
6168	17	5817	142
3053	23	12505	143
1976	6	229	065
284	1	189	086
2903	12	170	146
765	6	30	053
6247	23	2935	007
2126	6	2009	089
2663	17	5817	142
822	1	416	045
794	1	478	146
3064	23	12505	121
2903	12	170	136
2008	9	259	035
588	6	30	024
3143	11	3087	065
2845	9	2518	121
25	6	30	115
212	1	189	001
6247	23	2935	003
4568	23	2946	000
3521	14	3437	119
19	6	2044	135
1133	6	30	093
800	1	416	094
169	6	405	104
2663	17	5816	145
195	1	189	013
2809	9	2705	104
2909	9	2720	069
6414	23	2935	132
2059	6	2018	132
1592	6	30	087
7146	23	12532	129
480	15	4990	049
399	1	171	153
3190	12	2084	001
69	1	72	056
2945	14	4034	157
2126	6	625	156
228	6	229	071
659	1	341	071
3216	12	2155	034
473	6	2040	114
1941	6	2009	113
629	1	28	150
3206	12	2120	104
3216	12	2155	003
444	1	405	085
3231	12	29	086
2101	6	2040	133
2135	6	2145	134
613	1	416	157
25	15	4990	085
2135	6	2008	071
3211	14	3427	080
6247	23	2935	066
3187	23	12518	061
1947	6	405	102
771	6	30	074
3143	11	3087	105
3211	12	2120	111
9225	20	6706	133
1874	4	1839	150
444	1	405	088
2984	10	2946	116
260	1	189	066
630	6	30	105
3237	12	116	118
811	1	416	053
636	1	172	113
1592	1	299	158
675	6	405	091
4054	14	3623	117
1947	6	405	119
199	1	189	002
284	1	189	154
6247	23	2935	026
213	1	189	062
5168	15	5088	096
1931	6	116	036
6247	23	12509	100
303	1	416	122
2119	6	2045	067
3193	12	2155	081
431	1	189	132
831	1	416	061
44	5	25	096
8301	23	3060	000
3187	23	12518	108
509	6	30	038
3225	12	2155	136
113	1	632	146
7789	23	12532	160
6726	23	2966	044
7789	23	12532	115
1956	6	2009	106
6247	23	12509	008
2102	6	285	006
771	6	30	077
2945	14	3623	113
25	15	4990	060
178	1	179	023
2836	9	2705	034
2135	6	2008	035
443	1	416	003
771	1	629	064
2693	14	3468	152
2127	6	171	040
100	6	30	106
2142	6	2045	015
578	1	28	126
2729	23	2935	076
188	1	189	019
1976	6	2040	160
702	6	28	023
2140	6	2008	076
3034	10	2963	152
7789	23	12532	018
2696	9	2476	142
2168	6	173	020
2069	6	2018	108
1959	6	2018	152
4054	14	3623	131
3193	20	5762	159
1941	6	2008	054
6247	23	2935	132
188	1	189	106
818	1	416	113
1947	6	2027	135
794	1	478	101
3193	12	115	150
399	1	171	151
212	1	189	027
381	6	405	084
44	6	30	077
2140	6	2008	056
2073	6	2008	026
2105	6	30	037
2006	6	29	065
3130	14	3555	158
3113	11	3102	107
113	6	30	104
8301	23	3060	003
4568	23	2946	090
3866	14	3487	071
810	1	416	133
675	15	5120	016
613	1	416	060
2059	6	2061	030
846	1	397	054
2644	9	2593	058
2006	6	29	094
2677	9	2490	161
212	1	189	147
1970	6	2040	090
3766	14	3495	061
6247	23	12509	140
1976	6	2040	133
113	1	632	155
17	1	18	096
2644	9	2593	155
415	1	416	108
812	1	416	155
2909	9	2720	049
2138	6	2008	050
415	1	416	101
2119	6	2045	097
100	6	30	115
2693	14	3468	159
3205	12	2055	144
728	1	405	099
6006	17	5818	115
2069	6	2018	110
742	15	4990	157
675	6	2051	018
17	1	18	046
3189	12	2040	103
473	1	416	011
742	15	4990	118
100	6	30	114
2073	6	2008	070
2153	6	30	114
8779	23	2989	016
6726	23	2966	007
2071	6	29	158
2020	6	2008	027
2035	6	2009	089
28	1	29	153
2589	9	2517	135
5308	15	5088	092
178	1	179	085
1930	15	4977	089
172	1	402	073
12	1	13	158
2867	9	2517	132
2917	9	2593	153
6247	23	12509	043
711	1	28	137
5252	15	5088	161
2909	9	2720	013
1976	6	2040	116
811	1	416	141
831	1	416	114
1910	14	3971	136
3211	12	2120	143
832	1	416	160
636	1	172	047
303	1	416	078
2113	6	29	021
8301	23	3060	080
2539	9	2540	074
3219	12	2027	103
2026	6	30	027
1961	6	2027	151
2069	6	2018	121
509	15	4977	086
3197	12	2055	136
3189	12	2040	014
8779	23	2989	127
7789	23	12532	084
796	15	4990	086
443	1	416	055
1961	6	2009	111
1975	6	625	149
771	6	29	154
810	1	416	047
2909	9	2593	057
2072	6	29	160
205	1	207	010
6726	23	2966	035
1970	6	2040	080
199	1	189	100
6247	23	12509	007
2113	6	29	078
19	6	2044	153
4568	23	2946	147
2909	9	2720	080
509	15	4977	145
19	6	2008	076
197	1	189	114
613	1	416	103
811	1	416	130
597	15	5088	103
2845	10	2977	158
771	6	30	052
6414	23	2935	075
3142	14	3509	075
2074	6	405	130
205	1	207	008
845	1	28	018
1592	6	29	158
3219	12	2027	120
588	6	589	147
44	5	25	006
2020	6	2009	116
6168	17	5817	136
44	6	30	074
7146	23	12532	034
6247	23	2935	086
7847	23	2966	041
5308	15	5088	066
799	1	766	148
1947	6	173	068
7847	23	2966	150
2127	6	171	002
2169	6	29	109
702	6	28	071
811	1	416	054
2020	6	2008	066
1961	6	2009	099
728	1	405	107
2693	12	28	068
2909	9	2720	039
197	1	189	036
771	6	30	014
1922	6	2061	018
2729	23	2966	024
3577	14	3437	101
2074	6	2052	023
1502	1	416	087
846	1	397	118
2101	6	2040	128
4885	17	8813	098
363	1	120	147
728	1	405	105
1592	6	30	010
810	1	416	128
578	1	28	098
2105	6	2027	133
205	1	207	153
169	6	405	119
2138	6	2008	041
2125	6	2009	091
2121	6	2122	013
10636	22	10030	145
261	1	263	003
578	1	28	117
2693	11	3087	127
3718	14	3719	025
831	1	416	125
3225	23	2938	070
188	1	189	147
100	6	30	111
2729	23	2966	003
6726	23	2966	066
1863	9	2560	150
728	1	405	052
796	15	4990	110
811	1	416	020
169	6	173	001
444	1	405	087
2693	12	28	115
1970	6	2040	110
3577	14	3437	126
2909	9	2593	121
172	15	5043	160
659	1	341	012
3178	11	3087	154
3187	23	12518	130
2123	9	2490	160
100	6	30	080
6247	23	2935	114
2138	6	2045	004
8957	23	2922	034
3166	23	12532	063
12	1	14	126
199	1	189	136
6414	23	2935	102
3231	12	29	090
3216	12	2155	078
6168	17	5817	153
55	6	30	008
303	1	416	159
428	6	259	055
1502	1	416	145
8735	17	5947	159
3036	10	2924	053
2909	9	2720	044
205	1	207	033
118	1	119	150
2130	6	2027	152
1567	1	591	157
480	15	4990	043
6247	23	2935	088
2845	10	2977	151
2026	6	30	085
765	6	30	121
796	15	4990	097
5308	15	5088	112
381	6	405	078
2909	9	2593	055
8779	23	2989	117
178	6	116	036
2909	9	2593	006
613	1	416	026
759	1	28	015
3166	23	12532	090
396	6	30	046
172	1	402	062
2101	6	2045	014
6006	17	5818	145
3231	12	29	039
2168	6	173	043
446	1	405	113
446	1	259	073
2116	6	2061	005
2836	17	5818	140
172	15	5043	146
2845	10	2977	099
800	1	416	020
734	15	4977	032
284	6	2008	060
2068	6	173	059
2059	6	2061	005
1593	1	1594	133
6247	23	12509	161
19	6	2045	016
4568	23	2946	135
8957	23	2922	051
195	1	189	030
3206	12	2120	142
2917	9	2593	145
2911	10	2720	112
2587	9	2476	108
509	15	4977	021
2962	10	2963	110
3193	12	2155	041
303	1	416	131
2589	9	2517	147
7146	23	12532	132
3130	14	3437	120
292	1	120	052
215	1	189	103
12	1	14	121
711	1	28	131
2729	23	2966	046
2119	6	2045	059
473	6	2040	156
1922	6	2018	152
2615	9	2593	109
1894	23	2920	062
381	1	405	126
2909	9	2593	025
12528	23	12532	141
728	1	405	089
3025	10	3026	089
675	15	5120	008
3187	23	12518	089
2169	6	29	134
478	1	444	117
25	15	5024	017
2909	9	2720	092
6414	23	2935	021
2539	9	2540	156
1959	6	2009	096
19	6	2044	141
702	1	28	132
2121	6	402	146
2119	6	2045	016
2143	6	2045	009
1593	1	1594	125
88	6	30	097
3101	11	3102	041
3218	12	2018	064
2006	6	29	087
100	6	30	094
2729	23	2966	149
428	6	259	040
7847	23	2966	023
2808	10	2924	082
1912	6	259	045
25	15	4990	124
2785	9	2593	134
6247	23	2935	068
25	15	4990	041
169	6	173	043
2644	10	2924	061
3143	11	3087	069
1941	6	2009	084
1958	6	2009	109
1644	1	207	120
428	6	2043	080
4568	23	2946	099
822	1	416	017
2693	14	3468	157
172	1	402	040
1502	1	416	001
1841	23	2997	161
199	1	189	115
100	6	30	090
6726	23	2966	116
2130	6	2009	115
6247	23	12509	026
25	6	29	145
381	1	259	032
1871	12	2155	042
1922	6	2018	161
2615	9	2476	142
2073	6	2009	094
2006	6	29	103
199	1	189	123
6414	23	2935	139
473	1	416	146
4659	14	3793	076
8469	20	5762	161
6006	17	5818	056
2119	6	2045	157
2457	20	6706	160
2845	9	2518	108
1486	6	29	146
2074	6	405	125
2984	10	2946	148
1502	1	416	128
428	6	405	113
1941	6	2009	107
3106	11	3087	155
2135	6	2008	052
3237	12	116	022
800	1	416	107
303	1	416	000
444	1	445	160
1912	6	2179	014
100	6	30	086
25	6	30	064
1860	23	3060	077
428	6	2050	161
1930	15	4977	011
2006	6	29	070
610	1	416	072
1976	6	229	000
659	1	341	129
4885	17	8813	041
3187	23	12518	157
19	6	2008	054
845	1	28	146
2693	11	3087	151
2110	6	402	144
2057	6	173	030
1931	6	116	087
1975	6	625	147
2917	9	2593	062
1429	6	173	017
44	6	30	098
205	1	207	160
3218	12	2018	070
228	6	229	029
205	1	207	031
2615	9	2593	092
2836	9	2705	128
1133	15	4990	094
396	6	30	063
2836	9	2705	035
431	1	189	161
771	1	629	134
196	1	189	000
2909	9	2593	005
5308	15	5088	132
480	15	4990	033
215	1	189	106
1956	6	2008	035
832	1	416	108
396	6	30	073
2073	6	29	155
2696	9	2476	089
3755	14	3495	152
3217	12	28	066
2020	6	2008	020
1911	23	12505	099
55	6	30	115
380	6	30	029
2116	6	2070	078
428	6	2055	011
711	1	28	135
3521	14	3513	122
7847	23	2966	151
2074	6	2075	018
1871	12	2155	066
213	1	189	157
636	1	172	006
7847	23	2966	144
8779	23	2989	021
188	1	189	050
3209	12	2027	140
2127	6	171	023
303	1	416	102
720	1	28	003
69	1	72	082
3216	12	2155	086
7847	23	2966	127
610	1	416	070
3755	14	3495	153
2006	6	29	056
765	6	29	148
2984	10	2946	113
7146	23	12532	109
1429	6	30	071
2135	6	2009	125
771	6	29	142
2917	9	2593	114
25	15	5024	113
1894	23	2920	065
3101	11	3102	132
675	15	4990	062
2065	6	2040	084
1133	15	4990	020
7146	23	12532	149
8301	23	3060	014
213	1	189	023
2069	6	2018	096
3192	12	2155	068
3206	12	2082	001
845	1	28	049
1133	15	4990	065
2773	9	2517	105
626	1	46	151
610	1	416	033
1970	6	2040	088
7789	23	12532	153
3166	23	12532	014
771	6	29	140
822	1	416	074
2071	6	30	086
1975	6	2008	072
3106	11	3087	061
381	1	405	128
205	1	207	066
197	1	189	087
2719	10	3016	132
2773	14	3636	091
2047	6	171	037
25	6	29	141
1525	6	29	046
626	1	46	160
742	1	748	096
2113	6	29	117
1975	6	625	158
2130	6	2008	055
6414	23	2935	082
2130	6	2008	039
8957	23	2922	132
2020	6	2009	088
1502	1	416	131
2047	6	171	141
2539	9	2540	133
178	1	179	082
5308	15	5088	024
2583	9	2476	158
675	6	402	141
12528	23	12532	122
1930	15	4977	071
7146	23	12532	022
19	6	2009	126
845	1	28	012
2688	17	6697	123
3064	23	12505	049
3143	11	3087	132
2035	6	625	145
3218	12	2018	114
702	6	28	112
2003	6	30	087
292	1	120	030
794	1	478	105
211	1	189	018
4885	17	8813	078
636	1	172	046
1961	6	2027	144
3237	12	116	020
2069	6	2018	141
4890	14	3785	050
2836	9	2705	052
2663	9	2476	151
675	15	4990	033
2074	6	2075	072
1912	15	5024	119
629	1	30	103
2074	6	405	097
1133	15	4990	068
197	1	189	131
8735	17	5948	144
2903	11	3089	013
1931	6	116	099
675	15	4990	078
7146	23	12532	045
1871	12	2155	044
3064	23	12505	035
734	15	4977	139
613	1	416	021
142	6	2044	147
2142	6	2009	112
2809	17	5817	147
303	1	416	024
2008	9	259	049
728	1	405	061
845	1	28	035
2127	6	171	135
211	1	189	023
2126	6	2009	112
2984	10	2946	091
3839	14	3415	055
734	15	4977	113
1958	6	2061	021
2059	6	2061	012
3218	12	2018	014
2026	6	30	063
6247	23	2935	102
381	6	405	131
720	1	28	045
1133	6	30	089
396	6	30	009
2006	6	29	134
380	6	30	006
3192	12	2155	060
1958	6	2009	113
2587	9	2588	075
380	6	30	124
380	6	30	016
2073	6	2009	083
4884	14	3495	067
12528	23	12532	050
2539	9	2482	115
3206	12	2120	083
358	1	29	159
759	1	28	099
1947	6	2027	153
2773	9	2517	155
509	6	30	025
5308	15	5088	047
3090	11	3087	147
2135	6	2008	046
1894	23	2920	031
480	15	4990	098
2984	10	2946	070
205	15	4990	029
800	1	416	140
2984	10	2946	151
771	1	629	011
812	1	416	097
588	6	589	140
2693	12	28	079
2836	9	2705	142
212	1	189	031
1976	6	2040	147
2867	9	2517	124
771	6	30	020
1894	23	2920	103
8440	17	5860	118
3025	10	3026	087
578	1	28	052
2130	6	2009	128
6006	17	5818	070
2984	10	2946	069
2030	6	2009	083
358	1	29	151
702	1	28	028
1592	6	30	021
3143	11	3087	102
12528	23	12532	022
2587	9	2476	093
3101	11	3102	061
2068	6	405	116
818	1	416	093
2142	6	2009	129
2071	6	29	143
2911	10	2720	119
796	15	4990	031
415	1	416	015
2693	12	28	075
3190	12	2120	096
205	1	207	070
3231	12	29	018
2729	23	2966	035
6247	23	12509	008
3218	12	2018	107
2587	9	2588	049
2644	10	2924	064
3577	14	3437	073
284	1	189	093
19	6	2045	005
205	1	207	027
2156	6	30	037
3225	23	2989	111
3106	11	3087	015
415	1	416	105
734	15	4977	017
675	1	320	140
2121	6	405	103
3209	12	30	089
2836	9	2705	152
1956	6	285	007
6414	23	2935	082
3219	12	2027	159
431	1	189	087
196	1	189	156
636	1	172	091
2984	10	2946	095
822	1	416	061
2065	6	2040	101
846	1	397	126
205	1	207	057
380	6	30	050
1976	6	2040	148
212	1	189	008
765	6	30	048
2693	11	3087	132
1947	6	173	012
4885	17	8813	127
406	1	408	110
3718	14	3495	040
636	1	172	051
196	1	189	058
4885	17	8813	106
2102	6	2040	099
2663	17	5818	154
2153	6	30	064
178	1	179	096
2144	6	2009	082
2119	6	2008	078
303	1	416	033
7789	23	12532	135
1502	1	416	101
818	1	416	003
1363	1	27	005
428	15	5024	110
17	6	29	154
3101	11	3102	012
2026	6	30	014
199	1	189	029
3225	23	2989	054
1922	6	2061	077
6726	23	2966	043
812	1	416	075
728	1	405	068
675	15	4990	130
205	1	207	082
113	6	30	088
2979	10	2924	141
2153	6	30	021
292	1	120	085
3209	12	2027	152
1841	23	2997	131
19	6	2008	070
1947	6	405	125
2135	6	29	158
8779	23	2989	059
675	6	2052	026
2153	6	2027	145
1429	6	171	154
488	1	30	102
2022	6	2123	140
3217	12	28	000
3034	10	2963	153
6247	23	2935	020
8767	20	7092	149
1871	12	170	143
3193	12	2155	005
2845	14	3956	112
1975	6	2008	077
675	15	5120	078
199	1	189	094
2729	23	2935	117
2105	6	2027	159
4932	14	3509	011
303	1	416	031
1133	6	30	101
3211	12	2120	147
2047	6	171	133
3036	10	2924	051
1930	15	4977	029
2587	9	2588	060
2911	9	2482	139
443	1	416	011
2138	6	2045	006
2135	6	2145	133
213	1	189	071
675	1	320	118
2773	9	2517	110
3187	23	12518	109
1133	6	30	036
1133	6	592	137
7789	23	12532	110
734	15	4977	074
3166	23	12532	102
478	1	444	020
3209	12	30	097
2909	9	2593	013
303	1	416	037
47	6	29	138
810	1	416	135
818	1	416	043
3186	12	2155	147
3166	23	12532	113
1841	23	2997	155
5308	15	5088	064
800	1	416	136
630	6	30	010
2729	23	2966	114
292	1	120	002
5308	15	5088	025
5252	15	5088	139
55	6	30	069
1912	6	259	038
2693	12	28	022
205	1	207	158
2539	9	2540	055
630	6	46	133
762	1	28	161
3064	23	12505	043
284	1	189	128
1894	23	2971	146
832	1	416	001
7789	23	12532	066
3101	11	3102	002
2808	9	2517	128
2808	10	2924	096
3130	14	3544	151
636	1	172	001
811	1	416	160
473	1	416	026
7789	23	12532	091
3064	23	12505	096
759	1	28	133
25	6	30	125
4899	14	3623	147
2811	9	2517	135
3231	12	29	006
2916	9	2517	115
2587	9	2588	062
188	1	189	114
845	1	28	099
431	1	189	029
2026	6	2031	154
1429	6	30	129
2119	6	2045	121
6247	23	2935	048
1133	6	30	111
702	6	28	133
2729	23	2935	079
415	1	416	017
509	15	4977	154
2059	6	2018	151
759	1	28	110
3216	12	2155	077
2130	6	2008	076
720	1	28	075
2867	9	2517	159
1429	6	171	156
5505	22	9985	161
431	1	189	124
2140	6	2045	018
55	6	30	059
380	6	30	003
2138	6	2018	141
4885	17	8813	060
4568	23	2946	121
12528	23	12532	104
178	1	179	060
2101	6	2040	109
55	6	30	121
292	1	120	011
47	6	30	088
142	6	29	160
8779	23	2989	037
2071	6	30	044
1976	6	2040	120
3237	12	116	053
6726	23	2966	063
2909	9	2593	060
25	6	29	138
2113	6	29	150
1959	6	2008	068
3577	14	3437	026
2153	6	30	082
2071	6	30	034
3166	23	12532	085
584	6	259	080
1133	6	30	031
1912	6	405	120
629	1	30	083
2696	9	2476	112
446	1	405	106
228	6	2040	084
702	6	28	051
1133	15	4990	071
228	1	229	059
1922	6	2061	000
2822	14	3475	130
846	1	397	049
44	5	25	140
198	1	189	080
443	1	416	099
2465	14	3415	136
19	6	2009	088
720	1	28	160
832	1	416	061
88	6	30	118
88	6	30	066
2138	6	2008	022
2663	17	5818	144
3166	23	12532	016
801	15	5088	145
380	1	1363	153
4054	14	3623	108
2071	6	29	141
205	15	4990	077
2811	9	2517	136
4054	14	3623	101
6247	23	12509	064
69	1	72	114
818	1	416	108
3190	12	2120	127
659	1	341	085
811	1	416	149
3053	23	12505	095
1956	6	2040	151
415	1	416	068
215	1	189	093
2663	9	2476	143
142	6	2044	158
3217	12	28	036
3106	11	3087	063
845	1	28	119
406	1	408	048
3593	14	3544	102
3217	12	28	078
845	1	28	087
812	1	416	105
3231	12	29	093
1644	1	207	111
2615	9	2517	161
2663	17	5816	129
480	15	4990	015
728	1	405	072
831	1	416	020
284	1	189	150
832	1	416	115
169	1	173	120
1592	6	30	027
6247	23	2935	004
205	6	30	121
2144	6	2009	097
636	1	172	068
3189	12	2040	150
822	1	416	056
6006	17	5818	161
2822	14	3475	132
19	6	2009	110
8779	23	2989	029
2729	23	2966	116
188	1	189	003
6247	23	12509	066
1910	14	3956	139
3101	11	3102	064
702	1	28	075
588	6	589	159
675	6	2051	015
812	1	416	051
2110	6	171	159
195	1	189	010
1912	6	405	103
2015	6	115	151
3178	17	5947	159
2836	17	5818	132
2105	6	30	099
381	6	405	101
675	15	5120	052
3189	12	2040	101
3106	11	3087	003
2020	6	2008	031
2101	6	2040	082
2909	9	2720	040
728	1	259	076
199	1	189	036
1941	6	2009	115
1525	6	29	132
205	1	207	072
6247	23	12509	029
2130	6	2045	006
381	1	405	119
728	1	405	047
2911	9	2482	102
810	1	416	045
213	1	189	019
6006	17	5818	057
659	1	341	110
734	15	4977	051
832	1	416	012
431	1	189	045
734	15	4977	068
771	1	629	073
2135	6	2008	069
2142	6	2027	135
2917	10	2942	054
6247	23	12509	055
1912	6	259	073
6414	23	2935	056
2142	6	2009	108
113	1	632	147
2116	6	2061	030
381	6	405	037
2811	9	2517	104
2035	6	625	153
2945	14	4034	155
480	15	4990	127
2057	6	173	068
2059	6	2061	045
3113	11	3102	122
7789	23	12532	136
44	6	30	034
702	6	28	100
2845	10	2977	111
2587	9	2588	137
2773	9	2517	096
610	1	416	144
3064	23	12505	149
3577	14	3437	133
1894	23	2920	001
2020	6	2008	067
702	6	28	016
2729	23	2966	060
3101	11	3102	084
2101	6	2040	155
1912	15	5024	117
3106	11	3087	085
443	1	416	060
3053	23	12505	108
17	6	30	086
1941	6	2044	134
2615	9	2476	150
2101	6	2040	115
3225	23	2938	076
3577	14	3437	148
629	1	28	139
198	1	189	114
610	1	416	049
292	1	120	093
47	6	30	124
968	1	408	059
2909	9	2720	066
188	1	189	024
2911	10	2720	148
2140	6	2009	124
2135	6	2008	042
292	1	120	060
818	1	416	028
3713	14	3714	049
178	6	116	040
2140	6	2009	086
1922	6	2018	129
771	6	30	121
8957	23	2922	057
771	1	629	088
381	6	405	071
2153	6	30	093
822	1	416	041
636	1	172	031
169	6	173	030
172	1	402	043
12	1	14	120
1502	1	416	080
584	6	405	125
2071	6	30	008
2101	6	2008	031
1930	15	4977	142
4885	17	8813	076
1930	15	4977	127
205	1	207	157
2130	6	2031	157
2022	6	2123	113
2663	9	2476	159
2113	6	29	126
4568	23	2946	149
818	1	416	066
629	1	30	126
2583	9	2476	144
1363	1	27	043
169	6	173	009
169	1	171	157
1644	15	5088	140
610	1	416	156
406	1	408	037
446	1	405	104
702	6	28	128
2615	9	2476	114
711	1	28	013
794	1	478	161
659	1	341	131
3113	11	3102	049
2945	10	2946	110
794	1	478	099
443	1	416	158
1922	6	2061	005
3593	14	3463	080
2135	6	2008	036
2140	6	2009	097
380	6	30	009
2945	14	4034	144
1941	6	2008	037
811	1	416	090
1975	6	2009	132
2020	6	2009	109
5308	15	5088	107
2022	6	2023	142
6266	20	7092	115
3237	12	116	067
3217	12	28	004
399	15	5043	158
2074	6	170	161
1976	6	229	045
3053	23	12505	012
7146	23	12532	158
2110	6	171	150
2119	6	2120	121
509	6	29	159
1502	1	416	046
2057	6	173	067
2047	6	171	068
3231	12	29	075
4684	14	3707	138
845	1	28	110
2030	6	2009	125
2815	9	2816	151
480	15	4990	114
1922	6	2061	027
2539	9	2540	138
1947	6	173	027
88	6	29	152
17	6	30	054
3522	14	3524	000
1959	6	2009	086
197	1	189	149
2972	10	2924	153
1961	6	2008	074
7847	23	2966	044
3053	23	12505	098
113	1	632	149
1593	1	1594	137
5308	15	5088	084
578	1	28	031
2729	23	2935	137
2140	6	2009	114
2138	6	2018	149
2121	6	402	139
3216	12	2155	076
292	1	120	070
811	1	416	136
742	1	748	128
1525	6	29	124
3219	12	2027	137
284	1	285	011
7847	23	2966	158
2140	6	2008	075
796	15	4990	011
509	15	4977	014
2101	6	2040	103
2055	9	2571	160
2138	6	2009	092
702	6	28	152
44	6	30	118
2156	6	30	115
6726	23	2966	092
2142	6	2009	089
188	1	189	124
584	6	259	060
113	6	30	018
7146	23	12532	068
636	1	172	125
8939	20	6706	156
2903	11	3089	144
381	6	405	126
3130	14	3437	148
2663	17	5935	157
6726	23	2966	025
3143	11	3087	027
2663	17	5817	152
19	6	2008	048
188	1	189	133
771	1	629	022
3225	23	2938	068
2808	9	2517	150
1644	1	207	133
2069	6	2018	133
4568	23	2946	124
3106	11	3087	139
636	1	172	036
675	6	405	097
2126	6	625	157
3106	11	3087	138
1593	1	1594	058
1958	6	2061	092
796	15	4990	017
2116	6	2061	001
6247	23	2935	119
2022	6	2023	144
3216	12	2155	131
2102	6	2008	042
818	1	416	098
6414	23	2935	101
818	1	416	047
3064	23	12505	059
2030	6	2009	081
2867	9	2517	114
3187	23	12518	151
284	6	2045	013
196	1	189	081
381	6	405	125
3218	12	2018	150
2153	6	30	085
3064	23	12505	100
215	1	189	125
6247	23	2935	161
2815	9	2816	161
2020	6	2008	071
2909	9	2593	092
2026	6	30	109
2836	9	2705	115
1956	6	285	002
100	6	29	160
2808	9	2517	083
260	1	189	141
6414	23	2935	139
2785	9	2520	136
832	1	416	148
2917	10	2942	092
380	6	30	117
2121	6	171	150
25	6	30	022
5993	17	5996	068
25	15	4990	139
2984	10	2946	073
1871	12	170	156
188	1	189	033
2592	9	2593	156
188	1	189	046
8301	23	3060	125
2836	17	5818	136
2917	9	2593	058
100	6	30	039
169	6	173	020
2030	6	2009	102
228	6	229	059
3106	11	3087	102
4568	23	2946	125
205	1	207	110
4613	14	3715	030
2047	6	171	127
6726	23	2966	097
47	6	30	087
443	1	416	065
488	1	30	099
284	1	189	088
188	1	189	153
172	1	402	004
2125	6	2009	121
2101	6	2040	143
1841	23	2997	140
588	1	591	154
284	6	2040	087
2116	6	2018	135
3189	12	2040	041
3217	12	28	125
1851	10	2997	151
2911	10	2720	094
636	1	172	114
1894	23	2920	075
800	1	416	087
12528	23	12532	057
6247	23	2935	055
3113	11	3102	086
1912	15	5024	158
675	15	4990	038
443	1	416	044
1956	6	2008	039
2845	10	2977	113
2068	6	173	031
196	1	189	008
4615	14	3496	091
2142	6	2009	090
188	1	189	049
846	1	397	122
1502	1	416	114
169	6	173	017
6247	23	12509	108
1502	1	416	016
734	15	4977	108
3522	14	3524	003
2984	10	2946	103
578	1	28	051
2815	23	2922	126
480	15	4990	044
3209	12	30	049
2663	17	5818	152
1393	1	589	161
659	1	341	107
25	15	5024	050
2015	6	115	148
2156	6	30	100
4568	23	2946	044
2962	10	2963	111
11580	22	9985	155
2809	17	5817	131
812	1	416	125
578	1	28	039
1947	6	405	130
2169	6	29	121
794	1	478	119
169	1	172	140
196	1	189	035
818	1	416	129
2105	6	30	127
1133	15	4990	044
44	5	25	045
1912	6	2052	023
12528	23	12532	121
2113	6	29	061
3217	12	28	079
381	6	405	079
3101	11	3102	033
2809	9	2705	132
636	1	172	139
169	1	173	101
6247	23	2935	113
8525	20	6012	115
3521	14	3437	118
675	15	4990	134
734	15	4977	027
399	15	5043	159
2945	14	4034	124
2101	6	2040	134
2168	6	173	080
113	6	30	042
228	6	2040	129
2809	17	5817	112
1947	6	173	083
2156	6	30	109
630	6	30	047
771	1	629	044
3025	10	3026	092
88	6	30	034
675	6	402	135
3866	14	3487	101
2021	6	402	143
629	1	30	002
399	1	171	156
381	1	259	030
6414	23	2935	090
1912	6	402	141
2071	6	30	007
3205	12	2055	148
212	1	189	051
1976	6	2040	119
2169	6	29	104
1930	15	4977	084
396	6	30	043
2116	6	2018	155
2916	9	2517	152
3106	11	3087	017
2101	6	2040	121
3231	12	29	032
597	15	5088	088
292	1	120	041
1593	1	1594	138
578	1	28	019
3225	23	2938	093
811	1	416	012
2615	9	2517	142
2615	9	2593	146
711	1	28	020
734	15	4977	056
2911	10	2720	076
2836	9	2705	123
734	15	4977	134
1912	6	259	085
2168	6	173	000
2003	6	30	041
10636	22	10030	148
2047	6	171	030
178	6	116	084
2021	6	405	113
443	1	416	127
6726	23	2966	008
2116	6	2018	157
2615	9	2593	148
2644	9	2593	094
2026	6	30	020
2836	9	2705	154
1931	6	116	029
675	6	405	093
509	6	30	040
793	1	341	154
2169	6	29	090
734	15	4977	025
3170	11	3087	155
2836	9	2705	158
178	6	115	148
17	6	30	051
3237	12	116	073
267	6	29	158
711	1	28	035
1894	23	2920	134
2030	6	2009	089
7146	23	12532	108
428	15	5024	157
6006	17	5818	048
205	1	207	042
428	6	259	032
2021	6	405	116
2065	6	2040	135
2101	6	2040	130
2169	6	29	000
399	1	171	150
2615	9	2517	124
810	1	416	002
1592	6	30	013
818	1	416	155
2903	11	3089	043
428	6	259	054
6414	23	2935	008
3225	23	2989	063
2587	9	2476	116
1133	6	30	125
742	15	4990	110
2785	9	2520	089
2693	14	3468	144
3187	23	12518	132
3206	12	2082	057
1941	6	2045	012
2693	11	3087	128
380	6	30	088
6414	23	2935	106
17	1	18	062
2020	6	2009	114
1133	6	592	144
3434	14	3437	146
2069	6	2070	077
2101	6	2008	050
3053	23	12505	028
3053	23	12505	034
846	1	397	090
1894	23	2920	011
88	6	30	115
7847	23	2966	006
47	6	30	100
1133	15	4990	050
8301	23	3060	007
1961	6	2008	075
1970	6	2040	101
2644	9	2593	045
3206	12	2082	023
260	1	189	075
2909	9	2720	157
473	6	2082	038
4884	14	3495	064
8957	23	2922	026
2140	6	2009	126
3064	23	12505	002
675	6	2050	159
197	1	189	069
2845	9	2518	113
1363	1	27	095
205	6	30	071
44	6	29	157
2539	9	2540	146
1970	6	2084	067
636	1	172	075
3190	12	2120	081
2127	6	171	139
610	1	416	152
1133	15	4990	069
3231	12	29	027
1894	23	2920	111
1593	1	1594	079
630	6	30	073
2917	10	2942	139
3206	12	2120	114
213	1	189	057
3101	11	3102	025
169	1	172	139
2144	6	2018	151
3211	12	2082	074
292	1	120	104
2693	14	3468	141
1970	6	2040	105
100	6	30	122
2026	6	30	057
69	1	72	043
3217	12	28	069
3237	12	116	090
12528	23	12532	131
1133	15	4990	007
588	6	30	067
399	15	5043	148
12	1	14	033
636	1	172	059
6247	23	12509	059
7146	23	12532	082
1593	1	1594	070
1851	10	3056	154
228	6	2040	139
2026	6	30	037
478	1	444	057
399	6	171	154
812	1	416	154
584	6	259	069
2836	9	2705	108
1547	6	29	147
7789	23	12532	073
2065	6	2040	141
3143	11	3087	079
8957	23	2922	049
428	6	2043	081
3187	12	2055	131
6247	23	2935	062
1894	23	2920	004
818	1	416	068
1871	12	2155	089
215	1	189	129
2663	17	6190	137
1970	6	2040	156
212	1	189	042
8301	23	3060	051
831	1	416	108
2808	9	2517	117
2909	9	2720	022
2984	10	2946	085
3219	12	2027	022
2845	10	2977	084
675	6	405	102
1956	6	2008	057
2168	6	173	010
1930	15	4977	050
199	1	189	108
3225	23	2938	053
2116	6	2018	154
69	1	72	021
3053	23	12505	005
113	6	30	030
765	6	30	105
2127	6	171	010
396	6	30	020
292	1	120	130
3106	11	3087	046
2539	9	2540	073
2065	6	2040	056
1941	6	2008	028
2073	6	2008	068
2615	9	2517	112
415	1	416	134
7025	17	6011	160
188	1	189	141
12345	22	11202	139
5168	15	5088	116
771	6	30	015
509	15	4977	019
2006	6	29	009
2836	17	5818	147
212	1	189	153
765	6	30	109
2696	9	2476	026
17	6	30	119
3577	14	3437	018
6414	23	2935	113
1525	6	29	049
100	6	30	068
205	1	207	122
800	1	416	085
1133	15	4990	055
509	6	30	004
172	15	5043	143
578	1	28	120
846	1	845	156
1970	6	2084	032
6414	23	2935	102
2729	23	2935	054
2809	17	5935	122
2808	9	2517	138
473	6	2055	024
3577	14	3437	145
2539	9	2540	051
2138	6	2045	010
509	6	30	116
178	6	116	108
2008	9	259	069
1592	6	30	057
1502	1	416	095
12536	23	2935	123
588	6	589	137
4684	14	3980	154
1363	1	27	133
822	1	416	084
846	1	397	120
2116	6	2018	107
473	6	2040	084
2845	10	2977	161
113	6	30	009
2663	17	5935	145
205	15	4990	160
47	6	30	095
19	6	2009	105
2144	6	2009	087
2945	10	2946	102
2153	6	2027	142
415	1	416	059
613	1	416	083
2068	6	405	102
205	6	2038	007
1956	6	2008	055
381	6	405	069
2068	6	2027	141
228	1	229	041
675	1	320	158
818	1	416	110
4568	23	2946	143
2587	9	2476	071
2008	9	259	068
178	1	179	063
584	6	405	130
2069	6	1561	021
228	6	229	080
2587	9	2476	148
215	1	189	091
630	6	29	160
443	1	416	017
1947	6	2027	145
588	6	30	071
2065	6	2040	061
44	1	46	151
7789	23	12532	017
7847	23	2966	077
188	1	189	068
11201	22	2157	148
3866	14	3487	110
3678	14	3437	160
3186	12	2155	143
215	1	189	024
399	6	171	153
818	1	416	144
25	15	4990	154
794	1	478	133
2917	9	2593	155
19	6	2008	019
2074	6	405	115
1592	6	2145	138
2047	6	171	086
2909	9	2720	015
2845	14	3956	126
284	1	189	138
3187	12	2055	155
2693	12	28	094
406	1	408	026
702	1	28	102
3219	12	2027	127
7789	23	12532	085
3063	10	2924	145
473	1	416	050
2127	6	171	060
303	1	416	074
215	1	189	076
213	1	189	158
811	1	416	091
1894	23	2920	139
2142	6	2008	064
2539	9	2482	160
199	1	189	028
1525	6	29	068
2644	9	2593	141
215	1	189	094
2984	10	2946	132
12	1	14	067
3130	14	3509	146
284	6	2040	111
396	6	30	076
2845	14	3956	102
6414	23	2935	012
260	1	189	130
88	6	30	051
12345	22	11586	138
2116	6	2061	041
195	1	189	019
2130	6	2008	057
796	15	4990	035
822	1	416	006
2140	6	2045	008
2142	6	2045	014
1363	1	27	017
2693	12	28	054
3178	17	6601	154
2587	9	2476	144
2169	6	29	151
1947	6	173	001
3053	23	12505	111
2587	9	2588	127
473	6	2082	069
3216	12	2155	084
47	1	30	071
44	5	25	027
2909	9	2720	090
2945	14	4034	127
2465	20	6012	136
4568	23	2946	002
3193	12	2155	093
2911	9	2482	153
55	6	30	077
1959	6	2008	052
6247	23	2935	145
509	15	4977	015
3178	11	3087	157
3211	12	2120	084
6247	23	2935	127
284	6	2008	063
3142	14	3793	061
801	15	5088	141
1429	6	2029	000
2153	6	30	031
17	6	30	109
1593	1	1594	114
4885	17	8813	143
303	1	416	120
2917	10	2942	085
44	5	25	020
2157	6	2120	132
3186	12	2155	150
292	1	120	008
626	1	46	157
2119	6	2120	086
2113	6	29	030
630	6	30	057
2065	6	2040	097
711	1	28	017
169	6	405	105
1644	1	207	032
610	1	416	042
205	1	207	133
6247	23	2935	095
3063	10	2924	153
19	6	2008	079
3193	12	2155	066
2153	6	29	153
3225	23	2938	092
2153	6	2029	003
1502	1	416	055
7789	23	12532	072
765	1	766	156
2587	9	2476	156
1958	6	2009	132
4568	23	2946	047
228	1	229	023
12016	22	9678	161
428	6	405	131
2073	6	2008	062
205	15	4990	128
25	6	30	049
3189	12	2040	005
3113	14	3793	043
720	1	28	016
2539	9	2482	096
2119	6	2008	034
597	15	5088	056
1958	6	2061	084
2021	6	405	109
6168	17	5817	148
1363	1	119	158
199	1	189	055
2644	10	2924	049
845	1	28	140
800	1	416	026
1592	6	30	106
2116	6	2018	100
2836	9	2705	102
3218	12	2018	020
2035	6	625	155
1894	23	2920	042
1592	6	30	085
1502	1	416	051
799	1	766	150
12	1	14	032
2116	6	2018	101
2047	6	2048	159
399	1	405	129
6414	23	2935	005
734	15	4977	147
3166	23	12532	150
2119	6	2045	045
3204	12	170	153
3064	23	12505	041
480	15	4990	076
812	1	416	141
675	15	5120	130
1912	6	405	122
2105	6	30	027
2909	9	2720	121
811	1	416	098
4885	17	8813	104
2140	6	2045	011
675	6	2052	027
6247	23	12509	141
2020	6	2045	002
702	1	28	070
142	6	30	079
11201	22	10030	152
675	15	4990	118
55	6	30	009
444	1	405	086
12528	23	12532	042
734	15	4977	022
172	1	402	037
3187	23	12518	128
195	1	189	105
44	5	25	130
2069	6	2018	144
443	1	416	110
2142	6	2009	126
3187	23	12518	083
3106	11	3087	088
613	1	416	154
2035	6	2009	099
8301	23	3060	023
55	6	29	151
630	1	632	151
2785	9	2593	106
2127	6	171	113
810	1	416	082
3193	12	2155	032
3237	12	117	004
2592	9	2593	134
1363	1	27	134
4568	23	2946	053
3231	12	29	045
3032	17	7129	106
431	1	189	008
1970	6	2040	108
17	6	30	128
3225	23	2989	113
28	6	29	156
3193	12	2155	028
415	1	416	131
1644	1	207	008
610	1	416	005
742	15	4990	161
6726	23	2966	135
6247	23	12509	099
4885	17	8813	141
44	5	25	064
83	6	29	136
2153	6	2027	152
358	1	29	157
212	1	189	107
720	1	28	117
771	6	30	130
3053	23	12505	156
1592	6	30	100
845	1	28	032
3190	12	2120	148
2169	6	29	010
480	15	4990	067
3053	23	12505	083
2140	6	2045	005
47	6	30	078
588	6	589	136
2693	12	28	025
2169	6	29	023
113	6	30	074
2102	6	2008	064
205	15	4990	033
446	1	405	087
381	6	405	041
4568	23	2946	140
7847	23	2966	118
1930	15	4977	113
2688	9	2517	140
3101	11	3102	122
734	15	4977	142
771	6	30	089
2065	6	2040	004
610	1	416	110
2130	6	2008	024
2059	6	2018	154
2003	6	30	068
215	1	189	096
4886	14	4560	140
2113	6	29	143
260	1	189	070
2059	6	2061	033
2169	6	29	012
169	6	173	037
380	6	30	065
12528	23	12532	008
1931	6	116	102
2916	9	2517	131
812	1	416	160
3577	14	3437	047
195	1	189	062
659	1	341	135
2917	10	2942	088
6247	23	12509	002
4885	17	8813	065
3166	23	12532	153
2101	6	2008	073
6247	23	12509	039
1975	6	2009	107
578	1	28	132
197	1	189	159
1644	1	207	097
2984	10	2946	080
1429	6	173	008
169	1	173	128
8957	23	2922	040
2663	9	2476	157
2105	6	30	036
1931	6	115	158
3218	12	2018	106
597	15	5088	085
636	1	172	012
1930	15	4977	115
7146	23	12532	126
2156	6	30	071
113	6	30	041
509	15	4977	102
478	1	444	094
771	6	30	091
2142	6	2008	022
1947	6	405	109
3225	23	2989	027
399	1	402	135
1941	6	2008	061
1910	14	4329	138
2026	6	30	076
284	6	2008	049
742	1	748	086
2836	9	2705	051
6247	23	12509	038
2809	17	5816	116
2845	14	3956	157
2587	9	2476	048
2169	6	29	140
431	1	189	077
1947	6	173	025
2688	9	2517	134
2156	6	30	123
28	1	29	144
83	1	262	015
3064	23	12505	091
3237	12	116	077
659	1	341	070
2113	6	29	115
3205	12	2055	147
832	1	416	016
702	1	28	095
771	1	629	129
2113	6	29	101
3216	12	2155	149
2116	6	2061	038
1851	10	3056	152
588	1	589	146
169	6	173	054
742	1	748	119
1133	15	4990	030
3217	12	28	003
3101	11	3102	015
2074	6	2052	027
812	1	416	014
4341	14	4342	092
968	1	408	080
1133	15	4990	077
5308	15	5088	029
1841	23	2997	101
415	1	416	118
771	1	629	109
443	1	416	152
196	1	189	108
428	6	259	058
2836	9	2705	062
205	15	4990	157
292	1	120	016
1429	6	30	094
211	1	189	140
2903	11	3089	029
588	6	2145	133
2615	9	2476	153
822	1	416	119
2911	10	2720	116
1912	15	5024	129
113	6	30	047
728	1	405	119
2909	9	2720	153
2808	9	2517	089
2030	6	2009	129
446	1	405	123
2069	6	1561	044
1593	1	1594	025
2867	9	2517	123
1912	6	259	032
1941	6	2009	106
597	15	5088	016
734	15	4977	138
2773	9	2517	121
2026	6	30	081
12528	23	12532	068
3577	14	3437	071
2138	6	2009	094
728	1	405	024
198	1	189	011
702	6	28	151
759	1	28	117
199	1	189	085
381	1	405	108
3237	12	116	048
381	1	405	151
3166	23	12532	074
292	1	120	031
480	15	4990	097
675	15	5120	032
25	15	4990	058
659	1	341	019
1958	6	2009	123
3237	12	116	093
303	1	416	107
2119	6	2045	110
17	1	18	116
2059	6	2060	100
2539	9	2482	134
2026	6	2027	145
1959	6	2008	029
381	6	405	119
2809	17	5818	112
1959	6	2009	085
846	1	397	039
2116	6	2018	123
702	6	28	158
2119	6	2045	053
25	6	30	130
25	15	4990	147
2984	10	2946	112
1525	1	885	159
3231	12	29	001
3106	11	3087	068
3090	11	3087	156
12016	22	10956	153
198	1	189	019
702	1	28	139
4684	14	3707	141
613	1	416	051
630	6	30	114
142	6	30	131
1912	6	2050	159
1912	15	5024	114
12528	23	12532	102
2059	6	2061	039
6995	17	5948	158
197	1	189	156
3143	11	3087	086
1976	6	229	042
444	1	405	093
2945	14	3623	137
3237	12	116	161
12345	22	9668	146
2021	6	402	134
3197	12	2055	158
2809	9	2705	141
172	1	402	142
284	6	2040	121
8779	23	2989	010
195	1	189	144
1922	6	2018	118
1593	1	1594	013
720	1	28	093
172	1	402	097
100	6	30	099
44	6	30	073
69	1	74	156
5308	15	5088	116
2135	6	2009	090
2168	6	173	039
443	1	416	160
7847	23	2966	126
7146	23	12532	038
3218	12	2018	082
584	1	259	062
613	1	416	105
675	15	5120	057
3218	12	2018	130
396	6	30	040
169	6	171	148
3113	11	3102	158
2119	6	2008	063
7847	23	2966	029
7375	20	6780	144
1959	6	2018	146
2144	6	2018	135
2047	6	171	123
3187	23	12518	068
25	6	30	069
4899	14	3623	159
2047	6	171	124
2140	6	2008	060
7789	23	12532	039
3231	12	29	150
8939	20	6706	149
446	1	405	090
2867	9	2588	128
659	1	341	001
1956	6	2008	078
812	1	416	119
303	1	416	064
2729	23	2935	077
3200	12	2055	140
2663	14	3711	156
2021	6	405	106
1860	9	2517	139
47	6	30	127
431	1	189	062
1922	6	2061	060
3053	23	12505	146
69	1	72	038
3211	12	2120	089
2615	9	2517	140
199	1	189	041
2663	17	5816	134
396	6	30	117
44	5	25	080
584	6	405	106
702	6	28	026
5168	15	5088	152
2138	6	2009	124
195	1	189	133
6247	23	2935	051
832	1	416	031
1922	6	2018	113
480	15	4990	062
415	1	416	048
636	1	172	011
1958	6	2061	038
2142	6	2008	025
1958	6	2061	091
25	15	5024	007
2006	6	29	035
7789	23	12532	151
1976	6	2040	096
195	1	189	044
2142	6	2008	037
2615	9	2593	091
1525	6	29	104
3190	12	2084	065
2020	6	2018	135
800	1	416	141
1433	9	2490	161
3218	12	2018	108
2587	9	2588	097
480	15	4990	147
1976	6	229	062
2121	6	405	117
1133	6	592	152
734	15	4977	078
6247	23	2935	007
771	6	30	034
2119	6	2040	160
2867	9	2517	112
7789	23	12532	076
2615	9	2593	120
1975	6	2008	042
2811	9	2517	154
7375	20	6780	145
2845	10	2977	130
4885	17	8813	137
6414	23	2935	021
818	1	416	001
3217	12	28	014
8301	23	3060	139
1502	1	416	072
2116	6	2018	150
2130	6	29	159
1910	14	3956	142
2157	6	2120	159
2020	6	2045	006
2984	10	2946	136
1429	6	30	074
613	1	416	009
3187	23	12518	092
2126	6	2009	131
675	15	4990	061
812	1	416	123
2073	6	2008	049
2729	23	2935	108
1931	6	116	067
6884	17	5996	042
1959	6	2008	034
1133	6	30	081
2809	17	5818	107
1502	1	416	015
2587	9	2476	155
845	1	28	004
7146	23	12532	128
2688	9	2517	152
172	1	402	014
3204	12	2155	157
597	15	5088	037
1959	6	2008	059
845	1	28	036
142	6	30	119
3189	12	2040	031
12528	23	12532	117
2003	6	30	023
2026	6	30	078
720	1	28	146
1975	6	2009	087
6006	17	5818	045
1941	6	2008	030
2126	6	2009	110
3219	12	2027	097
205	1	207	142
2006	6	29	108
800	1	416	062
1912	6	2179	021
1930	15	4977	156
2140	6	2009	117
2693	12	28	109
215	1	189	070
765	6	30	041
2845	10	2977	098
2592	9	2593	094
1930	15	4977	053
2113	6	29	051
303	1	416	154
406	1	408	107
1871	12	2155	057
1863	9	2560	160
2696	9	2476	057
25	15	5024	144
812	1	416	054
2169	6	29	075
771	6	30	131
3064	23	12505	085
25	6	30	100
2140	6	2009	089
2021	6	170	159
7847	23	2966	115
759	1	28	129
480	15	4990	131
1593	1	1594	015
2845	14	3956	091
759	1	28	103
2003	6	2038	009
3577	14	3437	100
2071	6	30	077
2984	10	2946	079
2729	23	2935	061
44	5	25	092
2105	6	30	034
771	1	629	128
25	6	30	077
3193	12	2155	096
3190	12	2120	109
69	1	72	061
1525	6	29	107
509	15	4977	023
1930	15	4977	040
2030	6	2008	081
2102	6	2008	058
2101	6	2045	011
3113	11	3102	147
3130	14	3555	155
2135	6	2009	101
8301	23	3060	017
1133	6	30	088
636	1	172	076
1931	6	115	156
1910	14	3956	126
178	1	179	029
765	6	30	025
630	6	30	034
810	1	416	079
1133	15	4990	076
2065	6	2040	023
630	6	30	024
428	6	405	111
6414	23	2935	018
1133	15	4990	032
1525	6	29	022
2815	17	6308	159
3218	12	2018	042
195	1	189	155
3217	12	28	098
509	15	4977	040
431	1	189	022
69	1	72	077
4932	14	3509	008
488	1	30	087
2072	6	29	156
478	1	444	124
2615	9	2593	103
25	15	5024	001
509	6	30	012
197	1	189	134
2073	6	2008	078
675	15	5120	013
3211	12	2120	136
3218	12	2018	115
629	1	30	114
3187	23	12518	133
2068	6	405	131
113	6	30	087
2909	9	2593	122
1363	1	27	137
3053	23	12505	046
5308	15	5088	076
5252	15	5088	150
801	15	5088	149
3211	12	2120	075
630	6	29	148
2006	6	29	038
25	15	4990	063
3200	12	2055	154
2116	6	2018	145
2169	6	29	030
3166	23	12532	087
2015	6	115	154
675	15	5120	075
19	6	2045	011
2909	9	2593	118
197	1	189	118
2008	9	259	052
2156	6	30	011
284	6	2040	145
292	1	120	039
1133	15	4990	029
1363	1	27	119
198	1	189	129
3866	14	3487	108
12497	22	10627	151
142	6	30	106
613	1	416	127
19	6	2009	131
169	6	173	070
172	1	402	048
381	1	405	157
3206	12	2120	116
3209	12	30	131
2074	6	402	147
1958	6	2009	094
818	1	416	082
1931	6	116	123
2065	6	2040	116
822	1	416	075
3814	14	3794	152
169	6	173	029
6006	17	5818	133
6247	23	12509	121
3053	23	12505	074
2033	6	29	158
1976	6	2040	090
2157	6	2120	127
3577	14	3437	054
428	6	405	101
205	15	4990	043
2615	9	2476	135
702	1	28	105
6726	23	2966	077
829	15	5088	142
1922	6	2018	120
228	6	2040	157
6006	17	5818	096
2903	11	3089	130
7847	23	2966	113
380	6	30	086
675	15	5120	097
2663	17	5818	122
4568	23	2946	087
260	1	189	064
2068	6	173	064
3206	12	2120	087
2073	6	2008	063
2809	17	5817	097
1525	6	29	085
228	6	2040	155
2785	9	2593	079
1976	6	2040	117
2909	9	2720	000
260	1	189	147
2074	6	402	141
2101	6	2040	148
2729	23	2935	095
178	1	179	003
6006	17	5818	112
659	1	341	050
1976	6	2040	097
211	1	189	073
1959	6	2018	160
2113	6	29	114
196	1	189	126
818	1	416	156
2119	6	2008	032
2068	6	173	056
2785	9	2593	138
2539	9	2540	058
415	1	416	055
759	1	28	091
380	1	1363	157
2663	17	5818	143
2138	6	2045	007
1592	6	30	131
399	6	402	134
2156	6	30	061
3209	12	30	075
8301	23	3060	087
480	15	4990	137
1910	14	3707	140
629	1	30	066
428	6	402	145
1593	1	1594	102
6726	23	2966	150
2945	14	4034	123
44	6	30	082
2030	6	2032	146
215	1	189	055
428	6	259	072
3209	12	2027	139
597	15	5088	140
5308	15	5088	060
711	1	28	092
2615	9	2593	150
228	6	229	002
380	6	30	064
6247	23	2935	130
610	1	416	121
6247	23	2935	031
212	1	189	045
3190	12	2120	100
2074	6	171	149
17	1	18	125
702	1	28	032
626	6	46	154
205	1	207	037
2845	14	3956	122
1975	6	2009	121
4885	17	8813	052
2006	6	29	121
2074	6	173	080
2119	6	2045	083
399	1	405	085
178	6	116	127
196	1	189	053
2073	6	2008	025
6247	23	12509	031
1910	14	3971	135
2809	17	5817	120
1894	23	2920	025
6247	23	2935	109
44	6	30	104
8301	23	3060	133
215	1	189	082
1956	6	2040	153
1592	6	2145	137
818	1	416	012
69	1	72	129
1922	6	2061	002
260	1	189	126
2006	6	29	012
831	1	416	048
3193	12	2155	029
3577	14	3437	020
2962	10	2963	108
172	1	402	055
1922	6	2018	112
2047	6	171	099
2113	6	29	058
205	15	4990	057
509	6	30	076
720	1	28	115
195	1	189	077
509	15	4977	070
2169	6	29	018
659	1	341	092
3237	12	116	147
610	1	416	013
113	6	30	055
3206	12	2120	136
4659	14	3793	072
3231	12	29	091
2836	9	2705	056
800	1	416	156
44	6	30	051
2688	9	2517	107
399	1	405	107
2026	6	2029	004
3237	12	116	126
584	6	259	055
771	6	30	022
2688	9	2517	123
845	1	28	085
3225	23	2938	010
2979	10	2924	139
2663	17	5817	147
734	15	4977	000
509	15	4977	125
69	1	70	158
2696	9	2476	019
55	6	30	091
3193	12	2155	078
2808	9	2517	141
196	1	189	100
702	1	28	005
771	1	773	145
2663	9	2588	159
381	1	405	093
12	1	14	045
3866	14	3487	084
3577	14	3437	155
584	6	405	131
1958	6	2009	110
3237	12	116	060
801	15	5088	157
7847	23	2966	005
6247	23	12509	025
759	1	28	010
2169	6	29	100
2909	9	2720	068
172	1	402	060
720	1	28	134
9308	20	5762	159
399	6	171	158
1976	6	229	057
3888	14	3495	024
2945	14	3623	143
2059	6	2061	024
12528	23	12532	137
2539	9	2482	149
588	6	589	161
3142	14	3793	079
4885	17	8813	021
205	15	4990	042
198	1	189	100
8957	23	2922	021
478	1	444	144
728	1	405	085
1644	1	207	074
2663	17	5935	154
17	1	1561	006
399	1	405	108
1133	6	592	157
17	6	2044	139
3106	11	3087	094
832	1	416	094
584	1	259	033
2911	9	2482	141
100	6	30	034
480	15	4990	073
2845	14	3956	135
88	6	29	151
2592	9	2593	153
2119	6	2120	087
1592	1	299	161
381	6	405	095
742	1	748	129
196	1	189	076
3113	11	3102	153
9342	20	6012	127
3231	12	29	080
636	1	172	153
17	6	30	045
2867	9	2588	117
1922	6	2018	148
3189	12	2040	012
431	1	189	032
380	6	29	150
88	6	30	080
2168	6	173	066
8779	23	2989	031
3209	12	30	060
846	1	397	008
2003	6	30	031
488	1	30	070
1592	6	30	079
2059	6	2061	006
19	6	2008	063
3197	12	2055	134
702	1	28	124
88	6	30	008
2026	6	30	068
1922	6	2061	015
6414	23	2935	063
7375	20	6780	147
284	6	2040	125
845	1	28	102
3064	23	12505	005
2102	6	2040	152
7789	23	12532	074
69	1	72	140
3237	12	116	141
2138	6	2018	155
260	1	189	015
205	15	4990	142
1961	6	2008	023
443	1	416	066
3216	12	2155	153
6247	23	2935	151
1525	6	29	064
480	15	5067	090
6247	23	2935	027
47	6	30	116
4885	17	8813	037
113	6	30	013
6885	17	6066	153
6266	17	6068	129
7146	23	12532	116
3190	12	2120	138
3219	12	2027	039
3130	14	3437	123
3186	12	2155	138
2126	6	2008	072
446	1	405	125
597	15	5088	020
3217	12	28	017
142	6	30	103
205	15	4990	028
172	15	5043	156
3225	23	2989	077
597	15	5088	127
1956	6	2040	147
292	1	120	073
2592	9	2593	111
2116	6	2018	105
196	1	189	115
509	6	30	079
415	1	416	149
431	1	189	123
205	15	4990	062
212	1	189	024
2615	9	2517	118
509	6	30	096
3219	12	2027	158
1956	6	2008	051
2589	9	2517	128
47	6	29	145
3143	11	3087	104
205	6	30	039
178	6	116	080
2644	9	2593	109
720	1	28	059
1931	6	116	015
2822	14	3475	136
1525	6	29	006
675	15	4990	113
44	1	550	132
2073	6	2008	027
3218	12	2018	095
630	6	30	049
720	1	28	027
88	6	29	154
597	15	5088	013
2065	6	2040	005
284	1	189	094
2845	14	3956	128
812	1	416	131
2539	9	2482	077
1133	6	592	135
509	6	28	131
675	15	4990	087
17	1	18	108
3193	12	2155	060
406	1	408	126
2125	6	2009	128
2113	6	29	086
2693	12	28	052
578	1	28	097
3064	23	12505	061
284	6	2008	072
198	1	189	047
2178	6	30	116
381	6	405	080
205	15	4990	066
3192	12	2155	063
488	1	30	076
636	1	172	123
169	6	173	078
2984	10	2946	131
2916	9	2517	154
2153	6	30	012
2065	6	2040	126
480	15	4990	053
1592	6	30	127
1910	14	3956	127
1429	6	30	079
172	1	402	125
178	6	115	143
213	1	189	043
2836	17	5818	146
2127	6	171	017
473	1	416	005
6414	23	2935	046
2126	6	2009	101
630	6	29	154
2911	9	2482	095
212	1	189	112
3577	14	3437	136
55	6	30	039
2003	6	2019	149
260	1	189	085
3064	23	12505	120
3106	11	3087	041
88	6	30	103
2059	6	2018	150
630	6	30	026
2071	6	30	100
3216	12	2155	121
2644	10	2924	051
2119	6	2045	007
6006	17	5818	099
675	15	5120	101
2065	6	2040	111
629	1	30	050
846	1	397	005
3170	17	6011	155
1947	6	405	092
2663	9	2476	153
2135	6	2009	120
261	1	46	145
113	6	30	083
811	1	416	155
12528	23	12532	145
829	15	5088	144
3216	12	2155	065
6524	17	6169	141
2693	11	3087	161
2917	9	2593	069
3143	11	3087	135
597	15	5088	004
25	15	4990	007
711	1	28	077
811	1	416	151
6006	17	5818	155
2059	6	2061	053
3209	12	30	092
473	1	416	158
765	6	30	051
44	6	30	024
7789	17	5947	158
1956	6	2009	129
3216	12	2155	079
8301	23	3060	045
215	1	189	147
480	15	4990	107
55	6	30	073
2142	6	2009	101
3205	12	2055	134
734	15	4977	156
2074	6	2075	063
172	1	402	072
822	1	416	040
3211	14	3427	075
2022	6	2123	133
702	1	28	116
196	1	189	075
771	6	30	086
2102	6	2040	088
9342	20	6012	115
1644	1	207	121
3101	11	3102	078
832	1	416	088
3143	11	3087	157
728	1	405	130
446	1	259	033
2962	10	2963	127
169	1	171	148
178	6	117	000
1133	15	4990	063
2026	6	2029	006
380	6	29	159
630	6	30	041
630	6	30	107
2127	6	171	072
2105	6	2027	154
1941	6	2045	013
630	6	30	064
3593	14	3544	106
44	1	550	133
69	1	72	119
3101	11	3102	151
822	1	416	157
2785	9	2593	078
2073	6	2008	021
3577	14	3437	127
19	6	625	157
2156	6	30	102
2945	14	4034	114
3197	12	2055	139
578	1	28	049
832	1	416	080
2984	10	2946	160
3866	14	3487	078
284	1	189	095
2773	9	2517	127
25	15	4990	103
4568	23	2946	141
629	1	30	107
2101	6	2040	086
2130	6	2008	032
10636	22	10637	137
4054	14	3623	125
2059	6	2060	114
2008	9	259	044
2135	6	2009	116
2663	9	2588	135
2135	6	2045	018
796	15	4990	113
3106	11	3087	034
12	1	14	143
2068	6	405	100
3190	12	2120	143
2035	6	2009	122
3218	12	2018	062
2047	6	171	132
303	1	416	105
3143	11	3087	057
478	1	444	160
822	1	416	108
675	6	405	125
584	6	405	129
811	1	416	011
443	1	416	134
742	15	4990	145
2006	6	29	057
2589	9	2517	136
734	15	4977	076
199	1	189	131
480	15	4990	099
380	6	30	014
734	15	4977	126
2138	6	2018	139
1871	12	2155	045
1592	6	30	107
6247	23	12509	062
197	1	189	144
4568	23	2946	129
1958	6	2061	075
3178	11	3087	139
831	1	416	053
1889	23	2922	158
2135	6	2008	063
8779	23	2989	026
636	1	172	040
1863	9	2560	151
19	6	2045	015
2984	10	2946	150
364	1	28	157
12016	22	9630	151
215	1	189	128
3178	17	5948	161
100	6	29	153
6414	23	2935	126
47	6	29	147
2057	6	173	079
2729	23	2935	020
3101	11	3102	058
10636	22	10637	139
473	6	2040	144
142	6	30	085
1922	6	2061	050
8779	23	2989	046
846	1	397	115
2003	6	30	037
6247	23	12509	041
2116	6	2061	011
3218	12	2018	139
478	1	444	102
3190	12	2120	115
44	1	46	135
1644	1	207	064
5308	15	5088	040
734	15	4977	093
509	6	30	123
169	6	173	026
2059	6	2060	127
1486	6	29	158
431	1	189	133
702	1	28	082
3053	23	12505	007
6414	23	3026	141
3218	12	2018	087
584	1	259	039
1871	12	2155	062
822	1	416	101
198	1	189	000
2105	6	30	128
3237	12	116	069
2020	6	2009	132
675	15	4990	064
1871	12	2155	102
198	1	189	058
800	1	416	129
2945	14	4034	131
3216	12	2155	036
213	1	189	084
1947	6	405	126
17	6	30	129
3225	23	2989	079
509	6	30	095
4568	23	2946	074
1567	1	589	149
2022	6	2123	107
818	1	416	031
211	1	189	003
195	1	189	104
406	1	408	070
2169	6	29	019
3064	23	12505	013
4885	14	3690	046
3218	12	2018	011
8301	23	3060	090
2539	9	2540	127
675	6	2051	007
845	1	28	046
1894	23	2920	048
2539	9	2482	131
2539	9	2482	110
11201	22	9756	150
636	1	172	108
2068	6	405	097
25	6	30	004
702	1	28	126
284	6	2040	094
728	1	405	073
2719	9	2720	159
1502	1	416	054
2142	6	2008	050
25	15	5024	147
2144	6	2009	112
2539	9	2540	132
968	1	408	057
3225	23	2938	113
169	1	173	100
195	1	189	139
100	6	30	096
3064	23	12505	154
2809	17	5817	092
3217	12	28	038
215	1	189	090
2696	9	2476	100
2663	17	5935	131
212	1	189	102
473	6	2040	080
3142	14	3793	062
228	1	229	008
215	1	189	014
5308	15	5088	063
303	1	416	063
2917	10	2942	064
3231	12	29	007
381	1	259	077
2917	9	2593	098
2836	9	2705	032
1863	9	2560	161
2153	6	30	073
428	6	2050	159
25	15	4990	127
968	1	408	027
228	1	229	054
742	1	743	142
2962	10	2963	125
742	1	748	122
12528	23	12532	108
3101	11	3102	141
2808	10	2924	072
2809	9	2705	147
2693	14	3468	145
2101	6	2040	150
3186	12	2155	156
2539	9	2540	112
3225	23	2989	110
213	1	189	026
2003	6	30	088
800	1	416	128
7847	23	2966	099
2911	9	2482	143
3143	11	3087	116
3211	12	2082	039
2984	10	2946	161
197	1	189	058
801	15	5088	153
2116	6	2061	009
630	1	631	152
1959	6	2008	043
812	1	416	056
4885	17	8813	087
142	6	30	109
1502	1	416	146
3225	23	2938	103
1525	6	29	056
1502	1	416	006
3225	23	2989	085
728	1	259	059
25	15	5024	153
1502	1	416	159
399	1	405	086
812	1	416	058
6247	23	12509	080
765	6	29	156
2909	9	2593	141
199	1	189	159
626	1	46	147
2539	9	2540	126
2071	6	30	057
1863	9	2518	161
2729	23	2935	025
7375	20	6780	148
2020	6	2045	013
2126	6	2008	038
2030	6	2032	132
212	1	189	160
629	1	30	012
3193	12	2155	085
3189	12	2040	117
205	6	30	098
3090	11	3087	136
12528	23	12532	120
2030	6	2008	044
734	15	4977	161
1976	6	2040	113
4884	14	3495	066
2020	6	2018	145
2809	9	2705	140
3577	14	3437	024
169	6	173	065
1912	15	5024	123
1975	6	2008	016
1959	6	2018	158
630	6	30	021
446	1	259	069
7789	23	12532	140
2035	6	2009	083
3593	14	3544	103
796	15	4990	144
381	6	405	097
578	1	28	020
1922	6	2018	124
3225	23	2938	079
598	6	30	058
2123	9	2486	160
6247	23	12509	155
765	6	30	047
3130	14	3437	141
205	15	4990	051
2909	9	2720	027
428	6	405	123
811	1	416	101
3178	11	3087	159
2069	6	1561	003
3064	23	12505	070
2030	6	2008	055
6006	17	5818	160
2065	6	2040	153
6247	23	12509	075
3941	14	3495	011
473	1	416	152
213	1	189	012
812	1	416	094
734	15	4977	098
100	6	30	065
3231	12	29	131
968	1	408	106
2909	9	2720	076
8957	23	2922	101
4885	17	8813	091
2135	6	550	133
6414	23	2935	042
799	1	766	149
1644	1	207	033
228	1	229	050
1860	23	3002	075
260	1	189	009
3106	11	3087	120
8779	23	2989	039
2903	11	3089	014
228	6	2040	138
1961	6	2008	068
3064	23	12505	098
3237	12	116	079
473	6	2040	154
88	6	30	013
711	1	28	117
2688	9	2517	149
2101	6	2040	112
2298	12	2155	154
211	1	189	006
734	15	4977	143
4568	23	2946	012
831	1	416	006
2006	6	29	145
7847	23	2966	048
1959	6	2008	038
3225	23	2938	123
810	1	416	097
12528	23	12532	040
1363	1	27	113
2101	6	2040	097
28	6	29	153
12528	23	12532	000
3142	14	3793	063
2663	17	5935	136
2119	6	2045	142
578	1	28	136
228	6	229	033
292	1	120	131
6247	23	2935	135
3190	12	2084	018
8210	20	7092	139
675	15	5120	023
47	6	30	129
47	6	28	136
212	1	189	088
675	6	405	126
205	6	30	062
3219	12	2027	008
636	1	172	019
702	1	28	013
2020	6	2008	077
2135	6	2008	031
2135	6	2008	081
396	6	30	107
3577	14	3437	076
3166	23	12532	132
2065	6	2040	078
675	15	5120	026
2125	6	2009	083
3193	12	2155	040
188	1	189	017
3101	11	3102	085
2105	6	30	010
1976	6	229	056
211	1	189	022
711	1	28	129
6726	23	2966	094
172	1	402	108
2663	17	5818	115
197	1	189	024
2785	9	2520	147
2059	6	2018	146
406	1	408	025
728	1	259	066
2867	9	2517	161
396	6	30	103
195	1	189	048
2719	10	3016	129
3225	23	2989	018
812	1	416	124
260	1	189	030
613	1	416	152
2068	6	173	035
292	1	120	111
734	15	4977	017
2809	17	5818	119
6247	23	2935	089
3190	12	2084	064
734	15	4977	028
3064	23	12505	078
228	1	229	014
675	15	4990	049
1525	6	29	030
584	1	259	055
44	5	25	053
44	5	25	039
2729	23	2935	014
7000	17	5948	158
6414	23	2935	120
2126	6	2008	037
2127	6	171	042
629	1	28	135
3101	11	3102	147
610	1	416	101
796	15	4990	026
613	1	416	041
800	1	416	121
215	1	189	050
1567	1	589	146
2126	6	2045	008
2663	17	5818	142
822	1	416	137
488	1	30	115
2138	6	2009	082
6247	23	2935	105
2073	6	2009	092
2071	6	29	156
3190	12	2120	090
3211	12	2120	085
6247	23	2935	124
2003	6	2038	010
44	6	30	091
3218	12	2018	079
260	1	189	160
2615	9	2517	155
4613	14	3495	024
3090	11	3087	150
25	15	4990	109
675	6	171	156
2030	6	2008	034
1912	6	405	112
212	1	189	125
2116	6	2018	119
5308	15	5088	041
4615	14	4138	084
3216	12	2155	043
8767	17	7270	153
6006	17	5818	097
2909	9	2720	014
2984	10	2946	144
3106	11	3087	067
19	6	2045	007
3225	23	2989	098
428	15	5024	141
19	6	2044	140
381	1	259	061
675	15	5120	100
488	1	28	137
6247	23	12509	122
1502	1	416	144
6414	23	2935	043
19	6	2009	109
1941	6	2009	132
1941	6	2009	103
142	6	30	063
260	1	189	103
44	5	25	000
742	1	748	112
446	1	259	032
473	1	416	114
2127	6	171	145
811	1	416	158
2815	11	3087	158
113	6	30	093
812	1	416	085
115	15	4969	160
3211	12	2120	133
55	6	30	116
228	1	229	005
509	6	30	099
2917	10	2942	112
8708	17	6704	147
83	6	29	142
178	6	116	037
17	6	2044	138
88	6	30	038
675	15	5120	151
2153	6	30	096
303	1	416	113
169	6	173	015
142	6	30	057
588	6	589	142
1959	6	2018	145
2065	6	2040	118
169	6	173	071
2102	6	2040	108
3197	12	2055	131
473	6	2040	124
2156	6	30	028
675	6	402	145
2539	9	2482	063
968	1	408	018
3231	12	29	134
2663	9	2588	138
578	1	28	076
509	15	4977	089
742	1	748	118
509	6	30	086
1975	6	2008	031
199	1	189	151
25	15	4990	010
478	1	444	091
2153	6	30	107
396	6	30	022
1976	6	2040	098
292	1	120	069
759	1	28	157
25	15	4990	039
2116	6	2018	112
25	6	30	098
2917	10	2942	144
3211	12	2120	086
303	1	416	091
212	1	189	139
2015	6	117	006
381	6	405	117
6247	23	12509	027
100	6	29	152
2539	9	2482	086
8447	17	5853	151
2785	9	2520	160
2809	9	2705	150
1871	12	2155	123
2101	6	285	000
198	1	189	046
6247	23	12509	010
196	1	189	010
702	6	28	135
2693	12	28	108
8408	23	12519	148
3218	12	2018	006
480	15	4990	103
3425	14	3426	120
584	1	259	068
25	15	5024	003
1593	1	1594	113
831	1	416	055
2911	10	2720	131
478	1	444	034
44	6	30	060
6006	17	5818	082
588	6	30	038
196	1	189	097
2911	10	2720	124
3204	12	170	147
7789	23	12532	113
2003	6	30	113
2809	17	5935	146
3216	12	2155	032
446	1	259	077
1525	6	29	140
2811	9	2517	117
446	1	259	079
2845	10	2977	119
205	1	207	113
2074	6	2075	060
702	1	28	066
428	6	2043	085
260	1	189	125
1930	15	4977	160
2138	6	2009	115
2615	9	2476	154
8779	23	2989	115
2057	6	173	080
3064	23	12505	014
2138	6	2008	019
19	6	2009	086
800	1	416	052
215	1	189	037
845	1	28	000
28	9	29	152
2020	6	2008	079
172	1	402	143
3189	12	2040	024
1502	1	416	064
3101	11	3102	030
303	1	416	009
2962	10	2963	116
25	15	5024	023
7146	23	12532	105
2113	6	29	065
2074	6	2075	058
215	1	189	092
3166	23	12532	115
1592	6	30	055
2644	9	2593	153
7847	23	2966	131
3206	12	2082	055
213	1	189	103
1941	6	2008	042
2008	9	259	030
6726	23	2966	009
3101	11	3102	056
406	1	408	038
2809	17	5818	090
2809	17	5818	148
198	1	189	066
2729	23	2935	107
205	6	2038	018
284	1	189	130
607	15	4990	121
7000	17	5948	136
702	1	28	050
1910	14	3956	146
2169	6	29	072
810	1	416	089
292	1	120	006
2809	17	5816	153
2169	6	29	098
3216	12	2155	147
3187	23	12518	078
2663	14	3711	154
3101	11	3102	070
8779	23	2989	120
3190	12	2084	058
2068	6	405	122
8779	23	2989	118
1976	6	229	054
443	1	416	041
812	1	416	109
1947	6	173	057
480	15	4990	095
8957	23	2922	142
6247	23	2935	143
3237	12	116	081
6247	23	2935	018
1922	6	2018	138
588	6	30	083
1133	6	30	073
44	1	46	137
675	15	5120	014
113	6	30	092
3200	17	5819	093
12	1	14	095
25	6	30	106
2909	9	2720	105
734	15	4977	103
2156	6	30	089
2773	9	2517	152
2696	9	2476	048
212	1	189	159
1930	15	4977	123
796	15	4990	147
2119	6	2045	010
6414	23	2935	120
3106	11	3087	118
3713	14	3714	048
199	1	189	127
3219	12	2027	015
199	1	189	053
178	6	117	012
6247	23	12509	132
734	15	4977	056
4568	23	2946	142
2809	9	2705	118
702	1	28	113
597	15	5088	053
25	6	30	065
6247	23	12509	136
8301	23	3060	105
3190	12	2120	116
2663	9	2476	145
2065	6	2040	051
2074	6	171	152
2809	17	5935	127
659	1	341	066
832	1	416	060
598	6	30	116
1429	6	30	124
25	6	30	105
2729	23	2935	039
509	15	4977	038
1910	14	3956	133
25	15	5024	073
2074	6	402	136
88	6	29	141
1912	6	259	046
2587	9	2588	121
2615	9	2517	158
1922	6	2018	105
2729	23	2935	099
1133	6	592	142
446	1	402	144
3187	23	12518	114
2539	9	2540	066
3237	12	116	148
1133	15	4990	159
800	1	416	131
2119	6	2045	038
1871	12	170	152
2903	11	3089	064
2130	6	2045	009
610	1	416	132
142	6	30	038
17	1	18	034
3206	12	2082	058
3216	12	2155	104
1912	6	405	132
12528	23	12532	056
2693	12	28	064
1959	6	2009	132
3577	14	3437	125
6414	23	2935	038
292	1	119	157
711	1	28	125
3189	12	2040	149
675	1	320	122
2911	9	2482	155
1930	15	4977	017
811	1	416	070
702	1	28	150
3218	12	2018	084
69	1	72	053
428	6	259	050
629	1	28	133
2113	6	29	080
473	1	416	058
1894	23	2920	121
25	15	5024	016
607	15	4990	118
396	6	30	041
1133	15	4990	014
1931	6	116	032
2026	6	30	080
822	1	416	158
2903	11	3089	124
2587	9	2588	073
2057	6	173	081
1894	23	2920	142
428	6	171	149
2026	6	2027	161
381	6	405	124
7789	23	12532	093
284	6	2040	161
363	1	364	161
1975	6	2066	161
2156	6	30	095
1644	1	207	043
7146	23	12532	102
3101	11	3102	139
3216	12	2155	062
720	1	28	126
2729	23	2966	078
2119	6	2045	019
3189	12	2040	131
195	1	189	101
509	15	4977	115
406	1	408	075
1970	6	2082	074
55	6	30	112
1644	1	207	136
2945	14	3623	153
578	1	28	081
88	6	30	037
4568	23	2946	150
2945	10	2946	111
796	15	4990	030
260	1	189	152
2113	6	29	059
446	1	405	101
55	6	30	103
88	6	30	065
47	6	30	112
742	15	4990	152
1502	1	416	040
8957	23	2922	152
6247	23	2935	159
759	1	28	062
588	6	589	154
2945	14	4034	141
2615	9	2593	114
598	6	30	048
822	1	416	152
1958	6	2009	128
800	1	416	083
1959	6	2008	066
2116	6	2061	028
3142	14	3491	051
1956	6	2040	155
428	6	402	144
2539	9	2540	061
6247	23	12509	150
3577	14	3437	086
2729	23	2935	125
3237	12	117	013
3219	12	2027	033
1941	6	2008	038
630	6	30	099
2121	6	402	142
2059	6	2061	088
2903	11	3089	082
1930	15	5024	153
178	1	179	040
659	1	341	010
607	15	4990	130
1912	6	2179	017
771	1	629	140
811	1	416	100
17	6	2044	146
1429	6	30	106
88	6	30	081
2156	6	30	107
2693	11	3087	130
480	15	5067	143
3141	17	6308	147
734	15	4977	137
1502	1	416	158
197	1	189	117
1644	1	207	038
2130	6	2008	022
811	1	416	078
711	1	28	122
1930	15	4977	078
2030	6	2032	144
2587	9	2588	089
25	6	30	027
629	1	30	009
765	1	766	158
5168	15	5088	145
3211	12	2082	050
2785	9	2520	110
610	1	416	017
3197	12	2120	089
800	1	416	041
6884	17	6190	070
630	6	30	101
3218	12	2018	027
846	1	397	038
2020	6	2008	063
765	6	30	007
2909	9	2593	084
2696	9	2476	051
2917	9	2593	150
6247	23	2935	000
446	1	171	151
584	1	259	031
1860	23	3002	076
728	1	405	021
196	1	189	012
443	1	416	138
3218	12	2018	120
172	1	402	041
2815	9	2816	155
2068	6	405	117
2105	6	2027	160
1502	1	416	108
610	1	416	010
2069	6	1561	030
832	1	416	009
598	6	30	057
3106	11	3087	009
2135	6	2009	110
2105	6	30	008
195	1	189	007
473	6	2040	108
47	6	29	150
2026	6	30	025
2845	9	2518	132
2156	6	30	024
818	1	416	046
811	1	416	063
6247	23	12509	006
4885	14	3690	061
968	1	408	069
2102	6	2040	123
659	1	341	053
3866	14	3487	089
742	15	4990	146
6247	23	12509	124
178	1	179	016
2592	9	2593	098
205	1	207	076
765	6	28	136
702	1	28	134
7789	23	12532	142
2984	10	2946	134
2144	6	2009	109
228	1	229	021
292	1	120	066
734	15	4977	083
846	1	397	140
2984	10	2946	129
734	15	4977	077
5308	15	5088	099
480	1	481	157
2587	9	2476	127
771	6	30	016
2021	6	405	087
3755	14	3495	142
968	1	408	134
2845	10	2977	093
2071	6	30	083
1894	23	2920	014
6414	23	2935	023
211	1	189	068
25	6	30	054
2903	11	3089	085
610	1	416	154
2047	6	171	135
613	1	416	143
3034	14	3956	158
396	6	30	048
1593	1	1594	123
2068	6	405	133
1502	1	416	027
1959	6	2008	031
381	1	405	160
3064	23	12505	152
2069	6	1561	043
702	1	28	146
2903	11	3089	140
3225	23	2938	048
1871	12	2155	079
968	1	408	113
675	1	320	142
509	6	30	068
428	6	259	035
44	5	25	018
3166	23	12532	143
1592	6	30	093
431	1	189	038
1959	6	2018	155
720	1	28	088
2809	9	2705	121
2127	6	171	116
1525	6	29	026
198	1	189	067
4885	17	8813	133
3217	12	28	033
2069	6	1561	016
2719	10	3016	131
1959	6	2008	041
3053	23	12505	099
6414	23	2935	015
211	1	189	067
2105	6	30	043
2006	6	29	026
11201	22	10030	149
2663	9	2588	142
178	1	179	006
292	1	120	115
2140	6	2008	049
2006	6	29	041
720	1	28	086
478	1	444	096
142	6	2044	153
473	1	416	143
3113	11	3102	149
2815	9	2816	154
2068	6	405	119
215	1	189	021
396	6	30	104
7146	23	12532	141
212	1	189	093
212	1	189	135
267	6	29	161
1931	6	115	153
1941	6	2044	137
178	6	116	092
2047	6	171	015
728	1	405	030
446	1	402	146
1863	9	2560	159
188	1	189	117
610	1	416	002
380	6	30	123
2102	6	285	001
2119	6	2045	058
69	1	72	030
1970	6	2040	081
3225	23	2989	008
2501	9	2502	159
6168	17	5817	140
2138	6	2009	087
810	1	416	080
675	15	5120	038
303	1	416	129
2909	9	2593	003
2663	17	5816	156
3237	12	116	049
488	1	30	082
1975	6	2008	013
212	1	189	124
2026	6	30	121
2157	6	2120	160
2068	6	405	104
3217	12	28	110
2021	6	405	108
1975	6	2009	130
47	1	30	068
2911	10	2720	129
6247	23	12509	129
6726	23	2966	036
213	1	189	007
6726	23	2966	148
4884	14	3495	073
2615	9	2476	120
811	1	416	146
3106	11	3087	152
2785	9	2593	081
3216	12	2155	136
380	6	30	020
2074	6	405	085
6247	23	12509	057
1592	6	30	034
3866	14	3487	073
431	1	189	145
2845	9	2518	141
3034	10	2963	148
2153	6	29	154
759	1	28	024
2105	6	30	067
118	1	119	153
196	1	189	061
734	15	4977	012
800	1	416	079
100	6	29	143
19	6	2009	094
1429	6	30	110
2169	6	29	113
831	1	416	130
3209	12	30	091
3225	23	2938	034
2773	9	2517	157
2074	6	405	123
2105	6	2027	139
2945	14	4034	132
2903	11	3089	098
2592	9	2593	117
845	1	28	122
1975	6	2009	085
473	6	2040	142
260	1	189	067
1133	15	4990	075
169	6	173	062
811	1	416	017
2156	6	30	099
3106	11	3087	053
759	1	28	127
2811	9	2517	115
5308	15	5088	072
172	15	5043	148
796	15	4990	063
3101	11	3102	026
195	1	189	115
6726	23	2966	128
509	15	4977	097
3113	11	3102	093
711	1	28	159
7146	23	12532	011
3143	11	3087	112
8779	23	2989	109
169	6	173	060
4886	14	4560	139
2059	6	2060	119
2144	6	2009	118
2911	9	2482	120
1976	6	2040	124
2785	9	2520	124
2845	9	2518	084
1363	1	27	130
3521	14	3437	108
3206	12	2082	040
2903	11	3089	106
811	1	416	030
2127	6	171	133
3577	14	3437	147
3218	12	2018	007
2026	6	30	051
211	1	189	145
630	6	30	020
4885	17	8813	121
2945	14	4034	115
25	15	5024	089
55	6	30	093
2047	6	171	002
2071	6	30	082
1976	6	2040	104
765	6	28	132
443	1	416	020
3209	12	30	028
284	6	2040	091
2589	9	2517	140
2140	6	2008	039
443	1	416	153
118	1	120	145
2916	9	2517	160
10636	22	2157	146
8957	23	2922	133
2101	6	2008	076
198	1	189	045
169	6	173	061
720	1	28	143
2071	6	30	063
3166	23	12532	030
428	6	402	140
3577	14	3437	065
446	1	259	049
380	1	1363	144
303	1	416	038
428	6	259	043
2785	9	2520	132
2074	6	405	107
3231	12	29	114
3064	23	12505	074
2719	9	2720	150
3216	12	2155	141
3718	14	3496	046
1593	1	1594	099
28	9	29	148
480	15	4990	013
800	1	416	102
1975	6	2008	011
2102	6	2008	073
6247	23	12509	033
2065	6	2040	114
2069	6	2018	099
169	6	173	042
1592	6	30	011
588	6	30	023
2047	6	171	137
2845	10	2977	146
831	1	416	081
198	1	189	150
1644	1	207	118
3206	12	2120	144
734	15	4977	053
728	1	405	032
720	1	28	040
2003	6	2038	017
3200	12	2055	160
765	6	29	146
2809	17	5816	157
2022	6	2023	143
2663	17	5818	120
822	1	416	023
6414	23	2935	112
113	6	30	082
845	1	28	094
734	15	4977	086
613	1	416	116
1133	6	30	114
3216	12	2155	035
2808	9	2517	095
7789	23	12532	051
443	1	416	057
3833	14	3762	065
3113	11	3102	106
2130	6	2009	096
812	1	416	159
5168	15	5088	115
44	5	25	108
1912	6	259	078
3577	14	3437	156
578	1	28	158
12	1	14	071
1976	6	229	047
292	1	119	151
2102	6	2040	130
2539	9	2540	123
3217	12	28	035
260	1	189	137
2157	6	2040	160
1502	1	416	148
2729	23	2935	128
728	1	405	077
406	1	408	116
2140	6	2008	020
2456	17	6706	161
702	6	28	099
284	6	2040	108
10636	22	9538	140
2006	6	29	089
734	15	4977	105
2121	6	405	125
812	1	416	114
2035	6	2009	115
2836	9	2705	079
2138	6	2008	018
415	1	416	080
212	1	189	158
3218	12	2018	122
3193	12	2155	038
4885	17	8813	095
584	1	259	041
380	6	30	017
762	1	28	155
3189	12	2040	102
3577	14	3437	146
2071	6	29	151
2169	6	29	122
822	1	416	102
197	1	189	120
2696	9	2476	060
610	1	416	131
675	15	5120	110
3190	12	2084	071
428	15	5024	152
3216	12	2155	144
818	1	416	021
3219	12	2027	126
2615	9	2517	136
2836	17	5818	145
2033	6	29	154
284	6	2040	081
3090	11	3087	135
728	1	405	070
3064	23	12505	101
2688	9	2517	115
8301	23	3060	038
2903	11	3089	061
2729	23	2966	097
4890	14	3785	051
3113	17	5975	029
6414	23	2935	086
2729	23	2935	145
4568	23	2946	036
2979	10	2924	150
284	6	2045	012
3113	11	3102	078
213	1	189	090
172	1	402	066
3211	12	2082	030
2022	6	2123	121
3143	11	3087	160
2836	9	2705	046
3217	12	28	037
2168	6	173	031
2135	6	2009	087
169	1	173	005
3231	12	29	069
172	1	402	045
473	6	2082	070
613	1	416	135
198	1	189	123
2583	9	2476	159
2026	6	30	065
597	15	5088	159
3113	14	3524	060
19	6	2044	161
765	6	30	024
2809	17	5818	100
800	1	416	088
3209	12	30	034
196	1	189	113
2135	6	2008	019
3231	12	29	049
195	1	189	002
2539	9	2482	158
1956	6	2040	156
1429	6	2027	149
3219	12	2027	101
380	6	30	118
2142	6	2008	047
800	1	416	151
2729	23	2935	004
2121	6	405	116
1644	1	207	078
2156	6	30	085
28	1	29	156
215	1	189	074
2140	6	2008	064
2729	23	2935	155
381	1	259	048
197	1	189	003
2539	9	2540	102
2121	6	405	088
88	6	28	136
211	1	189	104
2074	6	402	134
1912	6	2179	020
2587	9	2476	060
443	1	416	006
2047	6	171	088
1970	6	2084	060
4568	23	2946	130
2587	9	2588	076
2030	6	2008	023
12528	23	12532	045
1912	6	259	065
69	1	72	121
7789	23	12532	069
198	1	189	077
1486	6	29	160
17	6	2044	147
831	1	416	139
1363	1	27	087
8779	23	2989	078
7146	23	12532	113
195	1	189	047
1970	6	2084	063
205	1	207	002
2945	14	4034	140
2006	6	29	143
83	6	29	156
88	6	30	026
284	1	189	156
2465	14	3495	131
473	6	2040	121
2127	6	171	012
292	1	120	114
3831	14	3762	127
431	1	189	065
7146	23	12532	020
2615	9	2517	090
47	6	30	062
25	1	28	161
292	1	120	037
1912	15	5024	107
199	1	189	081
728	1	259	061
6414	23	2935	108
2615	9	2476	108
196	1	189	153
2693	12	28	034
2126	6	625	152
3217	12	28	111
2020	6	2018	150
2169	6	29	063
2644	9	2593	073
2126	6	2008	034
428	6	259	066
2917	10	2942	138
2020	6	2009	113
406	1	408	135
793	1	341	148
6247	23	2935	093
3521	14	3437	121
613	1	416	030
822	1	416	054
2105	6	30	024
588	1	591	153
728	1	259	045
588	6	30	019
1644	1	207	001
2539	9	2540	120
178	6	116	041
212	1	189	079
1931	6	116	133
3866	14	3487	109
796	15	4990	133
428	6	2050	160
2126	6	625	144
195	1	189	154
1547	6	29	160
215	1	189	047
2785	9	2593	147
675	15	4990	119
2121	6	2042	161
17	6	30	108
2592	17	6268	088
3217	12	28	074
1931	6	116	114
6726	23	2966	107
196	1	189	073
2135	6	2045	011
196	1	189	147
728	1	259	063
1429	6	30	104
6480	17	6481	148
2917	9	2593	142
1851	23	2997	125
2663	17	5935	147
3577	14	3437	027
2153	6	30	051
2809	17	5818	131
2547	9	2482	158
19	6	2009	113
2773	14	3641	099
2047	6	171	148
69	1	72	117
198	1	189	157
509	15	4977	064
2729	23	2966	113
1956	6	2008	043
2729	23	2966	007
2773	9	2517	156
212	1	189	069
2069	6	1561	048
1930	15	4977	034
2688	9	2517	145
584	1	259	073
675	15	4990	073
2142	6	2045	018
675	15	4990	007
4568	23	2946	034
2587	9	2476	050
800	1	416	044
728	1	259	039
8957	23	2922	123
771	1	629	056
25	6	30	074
2169	6	29	069
810	1	416	032
578	1	28	073
2026	6	30	043
1429	6	30	080
3206	12	2082	052
822	1	416	135
2729	23	2966	020
2105	6	30	083
1133	6	30	053
25	15	4990	132
7146	23	12532	118
1975	6	2008	021
2119	6	2120	151
25	6	30	019
675	15	5120	071
3434	14	3437	153
1502	1	416	053
47	1	30	061
7847	23	2966	049
2020	6	2045	001
578	1	28	129
3219	12	2027	059
428	6	402	143
734	15	4977	132
1912	6	259	082
260	1	189	104
636	1	172	004
396	6	30	098
205	1	207	120
5308	15	5088	006
2845	10	2977	089
845	1	28	001
1910	14	3956	135
205	6	2038	006
613	1	416	112
292	1	120	095
1644	15	5088	141
629	1	30	038
1941	6	2008	047
2126	6	2009	129
1851	10	2997	136
2644	9	2593	102
675	6	2051	001
702	6	28	048
845	1	28	155
17	6	30	079
1958	6	2061	077
578	1	28	131
2030	6	2009	132
428	6	405	115
113	6	30	076
1930	15	4977	018
1363	1	27	080
2059	6	2061	020
659	1	341	133
2119	6	2008	074
292	1	120	025
2815	23	2922	127
55	6	30	017
172	1	402	140
2140	6	2045	000
1593	1	1594	101
2020	6	2018	151
831	1	416	097
2696	9	2476	129
172	1	402	003
1975	6	625	137
597	15	5088	120
17	6	2044	149
728	1	405	071
3193	12	2155	112
598	6	2019	156
2101	6	2040	092
588	6	30	100
2144	6	2009	115
3231	12	29	098
44	6	30	076
3209	12	30	100
2102	6	2040	122
2911	10	2720	160
1976	6	229	080
3189	12	2040	070
846	1	397	112
3231	12	29	139
1976	6	2040	138
2785	9	2520	114
2138	6	2008	034
2008	9	259	031
610	1	416	128
431	1	189	158
3190	12	2084	026
3216	12	2155	113
799	1	773	146
2102	6	2040	126
3219	12	2027	031
6247	23	12509	003
2059	6	2060	097
205	6	30	087
196	1	189	117
3866	14	3487	088
1912	6	405	130
205	15	4990	075
3216	12	2155	006
771	6	30	008
675	6	405	092
675	15	4990	031
3144	17	6601	158
2845	9	2518	088
284	6	2008	080
4659	14	3509	060
811	1	416	150
3170	17	7418	158
2592	9	2593	119
636	1	172	010
2047	6	171	053
3178	17	5947	152
3064	23	12505	107
2615	9	2593	154
118	1	120	144
7146	23	12532	135
44	5	25	040
284	6	2008	037
17	6	30	062
3206	12	2120	118
17	1	18	048
2867	9	2517	137
2008	9	259	076
2845	14	3956	098
2917	9	2593	094
2113	6	29	003
720	1	28	127
3166	23	12532	088
598	6	30	081
88	6	30	114
1871	12	2155	008
1644	1	207	153
5168	15	5088	109
1851	10	3056	160
2126	6	2008	065
3209	12	30	080
142	6	30	113
196	1	189	093
613	1	416	104
2101	6	2040	099
2102	6	285	007
659	1	341	100
734	15	4977	067
3211	14	3428	080
2663	17	6190	144
197	1	189	148
2157	6	2120	156
1922	6	2018	127
1894	23	2920	101
7789	23	12532	033
968	1	408	101
47	1	30	072
2138	6	2018	158
3189	12	2040	092
1871	12	170	138
3225	12	2155	142
6885	17	6068	161
796	15	4990	079
1958	6	2061	079
47	1	30	075
846	1	397	046
8779	23	2989	082
213	1	189	097
6414	23	2935	126
5308	15	5088	101
2119	6	2120	085
2815	9	2816	157
211	1	189	028
2773	9	2517	112
3225	23	2989	101
215	1	189	064
415	1	416	038
228	1	229	081
2773	9	2517	146
675	15	4990	090
598	6	30	034
25	15	5024	044
630	1	632	150
2587	9	2588	058
2101	6	2040	159
284	1	189	141
598	6	30	000
364	6	29	152
2127	6	171	069
2909	9	2593	004
1970	6	2084	000
2587	9	2476	069
88	6	30	104
2785	9	2520	142
3186	12	2155	149
1912	6	171	150
25	15	5024	054
303	1	416	067
211	1	189	093
415	1	416	035
2047	6	171	004
711	1	28	066
2102	6	2040	080
381	6	405	103
2035	6	2009	117
2836	9	2705	055
702	1	28	059
428	15	5024	153
2047	6	171	056
473	1	416	125
3166	23	12532	133
811	1	416	044
734	15	4977	044
812	1	416	005
396	6	30	119
3034	14	3956	159
205	6	30	041
2909	9	2593	136
2065	6	2040	102
3064	23	12505	090
4118	14	3719	161
2035	6	2009	102
3211	12	2082	058
822	1	416	097
2073	6	2008	023
2845	9	2518	105
759	1	28	016
473	1	416	079
2909	9	2720	026
1429	6	30	084
205	1	207	079
796	15	4990	093
25	15	4990	026
2663	17	5816	143
598	6	30	070
2113	6	29	158
1922	6	2061	034
2644	9	2593	140
480	15	5067	132
3190	12	2120	106
4568	23	2946	091
2809	17	5818	114
765	6	30	095
832	1	416	029
2073	6	2009	132
3197	12	2055	150
25	6	30	034
2119	6	2120	130
3225	23	2989	096
2945	10	2946	097
3142	14	3793	080
597	15	5088	036
2140	6	2008	044
415	1	416	046
3216	12	2155	011
771	1	629	127
2135	6	2009	122
7789	17	7524	158
702	6	28	040
2539	9	2482	072
4568	23	2946	131
2660	15	4969	161
1975	6	2008	039
3064	23	12505	046
169	6	405	120
734	15	4977	041
381	6	405	099
2116	6	2018	127
2615	9	2517	115
2836	9	2705	100
2021	6	405	132
812	1	416	028
2142	6	2008	055
443	1	416	117
6726	23	2966	024
636	1	172	054
1851	9	2520	156
188	1	189	004
659	1	341	000
197	1	189	043
2113	6	29	140
1841	23	2997	148
2903	11	3089	050
2073	6	2009	105
1931	6	116	058
2126	6	2009	117
480	15	5067	101
3166	23	12532	023
199	1	189	015
142	6	30	115
69	1	74	149
3211	14	3426	080
428	6	259	037
598	6	30	003
381	6	405	066
3217	12	28	058
629	1	30	122
2153	6	550	135
2917	9	2593	096
831	1	416	021
3200	12	2055	137
25	15	5024	077
3217	12	28	031
211	1	189	152
6247	23	12509	063
428	6	259	075
2298	12	2155	160
675	1	320	161
2909	9	2593	149
711	1	28	110
2615	9	2593	087
2101	6	2040	089
675	15	5120	015
88	6	30	012
2156	6	30	031
2845	9	2518	097
381	1	405	111
1922	6	2061	092
213	1	189	051
3166	23	12532	058
3101	11	3102	090
19	6	2009	107
1947	6	2027	146
2126	6	2008	070
17	1	18	118
3216	12	2155	075
1133	6	592	138
17	1	18	132
659	1	341	101
630	6	30	012
2663	17	5816	146
3206	12	2120	076
675	15	5120	086
415	1	416	133
7789	23	12532	138
196	1	189	154
284	6	2040	118
2729	23	2966	045
1941	6	2008	065
6247	23	12509	140
675	1	320	152
8957	23	2922	060
381	6	405	068
2144	6	2018	153
2059	6	2061	080
205	6	2019	147
2903	11	3089	159
3197	12	2120	086
113	1	46	145
178	6	116	026
3219	12	2027	037
2909	9	2593	145
2845	9	2518	159
3577	14	3437	057
1931	6	115	159
829	15	5088	150
968	1	408	098
1502	1	416	110
8876	17	6556	114
2020	6	2008	072
1931	6	116	066
765	6	30	102
1922	6	2061	031
6247	23	2935	080
197	1	189	046
1941	6	2009	088
3924	14	3495	080
629	1	30	054
1525	6	29	074
2729	23	2935	159
2945	14	3623	156
1871	12	2155	108
2073	6	2008	065
142	6	30	094
846	1	397	020
675	1	320	096
178	6	117	008
2142	6	2008	060
3178	17	5953	159
17	1	1561	009
3237	12	116	092
1502	1	416	100
2116	6	2018	110
2909	9	2720	038
728	1	405	083
2911	10	2720	120
44	6	30	085
2169	6	29	070
215	1	189	036
2615	9	2517	117
2979	10	2924	146
2125	6	2009	129
188	1	189	028
588	6	30	013
5308	15	5088	156
2026	6	30	034
88	6	30	011
284	6	2040	128
675	6	171	157
2663	17	5817	151
228	1	229	052
3101	11	3102	029
2917	10	2942	153
2105	6	30	120
2113	6	29	054
396	6	30	000
2909	9	2593	069
1922	6	2061	073
2917	10	2942	057
3190	12	2120	160
228	1	229	049
610	1	416	080
675	6	405	094
44	6	30	017
3190	14	4363	076
1947	6	173	029
2119	6	2120	106
100	6	30	066
1931	6	116	017
2020	6	2008	052
2071	6	30	085
3187	23	12518	077
2867	9	2588	123
598	6	30	071
113	6	30	114
8876	17	6491	109
2065	6	2040	038
381	6	405	046
169	1	173	004
3106	11	3087	035
2168	6	173	083
44	5	25	024
584	6	405	118
28	6	29	151
845	1	28	088
3211	12	2120	091
2808	9	2517	091
845	1	28	123
818	1	416	063
431	1	189	099
509	15	4977	044
2142	6	2008	079
8708	17	6011	157
2903	11	3089	069
1931	6	116	051
2074	6	2075	017
675	1	320	160
44	6	30	124
6247	23	2935	101
7789	23	12532	106
2836	17	5818	158
759	1	28	115
1975	6	2088	134
12528	23	12532	130
406	1	408	084
2068	6	2027	159
55	6	30	046
284	6	2008	075
260	1	189	119
675	15	4990	149
2020	6	2008	059
1644	1	207	110
25	15	5024	025
12528	23	12532	146
771	1	629	029
2693	14	3469	156
2113	6	29	066
2168	6	170	160
2909	9	2720	093
415	1	416	058
69	1	72	036
381	1	259	040
1429	6	30	122
1912	6	405	090
702	6	28	047
675	15	4990	096
509	15	4977	127
2127	6	171	045
1947	6	173	032
444	1	405	117
169	6	173	052
380	6	30	077
196	1	189	125
675	1	320	144
968	1	408	111
25	15	4990	025
1922	6	2018	117
2693	12	28	061
2507	9	2476	151
69	1	72	090
598	6	2019	154
2845	9	2518	110
720	1	28	028
771	6	30	019
428	15	5024	135
8473	20	5762	158
212	1	189	030
7146	23	12532	106
2587	9	2476	131
6414	23	2935	137
2144	6	2018	145
2916	9	2517	107
381	1	259	080
794	1	478	109
2059	6	2060	157
6414	23	2935	025
6414	23	2935	088
1525	6	29	108
675	15	5120	160
509	15	4977	068
4885	17	8813	113
598	6	30	095
172	15	5043	155
4568	23	2946	157
771	6	30	128
2615	9	2593	107
659	1	341	132
811	1	416	103
431	1	189	090
6726	23	2966	041
1851	4	1842	129
431	1	189	149
12	1	14	034
8301	23	3060	044
3192	12	2155	072
2099	9	2486	160
142	6	30	132
2140	6	2009	100
597	15	5088	027
2917	9	2593	100
284	1	189	136
396	6	30	108
415	1	416	087
17	6	30	036
3713	14	3495	038
195	1	189	014
2298	12	2155	143
3216	12	2155	060
2911	9	2482	140
3143	11	3087	059
2909	9	2593	010
3101	11	3102	148
636	1	172	156
3209	12	30	076
199	1	189	016
2119	6	2045	049
1970	6	2040	158
3197	12	2055	148
3166	23	12532	126
473	1	416	007
812	1	416	070
399	6	171	148
630	6	29	161
1133	6	30	014
2127	6	171	063
17	6	30	059
443	1	416	030
11201	22	2157	155
169	1	173	127
3218	12	2018	160
675	1	320	088
2911	9	2482	157
711	1	28	037
2074	6	171	154
6414	23	2935	091
2113	6	29	000
2102	6	2008	066
711	1	28	051
2030	6	2032	151
1947	6	405	123
69	1	72	103
2074	6	170	159
113	6	30	023
2539	9	2540	128
3193	12	115	148
2911	9	2482	105
613	1	416	004
3064	23	12505	124
1363	1	27	112
446	1	405	119
1502	1	416	138
1930	15	4977	055
205	6	2038	021
6247	23	12509	071
1976	6	2040	153
478	1	444	066
2073	6	2031	155
3189	12	2040	044
6726	23	2966	100
415	1	416	008
1894	23	2971	145
7789	23	12532	045
25	6	30	110
6247	23	2935	111
303	1	416	066
597	15	5088	130
3218	12	2018	109
488	1	30	117
5308	15	5088	129
2021	6	171	159
2539	9	2540	160
2644	10	2924	050
399	1	405	132
478	1	444	140
2168	6	173	054
1941	6	2009	081
142	6	30	098
1363	1	27	093
6726	23	2966	019
1970	6	2040	087
588	6	30	070
818	1	416	115
3143	11	3087	140
1961	6	2031	156
2809	17	5935	152
473	6	2082	032
1841	23	2997	146
7146	23	12532	018
47	6	29	148
3113	11	3102	096
720	1	28	161
55	6	30	012
8708	17	5947	159
2663	17	5935	139
800	1	416	134
2153	6	30	025
1956	6	2008	033
215	1	189	110
12528	23	12532	023
831	1	416	015
2130	6	2027	144
44	5	25	090
228	6	2040	093
1871	12	2155	095
4899	14	3623	160
17	6	2044	152
2729	23	2966	059
6247	23	12509	016
702	6	28	079
1931	6	116	055
711	1	28	040
473	6	2040	085
2020	6	2045	009
598	6	30	098
765	6	30	044
2822	14	3475	147
25	6	30	114
443	1	416	103
3064	23	12505	153
443	1	416	007
2021	6	171	158
675	6	2051	027
2785	9	2520	153
1941	6	2009	111
2138	6	2018	156
1525	6	29	042
1429	6	30	069
8957	23	2922	098
6247	23	12509	049
473	1	416	106
196	1	189	084
431	1	189	047
205	6	2019	149
2809	17	6005	072
2073	6	2008	050
2644	9	2593	089
2047	6	171	020
509	15	4977	131
4885	14	3690	054
55	6	29	144
4940	14	3430	135
2156	6	30	021
2119	6	2120	150
2116	6	2018	140
800	1	416	015
4885	17	8813	035
198	1	189	122
1922	6	2061	087
2125	6	2009	094
211	1	189	099
2808	10	2924	081
212	1	189	006
12528	23	12532	034
675	1	320	101
584	6	405	110
598	6	30	127
2729	23	2966	104
1959	6	2008	081
2663	17	5816	144
765	6	30	101
3101	11	3102	112
2101	6	2008	039
303	1	416	146
2663	17	5818	116
1894	23	2920	030
4932	14	3509	013
6247	23	2935	097
178	6	116	030
6414	23	2935	020
2663	17	5818	135
100	6	30	107
702	1	28	024
968	1	408	043
630	6	29	139
613	1	416	046
2142	6	2009	098
6414	23	2935	118
3193	12	2155	111
810	1	416	083
3209	12	30	035
2073	6	29	161
12345	22	9858	151
812	1	416	033
3225	23	2989	090
6726	23	2966	042
205	1	207	115
6247	23	2935	144
473	6	2040	088
380	1	1363	161
292	1	120	076
759	1	28	086
2030	6	2032	147
2035	6	2009	100
3216	12	2155	052
1592	6	30	028
578	1	28	017
12	1	14	103
3193	12	115	157
6006	17	5818	061
478	1	444	108
2110	6	171	154
2169	6	29	110
2867	9	2588	152
47	6	28	131
25	15	4990	113
578	1	28	026
1593	1	1594	115
480	15	4990	028
2105	6	30	098
3218	12	2018	008
2121	6	2122	017
188	1	189	110
17	1	18	106
2035	6	625	142
380	6	30	032
1961	6	2031	153
584	1	259	037
205	15	4990	015
2113	6	29	123
205	1	207	045
831	1	416	037
2073	6	2009	101
1912	6	259	056
759	1	28	125
2836	9	2705	038
2072	6	29	155
3216	12	2155	002
1975	6	2008	025
6414	23	2935	114
2020	6	2045	010
1644	1	207	019
2615	9	2593	151
292	1	120	036
2071	6	30	104
3231	12	29	130
55	6	30	032
55	6	30	119
213	1	189	028
2153	6	2029	000
8779	23	2989	130
759	1	28	006
2130	6	2027	148
4054	14	3623	105
818	1	416	061
2696	9	2476	043
613	1	416	005
142	6	30	059
2298	12	2155	148
509	15	4977	052
659	1	341	067
19	6	625	158
2809	17	5817	098
800	1	416	007
1958	6	2061	047
3209	12	30	121
3231	12	29	089
2126	6	2008	022
3197	12	2120	108
800	1	416	095
1429	6	30	095
113	6	30	025
2127	6	171	046
2911	10	2720	074
629	1	30	020
2059	6	2060	123
2809	9	2705	110
1930	15	4977	014
2663	17	5818	137
142	6	30	112
2074	6	2075	080
6247	23	2935	036
659	1	341	109
845	1	28	158
415	1	416	143
2773	14	3641	100
1958	6	2061	066
2130	6	2027	145
142	6	30	088
2972	10	2924	155
610	1	416	098
2917	10	2942	061
2116	6	2018	118
6168	17	5817	138
211	1	189	058
1975	6	2009	095
2592	9	2593	114
1429	6	2027	146
2121	6	405	100
44	6	30	002
7146	23	12532	153
399	1	171	159
2008	9	259	043
380	6	30	111
2615	9	2593	093
796	15	4990	033
228	1	229	084
428	15	5024	139
25	15	4990	100
142	6	30	046
8658	17	6066	159
488	1	30	089
2059	6	2061	034
1976	6	2040	158
12016	22	9574	157
1860	9	2517	132
3211	12	2082	056
3225	23	2938	029
205	6	30	099
2615	9	2593	153
198	1	189	117
44	5	25	049
3237	12	116	110
197	1	189	072
831	1	416	083
2069	6	1561	046
845	1	28	026
831	1	416	022
2583	9	2476	120
2917	10	2942	089
2022	6	2123	114
303	1	416	108
2047	6	171	046
113	6	30	026
363	1	120	149
2142	6	2009	132
800	1	416	047
178	6	117	010
446	1	405	130
2020	6	2018	137
47	6	30	109
1133	15	4990	145
1931	6	116	024
2119	6	2045	100
822	1	416	134
172	15	5043	136
1959	6	2009	120
1133	6	30	128
261	1	263	008
2140	6	2009	090
195	1	189	016
630	1	631	153
2693	17	5948	158
728	1	405	037
2072	6	29	145
832	1	416	144
3218	12	2018	080
845	1	28	147
2153	6	30	123
2026	6	30	066
2022	6	2023	151
205	15	4990	010
2140	6	2008	034
2916	9	2517	093
169	1	173	022
3219	12	2027	110
771	1	629	084
6726	23	2966	030
6414	23	2935	036
2071	6	30	110
2065	6	2040	077
2069	6	2018	080
1133	6	592	161
3143	11	3087	037
480	1	481	158
6247	23	2935	005
1133	6	30	078
2785	9	2593	137
8301	23	3060	032
1912	6	259	030
3193	12	2155	076
759	1	28	093
3189	12	2040	033
2020	6	2009	122
588	6	30	073
12	1	14	014
2729	23	2935	146
55	6	30	134
198	1	189	050
196	1	189	088
2135	6	2145	145
292	1	120	105
728	1	405	081
1894	23	2920	016
17	6	2044	133
2984	10	2946	159
675	6	402	147
818	1	416	099
415	1	416	111
2102	6	2008	063
8590	17	6331	146
597	15	5088	050
2101	6	2040	124
415	1	416	021
2589	9	2517	158
759	1	28	056
2809	17	5816	144
2663	17	5818	132
6414	23	2935	035
228	1	229	076
6168	17	5817	141
6247	23	2935	136
2119	6	2120	141
771	1	629	085
2125	6	2009	102
172	1	402	063
2169	6	29	067
6303	17	6304	158
3189	12	2040	135
380	6	30	107
8301	23	3060	103
199	1	189	035
3034	10	2963	154
711	1	28	076
771	1	629	039
2069	6	1561	038
3237	12	116	094
2119	6	2045	119
44	6	30	110
7847	23	2966	159
702	6	28	137
2074	6	405	092
794	1	478	116
3833	14	3495	068
178	1	179	044
2729	23	2966	145
1133	6	30	102
3197	12	2055	152
3713	14	3495	034
2539	9	2482	126
2917	9	2593	148
3231	12	29	058
7789	17	6601	158
8779	23	2989	110
2729	23	2966	129
195	1	189	136
1941	6	2045	004
734	15	4977	072
1912	6	2179	028
2693	12	28	037
578	1	28	083
4899	14	3623	150
3237	12	116	068
2119	6	2045	126
3521	14	3437	107
1894	23	2920	068
2069	6	2018	147
6414	23	2935	092
3206	12	2082	054
759	1	28	152
3101	11	3102	063
2026	6	30	130
636	1	172	045
443	1	416	023
2615	9	2476	160
478	1	444	112
205	6	30	097
702	6	28	118
659	1	341	149
3211	14	3428	075
2113	6	29	147
2808	9	2517	148
100	6	30	026
2068	6	173	077
3143	11	3087	108
742	1	748	140
363	1	364	151
169	6	173	021
2867	9	2517	158
1525	6	29	048
1429	6	30	086
1133	15	4990	105
6247	23	2935	057
178	6	116	087
845	1	28	114
2116	6	2018	103
1525	6	29	063
3187	12	2055	152
3713	14	3495	040
2917	10	2942	145
2539	9	2540	095
431	1	189	012
2845	10	2977	104
83	6	29	138
1592	6	30	050
2587	9	2476	114
6247	23	2935	071
12528	23	12532	133
2693	12	28	021
2074	6	171	156
303	1	416	008
3206	12	2082	071
381	1	259	051
1941	6	2008	076
2917	9	2593	123
3053	23	12505	018
2909	9	2593	143
2022	6	2023	145
675	15	4990	030
2156	6	30	098
3142	14	3519	069
292	1	120	108
659	1	341	003
796	15	4990	125
8301	23	3060	082
2003	6	30	057
2003	6	2019	140
198	1	189	144
2006	6	29	150
100	6	30	006
759	1	28	120
2911	10	2720	152
6006	17	5818	042
188	1	189	064
169	6	402	143
6247	23	12509	045
2501	10	2935	161
2065	6	2040	050
2693	14	3469	160
1939	15	5024	160
607	15	4990	123
205	1	207	028
446	1	402	138
675	6	405	117
3187	23	12518	120
1644	1	207	140
292	1	120	038
584	6	259	076
1525	6	29	060
659	1	341	108
428	6	259	063
799	1	766	152
88	6	29	156
509	6	30	049
6006	17	5818	077
3166	23	12532	129
2003	6	30	026
2119	6	2045	084
6726	23	2966	012
2068	6	173	069
2589	9	2517	142
444	1	445	161
1525	6	29	038
7847	23	2966	098
1931	6	115	138
2729	23	2966	095
2615	9	2593	124
4899	14	3623	156
711	1	28	007
2102	6	2040	141
2035	6	2009	130
1910	14	3956	128
2130	6	2027	150
509	15	4977	151
1502	1	416	107
2130	6	2008	034
7847	23	2966	135
2587	9	2476	132
2693	11	3087	115
2047	6	2048	161
292	1	120	090
613	1	416	139
381	6	405	087
578	1	28	084
796	15	4990	000
3577	14	3437	140
597	15	5088	075
6247	23	2935	154
578	1	28	059
3143	11	3087	106
6247	23	12509	130
711	1	28	089
228	1	229	029
702	1	28	015
2026	6	30	047
2169	6	29	097
6247	23	12509	117
19	6	2045	008
2836	17	5818	148
2693	11	3087	120
6247	23	12509	096
2035	6	2009	095
968	1	408	071
3218	12	2018	056
478	1	444	089
2719	9	2720	151
2055	15	4969	159
215	1	189	104
771	6	30	045
2126	6	2008	032
284	6	2040	126
2169	6	29	156
113	6	29	160
8708	17	5947	147
800	1	416	125
2130	6	2008	070
2615	9	2593	157
3166	23	12532	145
25	15	5024	097
2587	9	2588	138
509	6	30	125
1975	6	2009	109
2020	6	2008	046
734	15	4977	158
1912	6	405	106
3106	11	3087	141
113	6	30	037
2808	10	2924	089
2903	11	3089	136
205	6	2019	131
1502	1	416	082
196	1	189	042
8779	23	2989	146
303	1	416	007
1894	23	2920	003
2069	6	1561	057
6247	23	2935	147
3190	12	2120	107
3209	12	30	099
4885	17	8813	063
380	6	30	072
2911	9	2482	090
3113	11	3102	056
711	1	28	084
702	1	28	117
2785	9	2593	121
2059	6	2060	111
2547	9	2482	160
509	6	30	015
1976	6	229	063
381	6	405	107
2074	6	405	090
215	1	189	134
2026	6	30	095
2169	6	29	114
198	1	189	153
626	6	46	148
381	6	405	094
1592	6	30	018
584	6	259	039
1547	6	29	146
1133	6	30	087
47	1	30	081
3237	12	116	122
431	1	189	114
759	1	28	142
630	6	30	031
759	1	28	063
765	6	30	120
4886	14	4560	143
2587	9	2476	157
172	1	402	085
846	1	397	149
2127	6	171	018
12	1	14	140
380	6	30	052
1958	6	2061	090
6247	23	2935	108
113	6	30	044
3113	11	3102	053
3187	23	12518	137
2811	9	2517	160
284	1	189	110
2845	14	3956	142
25	6	30	062
7847	23	2966	020
205	1	207	134
196	1	189	060
205	6	30	126
810	1	416	085
169	1	173	102
3036	14	3922	061
584	6	259	067
12528	23	12532	089
2911	10	2720	127
2119	6	2045	082
197	1	189	002
613	1	416	120
8301	23	3060	041
2693	11	3087	118
47	6	30	060
1644	1	207	056
6247	23	12509	154
1941	6	2045	009
1133	15	4990	097
3218	12	2018	097
2026	6	30	094
810	1	416	155
711	1	28	094
607	15	4990	097
1525	6	29	133
478	1	444	001
659	1	341	145
3064	23	12505	092
3205	12	2055	158
509	15	4977	060
1947	6	405	111
473	6	2040	089
2168	6	173	060
1363	1	27	078
488	1	30	128
3231	12	29	065
675	15	5120	050
2119	6	2120	082
3200	12	2055	094
195	1	189	111
2465	14	3495	130
3064	23	12505	012
431	1	189	050
2583	9	2476	148
1958	6	2009	097
822	1	416	066
1894	23	2920	064
5308	15	5088	003
5168	15	5088	147
765	1	766	151
6247	23	12509	109
284	6	2040	089
509	15	4977	081
381	1	259	071
765	6	29	147
4885	17	8813	080
2663	17	5816	141
1133	15	4990	101
4568	23	2946	078
2030	6	2009	131
480	15	4990	016
47	6	30	068
2015	6	115	140
3784	14	3764	152
5308	15	5088	100
2583	20	5762	128
480	1	481	161
711	1	28	096
2845	10	2977	097
1363	1	119	153
2688	9	2517	148
3101	11	3102	140
675	6	171	153
9308	20	5762	154
17	6	30	072
3209	12	30	021
613	1	416	134
7184	20	6706	145
2153	6	332	131
303	1	416	084
1956	6	2009	111
2168	6	173	073
215	1	189	009
8431	17	6465	130
44	6	46	133
188	1	189	009
2030	6	2045	010
2142	6	2008	042
431	1	189	069
2073	6	2008	072
2729	23	2966	068
3225	23	2938	025
2074	6	2075	048
2003	6	30	122
228	1	229	074
196	1	189	039
2113	6	29	127
2615	9	2517	125
2539	9	2540	083
3216	12	2155	056
832	1	416	138
12528	23	12532	015
2909	9	2720	138
431	1	189	137
1958	6	2061	044
675	15	4990	057
702	6	28	024
380	6	30	049
55	6	30	042
1912	6	2179	003
2033	6	29	152
2127	6	171	073
195	1	189	109
2020	6	2008	076
473	1	416	070
822	1	416	126
2845	14	3956	132
488	1	30	086
2057	6	173	058
3064	23	12505	151
3143	11	3087	033
796	15	4990	057
6414	23	2935	121
1912	6	259	070
1429	6	30	032
113	6	550	133
2026	6	30	129
2156	6	30	096
260	1	189	072
771	1	629	016
1956	6	2009	086
7847	23	2966	157
2845	10	2977	094
172	1	402	122
3193	12	2155	034
113	6	30	058
258	1	259	060
610	1	416	087
1502	1	416	120
1871	4	1839	102
2030	6	2008	058
2729	23	2966	040
7146	23	12532	027
6247	23	12509	038
2030	6	2009	116
381	1	405	143
3206	12	2120	077
659	1	341	047
2102	6	2040	081
2809	9	2705	109
213	1	189	013
2003	6	30	028
3187	23	12518	102
509	15	4977	005
3211	12	2120	137
629	1	30	057
396	6	30	054
1922	6	2018	151
3211	12	2082	052
446	1	259	031
260	1	189	161
597	15	5088	121
1593	1	1594	093
2126	6	2009	094
3130	14	3437	139
636	1	172	032
2696	9	2476	072
6247	23	2935	072
2119	6	2045	113
2121	6	402	134
2836	17	5818	153
2119	6	2045	129
728	1	405	101
7789	23	12532	019
1956	6	2009	119
1502	1	416	092
6006	17	5818	055
25	6	30	068
1958	6	2061	031
443	1	416	113
3217	12	28	044
6414	23	2935	086
2729	23	2966	082
480	15	5067	091
1959	6	2008	037
260	1	189	159
811	1	416	089
7146	23	12532	054
2033	6	29	151
3187	12	2055	129
1592	6	30	040
8779	23	2989	030
2917	10	2942	121
198	1	189	121
44	6	30	095
3219	12	2027	108
2693	12	28	045
2809	17	5935	151
1930	15	4977	141
25	15	4990	130
2809	17	5817	156
25	15	4990	005
188	1	189	125
478	1	444	006
2539	9	2482	111
3200	12	2055	091
1363	1	27	051
3064	23	12505	017
630	6	29	136
100	6	30	037
196	1	189	072
2808	9	2517	100
3193	12	2155	056
17	1	18	121
2102	6	2040	084
197	1	189	063
2142	6	2027	132
1644	15	5088	139
113	6	30	059
2121	6	405	087
2113	6	29	132
17	6	30	093
2130	6	2027	146
1959	6	2009	115
2945	14	3623	157
17	6	30	090
702	1	28	003
2729	23	2935	144
1922	6	2018	092
188	1	189	074
2135	6	2008	037
1567	1	589	152
113	6	30	021
381	6	405	050
480	15	4990	133
702	1	28	140
2785	9	2520	118
3166	23	12532	137
1133	15	4990	119
428	15	5024	155
406	1	408	076
2785	9	2593	157
196	1	189	124
758	1	759	154
1930	15	4977	068
2809	17	5816	147
765	6	30	076
6006	17	5818	072
364	1	28	161
2135	6	2031	156
578	1	28	088
113	6	30	101
845	1	28	038
2119	6	2120	081
69	1	72	098
1429	6	173	012
8779	23	2989	092
2962	10	2963	119
172	1	402	117
2030	6	2008	048
6247	23	12509	035
2917	10	2942	059
636	1	172	128
292	1	120	143
4613	14	3495	027
3209	12	30	129
2047	6	171	094
2059	6	2061	071
2693	12	28	015
19	6	2009	129
1593	1	1594	023
2867	9	2588	141
2916	9	2517	137
2984	10	2946	105
702	1	28	030
2006	6	29	006
228	6	2040	140
480	15	4990	071
3219	12	2027	050
3225	23	2938	089
205	6	30	036
473	6	2040	150
69	1	72	079
199	1	189	075
2130	6	2045	017
2073	6	2009	103
3189	12	2040	023
845	1	28	016
3113	11	3102	095
169	1	173	097
2688	9	2517	160
3225	12	2155	148
771	1	629	132
845	1	28	003
9366	20	6780	147
428	15	5024	113
198	1	189	128
2022	6	2123	131
2157	6	2120	145
197	1	189	081
44	5	25	011
2903	12	170	160
2916	9	2517	120
2047	6	171	159
284	1	189	101
205	15	4990	049
260	1	189	088
1970	6	2040	135
3190	12	2120	101
19	6	2045	010
811	1	416	094
1393	6	29	158
845	1	28	135
845	1	28	117
2068	6	173	029
205	15	4990	159
7847	23	2966	008
188	1	189	055
3193	12	2155	051
2116	6	2018	088
675	15	5120	040
2127	6	171	025
3225	23	2938	032
629	1	30	026
6247	23	12509	128
2911	10	2720	089
509	6	30	102
1644	1	207	151
1961	6	2009	118
2729	23	2966	002
675	15	5120	041
1912	6	259	080
613	1	416	097
406	1	408	096
44	6	30	052
3209	12	30	064
303	1	416	096
1502	1	416	061
2911	9	2482	111
3053	23	12505	077
675	15	5120	150
44	5	25	014
1592	6	30	098
734	15	4977	110
8957	23	2922	114
588	6	30	033
2119	6	2008	045
636	1	172	117
2119	6	2045	107
578	1	28	091
675	6	405	124
734	15	4977	086
3237	12	116	125
478	1	444	114
509	15	4977	126
3200	12	2055	144
7146	23	12532	005
2972	10	2924	156
629	1	28	160
88	6	30	042
2140	6	2008	038
228	6	2040	098
3113	11	3102	151
832	1	416	114
846	1	397	052
771	6	30	065
3130	14	3437	130
473	1	416	103
2811	9	2517	098
428	6	405	102
1363	1	27	091
17	1	1561	020
675	1	320	147
3577	14	3437	062
2047	6	171	084
3577	14	3437	141
2845	10	2977	112
1133	15	4990	110
3142	14	3793	066
630	6	30	113
480	15	4990	119
3216	12	2155	058
44	6	30	120
6414	23	2935	148
197	1	189	073
3200	12	2055	103
2808	9	2517	105
2917	10	2942	113
2030	6	2009	130
831	1	416	101
3192	12	2155	056
2065	6	2040	119
2003	6	2038	001
17	6	30	115
6006	17	5818	137
734	15	4977	102
1429	6	30	042
1363	1	27	004
2102	6	2040	115
284	6	2040	139
2917	10	2942	078
636	1	172	144
205	1	207	129
178	6	115	151
2135	6	2045	012
968	1	408	012
488	1	30	090
2909	9	2720	011
2644	10	2924	052
55	6	30	023
734	15	4977	160
3101	11	3102	101
2030	6	2009	106
8957	23	2922	115
284	6	2008	050
3106	11	3087	153
399	1	405	104
800	1	416	027
6247	23	12509	063
1931	6	116	125
2006	6	29	160
3064	23	12505	050
197	1	189	066
2845	9	2518	090
1912	6	259	059
759	1	28	105
473	6	2082	035
215	1	189	039
675	15	5120	152
2539	9	2540	080
3219	12	2027	026
597	15	5088	154
3064	23	12505	083
810	1	416	039
3187	23	12518	131
12	1	14	135
588	6	30	099
44	6	30	050
1922	6	2018	130
742	1	748	099
28	1	29	157
380	6	30	116
8779	23	2989	017
169	1	171	151
44	1	46	149
9121	17	5818	142
2138	6	2045	018
578	1	28	108
832	1	416	002
228	1	229	033
1889	23	2922	160
613	1	416	037
675	6	405	098
473	1	416	062
197	1	189	048
2126	6	2008	056
169	6	405	117
2138	6	2009	091
1894	23	2920	045
2065	6	2040	071
1133	15	4990	062
3237	12	116	149
728	1	405	062
3106	11	3087	060
364	1	28	159
2615	9	2476	144
728	1	405	050
2729	23	2966	001
100	6	28	133
284	1	189	159
3101	11	3102	009
2836	9	2705	141
25	15	5024	098
8957	23	2922	075
2135	6	2008	075
2126	6	2009	127
771	6	30	043
2068	6	2027	134
630	6	30	100
2102	6	2008	061
1958	6	2061	072
6480	17	5896	150
2073	6	2009	129
846	1	397	117
630	6	30	029
3101	11	3102	104
199	1	189	114
211	1	189	159
169	6	173	048
188	1	189	152
212	1	189	090
5168	15	5088	140
630	6	30	104
2156	6	30	081
818	1	416	067
3113	11	3102	063
25	6	30	031
3053	23	12505	113
1976	6	229	018
1593	1	1594	096
1547	6	29	155
473	6	2040	133
630	6	29	140
2047	6	171	146
443	1	416	025
1525	6	29	013
205	1	207	074
811	1	416	142
2116	6	2061	033
810	1	416	129
215	1	189	086
659	1	341	086
2126	6	2008	047
588	6	30	116
3866	14	3487	085
3053	23	12505	001
8779	23	2989	080
3225	23	2989	000
2809	9	2705	138
2026	6	30	071
759	1	28	144
1939	15	5024	155
1644	1	207	025
6247	23	12509	102
169	6	402	138
142	6	29	154
3225	23	2989	011
2589	9	2517	152
675	15	5120	066
1486	6	29	154
2127	6	171	158
25	15	5024	047
172	1	402	044
1958	6	2061	034
17	6	30	081
1961	6	2009	089
734	15	4977	002
800	1	416	073
1930	15	4977	112
3186	12	2155	141
169	6	173	007
17	6	30	026
1956	6	2009	109
5308	15	5088	114
444	1	405	107
846	1	397	034
2507	9	2476	160
292	1	120	089
6414	23	2935	088
7847	23	2966	084
659	1	341	021
199	1	189	004
968	1	408	067
2071	6	30	030
6414	23	2935	013
845	1	28	059
2030	6	2045	008
2138	6	2009	119
6247	23	2935	086
1502	1	416	155
728	1	405	063
3225	23	2938	024
2110	6	171	158
2030	6	2009	103
1947	6	2027	150
431	1	189	125
3101	11	3102	032
831	1	416	112
2822	14	3475	140
169	1	173	025
3189	12	2040	157
1894	23	2920	002
2693	12	28	023
2057	6	173	078
205	1	207	055
2113	6	29	130
178	1	179	056
702	1	28	034
2903	11	3089	150
3036	10	2924	056
8723	17	5818	084
5308	15	5088	018
3166	23	12532	034
3166	23	12532	119
17	6	2044	132
509	15	4977	016
8735	17	5947	149
428	6	2055	023
728	1	405	040
2972	10	2924	154
2047	6	171	143
2945	14	4034	121
702	1	28	131
1133	6	30	132
2127	6	171	096
588	6	30	104
2615	9	2593	122
2663	17	5935	150
443	1	416	028
2845	14	3956	154
6247	23	12509	153
5168	15	5088	158
69	1	72	078
2587	9	2588	157
428	6	259	057
4886	14	3711	128
3189	12	2040	151
2065	6	2040	140
2113	6	29	155
3190	12	2120	118
12497	22	10627	155
211	1	189	083
1592	6	30	074
2057	6	173	074
380	6	30	015
212	1	189	113
2135	6	2008	059
205	6	30	082
2153	6	30	081
3216	12	2155	031
292	1	120	053
3025	10	3026	084
2693	12	28	114
1860	9	2517	159
771	1	629	021
7789	23	12532	117
2030	6	2032	140
1863	17	1856	143
2073	6	2008	074
3219	12	2027	142
431	1	189	154
399	1	402	141
2539	9	2540	076
178	6	116	021
12345	22	9574	149
2916	9	2517	151
610	1	416	079
796	15	4990	130
1871	12	2155	010
44	6	30	079
1975	6	2009	082
1592	6	30	094
2696	9	2476	113
2465	14	3415	137
215	1	189	008
659	1	341	056
832	1	416	039
188	1	189	057
25	15	4990	069
195	1	189	050
2688	9	2517	114
1922	6	2061	058
198	1	189	012
2142	6	2008	054
3190	12	2084	025
2138	6	2008	025
1956	6	2008	028
2693	12	28	131
3211	12	2120	161
7146	23	12532	037
2119	6	2008	053
771	1	629	017
796	15	4990	087
1912	15	5024	138
675	15	5120	123
2909	9	2720	118
100	6	30	045
205	15	4990	079
6414	23	2935	047
284	6	2008	059
212	1	189	111
1930	15	4977	122
2945	14	4034	098
2102	6	2040	075
3216	12	2155	100
6414	23	2935	094
3178	11	3087	161
3209	12	30	061
381	1	259	053
3577	14	3437	064
1912	6	259	068
198	1	189	134
7847	23	2966	033
829	15	5088	148
2135	6	2009	129
1931	6	115	139
211	1	189	046
25	15	4990	146
406	1	408	018
2909	9	2593	037
3622	14	3509	065
2693	11	3087	136
3217	12	28	073
2169	6	29	144
1941	6	2008	021
2153	6	2027	138
428	6	259	069
3211	12	2082	060
12	1	14	089
1894	23	2920	097
12	1	14	024
2644	9	2593	137
1975	6	625	141
428	6	405	095
2677	9	2610	159
2615	9	2517	130
765	6	30	013
12528	23	12532	129
2113	6	29	015
19	6	2044	160
428	15	5024	128
1930	15	4977	130
584	6	405	126
2116	6	2061	022
3231	12	29	112
509	15	4977	150
428	6	2043	084
4890	14	4228	037
3206	12	2082	006
3231	12	29	161
2903	12	170	134
178	6	115	152
406	1	408	020
1567	1	589	150
2119	6	2120	135
1956	6	2009	126
381	1	259	029
6247	23	12509	156
675	15	4990	029
1970	6	2084	030
195	1	189	099
1502	1	416	084
8957	23	2922	153
2105	6	30	014
2030	6	2008	022
598	6	2019	140
199	1	189	104
17	1	18	073
284	1	189	114
488	1	30	121
142	6	30	037
759	1	28	156
2168	6	173	061
6247	23	12509	035
7847	23	2966	091
2663	17	6190	157
2130	6	2009	094
215	1	189	115
169	6	173	074
2071	6	30	056
1958	6	2061	002
178	6	115	138
1922	6	2018	137
178	1	179	037
1133	15	4990	125
675	15	4990	014
7847	23	2966	072
1947	6	173	040
2130	6	2008	071
6726	23	2966	143
1133	6	30	076
2142	6	2031	156
3577	14	3437	080
3064	23	12505	122
12528	23	12532	090
2003	6	30	126
675	15	5120	129
2663	17	6190	147
3093	17	6011	156
2121	6	2122	014
2119	6	2120	084
142	6	2044	157
3206	12	2120	084
17	1	18	119
2809	17	5935	148
12	1	14	048
3814	20	7092	154
25	6	30	117
1502	1	416	078
796	15	4990	048
6414	23	2935	098
205	6	2019	155
7146	23	12532	145
100	6	30	055
607	15	4990	110
88	6	30	109
2644	9	2593	112
2903	11	3089	070
2169	6	29	044
2068	6	405	111
771	6	29	152
2917	10	2942	107
7847	23	2966	086
3209	12	30	096
597	15	5088	157
675	6	171	149
428	6	402	137
2156	6	30	131
1429	6	2027	160
1910	14	3707	133
659	1	341	054
25	15	5024	135
88	6	30	027
613	1	416	085
3204	12	170	150
2809	17	5818	087
629	1	30	064
3218	12	2055	160
3113	11	3102	161
2587	9	2476	058
3204	12	170	144
2693	14	3468	137
7847	23	2966	134
3888	14	3762	017
3217	12	28	025
3143	11	3087	023
2945	14	4034	145
2130	6	2009	113
55	6	30	036
3732	14	3734	038
44	5	25	151
6247	23	2935	129
3101	11	3102	116
3211	12	2082	019
6247	23	2935	135
428	6	402	134
2909	9	2593	156
5168	15	5088	089
1133	6	30	074
831	1	416	111
8708	17	7697	159
113	6	30	131
2809	9	2705	123
578	1	28	035
2030	6	2008	021
2113	6	29	138
711	1	28	079
968	1	408	100
1894	23	2920	081
2068	6	2027	143
3187	23	12518	121
1851	10	3056	151
3106	11	3087	072
812	1	416	148
197	1	189	019
2845	9	2518	085
2587	9	2476	115
3064	23	12505	051
2836	17	5818	144
6414	23	2935	125
2178	6	2111	130
5308	15	5088	033
100	6	30	110
759	1	28	100
3190	12	2084	028
44	6	30	023
2057	6	173	033
3866	14	3487	130
381	1	259	045
2030	6	2009	104
7789	23	12532	128
44	5	25	073
3225	23	2989	051
675	6	405	110
2693	12	28	100
44	5	25	088
4659	14	3793	078
478	1	444	106
2773	14	3463	086
2644	10	2924	048
675	15	5120	128
2135	6	2145	152
1592	6	30	036
845	1	28	093
3166	23	12532	004
2105	6	2027	145
2696	9	2476	063
2026	6	30	114
2729	23	2935	138
7146	23	12532	040
3755	14	3495	133
3219	12	2027	104
1970	6	2084	054
2125	6	2009	130
3178	11	3087	160
2059	6	2061	028
734	15	4977	085
178	1	179	036
2144	6	2009	094
3106	11	3087	084
2809	17	5818	111
2138	6	2018	140
3218	12	2018	123
211	1	189	041
2065	6	2040	008
3193	12	2155	101
1959	6	2018	156
8767	20	7092	136
3225	23	2989	048
260	1	189	158
2142	6	2009	109
88	6	30	070
1922	6	2018	141
2156	6	30	017
1133	6	30	129
2903	11	3089	095
1593	1	1594	087
2773	9	2517	118
25	15	5024	119
406	1	408	129
584	1	259	030
3231	12	29	153
6726	23	2966	086
1959	6	2018	142
2022	6	2123	141
3205	12	2055	160
260	1	189	071
55	6	29	152
765	6	30	100
446	1	402	147
3101	11	3102	047
1133	15	4990	107
629	1	28	148
1644	1	207	086
2153	6	2027	146
728	1	405	076
818	1	416	006
720	1	28	069
2917	10	2942	124
1525	6	29	039
19	6	2008	039
2587	9	2588	047
1947	6	405	115
6247	23	2935	068
2138	6	2009	090
1976	6	229	069
796	15	4990	071
7789	23	12532	079
4568	23	2946	064
6414	23	2935	136
284	6	2008	079
25	15	5024	059
2688	9	2517	155
1894	23	2920	083
2105	6	30	117
771	6	30	066
2033	6	29	149
794	1	478	117
473	6	2082	037
2836	9	2705	153
197	1	189	014
2102	6	2040	118
69	1	72	011
443	1	416	141
742	15	4990	117
1863	9	2560	149
2984	10	2946	124
113	6	30	110
728	1	259	058
284	6	2040	082
818	1	416	158
2113	6	29	135
2696	9	2476	027
2026	6	2029	009
199	1	189	121
812	1	416	098
396	6	30	127
1525	6	29	090
2026	6	2027	150
598	6	30	088
720	1	28	140
2071	6	30	080
2644	9	2593	086
12528	23	12532	046
610	1	416	146
711	1	28	109
2822	17	6706	120
25	15	5024	127
6247	23	12509	076
2663	9	2588	147
3225	23	2938	080
607	15	4990	129
2867	9	2588	144
396	6	30	002
2140	6	2008	032
406	1	408	103
1894	23	2920	079
3106	11	3087	101
113	6	30	063
711	1	28	149
1525	6	29	161
446	1	259	037
3219	12	2027	070
7847	23	2966	133
4646	14	3509	139
2142	6	2008	071
2030	6	2008	052
6247	23	12509	052
796	15	4990	115
3187	23	12518	081
1975	6	2008	070
2688	9	2517	120
12528	23	12532	060
205	1	207	059
3217	12	28	010
3193	12	2155	103
728	1	405	121
598	6	30	054
473	1	416	084
759	1	28	065
4568	23	2946	112
1871	12	2155	004
2143	6	2045	004
2663	17	6190	153
4885	17	8813	029
1930	15	4977	131
7789	23	12532	094
44	6	30	004
3225	23	2938	047
2126	6	2009	092
2909	9	2593	014
3225	23	2938	046
443	1	416	034
3866	14	3487	119
25	15	4990	013
597	15	5088	151
2008	9	259	062
1961	6	2008	073
1956	6	2008	034
2587	9	2476	139
199	1	189	141
2127	6	171	024
3216	12	2155	142
765	1	766	150
2021	6	405	123
1502	1	416	007
2130	6	2008	048
765	6	29	160
2917	9	2593	061
1956	6	2045	015
509	15	4977	026
3216	12	2155	082
702	6	28	116
3866	14	3487	070
702	1	28	019
822	1	416	092
169	1	172	144
2135	6	2009	099
480	15	4990	040
588	6	589	148
2127	6	171	003
1502	1	416	011
2105	6	30	126
6414	23	2935	051
1363	1	119	161
2587	9	2588	082
7146	23	12532	072
3186	12	2155	160
2663	17	5817	131
720	1	28	017
3190	12	2120	093
771	6	30	003
381	6	405	098
630	6	30	053
3130	14	3509	148
1975	6	2009	110
100	6	30	079
1931	6	116	130
675	15	4990	024
2984	10	2946	141
3219	12	2027	036
55	6	30	129
597	15	5088	061
169	1	173	123
4899	14	3623	141
2003	6	2019	147
1502	1	416	058
728	1	405	045
968	1	408	087
2069	6	1561	055
675	15	5120	072
2615	9	2517	153
188	1	189	037
428	15	5024	131
2539	9	2482	136
6247	23	2935	155
2006	6	29	097
1958	6	2061	070
284	6	2040	134
2138	6	2018	159
702	1	28	052
1956	6	2008	074
2916	9	2517	104
702	1	28	106
2105	6	30	039
2119	6	2120	114
1947	6	405	114
771	1	629	046
47	6	30	099
188	1	189	136
1910	14	3707	142
742	1	748	126
7789	23	12532	070
415	1	416	147
822	1	416	122
83	6	29	158
142	6	30	093
7789	17	6304	159
1894	23	2920	018
284	6	2008	048
2583	9	2476	133
292	1	120	102
215	1	189	068
2719	9	2720	153
3193	12	115	160
197	1	189	108
69	1	72	141
44	6	30	003
199	1	189	102
578	1	28	040
260	1	189	043
742	1	748	087
399	1	405	100
2660	15	4969	160
3521	14	3437	114
2022	6	2023	150
195	1	189	005
1860	9	2517	114
3200	12	2055	101
2047	6	171	027
3206	12	2120	154
2809	17	5817	095
178	6	115	153
2845	14	3956	127
1592	6	30	125
2102	6	2040	105
228	1	229	036
2020	6	2018	136
2127	6	171	087
675	15	4990	121
2539	9	2540	082
1894	23	2920	010
7789	23	12532	123
205	1	207	071
196	1	189	026
675	15	5120	030
2119	6	2045	000
2110	6	171	156
3101	11	3102	005
480	15	4990	022
2105	6	30	020
2663	17	5818	150
188	1	189	059
1593	1	1594	129
702	6	28	091
178	1	179	087
1593	1	766	156
2068	6	405	090
1922	6	2018	135
4899	14	3623	140
2110	6	171	152
2121	6	405	104
613	1	416	124
2729	23	2935	012
3064	23	12505	006
478	1	444	151
12016	22	9574	156
2033	6	29	148
2125	6	2009	124
2903	11	3089	074
2729	23	2935	072
5308	15	5088	133
1956	6	2009	090
1486	1	397	146
7449	17	6566	150
8210	17	6331	147
2836	9	2705	036
711	1	28	158
2729	23	2935	143
3216	12	2155	081
2583	9	2476	136
3577	14	3437	006
3101	11	3102	115
3101	11	3102	034
8957	23	2922	105
196	1	189	048
2006	6	29	031
188	1	189	138
228	6	229	011
6247	23	2935	158
25	6	30	050
28	6	29	150
2539	9	2540	078
2119	6	2008	049
17	6	30	077
2979	10	2924	128
12528	23	12532	149
822	1	416	007
1941	6	2009	131
800	1	416	071
2945	14	3623	146
597	15	5088	068
2047	6	171	039
5168	15	5088	141
2808	9	2517	130
2144	6	2009	128
1922	6	2061	057
629	1	30	130
195	1	189	161
2101	6	2040	091
3187	12	2055	118
446	1	259	064
478	1	444	008
1860	9	2517	100
12	1	14	056
8957	23	2922	158
2113	6	29	050
473	6	2082	062
2068	6	173	063
169	6	402	147
2130	6	2008	035
2021	6	405	099
5308	15	5088	009
1644	1	207	072
228	6	229	056
1941	6	2009	098
2116	6	2018	083
675	1	320	092
2696	9	2476	061
2845	9	2518	087
12528	23	12532	097
197	1	189	033
3225	23	2989	102
598	6	30	128
3036	10	2924	060
205	6	30	056
6247	23	2935	033
55	6	30	002
2867	9	2588	137
2917	10	2942	075
812	1	416	115
118	1	120	148
3211	12	2082	038
2138	6	2009	125
25	15	5024	145
2130	6	2009	118
630	6	30	096
2127	6	171	156
88	6	30	050
142	6	30	111
846	1	397	064
2696	9	2476	151
5308	15	5088	050
2169	6	29	017
4054	14	3623	099
675	1	320	112
473	1	416	002
2583	9	2476	145
260	1	189	026
12528	23	12532	021
2903	12	170	154
1593	1	1594	037
2729	23	2966	047
3143	11	3087	056
2073	6	2009	119
6006	17	5818	130
2074	6	2075	067
2030	6	2032	133
3211	12	2082	015
3866	14	3487	155
25	15	5024	079
3231	12	29	137
1502	1	416	012
607	15	4990	103
55	6	30	060
3225	23	2989	042
702	1	28	144
2785	9	2593	141
2663	17	5816	153
832	1	416	072
3209	12	30	124
2909	9	2593	077
19	6	2009	127
831	1	416	105
2026	6	30	124
2071	6	30	095
1644	1	207	148
1894	23	2920	109
195	1	189	037
443	1	416	146
6247	23	2935	094
205	1	207	021
205	6	30	083
3866	14	3487	107
845	1	28	060
2101	6	2040	085
1894	23	2920	143
431	1	189	156
431	1	189	115
188	1	189	022
2071	6	30	129
205	1	207	048
3190	12	2120	108
1976	6	2040	121
1911	4	1839	105
794	1	478	152
6414	23	2935	144
100	6	30	076
2909	9	2720	036
2808	9	2517	139
9308	20	5762	156
3193	12	2155	074
2153	6	2029	005
4723	14	3496	004
597	15	5088	116
818	1	416	138
2030	6	2009	109
2592	9	2593	105
3029	17	5947	149
211	1	189	133
2962	23	2963	089
3231	12	29	136
1133	6	30	117
380	6	30	051
3217	12	28	122
5168	15	5088	137
2135	6	2145	143
55	6	30	080
3143	11	3087	098
1841	23	2997	139
2845	14	3956	111
211	1	189	132
765	1	766	160
2065	6	2040	020
44	6	550	132
2119	6	2008	067
2119	6	2120	098
415	1	416	099
178	6	115	159
2587	9	2588	090
675	15	4990	048
793	1	341	160
6247	23	12509	125
3053	23	12505	003
284	1	189	146
2729	23	2935	104
1525	6	29	092
3065	23	12519	159
3237	12	116	087
169	6	173	050
2020	6	2008	038
1922	6	2018	115
3144	23	12529	154
2130	6	2008	044
4613	14	4132	030
443	1	416	101
845	1	28	041
2138	6	2008	078
2020	6	2009	123
3217	12	28	134
3225	23	2938	017
55	6	30	047
2035	6	2066	161
292	1	119	158
846	1	397	041
380	6	30	087
2785	9	2520	152
2811	9	2517	119
215	1	189	140
3231	12	29	033
2663	9	2476	149
675	15	4990	125
25	15	4990	009
1976	6	2040	107
1567	1	590	143
228	1	229	070
702	1	28	067
846	1	397	108
7789	23	12532	130
597	15	5088	029
25	15	5024	076
2836	9	2705	030
1133	6	30	085
613	1	416	015
2600	9	2476	159
799	1	773	144
169	6	405	112
205	15	4990	122
2127	6	171	090
3577	14	3437	016
610	1	416	021
1947	6	405	091
3866	14	3487	118
2074	6	405	104
2644	9	2593	039
228	6	229	081
1975	6	2009	115
213	1	189	130
55	6	30	114
169	1	173	129
3193	12	2155	089
796	15	4990	102
607	15	4990	141
415	1	416	152
1947	6	173	037
3166	23	12532	107
3577	14	3437	074
2808	9	2517	153
3209	12	30	113
10636	22	9538	150
509	6	30	092
8779	23	2989	124
47	6	30	086
2113	6	29	044
1961	6	2009	103
832	1	416	119
675	15	4990	081
3231	12	29	015
2126	6	2009	128
3211	12	2120	097
1486	1	845	160
734	15	4977	133
12528	23	12532	041
2917	9	2593	092
771	1	629	096
3178	14	3469	154
2809	9	2705	127
2911	10	2720	136
211	1	189	056
598	6	30	067
8301	23	3060	119
759	1	28	005
509	6	30	120
11201	22	2157	145
2507	20	5762	160
3193	12	2155	024
2663	17	6190	156
2059	6	2060	108
2600	9	2476	160
771	6	30	093
169	1	173	118
1133	15	4990	153
3106	11	3087	089
446	1	171	148
8301	23	3060	074
5308	15	5088	117
2644	10	2924	054
2811	9	2517	125
44	5	25	013
1593	1	1594	033
734	15	4977	121
4885	17	8813	089
2845	10	2977	121
205	6	30	023
584	6	259	041
2026	6	2029	002
2809	17	5817	099
17	6	30	113
613	1	416	114
3106	11	3087	123
702	1	28	115
2696	9	2476	131
2696	9	2476	111
260	1	189	094
44	6	29	156
480	15	4990	149
47	6	30	071
2729	23	2966	006
630	1	631	156
607	15	4990	111
584	6	405	089
113	6	30	117
7847	23	2966	047
7146	23	12532	065
2069	6	2018	149
2916	9	2517	147
44	5	25	134
169	1	173	096
765	6	30	106
831	1	416	038
205	1	207	054
771	1	629	105
2644	9	2593	115
2102	6	2040	151
588	6	30	127
598	6	30	118
3211	12	2120	119
1502	1	416	056
212	1	189	084
2663	17	6190	151
199	1	189	146
197	1	189	089
480	15	4990	126
2020	6	2009	085
44	6	30	053
2102	6	285	011
759	1	28	106
1947	6	2027	148
1133	15	4990	021
1956	6	2009	115
2696	9	2476	022
771	6	30	079
2119	6	2045	047
228	6	2040	121
47	6	30	097
6247	23	12509	007
2909	9	2720	148
196	1	189	022
198	1	189	006
198	1	189	141
2719	9	2720	154
1133	15	4990	113
1133	6	30	044
69	1	72	113
3577	14	3437	031
3755	14	3495	147
1975	6	2008	033
196	1	189	050
8779	23	2989	002
734	15	4977	099
2105	6	2027	155
2169	6	29	064
3053	23	12505	008
6247	23	2935	021
3211	12	2082	003
1970	6	2040	102
1363	1	27	128
1363	1	27	138
1133	15	4990	053
610	1	416	051
399	1	405	126
7847	23	2966	038
211	1	189	036
1644	1	207	029
811	1	416	110
4568	23	2946	007
3833	14	3495	071
3216	12	2155	126
800	1	416	139
796	15	4990	078
169	6	173	016
1930	15	4977	006
4568	23	2946	042
759	1	28	027
284	1	189	119
2911	10	2720	091
188	1	189	100
1133	6	592	149
415	1	416	053
3218	12	2018	153
2836	9	2705	130
1958	6	2061	089
2945	14	4034	136
88	6	30	014
178	6	116	089
8957	23	2922	100
431	1	189	056
198	1	189	161
2006	6	29	047
1930	15	5024	156
3225	23	2938	015
480	15	5067	113
1922	6	2018	097
4646	17	6012	139
1958	6	2009	106
831	1	416	093
2116	6	2018	090
2069	6	1561	005
2074	6	173	081
846	1	397	071
2153	6	30	117
399	1	405	102
3713	14	3495	041
303	1	416	001
2069	6	1561	052
796	15	4990	039
7789	23	12532	060
734	15	4977	119
1133	6	30	025
1851	10	2997	159
5308	15	5088	120
195	1	189	112
734	15	4977	054
8779	23	2989	150
292	1	120	128
480	15	4990	108
3508	14	3436	155
172	15	5043	145
2105	6	30	026
2130	6	2009	084
3219	12	2027	063
629	1	30	043
659	1	341	033
6247	23	12509	050
3237	12	116	045
2006	6	29	022
44	6	30	012
1931	6	116	043
473	6	2082	058
2298	12	2155	155
629	1	30	099
188	1	189	054
2156	6	30	005
2003	6	30	098
6414	23	2935	079
3064	23	12505	095
845	1	28	045
380	6	30	000
1970	6	2040	131
2909	9	2593	001
2909	9	2720	114
2126	6	2009	103
1525	6	29	028
2071	6	30	037
6247	23	12509	081
1133	6	30	026
1912	6	171	148
2020	6	2009	097
1567	1	591	154
7789	23	12532	027
1959	6	2018	139
2845	14	3956	150
2035	6	625	147
675	15	4990	157
584	6	405	104
2059	6	2061	016
2583	9	2476	154
3237	12	116	064
765	1	766	154
3218	12	2018	089
1525	6	29	120
1133	15	4990	114
2615	9	2593	129
7789	23	12532	114
205	6	30	060
3200	12	2055	097
794	1	478	155
1956	6	2009	088
2153	6	29	155
443	1	416	071
630	1	631	159
2020	6	2008	035
2696	9	2476	150
11693	22	2157	156
2984	14	4897	077
303	1	416	048
675	15	4990	109
5252	15	5088	146
2138	6	2018	133
1930	15	4977	003
1871	12	2155	101
6726	23	2966	018
2911	17	5762	116
3219	12	2027	124
1502	1	416	098
3231	12	29	107
2539	9	2540	059
2127	6	171	011
2729	23	2966	089
406	1	408	132
2068	6	173	013
2003	6	2038	022
478	1	444	051
720	1	28	008
1956	6	2009	099
765	6	30	059
3101	11	3102	125
205	1	207	043
2644	9	2593	121
172	15	5043	161
2138	6	2009	089
509	6	30	105
2911	10	2720	092
2144	6	2018	138
488	1	30	093
711	1	28	009
380	6	30	102
44	5	25	138
2113	6	29	026
473	6	2082	060
2693	12	28	078
100	6	30	128
2135	6	2008	062
205	15	4990	103
3231	12	29	029
17	1	18	102
178	1	179	072
771	6	29	160
169	1	172	147
811	1	416	161
196	1	189	078
1502	1	416	153
1592	6	30	073
2903	11	3089	094
728	1	259	072
2845	14	3956	156
83	6	29	146
2105	6	30	125
2113	6	29	063
765	6	29	138
7847	23	2966	097
5308	15	5088	058
1970	6	2040	121
6247	23	2935	037
3434	14	3437	145
5308	15	5088	145
831	1	416	067
44	6	29	150
2047	6	171	034
6414	23	2935	020
2945	14	4034	120
2729	23	2966	155
113	6	46	134
55	6	30	041
831	1	416	026
2102	6	2008	044
3200	12	2055	126
3187	23	12518	066
1931	6	116	074
260	1	189	097
446	1	171	147
2696	9	2476	093
480	15	4990	118
1871	12	170	135
3053	23	12505	134
113	6	30	011
3190	12	2120	121
2168	6	173	082
3839	14	3496	030
636	1	172	002
2035	6	2009	128
2059	6	2061	000
2836	17	5818	150
196	1	189	085
1956	6	2009	108
2729	23	2966	118
12528	23	12532	020
2057	6	173	048
845	1	28	022
607	15	4990	101
196	1	189	025
2615	9	2476	124
2592	9	2593	126
2142	6	2009	114
509	15	4977	001
212	1	189	151
113	6	30	022
6726	23	2966	064
5308	15	5088	027
2845	14	3956	159
3218	12	2018	032
509	15	4977	132
69	1	72	060
25	15	4990	123
446	1	405	103
1970	6	2055	028
1976	6	229	038
480	15	5067	114
2140	6	2018	156
1912	6	259	053
169	1	173	104
428	6	405	114
6247	23	12509	103
2127	6	171	104
6247	23	12509	157
8301	23	3060	008
3866	14	3487	127
2592	9	2593	149
478	1	444	004
4613	14	3847	026
2057	6	173	065
1930	15	4977	031
3144	11	3087	161
2073	6	2008	020
2945	14	3623	128
7146	23	12532	007
2116	6	2061	039
6247	23	12509	060
2729	23	2966	048
588	6	30	040
6247	23	2935	098
1133	15	4990	079
2729	23	2935	006
142	6	30	099
2615	9	2476	117
2069	6	2018	158
1871	12	2155	014
381	1	259	076
196	1	189	077
2030	6	2009	086
19	6	2008	071
2119	6	2045	073
396	6	30	021
831	1	416	044
1947	6	173	074
6414	23	2935	071
2587	9	2476	082
3190	12	2120	144
443	1	416	129
2026	6	30	050
3924	14	3925	086
1525	6	29	051
832	1	416	035
630	6	30	052
303	1	416	110
28	1	29	149
636	1	172	052
728	1	405	048
11201	22	9756	149
822	1	416	117
630	6	30	092
113	6	30	108
1133	6	30	021
2065	6	2040	003
3866	14	3487	148
3755	14	3495	151
1871	12	170	151
3231	12	29	084
742	1	748	123
3187	12	2055	156
7789	23	12532	109
3101	11	3102	100
199	1	189	093
205	6	30	054
610	1	416	086
3187	23	12518	161
3217	12	28	133
215	1	189	099
2138	6	2045	011
6414	23	2935	007
2113	6	29	108
2102	6	2040	077
12	1	14	051
4684	14	3707	143
3577	14	3437	029
968	1	408	020
88	6	30	100
2140	6	2018	160
734	15	4977	004
509	6	29	161
2071	6	30	122
1975	6	2036	133
818	1	416	106
1958	6	2009	117
659	1	341	039
831	1	416	121
55	6	30	050
2909	9	2720	008
1976	6	2040	146
1941	6	2009	086
4646	20	6012	140
3190	12	2084	019
284	1	189	140
44	5	25	007
473	1	416	119
1133	15	4990	047
3065	23	12519	158
8779	23	2989	001
3064	23	12505	066
2845	14	3956	130
2696	9	2476	122
630	1	631	160
261	1	46	144
1593	1	1594	010
8779	23	2989	075
3216	12	2155	102
846	1	397	081
2903	11	3089	146
1644	1	207	105
845	1	28	063
509	6	30	057
2815	9	2816	160
1975	6	2008	056
2068	6	405	088
292	1	120	044
4568	23	2946	127
2845	9	2518	114
1525	6	29	054
3064	23	12505	010
2909	9	2593	131
2047	6	171	026
2116	6	2018	125
2539	9	2482	146
1592	6	30	041
2809	17	5817	106
2696	9	2476	056
831	1	416	074
659	1	341	156
3219	12	2027	099
380	1	1363	152
2909	9	2720	156
3143	11	3087	038
968	1	408	092
47	6	30	131
1947	6	2027	152
396	6	30	057
198	1	189	146
2135	6	2145	139
5252	15	5088	152
3225	23	2989	009
2693	12	28	035
3218	12	2018	155
113	6	30	129
284	6	2008	069
2169	6	29	129
2059	6	2061	064
2068	6	173	047
2119	6	2120	120
7169	20	6706	124
25	15	4990	156
2836	9	2705	029
228	1	229	060
800	1	416	076
2140	6	2008	055
1912	15	5024	131
2809	17	5816	137
2156	6	30	046
810	1	416	132
6247	23	12509	128
25	15	4990	105
6247	23	2935	018
2903	11	3089	102
711	1	28	024
2911	10	2720	097
205	1	207	063
2539	9	2540	148
630	1	631	155
2693	12	28	112
2130	6	2008	036
3193	12	2155	049
2916	9	2517	135
1976	6	229	071
205	1	207	118
443	1	416	045
213	1	189	016
6006	17	5818	109
1975	6	2009	090
2696	9	2476	024
2073	6	2027	132
5308	15	5088	034
2142	6	2009	116
8957	23	2922	124
17	6	30	118
6247	23	12509	046
3577	14	3437	128
846	1	397	033
2836	9	2705	042
3434	14	3437	147
3209	12	30	077
3025	10	3026	101
3211	12	2082	029
2909	9	2720	095
771	1	629	027
2729	23	2935	022
2945	14	3623	112
1871	12	2155	094
3217	12	28	086
2153	6	30	124
2030	6	2032	153
3189	12	2040	080
2020	6	2018	139
260	1	189	133
3189	12	2040	060
702	1	28	056
711	1	28	133
25	15	5024	140
3206	12	2120	106
1947	6	173	002
1976	6	229	061
759	1	28	139
3186	12	2155	137
55	6	30	105
1133	6	30	033
3219	12	2027	009
2979	10	2924	126
113	6	30	105
4885	14	3690	047
3064	23	12505	034
396	6	30	121
6726	23	2966	004
629	1	30	032
2845	10	2977	147
17	1	1561	021
588	1	591	155
1592	6	30	110
443	1	416	015
3217	12	28	011
303	1	416	028
169	1	173	116
213	1	189	104
2142	6	2008	026
1941	6	2044	139
399	6	171	155
2785	9	2520	121
2015	6	115	146
6247	23	12509	037
211	1	189	116
6247	23	12509	080
284	6	2008	064
2119	6	2120	160
3888	14	3495	020
2069	6	1561	013
1930	15	5024	158
765	6	30	125
205	15	4990	115
1502	1	416	126
711	1	28	086
380	6	30	033
2119	6	2120	143
3211	12	2082	001
2030	6	2008	018
480	15	4990	072
800	1	416	043
3225	23	2989	035
6006	17	5818	108
3211	12	2082	063
8957	23	2922	037
44	5	25	107
2909	9	2720	104
6247	23	2935	112
630	6	30	068
1894	23	2920	008
6247	23	12509	121
811	1	416	013
28	1	29	140
742	1	748	120
3036	10	2924	052
675	6	405	085
734	15	4977	159
771	6	30	072
796	15	4990	121
2903	12	170	143
578	1	28	006
480	15	4990	032
3113	11	3102	101
3209	12	30	050
2911	10	2720	154
228	6	229	046
2030	6	2009	098
1975	6	2009	127
613	1	416	052
4054	14	3623	113
2693	11	3087	142
607	15	4990	124
2059	6	2018	153
2140	6	2009	112
1592	6	30	116
1959	6	2008	067
4568	23	2946	022
675	15	4990	094
3211	12	2082	040
3166	23	12532	017
260	1	189	010
3425	14	3426	123
2073	6	2008	060
1956	6	2008	027
968	1	408	127
178	6	116	075
3218	12	2018	127
284	6	2040	080
832	1	416	071
2026	6	2027	143
3166	23	12532	106
2808	9	2517	081
3053	23	12505	148
6303	17	6857	159
675	15	5120	069
2140	6	2018	152
2105	6	30	023
2026	6	30	052
765	6	29	136
2169	6	29	093
2465	14	3495	129
675	1	320	150
2903	11	3089	060
3216	12	2155	090
1922	6	2061	046
284	1	189	144
2168	6	173	062
771	6	30	094
2911	9	2482	127
8301	23	3060	094
811	1	416	048
1910	14	3707	135
2135	6	2008	041
197	1	189	010
2972	10	2924	159
205	6	2019	140
629	1	30	023
509	15	4977	152
4054	14	3623	123
11693	22	10615	161
822	1	416	138
1644	1	207	122
113	1	632	153
381	1	259	039
1133	6	30	048
2138	6	2018	136
968	1	408	025
675	6	2051	012
1912	6	405	119
2909	9	2593	086
6247	23	2935	149
846	1	397	057
142	6	2044	145
2729	23	2966	115
2021	6	405	118
771	6	30	119
195	1	189	118
2168	6	173	058
44	5	25	060
443	1	416	072
100	6	30	046
380	6	30	083
2845	9	2518	161
702	1	28	036
1970	6	2040	157
2113	6	29	087
2719	10	3016	132
3064	23	12505	025
2071	6	30	002
8939	20	6706	155
1593	1	1594	124
196	1	189	001
196	1	189	019
702	1	28	149
1894	23	2920	115
3190	12	2084	072
1959	6	2008	072
25	15	4990	050
578	1	28	005
197	1	189	080
55	6	30	000
607	15	4990	146
2808	9	2517	102
12	1	14	041
7169	17	5862	119
284	6	2040	156
1910	14	3956	145
7024	17	5817	080
6247	23	12509	139
771	6	30	099
3219	12	2027	149
446	1	259	051
2003	6	2038	023
629	1	30	113
1502	1	416	143
2138	6	2009	104
428	15	5024	123
846	1	397	061
509	15	4977	129
2809	17	5817	124
428	6	402	141
675	1	320	143
381	6	405	092
488	1	30	080
2130	6	2027	132
406	1	408	128
3189	12	2040	086
3193	12	2155	123
2845	10	2977	080
846	1	397	143
2169	6	29	009
2142	6	2045	001
443	1	416	024
1941	6	2045	008
25	15	5024	012
2688	9	2517	147
364	6	29	160
169	6	173	034
578	1	28	016
381	6	405	051
228	6	229	069
675	6	171	147
3113	11	3102	076
196	1	189	107
7146	23	12532	130
2696	14	3649	048
2003	6	30	130
2909	9	2720	100
2142	6	2027	149
284	1	189	142
3106	11	3087	091
2157	6	2120	114
720	1	28	142
169	6	405	114
11580	22	9985	156
2909	9	2720	053
810	1	416	048
195	1	189	081
480	15	4990	106
759	1	28	095
213	1	189	124
11201	22	9756	153
7146	23	12532	147
629	1	30	035
2917	10	2942	118
3101	11	3102	160
3143	11	3087	152
2903	11	3089	023
4659	14	3793	073
169	6	405	126
3216	12	2155	101
771	6	30	048
2123	9	2486	161
1910	14	3956	123
2917	10	2942	126
5168	15	5088	159
702	1	28	004
2917	9	2593	136
3231	12	29	016
7847	23	2966	010
3425	14	3430	107
675	1	320	120
702	6	28	014
771	1	629	104
396	6	30	079
480	15	4990	012
1363	1	27	116
2984	10	2946	128
613	1	416	073
630	6	30	116
810	1	416	004
765	6	332	131
205	1	207	065
2121	6	402	133
188	1	189	031
6006	17	5818	079
215	1	189	122
771	6	30	025
3218	12	2018	091
2065	6	2040	133
12345	22	9579	147
7847	23	2966	124
380	6	30	120
2836	17	5818	151
598	6	30	015
2169	6	29	132
172	15	5043	142
3063	10	2924	155
3218	12	2018	094
6006	17	5818	154
2059	6	2018	142
380	6	30	039
1502	1	416	123
2785	9	2593	132
1429	6	173	014
3187	23	12518	057
3130	14	3437	144
2911	9	2482	116
443	1	416	032
810	1	416	103
2539	9	2540	093
3143	11	3087	137
443	1	416	016
2845	9	2518	140
610	1	416	141
100	6	30	016
1912	15	5024	145
607	15	4990	127
228	6	2040	120
1593	1	1594	044
1363	1	119	154
212	1	189	011
5308	15	5088	080
212	1	189	078
636	1	172	079
1644	1	207	137
822	1	416	144
3216	12	2155	155
2836	9	2705	059
473	6	2040	078
675	1	320	135
44	6	30	078
3718	14	3762	032
711	1	28	001
2911	9	2482	147
636	1	172	099
2945	14	3623	120
228	6	229	068
2809	9	2705	103
1841	23	2997	108
1871	12	2155	032
396	6	30	081
1912	6	2052	027
3166	23	12532	104
3866	14	3487	158
1363	1	27	100
1959	6	2008	050
1133	15	4990	142
88	6	30	111
380	6	28	132
25	15	4990	079
3209	12	2027	151
1956	6	2008	063
213	1	189	098
2663	17	5817	148
228	6	2040	105
1976	6	2040	161
759	1	28	001
2903	11	3089	118
2125	6	2009	112
198	1	189	081
2587	9	2588	052
2903	11	3089	083
2539	9	2482	159
759	1	28	030
597	15	5088	039
406	1	408	052
2903	11	3089	058
6247	23	2935	027
1644	1	207	090
2003	6	2019	144
3064	23	12505	132
1959	6	2008	070
812	1	416	067
2121	6	2122	019
2156	6	30	108
2006	6	29	024
2917	9	2593	131
675	1	320	093
1133	15	4990	015
598	6	30	120
846	1	397	063
188	1	189	060
1429	6	30	113
2157	6	2120	134
771	1	629	060
1593	1	1594	073
812	1	416	087
381	6	405	113
28	6	29	139
630	6	30	115
2121	6	405	124
3209	12	30	085
822	1	416	019
1841	23	2997	128
2917	10	2942	129
2156	6	30	105
198	1	189	132
812	1	416	116
473	1	416	122
4054	14	3623	115
1930	15	4977	105
2809	17	5816	155
215	1	189	052
2142	6	2008	027
17	6	2044	156
588	6	30	015
6247	23	12509	125
473	6	2082	046
406	1	408	082
178	1	179	093
630	6	30	084
598	6	30	066
2663	9	2476	156
178	6	116	112
728	1	259	029
284	6	2045	015
584	6	259	057
7156	17	7157	138
3231	12	29	111
2808	9	2517	108
178	6	116	053
3064	23	12505	159
198	1	189	062
215	1	189	001
2156	6	30	077
2020	6	2008	028
406	1	408	094
2547	9	2482	159
8779	23	2989	070
205	15	4990	058
7146	23	12532	125
675	6	2051	002
196	1	189	036
846	1	397	028
4723	14	3835	028
197	1	189	000
578	1	28	041
2116	6	2018	151
381	1	259	069
2003	6	30	044
2074	6	405	127
2069	6	1561	056
396	6	30	016
1961	6	2027	146
2071	6	30	081
1959	6	2009	111
2068	6	173	085
2945	14	3623	125
2688	9	2517	142
832	1	416	104
2069	6	1561	020
1961	6	2009	121
3205	20	6012	145
588	6	589	144
2020	6	2008	048
2917	10	2942	101
5308	15	5088	074
303	1	416	142
199	1	189	086
83	6	29	154
3225	23	2989	076
3144	17	5950	158
831	1	416	088
473	6	2055	027
9337	20	5762	117
1956	6	2009	100
44	6	30	125
25	15	4990	112
6247	23	12509	087
205	6	30	066
846	1	397	144
55	6	30	068
6726	23	2966	106
2130	6	2045	008
380	1	1363	158
2911	10	2720	133
3170	11	3087	159
2539	9	2540	072
1975	6	2009	113
169	1	171	158
473	1	416	118
2073	6	2009	087
630	6	30	048
1922	6	2061	052
473	6	2082	057
3225	23	2938	021
3101	11	3102	074
178	1	179	049
818	1	416	030
1930	15	4977	060
415	1	416	121
2615	9	2476	143
2121	6	405	113
431	1	189	081
2008	9	259	041
812	1	416	020
3166	23	12532	038
172	1	402	128
2809	17	5817	107
292	1	120	145
2583	9	2476	125
1429	6	30	030
3206	12	2120	152
381	6	405	072
6168	17	5817	151
197	1	189	094
2116	6	2070	077
2116	6	2018	122
2677	9	2610	161
6247	23	12509	154
6247	23	12509	137
6726	23	2966	136
2074	6	2075	039
728	1	405	086
6168	17	5817	161
2125	6	2009	100
796	15	4990	009
1956	6	2008	053
396	6	30	025
1959	6	2009	099
2135	6	2145	142
100	6	30	035
2069	6	2018	083
1593	1	1594	130
260	1	189	107
509	15	4977	082
6414	23	2935	109
3166	23	12532	018
5308	15	5088	147
796	15	4990	013
3434	14	3437	159
2035	6	2009	088
2126	6	2008	054
1975	6	2008	057
771	1	629	078
3189	12	2040	009
659	1	341	075
443	1	416	083
2168	6	173	013
675	15	5120	118
3101	11	3102	035
3237	12	116	109
2592	9	2593	135
2119	6	2045	065
829	15	5088	156
1975	6	625	142
3106	11	3087	011
2583	9	2476	140
2119	6	2045	147
3113	11	3102	091
1941	6	2009	087
2102	6	2082	074
8779	23	2989	154
1592	6	29	155
1502	1	416	122
3187	23	12518	088
473	1	416	108
1133	15	4990	056
228	1	229	051
793	1	341	155
1931	6	116	119
1975	6	2009	112
1871	12	2155	092
2153	6	2029	001
178	1	179	055
215	1	189	146
4568	23	2946	086
2030	6	2032	139
822	1	416	080
1956	6	2009	123
5308	15	5088	073
2845	9	2518	158
195	1	189	089
818	1	416	054
2121	6	405	105
3187	23	12518	096
2113	6	29	018
728	1	405	116
205	15	4990	132
3193	12	2155	124
822	1	416	156
759	1	28	046
597	15	5088	097
473	1	416	128
2156	6	30	041
2696	9	2476	127
260	1	189	036
771	1	629	041
1976	6	2040	127
399	6	402	138
2113	6	29	045
2116	6	2061	037
800	1	416	059
213	1	189	150
509	15	4977	028
702	6	28	094
1999	15	5024	158
8779	23	2989	065
4886	14	4560	145
44	5	25	115
142	6	30	032
2693	11	3087	113
675	1	320	105
2065	6	2040	037
2911	10	2720	113
3718	14	3496	045
1912	6	405	118
1958	6	2061	026
303	1	416	046
3053	23	12505	031
5308	15	5088	151
3217	12	28	029
3190	12	2120	078
1429	6	2027	159
7789	23	12532	063
659	1	341	028
213	1	189	031
2105	6	30	097
2022	6	2023	153
4654	14	3786	097
2006	6	29	032
25	15	4990	029
260	1	189	063
2138	6	2009	085
2143	6	2045	012
205	6	30	084
5308	15	5088	062
2073	6	2009	126
2917	9	2593	082
2917	10	2942	062
675	1	320	089
17	1	18	087
6247	23	12509	073
3113	11	3102	083
2945	14	3623	109
771	6	30	124
812	1	416	063
771	1	629	083
711	1	28	141
6247	23	2935	138
113	6	30	112
630	6	30	063
381	1	259	049
3187	12	2055	153
812	1	416	122
2917	10	2942	152
2022	6	2023	160
2867	9	2588	146
205	15	4990	076
172	1	402	127
55	6	30	067
292	1	120	055
1592	6	30	112
2065	6	2040	067
444	1	405	097
2693	12	28	125
968	1	408	055
3053	23	12505	075
1975	6	2008	027
1910	14	3981	144
2156	6	30	070
406	1	408	101
3211	12	2082	027
759	1	28	160
2785	9	2520	143
675	6	173	081
69	1	72	044
3193	12	115	161
2156	6	30	078
215	1	189	028
1922	6	2061	032
734	15	4977	117
8441	20	7092	149
509	6	30	003
734	15	4977	019
771	1	629	142
473	6	2040	097
720	1	28	091
2917	9	2593	084
3101	11	3102	040
742	15	4990	127
3216	12	2155	154
2903	11	3089	028
2101	6	2008	037
2153	6	2027	143
303	1	416	155
6414	23	2935	028
509	15	4977	034
178	6	116	113
199	1	189	007
7146	23	12532	031
7847	23	2966	031
261	1	262	014
1502	1	416	104
212	1	189	058
196	1	189	051
1871	12	2155	097
473	6	2082	050
1912	6	402	145
2867	9	2517	113
2663	9	2588	144
2130	6	2009	083
406	1	408	088
480	15	5067	108
2105	6	30	096
6247	23	2935	057
2113	6	29	122
399	1	405	112
3106	11	3087	083
3211	12	2082	065
2693	12	28	090
3101	11	3102	077
3189	12	2040	113
284	6	2008	038
2809	17	5818	091
765	6	30	016
3211	12	2120	139
2169	6	29	013
2071	6	30	120
3143	11	3087	049
2729	23	2966	063
363	1	120	150
415	1	416	020
7789	23	12532	031
6247	23	12509	076
3064	23	12505	067
380	6	29	136
25	15	5024	082
8779	23	2989	086
598	6	2019	146
659	1	341	115
25	6	30	084
818	1	416	125
1930	15	4977	149
822	1	416	027
2909	9	2720	107
832	1	416	024
169	6	173	005
2113	6	29	093
2138	6	2008	077
1894	23	2920	138
19	6	2045	012
2119	6	2045	088
2644	9	2593	117
3101	11	3102	006
12	1	27	148
6006	17	5818	158
598	6	30	100
845	1	28	144
720	1	28	020
509	6	30	052
47	1	30	064
2047	6	171	108
4	1	626	147
1961	6	2009	124
711	1	28	021
2836	17	5818	134
2785	9	2593	142
284	6	2040	142
6247	23	2935	103
3866	14	3487	092
12528	23	12532	048
846	1	397	019
2696	9	2476	159
396	6	29	161
6414	23	2935	135
2065	6	2040	160
742	1	748	130
2663	17	5816	151
473	6	2040	148
811	1	416	085
8743	17	6308	157
2808	10	2924	084
1911	23	12505	100
7847	23	2966	082
5308	15	5088	102
3237	12	116	088
2126	6	2008	078
431	1	189	107
2507	9	2476	149
3192	12	2155	069
578	1	28	064
728	1	405	120
597	15	5088	067
473	6	2040	077
12	1	14	069
659	1	660	160
113	6	30	057
480	15	4990	078
1429	6	30	029
3205	12	2055	139
4568	23	2946	105
2809	17	5818	143
3225	23	2989	034
2065	6	2040	088
845	1	28	040
2808	10	2924	086
829	15	5088	146
2130	6	2008	037
1912	6	259	076
811	1	416	154
822	1	416	104
822	1	416	021
1363	1	27	031
2003	6	30	066
3218	12	2018	031
1956	6	2045	017
758	1	759	157
1592	1	299	159
2003	6	2038	021
17	6	30	053
2069	6	1561	065
212	1	189	013
3219	12	2027	075
3106	11	3087	030
2729	23	2966	030
6247	23	2935	039
742	15	4990	142
197	1	189	091
2140	6	2009	118
292	1	120	028
610	1	416	088
1644	1	207	044
2105	6	30	053
2773	9	2517	131
1941	6	2008	049
1429	6	30	114
578	1	28	149
2909	9	2720	140
2125	6	2009	081
2903	11	3089	135
2903	11	3089	041
2911	10	2720	123
607	15	4990	093
2030	6	2008	053
292	1	120	058
3190	12	2083	073
3141	11	3087	158
6726	23	2966	071
381	1	405	124
396	6	30	034
381	1	405	086
3577	14	3437	023
196	1	189	028
1975	6	2008	075
3192	12	2155	074
3231	12	29	031
3206	12	2082	022
2917	9	2593	149
2135	6	2045	000
19	6	2009	130
142	6	30	064
2822	14	3475	127
3170	17	6704	156
3170	17	5949	154
4885	17	8813	067
675	15	5120	104
822	1	416	058
1941	6	2009	124
213	1	189	109
2140	6	2008	057
2773	9	2517	149
2099	9	2490	161
7146	23	12532	010
431	1	189	054
734	15	4977	120
2729	23	2966	119
2068	6	173	065
800	1	416	013
2169	6	29	083
205	6	2019	138
205	15	4990	004
17	6	30	031
578	1	28	000
1429	6	30	065
4885	17	8813	152
613	1	416	013
478	1	444	031
284	1	189	133
12	1	27	143
213	1	189	089
212	1	189	068
3521	14	3437	129
1931	6	115	152
1912	6	171	159
3216	12	2155	071
636	1	172	145
406	1	408	113
1961	6	2029	008
584	6	405	121
415	1	416	028
3231	12	29	146
2587	9	2476	051
2909	9	2593	134
2916	9	2517	101
213	1	189	082
2696	9	2476	080
2135	6	2009	119
3187	12	2055	158
303	1	416	103
629	1	332	131
28	6	29	161
1912	6	171	151
205	15	4990	098
2126	6	2045	009
728	1	405	128
1961	6	2045	011
5308	15	5088	157
8779	23	2989	129
215	1	189	159
2592	9	2593	096
2119	6	2008	066
113	6	30	099
1930	15	4977	153
675	15	4990	124
2119	6	2045	070
2127	6	171	154
178	6	117	004
2071	6	29	155
284	6	2008	036
588	6	30	016
720	1	28	138
2074	6	2075	034
1958	6	2061	080
7847	23	2966	068
215	1	189	006
1363	1	27	102
100	6	30	089
734	15	4977	120
10636	22	10637	149
1871	12	2155	052
4054	14	3623	135
3211	12	2082	049
2071	6	29	160
198	1	189	096
2126	6	2009	122
1912	15	5024	140
2008	9	259	033
1525	6	29	117
3101	11	3102	094
25	6	29	136
2845	14	3956	108
629	1	28	141
711	1	28	000
363	1	74	143
11580	22	9985	161
1502	1	416	091
3143	11	3087	115
2057	6	173	050
480	15	4990	030
2119	6	2045	111
629	1	28	157
2126	6	2008	050
17	6	30	096
25	15	4990	065
2845	10	2977	142
7847	23	2966	035
734	15	4977	124
196	1	189	030
2773	9	2517	148
1941	6	2008	064
2105	6	30	031
2592	9	2593	107
675	1	320	119
1956	6	2009	102
1644	1	207	109
2583	9	2476	137
846	1	397	104
2945	14	3623	108
832	1	416	106
2142	6	2027	140
598	6	30	009
2153	6	2029	007
2168	6	173	009
3141	17	6011	155
1922	6	2018	155
381	1	259	078
818	1	416	081
597	15	5088	128
3209	12	30	073
2142	6	2008	041
702	1	28	038
169	6	405	132
675	15	5120	019
197	1	189	062
2130	6	2031	156
2113	6	29	156
2157	6	2120	118
1644	1	207	095
188	1	189	099
431	1	189	086
428	6	402	138
3190	12	2120	110
2068	6	2027	160
2984	10	2946	125
169	6	405	107
2059	6	2061	044
2057	6	173	053
1959	6	2008	019
113	6	30	069
2059	6	2018	128
2074	6	402	145
3106	11	3087	013
818	1	416	157
2020	6	2009	106
6247	23	12509	160
1958	6	2061	076
3090	11	3087	138
1947	6	405	097
2916	9	2517	127
284	6	2040	084
2006	6	29	146
3209	12	30	082
2688	9	2517	130
3225	23	2989	041
2130	6	2027	138
2113	6	29	020
2867	9	2517	136
659	1	341	035
12016	22	9630	155
17	1	18	095
55	6	30	027
2026	6	30	038
69	1	72	128
3216	12	2155	074
3143	11	3087	103
6726	23	2966	072
2030	6	2009	100
3231	12	29	147
796	15	4990	032
818	1	416	000
88	6	30	052
2065	6	2040	049
759	1	28	067
6726	23	2966	079
810	1	416	101
822	1	416	112
113	6	30	122
810	1	416	001
1860	9	2517	149
734	15	4977	122
215	1	189	059
2119	6	2120	083
6247	23	12509	094
258	1	259	055
3225	23	2938	018
25	15	5024	143
742	15	4990	132
1592	6	2145	135
1959	6	2018	132
211	1	189	047
702	1	28	079
702	6	28	121
2026	6	2031	155
381	1	405	094
83	6	29	159
6414	23	2935	114
3888	14	3762	018
1939	15	5024	158
2003	6	2038	004
415	1	416	093
3219	12	2027	056
1975	6	2008	065
734	15	4977	087
2809	9	2705	108
597	15	5088	081
1970	6	2055	026
188	1	189	027
796	15	4990	089
2142	6	2008	018
215	1	189	138
6247	23	12509	113
2867	9	2517	135
2836	9	2705	124
3190	14	3429	076
1363	1	27	117
812	1	416	047
199	1	189	157
381	1	405	090
284	6	2040	144
211	1	189	131
7847	23	2966	032
3217	12	28	039
260	1	189	038
228	6	229	055
2065	6	2040	131
1947	6	2027	132
3178	11	3087	140
212	1	189	033
2125	6	2009	106
2809	17	5935	120
1931	6	116	070
702	1	28	158
3189	12	2040	003
381	1	405	142
2169	6	29	094
19	6	2008	030
2006	6	29	091
711	1	28	025
831	1	416	013
17	6	30	101
2119	6	2120	080
6247	23	12509	093
3187	23	12518	153
2615	9	2476	129
2911	9	2482	080
771	1	629	118
598	6	30	132
446	1	402	133
12528	23	12532	125
480	15	4990	143
8779	23	2989	000
3166	23	12532	061
2153	6	30	036
44	6	30	030
3143	11	3087	141
169	6	405	103
44	6	30	028
2101	6	2040	087
629	1	30	044
2587	9	2476	090
1502	1	416	062
812	1	416	027
759	1	28	009
3113	11	3102	067
822	1	416	001
3225	23	2938	067
1961	6	2009	086
3130	14	3437	137
446	1	405	105
2903	11	3089	100
3189	12	2040	025
2119	6	2120	152
3064	23	12505	109
800	1	416	157
610	1	416	158
2729	23	2966	052
3216	12	2155	092
1910	4	1839	117
2845	14	3956	153
1429	6	30	097
829	15	5088	157
7847	23	2966	080
588	6	30	088
2729	23	2935	101
100	6	28	132
258	1	259	031
2903	11	3089	048
3187	12	2055	134
2815	11	3087	157
12528	23	12532	161
478	1	444	062
1930	15	4977	047
2169	6	29	004
205	1	207	067
7789	23	12532	041
113	6	30	020
25	15	4990	159
284	6	285	008
1525	6	29	152
3053	23	12505	141
2785	9	2593	124
584	6	259	064
4568	23	2946	119
578	1	28	011
2020	6	2008	080
19	6	2008	040
711	1	28	127
213	1	189	151
1592	6	30	109
2113	6	29	139
3143	11	3087	110
3053	23	12505	011
1922	6	2018	160
812	1	416	110
1644	15	5088	146
381	6	405	114
742	15	4990	125
4054	14	3623	134
2059	6	2061	077
205	15	4990	136
205	15	4990	138
2065	6	2040	019
1894	23	2920	091
2026	6	30	049
11580	22	9985	158
3866	14	3487	076
846	1	397	076
1133	6	30	063
702	1	28	089
832	1	416	123
1961	6	2045	018
1956	6	2009	127
2808	10	2924	099
3200	12	2055	128
6247	23	2935	073
1958	6	2061	085
3130	14	3545	127
12	1	14	040
284	6	2008	058
6247	23	12509	148
6006	17	6007	022
759	1	28	104
25	15	5024	090
473	1	416	000
196	1	189	150
1930	15	4977	100
2909	9	2720	054
443	1	416	088
630	6	30	129
509	6	30	072
1863	9	2518	151
584	1	259	054
3231	12	29	140
831	1	416	109
2539	9	2540	115
198	1	189	139
3217	12	28	097
1912	15	5024	125
2135	6	29	153
2069	6	1561	069
199	1	189	142
2945	10	2946	109
2030	6	2008	042
2729	23	2935	081
845	1	28	128
626	1	46	149
734	15	4977	091
2153	6	30	027
169	1	173	026
822	1	416	116
2138	6	2008	040
1525	6	29	100
3113	11	3102	068
178	6	117	002
818	1	416	052
2020	6	2018	152
4885	17	8813	114
2903	11	3089	079
3624	14	3437	161
380	6	29	147
8301	23	3060	063
3034	10	2963	150
188	1	189	029
2836	17	5818	131
6247	23	2935	137
3209	12	30	086
473	6	2040	105
197	1	189	098
428	6	405	087
2729	23	2966	073
2105	6	30	089
2119	6	2008	035
1931	6	115	143
584	1	259	077
3189	12	2040	098
818	1	416	056
6414	23	2935	075
478	1	444	136
6247	23	2935	055
178	1	179	031
578	1	28	014
1941	6	2008	048
4940	14	3426	158
6247	23	12509	155
509	15	4977	099
3888	14	3719	015
626	1	46	153
205	6	2038	002
443	1	416	124
3577	14	3437	049
1922	6	2018	156
205	6	2019	151
8301	23	3060	042
3053	23	12505	097
142	6	30	047
2101	6	2040	154
822	1	416	051
659	1	341	084
2074	6	2075	032
610	1	416	100
2815	11	3087	159
711	1	28	031
2867	9	2517	141
588	6	589	139
2811	9	2517	108
2911	9	2482	128
1930	15	4977	099
1133	6	30	051
1947	6	173	055
178	6	116	082
3833	14	3719	052
169	6	173	012
2156	6	30	122
3106	11	3087	042
2102	6	2008	055
2909	9	2593	154
2059	6	2061	018
8472	17	6640	156
800	1	416	036
11580	22	9985	151
832	1	416	130
2845	14	3956	139
742	15	4990	123
2073	6	2008	054
3200	12	2055	093
675	15	5120	098
1644	1	207	051
3577	14	3437	032
2105	6	2027	140
2035	6	2009	086
188	1	189	051
12528	23	12532	018
2615	9	2593	101
3237	12	116	156
2047	6	171	062
6414	23	2935	083
142	6	30	069
6247	23	2935	023
12	1	14	042
415	1	416	157
2169	6	29	108
2867	9	2588	156
810	1	416	024
2808	9	2517	110
1970	6	2084	069
629	1	30	071
199	1	189	063
2127	6	171	000
2688	9	2517	143
2917	10	2942	125
2809	17	5818	108
3216	12	2155	094
4568	23	2946	153
846	1	397	056
228	1	229	037
1970	6	2040	133
2298	12	2155	159
2153	6	30	016
2663	17	6190	138
509	6	30	118
728	1	405	055
6414	23	2935	000
5252	15	5088	159
2729	23	2966	161
2059	6	2061	066
2696	9	2476	047
1999	15	5024	159
2867	9	2588	127
2909	9	2593	065
2119	6	2045	072
196	1	189	029
2539	9	2482	066
228	6	229	070
8957	23	2922	068
1525	6	29	106
12	1	14	130
6414	23	2935	036
69	1	74	155
1961	6	2027	133
822	1	416	014
771	1	773	146
188	1	189	016
6414	23	2935	130
794	1	478	143
2660	9	2486	160
3866	14	3487	154
55	6	30	011
2072	6	29	154
2729	23	2935	075
765	6	30	049
396	6	30	013
169	1	173	021
812	1	416	044
3577	14	3437	143
44	6	29	161
12	1	14	127
83	1	262	016
2663	17	6190	136
2113	6	29	041
629	1	28	154
3130	14	3555	154
213	1	189	099
28	9	29	144
2135	6	2009	091
381	6	405	074
2909	9	2593	022
169	6	173	077
584	6	259	035
1593	1	1594	036
195	1	189	041
428	6	2055	019
2587	9	2476	062
2693	12	28	028
3225	23	2938	036
12528	23	12532	114
2729	23	2966	072
2836	9	2705	151
1912	6	405	097
8779	23	2989	142
1941	6	2009	093
88	6	29	159
415	1	416	023
832	1	416	052
172	1	402	058
3166	23	12532	160
199	1	189	066
2615	9	2593	119
381	1	259	070
734	15	4977	089
1922	6	2018	145
212	1	189	047
771	1	629	063
7933	17	8432	144
2116	6	2061	007
228	6	229	017
2119	6	2045	145
196	1	189	099
3218	23	2920	147
2126	6	625	135
3225	12	2155	147
6726	23	2966	013
169	6	405	097
3206	12	2120	098
2809	17	5817	133
4646	14	3510	136
2065	6	2040	113
3941	14	3495	007
2785	9	2593	091
509	6	30	064
480	15	4990	077
812	1	416	079
2071	6	29	148
3206	12	2082	025
12	1	14	062
3034	10	2963	151
1959	6	2008	042
812	1	416	002
2169	6	29	101
17	1	18	043
3766	14	3495	060
205	15	4990	045
473	1	416	075
675	15	5120	137
2003	6	2038	002
1567	1	591	156
2815	9	2816	153
2836	9	2705	054
6414	23	2935	071
3237	12	116	059
2119	6	2008	037
702	1	28	081
811	1	416	114
2071	6	30	048
1894	23	2920	082
2113	6	29	028
17	1	18	082
25	15	4990	122
172	1	402	078
3166	23	12532	159
584	1	259	071
720	1	28	089
396	6	30	007
3143	11	3087	113
1429	6	30	051
188	1	189	001
428	6	259	029
2140	6	2008	063
2144	6	2018	149
196	1	189	067
2138	6	2018	147
3187	12	2055	100
303	1	416	045
759	1	28	101
1976	6	229	067
818	1	416	007
1958	6	2009	101
675	6	405	133
832	1	416	139
2587	9	2588	115
2126	6	2045	018
2026	6	30	119
172	1	402	088
2729	23	2935	024
796	15	4990	037
2130	6	2008	067
2026	6	30	040
197	1	189	099
1502	1	416	161
818	1	416	145
588	6	30	094
100	6	30	036
1976	6	2040	123
2071	6	29	144
734	15	4977	044
55	6	30	034
598	6	2019	161
142	6	2044	150
3219	12	2027	130
258	1	259	029
734	15	4977	049
6414	23	2935	045
3101	11	3102	020
2909	9	2593	068
178	6	115	141
9348	20	6012	117
3106	11	3087	075
675	6	2051	021
446	1	401	161
2903	11	3089	090
6726	23	2966	062
6414	23	2935	133
2644	9	2593	116
47	6	30	069
812	1	416	138
19	6	2008	041
8957	23	2922	102
2153	6	30	041
55	6	30	108
258	1	259	034
3053	23	12505	069
8779	23	2989	060
728	1	259	067
1970	6	2040	141
3206	14	3427	084
771	6	30	118
19	6	2045	006
4885	17	8813	049
3101	11	3102	156
509	15	4977	009
47	6	30	105
7789	23	12532	058
12	1	27	150
473	1	416	159
3206	12	2120	132
1841	23	2997	106
17	6	30	120
3219	12	2027	123
1976	6	229	048
3130	14	3555	156
2917	10	2942	119
509	15	4977	066
2071	6	30	071
428	15	5024	142
1644	1	207	073
6414	23	2935	127
831	1	416	018
3186	12	2155	134
578	1	28	037
3834	14	3415	161
443	1	416	132
2809	17	5818	122
3197	12	2055	120
2909	9	2720	112
9295	20	6012	127
2539	9	2540	094
44	5	25	044
12	1	14	016
2057	6	173	082
169	1	173	001
2022	6	2023	155
796	15	4990	104
3231	12	29	160
1429	6	30	043
3190	12	2120	155
199	1	189	128
488	1	30	078
1502	1	416	111
5308	15	5088	127
1592	6	30	043
17	6	30	088
3209	12	2027	141
2035	6	2009	087
2696	9	2476	036
801	15	5088	143
381	1	405	123
12528	23	12532	033
12528	23	12532	072
1525	6	29	070
113	6	30	086
12016	22	9579	147
1947	6	405	085
1976	6	2040	141
1871	12	2155	088
734	15	4977	104
734	15	4977	062
6247	23	2935	052
396	6	29	150
7146	23	12532	050
1133	6	30	095
2142	6	2009	113
3130	14	3437	145
796	15	4990	041
2126	6	2025	132
478	1	444	060
169	6	2042	160
473	1	416	014
1970	6	2084	052
675	15	5120	068
17	6	30	030
3209	12	30	105
2074	6	2075	071
198	1	189	004
1947	6	405	107
2911	9	2482	109
2587	9	2588	104
428	6	259	079
2130	6	2008	081
199	1	189	107
1976	6	2040	086
2071	6	30	074
3217	12	28	051
2809	17	5935	143
1959	6	2018	137
55	6	30	049
629	1	30	078
3225	23	2989	116
69	1	73	142
1593	1	1594	134
3200	12	2055	143
7847	23	2966	125
2003	6	2019	132
2144	6	2009	091
2168	6	173	034
822	1	416	039
428	6	259	062
2071	6	30	023
2909	9	2720	151
1975	6	2009	108
630	6	30	083
3189	12	2040	089
968	1	408	060
28	1	29	158
198	1	189	138
629	1	30	040
659	1	341	146
702	6	28	119
1841	23	2997	133
25	6	30	124
3866	14	3487	115
1931	6	116	083
2663	9	2588	148
610	1	416	055
7789	23	12532	087
1502	1	416	013
2074	6	402	137
1931	6	116	035
3755	14	3495	138
2047	6	171	106
578	1	28	042
800	1	416	152
2116	6	2018	120
172	1	402	024
588	6	30	078
8957	23	2922	004
6006	17	5818	036
2125	6	2009	086
742	1	743	135
228	6	229	060
2547	9	2482	156
3231	12	29	012
800	1	416	056
8735	17	7697	158
17	6	30	117
2169	6	29	136
12345	22	9574	148
2589	9	2517	155
8321	17	6169	160
812	1	416	137
2688	9	2517	158
1133	15	4990	147
3053	23	12505	045
3237	12	116	097
1363	1	27	025
142	6	30	041
47	6	30	067
765	6	30	092
3219	12	2027	138
44	6	30	039
172	1	402	007
205	15	4990	084
800	1	416	016
1486	1	845	152
607	15	4990	095
8325	17	6066	108
675	15	4990	041
196	1	189	092
2153	6	30	024
1860	9	2517	119
17	6	2044	137
25	6	30	086
8472	17	7092	153
2729	23	2966	160
25	15	4990	049
2135	6	29	155
3237	12	116	085
702	6	28	057
2719	10	3016	127
44	5	25	159
2130	6	2009	121
292	1	120	113
228	6	2040	148
113	6	29	147
396	6	30	100
800	1	416	118
509	6	30	130
2587	9	2476	098
2101	6	2040	108
2984	10	2946	146
6247	23	12509	056
44	5	25	143
509	6	30	039
113	6	30	130
629	1	30	119
1486	6	29	147
765	6	30	060
1644	1	207	152
2113	6	29	104
6247	23	12509	047
178	6	116	132
205	15	4990	048
1525	6	29	072
7000	17	5948	157
1592	6	30	061
396	6	30	083
2003	6	2019	146
284	1	189	096
1970	6	2040	111
2030	6	2009	082
3577	14	3437	068
818	1	416	025
607	15	4990	098
2068	6	2027	150
2909	9	2720	047
636	1	172	116
3193	12	2155	086
211	1	189	089
968	1	408	105
613	1	416	014
829	15	5088	154
3209	12	30	004
83	6	29	150
2808	9	2517	119
258	1	259	058
2105	6	30	093
3053	23	12505	080
446	1	405	089
584	1	259	070
765	6	30	050
765	6	30	002
3206	12	2120	139
2110	6	402	143
1956	6	2008	038
473	6	2055	019
588	6	30	079
3209	12	2027	153
3209	12	2027	135
1133	6	592	146
2130	6	2045	007
2539	9	2482	094
480	15	5067	140
1970	6	2084	008
11201	22	2157	149
2693	12	28	113
480	15	4990	070
12	1	14	076
832	1	416	042
44	5	25	005
1922	6	2061	051
2003	6	30	100
3053	23	12505	154
44	6	46	135
3064	23	12505	018
2126	6	2045	013
1958	6	2061	010
734	15	4977	149
636	1	172	026
7789	23	12532	005
2130	6	2008	077
2169	6	29	020
7146	23	12532	134
6726	23	2966	130
228	6	229	020
196	1	189	101
3064	23	12505	081
2696	9	2476	077
762	1	28	154
1502	1	416	002
1975	6	2008	043
659	1	341	105
800	1	416	133
2845	14	3956	099
55	6	30	128
2022	6	2123	125
2615	9	2593	099
509	15	4977	091
3211	12	2082	036
829	15	5088	141
765	6	30	004
5168	15	5088	110
2979	10	2924	142
258	1	259	061
169	6	405	125
610	1	416	135
2785	9	2593	117
3211	12	2082	045
3225	23	2938	104
2069	6	2018	109
3144	11	3087	159
702	6	28	127
2144	6	2018	132
2127	6	171	055
2140	6	2008	067
765	6	30	084
610	1	416	046
584	6	405	117
2587	9	2588	088
2911	9	2482	065
6247	23	2935	150
771	1	629	065
1970	6	2084	014
3225	23	2989	047
2140	6	2008	023
88	6	30	087
2135	6	2009	132
629	1	30	063
2071	6	30	105
3166	23	12532	152
2125	6	2009	093
172	15	5043	135
3577	14	3437	103
659	1	341	134
199	1	189	074
2587	9	2588	071
3216	12	2155	044
303	1	416	087
3063	10	2924	146
811	1	416	073
2119	6	2045	063
2696	9	2476	090
2663	17	6190	158
7449	17	7198	149
2020	6	2008	040
188	1	189	087
3888	14	3495	027
659	1	341	018
3211	12	2120	081
1644	1	207	066
205	1	207	126
443	1	416	046
765	6	30	003
228	6	2040	092
2592	9	2593	140
212	1	189	161
812	1	416	074
2127	6	171	136
1976	6	229	049
431	1	189	139
228	6	229	026
2945	14	4034	109
212	1	189	138
584	6	405	107
3200	17	5817	099
2065	6	2040	104
2035	6	625	151
6779	20	6706	157
8301	23	3060	037
2125	6	2009	099
2015	6	115	136
2156	6	30	066
2006	6	29	149
1976	6	229	007
284	1	285	010
12	1	27	151
3064	23	12505	060
17	1	18	083
2126	6	625	145
3866	14	3487	126
796	15	4990	050
1947	6	2027	157
2068	6	405	128
846	1	28	161
9308	20	5762	158
2644	9	2593	161
3225	23	2938	031
1894	23	2920	032
659	1	660	161
759	1	28	026
2105	6	30	095
6247	23	2935	024
2113	6	29	036
2809	17	5818	109
188	1	189	139
198	1	189	136
113	6	30	073
12528	23	12532	119
215	1	189	023
205	1	207	011
399	1	402	143
3101	11	3102	111
25	15	5024	083
2729	23	2966	014
4885	17	8813	138
509	6	30	000
396	6	30	033
69	1	72	063
3032	23	3060	052
2059	6	2061	015
822	1	416	124
44	6	30	056
598	6	30	002
196	1	189	129
2696	9	2476	126
55	6	30	089
211	1	189	076
1931	6	116	044
25	6	30	129
44	1	46	150
12528	23	12532	049
626	6	46	149
675	6	405	132
6247	23	12509	103
728	1	259	057
100	6	30	075
443	1	416	111
630	6	30	074
2917	10	2942	058
3209	12	30	003
2026	6	30	103
3106	11	3087	031
205	15	4990	149
3178	11	3087	136
1525	6	29	071
3225	23	2989	070
800	1	416	035
380	6	30	131
83	6	29	148
2119	6	2120	113
6006	17	5818	051
178	6	116	076
1363	1	27	140
2693	12	28	048
2026	6	30	106
2140	6	2008	025
178	6	116	106
742	15	4990	113
629	1	28	156
205	15	4990	017
3225	23	2938	071
3237	12	116	153
3924	14	3925	087
3166	23	12532	127
213	1	189	127
2153	6	30	048
771	1	629	107
659	1	341	023
197	1	189	067
69	1	72	025
6247	23	2935	077
205	1	207	117
2140	6	2008	054
2867	9	2588	132
19	6	2008	043
2153	6	2029	006
2130	6	2008	049
3187	12	2055	138
2911	9	2482	152
2022	6	2023	158
734	15	4977	039
2126	6	2009	098
25	15	5024	081
303	1	416	027
1930	15	4977	062
428	15	5024	124
3143	11	3087	047
762	1	28	160
845	1	28	014
3189	12	2040	002
399	1	405	087
7025	17	5804	158
2911	9	2482	067
3197	12	2055	129
2867	9	2517	117
198	1	189	078
1592	1	299	157
1429	6	30	061
2917	9	2593	095
47	6	30	096
702	6	28	141
8779	23	2989	044
1970	6	2084	036
292	1	120	012
968	1	408	074
832	1	416	153
17	6	30	075
4568	23	2946	060
2903	11	3089	031
1525	6	29	080
720	1	28	043
1894	23	2920	060
3178	11	3087	145
2845	9	2518	136
47	6	29	160
610	1	416	006
1947	6	2027	161
2809	17	5818	118
2119	6	2045	153
3189	12	2040	052
4646	14	3509	138
630	6	30	075
845	1	28	134
796	15	4990	061
25	6	30	018
292	1	119	154
3053	23	12505	088
100	6	30	087
728	1	259	041
2113	6	29	121
1502	1	416	049
1941	6	2008	025
765	6	30	055
2003	6	30	027
3217	12	28	008
1959	6	2008	028
431	1	189	117
2113	6	29	034
2021	6	405	117
1931	6	116	046
2169	6	29	089
3217	12	28	016
3143	11	3087	156
1958	6	2061	087
3166	23	12532	073
3190	12	2084	044
2102	6	2040	153
6247	23	12509	122
2127	6	171	009
396	6	29	155
2962	10	2963	107
292	1	120	112
610	1	416	059
675	1	320	102
2006	6	29	053
2663	17	5817	140
588	6	30	017
1644	15	5088	145
188	1	189	088
2144	6	2009	110
578	1	28	147
188	1	189	112
2157	6	2120	143
215	1	189	065
509	15	4977	080
610	1	416	118
6414	23	2935	081
578	1	28	032
480	15	4990	117
5308	15	5088	144
1922	6	2061	010
3113	11	3102	062
818	1	416	102
3831	14	3832	114
2144	6	2009	104
1910	14	3956	147
810	1	416	028
199	1	189	160
2130	6	2009	116
44	1	46	148
480	15	4990	052
3193	12	2155	137
3216	12	2155	023
765	6	30	035
55	6	30	113
25	15	5024	041
6726	23	2966	032
3187	23	12518	069
3143	11	3087	018
1912	6	259	060
2729	23	2966	158
2917	10	2942	060
3170	17	5947	158
630	6	30	087
1592	6	30	092
2911	10	2720	144
197	1	189	155
44	6	30	007
2836	9	2705	147
2693	14	3468	146
831	1	416	056
2979	17	6623	112
399	1	405	103
2065	6	2040	134
169	1	173	095
1956	6	2009	091
584	6	259	062
3219	12	2027	004
228	1	229	067
1956	6	2040	157
199	1	189	006
17	6	2044	158
5308	15	5088	154
6247	23	12509	002
2068	6	173	080
1644	1	207	084
1947	6	173	039
1894	23	2920	044
213	1	189	123
2809	17	5935	154
3200	17	5816	109
172	1	402	120
3053	23	12505	091
796	15	4990	150
381	1	405	101
2157	6	2120	111
3143	11	3087	087
2945	10	2946	095
473	6	2040	090
2102	6	2008	036
771	6	30	029
2116	6	2018	144
188	1	189	081
702	6	28	081
1871	12	2155	015
1863	9	2560	156
630	6	30	126
2068	6	173	054
509	15	4977	039
3219	12	2027	019
2785	9	2593	076
2119	6	2120	112
473	1	416	082
443	1	416	133
796	15	4990	046
1941	6	2009	122
205	1	207	102
2119	6	2120	133
169	6	173	068
1547	6	29	156
5308	15	5088	052
47	6	29	156
597	15	5088	049
759	1	28	051
810	1	416	159
473	6	2040	125
17	6	2044	136
47	6	30	113
213	1	189	160
2125	6	2009	122
2917	9	2593	107
1593	1	1594	020
3113	11	3102	112
258	1	259	077
6726	23	2966	119
7847	23	2966	071
1970	6	2040	118
3193	12	2155	129
2693	12	28	121
2116	6	2018	096
811	1	416	092
3577	14	3437	010
473	6	2082	029
47	6	29	137
812	1	416	071
6414	23	2935	061
2057	6	173	064
675	1	320	154
2644	9	2593	104
2729	23	2935	110
1947	6	173	050
4723	14	3733	024
197	1	189	034
2101	6	2008	044
1567	1	591	161
3101	11	3102	124
12528	23	12532	005
1961	6	2027	140
2020	6	2008	044
2867	9	2517	125
765	6	30	123
284	6	2040	129
213	1	189	100
1486	1	845	158
659	1	341	113
2583	9	2476	119
260	1	189	024
3888	14	3495	021
8548	17	6169	142
2030	6	2009	094
380	6	30	127
832	1	416	093
9308	20	5762	157
3190	12	2120	142
2916	9	2517	141
2729	23	2935	043
2121	6	405	133
2809	17	5816	128
1894	23	2920	041
2116	6	2018	084
2069	6	2018	126
2693	12	28	072
2127	6	171	124
1525	6	29	096
2153	6	30	053
142	6	30	114
846	1	397	085
3190	12	2120	140
198	1	189	040
2808	9	2517	147
2113	6	29	043
2047	6	171	051
659	1	341	002
794	1	478	112
2119	6	2045	040
1922	6	2018	136
6247	23	2935	106
818	1	416	019
1970	6	2084	045
3025	10	3026	085
303	1	416	018
197	1	189	038
88	6	30	063
10636	22	10497	155
2693	11	3087	154
2615	9	2517	087
473	6	2082	047
2140	6	2045	006
597	15	5088	017
25	15	4990	042
2945	14	4034	125
3025	10	3026	081
2140	6	2008	048
2644	9	2593	080
702	1	28	135
2157	6	2120	144
2073	6	2008	037
2836	9	2705	140
630	6	46	136
2047	6	171	058
2156	6	30	087
3113	11	3102	080
1961	6	2009	122
6247	23	2935	142
428	15	5024	151
7789	23	12532	082
613	1	416	119
303	1	416	117
6006	17	5818	149
2101	6	2008	048
2729	23	2966	012
2809	9	2705	153
3193	12	2155	069
2773	9	2517	120
12	1	13	159
292	1	120	005
6247	23	12509	095
8473	20	5762	160
3577	14	3437	008
195	1	189	102
509	6	30	126
169	6	173	014
2909	9	2720	101
2845	9	2518	107
284	6	2045	018
832	1	416	155
846	1	845	160
2130	6	2009	081
443	1	416	058
100	6	29	154
1930	15	4977	009
3237	12	116	139
2809	17	5818	142
1975	6	2008	034
2071	6	30	075
1871	12	2155	031
2169	6	29	088
7789	23	12532	035
55	6	30	082
2615	9	2593	140
55	6	29	158
597	15	5088	063
2068	6	171	157
8876	17	6685	126
2984	10	2946	158
597	15	5088	065
7847	23	2966	147
172	15	5043	147
406	1	408	134
1363	1	27	002
113	6	30	028
2101	6	2040	100
2845	14	3956	092
796	15	4990	117
702	6	28	126
473	6	2040	143
12528	23	12532	078
12	1	14	134
2153	6	30	122
178	6	116	115
215	1	189	080
6006	17	5818	132
610	1	416	148
2809	9	2705	156
211	1	189	071
2785	9	2520	116
2911	10	2720	125
4932	14	3509	009
800	1	416	065
169	1	173	006
188	1	189	067
822	1	416	044
1961	6	2008	060
846	1	397	147
2539	9	2482	098
212	1	189	035
2069	6	2018	146
588	6	30	022
473	6	2040	127
1592	6	30	060
2693	11	3087	156
5252	15	5088	158
578	1	28	022
4723	14	3835	027
578	1	28	112
1871	12	2155	103
2688	9	2517	111
199	1	189	076
1956	6	2008	072
12497	22	10801	159
629	1	30	056
178	1	179	058
3237	12	117	009
845	1	28	071
228	6	229	000
9011	17	6639	161
2020	6	2045	014
197	1	189	023
12528	23	12532	106
1593	1	1594	110
2809	17	5935	131
480	15	4990	140
399	15	5043	152
100	6	30	062
25	6	30	094
473	6	2040	081
3217	12	28	015
2587	9	2588	053
759	1	28	141
2153	6	30	072
2127	6	171	159
25	15	5024	122
4568	23	2946	101
675	15	4990	143
431	1	189	070
2116	6	2018	152
1363	1	27	096
2135	6	2009	131
734	15	4977	151
1871	12	2155	016
711	1	28	107
2047	6	171	071
6247	23	12509	126
1941	6	2008	081
6247	23	2935	059
473	1	416	020
675	15	5120	103
2688	9	2517	154
3106	11	3087	161
3216	12	2155	021
3217	12	28	052
25	6	29	149
3106	11	3087	157
284	6	2008	040
1363	1	27	054
818	1	416	136
6414	23	2935	043
630	6	30	016
113	1	632	159
818	1	416	117
2142	6	2009	127
7137	17	6066	044
2153	6	30	068
584	6	259	044
702	6	28	012
228	6	2040	116
2845	9	2518	112
4885	17	8813	090
1912	6	171	147
1976	6	2040	095
636	1	172	039
1363	1	27	144
47	6	30	061
2135	6	2008	021
610	1	416	039
431	1	189	152
2153	6	30	121
3141	11	3087	159
3101	11	3102	097
2003	6	30	118
2917	10	2942	136
2592	9	2593	138
3814	14	3793	151
25	6	29	160
284	6	2040	098
509	15	4977	116
2773	9	2517	147
2644	9	2593	051
2615	9	2517	097
659	1	341	106
1871	12	2155	029
8301	23	3060	068
260	1	189	100
415	1	416	122
2153	6	30	101
1593	1	1594	038
480	15	4990	066
9081	17	6175	159
2006	6	29	023
415	1	416	054
8301	23	3060	112
3205	20	6012	153
2138	6	2008	055
2909	9	2593	032
3577	14	3437	116
2688	9	2517	100
6247	23	12509	134
6247	23	12509	040
720	1	28	004
2867	9	2588	147
2979	10	2924	147
2693	12	28	083
261	1	263	005
3237	12	116	157
2644	9	2593	106
1133	6	30	058
7789	23	12532	037
473	1	416	031
2729	23	2935	055
2808	9	2517	092
199	1	189	125
1593	1	1594	085
832	1	416	116
2074	6	405	091
2644	9	2593	059
3219	12	2027	013
1931	6	116	093
7847	23	2966	138
205	6	2019	134
2065	6	2040	130
8301	23	3060	040
509	6	30	014
228	6	229	030
3237	12	116	052
2157	6	2120	147
428	6	259	034
3219	12	2027	024
415	1	416	146
443	1	416	142
2069	6	1561	002
2071	6	30	058
630	6	30	122
1894	23	2920	000
2836	9	2705	106
2867	9	2517	139
2138	6	2008	053
364	6	29	156
588	1	590	140
178	6	115	140
6414	23	2935	070
19	6	2044	132
3130	14	3555	159
630	6	30	091
675	6	405	104
2130	6	2009	112
284	1	189	137
443	1	416	114
2615	9	2517	135
799	1	766	156
381	1	405	105
1860	9	2517	152
205	6	2019	157
2144	6	2018	150
2539	9	2540	159
6247	23	12509	159
2917	10	2942	150
626	1	46	146
7146	23	12532	117
212	1	189	028
228	6	229	006
6247	23	2935	116
2069	6	2018	145
2047	6	171	116
3106	11	3087	104
734	15	4977	024
213	1	189	152
3218	12	2018	156
2127	6	171	103
25	15	5024	058
6414	23	2935	030
1931	6	116	122
613	1	416	082
2119	6	2008	072
44	5	25	059
260	1	189	082
2022	6	2023	147
2157	6	2120	158
1930	15	5024	159
8301	23	3060	100
3187	23	12518	074
1363	1	119	155
2808	9	2517	151
598	6	30	023
8779	23	2989	033
1644	1	207	062
303	1	416	073
2126	6	2008	041
303	1	416	040
3200	12	2055	133
742	1	743	147
213	1	189	003
3225	23	2989	061
443	1	416	089
675	15	5120	132
473	1	416	113
1592	6	30	114
25	6	30	109
228	6	229	005
2140	6	2009	104
1956	6	2008	065
480	15	4990	141
2836	9	2705	125
205	1	207	018
4885	17	8813	036
6247	23	2935	155
1133	6	30	103
711	1	28	052
2143	6	2045	005
598	6	30	106
396	6	30	089
364	6	29	153
810	1	416	071
6247	23	12509	010
3187	23	12518	054
1941	6	2009	092
720	1	28	026
829	15	5088	160
771	6	30	009
3225	12	2155	160
1947	6	405	094
2589	9	2517	132
6247	23	12509	048
88	6	30	023
607	15	4990	085
636	1	172	090
765	6	30	001
3766	14	3495	057
1363	1	27	032
2867	9	2588	148
213	1	189	101
578	1	28	060
2026	6	30	087
215	1	189	079
3225	23	2938	003
303	1	416	010
25	15	5024	009
11201	22	9756	151
2157	6	2120	117
2102	6	2040	095
8301	23	3060	048
3231	12	29	113
205	1	207	098
199	1	189	073
199	1	189	130
480	15	5067	148
1871	12	170	134
88	6	29	149
3025	10	3026	099
720	1	28	014
2169	6	29	155
2006	6	29	106
800	1	416	069
3193	12	2155	082
6726	23	2966	098
303	1	416	002
818	1	416	159
100	6	30	097
2055	9	2490	160
1429	6	30	115
2068	6	173	030
613	1	416	158
2030	6	2009	121
2589	9	2517	120
1930	15	4977	125
759	1	28	054
2615	9	2517	109
3101	11	3102	099
832	1	416	050
2047	6	171	104
832	1	416	030
2113	6	29	039
720	1	28	135
8779	23	2989	023
2729	23	2935	100
12016	22	9630	152
4885	17	8813	072
228	6	2040	152
7789	23	12532	071
443	1	416	050
25	6	30	061
428	6	405	094
205	15	4990	092
2071	6	30	042
796	15	4990	055
428	15	5024	107
2071	6	30	060
178	6	116	085
3062	10	2924	063
142	6	30	043
2008	9	259	063
3190	12	2084	049
1970	6	2084	042
2020	6	2009	127
3218	12	2018	044
205	15	4990	085
5168	15	5088	092
188	1	189	052
6247	23	2935	145
2867	9	2517	157
213	1	189	034
793	1	341	147
3219	12	2027	069
3225	12	2155	138
702	1	28	143
44	5	25	135
2074	6	2052	025
198	1	189	092
292	1	120	061
100	6	30	081
796	15	4990	064
720	1	28	052
3211	12	2120	151
4054	14	4056	103
44	1	46	157
2116	6	2018	099
3211	12	2120	128
212	1	189	012
2021	6	405	111
228	6	2040	117
759	1	28	076
2099	9	2490	160
1941	6	2044	151
205	15	4990	112
720	1	28	130
1592	6	2145	153
2068	6	405	113
212	1	189	022
3189	12	2040	029
2153	6	30	129
3225	23	2989	075
195	1	189	126
1956	6	285	009
2126	6	625	138
6726	23	2966	059
8957	23	2922	104
4568	23	2946	056
2099	15	4969	159
2140	6	2018	136
195	1	189	011
3187	12	2055	101
3193	12	2155	113
8779	23	2989	035
2729	23	2966	144
810	1	416	064
3113	11	3102	102
2916	9	2517	121
822	1	416	073
3064	23	12505	126
3209	12	30	123
2105	6	2027	136
2138	6	2018	143
734	15	4977	127
734	15	4977	047
2102	6	2040	161
3192	12	2155	059
100	6	30	029
759	1	28	040
2539	9	2482	080
3219	12	2027	005
3166	23	12532	002
115	9	2486	160
810	1	416	069
2168	6	173	022
8779	23	2989	095
3718	14	3719	027
2911	10	2720	132
1894	23	2920	050
2101	6	2008	019
3113	11	3102	129
178	1	179	080
759	1	28	035
3206	12	2120	146
597	15	5088	022
2663	17	5817	138
968	1	408	114
188	1	189	160
303	1	416	127
1959	6	2009	126
2903	11	3089	149
2057	6	173	027
25	15	4990	075
3064	23	12505	011
3206	12	2082	061
415	1	416	073
88	6	29	148
2696	9	2476	138
1871	12	170	137
588	1	591	160
197	1	189	096
3211	12	2120	104
44	1	46	153
2026	6	2029	001
2984	10	2946	139
675	1	320	131
228	1	229	043
796	15	4990	019
2809	17	5816	133
2030	6	2008	036
728	1	405	097
2113	6	29	032
2688	9	2517	118
2917	9	2593	119
6726	23	2966	067
636	1	172	112
47	6	29	136
2138	6	2008	031
675	15	5120	082
3193	12	115	146
2157	6	2120	155
1958	6	2009	131
2030	6	2032	160
610	1	416	068
2030	6	2009	101
212	1	189	134
3187	12	2055	122
1931	6	116	059
597	15	5088	058
846	1	397	091
7847	23	2966	025
215	1	189	063
478	1	444	147
3211	12	2120	121
380	6	30	079
3193	12	2155	003
2917	9	2593	130
3577	14	3437	044
2125	6	2009	123
44	6	29	151
406	1	408	098
2116	6	2018	095
188	1	189	119
25	15	4990	055
588	6	589	150
396	6	30	077
1956	6	2008	049
205	6	30	123
1930	15	4977	087
812	1	416	147
675	15	5120	119
2068	6	405	086
1363	1	27	020
6006	17	5818	074
2867	9	2588	143
3200	12	2055	131
1133	15	4990	124
1930	15	4977	076
213	1	189	121
2785	9	2593	119
597	15	5088	148
846	1	397	007
3839	14	3496	033
613	1	416	121
610	1	416	052
2069	6	2018	129
195	1	189	135
2663	17	6190	146
832	1	416	065
178	1	179	008
2102	6	2040	125
172	1	171	159
205	6	2019	156
228	6	2040	149
771	1	629	102
8708	23	12505	124
846	1	845	152
2909	9	2720	094
2140	6	2009	096
3192	12	2155	055
3113	11	3102	065
9289	20	6706	137
2917	10	2942	063
711	1	28	091
88	6	30	068
734	15	4977	154
3190	12	2084	050
1502	1	416	005
811	1	416	102
2035	6	2009	093
720	1	28	110
2116	6	2018	091
734	15	4977	090
734	15	4977	048
2020	6	2009	121
3577	14	3437	013
1871	12	2155	093
2917	10	2942	070
509	6	30	034
19	6	2009	093
3577	14	3437	042
2020	6	2008	054
169	6	405	089
212	1	189	057
3025	10	3026	079
3217	12	28	030
7789	23	12532	119
1970	6	2040	152
796	15	4990	088
2138	6	2018	157
2074	6	2075	057
734	15	4977	099
588	6	30	086
1912	6	2050	161
2099	15	4969	161
3225	23	2938	033
800	1	416	055
118	1	119	159
3205	12	2055	136
812	1	416	146
3053	23	12505	105
3101	11	3102	042
2119	6	2120	157
2845	9	2518	094
12016	22	9678	160
25	15	5024	039
55	6	29	145
4885	17	8813	156
196	1	189	007
771	1	629	108
2008	9	259	075
380	6	30	066
213	1	189	025
3143	11	3087	035
2156	6	30	032
113	6	30	012
6247	23	2935	072
2729	23	2966	088
1958	6	2061	024
6414	23	2935	115
3206	12	2120	102
261	1	262	010
2809	17	5935	134
3143	11	3087	042
6726	23	2966	078
2130	6	2009	104
8301	23	3060	029
1912	15	5024	148
3193	12	2155	052
2501	9	2502	157
771	6	30	012
831	1	416	025
1502	1	416	152
3219	12	2027	155
584	1	259	040
2539	9	2482	124
2144	6	2009	099
675	15	5120	000
55	6	30	094
818	1	416	008
1133	15	4990	116
2119	6	2120	142
702	6	28	090
3209	12	30	119
1959	6	2008	078
1593	1	1594	000
3193	12	2155	125
8301	23	3060	132
1871	12	2155	111
2008	9	259	037
2693	14	3468	143
7789	23	12532	062
172	1	402	006
810	1	416	058
2845	14	3956	155
44	5	25	068
2101	6	2040	136
811	1	416	143
2035	6	625	158
3209	12	30	069
765	6	30	031
44	5	25	002
800	1	416	132
2003	6	30	107
4890	14	3785	055
2068	6	2029	004
178	1	179	014
113	6	30	077
3106	11	3087	114
415	1	416	120
2069	6	1561	062
1871	12	2155	028
113	6	30	075
2140	6	2008	051
588	6	30	057
228	1	229	056
3189	12	2040	145
399	1	405	120
2693	12	28	027
3231	12	29	079
2142	6	2008	043
3190	12	2120	157
6006	17	5818	101
17	1	18	040
443	1	416	161
178	1	179	015
169	6	171	153
2069	6	2018	098
2135	6	30	027
2845	10	2977	159
675	15	4990	099
3206	12	2120	161
88	6	30	116
2811	9	2517	101
1860	9	2517	145
2144	6	2009	083
636	1	172	122
613	1	416	096
2026	6	2029	000
588	6	30	061
613	1	416	022
2156	6	30	019
2068	6	173	032
2773	9	2517	101
25	6	30	013
428	6	259	033
12016	22	9630	154
431	1	189	072
831	1	416	151
1930	15	4977	012
2836	17	5818	160
2169	6	29	158
284	1	189	147
794	1	478	128
3216	12	2155	022
3025	10	3026	100
10636	22	2157	148
3218	12	2018	067
100	6	30	058
1593	1	1594	076
2729	23	2935	087
1860	9	2517	156
734	15	4977	031
3866	14	3487	091
1502	1	416	000
734	15	4977	128
2693	12	28	050
2003	6	30	033
3187	12	2055	117
2696	9	2476	034
7789	23	12532	020
3187	23	12518	064
831	1	416	027
431	1	189	127
228	6	229	024
3143	11	3087	125
198	1	189	043
12	1	14	081
2583	9	2476	126
1922	6	2018	102
629	1	30	069
771	1	629	066
7382	20	6012	136
478	1	444	037
205	15	4990	006
2110	6	171	161
428	15	5024	126
6247	23	2935	054
178	6	116	081
284	6	2008	029
3218	12	2018	069
431	1	189	095
2809	17	5935	147
292	1	120	007
205	1	207	116
811	1	416	007
2003	6	2019	150
2003	6	30	075
2105	6	30	017
8475	17	6110	106
4054	14	3623	136
6006	17	5818	105
292	1	120	062
2140	6	2009	101
3225	23	2938	125
2030	6	2008	028
480	15	4990	038
2116	6	2070	073
742	1	748	100
3190	12	2084	014
25	15	4990	008
765	6	30	052
702	1	28	107
3178	17	5951	159
2693	11	3087	134
1133	6	30	113
478	1	444	038
846	1	397	065
597	15	5088	009
720	1	28	097
396	6	30	035
473	1	416	033
2059	6	2061	084
261	1	263	002
2003	6	30	103
2069	6	1561	061
25	6	30	126
197	1	189	076
431	1	189	113
831	1	416	138
2169	6	29	026
2015	6	115	139
2729	23	2935	058
100	6	29	161
284	1	189	157
584	1	259	059
2113	6	29	103
292	1	120	081
2909	9	2593	112
3166	23	12532	100
1593	1	1594	063
2916	9	2517	108
2127	6	171	143
588	6	30	039
734	15	4977	088
822	1	416	008
6414	23	2935	083
284	1	189	081
44	5	25	154
3101	11	3102	076
2539	9	2482	121
734	15	4977	059
2808	9	2517	116
2142	6	2009	094
197	1	189	095
178	6	115	139
734	15	4977	081
2615	9	2476	125
1525	6	29	095
3219	12	2027	074
2811	9	2517	148
7789	17	5948	158
675	15	5120	094
2785	9	2593	151
1956	6	2008	062
2116	6	2018	143
381	6	405	032
509	6	30	128
6726	23	2966	127
3206	12	2120	151
2074	6	405	093
1941	6	2045	003
3577	14	3437	069
284	1	189	129
2135	6	2045	005
205	6	30	052
25	15	4990	114
2126	6	2009	116
1525	6	29	025
3217	12	28	094
2909	9	2593	151
4054	14	3623	116
199	1	189	060
822	1	416	159
1961	6	2031	157
2644	9	2593	122
1956	6	285	005
832	1	416	028
832	1	416	037
597	15	5088	047
742	15	4990	136
6414	23	2935	044
211	1	189	144
2984	10	2946	108
5308	15	5088	086
1975	6	2009	096
659	1	341	015
3197	12	2055	135
12497	22	10801	161
205	1	207	088
3190	12	2120	079
17	1	18	129
12345	22	9668	145
8301	23	3060	117
5252	15	5088	157
55	6	30	021
7146	23	12532	049
2065	6	2040	057
406	1	408	068
2169	6	29	143
169	6	405	109
2071	6	30	113
6414	23	2935	041
2006	6	29	004
2156	6	30	020
3187	12	2055	115
3193	12	2155	131
759	1	28	124
1961	6	2009	091
1133	15	4990	009
3170	17	5953	159
44	6	550	133
2169	6	29	066
968	1	408	132
2069	6	1561	036
2644	9	2593	105
2102	6	2008	033
2102	6	2040	117
2127	6	171	085
3166	23	12532	125
2003	6	2038	006
584	6	405	122
832	1	416	145
380	6	30	090
2845	9	2518	106
4684	14	3707	136
446	1	402	139
205	6	30	094
1975	6	2008	053
2785	9	2593	160
2663	17	5935	141
3113	11	3102	048
1959	6	2008	057
2102	6	2008	051
172	1	402	094
169	1	172	145
3209	12	30	017
215	1	189	071
771	6	30	050
675	15	4990	100
44	5	25	152
1970	6	2040	083
2903	11	3089	096
2101	6	285	004
3577	14	3437	161
2984	10	2946	101
169	1	173	010
597	15	5088	106
2140	6	2045	009
113	6	29	143
213	1	189	088
480	15	4990	148
811	1	416	006
2006	6	29	016
675	15	5120	140
3839	14	3496	032
1958	6	2009	095
303	1	416	144
2785	9	2593	159
480	15	5067	110
3101	11	3102	121
258	1	259	066
2074	6	171	153
822	1	416	128
2140	6	2009	103
6524	17	6066	121
178	1	179	081
702	6	28	144
12528	23	12532	047
188	1	189	131
428	6	405	121
3206	12	2120	111
380	6	30	089
831	1	416	051
1958	6	2061	035
2183	9	2486	160
8957	23	2922	022
3130	14	3544	154
675	15	4990	158
5308	15	5088	134
818	1	416	027
488	1	30	109
2116	6	2061	004
7847	23	2966	123
12	1	14	137
5308	15	5088	113
2615	9	2517	148
1961	6	2031	155
3206	12	2082	044
25	6	30	040
2073	6	2008	057
2127	6	171	088
213	1	189	122
2073	6	2008	051
793	1	660	161
800	1	416	080
6247	23	12509	070
2168	6	173	035
800	1	416	064
2015	6	115	157
734	15	4977	102
1931	6	115	146
6006	17	5818	049
1133	15	4990	048
195	1	189	078
2693	14	3468	148
2110	6	402	147
3217	12	28	002
3142	14	3519	068
44	6	30	100
3143	11	3087	142
363	1	120	151
228	1	229	075
3941	14	3495	010
2074	6	2075	066
6247	23	2935	024
1133	15	4990	016
7789	23	12532	129
607	15	4990	096
1133	6	30	043
473	1	416	156
2008	9	259	045
846	1	397	011
1486	6	29	161
796	15	4990	100
1922	6	2061	056
205	1	207	020
113	6	30	014
3211	12	2120	149
44	1	46	161
607	15	4990	094
1961	6	2008	080
6247	23	2935	034
720	1	28	071
2156	6	30	088
3225	23	2938	028
2140	6	2018	133
598	6	30	050
211	1	189	055
1941	6	2044	150
178	6	116	086
720	1	28	103
822	1	416	140
1930	15	4977	119
6414	23	2935	097
2125	6	2009	118
675	6	405	108
17	6	30	038
205	1	207	089
2126	6	2045	002
6247	23	2935	041
2917	9	2593	057
831	1	416	009
3211	12	2082	026
1958	6	2009	105
2105	6	30	109
2539	9	2482	065
728	1	405	027
2845	14	3956	125
800	1	416	149
55	6	30	004
415	1	416	013
2021	6	405	093
711	1	28	023
3106	11	3087	023
2020	6	2008	018
2836	9	2705	109
2026	6	30	062
702	1	28	033
480	15	4990	064
2138	6	2009	108
2003	6	30	105
702	6	28	093
765	6	29	140
7146	23	12532	100
1871	12	2155	002
196	1	189	034
4568	23	2946	023
588	6	30	095
2903	11	3089	117
195	1	189	090
1912	6	402	139
1959	6	2009	116
2809	17	5818	155
578	1	28	101
610	1	416	065
3209	12	30	007
8779	23	2989	119
4899	14	3623	158
2156	6	30	111
188	1	189	129
796	15	4990	136
2539	9	2540	143
7146	23	12532	095
399	1	405	090
720	1	28	048
3231	12	29	118
197	1	189	053
2785	9	2520	157
3143	11	3087	073
2693	14	3468	142
443	1	416	126
1970	6	2084	007
88	6	30	006
1956	6	2008	047
812	1	416	076
610	1	416	048
711	1	28	043
2587	9	2588	050
381	6	405	111
509	15	4977	053
588	6	30	101
212	1	189	052
2845	9	2518	131
3866	14	3487	141
446	1	259	042
3197	12	2120	107
1976	6	229	074
3143	11	3087	020
675	1	320	151
2615	9	2517	094
478	1	444	138
711	1	28	160
800	1	416	096
1486	6	29	148
2047	6	171	096
473	6	2082	052
83	6	29	140
2729	23	2935	124
1931	6	115	149
1133	15	4990	115
1363	1	27	131
2773	9	2517	141
6885	17	6268	152
205	6	30	077
2026	6	30	011
480	15	4990	087
6247	23	2935	069
3197	12	2120	100
480	15	4990	000
5168	15	5088	128
2903	11	3089	002
3190	12	2120	114
2909	9	2720	007
17	1	18	058
2073	6	2008	039
196	1	189	021
198	1	189	154
8779	23	2989	087
396	6	29	145
831	1	416	104
7789	23	12532	023
1644	1	207	063
7847	23	2966	116
4054	14	3623	109
1931	6	116	118
8779	23	2989	140
25	15	4990	052
2909	9	2593	110
7789	23	12532	118
115	15	4969	161
810	1	416	059
810	1	416	055
8779	23	2989	085
205	6	30	093
228	1	229	044
597	15	5088	030
2059	6	2061	008
2121	6	405	115
771	6	30	001
2911	10	2720	098
711	1	28	100
818	1	416	077
734	15	4977	014
2903	11	3089	027
2153	6	30	009
578	1	28	111
2119	6	2120	101
720	1	28	085
406	1	408	100
446	1	259	059
381	6	405	029
2055	9	2571	159
284	6	2040	107
3217	12	28	102
3211	12	2120	076
1958	6	2009	124
6726	23	2966	037
613	1	416	028
2615	9	2476	158
3187	23	12518	145
630	6	30	110
444	1	405	108
636	1	172	041
2911	9	2482	093
47	6	30	076
3189	12	2040	051
6247	23	12509	160
205	1	207	078
759	1	28	113
3101	11	3102	137
832	1	416	034
742	1	748	084
5308	15	5088	153
2539	9	2540	124
2026	6	30	059
303	1	416	012
115	9	2571	160
25	6	30	029
742	15	4990	129
17	1	18	103
2142	6	2008	034
2144	6	2009	126
509	15	4977	059
1976	6	2040	087
3577	14	3437	130
12528	23	12532	064
702	6	28	007
2119	6	2045	152
2917	9	2593	050
44	1	46	138
2020	6	2008	032
480	15	4990	075
845	1	28	132
2142	6	2009	128
415	1	416	032
2026	6	2027	147
2168	6	173	037
260	1	189	092
2696	9	2476	053
3219	12	2027	043
1912	6	2179	008
7847	23	2966	013
1931	6	116	041
444	1	405	129
2729	23	2935	059
771	1	629	054
2102	6	2040	136
509	6	30	013
3217	12	28	132
2587	9	2476	112
380	6	30	108
25	15	5024	078
626	6	46	156
19	6	2045	004
55	6	30	065
742	15	4990	144
2644	9	2593	074
610	1	416	015
2729	23	2935	149
8883	17	6436	108
381	1	259	055
47	6	30	079
205	6	30	104
1912	6	259	057
8779	23	2989	137
765	6	30	017
12528	23	12532	123
1429	6	30	067
415	1	416	019
659	1	341	099
2539	9	2482	073
2156	6	30	057
759	1	28	064
1975	6	2008	066
810	1	416	095
3064	23	12505	089
2057	6	173	038
205	6	30	092
796	1	797	159
2615	9	2476	101
28	9	29	151
17	6	30	064
6247	23	2935	064
3218	12	2018	047
1593	1	1594	116
6247	23	12509	034
19	6	2009	121
1956	6	285	000
431	1	189	037
2168	6	173	021
2688	9	2517	113
845	1	28	089
2153	6	2027	153
3143	11	3087	090
2592	9	2593	132
675	1	320	081
584	6	259	045
2729	23	2966	080
6006	17	5818	118
702	1	28	073
2539	9	2482	133
2026	6	2027	136
178	6	116	102
2006	6	29	048
607	15	4990	092
3577	14	3437	151
2138	6	2018	144
3064	23	12505	094
3166	23	12532	046
2006	6	29	157
6247	23	12509	144
2059	6	2060	096
3193	12	2155	033
2101	6	2040	131
2845	10	2977	156
2909	9	2720	125
2020	6	2009	095
2006	6	29	005
968	1	408	089
3237	12	116	051
2663	17	5817	135
228	6	229	010
3130	14	3545	126
2059	6	2060	105
284	1	285	002
3187	23	12518	063
88	6	30	075
1975	6	2008	038
88	6	29	145
172	1	402	086
199	1	189	105
142	6	30	076
3193	12	2155	018
2644	9	2593	057
1912	6	405	117
1592	6	30	042
636	1	172	129
4568	23	2946	025
2135	6	2009	081
172	1	402	119
2074	6	405	110
2020	6	2008	042
810	1	416	088
3143	11	3087	012
195	1	189	088
2068	6	173	083
1922	6	2061	022
759	1	28	014
629	1	28	159
2587	9	2476	141
1502	1	416	026
2059	6	2061	050
2644	9	2593	087
11693	22	2157	153
25	15	4990	030
771	1	629	055
25	15	4990	070
3166	23	12532	142
2068	6	173	062
597	15	5088	155
6414	23	2935	121
11201	22	11202	140
2020	6	2009	107
473	6	2082	061
702	6	28	107
2644	9	2593	066
613	1	416	077
6414	23	2935	017
399	15	5043	157
1912	15	5024	151
2809	17	5816	148
25	15	4990	145
3166	23	12532	140
759	1	28	004
3231	12	29	013
2644	9	2593	095
284	1	189	089
1959	6	2009	102
818	1	416	032
2845	14	3956	115
3101	11	3102	093
228	6	229	023
2057	6	173	072
1871	12	170	142
178	6	116	022
702	1	28	048
3216	12	2155	106
2140	6	2008	040
2135	6	2031	161
473	1	416	067
2068	6	173	034
626	6	46	151
2113	6	29	008
12528	23	12532	012
832	1	416	000
260	1	189	153
2035	6	2009	101
198	1	189	151
636	1	172	106
260	1	189	076
478	1	444	093
7146	23	12532	060
2102	6	2008	037
2030	6	2008	059
2693	12	28	010
6247	23	12509	086
2615	9	2593	137
396	6	30	008
509	15	4977	124
509	15	4977	025
1363	1	27	082
6414	23	2935	056
213	1	189	068
2113	6	29	141
1871	12	2155	061
69	1	72	115
2663	17	5817	145
1959	6	2008	027
7789	23	12532	056
6414	23	2935	093
6006	17	5818	037
195	1	189	142
17	1	1561	007
2068	6	173	017
28	1	29	136
1970	6	2055	029
3187	12	2055	105
446	1	259	040
399	1	405	091
2773	9	2517	104
3219	12	2027	014
205	1	207	013
28	1	29	148
1931	6	116	039
812	1	416	134
3866	14	3487	120
478	1	444	133
675	15	4990	072
44	5	25	118
598	6	30	089
2126	6	2036	133
702	6	28	136
2615	9	2517	156
2811	9	2517	131
2729	23	2966	103
4568	23	2946	029
284	6	285	005
3225	23	2938	059
292	1	120	065
1871	12	2155	074
188	1	189	011
675	15	5120	039
25	15	5024	130
25	15	5024	128
2945	14	4034	117
2119	6	2045	106
215	1	189	089
822	1	416	038
480	15	5067	122
12	1	14	090
25	15	5024	028
1975	6	2009	100
597	15	5088	136
1525	6	29	069
2074	6	2075	040
44	6	30	049
169	6	173	080
83	6	29	161
396	6	30	105
25	6	30	042
2811	9	2517	127
2587	9	2588	124
2729	23	2966	138
196	1	189	130
3159	17	6308	158
19	6	2009	122
3190	12	2120	092
1975	6	2008	037
702	1	28	061
2156	6	30	026
1930	15	4977	134
1961	6	2009	126
2832	17	5817	082
818	1	416	049
196	1	189	123
2867	9	2517	103
1941	6	2044	155
25	1	27	144
2845	14	3956	136
2168	6	173	016
2153	6	30	111
1947	6	173	082
2157	6	2120	136
5168	15	5088	086
3053	23	12505	052
2071	6	30	121
7847	23	2966	155
832	1	416	085
2773	9	2517	158
1593	1	766	157
968	1	408	037
3113	11	3102	160
3187	23	12518	123
968	1	74	154
2917	10	2942	056
2663	17	5816	131
2105	6	30	040
7847	23	2966	120
812	1	416	036
292	1	120	074
2047	6	171	075
3209	12	30	117
2909	9	2593	052
1975	6	625	136
2903	11	3089	040
3231	12	29	149
2073	6	29	159
509	6	29	160
8957	23	2922	066
2917	17	6245	048
2663	9	2476	154
28	9	29	156
636	1	444	160
3784	14	3786	147
832	1	416	043
2909	9	2720	099
205	15	4990	130
810	1	416	041
1912	6	2179	011
2903	11	3089	119
178	6	116	070
44	6	30	130
473	6	2040	075
2845	9	2518	148
3217	12	28	085
12016	22	9579	148
636	1	172	062
197	1	189	037
811	1	416	076
3189	12	2040	040
1593	1	1594	053
3216	12	2155	041
55	6	30	033
6247	23	12509	161
1363	1	27	070
2809	17	5817	102
2006	6	29	039
1922	6	2061	014
406	1	408	061
2592	9	2593	143
2127	6	171	129
2026	6	30	127
8957	23	2922	139
8301	23	3060	144
5168	15	5088	142
3231	12	29	046
578	1	28	106
2101	6	2008	049
509	6	30	067
25	15	5024	018
25	1	28	160
142	6	2044	138
728	1	405	065
2911	10	2720	095
1956	6	2008	056
178	1	179	077
2587	9	2588	077
812	1	416	126
4568	23	2946	028
626	6	46	158
2809	17	5816	140
3217	12	28	009
415	1	416	138
728	1	405	044
3209	12	30	083
415	1	416	077
1871	12	2155	048
6414	23	2935	048
2729	23	2935	007
1525	6	29	002
2153	6	30	011
2071	6	30	111
6006	17	5818	064
800	1	416	160
3166	23	12532	045
832	1	416	135
12	1	14	117
742	15	4990	131
2688	9	2517	127
831	1	416	154
3508	14	3436	157
446	1	259	029
478	1	444	019
25	6	30	116
6247	23	2935	045
4568	23	2946	100
818	1	416	044
629	1	30	031
3053	23	12505	086
17	1	18	114
3866	14	3487	132
2169	6	29	059
831	1	416	098
675	6	405	113
8472	17	6727	152
260	1	189	121
832	1	416	107
2135	6	2008	048
25	15	4990	012
1893	20	7092	160
4568	23	2946	017
796	15	4990	157
178	6	116	131
213	1	189	141
2121	6	405	098
2867	9	2517	119
195	1	189	049
2917	10	2942	151
3206	12	2120	157
2587	9	2588	148
3225	23	2989	007
480	15	4990	031
100	6	30	074
598	6	30	042
3217	12	28	124
3101	11	3102	071
1976	6	229	020
3064	23	12505	052
69	1	72	033
1525	6	29	066
2069	6	2018	132
44	6	30	038
675	15	5120	121
811	1	416	033
205	1	207	106
178	1	179	011
205	15	4990	035
100	6	30	012
3189	12	2040	006
771	1	629	049
588	6	30	042
380	6	30	056
3064	23	12505	076
846	1	397	029
1871	12	2155	118
2911	10	2720	093
196	1	189	103
2169	6	29	061
1644	1	207	030
584	6	405	092
3187	23	12518	085
2119	6	2045	026
2836	9	2705	075
1970	6	2040	076
2917	10	2942	154
69	1	72	018
19	6	2009	106
4568	23	2946	033
702	1	28	017
2130	6	2027	139
597	15	5088	048
2074	6	173	082
2696	9	2476	147
19	6	2044	134
3218	12	2018	012
3130	14	3437	132
3113	11	3102	119
588	1	590	143
3217	12	28	112
195	1	189	025
6414	23	2935	142
765	6	30	034
1644	1	207	087
1894	23	2920	117
1851	17	6011	155
659	1	341	080
1922	6	2018	142
2059	6	2018	143
636	1	172	020
7789	23	12532	103
3755	14	3495	144
1525	6	29	014
629	1	30	118
473	6	2040	079
205	6	2019	153
1525	6	29	089
213	1	189	059
2116	6	2061	040
2156	6	30	033
2073	6	2008	041
2903	11	3089	115
303	1	416	051
2126	6	2008	067
6247	23	2935	087
832	1	416	140
2020	6	2018	154
831	1	416	000
443	1	416	043
2068	6	2027	144
3206	12	2082	046
55	6	30	122
1947	6	173	066
6726	23	2966	159
3113	11	3102	141
796	15	4990	052
3231	12	29	050
968	1	408	096
3219	12	2027	102
636	1	172	134
613	1	416	156
659	1	341	064
25	15	4990	066
396	6	30	111
801	15	5088	156
610	1	416	019
3186	12	2155	148
113	6	30	038
444	1	405	115
2917	10	2942	086
12	1	14	013
12528	23	12532	136
1912	15	5024	108
2157	6	2120	119
3106	11	3087	029
1941	6	2044	157
25	6	30	035
178	1	179	039
25	1	28	145
55	6	30	088
2059	6	2061	090
3784	14	3785	159
188	1	189	132
675	15	4990	021
810	1	416	092
2138	6	2045	017
44	5	25	122
2945	14	4034	148
2587	9	2476	068
381	6	405	100
2903	11	3089	032
1841	23	2997	099
3216	12	2155	066
1860	9	2517	120
3200	12	2055	146
675	15	4990	040
205	6	30	073
2020	6	2045	004
2101	6	285	006
2142	6	2009	087
720	1	28	062
44	5	25	063
2059	6	2061	051
478	1	444	069
2693	12	28	084
1947	6	173	060
6247	23	12509	131
2809	17	5818	139
25	15	4990	117
2101	6	2040	101
2615	9	2593	147
6414	23	2935	012
2587	9	2476	140
659	1	341	029
3206	12	2082	059
610	1	416	091
2047	6	171	156
1525	6	29	021
1975	6	2008	014
2539	9	2482	157
2169	6	29	028
812	1	416	045
3834	14	3415	160
3755	14	3495	141
44	6	30	113
1959	6	2009	084
765	6	30	082
675	15	5120	107
6247	23	12509	098
228	6	2040	108
228	6	2040	106
2113	6	29	011
1947	6	173	070
2130	6	2008	030
6247	23	2935	149
629	1	30	129
2808	9	2517	123
8957	23	2922	109
1894	23	2920	122
213	1	189	004
3577	14	3437	072
2126	6	2008	020
4885	17	8813	136
197	1	189	032
1975	6	2008	063
2140	6	2009	094
702	6	28	139
7789	23	12532	105
598	6	30	012
711	1	28	018
12	1	27	146
3216	12	2155	042
509	6	30	110
4932	14	3509	005
3200	12	2055	109
2663	17	5818	133
2006	6	29	083
3225	23	2989	074
4885	17	8813	123
810	1	416	112
584	6	259	037
2677	9	2610	160
113	6	29	159
478	1	444	110
1941	6	2008	059
3425	14	3428	131
1592	1	299	155
810	1	416	121
1970	6	2040	142
3205	20	6012	144
211	1	189	010
8779	23	2989	091
7881	20	6706	157
8779	23	2989	125
2153	6	29	159
800	1	416	034
2130	6	2045	013
195	1	189	003
284	6	2040	150
2845	9	2518	150
3205	12	2055	156
3200	12	2055	100
12	1	27	147
2003	6	30	071
675	6	171	152
771	6	29	144
2047	6	171	011
284	6	2040	153
12	1	14	113
2030	6	2032	148
480	15	5067	135
292	1	120	033
3866	17	6066	050
509	15	4977	054
431	1	189	151
509	15	4977	063
1133	6	592	132
2911	10	2720	159
8779	23	2989	041
811	1	416	058
598	6	30	032
3101	11	3102	065
480	1	481	153
12528	23	12532	092
3209	12	30	111
2057	6	173	028
8957	23	2922	084
2663	17	5935	133
478	1	444	099
47	6	30	115
380	6	30	100
205	15	4990	018
12528	23	12532	113
630	6	30	008
25	6	30	101
3718	14	3495	038
12536	23	2935	122
2811	9	2517	157
3064	23	12505	087
303	1	416	043
3888	14	3832	013
3197	12	2055	118
812	1	416	035
3166	23	12532	053
1429	6	2111	130
205	6	30	034
659	1	341	057
2539	9	2540	155
1912	6	259	049
2101	6	2040	110
6726	23	2966	047
7789	23	12532	111
415	1	416	090
3101	11	3102	072
3206	12	2120	138
771	1	629	131
2845	9	2518	111
2113	6	29	083
1894	23	2920	092
399	1	405	093
2153	6	30	018
6414	23	2935	002
2945	14	4034	139
832	1	416	122
2539	9	2482	116
2127	6	171	149
3784	14	3785	155
2157	6	2120	126
292	1	120	057
431	1	189	108
5308	15	5088	037
12528	23	12532	101
488	1	30	116
1959	6	2008	079
1930	15	4977	090
3189	12	2040	050
415	1	416	011
381	1	405	129
2587	9	2588	063
759	1	28	049
100	6	30	101
2785	9	2520	135
846	1	397	134
381	6	405	048
2153	6	30	090
473	6	2040	086
1133	6	592	155
3237	12	116	058
629	1	30	034
2140	6	2008	041
7789	23	12532	101
25	15	4990	074
2121	6	2122	018
2917	9	2593	066
44	6	30	081
381	6	405	106
480	15	5067	126
428	6	405	122
630	6	29	158
3237	12	116	057
2615	9	2517	150
2142	6	2027	151
2074	6	405	096
630	6	29	142
3166	23	12532	149
1912	15	5024	152
3206	12	2082	073
2119	6	2045	006
610	1	416	040
610	1	416	025
4054	14	3623	121
8957	23	2922	074
480	15	4990	050
734	15	4977	152
3206	12	2082	032
1593	1	1594	007
1593	1	1594	045
6247	23	2935	052
473	1	416	010
3064	23	12505	028
2945	14	3623	134
598	6	30	055
2035	6	2009	091
443	1	416	038
2867	9	2588	125
675	1	320	108
796	15	4990	012
4568	23	2946	114
2110	6	402	145
2026	6	2027	149
2142	6	2031	155
6539	17	6066	080
473	1	416	015
845	1	28	092
1363	1	27	120
25	6	30	014
4884	14	3495	069
169	1	173	000
2644	9	2593	123
3219	12	2027	055
613	1	416	125
832	1	416	055
2003	6	2038	013
6247	23	12509	079
100	6	29	145
446	1	259	060
2047	6	171	029
205	6	2038	014
196	1	189	038
811	1	416	113
3814	14	3544	145
10636	22	2157	147
443	1	416	064
2020	6	2018	153
1941	6	2045	007
2903	11	3089	076
794	1	478	160
2047	6	171	082
47	1	30	063
4885	17	8813	101
6247	23	2935	156
3713	14	3495	037
169	6	173	041
1970	6	2084	011
3193	12	2155	042
765	6	30	077
292	1	120	024
598	6	30	117
2663	17	5816	149
2126	6	2008	079
636	1	172	055
2917	9	2593	063
2917	9	2593	106
25	15	5024	042
473	6	2040	094
578	1	28	146
211	1	189	097
3187	12	2055	143
6247	23	2935	103
1363	1	27	121
8779	23	2989	126
406	1	408	092
2836	9	2705	078
431	1	189	103
1961	6	2009	105
3101	11	3102	152
629	1	30	003
812	1	416	022
728	1	405	025
728	1	259	038
2644	9	2593	119
44	5	25	004
2909	9	2720	030
630	6	30	050
3090	11	3087	141
2073	6	2008	044
1133	6	30	124
1931	6	116	115
812	1	416	025
509	15	4977	042
478	1	444	156
3231	12	29	158
2130	6	2008	064
588	6	30	026
2059	6	2060	115
584	1	259	044
303	1	416	138
380	6	28	133
800	1	416	122
2047	6	171	095
3143	11	3087	149
1947	6	173	045
480	15	4990	145
1593	1	1594	012
3577	14	3437	012
205	15	4990	037
822	1	416	129
818	1	416	038
2026	6	30	033
4885	17	8813	069
734	15	4977	050
1910	14	3971	133
196	1	189	080
2020	6	2008	029
675	15	4990	075
1860	9	2517	155
610	1	416	007
675	15	5120	025
2917	9	2593	090
742	1	748	109
728	1	405	084
4932	14	3793	021
2143	6	2045	006
2615	9	2593	090
228	1	229	006
2785	9	2593	156
675	15	5120	102
3219	12	2027	030
2074	6	405	086
1947	6	405	129
2126	6	2045	016
2006	6	29	153
205	15	4990	003
1133	6	30	035
480	15	5067	144
2074	6	405	102
2069	6	2018	143
303	1	416	098
2663	9	2588	139
2138	6	2009	112
1947	6	173	072
2809	17	5935	153
11201	22	11202	141
598	6	2019	150
198	1	189	005
2785	9	2593	146
702	1	28	157
399	1	171	158
3577	14	3437	152
610	1	416	097
2127	6	171	041
584	6	405	114
800	1	416	037
675	15	5120	007
7847	23	2966	003
6247	23	12509	092
4568	23	2946	055
55	6	30	079
3784	14	3785	158
2592	9	2593	100
17	6	2044	154
2917	10	2942	134
55	6	30	085
2101	6	2045	018
47	6	29	144
2587	9	2476	149
2119	6	2045	020
169	1	173	027
2020	6	2087	156
846	1	397	079
4885	17	8813	153
822	1	416	082
1871	12	2155	106
675	15	5120	010
610	1	416	063
1502	1	416	018
734	15	4977	066
2030	6	2032	161
2073	6	2008	067
213	1	189	135
198	1	189	152
578	1	28	056
1593	1	1594	141
2903	11	3089	080
702	6	28	029
1976	6	229	082
810	1	416	015
1931	6	116	132
3187	12	2055	113
2169	6	29	025
2845	14	3956	105
2020	6	2009	094
1851	10	3052	133
100	6	30	028
734	15	4977	143
2979	17	6245	106
2065	6	2040	031
284	1	189	092
6266	17	6066	120
2105	6	2027	135
292	1	119	161
3718	14	3762	034
213	1	189	102
1912	6	405	126
415	1	416	004
2072	6	29	152
2809	17	5817	100
3206	12	2120	124
2105	6	30	130
6006	17	5818	092
480	15	5067	151
5308	15	5088	085
205	6	2038	019
2116	6	2018	126
509	6	30	046
25	15	4990	037
19	6	2009	083
205	6	30	103
1592	6	30	121
4615	14	3737	080
478	1	444	157
3577	14	3437	104
2116	6	2018	128
2809	17	5818	116
3217	12	28	091
3113	11	3102	075
2102	6	2040	107
292	1	120	059
10636	22	10637	142
19	6	2044	158
8301	23	3060	039
2909	9	2593	075
228	6	229	031
2119	6	2120	145
195	1	189	124
213	1	189	009
2113	6	29	160
4568	23	2946	122
2909	9	2720	075
2142	6	2009	131
178	1	179	070
381	6	405	093
822	1	416	067
284	1	189	099
811	1	416	122
303	1	416	137
428	6	259	073
811	1	416	039
1947	6	173	046
3187	12	2055	141
1393	1	589	159
17	1	18	130
2169	6	29	095
7146	23	12532	008
2917	10	2942	094
47	6	29	149
205	6	30	059
4885	17	8813	057
2105	6	2027	150
2121	6	405	112
2156	6	30	120
3200	12	2055	107
2074	6	405	133
1871	12	2155	036
44	5	25	161
3189	12	2040	059
2135	6	2008	076
3866	14	3487	105
2773	9	2517	113
4885	17	8813	034
3200	12	2055	111
473	6	2040	122
396	6	30	060
215	1	189	048
2539	9	2482	119
818	1	416	134
488	1	30	113
3193	12	115	145
396	6	30	029
845	1	28	112
1860	9	2517	135
728	1	405	094
7847	23	2966	063
2156	6	30	053
446	1	259	044
578	1	28	135
3814	14	3519	154
47	6	29	140
1930	15	4977	161
17	6	30	092
2020	6	2045	018
7146	23	12532	150
205	15	4990	096
2811	9	2517	151
215	1	189	012
2773	9	2517	111
88	6	332	131
2729	23	2966	112
6247	23	2935	051
1910	14	3956	122
509	6	30	051
215	1	189	102
5308	15	5088	149
5252	15	5088	131
675	15	4990	003
3186	12	2155	129
473	6	2055	021
598	6	2019	147
2121	6	402	144
428	15	5024	160
284	1	285	006
3225	23	2938	114
44	5	25	087
3187	23	12518	135
1133	6	30	107
406	1	408	067
88	6	30	030
2903	11	3089	047
2836	9	2705	137
6414	23	2935	068
711	1	28	071
2909	9	2593	053
115	9	2486	161
7146	23	12532	104
3101	11	3102	010
17	1	18	081
8957	23	2922	016
3231	12	29	128
2021	6	402	144
2121	6	2042	160
2909	9	2593	078
2587	9	2476	129
488	1	30	105
2119	6	2045	104
2811	9	2517	138
3218	12	2018	035
610	1	416	081
1851	10	3056	148
2156	6	30	058
406	1	408	106
212	1	189	083
2105	6	30	078
1941	6	2008	023
811	1	416	077
588	6	2145	134
2909	9	2720	059
765	6	30	111
1941	6	2008	055
3206	14	3427	086
205	15	4990	087
488	1	30	073
12528	23	12532	094
822	1	416	022
2592	9	2593	131
6006	17	5818	124
12528	23	12532	152
2589	9	2517	127
228	6	2040	091
2909	9	2593	119
2047	6	171	131
1970	6	2040	134
3187	12	2055	121
2583	9	2476	123
47	6	30	111
195	1	189	045
1958	6	2061	083
25	15	5024	139
5168	15	5088	119
734	15	4977	153
44	1	46	141
19	6	2009	089
2140	6	2008	070
205	6	2019	132
810	1	416	006
810	1	416	073
629	1	28	142
28	6	29	142
818	1	416	016
55	6	30	107
2867	9	2517	160
3216	12	2155	055
11201	22	2157	144
1975	6	2009	099
198	1	189	064
1133	15	4990	100
2729	23	2935	142
2644	9	2593	125
578	1	28	110
431	1	189	106
444	1	405	124
6247	23	2935	038
2138	6	2008	073
796	15	4990	116
2047	6	171	072
3101	11	3102	109
11693	22	2157	155
509	6	30	085
3209	12	30	066
2867	9	2517	104
303	1	416	090
44	6	30	055
2156	6	30	038
1930	15	4977	104
1912	15	5024	130
211	1	189	115
2663	9	2476	150
478	1	444	098
47	6	30	120
205	1	207	093
1567	1	591	159
3577	14	3437	061
1947	6	173	080
17	6	30	123
2022	6	2123	130
711	1	28	039
659	1	341	141
188	1	189	090
4568	23	2946	077
578	1	28	107
2836	9	2705	117
3216	12	2155	049
1525	6	29	101
396	6	30	115
818	1	416	151
1644	15	5088	154
172	1	402	071
198	1	189	061
381	1	405	116
1912	15	5024	104
2785	9	2520	120
69	1	72	020
284	6	2040	158
478	1	444	107
2020	6	2009	084
2105	6	30	068
6414	23	2935	032
771	6	30	096
4568	23	2946	031
742	1	748	110
2156	6	30	116
1133	15	4990	060
3218	12	2018	052
195	1	189	120
771	1	629	125
509	6	30	047
1930	15	4977	140
3143	11	3087	094
2903	12	170	156
598	6	30	082
6247	23	12509	137
720	1	28	073
1871	12	2155	100
2069	6	2018	100
675	15	5120	127
3225	23	2938	027
2688	9	2517	103
2587	9	2588	131
845	1	28	086
178	6	116	100
2867	9	2517	115
2030	6	2009	118
846	1	397	047
6247	23	2935	074
178	1	179	097
3106	11	3087	027
829	15	5088	149
2962	23	2963	090
4885	14	3690	053
3866	14	3487	103
2059	6	2060	116
675	1	320	113
2068	6	405	106
100	6	30	010
428	15	5024	118
3166	23	12532	075
1502	1	416	023
2130	6	29	157
1961	6	2008	072
292	1	119	160
728	1	259	046
3219	12	2027	007
303	1	416	135
2153	6	2027	137
3237	12	116	021
3218	12	2018	142
1970	6	2040	148
509	15	4977	018
1931	6	116	056
2153	6	30	100
7515	17	7092	150
17	6	30	099
69	1	72	084
1593	1	766	149
1910	14	3707	144
2156	6	30	014
205	6	2019	146
3025	10	3026	102
831	1	416	007
711	1	28	087
4885	17	8813	093
1502	1	416	032
3866	14	3487	096
811	1	416	125
6168	17	5817	154
5308	15	5088	126
3187	23	12518	097
796	1	797	160
228	6	229	084
597	15	5088	135
3216	12	2155	108
771	1	629	099
428	6	259	045
3225	23	2938	006
2696	9	2476	039
480	15	5067	088
8708	17	5947	161
2539	9	2540	077
509	6	30	030
44	6	30	046
613	1	416	057
7789	23	12532	032
720	1	28	100
303	1	416	112
626	1	46	155
211	1	189	124
2116	6	2018	134
292	1	120	084
675	15	5120	051
88	6	29	160
2539	9	2540	079
228	6	2040	088
2035	6	625	156
2126	6	2008	043
4885	17	8813	053
55	6	30	109
25	6	30	073
19	6	2008	052
199	1	189	068
2138	6	2008	072
2729	23	2935	064
822	1	416	015
2069	6	2018	136
6247	23	12509	153
613	1	416	126
1863	23	3060	106
88	6	30	105
100	6	30	001
2909	9	2720	122
734	15	4977	077
2059	6	2060	120
2022	6	2123	129
2142	6	2009	111
478	1	444	097
2583	9	2476	138
818	1	416	142
2811	9	2517	158
12528	23	12532	115
169	6	173	064
2663	17	5816	135
2071	6	29	147
2539	9	2540	105
196	1	189	160
406	1	408	081
2006	6	29	076
28	9	29	143
3206	12	2120	119
734	15	4977	150
636	1	172	071
578	1	28	125
1860	9	2517	121
415	1	416	045
6414	23	2935	124
2057	6	173	059
659	1	341	059
2729	23	2935	031
702	6	28	056
431	1	189	044
800	1	416	017
205	15	4990	078
44	5	25	031
3205	12	2055	145
1961	6	2009	112
2693	12	28	032
1956	6	2008	068
607	15	4990	159
1894	23	2920	135
480	15	4990	115
2065	6	2040	039
5308	15	5088	081
292	1	120	054
44	5	25	082
3053	23	12505	049
1133	15	4990	087
3053	23	12505	161
3053	23	12505	055
613	1	416	059
2917	9	2593	102
178	6	116	020
197	1	189	022
711	1	28	104
473	1	416	008
636	1	172	022
5168	15	5088	082
4646	14	3544	117
711	1	28	139
3189	12	2040	043
292	1	120	127
113	6	30	067
25	6	29	147
742	1	748	134
765	6	30	126
1941	6	2008	036
846	1	397	023
759	1	28	078
675	15	5120	124
2140	6	2008	047
6414	23	2935	132
396	6	30	024
2984	10	2946	109
1593	1	1594	118
846	1	397	012
480	15	5067	089
2127	6	171	029
771	1	629	047
198	1	189	048
720	1	28	041
1502	1	416	077
759	1	28	036
4568	23	2946	038
2140	6	2018	137
205	1	207	161
198	1	189	029
25	15	4990	141
406	1	408	031
215	1	189	054
6006	17	5818	107
2071	6	30	053
2140	6	2018	146
2917	10	2942	081
17	1	18	044
1975	6	2008	006
2587	9	2476	084
44	6	30	111
610	1	416	036
172	1	402	136
1133	15	4990	042
2138	6	2045	001
2105	6	30	045
2589	9	2517	146
2688	9	2517	104
3577	14	3437	063
3200	12	2055	157
2845	10	2977	085
4885	17	8813	108
759	1	28	047
3189	12	2040	161
598	6	2019	144
8957	23	2922	062
610	1	416	114
613	1	416	111
3206	12	2120	112
3053	23	12505	041
178	1	179	043
8957	23	2922	018
1959	6	2009	093
818	1	416	096
3231	12	29	009
2867	9	2517	149
2047	6	171	119
228	6	2040	112
794	1	478	125
3866	14	3487	160
2945	14	4034	159
205	1	207	097
444	1	405	103
211	1	189	027
3219	12	2027	161
811	1	416	132
2808	9	2517	132
113	6	30	051
588	6	30	112
2126	6	2008	069
3217	12	28	120
380	6	30	042
3193	12	2155	031
17	1	1561	012
2074	6	405	099
88	6	30	000
771	6	30	000
17	1	18	079
2809	17	5817	093
610	1	416	061
2785	9	2593	113
3200	12	2055	130
845	1	28	097
4568	23	2946	059
659	1	341	152
3206	12	2082	053
2069	6	2018	155
406	1	408	045
2119	6	2008	055
1851	10	2997	145
1912	6	402	146
7146	23	12532	076
2105	6	30	064
1975	6	2008	007
2836	9	2705	155
2663	17	5935	159
4885	17	8813	084
2071	6	30	130
2945	14	3623	130
284	1	189	113
211	1	189	070
2030	6	2008	045
2116	6	2070	076
2065	6	2040	046
415	1	416	039
8957	23	2922	070
55	6	30	045
3206	12	2082	024
675	6	173	083
702	6	28	111
1133	15	4990	106
2074	6	405	113
473	6	2082	054
1486	6	29	152
812	1	416	004
2121	6	2122	002
6414	23	2935	054
406	1	408	064
3211	12	2120	150
88	6	30	126
205	1	207	099
2020	6	2018	144
2587	9	2588	152
2069	6	2018	117
759	1	28	116
473	1	416	148
443	1	416	157
2663	17	6190	148
734	15	4977	131
846	1	397	111
6247	23	12509	115
3209	12	30	125
1912	15	5024	161
2693	12	28	016
195	1	189	146
17	1	18	066
613	1	416	039
810	1	416	061
3166	23	12532	081
796	15	4990	076
25	6	30	051
607	15	4990	148
47	6	30	094
2909	9	2720	010
473	1	416	066
198	1	189	098
3197	12	2055	115
25	6	29	161
2836	9	2705	126
205	1	207	096
2119	6	2045	122
428	6	259	052
3225	23	2989	127
205	6	2019	136
3063	10	2924	147
846	1	397	015
6006	17	5818	078
2126	6	2009	087
2809	9	2705	112
3577	14	3437	117
3193	12	115	144
380	6	29	146
446	1	405	131
9081	17	5860	140
25	15	4990	088
1502	1	416	028
1941	6	2008	052
1976	6	229	081
2909	9	2593	081
832	1	416	062
2142	6	2008	051
197	1	189	083
47	6	29	153
488	1	30	094
759	1	28	052
1860	9	2517	115
734	15	4977	012
1930	15	4977	079
3225	23	2938	083
584	6	405	112
3217	12	28	043
10636	22	9856	150
2130	6	2009	109
2917	9	2593	104
728	1	405	098
3106	11	3087	045
2071	6	29	138
2021	6	405	110
3218	12	2018	093
811	1	416	128
478	1	444	047
734	15	4977	011
2021	6	405	104
832	1	416	109
292	1	120	125
759	1	28	158
3217	12	28	006
1363	1	27	072
3064	23	12505	147
3189	12	2040	008
2035	6	625	141
3200	12	2055	123
8301	23	3060	114
3218	12	2018	055
2729	23	2935	008
2663	17	5935	132
292	1	120	080
258	1	259	065
1502	1	416	068
2008	9	259	029
17	1	18	120
1941	6	2009	127
6414	23	2935	104
831	1	416	076
578	1	28	012
846	1	397	095
292	1	120	072
3189	12	2040	100
2116	6	2061	021
3190	12	2120	147
446	1	171	150
845	1	28	133
613	1	416	007
303	1	416	085
811	1	416	080
1502	1	416	140
7847	23	2966	081
228	6	2040	124
2143	6	2045	008
3106	11	3087	149
2101	6	2008	056
2059	6	2061	002
598	6	30	131
7000	17	5947	158
1930	15	4977	121
2073	6	2008	077
584	1	259	046
2501	23	2920	122
12	1	14	108
406	1	408	030
2102	6	2040	150
2069	6	2018	157
796	15	4990	105
1644	1	207	060
636	1	172	159
509	15	4977	035
2119	6	2120	158
44	5	25	069
2587	9	2588	116
822	1	416	077
1871	12	2155	064
396	6	30	030
800	1	416	098
178	1	179	074
2917	10	2942	158
2169	6	29	079
228	6	229	064
473	1	416	047
1894	23	2920	126
2105	6	30	033
1860	9	2517	131
584	1	259	050
100	6	30	019
1930	15	4977	136
2729	23	2966	077
4899	14	3500	160
169	6	405	092
1592	6	30	051
8301	23	3060	140
19	6	2008	068
196	1	189	015
197	1	189	013
2809	17	5818	120
588	1	589	144
2008	9	259	055
2140	6	2018	158
1851	10	2997	160
810	1	416	040
44	6	30	059
8957	23	2922	122
659	1	341	094
812	1	416	001
3141	17	5947	159
2020	6	2008	039
3101	11	3102	142
2693	12	28	093
1644	1	207	099
2178	6	30	123
19	6	2008	074
1894	23	2920	058
2903	11	3089	128
675	15	4990	074
831	1	416	143
742	1	748	111
3231	12	29	104
630	6	30	058
771	1	629	037
205	6	30	032
2071	6	30	108
2836	9	2705	112
800	1	416	123
3219	12	2027	017
88	6	30	099
431	1	189	020
2135	6	2009	118
584	6	259	038
794	1	478	113
629	1	28	149
598	6	30	029
3206	12	2120	095
2156	6	30	090
1644	1	207	017
473	6	2082	075
613	1	416	151
3053	23	12505	157
3219	12	2027	119
2110	6	402	141
2903	11	3089	025
2845	9	2518	104
228	6	229	037
4659	14	3793	074
1975	6	625	146
771	6	30	055
578	1	28	102
3101	11	3102	021
100	6	30	054
1975	6	2008	019
8301	23	3060	043
771	1	629	082
6247	23	2935	023
17	1	18	117
197	1	189	075
771	6	29	161
822	1	416	103
12528	23	12532	044
765	1	766	155
2006	6	29	161
431	1	189	040
1970	6	2040	126
1959	6	2009	105
3064	23	12505	157
3025	10	3026	093
800	1	416	067
113	6	30	060
3189	12	2040	078
5308	15	5088	008
2615	9	2476	109
1525	6	29	001
3189	12	2040	076
720	1	28	053
380	6	30	106
2138	6	2045	009
2587	9	2476	070
1931	6	116	053
2539	9	2482	135
578	1	28	028
2845	10	2977	152
6414	23	2935	096
720	1	28	036
3187	23	12518	158
2644	9	2593	128
2127	6	171	057
2102	6	2040	079
2615	9	2593	105
818	1	416	135
213	1	189	029
610	1	416	108
6247	23	12509	012
2008	9	259	050
6247	23	12509	090
44	6	30	121
812	1	416	089
2030	6	2045	018
3101	11	3102	083
734	15	4977	154
1363	1	27	061
1970	6	2084	002
2021	6	171	150
1133	15	4990	057
2836	9	2705	070
2015	6	117	014
636	1	172	103
1956	6	2008	075
3090	11	3087	148
3237	12	116	025
6414	23	2935	061
2183	9	2490	161
2130	6	2008	065
2105	6	30	113
1502	1	416	008
1851	10	3052	132
2003	6	2038	000
588	6	30	107
1567	1	590	142
1912	6	402	135
17	6	30	084
3219	12	2027	078
2729	23	2966	092
1133	15	4990	117
480	15	4990	041
172	1	402	101
25	15	4990	032
284	6	2040	099
1931	6	116	129
2589	9	2517	134
2102	6	2040	128
1133	6	592	143
2102	6	2008	072
3216	12	2155	130
473	1	416	001
2696	9	2476	042
3032	23	3060	051
12528	23	12532	009
55	6	30	029
2809	17	5817	150
113	6	30	089
742	15	4990	112
3218	12	2018	043
428	6	405	085
810	1	416	029
3225	23	2938	063
1644	1	207	070
2047	6	171	009
3216	12	2155	137
8957	23	2922	050
742	15	4990	128
198	1	189	051
1961	6	2009	130
720	1	28	037
12528	23	12532	134
1910	14	3956	141
2119	6	2045	131
113	6	30	064
215	1	189	031
3206	12	2082	005
473	1	416	072
2127	6	171	119
2663	9	2588	160
2030	6	2009	097
3113	11	3102	144
2729	23	2966	058
3217	12	28	012
2644	9	2593	157
2006	6	29	033
6247	23	2935	014
702	6	28	125
2153	6	30	054
2693	12	28	047
702	6	28	010
2909	9	2593	046
728	1	259	033
3784	14	3764	151
7789	23	12532	149
2903	11	3089	161
284	6	2008	065
9348	20	6012	118
1429	6	30	098
1931	6	116	077
428	6	405	119
734	15	4977	135
711	1	28	012
675	6	2051	009
598	6	30	068
188	1	189	058
284	6	2040	149
2130	6	2008	066
2909	9	2593	035
771	6	30	002
2156	6	30	034
2644	9	2593	134
2127	6	171	065
2144	6	2009	116
3166	23	12532	070
1860	9	2517	147
2693	11	3087	146
1961	6	2029	004
818	1	416	072
2130	6	2009	129
3166	23	12532	032
2539	9	2482	075
25	15	5024	126
2153	6	2027	140
2836	9	2705	071
3216	12	2155	012
213	1	189	041
6726	23	2966	052
44	5	25	051
3143	11	3087	054
172	1	402	076
8301	23	3060	095
3189	12	2040	017
2020	6	2008	057
142	6	30	071
720	1	28	013
613	1	416	145
630	6	30	014
8957	23	2922	116
2169	6	29	007
2015	6	117	009
2130	6	2027	151
2836	17	5818	142
3211	12	2120	140
100	6	30	118
3216	12	2155	158
613	1	416	032
446	1	259	056
771	1	629	094
832	1	416	097
6247	23	12509	041
3225	23	2938	004
205	15	4990	105
480	15	5067	149
2587	9	2588	099
1931	6	116	091
720	1	28	007
2773	14	3463	084
2809	9	2705	146
818	1	416	120
629	1	28	137
728	1	259	053
3206	12	2120	115
205	6	30	107
2663	17	5816	136
3143	11	3087	044
3219	12	2027	072
3206	12	2120	148
2836	17	5818	157
428	6	402	136
2845	9	2518	155
488	1	30	129
2845	10	2977	157
765	6	30	124
172	1	171	160
2153	6	30	019
2809	17	5818	147
711	1	28	049
25	15	4990	115
771	1	629	018
2911	9	2482	146
2615	9	2476	111
3577	14	3437	114
3924	14	3495	081
12345	22	11202	142
188	1	189	085
1910	14	3956	144
1894	23	2920	012
2539	9	2482	099
228	1	229	068
2026	6	30	122
3200	12	2055	106
399	6	171	149
1644	1	207	088
968	1	408	013
261	1	262	015
2119	6	2045	033
3187	23	12518	070
2069	6	2018	130
598	6	30	038
172	1	402	035
1502	1	416	133
613	1	416	016
711	1	28	027
1525	6	29	029
444	1	405	128
2126	6	2009	132
113	6	30	071
2119	6	2045	032
3216	12	2155	025
2984	10	2946	149
3190	12	2120	141
7146	23	12532	136
1133	6	30	119
3206	12	2082	036
443	1	416	039
675	1	320	116
172	1	402	061
2119	6	2008	050
1956	6	2009	097
2587	9	2476	154
675	1	320	091
196	1	189	006
2126	6	2009	130
6247	23	2935	134
2729	23	2966	148
178	6	116	104
446	1	259	055
3193	12	2155	026
3237	12	116	120
1930	15	4977	054
3205	12	2055	143
2663	17	5817	155
734	15	4977	111
396	6	30	039
11693	22	10615	161
1975	6	2008	069
796	15	4990	038
6726	23	2966	082
2615	9	2517	091
2785	9	2520	139
17	6	30	039
380	6	30	128
796	15	4990	045
3190	12	2084	000
3166	23	12532	148
7847	23	2966	141
1894	23	2920	141
831	1	416	141
4899	14	3623	144
178	6	116	060
1871	12	2155	090
3190	14	3427	077
4885	14	3690	054
2644	9	2593	079
198	1	189	031
100	6	30	117
47	6	29	143
2867	9	2588	155
2142	6	2045	005
9414	20	5762	140
443	1	416	122
2071	6	30	010
2693	12	28	006
169	1	173	106
396	6	30	067
284	6	2040	154
6247	23	2935	001
2903	11	3089	057
213	1	189	079
2169	6	29	137
3231	12	29	061
478	1	444	092
169	1	172	146
818	1	416	073
3211	12	2082	053
659	1	341	130
2809	17	5818	159
2917	9	2593	151
2693	14	3468	158
284	6	2008	053
415	1	416	002
2026	6	30	098
822	1	416	047
1429	6	2027	152
6247	23	12509	001
260	1	189	136
7382	20	6012	137
1941	6	2008	026
1363	1	27	014
19	6	2008	024
215	1	189	127
205	15	4990	041
258	1	259	041
11201	22	10030	145
2909	9	2720	079
3187	12	2055	123
428	6	259	047
2845	10	2977	155
1525	6	29	134
832	1	416	057
2026	6	2027	160
3193	12	2155	055
8957	23	2922	056
610	1	416	102
2615	9	2476	106
2116	6	2061	012
2003	6	332	131
771	6	30	063
812	1	416	066
2696	9	2476	035
831	1	416	158
2696	9	2476	017
2962	10	2963	109
381	1	405	109
2822	14	3475	138
2903	11	3089	022
630	6	550	131
1956	6	2008	059
215	1	189	062
25	15	4990	015
2135	6	2031	158
968	1	408	079
2169	6	29	150
1851	10	3056	155
3106	11	3087	065
2693	12	28	060
1860	9	2517	141
480	15	4990	055
1363	1	119	160
3577	14	3437	131
811	1	416	086
630	6	30	077
284	6	285	000
1592	6	30	069
3189	12	2040	142
199	1	189	126
759	1	28	128
2663	17	5816	150
2845	10	2977	160
431	1	189	007
584	1	259	035
8957	23	2922	069
2809	17	5818	099
113	6	30	002
2809	17	5817	152
2663	17	5817	133
284	1	189	085
2696	9	2476	092
3211	12	2120	116
17	1	18	097
2644	9	2593	049
2867	9	2588	157
2130	6	2008	026
822	1	416	068
2867	9	2517	101
3204	12	2155	160
100	6	30	049
100	6	30	069
702	1	28	092
44	6	30	054
1975	6	2009	131
195	1	189	060
2809	17	5817	122
2003	6	2019	155
6414	23	2935	016
6414	23	2935	040
3106	11	3087	033
478	1	444	119
7789	23	12532	161
2140	6	2009	099
473	1	416	055
17	1	18	107
1956	6	2008	030
720	1	28	158
711	1	28	151
3064	23	12505	161
213	1	189	126
610	1	416	151
6006	17	5818	139
2592	9	2593	133
8957	23	2922	103
3211	12	2082	035
17	1	1561	003
2102	6	2040	149
1133	6	30	123
228	1	229	032
509	15	4977	148
44	6	30	103
675	6	405	131
2127	6	171	026
172	15	5043	152
3209	12	30	120
598	6	30	111
2021	6	402	135
47	6	29	158
2105	6	30	088
2909	9	2720	086
2142	6	2009	118
142	6	30	058
188	1	189	111
169	6	173	073
1910	14	3707	143
818	1	416	041
3211	12	2120	124
12528	23	12532	157
2065	6	2040	150
793	1	341	159
6247	23	12509	075
610	1	416	093
5308	15	5088	015
2168	6	173	063
3187	23	12518	124
2253	20	6012	145
7146	23	12532	033
443	1	416	069
2539	9	2540	158
1525	6	29	110
2979	10	2924	133
3187	12	2055	146
2903	12	170	141
3206	12	2082	037
2644	9	2593	146
584	6	259	043
303	1	416	130
711	1	28	146
100	6	30	003
2102	6	2008	065
478	1	444	152
364	6	29	159
69	1	72	047
3211	12	2120	141
195	1	189	042
55	6	30	037
613	1	416	110
142	6	30	065
2729	23	2966	090
3200	12	2055	150
478	1	444	137
3209	12	30	067
3143	11	3087	026
800	1	416	144
3143	11	3087	091
810	1	416	023
3216	12	2155	064
2156	6	30	104
1851	10	3056	150
205	1	207	156
1961	6	2008	018
415	1	416	041
675	1	320	125
1525	6	29	058
2030	6	2008	073
2047	6	171	129
3189	12	2040	015
8957	23	2922	135
2917	9	2593	126
1947	6	405	095
215	1	189	109
431	1	189	002
2020	6	2008	065
610	1	416	150
636	1	172	101
702	1	28	118
702	1	28	016
597	15	5088	089
1644	1	207	054
55	6	30	084
702	6	28	060
636	1	172	098
675	15	4990	120
2168	6	173	014
2836	9	2705	045
3190	12	2120	123
396	6	29	144
12	1	14	078
3206	12	2120	134
630	6	30	112
822	1	416	063
734	15	4977	008
675	15	4990	019
796	15	4990	120
1930	15	4977	095
629	1	28	155
846	1	397	110
195	1	189	032
380	6	30	099
2945	14	3623	161
2587	9	2588	106
3219	12	2027	125
2539	9	2482	125
1363	1	27	077
2644	9	2593	043
3189	12	2040	026
3225	23	2938	085
3216	12	2155	019
6414	23	2935	055
2030	6	2009	087
846	1	397	021
6726	23	2966	141
2138	6	2009	101
1871	12	2155	024
598	6	30	125
4885	17	8813	058
2156	6	30	124
832	1	416	118
55	6	30	056
3211	12	2082	014
2867	9	2517	151
6414	23	2935	065
1975	6	2009	103
44	5	25	153
1956	6	2040	140
2130	6	2045	002
88	6	29	144
44	5	25	147
3755	14	3495	134
636	1	172	149
205	1	207	119
2911	10	2720	072
3206	12	2120	094
2696	9	2476	062
675	6	2051	016
3166	23	12532	033
2917	10	2942	117
205	6	2019	133
446	1	405	128
2069	6	1561	049
2917	9	2593	078
2688	9	2517	126
215	1	189	049
8957	23	2922	045
3106	11	3087	109
2057	6	173	062
3225	23	2989	082
1894	23	2920	132
303	1	416	145
169	1	173	113
3053	23	12505	064
260	1	189	131
17	1	18	050
2663	17	5817	129
1860	9	2517	108
1871	12	2155	006
3218	12	2018	039
6414	23	2935	050
381	6	405	056
2057	6	173	056
44	5	25	048
205	1	207	107
1593	1	1594	002
2785	9	2593	083
473	1	416	092
2962	10	2963	118
2140	6	2045	003
1961	6	2009	095
2035	6	625	138
12345	22	9579	146
399	1	171	148
2047	6	171	060
675	15	5120	147
8735	17	5948	142
1133	6	30	121
2785	9	2593	089
399	6	402	137
2030	6	2009	115
1841	23	2997	126
142	6	30	096
6247	23	12509	022
44	5	25	085
2917	9	2593	116
822	1	416	127
69	1	72	092
3193	12	2155	139
3190	12	2084	013
292	1	120	096
3217	12	28	028
6247	23	2935	000
598	6	2019	148
4885	17	8813	154
3197	12	2055	119
1393	1	589	160
734	15	4977	095
3225	23	2938	126
794	1	478	138
3187	12	2055	108
198	1	189	110
3577	14	3437	158
2917	10	2942	114
3231	12	29	119
267	6	29	160
303	1	416	068
2065	6	2040	040
1912	6	405	105
196	1	189	122
8779	23	2989	112
831	1	416	085
100	6	30	093
630	6	29	146
509	6	30	041
2903	11	3089	158
675	15	5120	125
197	1	189	125
2021	6	405	088
228	6	2040	158
2006	6	29	107
44	5	25	032
1644	1	207	126
197	1	189	011
428	15	5024	145
6247	23	12509	037
1970	6	2040	125
1947	6	2027	155
213	1	189	042
4568	23	2946	144
172	1	402	133
1922	6	2061	074
728	1	405	091
6414	23	2935	092
1970	6	2055	027
2785	9	2520	161
142	6	30	089
3143	11	3087	151
771	1	629	120
2113	6	29	033
2903	11	3089	006
428	6	405	117
3053	23	12505	140
2845	14	3956	145
8301	23	3060	099
25	6	30	044
1958	6	2009	126
6247	23	12509	013
178	1	179	059
406	1	408	108
25	15	4990	000
2127	6	171	132
6414	23	2935	046
3218	12	2018	063
3206	12	2082	003
1547	6	29	153
3219	12	2027	112
2006	6	29	078
2068	6	173	041
734	15	4977	097
100	6	30	018
2057	6	173	077
2592	9	2593	137
1912	15	5024	135
584	6	405	123
44	5	25	126
2979	17	5817	137
292	1	120	032
2945	14	4034	142
845	1	28	153
25	15	5024	005
765	1	766	148
771	6	29	136
509	15	4977	051
446	1	259	045
3034	10	2963	160
480	15	4990	004
2169	6	29	037
406	1	408	090
3237	12	117	010
2615	9	2517	131
1941	6	2045	001
399	1	405	119
2142	6	2027	142
3237	12	116	116
2587	9	2588	155
3193	12	2155	132
2696	9	2476	105
659	1	341	138
675	15	5120	002
2916	14	3509	081
1976	6	229	079
626	6	46	159
968	1	408	077
2811	9	2517	159
7382	17	6685	103
720	1	28	120
3209	12	30	009
480	15	4990	042
25	6	29	144
473	1	416	112
6247	23	2935	116
3231	12	29	078
1970	6	2084	058
199	1	189	098
636	1	172	092
2644	9	2593	150
2030	6	2008	040
205	1	207	034
1941	6	2044	143
6006	17	5818	129
2501	9	2502	156
2845	9	2518	118
2663	17	5935	135
44	6	29	155
636	1	172	100
2102	6	2008	038
2071	6	30	054
2836	9	2705	068
2105	6	30	087
260	1	189	045
1956	6	2009	107
811	1	416	148
597	15	5088	144
178	6	117	005
1502	1	416	036
3101	11	3102	027
1133	15	4990	017
142	6	30	073
800	1	416	161
4885	17	8813	047
142	6	30	040
292	1	120	082
675	15	4990	150
7125	20	6780	116
47	6	29	155
2909	9	2593	114
142	6	30	121
810	1	416	102
1502	1	416	025
3062	10	2924	070
659	1	341	025
19	6	2044	149
1912	6	2052	024
292	1	120	144
2126	6	2045	010
2140	6	2008	052
613	1	416	087
197	1	189	135
610	1	416	038
428	6	405	099
2809	17	5816	150
431	1	189	001
1910	14	3707	134
2903	11	3089	075
1593	1	1594	034
3206	12	2120	109
2909	9	2593	034
1970	6	2084	065
2916	9	2517	117
8779	23	2989	116
2696	9	2476	020
588	6	30	037
6247	23	12509	009
3113	11	3102	100
196	1	189	024
381	1	259	046
2026	6	30	111
1363	1	27	094
598	6	30	115
3218	12	2018	015
1871	12	2155	105
172	1	402	116
734	15	4977	123
702	1	28	008
3143	11	3087	016
2696	9	2476	031
1922	6	2018	140
2140	6	2008	030
2909	9	2720	052
2065	6	2040	161
6414	23	2935	140
3219	12	2027	107
2729	23	2935	134
2142	6	2009	121
588	6	589	149
2006	6	29	036
1976	6	229	031
3064	23	12505	160
2836	9	2705	085
2945	14	3623	106
195	1	189	091
2845	9	2518	103
822	1	416	009
4899	14	3500	161
55	6	29	140
2069	6	1561	064
2015	6	117	004
3064	23	12505	020
2845	14	3956	134
702	1	28	114
8779	23	2989	113
2059	6	2060	102
169	6	405	098
19	6	2045	014
636	1	172	056
734	15	4977	001
1941	6	2009	109
822	1	416	030
3193	12	2155	114
3143	11	3087	066
2539	9	2540	110
2101	6	2040	160
2169	6	29	003
1947	6	2027	144
2130	6	2045	016
1644	1	207	022
2140	6	2008	065
1941	6	29	161
2144	6	2009	121
6779	20	6780	158
205	6	2038	008
25	6	29	155
2169	6	29	055
2142	6	2009	105
212	1	189	061
431	1	189	036
3237	12	116	123
1922	6	2018	159
12345	22	10030	142
2909	9	2720	028
2127	6	171	138
1429	6	2027	136
2917	9	2593	127
196	1	189	014
2822	14	3475	121
734	15	4977	119
3766	14	3764	054
584	6	405	119
742	1	748	105
473	1	416	024
2047	6	171	052
829	15	5088	143
3204	12	170	148
205	6	30	100
2119	6	2008	056
2069	6	1561	012
195	1	189	160
12	1	14	026
832	1	416	090
443	1	416	092
758	1	759	151
4884	14	3495	072
2126	6	2066	161
178	6	116	094
2140	6	2018	140
9348	20	6012	122
188	1	189	149
2587	9	2588	093
3206	12	2082	004
480	15	5067	124
178	6	116	088
2119	6	2120	105
6247	23	12509	114
2071	6	30	024
2539	9	2540	086
2020	6	2045	003
3106	11	3087	133
3231	12	29	115
25	15	5024	133
4932	14	3509	012
2587	9	2476	135
17	6	30	057
2583	17	5818	114
6726	23	2966	105
597	15	5088	018
3225	12	2155	131
205	15	4990	068
630	6	29	149
845	1	28	108
720	1	28	141
2140	6	2008	058
720	1	28	090
3218	12	2018	034
5308	15	5088	125
720	1	28	125
800	1	416	046
675	6	2051	008
2135	6	2009	106
28	9	29	161
172	1	402	104
3053	23	12505	133
2127	6	171	019
1644	1	207	018
3053	23	12505	139
613	1	416	023
3209	12	30	056
968	1	408	133
758	1	759	156
2615	9	2593	136
1525	6	29	160
3166	23	12532	001
1871	12	2155	001
6247	23	2935	131
2030	6	2008	077
381	6	405	083
2065	6	2040	152
3144	17	5947	158
3101	11	3102	086
4659	14	3491	068
205	15	4990	120
5168	15	5088	084
2119	6	2008	079
4885	17	8813	024
19	6	2008	033
3106	11	3087	117
832	1	416	013
2917	10	2942	082
607	15	4990	089
2587	9	2588	110
25	15	5024	066
1841	23	2997	143
2047	6	171	007
1931	6	116	108
3577	14	3437	051
2068	6	173	051
2945	14	3500	136
845	1	28	141
509	15	4977	020
771	1	629	010
2119	6	2120	092
2836	9	2705	114
2696	9	2476	145
759	1	28	072
205	6	30	070
2663	17	5817	144
2140	6	2009	095
2785	9	2593	128
212	1	189	074
1593	1	1594	078
1525	6	29	044
1363	1	27	010
1910	14	3707	138
205	15	4990	012
2945	14	3623	119
6247	23	12509	146
3577	14	3437	124
399	1	405	099
2003	6	2019	137
12528	23	12532	014
5168	15	5088	125
2072	6	29	161
100	6	30	104
2984	10	2946	068
2809	9	2705	158
2021	6	405	128
443	1	416	001
215	1	189	084
1894	23	2920	054
303	1	416	034
473	6	2040	159
588	6	30	118
228	6	2040	096
675	1	320	098
2138	6	2008	080
1644	1	207	150
17	1	18	123
211	1	189	048
196	1	189	052
1502	1	416	031
198	1	189	124
3521	14	3437	124
1525	6	29	138
406	1	408	047
25	6	30	052
675	6	405	111
584	1	259	060
6414	23	2935	076
831	1	416	087
205	6	2038	004
1502	1	416	069
25	1	28	155
6168	17	5817	158
258	1	259	057
4885	17	8813	048
3106	11	3087	071
3219	12	2027	135
3219	12	2027	041
2903	11	3089	018
1592	6	30	059
1941	6	2008	062
1644	1	207	139
2845	9	2518	156
3036	10	2924	061
4	1	626	150
88	6	30	036
3211	12	2120	142
1912	6	259	047
675	15	5120	064
3190	12	2084	059
178	1	179	069
1593	1	1594	142
3206	12	2120	143
2119	6	2120	094
2972	17	6623	152
1975	6	2008	012
2809	9	2705	154
2068	6	2027	153
811	1	416	120
1958	6	2061	061
4885	17	8813	135
1133	15	4990	058
3216	12	2155	004
3166	23	12532	089
3064	23	12505	053
675	15	5120	017
4557	14	3544	136
215	1	189	019
2547	9	2482	161
1502	1	416	003
796	15	4990	015
968	1	408	124
3189	12	2040	058
2911	10	2720	077
2138	6	2008	049
742	1	748	125
69	1	72	007
2047	6	171	005
811	1	416	081
3206	12	2120	078
178	1	179	054
25	6	29	158
3216	12	2155	095
2003	6	30	059
822	1	416	065
2644	9	2593	143
2785	9	2593	139
2169	6	29	081
284	1	189	107
610	1	416	126
2135	6	2008	064
2138	6	2008	035
381	6	405	028
44	5	25	133
2119	6	2045	125
597	15	5088	138
212	1	189	023
613	1	416	109
1525	6	29	115
3106	11	3087	100
2589	9	2517	130
3216	12	2155	015
734	15	4977	042
428	6	259	078
2587	9	2588	112
28	6	29	158
6414	23	2935	029
172	15	5043	158
3189	12	2040	048
197	1	189	040
2729	23	2935	147
3218	12	2018	072
195	1	189	119
25	1	27	143
4885	17	8813	132
2785	9	2593	116
728	1	259	034
228	1	229	057
793	1	341	152
8779	23	2989	034
728	1	405	053
3190	12	2120	088
396	6	30	061
1433	9	2486	159
1930	15	4977	139
3866	14	3487	090
284	6	2008	044
796	15	4990	085
1486	1	397	150
2119	6	2008	069
5168	15	5088	155
2138	6	2009	095
431	1	189	157
228	6	229	035
613	1	416	115
2138	6	2008	076
1429	6	2111	131
8957	23	2922	091
3231	12	29	132
1941	6	2045	018
1961	6	2027	134
636	1	172	060
8779	23	2989	074
2845	10	2977	086
2809	9	2705	134
4568	23	2946	011
228	1	229	019
2909	9	2720	161
44	5	25	061
765	6	30	020
381	6	405	054
4885	17	8813	139
6006	17	5818	106
25	15	5024	046
720	1	28	152
2583	9	2476	156
3143	11	3087	161
3113	11	3102	120
25	15	4990	014
2911	10	2720	118
2539	9	2540	070
584	6	405	103
578	1	28	023
381	6	405	120
199	1	189	097
25	15	5024	026
734	15	4977	128
598	6	30	005
1592	6	30	078
17	6	30	070
2105	6	30	054
3187	12	2055	148
396	6	30	070
7847	23	2966	051
25	15	4990	036
2822	14	3475	135
2047	6	171	112
47	6	29	139
6247	23	12509	120
811	1	416	082
1363	1	27	023
6247	23	2935	049
2729	23	2935	026
303	1	416	055
2911	9	2482	094
812	1	416	011
1593	1	1594	055
2047	6	171	042
3197	12	2055	147
3106	11	3087	020
1894	23	2920	034
205	6	30	028
2507	9	2476	147
7125	20	6780	118
3193	12	2155	121
197	1	189	074
3143	11	3087	139
292	1	120	040
588	6	30	119
597	15	5088	099
88	6	30	113
3053	23	12505	067
1486	6	29	150
832	1	416	091
2917	9	2593	052
1363	1	27	041
702	1	28	094
2142	6	2009	123
2845	10	2977	106
473	1	416	094
2169	6	29	126
6247	23	12509	056
12345	22	9579	148
3106	11	3087	092
4568	23	2946	097
2909	9	2593	015
2119	6	2045	039
2845	14	3956	118
2119	6	2008	052
3225	23	2938	098
7789	23	12532	050
2071	6	30	017
1593	1	1594	051
2003	6	2019	153
1525	6	29	091
415	1	416	069
3209	12	30	063
811	1	416	052
2135	6	30	024
2021	6	171	148
702	6	28	005
810	1	416	066
2105	6	30	004
610	1	416	003
2845	14	3956	082
12016	22	9630	153
822	1	416	109
1593	1	1594	095
2663	9	2476	144
845	1	28	067
2138	6	2018	153
3106	11	3087	055
1930	15	4977	126
446	1	402	140
198	1	189	017
1841	23	2997	157
1931	6	116	016
396	6	30	074
25	15	5024	111
728	1	405	042
3166	23	12532	117
3053	23	12505	002
3755	14	3495	145
3219	12	2027	154
765	6	30	063
2663	17	5818	117
2101	6	2040	107
2615	9	2476	146
2047	6	171	021
12	1	14	096
211	1	189	044
3190	12	2120	126
2903	11	3089	142
12	1	14	058
211	1	189	085
1133	15	4990	010
3143	11	3087	031
2142	6	2008	024
17	6	2044	144
7146	23	12532	079
742	1	748	124
607	15	4990	158
2026	6	30	053
3064	23	12505	001
818	1	416	109
396	6	30	028
228	6	229	032
2785	9	2520	140
2809	17	5816	114
2809	17	5816	127
800	1	416	135
2074	6	2075	028
2808	9	2517	158
2119	6	2045	148
69	1	72	055
215	1	189	160
284	6	2040	138
2845	14	3956	119
169	1	173	109
4568	23	2946	093
2140	6	2009	128
3178	11	3087	155
8779	23	2989	057
2729	23	2935	090
3211	12	2120	078
406	1	408	117
228	6	229	004
444	1	405	100
509	15	4977	022
597	15	5088	060
3143	11	3087	004
446	1	401	160
2035	6	2025	133
6247	23	2935	085
3211	12	2082	046
1931	6	116	126
5252	15	5088	145
1841	23	2997	123
2153	6	2027	136
47	6	30	073
758	1	545	158
3130	14	3437	140
6247	23	12509	109
198	1	189	054
212	1	189	065
3204	12	170	161
399	1	405	128
742	1	743	143
2809	17	5817	153
2030	6	2008	079
2003	6	30	065
169	6	405	116
1894	23	2920	009
1871	12	2155	033
2298	12	2155	149
3190	12	2120	080
7250	20	6706	159
597	15	5088	046
765	6	30	129
2984	10	2946	145
381	1	405	138
810	1	416	036
3143	11	3087	099
2073	6	2009	120
2069	6	1561	039
3219	12	2027	098
3053	23	12505	062
399	1	405	117
1947	6	2027	138
2677	15	4969	159
12	1	14	029
480	15	5067	100
196	1	189	054
17	6	30	035
205	15	4990	140
598	6	30	033
3211	12	2120	079
100	6	30	032
629	1	30	037
2903	11	3089	088
796	15	4990	140
47	6	29	151
3211	12	2082	006
2903	12	170	137
2130	6	2031	158
443	1	416	022
2729	23	2935	010
6414	23	2935	011
1525	6	29	103
2003	6	2038	020
2909	9	2720	158
213	1	189	048
25	6	29	150
2917	9	2593	053
812	1	416	065
1593	1	1594	011
509	15	4977	110
473	1	416	021
303	1	416	056
2663	9	2588	154
2006	6	29	102
702	6	28	106
1851	10	2997	155
584	6	259	033
6247	23	2935	160
205	15	4990	055
3219	12	2027	020
478	1	444	132
3034	14	3956	151
578	1	28	069
3225	12	2155	144
607	15	4990	161
196	1	189	157
3187	12	2055	112
4885	17	8813	158
1912	6	171	155
2071	6	30	052
1961	6	2009	097
1931	6	116	116
5308	15	5088	049
2262	14	3463	157
2911	9	2482	104
2105	6	2027	158
8779	23	2989	122
3225	23	2989	064
3142	14	3509	079
11580	22	9985	152
211	1	189	149
2644	9	2593	114
3204	12	170	152
812	1	416	112
197	1	189	026
1958	6	2061	040
2003	6	30	119
478	1	444	063
2101	6	2040	139
284	1	189	121
734	15	4977	030
1976	6	229	014
381	1	405	112
1947	6	173	049
3225	23	2989	132
794	1	478	121
2059	6	2060	132
4723	14	3496	003
7847	23	2966	004
3225	12	2155	130
1959	6	2009	104
2119	6	2120	126
629	1	30	045
2903	11	3089	148
2059	6	2061	056
7847	23	2966	149
771	1	629	013
284	6	2008	032
205	6	30	026
3190	12	2120	076
88	6	30	102
630	6	30	011
2127	6	171	067
480	15	4990	009
415	1	416	141
113	6	30	096
44	6	30	093
446	1	445	160
446	1	402	136
4885	17	8813	068
1644	1	207	052
734	15	4977	092
6779	20	6780	161
2135	6	2008	034
7146	23	12532	112
2911	10	2720	157
205	15	4990	110
2583	9	2476	118
1592	6	29	160
8431	17	8432	123
968	1	408	024
2138	6	2009	096
2808	10	2924	073
25	6	332	131
2113	6	29	157
2074	6	405	126
6247	23	12509	030
1644	1	207	089
2126	6	2045	011
1975	6	625	145
3053	23	12505	022
968	1	408	086
1644	1	207	023
629	1	30	025
4899	14	3623	161
100	6	29	144
3189	12	2040	082
69	1	72	039
3130	14	3545	124
1941	6	2008	067
215	1	189	060
406	1	408	097
832	1	416	022
2142	6	2008	059
759	1	28	108
44	6	30	048
3143	11	3087	072
8957	23	2922	038
198	1	189	082
473	1	416	039
196	1	189	135
818	1	416	076
2693	11	3087	148
584	1	259	064
509	15	4977	123
28	6	29	154
88	6	30	073
2501	10	2935	156
3425	14	3429	107
1956	6	2045	016
2773	9	2517	099
2587	9	2588	078
675	6	402	134
845	1	28	103
3206	14	4739	073
1429	6	2029	005
197	1	189	035
5252	15	5088	143
2125	6	2009	113
1931	6	116	089
2153	6	30	045
172	1	402	093
2916	9	2517	158
2142	6	2009	120
228	6	229	066
2945	14	3623	111
3219	12	2027	084
12528	23	12532	025
3143	11	3087	121
762	1	28	151
2105	6	30	032
765	6	30	018
473	1	416	111
2074	6	405	106
2138	6	2008	027
1975	6	2008	068
3211	12	2120	134
597	15	5088	086
2663	9	2588	151
3217	12	28	047
2663	17	5816	147
598	6	2019	160
2119	6	2045	030
2127	6	171	013
607	15	4990	153
2456	20	6706	161
3217	12	28	082
1912	6	259	072
188	1	189	137
25	15	5024	055
1970	6	2084	057
196	1	189	062
3187	23	12518	152
406	1	408	049
5308	15	5088	020
198	1	189	013
3025	10	3026	097
1976	6	2040	093
188	1	189	155
742	15	4990	150
2119	6	2045	118
2615	9	2593	128
2583	17	5817	134
480	15	5067	103
2127	6	171	037
6414	23	2935	144
734	15	4977	003
172	15	5043	153
3206	12	2082	045
228	6	2040	109
832	1	416	150
431	1	189	126
215	1	189	156
832	1	416	074
613	1	416	024
2015	6	115	144
3065	23	12519	157
2059	6	2060	113
2020	6	2009	091
1941	6	2008	071
25	6	29	157
2911	10	2720	153
771	1	629	071
6006	17	5818	086
303	1	416	032
2911	10	2720	107
822	1	416	010
2074	6	2052	024
846	1	397	151
3189	12	2040	079
172	1	402	021
2773	9	2517	133
396	6	29	138
431	1	189	089
3206	12	2082	028
1941	6	2008	034
17	1	1561	013
2119	6	2045	064
2059	6	2060	092
1894	23	2920	137
1593	1	1594	059
12	1	14	049
832	1	416	011
2808	9	2517	114
7146	23	12532	069
2069	6	2018	134
6414	23	2935	010
3197	12	2055	149
578	1	28	153
800	1	416	053
3101	11	3102	159
2917	10	2942	105
2020	6	2009	100
25	1	28	147
613	1	416	159
2035	6	2009	105
675	15	4990	093
1956	6	2008	077
83	6	29	153
12528	23	12532	128
1133	15	4990	099
215	1	189	030
1976	6	2040	128
212	1	189	026
2693	12	28	036
2984	10	2946	152
178	1	179	099
1970	6	2040	104
2911	9	2482	125
196	1	189	140
12	1	14	063
2135	6	2009	085
1644	1	207	132
1961	6	2027	160
480	15	4990	134
711	1	28	108
2020	6	2008	051
2003	6	2038	018
610	1	416	103
509	6	30	016
1947	6	173	069
4885	17	8813	155
2030	6	2008	054
88	6	30	127
2911	20	5762	116
3217	12	28	050
3577	14	3437	060
675	6	2051	005
6414	23	2935	064
473	6	2040	076
2168	6	173	059
3206	12	2082	017
7447	20	6780	157
212	1	189	145
675	15	4990	122
12528	23	12532	019
3189	12	2040	125
811	1	416	126
228	6	229	013
2105	6	30	085
2071	6	30	046
7789	23	12532	059
2073	6	2009	121
12	1	14	036
2069	6	2018	116
796	15	4990	002
1860	9	2517	153
1644	1	207	155
3866	14	3487	157
1363	1	27	029
2909	9	2593	099
630	6	332	131
1970	6	2040	095
2156	6	30	121
810	1	416	139
1947	6	405	096
19	6	2008	036
172	1	402	017
1970	6	2040	114
629	1	30	125
3204	12	2155	161
1970	6	2084	061
3219	12	2027	140
428	6	405	086
711	1	28	153
258	1	259	035
100	6	30	061
1871	12	2155	063
845	1	28	083
2113	6	29	064
759	1	28	111
3193	12	2155	057
2074	6	402	133
44	5	25	042
2127	6	171	121
3218	12	2018	045
100	6	30	103
509	15	4977	041
3219	12	2027	040
2130	6	2008	028
205	6	2038	005
728	1	405	066
6247	23	12509	051
4613	14	4132	035
28	9	29	155
2903	11	3089	039
195	1	189	000
431	1	189	011
734	15	4977	133
205	1	207	012
2539	9	2540	113
2101	6	2008	074
734	15	4977	022
2135	6	2045	016
3218	23	2920	148
2047	6	171	109
2836	17	5818	129
2465	14	3495	133
3209	12	30	036
88	6	30	002
1922	6	2018	099
711	1	28	148
702	1	28	068
3113	11	3102	097
3187	23	12518	141
509	15	4977	045
228	6	229	042
2047	6	171	038
1947	6	405	116
473	6	2040	099
1958	6	2061	030
818	1	416	094
3166	23	12532	118
444	1	405	109
2059	6	2061	038
2615	9	2517	104
2143	6	2045	003
69	1	72	083
3577	14	3437	067
197	1	189	016
443	1	416	027
2020	6	2008	024
2119	6	2045	021
443	1	416	149
213	1	189	064
2030	6	2045	015
2072	6	29	149
12	1	14	028
8583	17	5876	122
3225	23	2989	036
1922	6	2061	039
2116	6	2018	093
88	6	30	062
3143	11	3087	097
25	15	5024	158
6726	23	2966	065
3193	12	2155	027
2587	9	2476	096
260	1	189	051
169	1	172	136
610	1	416	037
205	1	207	041
1961	6	2027	136
1941	6	2044	138
2729	23	2935	088
480	1	481	159
794	1	478	151
1429	6	2027	151
818	1	416	147
1592	6	30	026
198	1	189	026
205	15	4990	061
443	1	416	048
2071	6	29	137
381	6	405	090
675	15	5120	155
6006	17	5818	094
702	6	28	046
2026	6	2027	140
1912	6	259	033
478	1	444	123
2808	10	2924	088
431	1	189	019
2142	6	2009	096
47	6	30	101
19	6	2044	154
2168	6	173	024
25	15	4990	095
5308	15	5088	159
205	15	4990	019
2168	6	173	050
2945	10	2946	107
2615	9	2476	104
2138	6	2008	069
473	6	2040	101
169	6	402	144
205	6	30	025
473	6	2040	151
3219	12	2027	082
2059	6	2018	152
1958	6	2061	049
292	1	120	086
2729	23	2935	080
796	15	4990	008
178	6	115	136
3053	23	12505	119
198	1	189	101
215	1	189	101
12528	23	12532	143
2033	6	29	155
44	6	30	027
6414	23	2935	100
2729	23	2966	028
195	1	189	040
2836	9	2705	138
2729	23	2935	033
6247	23	2935	122
284	6	2040	159
1593	1	1594	083
431	1	189	042
2909	9	2720	154
3064	23	12505	141
2006	6	29	156
6414	23	2935	134
44	5	25	150
2867	9	2588	138
2809	17	5817	142
3200	12	2055	158
8301	23	3060	046
178	6	116	122
2903	11	3089	035
178	6	116	057
44	6	29	148
2917	9	2593	161
1922	6	2018	103
212	1	189	103
3216	12	2155	110
675	15	5120	060
3218	12	2018	143
2020	6	2018	134
2644	9	2593	096
2069	6	2018	114
3231	12	29	126
818	1	416	024
2006	6	29	014
6414	23	2935	123
2587	9	2588	091
630	6	29	147
588	1	589	148
69	1	72	091
2022	6	2023	149
8939	17	6706	158
3839	14	3495	039
1525	6	29	105
3425	14	3429	108
188	1	189	103
818	1	416	020
675	15	4990	098
2693	12	28	008
2808	9	2517	115
629	1	30	121
675	15	4990	025
4613	14	4132	038
1851	10	2997	135
178	6	115	150
6006	17	5818	123
2693	11	3087	112
2808	10	2924	090
2072	6	29	159
8548	17	5873	161
3190	12	2120	132
12	1	14	070
2126	6	625	136
3166	23	12532	083
3053	23	12505	000
25	15	4990	064
3206	12	2082	035
2130	6	2008	040
2101	6	2008	075
6726	23	2966	115
2693	12	28	130
3217	12	28	087
6414	23	2935	039
845	1	28	015
2693	14	3468	147
3113	11	3102	104
765	6	30	032
659	1	341	125
197	1	189	150
811	1	416	009
630	1	631	157
211	1	189	092
2102	6	2008	056
2074	6	405	129
1947	6	173	059
2811	9	2517	133
711	1	28	119
3101	11	3102	161
742	1	748	108
675	15	4990	091
831	1	416	035
1912	6	405	121
2809	17	5816	124
381	1	405	153
381	1	405	152
8939	20	6706	153
1133	15	4990	011
1363	1	27	114
2911	10	2720	111
822	1	416	106
2059	6	2060	109
2003	6	2038	012
6414	23	2935	027
2073	6	2008	038
2026	6	2027	137
610	1	416	138
44	5	25	077
2539	9	2540	106
584	1	259	029
188	1	189	077
4557	14	3523	135
2074	6	2075	041
396	1	397	146
1592	6	2145	140
212	1	189	056
3231	12	29	125
1363	1	27	037
473	6	2082	064
2126	6	2009	119
509	15	4977	095
1912	6	2179	004
6247	23	2935	056
728	1	405	020
8957	23	2922	112
7789	23	12532	089
1959	6	2009	108
2917	9	2593	152
19	6	2009	111
1959	6	2008	020
1860	9	2517	160
1525	6	29	093
1860	9	2517	151
1502	1	416	106
1502	1	416	073
2126	6	2008	030
473	1	416	080
3197	12	2120	097
199	1	189	021
3189	12	2040	132
215	1	189	069
142	6	2044	155
2030	6	2045	012
812	1	416	073
1922	6	2061	049
431	1	189	148
6247	23	2935	010
211	1	189	090
1502	1	416	067
2135	6	2009	100
8779	23	2989	114
2979	10	2924	131
212	1	189	095
6247	23	12509	005
1959	6	2018	147
6726	23	2966	137
1593	1	1594	082
25	6	30	005
478	1	444	090
197	1	189	004
818	1	416	160
2059	6	2018	131
113	6	30	123
2127	6	171	043
4613	14	4132	039
2962	10	2963	122
2065	6	2040	127
2663	17	5935	144
720	1	28	123
3231	12	29	095
2135	6	2045	003
7789	23	12532	042
8469	20	5762	160
443	1	416	036
2074	6	402	146
198	1	189	159
6247	23	12509	118
2026	6	30	029
292	1	119	150
198	1	189	104
659	1	341	137
9379	20	5762	123
2845	9	2518	144
1922	6	2061	028
2153	6	30	061
6247	23	2935	016
2909	9	2593	120
1976	6	229	077
6414	23	2935	078
19	6	2008	072
4557	14	3436	133
2719	9	2720	161
7847	23	2966	053
2047	6	171	055
2138	6	2008	042
1429	6	173	015
3113	11	3102	090
178	1	179	017
2809	9	2705	126
2808	9	2517	098
44	5	25	066
2169	6	29	096
794	1	478	159
2068	6	2027	138
1911	20	7092	119
2059	6	2061	074
1851	10	2997	140
2121	6	405	132
44	6	29	138
1956	6	2009	105
509	15	4977	043
6006	17	5818	125
3209	12	30	014
7789	23	12532	090
2984	10	2946	074
142	6	2044	136
734	15	4977	138
2729	23	2966	147
7184	20	6706	149
2903	11	3089	042
363	1	364	152
2140	6	2008	074
1959	6	2008	063
446	1	259	080
1970	6	2084	037
44	5	25	101
2903	11	3089	066
6247	23	12509	149
3193	12	2155	001
211	1	189	004
169	6	173	019
2074	6	405	121
83	6	29	155
303	1	416	150
734	15	4977	118
17	1	18	033
4615	14	4138	083
3217	12	28	092
2119	6	2008	039
3209	12	30	084
3205	17	5853	146
845	1	28	066
6726	23	2966	133
8957	23	2922	143
8957	23	2922	086
2105	6	30	062
6247	23	12509	069
1947	6	405	104
2140	6	2008	079
1941	6	2008	029
2102	6	2040	127
205	6	30	122
2071	6	30	001
3866	14	3487	081
19	6	2008	055
1976	6	229	083
4568	23	2946	072
2068	6	173	011
211	1	189	062
444	1	405	114
6726	23	2966	040
406	1	408	035
2693	12	28	080
12536	23	2935	124
69	1	72	138
17	6	30	089
2138	6	2009	106
1525	6	29	088
396	1	397	144
771	1	629	112
509	15	4977	002
831	1	416	023
3219	12	2027	038
2168	6	173	023
199	1	189	084
172	1	402	038
702	6	28	011
3866	14	3487	133
2809	17	5818	156
1956	6	2008	080
588	6	30	030
720	1	28	124
2022	6	2123	110
19	6	2025	132
188	1	189	144
381	6	405	109
195	1	189	108
8957	23	2922	156
197	1	189	055
765	6	30	089
3101	11	3102	059
5308	15	5088	139
2696	9	2476	085
69	1	72	134
3144	17	6304	158
431	1	189	068
3189	12	2040	010
284	1	189	143
597	15	5088	044
3225	12	2155	159
2501	10	2935	160
2003	6	30	121
2693	12	28	092
6247	23	12509	116
113	6	30	017
578	1	28	089
100	6	29	138
7789	23	12532	004
1976	6	229	009
6247	23	12509	106
2138	6	2018	148
17	6	30	074
2909	9	2720	106
28	9	29	138
2729	23	2935	118
4885	14	3690	048
2026	6	30	120
473	6	2082	066
1525	6	29	076
205	15	4990	139
3218	12	2018	083
69	1	72	124
2047	6	171	138
3142	14	3491	053
1912	6	2179	005
846	1	397	006
1959	6	2009	101
172	1	402	075
2068	6	405	114
446	1	259	067
2663	17	5817	146
284	6	2008	052
1976	6	2040	105
610	1	416	116
845	1	28	160
2156	6	30	093
199	1	189	124
211	1	189	158
509	6	30	010
2138	6	2008	064
28	6	29	137
169	6	171	152
2465	14	3495	132
720	1	28	060
480	15	4990	121
4568	23	2946	049
675	15	4990	082
771	6	30	112
1429	6	30	092
2130	6	2027	140
846	1	397	050
2130	6	2008	068
659	1	341	124
12	1	14	083
2785	9	2520	095
69	1	72	066
172	1	402	110
260	1	189	105
1363	1	27	059
199	1	189	042
3237	12	116	140
598	6	30	028
2169	6	29	008
613	1	416	067
2071	6	29	159
765	6	30	127
2065	6	2040	011
196	1	189	004
6247	23	2935	089
3142	14	3793	064
3113	11	3102	143
796	15	4990	042
25	1	28	153
480	15	4990	020
199	1	189	145
2101	6	2045	016
2113	6	29	068
2696	9	2476	133
2030	6	2032	142
2065	6	2040	034
4940	14	3426	136
2144	6	2018	148
2587	9	2476	088
2006	6	29	125
431	1	189	105
765	6	28	134
1429	6	2029	006
3206	12	2120	137
3190	12	2084	021
3101	11	3102	036
771	1	629	040
228	1	229	009
2909	9	2720	017
284	6	2040	124
2026	6	30	074
213	1	189	083
2909	9	2720	002
44	5	25	071
812	1	416	082
2116	6	2061	006
2587	9	2476	147
478	1	444	161
205	1	207	029
3178	17	5947	154
2020	6	2009	087
69	1	73	141
380	1	1363	150
6726	23	2966	101
25	6	30	095
832	1	416	092
6247	23	12509	015
968	1	408	119
2583	9	2476	135
2047	6	171	107
25	15	5024	141
3190	12	2120	083
4613	14	3495	026
3200	12	2055	122
1941	6	2009	102
3101	11	3102	019
2105	6	2027	134
1525	6	29	078
2065	6	2040	022
3187	12	2055	149
1959	6	2009	107
3106	11	3087	001
3755	14	3495	146
2116	6	2018	117
7146	23	12532	083
261	1	262	013
17	6	30	033
381	6	405	085
178	6	116	016
6247	23	2935	101
3219	12	2027	002
197	1	189	105
3206	12	2082	011
199	1	189	025
613	1	416	132
2693	11	3087	129
380	6	30	040
2156	6	30	044
44	6	29	142
811	1	416	043
1486	1	845	154
399	1	402	142
630	6	30	079
198	1	189	016
2592	9	2593	095
3143	11	3087	158
728	1	405	056
3064	23	12505	146
578	1	28	109
3206	12	2082	060
3219	12	2027	051
759	1	28	132
169	6	173	022
228	6	2040	150
702	6	28	130
800	1	416	006
415	1	416	075
4932	14	3793	020
2102	6	2040	131
2785	17	6242	080
2903	11	3089	009
3237	12	117	015
2178	6	30	130
9121	17	6209	155
846	1	397	109
3577	14	3437	149
213	1	189	143
205	1	207	061
1941	6	29	160
19	6	2008	049
69	1	72	037
509	15	4977	157
17	6	30	127
2773	9	2517	107
69	1	74	144
1947	6	173	047
169	6	173	025
3193	12	2155	047
2135	6	2145	141
2119	6	2045	078
1959	6	2009	125
2157	6	2120	138
2696	9	2476	018
675	1	320	087
12528	23	12532	051
212	1	189	009
199	1	189	019
811	1	416	067
8779	23	2989	007
3216	12	2155	138
2663	17	5818	130
659	1	341	027
1910	14	3981	145
6247	23	12509	159
578	1	28	070
205	6	30	101
2065	6	2040	154
7146	23	12532	099
742	1	748	092
771	6	29	150
702	1	28	022
2026	6	30	016
610	1	416	060
2911	10	2720	146
1922	6	2061	013
1592	6	30	080
6168	17	5817	159
381	1	259	041
3209	12	2027	136
212	1	189	037
3217	12	28	129
1644	1	207	158
1930	15	4977	005
1912	6	259	079
228	6	229	014
818	1	416	002
197	1	189	059
598	6	30	043
8301	23	3060	102
812	1	416	015
1363	1	27	049
1133	6	30	017
2587	9	2588	079
303	1	416	003
178	1	179	071
12528	23	12532	073
443	1	416	097
3142	14	3793	060
396	6	28	134
205	1	207	060
2808	9	2517	085
480	15	4990	057
1860	9	2517	125
799	1	766	160
968	1	408	095
613	1	416	074
2945	14	4034	116
2138	6	2008	056
3577	14	3437	077
169	6	405	115
6247	23	12509	072
28	6	29	138
2809	9	2705	116
1941	6	2008	078
968	1	408	026
968	1	408	085
446	1	259	050
818	1	416	062
629	1	28	153
178	6	115	147
260	1	189	062
1644	1	207	046
178	1	179	025
3053	23	12505	090
3206	12	2120	090
5308	15	5088	143
1922	6	2061	030
597	15	5088	111
2169	6	29	016
44	5	25	019
188	1	189	032
7146	23	12532	131
3866	14	3487	102
3193	12	2155	004
5168	15	5088	117
800	1	416	005
228	6	2040	102
1502	1	416	070
213	1	189	024
2113	6	29	111
734	15	4977	058
584	6	405	097
2101	6	2008	058
2071	6	30	088
2057	6	173	032
380	6	30	074
292	1	120	110
2693	12	28	122
759	1	28	122
6247	23	2935	015
2121	6	405	090
2102	6	2040	113
626	6	46	160
702	6	28	001
811	1	416	027
2809	9	2705	144
196	1	189	131
197	1	189	018
4899	14	3623	157
765	6	30	070
2071	6	30	033
55	6	30	020
630	6	30	090
2693	12	28	077
17	6	2044	134
5168	15	5088	131
1930	15	4977	035
831	1	416	011
1947	6	2027	140
3187	23	12518	155
3143	11	3087	068
1931	6	116	025
2729	23	2966	062
771	1	629	081
44	6	30	066
2105	6	30	094
6348	17	6066	123
734	15	4977	136
7146	23	12532	073
2127	6	171	155
406	1	408	086
3218	12	2018	075
759	1	28	050
2113	6	29	035
2729	23	2935	083
381	6	405	052
6726	23	2966	075
28	6	29	152
2138	6	2018	154
4885	17	8813	044
2811	9	2517	156
198	1	189	084
215	1	189	158
2615	9	2517	128
2911	9	2482	119
3216	12	2155	145
2035	6	2009	097
2587	9	2476	138
2008	9	259	060
5168	15	5088	139
3225	23	2938	062
2073	6	2009	106
2119	6	2120	155
195	1	189	097
610	1	416	062
428	15	5024	104
771	1	629	061
1592	6	30	024
759	1	28	135
734	15	4977	112
381	6	405	122
172	1	402	030
2911	9	2482	108
2059	6	2060	160
2101	6	2040	141
2135	6	2009	097
8957	23	2922	088
509	6	30	035
6247	23	12509	024
588	6	30	098
8779	23	2989	151
2663	17	5818	124
6247	23	2935	069
2071	6	30	128
2156	6	30	126
765	6	30	068
9337	20	5762	115
759	1	28	143
17	6	30	104
428	15	5024	154
100	6	30	098
2119	6	2045	014
3225	23	2989	056
2153	6	30	043
1592	6	30	031
613	1	416	094
3211	12	2082	009
3190	12	2084	020
169	6	405	128
2071	6	30	032
2945	14	3623	129
212	1	189	149
822	1	416	151
2615	9	2593	158
659	1	341	034
211	1	189	011
1133	15	4990	013
260	1	189	055
2135	6	2045	013
2615	9	2593	115
1958	6	2061	065
720	1	28	087
2693	12	28	101
796	15	4990	069
759	1	28	088
415	1	416	150
8779	23	2989	132
1841	23	2997	149
2130	6	2009	099
7789	23	12532	152
55	6	30	102
2065	6	2040	093
509	15	4977	055
2073	6	2009	115
811	1	416	031
1930	15	4977	075
473	1	416	100
1947	6	173	043
28	9	29	153
3130	14	3437	125
831	1	416	156
675	6	405	089
6726	23	2966	010
799	1	773	147
473	1	416	105
3189	12	2040	123
2808	10	2924	083
169	1	173	007
831	1	416	049
6247	23	12509	095
2057	6	173	084
2903	11	3089	008
4568	23	2946	136
2615	9	2517	146
2539	9	2482	106
2121	6	2122	020
3113	11	3102	111
2785	9	2593	095
6726	23	2966	015
810	1	416	018
2693	12	28	026
3106	11	3087	018
2071	6	30	016
195	1	189	094
3166	23	12532	052
3211	12	2120	146
811	1	416	034
1956	6	2008	054
630	6	30	124
1525	6	29	126
3206	12	2120	126
2068	6	171	153
3187	23	12518	147
3508	14	3436	158
2069	6	2018	105
2587	9	2476	095
2909	9	2593	116
2119	6	2045	051
1947	6	173	081
2808	9	2517	160
195	1	189	125
2644	9	2593	069
2178	6	30	117
83	6	29	145
196	1	189	018
3206	14	3427	087
199	1	189	082
6247	23	12509	013
711	1	28	120
284	1	189	151
228	1	229	016
19	6	2044	142
1975	6	625	140
3211	12	2120	154
2917	9	2593	138
2030	6	2008	062
4568	23	2946	083
584	6	405	087
2809	17	5818	106
198	1	189	120
2693	12	28	000
1947	6	173	020
1976	6	2040	136
659	1	341	139
6247	23	12509	016
2845	9	2518	152
1970	6	2084	041
2583	9	2476	129
169	6	171	149
2168	6	173	081
2693	11	3087	141
811	1	416	036
2587	9	2476	161
2116	6	2018	158
2127	6	171	134
3211	14	3427	081
771	1	629	093
113	6	30	035
1133	15	4990	150
2119	6	2045	037
831	1	416	132
6726	23	2966	091
1592	6	30	076
2156	6	30	040
2693	12	28	088
2065	6	2040	042
1860	9	2517	118
812	1	416	100
968	1	408	102
3190	12	2120	095
213	1	189	134
2069	6	1561	010
630	6	30	025
702	1	28	136
1644	1	207	058
2663	9	2588	152
1959	6	2018	144
1525	6	29	128
205	15	4990	001
9410	20	5762	129
381	1	405	127
3237	12	116	038
2663	17	5816	159
796	15	4990	154
1525	6	29	129
1525	6	29	141
3216	12	2155	124
1956	6	2009	084
473	1	416	048
734	15	4977	129
6247	23	2935	042
5308	15	5088	122
578	1	28	047
711	1	28	048
2008	9	259	047
2047	6	171	012
5168	15	5088	112
446	1	405	117
5252	15	5088	148
213	1	189	037
3106	11	3087	044
2105	6	30	009
47	6	30	108
2144	6	2087	158
3225	23	2938	016
1961	6	2031	159
3200	12	2055	112
205	15	4990	005
2130	6	2045	005
3718	14	3495	043
610	1	416	073
1644	1	207	016
3106	11	3087	106
829	15	5088	155
3106	11	3087	006
610	1	416	004
1644	15	5088	151
2102	6	2040	142
197	1	189	077
2539	9	2482	137
2696	9	2476	049
509	15	4977	057
2178	6	30	122
610	1	416	109
1970	6	2040	161
1959	6	2018	143
188	1	189	079
2663	17	5935	142
196	1	189	089
2911	9	2482	145
3106	11	3087	025
800	1	416	159
2135	6	2008	032
415	1	416	137
1592	6	30	083
2071	6	30	018
3206	12	2120	093
3113	11	3102	061
845	1	28	029
2142	6	2008	068
509	6	30	107
6726	23	2966	095
968	1	408	017
28	9	29	142
578	1	28	010
2845	14	3956	107
3130	14	3437	146
1912	6	171	156
2845	10	2977	100
818	1	416	126
44	6	30	061
2068	6	405	130
3187	23	12518	071
2127	6	171	058
597	15	5088	150
3231	12	29	002
1525	6	29	024
473	1	416	061
1593	1	766	158
3186	12	2155	155
211	1	189	156
831	1	416	082
2979	10	2924	129
2030	6	2045	000
2168	6	173	015
2587	9	2476	083
2911	9	2482	085
473	6	2040	161
832	1	416	136
1976	6	229	051
428	15	5024	161
759	1	28	045
381	6	405	110
5308	15	5088	026
284	6	2040	135
1931	6	116	068
188	1	189	047
205	15	4990	141
113	6	29	141
1941	6	2045	006
1941	6	2009	130
799	1	773	148
1860	9	2517	127
3193	12	2155	011
2587	9	2588	130
2644	9	2593	127
1930	15	4977	037
142	6	29	155
1931	6	116	062
1922	6	2018	144
2539	9	2540	130
1961	6	2027	142
758	1	759	158
7146	23	12532	016
1930	15	5024	154
196	1	189	142
818	1	416	085
3593	14	3544	104
578	1	28	151
1567	1	590	144
832	1	416	066
2615	9	2476	112
720	1	28	034
2785	9	2593	087
759	1	28	146
636	1	172	029
1860	9	2517	133
196	1	189	141
4654	14	3786	095
818	1	416	084
284	1	285	005
588	6	30	126
488	1	30	072
2917	9	2593	157
2945	14	4034	118
734	15	4977	113
2069	6	2070	079
812	1	416	139
473	1	416	161
3216	12	2155	105
2073	6	2009	130
169	1	173	012
100	6	30	109
613	1	416	100
115	9	2490	160
3113	11	3102	092
1363	1	27	073
446	1	405	095
25	6	30	066
2126	6	2009	093
2815	11	3087	156
2917	9	2593	103
1644	1	207	011
2663	17	6190	135
1894	23	2920	080
4341	14	4342	093
3190	12	2120	105
3748	14	3690	043
1363	1	27	003
1860	9	2517	146
3143	11	3087	009
1871	12	2155	081
832	1	416	134
488	1	30	123
3211	12	2120	092
205	1	207	140
1851	10	2997	139
205	6	30	081
12528	23	12532	066
25	6	29	142
734	15	4977	063
5308	15	5088	007
169	1	171	152
396	6	29	159
629	1	30	123
7847	23	2966	130
3143	11	3087	015
2057	6	173	046
195	1	189	046
7146	23	12532	088
473	1	416	037
428	6	259	042
2119	6	2045	004
205	15	4990	129
3209	12	30	038
3622	14	3519	066
818	1	416	131
3225	23	2989	065
1593	1	1594	092
968	1	408	058
3106	11	3087	004
1976	6	229	022
597	15	5088	012
406	1	408	087
188	1	189	134
6414	23	2935	118
588	6	30	027
742	15	4990	120
2105	6	30	074
258	1	259	064
2130	6	29	160
3225	23	2989	095
415	1	416	119
473	1	416	115
2729	23	2935	027
509	6	30	020
8301	23	3060	075
636	1	172	000
44	6	30	122
1133	6	30	083
3225	20	6706	161
1931	6	116	109
2138	6	2008	063
2026	6	30	105
1429	6	30	048
4885	17	8813	159
1644	1	207	021
2135	6	2008	033
8301	23	3060	098
2984	10	2946	122
1958	6	2061	000
2836	9	2705	119
771	1	629	070
3101	11	3102	011
2059	6	2061	031
12497	22	10627	152
100	6	29	156
1975	6	2008	080
3101	11	3102	013
675	15	4990	080
2021	6	402	138
446	1	259	071
303	1	416	075
4568	23	2946	145
800	1	416	049
2729	23	2966	102
3200	12	2055	102
2785	9	2520	112
1930	15	4977	065
2069	6	1561	066
2169	6	29	135
7146	23	12532	143
1975	6	2009	129
2845	9	2518	102
12	1	14	055
2909	9	2593	038
3113	11	3102	085
4568	23	2946	004
303	1	416	047
443	1	416	131
12	1	14	072
2916	9	2517	094
2047	6	171	092
2909	9	2593	096
2729	23	2935	050
284	6	2008	061
1961	6	2008	076
381	6	405	042
2125	6	2009	088
7789	23	12532	008
818	1	416	128
2845	10	2977	125
380	6	30	063
195	1	189	067
443	1	416	040
3166	23	12532	080
2119	6	2045	052
3144	23	12529	156
69	1	72	100
3209	12	30	078
113	1	632	156
44	5	25	129
2587	9	2476	109
793	1	341	157
358	1	29	150
2809	9	2705	159
2073	6	2008	046
12497	22	10801	156
2615	9	2476	098
7881	20	6706	158
607	15	4990	100
5308	15	5088	065
2119	6	2045	056
473	1	416	101
3190	12	2120	152
5308	15	5088	001
446	1	405	099
2065	6	2040	044
1871	12	2155	099
1975	6	2009	120
3064	23	12505	038
169	6	405	106
2916	9	2517	148
702	1	28	054
2917	10	2942	140
832	1	416	068
211	1	189	063
2945	14	3623	124
284	6	2040	127
1941	6	2008	035
2020	6	2008	037
765	6	30	061
55	6	30	135
2140	6	2008	024
3219	12	2027	054
759	1	28	068
5308	15	5088	016
260	1	189	007
1894	23	2920	063
6247	23	12509	039
2130	6	2009	101
2729	23	2935	153
2867	9	2517	107
3190	12	2084	040
6247	23	2935	038
443	1	416	104
2644	9	2593	138
1975	6	625	150
2026	6	2029	003
2539	9	2482	069
205	15	4990	088
396	6	30	120
12	1	14	132
1851	9	2520	158
3143	11	3087	129
44	6	46	136
3218	12	2018	119
406	1	408	027
12	1	14	073
2589	9	2517	148
303	1	416	140
734	15	4977	158
702	6	28	050
1644	1	207	156
675	15	5120	035
702	1	28	141
142	6	2044	142
1871	12	2155	110
8301	23	3060	027
473	6	2040	116
818	1	416	100
2693	12	28	011
2539	9	2482	097
3178	17	5950	154
2127	6	171	068
2945	14	3623	154
584	6	405	102
702	6	28	053
3206	12	2082	075
1922	6	2018	122
3190	12	2084	043
3197	12	2055	133
1956	6	2009	131
796	15	4990	159
358	1	29	155
178	6	116	128
2615	9	2593	145
17	6	30	027
11201	22	9756	152
17	6	30	076
1975	6	2008	030
172	1	402	005
2008	9	259	059
6414	23	2935	069
188	1	189	107
3225	23	2938	118
759	1	28	013
2113	6	29	142
1947	6	173	019
480	15	4990	086
2047	6	171	008
188	1	189	039
198	1	189	028
1894	23	2920	047
3217	12	28	048
2808	9	2517	145
399	1	405	095
2113	6	29	124
2069	6	1561	000
284	1	189	080
578	1	28	156
188	1	189	076
2845	10	2977	088
1912	15	5024	105
3237	12	116	101
260	1	189	086
2138	6	2009	118
5252	15	5088	132
1429	6	30	085
17	6	30	063
2059	6	2061	040
1363	1	27	123
2065	6	2040	125
142	6	30	053
1133	15	4990	102
800	1	416	104
1133	6	30	011
630	6	29	141
2105	6	30	025
2663	9	2588	153
742	1	748	116
205	15	4990	102
228	6	2040	123
25	6	29	159
588	6	30	068
3178	11	3087	153
260	1	189	144
380	6	29	143
2140	6	2009	119
2696	9	2476	098
2026	6	30	117
1931	6	116	069
711	1	28	062
3187	12	2055	128
10636	22	10030	147
613	1	416	065
10636	22	2157	145
796	15	4990	023
734	15	4977	011
473	6	2082	044
1931	6	116	079
3034	14	3956	154
2916	9	2517	156
3190	12	2120	134
2696	9	2476	130
2101	6	2008	035
1592	6	30	103
195	1	189	131
2644	9	2593	067
810	1	416	077
44	5	25	121
2845	14	3956	085
2069	6	2018	142
284	1	189	132
196	1	189	106
172	1	402	090
2003	6	2038	011
1961	6	2027	161
188	1	189	161
629	1	28	134
3211	12	2082	007
381	6	405	045
169	6	173	072
1644	1	207	092
6006	17	5818	076
205	6	2019	145
2105	6	30	079
6414	23	2935	026
1525	6	29	154
9295	20	6012	115
1393	6	29	159
1871	12	2155	038
1947	6	2027	156
2065	6	2040	158
2539	9	2540	088
2785	9	2520	125
3143	11	3087	039
509	6	30	060
17	1	18	068
3211	12	2120	099
197	1	189	056
205	1	207	058
212	1	189	128
8957	23	2922	013
509	6	30	088
3237	12	116	066
199	1	189	106
1592	6	30	101
5308	15	5088	070
228	1	229	039
1593	1	1594	069
968	1	408	054
1133	15	4990	120
659	1	341	095
8957	23	2922	125
1941	6	2008	050
2945	10	2946	101
260	1	189	116
205	1	207	137
428	6	2043	082
2003	6	30	090
2836	9	2705	157
759	1	28	069
1999	15	5024	156
598	6	30	020
3206	12	2082	031
2119	6	2120	097
3211	12	2120	094
205	1	207	022
598	6	30	093
3225	23	2938	045
1894	23	2920	096
2917	10	2942	093
2130	6	2009	108
2065	6	2040	143
2909	9	2593	073
415	1	416	154
578	1	28	058
1894	23	2920	112
675	15	5120	111
659	1	341	042
2729	23	2966	085
613	1	416	106
702	6	28	027
113	6	30	052
720	1	28	137
172	15	5043	157
2909	9	2593	045
213	1	189	107
2811	9	2517	112
796	15	4990	141
2068	6	2027	137
1363	1	27	089
1363	1	27	060
303	1	416	095
3187	23	12518	160
17	1	18	089
3216	12	2155	156
629	1	30	105
7000	17	5951	159
968	1	408	130
7847	23	2966	037
1593	1	1594	029
810	1	416	053
215	1	189	005
198	1	189	034
415	1	416	009
4899	14	3623	148
1961	6	2045	010
7146	23	12532	097
3833	14	3495	069
431	1	189	130
188	1	189	041
509	6	30	001
675	6	2052	024
2984	10	2946	075
380	6	30	035
303	1	416	111
2822	14	3475	143
2127	6	171	038
303	1	416	092
142	6	2044	133
610	1	416	041
8957	23	2922	131
3225	23	2989	081
3211	12	2082	066
3577	14	3437	078
2059	6	2061	085
2916	9	2517	103
8301	23	3060	005
2021	6	405	095
2006	6	29	075
3053	23	12505	027
734	15	4977	006
446	1	402	141
2539	9	2482	155
702	1	28	104
2911	9	2482	083
205	15	4990	080
3231	12	29	011
659	1	341	123
17	1	18	104
2003	6	2019	131
3159	17	6704	159
2916	9	2517	159
446	1	405	124
810	1	416	000
6247	23	2935	114
1912	6	405	089
6414	23	2935	113
488	1	30	110
734	15	4977	067
584	6	259	078
25	15	4990	153
702	6	28	096
473	1	416	012
6247	23	12509	074
8957	23	2922	129
6726	23	2966	048
2169	6	29	106
197	1	189	113
1970	6	2084	053
3231	12	29	055
2153	6	30	057
1429	6	30	125
212	1	189	131
6726	23	2966	002
1644	1	207	055
5308	15	5088	061
3206	12	2082	067
2911	9	2482	150
381	1	405	118
613	1	416	086
1593	1	1594	071
428	6	259	030
9295	20	6012	126
2119	6	2045	046
88	6	30	043
3143	11	3087	014
3200	12	2055	096
488	1	30	111
2979	10	2924	125
198	1	189	002
1976	6	229	027
794	1	478	127
2836	9	2705	111
597	15	5088	115
12016	22	9579	149
100	6	30	040
415	1	416	159
284	6	2008	030
2126	6	2008	035
25	6	30	118
1592	6	30	111
2836	9	2705	121
2153	6	30	125
2911	9	2482	113
25	6	29	151
3113	11	3102	094
3237	12	116	102
588	6	30	029
3101	11	3102	007
2909	9	2593	128
6414	23	2935	117
2845	10	2977	096
2047	6	171	018
846	1	397	062
3206	12	2082	050
1502	1	416	044
2057	6	173	075
473	1	416	134
613	1	416	019
818	1	416	075
810	1	416	030
2119	6	2045	025
8301	23	3060	101
509	15	4977	106
1133	15	4990	074
2059	6	2060	154
2153	6	30	033
205	15	4990	038
6247	23	2935	036
212	1	189	049
2065	6	2040	099
9348	20	6012	119
1644	15	5088	150
793	1	341	158
6247	23	12509	135
509	15	4977	085
4646	14	3509	141
44	6	30	128
759	1	28	070
6247	23	2935	009
2119	6	2120	149
2539	9	2540	150
2119	6	2045	060
8779	23	2989	101
169	6	173	039
702	6	28	042
734	15	4977	106
2026	6	2027	144
7515	20	7092	147
3189	12	2040	053
2583	9	2476	121
205	1	207	049
734	15	4977	079
771	6	30	017
25	6	30	088
228	1	229	004
100	6	28	131
169	1	173	017
734	15	4977	148
2121	6	405	118
3106	11	3087	070
845	1	28	030
759	1	28	102
2773	9	2517	132
228	6	229	076
113	6	30	072
2587	9	2588	094
3206	12	2120	110
702	1	28	078
113	6	29	145
172	15	5043	159
3189	12	2040	045
3053	23	12505	089
2008	9	259	034
2587	9	2476	153
2102	6	2008	053
2071	6	29	161
1912	6	405	096
3425	14	3426	124
205	15	4990	059
7146	23	12532	004
2113	6	29	137
25	6	30	026
3187	12	2055	124
8743	17	5948	157
742	1	748	117
1863	9	2518	153
188	1	189	101
3062	10	2924	064
2153	6	30	077
1956	6	2040	137
2142	6	2009	097
2020	6	2087	158
473	1	416	160
415	1	416	060
2074	6	2075	069
765	6	30	008
284	6	2040	086
3678	14	3437	161
2003	6	30	056
1956	6	2009	128
2867	9	2588	159
610	1	416	094
1894	23	2920	051
509	6	30	078
4568	23	2946	133
2811	9	2517	141
198	1	189	143
3187	23	12518	100
205	1	207	130
818	1	416	107
509	6	30	027
446	1	171	153
578	1	28	043
1133	15	4990	061
2127	6	171	020
629	1	30	060
2047	6	171	145
1593	1	1594	048
3206	12	2120	141
2074	6	402	138
2867	9	2588	140
1930	15	4977	056
3143	11	3087	058
7146	23	12532	036
12528	23	12532	093
2047	6	171	033
2153	6	2027	150
3130	14	3437	121
771	6	28	133
7789	23	12532	030
3090	11	3087	157
636	1	172	151
1363	1	27	015
818	1	416	015
25	6	30	089
2809	17	5816	117
2785	9	2520	106
3508	14	3509	161
428	6	405	118
292	1	120	121
3034	14	3956	155
2909	9	2720	072
6247	23	12509	139
2909	9	2720	051
2105	6	2027	146
2121	6	405	111
588	6	589	151
284	1	189	115
832	1	416	048
12528	23	12532	079
3225	23	2989	004
1961	6	2009	090
2696	9	2476	029
1931	6	115	161
800	1	416	040
19	6	2045	017
113	6	30	116
19	6	2009	085
846	1	397	068
2587	9	2588	109
1931	6	116	020
597	15	5088	146
3219	12	2027	128
443	1	416	150
2693	17	5953	157
44	6	30	099
3193	12	2155	023
1593	1	766	155
810	1	416	072
1956	6	2040	136
2156	6	30	067
2006	6	29	096
2121	6	405	126
2917	9	2593	160
1931	6	116	063
2069	6	1561	037
6995	17	5947	157
3193	12	2155	098
1363	1	27	088
19	6	2008	018
2153	6	30	099
6247	23	12509	045
584	1	259	053
3231	12	29	026
675	6	2051	019
2587	9	2476	057
2015	6	117	012
845	1	28	150
2809	17	5816	126
142	6	30	039
8779	23	2989	042
584	6	405	085
1958	6	2061	063
2065	6	2040	054
2693	14	3469	158
1644	1	207	159
822	1	416	069
7125	17	6780	119
2169	6	29	029
10636	22	2157	149
2006	6	29	132
2696	9	2476	041
2119	6	2120	124
759	1	28	008
812	1	416	029
1947	6	173	076
488	1	30	074
12528	23	12532	118
2153	6	30	089
4885	17	8813	116
44	6	30	068
2809	17	5935	117
2026	6	2027	139
215	1	189	018
734	15	4977	021
2911	10	2720	086
211	1	189	040
28	9	29	149
2055	9	2486	161
5252	15	5088	133
172	1	171	157
3219	12	2027	032
799	1	766	155
3064	23	12505	079
2138	6	2008	051
1593	1	1594	081
2539	9	2482	145
3187	23	12518	072
2945	14	3623	121
734	15	4977	069
1959	6	2009	123
3231	12	29	085
7146	23	12532	154
172	1	402	028
2808	9	2517	109
260	1	189	002
1592	6	30	095
711	1	28	138
734	15	4977	075
2696	9	2476	144
2074	6	2075	077
3216	12	2155	024
17	6	30	087
799	1	766	153
292	1	120	067
3200	12	2055	105
2006	6	29	158
1841	23	2997	107
2696	9	2476	046
720	1	28	150
2065	6	2040	138
3225	23	2938	012
3193	12	2155	044
1525	6	29	137
702	6	28	058
6006	17	5818	088
3225	23	2989	045
113	6	30	048
3225	23	2938	117
2026	6	30	013
2592	9	2593	099
205	1	207	109
1922	6	2061	041
968	1	74	161
2101	6	2040	095
2125	6	2009	111
8708	23	12505	122
845	1	28	006
1133	6	30	097
2962	10	2963	114
1956	6	2040	143
3090	11	3087	145
3206	12	2120	121
2003	6	30	084
2917	10	2942	120
3866	14	3487	153
381	1	405	161
734	15	4977	111
968	1	408	091
2142	6	2008	019
12528	23	12532	063
734	15	4977	047
800	1	416	111
3713	14	3495	035
2719	9	2720	156
215	1	189	105
759	1	28	090
44	6	30	092
720	1	28	039
3193	12	2155	095
8708	17	5949	159
2153	6	30	094
7847	23	2966	088
771	6	30	095
228	6	229	009
765	6	30	075
734	15	4977	057
7847	23	2966	055
69	1	72	133
771	1	629	030
720	1	28	000
2663	17	5818	159
702	1	28	058
6247	23	2935	091
205	15	4990	081
1976	6	229	026
55	6	30	123
446	1	259	046
213	1	189	052
5308	15	5088	141
2909	9	2593	012
1894	23	2920	120
1133	15	4990	026
113	6	30	054
636	1	172	074
5252	15	5088	130
431	1	189	025
1970	6	2040	123
12528	23	12532	110
2729	23	2966	094
3053	23	12505	060
2059	6	2061	086
1133	6	592	133
6006	17	5818	084
3189	12	2040	110
428	6	405	090
473	1	416	126
443	1	416	052
2127	6	171	056
2101	6	285	011
100	6	29	139
3217	12	28	005
811	1	416	056
2156	6	30	030
2808	9	2517	096
7146	23	12532	019
2972	10	2924	157
1947	6	173	014
2729	23	2966	123
1860	9	2517	103
3231	12	29	076
2909	9	2593	158
195	1	189	127
188	1	189	095
832	1	416	087
597	15	5088	031
178	6	115	161
396	6	30	090
2539	9	2540	084
1961	6	2008	081
44	5	25	139
796	1	797	157
1133	6	30	096
113	6	29	154
3225	23	2989	058
258	1	259	079
5308	15	5088	054
588	6	30	097
55	6	30	003
3713	14	3715	045
3143	11	3087	081
675	1	320	138
2836	9	2705	088
1922	6	2061	066
198	1	189	032
2979	10	2924	136
215	1	189	111
831	1	416	116
2143	6	2045	011
1959	6	2009	092
88	6	30	004
3106	11	3087	113
113	6	30	001
19	6	2044	139
44	1	46	145
3197	12	2120	105
3193	12	2155	100
284	6	2040	137
1958	6	2061	062
4933	14	3513	124
215	1	189	061
284	6	2008	034
431	1	189	063
584	1	259	072
846	1	397	086
3143	11	3087	076
1910	14	3956	124
822	1	416	059
292	1	120	049
380	6	30	038
3209	12	30	053
2057	6	173	073
44	6	30	096
597	15	5088	021
480	1	481	154
3209	12	30	031
19	6	2008	058
178	1	179	024
1922	6	2018	106
195	1	189	086
19	6	2008	075
2126	6	2008	080
8957	23	2922	128
1976	6	2040	149
473	6	2040	083
675	15	4990	141
831	1	416	001
428	6	405	112
2153	6	30	131
1975	6	2008	040
742	15	4990	137
2688	9	2517	159
2021	6	171	147
2836	9	2705	110
598	6	30	061
292	1	120	046
25	15	4990	053
2822	14	3475	125
1547	6	29	150
28	9	29	157
6006	17	5818	159
1922	6	2061	006
3237	12	116	056
6247	23	2935	050
473	1	416	104
428	6	259	056
2587	9	2476	056
846	1	397	099
759	1	28	058
69	1	72	080
2142	6	2008	061
473	6	2055	020
1502	1	416	116
2142	6	2009	082
2729	23	2966	111
2113	6	29	100
431	1	189	146
613	1	416	031
1894	23	2920	116
2102	6	2040	138
509	6	29	158
364	6	29	158
702	6	28	052
205	15	4990	020
1930	15	4977	083
3225	23	2989	083
473	1	416	085
100	6	30	092
199	1	189	096
12528	23	12532	135
1912	15	5024	113
284	1	189	149
2729	23	2966	127
2072	6	29	147
284	1	189	100
1958	6	2061	082
831	1	416	117
2785	9	2520	113
8301	23	3060	022
2119	6	2120	159
8301	23	3060	020
1894	23	2920	145
2144	6	2009	119
822	1	416	024
6247	23	2935	141
3142	14	3509	077
446	1	259	066
205	15	4990	114
597	15	5088	093
1947	6	173	048
12	1	14	114
113	6	30	043
796	15	4990	152
284	6	2040	117
610	1	416	130
142	6	30	123
431	1	189	138
196	1	189	137
2138	6	2009	123
2911	9	2482	158
8957	23	2922	099
3189	12	2040	075
381	1	259	059
2867	9	2517	109
2105	6	30	069
5308	15	5088	161
2917	9	2593	147
25	15	4990	144
765	6	29	153
818	1	416	092
28	9	29	147
2105	6	2027	141
3577	14	3437	102
1363	1	27	129
3190	12	2120	161
2144	6	2018	143
2903	11	3089	073
2587	9	2588	111
2026	6	2027	135
9402	20	5762	139
2587	9	2588	070
968	1	408	097
228	6	229	044
9402	20	5762	141
211	1	189	094
1956	6	2040	150
1502	1	416	009
3187	23	12518	104
734	15	4977	080
8779	23	2989	090
2035	6	2009	129
3189	12	2040	105
431	1	189	005
3204	12	170	158
55	6	29	138
3231	12	29	152
1502	1	416	124
381	1	405	130
12497	22	10627	150
3166	23	12532	071
17	1	18	049
7863	17	7126	118
3225	12	2155	152
199	1	189	099
2006	6	29	136
396	6	30	062
2583	9	2476	161
1922	6	2018	132
19	6	2008	026
1894	23	2920	130
675	15	5120	156
1975	6	2008	009
25	6	30	112
2688	9	2517	136
2836	9	2705	148
588	6	589	145
2615	9	2517	139
2592	9	2593	146
2006	6	29	042
2153	6	30	102
846	1	845	159
3197	12	2120	094
2126	6	2009	109
509	15	4977	078
3206	14	3427	079
720	1	28	035
2006	6	29	030
2811	9	2517	114
3189	12	2040	129
2130	6	2045	015
211	1	189	088
444	1	405	121
1363	1	27	042
702	6	28	098
428	6	171	147
2903	11	3089	065
3190	12	2120	104
3206	12	2120	089
3217	12	28	042
846	1	397	060
812	1	416	019
1931	6	116	038
2138	6	2009	103
381	1	259	079
1363	1	27	039
613	1	416	142
211	1	189	137
260	1	189	077
205	1	207	039
2663	9	2588	157
7789	23	12532	049
2696	9	2476	096
2693	11	3087	116
845	1	28	161
818	1	416	022
1912	6	259	042
195	1	189	027
2903	11	3089	101
44	6	29	140
488	1	30	092
2065	6	2040	156
1133	15	4990	151
478	1	444	041
2026	6	30	110
205	6	30	068
3218	12	2018	025
69	1	72	125
845	1	28	054
113	6	30	124
3748	14	3649	044
2030	6	2045	001
1930	15	4977	098
1975	6	2009	086
25	6	30	096
44	1	46	136
2917	10	2942	109
6414	23	2935	009
2127	6	171	078
2126	6	2009	097
796	15	4990	084
636	1	172	107
2119	6	2120	107
675	6	2051	028
597	15	5088	147
1912	6	2179	013
473	1	416	077
25	15	5024	100
69	1	72	000
1592	6	30	025
292	1	120	133
260	1	189	061
2811	9	2517	139
759	1	28	061
3206	12	2120	160
473	1	416	123
831	1	416	159
443	1	416	086
2696	9	2476	086
25	15	5024	022
2047	6	171	069
205	6	30	042
2583	9	2476	141
44	6	30	031
2644	9	2593	083
1593	1	1594	140
7847	23	2966	016
212	1	189	062
1644	1	207	098
8301	23	3060	106
2116	6	2061	010
25	15	5024	068
2693	12	28	067
811	1	416	099
578	1	28	054
2020	6	2008	060
630	6	30	054
47	6	30	089
6247	23	2935	139
44	6	30	010
968	1	408	007
2130	6	2009	093
1851	10	3056	159
205	1	207	125
25	6	30	025
3113	11	3102	058
2809	17	5817	096
19	6	2045	003
292	1	120	078
228	6	229	008
3130	14	3437	154
4899	14	3623	154
8353	20	5762	143
1894	23	2920	140
8590	20	7092	149
211	1	189	065
3064	23	12505	125
6247	23	12509	150
25	15	5024	138
846	1	397	102
2909	9	2720	012
473	6	2040	141
3219	12	2027	025
2644	10	2924	063
3216	12	2155	159
55	6	30	007
2785	9	2520	141
629	1	30	061
1956	6	2009	114
7789	23	12532	097
1912	6	2179	001
6006	17	5818	143
3225	23	2989	122
69	1	72	071
2003	6	30	106
205	6	30	063
199	1	189	054
2065	6	2040	080
1593	1	1594	027
2035	6	2009	103
8779	23	2989	106
1592	6	2029	004
3225	23	2989	020
169	1	171	150
1912	15	5024	118
509	15	4977	073
7847	23	2966	065
83	1	262	011
800	1	416	060
380	1	1363	160
2644	10	2924	057
381	1	405	102
5252	15	5088	135
381	6	405	044
702	6	28	044
2677	9	2486	161
597	15	5088	091
2917	9	2593	124
8301	23	3060	047
2809	17	5816	112
7847	23	2966	001
3189	12	2040	055
3106	11	3087	096
228	6	229	045
2911	9	2482	075
303	1	416	023
2729	23	2966	034
88	6	29	139
3225	23	2989	072
205	1	207	121
1133	15	4990	004
2157	6	2120	115
28	1	29	142
765	6	30	081
199	1	189	027
205	15	4990	071
44	5	25	095
1961	6	2045	017
2127	6	171	082
5308	15	5088	031
69	1	72	075
2909	9	2593	152
3204	12	170	145
473	6	2082	041
3237	12	116	054
629	1	30	021
228	6	2040	107
4932	14	3509	014
2785	9	2593	084
2022	6	2123	104
2020	6	2008	069
25	6	30	122
794	1	478	123
2917	9	2593	115
2156	6	30	063
2047	6	171	139
480	15	4990	007
1592	6	29	154
2102	6	2040	134
3211	14	3426	076
675	15	5120	114
44	6	29	154
7146	23	12532	122
675	15	5120	083
2003	6	30	078
8957	23	2922	055
25	15	4990	106
758	1	759	150
509	6	30	077
2693	12	28	043
3193	12	2155	064
2909	9	2593	029
2909	9	2720	139
2168	6	170	161
2663	17	6190	152
1912	6	259	077
1930	15	4977	137
734	15	4977	136
431	1	189	057
431	1	189	033
831	1	416	050
3190	12	2120	117
2589	9	2517	161
3189	12	2040	095
2003	6	30	115
2539	9	2482	138
1871	12	2155	078
5308	15	5088	055
1644	1	207	028
5308	15	5088	111
2047	6	171	105
720	1	28	050
3866	14	3487	079
2644	9	2593	037
2663	17	6190	134
44	5	25	156
6247	23	12509	004
2020	6	2009	111
1912	6	259	069
1592	6	30	058
771	6	29	148
178	1	179	092
3101	11	3102	073
2008	9	259	066
25	15	5024	080
1976	6	229	039
2127	6	171	137
636	1	444	161
742	1	748	113
3064	23	12505	117
2113	6	29	109
2030	6	2009	107
2587	9	2588	160
812	1	416	078
2003	6	30	123
199	1	189	109
1975	6	625	143
613	1	416	076
3197	12	2120	112
44	6	30	116
1912	15	5024	128
3053	23	12505	151
2142	6	2045	016
6247	23	12509	036
3053	23	12505	116
3166	23	12532	064
2035	6	2009	081
2113	6	29	067
4885	17	8813	151
3866	14	3487	143
478	1	444	067
3217	12	28	055
720	1	28	002
428	15	5024	138
800	1	416	024
675	15	4990	034
509	15	4977	149
213	1	189	021
1956	6	2009	083
2102	6	2008	040
6006	17	5818	138
3101	11	3102	096
810	1	416	026
284	1	189	097
44	6	30	063
169	1	171	155
2057	6	173	066
675	15	4990	138
4933	14	3513	125
6168	17	5817	147
6006	17	5818	083
25	15	4990	126
6247	23	2935	046
47	6	30	122
2903	11	3089	037
428	15	5024	130
1961	6	2029	005
3216	12	2155	140
3217	12	28	007
205	1	207	091
675	15	5120	012
1592	6	30	124
3189	12	2040	133
796	15	4990	101
88	6	30	046
6006	17	5818	091
2693	14	3468	154
720	1	28	111
1593	1	1594	117
675	15	5120	034
968	1	408	099
1931	6	115	144
734	15	4977	126
3113	11	3102	140
7789	23	12532	159
2688	9	2517	129
3178	11	3087	133
142	6	30	028
69	1	72	051
6247	23	2935	047
205	15	4990	119
100	6	30	091
473	1	416	034
443	1	416	021
3206	14	3426	084
5168	15	5088	087
3200	12	2055	142
198	1	189	119
846	1	397	150
44	6	30	115
473	6	2040	113
3218	12	2018	086
3231	12	29	151
846	1	397	135
488	1	30	098
6414	23	2935	011
796	15	4990	156
765	6	28	135
303	1	416	158
3106	11	3087	160
3217	12	28	060
2130	6	2008	063
6414	23	2935	033
771	6	30	108
284	6	2040	155
1961	6	2008	066
428	15	5024	115
55	6	30	001
734	15	4977	091
10636	22	10030	143
473	1	416	041
2587	9	2588	161
1975	6	2008	001
3189	12	2040	118
25	15	4990	002
1860	9	2517	112
675	15	4990	050
213	1	189	053
3205	20	6012	152
1429	6	30	116
1894	23	2920	119
3219	12	2027	089
7146	23	12532	023
734	15	4977	020
303	1	416	124
488	1	28	133
213	1	189	074
2105	6	30	121
292	1	120	109
2836	9	2705	101
88	6	28	134
1999	15	5024	155
8301	23	3060	054
2984	10	2946	117
4568	23	2946	156
610	1	416	035
588	1	590	142
380	6	29	141
3189	12	2040	096
4885	17	8813	157
2153	6	30	097
800	1	416	029
1363	1	27	143
831	1	416	149
2130	6	29	158
2074	6	2075	079
1592	6	30	105
178	6	116	033
260	1	189	155
2587	9	2588	066
2026	6	2027	146
2142	6	2045	008
2984	10	2946	110
2911	10	2720	145
675	15	5120	031
3237	12	116	071
1959	6	2008	025
610	1	416	106
728	1	259	051
415	1	416	132
19	6	2008	034
3231	12	29	110
2068	6	173	037
3187	12	2055	139
6006	17	5818	067
8957	23	2922	020
3193	12	2155	009
12528	23	12532	007
509	15	4977	122
3225	23	2989	059
3190	12	2084	012
2903	11	3089	109
675	1	320	132
1912	6	405	124
2979	10	2924	148
2836	17	5818	128
2057	6	173	037
1644	1	207	002
196	1	189	128
2068	6	405	125
2059	6	2018	134
2785	9	2520	101
2068	6	405	127
812	1	416	111
2809	17	5817	101
1429	6	30	036
3941	14	3495	009
2773	14	3636	089
1841	23	2997	130
1961	6	2009	108
2845	10	2977	154
172	1	402	098
6247	23	12509	158
196	1	189	149
811	1	416	139
4885	17	8813	117
675	15	4990	095
2140	6	2018	142
3219	12	2027	148
2119	6	2120	132
734	15	4977	156
1959	6	2009	097
1956	6	2040	148
720	1	28	074
1133	6	592	154
765	6	30	023
2105	6	30	082
675	6	173	080
1644	1	207	026
2917	9	2593	077
3053	23	12505	032
2071	6	30	117
2589	9	2517	121
3090	11	3087	134
6004	17	5818	029
2663	17	6190	145
198	1	189	042
3101	11	3102	127
488	1	30	065
734	15	4977	045
2142	6	2008	070
12528	23	12532	140
205	15	4990	074
284	6	285	001
1922	6	2061	061
2026	6	30	084
711	1	28	156
613	1	416	084
3231	12	29	077
3187	12	2055	137
3866	14	3487	137
2130	6	2009	130
4932	14	3509	010
2836	17	5818	135
822	1	416	083
2119	6	2045	009
6247	23	2935	011
2003	6	30	102
3206	12	2120	122
3190	12	2084	015
2729	23	2966	125
4568	23	2946	019
83	6	29	137
195	1	189	064
25	15	4990	086
659	1	341	144
3434	14	3439	161
3189	12	2040	049
8301	23	3060	089
1363	1	27	067
1860	9	2517	128
12	1	14	039
845	1	28	011
6247	23	2935	079
2105	6	30	092
473	1	416	056
4885	17	8813	149
846	1	397	107
2729	23	2966	105
1922	6	2018	107
2729	23	2935	157
292	1	120	147
2022	6	2023	157
584	6	405	094
578	1	28	030
3218	12	2018	128
3225	23	2989	068
1931	6	116	082
1593	1	1594	067
8957	23	2922	092
7847	23	2966	112
2021	6	171	156
2068	6	173	040
5252	15	5088	160
113	6	30	056
2945	14	3623	122
3204	12	170	146
5852	20	5762	148
2015	6	117	008
199	1	189	020
3225	23	2989	013
597	15	5088	126
630	6	30	060
2065	6	2040	095
812	1	416	057
771	6	30	005
205	15	4990	007
675	15	5120	018
812	1	416	129
172	1	402	026
597	15	5088	141
3211	12	2120	145
11201	22	10030	147
6006	17	5818	120
8779	23	2989	084
1894	23	2920	061
629	1	30	006
2156	6	30	052
2126	6	625	142
1502	1	416	141
812	1	416	008
2101	6	2040	084
2119	6	2120	093
1502	1	416	086
1931	6	116	081
675	6	405	130
2026	6	2027	138
47	6	30	091
1961	6	2029	003
811	1	416	084
3144	17	5948	158
4568	23	2946	041
7847	23	2966	062
4568	23	2946	138
597	15	5088	125
2125	6	2009	084
2068	6	405	091
3200	12	2055	117
2142	6	2008	053
2157	6	2120	133
195	1	189	069
480	15	5067	096
3064	23	12505	119
284	6	285	004
728	1	259	065
509	15	4977	119
1644	1	207	107
196	1	189	045
12	1	14	084
2119	6	2045	141
1592	6	2029	005
2008	9	259	074
2003	6	2019	139
1970	6	2084	039
415	1	416	095
25	15	4990	048
759	1	28	007
6726	23	2966	083
2911	10	2720	140
2065	6	2040	000
2127	6	171	100
3193	12	2155	025
3200	12	2055	113
2693	12	28	053
1956	6	2008	071
630	6	30	066
765	6	30	040
6006	17	5818	146
4054	14	3623	093
211	1	189	136
3231	12	29	092
822	1	416	036
2729	23	2935	051
1894	23	2920	052
7789	23	12532	022
8957	23	2922	134
1912	6	2179	012
6247	23	12509	156
832	1	416	146
845	1	28	098
113	6	30	068
8957	23	2922	113
44	6	30	070
3053	23	12505	093
2068	6	2027	148
2644	10	2924	053
6414	23	2935	050
626	6	46	152
2065	6	2040	089
629	1	28	143
1502	1	416	043
197	1	189	106
2144	6	2009	123
1970	6	2040	138
2071	6	30	091
2909	9	2720	137
720	1	28	018
6414	23	2935	091
2693	12	28	126
796	15	4990	025
1644	1	207	077
228	6	2040	095
113	6	30	007
2909	9	2593	017
2809	9	2705	129
3064	23	12505	127
2138	6	2018	152
199	1	189	022
2069	6	2018	085
1593	1	1594	135
17	1	18	059
88	6	29	142
2138	6	2008	033
2047	6	171	151
3187	23	12518	125
1133	15	4990	138
1976	6	229	059
2069	6	1561	026
2138	6	2008	028
2539	9	2540	142
2615	9	2517	133
2808	10	2924	097
7789	23	12532	134
6414	23	2935	112
215	1	189	040
303	1	416	147
399	15	5043	149
810	1	416	147
7146	23	12532	014
178	6	115	137
2069	6	1561	018
142	6	30	101
211	1	189	059
675	15	5120	065
742	15	4990	126
381	1	259	072
3209	12	2027	137
5168	15	5088	132
2069	6	1561	040
822	1	416	148
1941	6	2044	158
399	1	405	123
2696	9	2476	123
3231	12	29	074
2008	9	259	036
380	6	28	135
610	1	416	000
2693	11	3087	157
734	15	4977	160
25	6	30	091
6247	23	12509	129
2059	6	2061	023
3577	14	3437	096
3216	12	2155	080
1961	6	2009	100
2917	10	2942	146
2945	14	4034	160
6414	23	2935	024
796	15	4990	124
3211	12	2120	148
6414	23	2935	074
2003	6	30	094
4654	14	3786	096
3219	12	2027	113
212	1	189	154
9295	20	6012	125
675	6	402	137
6414	23	2935	003
584	6	405	095
358	1	29	161
431	1	189	006
197	1	189	015
3034	10	2963	157
1871	12	170	158
88	6	30	007
2126	6	2008	051
25	15	5024	108
1910	14	3956	143
5308	15	5088	030
675	6	405	106
3166	23	12532	010
1851	10	2997	157
211	1	189	117
2140	6	2009	083
610	1	416	115
396	6	30	003
2911	9	2482	159
2030	6	2008	039
178	6	116	096
2142	6	2009	106
25	15	5024	142
198	1	189	142
6247	23	2935	157
44	6	30	072
845	1	28	002
2047	6	171	081
832	1	416	105
3231	12	29	037
6006	17	5818	065
796	15	4990	158
47	6	30	070
198	1	189	037
771	6	30	056
100	6	30	041
2105	6	30	018
406	1	408	041
205	1	207	123
630	6	30	085
205	15	4990	083
3205	12	2055	138
205	15	4990	069
1871	12	170	150
2127	6	171	151
3064	23	12505	113
6348	17	6268	100
3225	23	2989	066
1941	6	2044	133
2903	11	3089	114
2116	6	2061	023
734	15	4977	005
1133	6	30	045
25	15	4990	020
284	6	2040	102
443	1	416	130
771	6	30	030
3237	12	116	046
205	6	30	096
3209	12	30	068
88	6	30	025
588	6	589	138
6247	23	2935	076
2074	6	173	083
822	1	416	081
3217	12	28	109
12528	23	12532	071
4054	14	3623	137
12	1	14	110
3218	12	2018	005
10636	22	10637	136
2113	6	29	125
195	1	189	017
1894	23	2920	007
2845	14	3956	090
1841	23	2997	120
2539	9	2540	099
800	1	416	054
196	1	189	046
702	6	28	038
7146	23	12532	003
6247	23	2935	076
480	15	4990	069
25	15	5024	015
2911	9	2482	079
197	1	189	064
2845	14	3956	151
1912	6	259	035
17	1	18	041
720	1	28	116
578	1	28	161
3053	23	12505	070
7847	23	2966	000
478	1	444	064
2142	6	2009	099
771	1	629	025
1912	15	5024	146
2030	6	2008	067
446	1	259	038
2033	6	29	147
197	1	189	121
2126	6	2009	121
6414	23	2935	103
742	15	4990	108
759	1	28	112
2071	6	30	098
636	1	172	016
69	1	72	009
1947	6	173	004
812	1	416	012
2785	9	2593	131
1970	6	2040	077
509	15	4977	084
2809	17	5816	119
2809	17	5817	111
3866	14	3487	150
17	6	30	055
822	1	416	046
17	1	18	127
205	15	4990	009
8408	23	12518	151
845	1	28	064
44	5	25	012
2688	9	2517	133
2539	9	2540	139
810	1	416	014
765	6	29	150
812	1	416	156
2073	6	2008	066
2121	6	405	110
675	15	5120	149
3053	23	12505	068
4723	14	3733	026
7146	23	12532	051
2116	6	2018	113
488	1	28	135
1593	1	1594	016
3200	12	2055	151
2030	6	2045	005
100	6	30	013
303	1	416	060
2729	23	2966	032
2809	17	5818	103
2022	6	2123	122
4054	14	3623	096
610	1	416	071
3166	23	12532	055
610	1	416	084
613	1	416	160
2074	6	405	128
675	1	320	115
178	1	179	002
2069	6	2018	111
212	1	189	100
3219	12	2027	116
2663	17	5816	155
8779	23	2989	097
1912	6	171	153
2008	9	259	040
1961	6	2027	149
2696	9	2476	070
822	1	416	002
771	1	629	012
3425	14	3428	129
2984	10	2946	104
446	1	259	041
3941	14	3495	008
831	1	416	155
3193	12	2155	136
2030	6	2009	088
478	1	444	100
3577	14	3437	081
1644	15	5088	158
6414	23	2935	127
1958	6	2009	108
6247	23	12509	022
205	15	4990	131
3888	14	3495	030
831	1	416	092
3189	12	2040	007
6995	17	5947	159
178	1	179	035
2059	6	2018	141
771	6	30	036
12	1	14	023
1922	6	2061	075
2071	6	29	146
629	1	30	131
822	1	416	107
12	1	14	123
3186	12	2155	154
2123	15	4969	161
303	1	416	152
3211	12	2120	090
69	1	72	070
488	1	30	122
428	6	2055	017
380	6	30	110
3053	23	12505	051
399	1	405	096
1910	14	4329	136
720	1	28	149
1429	6	30	066
2126	6	2009	096
69	1	72	035
25	15	4990	059
1429	6	30	052
1922	6	2061	072
2663	17	6190	143
3218	12	2018	037
1941	6	2008	057
7447	17	6399	152
2127	6	171	034
509	6	30	091
2105	6	30	107
588	6	30	065
188	1	189	142
88	6	30	090
2142	6	2027	160
2583	9	2476	147
771	1	629	119
1970	6	2040	119
1525	6	29	036
3197	12	2055	122
25	1	28	152
2615	9	2517	105
2130	6	2009	102
2773	9	2517	136
3189	12	2040	115
2845	14	3956	124
478	1	444	053
178	1	179	038
2074	6	402	139
10636	22	10497	156
5168	15	5088	129
1486	6	29	149
1593	1	1594	106
2845	14	3956	148
3200	17	5818	093
2105	6	30	111
3166	23	12532	048
2144	6	2009	122
8779	23	2989	128
444	1	405	104
2845	9	2518	128
597	15	5088	149
428	6	405	127
2785	9	2593	130
2822	14	3475	142
172	1	402	083
446	1	259	065
799	1	766	158
2909	9	2720	159
3190	12	2084	052
2157	6	2120	140
742	1	748	102
2069	6	1561	025
205	6	30	038
1970	6	2040	097
2979	17	5816	150
578	1	28	013
3190	12	2084	031
381	6	405	057
113	6	29	149
260	1	189	154
2153	6	30	066
178	6	117	014
2587	9	2588	100
720	1	28	032
675	15	4990	018
2615	9	2517	108
2587	9	2588	145
3211	12	2082	016
478	1	444	068
1363	1	27	001
2729	23	2966	057
6247	23	12509	019
113	1	632	158
1894	23	2920	017
1941	6	2009	123
3577	14	3437	004
2047	6	171	041
1871	12	2155	130
169	6	405	087
6414	23	2935	022
205	15	4990	109
675	6	2051	000
2074	6	405	119
675	15	4990	133
2119	6	2120	123
1593	1	1594	009
25	15	5024	071
12	1	14	012
1133	6	30	064
711	1	28	082
812	1	416	130
1433	9	2486	160
1894	23	2920	057
711	1	28	074
69	1	72	046
584	6	405	113
2065	6	2040	029
25	15	4990	151
3189	12	2040	139
2022	6	2123	106
2121	6	405	095
2729	23	2935	102
198	1	189	053
2615	9	2476	113
822	1	416	133
2059	6	2018	133
3219	12	2027	153
728	1	405	064
702	1	28	138
2047	6	171	118
3521	14	3437	128
2003	6	30	089
659	1	341	112
2644	10	2924	045
3211	12	2082	010
169	6	402	140
1976	6	229	012
2140	6	2045	002
1433	9	2490	159
3130	14	3546	128
3209	12	30	030
2785	9	2520	122
2135	6	2008	068
2809	17	5935	155
3225	23	2989	002
3189	12	2040	028
4940	14	4363	131
728	1	405	087
2809	17	5816	159
1133	6	30	024
3225	23	2989	015
810	1	416	011
199	1	189	083
44	5	25	009
702	6	28	105
12	1	14	138
473	6	2040	140
19	6	2044	136
2069	6	2018	120
6247	23	12509	145
6247	23	12509	086
428	15	5024	149
3166	23	12532	054
178	6	116	063
3064	23	12505	064
2903	11	3089	139
2130	6	2009	088
2130	6	2027	141
478	1	444	146
1525	6	29	143
3062	10	2924	072
8735	17	5947	158
2587	9	2476	061
2102	6	2040	160
1975	6	2008	045
3166	23	12532	012
2142	6	2009	117
2142	6	2008	066
6247	23	2935	111
10636	22	10637	140
25	15	4990	038
812	1	416	091
2003	6	30	109
2911	10	2720	134
2059	6	2061	021
2809	17	5818	135
2125	6	2009	101
765	6	30	113
3217	12	28	103
2539	9	2482	087
188	1	189	116
2836	9	2705	063
2169	6	29	107
675	15	5120	161
3187	12	2055	133
794	1	478	108
6414	23	2935	078
2142	6	2009	122
2101	6	2040	125
25	15	5024	125
3577	14	3437	115
3193	12	2155	108
2143	6	2045	018
3231	12	29	145
2615	9	2476	128
380	6	29	155
8957	23	2922	111
2169	6	29	074
19	6	2008	046
5308	15	5088	011
5168	15	5088	105
2071	6	30	087
25	15	5024	094
2119	6	2045	146
2615	9	2593	118
2917	10	2942	068
2121	6	171	156
8957	23	2922	039
2026	6	30	125
118	1	119	156
100	6	30	017
3833	14	3495	073
1894	23	2920	090
5308	15	5088	056
598	6	30	010
1941	6	2009	128
968	1	408	032
2006	6	29	019
2119	6	2045	005
198	1	189	007
1502	1	416	109
199	1	189	040
113	6	30	091
199	1	189	071
794	1	478	100
2903	11	3089	062
811	1	416	060
1644	1	207	094
675	6	2051	004
178	6	116	034
178	6	116	031
3237	12	116	018
1871	12	2155	121
8301	23	3060	113
968	1	408	033
711	1	28	026
7789	17	5950	158
4885	17	8813	115
2822	20	6706	118
702	1	28	060
69	1	72	064
196	1	189	005
607	15	4990	137
2073	6	2008	034
3577	14	3437	111
1947	6	173	063
2156	6	30	114
3101	11	3102	016
6247	23	12509	130
2026	6	30	035
610	1	416	149
2126	6	2008	058
3866	14	3487	136
2074	6	405	132
2071	6	30	027
205	6	30	124
2068	6	173	019
212	1	189	098
588	1	591	158
25	15	5024	051
178	6	116	105
3217	12	28	128
215	1	189	051
3206	12	2120	082
3211	12	2082	068
196	1	189	102
7146	23	12532	058
25	6	30	000
578	1	28	074
2169	6	29	041
1941	6	2008	041
44	5	25	001
480	15	4990	037
3231	12	29	070
810	1	416	009
759	1	28	153
3814	14	3439	145
610	1	416	107
2644	9	2593	118
284	6	2008	073
702	6	28	020
6726	23	2966	058
6006	17	5818	102
3143	11	3087	007
446	1	405	120
3086	11	3087	161
2125	6	2009	105
3143	11	3087	055
88	6	29	157
12528	23	12532	142
810	1	416	117
2130	6	2009	111
488	1	30	114
211	1	189	102
3206	12	2082	072
3106	11	3087	142
702	1	28	077
2021	6	405	086
205	1	207	068
381	1	405	149
406	1	408	043
3170	11	3087	161
478	1	444	085
810	1	416	005
12497	22	10627	154
3189	12	2040	112
195	1	189	151
178	6	116	052
3209	12	30	005
205	1	207	149
7789	23	12532	088
6414	23	2935	087
415	1	416	052
258	1	259	037
1593	1	1594	019
810	1	416	021
2006	6	29	040
3106	11	3087	130
2006	6	29	028
2101	6	2040	135
2140	6	2008	027
2073	6	2008	080
12528	23	12532	043
195	1	189	070
822	1	416	042
303	1	416	015
12	1	14	141
415	1	416	084
3755	14	3495	159
2911	9	2482	130
2615	9	2476	105
2587	9	2588	156
1894	23	2920	088
12528	23	12532	086
2030	6	2008	068
3577	14	3437	097
428	6	402	132
2105	6	30	041
478	1	444	101
2142	6	2008	038
2729	23	2935	067
2729	23	2966	055
2917	9	2593	086
831	1	416	073
2845	10	2977	126
197	1	189	161
2142	6	2009	103
597	15	5088	145
215	1	189	020
196	1	189	139
381	1	405	135
3101	11	3102	062
69	1	72	111
213	1	189	110
2809	17	5817	137
2127	6	171	153
3216	12	2155	109
428	6	402	146
17	6	30	116
188	1	189	072
4885	17	8813	073
2127	6	171	131
771	6	29	158
1894	23	2920	133
2116	6	2070	075
584	6	259	073
2144	6	2009	131
3225	23	2938	058
2809	17	5935	149
2909	9	2593	048
2026	6	30	055
1941	6	2009	100
25	15	5024	024
2119	6	2008	057
3143	11	3087	005
2811	9	2517	113
2917	9	2593	067
659	1	341	142
796	15	4990	092
1644	1	207	053
7847	23	2966	043
7146	23	12532	148
2909	9	2593	103
2121	6	2042	159
69	1	72	014
19	6	2008	021
3142	14	3491	052
3064	23	12505	030
1930	15	4977	080
2809	17	5818	152
431	1	189	116
303	1	416	157
822	1	416	071
1910	14	3707	136
6247	23	2935	158
2945	14	3623	118
2809	17	5935	138
2809	17	5817	115
509	6	30	031
8408	23	12519	147
1956	6	2008	044
212	1	189	089
610	1	416	137
1941	6	2008	043
2073	6	2009	090
3189	12	2040	090
11201	22	9756	154
675	1	320	107
3106	11	3087	019
629	1	30	084
584	1	259	052
303	1	416	062
6726	23	2966	139
675	15	5120	113
8779	23	2989	063
1970	6	2084	059
10636	22	10497	152
2068	6	171	158
629	1	30	067
478	1	444	011
2142	6	2031	158
588	6	589	155
3189	12	2040	128
17	1	18	051
3193	12	2155	050
199	1	189	010
4568	23	2946	010
205	6	30	055
845	1	28	101
728	1	405	090
142	6	30	087
2615	9	2593	127
610	1	416	022
3101	11	3102	158
7881	20	6706	153
2021	6	171	154
2126	6	2025	133
1931	6	116	120
2074	6	2052	021
197	1	189	082
2119	6	2045	159
675	15	4990	123
509	15	4977	058
3231	12	29	010
4933	14	3507	130
2119	6	2008	062
198	1	189	022
2143	6	2045	002
702	1	28	040
796	15	4990	040
228	6	229	039
6247	23	2935	037
205	1	207	047
142	6	2044	149
3866	14	3487	138
597	15	5088	059
480	15	4990	021
2773	9	2517	106
2073	6	2008	081
2663	17	6190	154
613	1	416	107
205	1	207	038
2153	6	30	106
1976	6	2040	114
284	1	189	135
2135	6	2008	040
478	1	444	010
1941	6	29	154
2587	9	2476	137
3577	14	3437	070
292	1	120	139
1976	6	2040	092
968	1	74	153
473	6	2055	023
2663	17	5935	137
83	6	29	141
2116	6	2018	094
1941	6	2044	144
228	6	2040	094
12	1	14	111
1922	6	2018	119
509	6	30	121
12528	23	12532	006
1644	1	207	024
509	15	4977	037
7146	23	12532	161
28	9	29	150
2071	6	30	045
380	6	29	138
69	1	72	073
2020	6	2009	096
800	1	416	106
2047	6	171	154
7789	23	12532	150
7789	23	12532	132
1912	15	5024	115
3237	12	116	084
759	1	28	154
8301	23	3060	091
2030	6	2032	152
728	1	405	038
3225	23	2938	084
2773	9	2517	151
3190	12	2084	041
1947	6	405	101
88	6	30	092
2068	6	2029	000
613	1	416	071
44	5	25	094
1133	15	4990	034
800	1	416	108
5252	15	5088	140
2003	6	30	043
2068	6	173	075
2057	6	173	042
2153	6	30	120
2102	6	2040	094
2138	6	2045	012
2020	6	2009	125
630	6	30	013
25	15	5024	000
2501	9	2502	152
2102	6	2008	054
818	1	416	083
3025	10	3026	080
12345	22	9668	144
846	1	397	040
380	6	29	154
3143	11	3087	077
1976	6	2040	154
2073	6	2009	128
629	1	30	104
3190	12	2120	124
1959	6	2018	157
811	1	416	018
831	1	416	014
303	1	416	118
6414	23	2935	016
2688	9	2517	139
2130	6	2027	143
818	1	416	059
771	1	629	139
1958	6	2061	055
796	15	4990	070
69	1	74	158
1970	6	2084	072
2068	6	405	105
7789	23	12532	055
25	15	5024	032
1930	15	4977	045
2138	6	2008	059
3113	11	3102	087
199	1	189	008
205	1	207	032
8301	23	3060	128
812	1	416	000
968	1	408	042
2047	6	171	097
2157	6	2040	161
2140	6	2008	035
831	1	416	157
3106	11	3087	134
199	1	189	144
267	6	29	159
2809	17	5935	124
675	15	5120	143
2138	6	2009	109
3143	11	3087	096
44	6	30	108
1931	6	116	028
711	1	28	041
4568	23	2946	070
5308	15	5088	048
2138	6	2009	122
626	1	46	148
3143	11	3087	111
597	15	5088	152
675	15	5120	079
2119	6	2045	099
1133	15	4990	001
584	1	259	069
284	1	189	098
25	15	4990	148
19	6	2045	001
3766	14	3495	055
1525	6	29	098
2102	6	2040	154
142	6	2044	146
765	6	30	130
228	1	229	062
7146	23	12532	123
6414	23	2935	128
1502	1	416	029
199	1	189	009
811	1	416	047
794	1	478	135
2065	6	2040	151
1841	23	2997	144
260	1	189	115
284	6	2008	057
446	1	259	075
480	15	5067	127
630	6	30	095
7789	23	12532	155
771	1	629	077
6414	23	2935	015
2808	9	2517	097
702	6	28	028
3197	12	2120	099
8779	23	2989	111
3237	12	116	026
2615	9	2517	113
3225	12	2155	158
8301	23	3060	031
2903	11	3089	134
1502	1	416	089
702	6	28	003
2006	6	29	116
2130	6	29	154
6247	23	12509	000
69	1	72	029
292	1	120	009
69	1	72	016
4885	17	8813	146
2917	9	2593	113
2903	11	3089	016
2903	11	3089	147
584	6	405	098
771	1	773	144
195	1	189	051
3166	23	12532	122
2035	6	2009	084
2822	14	3475	148
3231	12	29	052
3190	12	2120	150
2945	14	3623	142
3216	12	2155	018
2059	6	2061	027
711	1	28	144
2071	6	30	066
2101	6	2008	055
846	1	397	024
211	1	189	050
2069	6	2018	137
2138	6	2008	061
1970	6	2040	160
629	1	30	005
1363	1	27	033
1363	1	119	159
629	1	30	076
178	1	179	028
8301	23	3060	010
2020	6	2009	112
142	6	30	056
2113	6	29	077
212	1	189	039
1593	1	1594	094
446	1	405	118
829	15	5088	152
3034	14	3956	156
675	15	5120	001
3231	12	29	028
597	15	5088	006
6247	23	2935	117
2030	6	2009	111
2903	11	3089	103
431	1	189	092
2119	6	2045	008
2729	23	2966	108
396	6	30	124
12	1	14	065
584	1	259	074
3197	12	2055	146
44	6	30	131
2119	6	2045	024
818	1	416	150
2809	17	5817	154
2068	6	173	074
659	1	341	157
428	6	405	097
2116	6	2018	139
1894	23	2920	127
2696	9	2476	141
2583	9	2476	124
1912	6	2179	007
6247	23	2935	084
6006	17	5818	127
19	6	2008	057
2101	6	2040	090
2917	9	2593	081
6247	23	12509	052
380	6	30	098
2015	6	115	147
810	1	416	138
205	15	4990	106
3218	12	2018	001
2119	6	2045	002
2069	6	2018	152
2003	6	30	082
3144	11	3087	158
6247	23	12509	036
2126	6	2009	107
6414	23	2935	147
431	1	189	030
7146	23	12532	092
3186	12	2155	161
196	1	189	027
2867	9	2517	127
1931	6	116	030
2909	9	2593	007
3143	11	3087	000
675	1	320	148
1999	15	5024	161
444	1	405	096
480	15	5067	118
6726	23	2966	149
480	15	4990	080
1941	6	2008	032
19	6	2009	096
734	15	4977	104
2110	6	402	140
702	1	28	037
1959	6	2009	128
3143	11	3087	013
2298	12	2155	153
197	1	189	128
597	15	5088	033
12528	23	12532	026
188	1	189	093
2138	6	2009	129
2587	9	2588	135
2138	6	2009	127
629	1	30	115
473	6	2040	157
4568	23	2946	035
2071	6	30	102
968	1	408	125
428	6	259	048
2135	6	2045	010
211	1	189	125
2130	6	2008	079
2030	6	2009	128
759	1	28	012
1592	6	30	084
25	15	4990	044
3217	12	28	080
478	1	444	022
578	1	28	114
6247	23	12509	143
968	1	408	109
832	1	416	152
3219	12	2027	118
832	1	416	149
810	1	416	109
2156	6	30	110
195	1	189	056
2105	6	30	131
473	1	416	025
7184	20	6706	150
88	6	29	138
2911	10	2720	150
742	1	748	131
3143	11	3087	124
2026	6	30	116
198	1	189	052
260	1	189	018
3192	12	2155	071
44	5	25	076
2035	6	2009	123
2127	6	171	147
2101	6	2008	043
2126	6	625	141
711	1	28	010
629	1	30	051
2101	6	2040	122
2589	14	4897	131
25	15	4990	158
44	6	30	102
3053	23	12505	131
2909	9	2593	058
734	15	4977	035
3225	23	2989	049
2909	9	2593	132
578	1	28	092
431	1	189	143
1363	1	27	012
822	1	416	032
303	1	416	026
598	6	30	122
188	1	189	073
17	1	18	080
1429	6	30	076
2026	6	30	086
3225	12	2155	134
742	15	4990	116
3211	12	2082	000
588	6	30	059
2125	6	2009	116
6247	23	2935	136
2059	6	2060	126
765	6	30	110
172	15	5043	133
2729	23	2966	098
2026	6	30	092
801	15	5088	150
3166	23	12532	154
2047	6	171	065
711	1	28	054
2644	9	2593	151
1133	6	30	018
613	1	416	141
178	6	115	158
2539	9	2482	128
1525	1	885	158
100	6	29	159
1133	6	30	015
734	15	4977	107
846	1	397	087
19	6	2008	050
636	1	172	146
728	1	259	064
2121	6	171	147
443	1	416	056
3189	12	2040	143
2909	9	2593	072
6247	23	2935	156
3189	12	2040	013
2105	6	2027	143
2068	6	173	008
2729	23	2935	011
6247	23	2935	015
198	1	189	145
260	1	189	117
478	1	444	048
3064	23	12505	136
197	1	189	009
2142	6	2027	144
2809	17	5817	118
3225	23	2938	002
2047	6	171	102
2138	6	2008	030
598	6	2019	151
734	15	4977	106
702	6	28	059
88	6	29	161
818	1	416	089
12528	23	12532	111
3225	23	2938	095
1525	6	29	041
2035	6	2088	133
205	6	30	065
2102	6	2040	109
480	15	4990	017
212	1	189	072
2592	9	2593	112
3866	14	3487	113
2917	9	2593	085
478	1	444	159
2119	6	2120	140
1593	1	1594	131
771	6	30	059
968	1	408	030
2587	9	2588	107
759	1	28	119
8779	23	2989	014
2020	6	2008	075
2126	6	2008	071
8883	17	6175	094
211	1	189	154
1958	6	2009	111
597	15	5088	079
831	1	416	065
2073	6	2008	028
2138	6	2009	130
25	1	28	159
4886	14	3711	148
1860	9	2517	116
831	1	416	039
1956	6	2040	132
3577	14	3437	003
3211	12	2120	110
2065	6	2040	060
1976	6	2040	106
8957	23	2922	140
2587	9	2476	081
812	1	416	010
2867	9	2517	122
55	6	30	030
2729	23	2935	132
630	6	30	001
702	6	28	153
4885	17	8813	045
284	6	2008	031
3217	12	28	019
3206	12	2120	133
2130	6	2008	072
428	6	171	154
796	15	4990	123
675	15	5120	022
765	6	30	099
1947	6	173	005
578	1	28	104
2074	6	2075	078
2130	6	2008	050
810	1	416	148
212	1	189	059
1959	6	2009	095
2911	9	2482	091
2073	6	2008	047
3218	12	2018	105
6247	23	2935	127
2867	9	2517	133
2808	9	2517	156
2156	6	30	015
2119	6	2045	023
2911	9	2482	092
473	6	2082	049
2026	6	30	089
1922	6	2061	009
509	15	4977	024
396	6	28	133
2911	9	2482	151
629	1	30	101
1363	1	27	139
169	6	173	044
3113	11	3102	084
3106	11	3087	125
199	1	189	049
636	1	172	014
1970	6	2084	062
8957	23	2922	058
2153	6	30	098
2006	6	29	072
172	1	402	138
2809	17	5816	132
199	1	189	091
100	6	30	124
8333	17	5817	060
702	1	28	023
1429	6	30	060
205	6	30	072
2845	9	2518	126
659	1	341	009
2021	6	405	131
771	1	629	122
1956	6	2009	087
1975	6	2009	114
759	1	28	048
2811	9	2517	128
6726	23	2966	122
1961	6	2009	092
2587	9	2476	160
759	1	28	003
1525	6	29	009
734	15	4977	018
428	6	405	108
2156	6	30	092
381	1	405	114
765	6	30	079
215	1	189	073
1644	1	207	047
44	6	29	136
8779	23	2989	099
2785	9	2593	104
3231	12	29	044
199	1	189	095
2068	6	173	048
212	1	189	127
195	1	189	080
2539	9	2482	095
172	1	402	069
228	6	229	051
2073	6	29	154
1910	14	3956	125
6247	23	2935	100
1958	6	2061	045
446	1	405	092
205	6	30	027
8779	23	2989	006
6247	23	2935	082
4568	23	2946	081
1133	6	30	084
610	1	416	043
444	1	405	112
1133	15	4990	045
588	6	30	020
19	6	2009	132
88	6	28	133
2587	9	2588	158
3217	12	28	083
8301	23	3060	111
3237	12	117	007
2068	6	171	154
796	15	4990	161
734	15	4977	087
831	1	416	124
2035	6	625	144
2808	9	2517	082
846	1	397	083
630	1	632	146
69	1	72	076
3101	11	3102	106
428	6	171	152
810	1	416	087
25	15	4990	078
1644	1	207	010
28	1	29	152
17	6	30	028
1644	15	5088	156
2903	12	170	159
818	1	416	086
2909	9	2720	146
25	15	4990	093
636	1	172	137
1931	6	116	018
198	1	189	018
2057	6	173	061
597	15	5088	118
2113	6	29	110
2909	9	2593	002
2125	6	2009	085
3166	23	12532	108
613	1	416	131
2140	6	2025	132
2138	6	2009	086
588	6	30	080
6247	23	12509	070
3218	12	2018	144
1947	6	405	108
7146	23	12532	074
3113	11	3102	159
406	1	408	119
17	6	30	114
771	6	29	139
2069	6	1561	032
292	1	120	100
1941	6	2008	056
818	1	416	070
3521	14	3437	125
284	6	2008	039
12528	23	12532	054
196	1	189	095
728	1	405	132
212	1	189	109
1958	6	2061	081
711	1	28	050
2140	6	2009	121
480	15	4990	029
3064	23	12505	114
1975	6	2008	076
771	1	773	147
2663	17	5818	151
6247	23	12509	025
172	1	402	022
284	6	2040	101
765	6	29	152
55	6	30	013
2917	9	2593	144
675	15	5120	048
178	1	179	012
3106	11	3087	150
728	1	259	073
2125	6	2009	114
228	6	2040	153
2663	17	5817	153
711	1	28	116
198	1	189	116
169	6	173	003
172	1	402	052
2693	12	28	059
2026	6	30	088
55	6	30	099
831	1	416	161
205	6	2019	158
199	1	189	057
69	1	72	024
169	6	173	055
6006	17	5818	047
443	1	416	014
3113	11	3102	127
2587	9	2476	075
2008	9	259	072
1429	6	173	021
446	1	405	100
800	1	416	148
3219	12	2027	023
8779	23	2989	008
1363	1	119	157
2156	6	30	036
2845	9	2518	146
675	6	405	128
396	6	29	137
846	1	397	125
2003	6	30	061
846	1	397	026
598	6	30	091
2809	9	2705	105
846	1	397	067
968	1	408	062
3187	12	2055	142
2140	6	2009	107
2592	9	2593	121
292	1	120	124
2903	11	3089	155
2693	11	3087	143
195	1	189	065
399	1	405	101
5308	15	5088	130
728	1	259	070
1958	6	2061	041
2836	9	2705	132
2057	6	173	054
636	1	172	089
2113	6	29	014
1525	6	29	040
8957	23	2922	067
478	1	444	036
178	6	116	103
759	1	28	039
818	1	416	090
3141	11	3087	160
44	6	30	020
3219	12	2027	145
675	15	5120	142
258	1	259	067
7146	23	12532	012
25	15	5024	045
228	6	229	058
2026	6	30	036
1860	9	2517	113
759	1	28	109
1592	6	30	016
3166	23	12532	040
771	6	30	090
2696	9	2476	116
702	1	28	086
610	1	416	029
1947	6	173	058
613	1	416	003
734	15	4977	101
720	1	28	009
197	1	189	060
228	1	229	064
636	1	172	152
3197	12	2120	088
1910	14	3707	137
1133	15	4990	081
44	1	46	158
55	6	30	124
205	15	4990	104
584	6	259	075
6247	23	12509	042
19	6	2009	103
1956	6	2009	081
2615	9	2593	112
771	6	30	092
12	1	14	015
800	1	416	146
734	15	4977	157
5168	15	5088	114
12528	23	12532	067
2911	9	2482	149
25	6	28	133
10636	22	10637	138
3237	12	116	146
2140	6	2018	147
205	6	30	111
3053	23	12505	137
1912	6	259	084
292	1	120	136
3189	12	2040	126
6247	23	2935	146
381	1	405	139
846	1	397	096
2105	6	30	084
6414	23	2935	007
811	1	416	124
509	6	30	113
212	1	189	140
473	6	2040	100
3206	12	2082	027
607	15	4990	135
396	6	29	140
765	6	29	151
2008	9	259	080
3434	14	3439	160
2693	12	28	132
4568	23	2946	115
428	6	259	065
3211	12	2082	023
2615	9	2517	102
2663	17	5818	145
2047	6	171	010
1502	1	416	127
260	1	189	039
380	6	30	093
720	1	28	096
2074	6	171	157
2020	6	2025	132
771	1	773	150
443	1	416	143
1871	12	2155	071
3508	14	3436	156
509	15	4977	159
636	1	172	065
443	1	416	078
9410	20	5762	128
2126	6	2009	111
396	6	30	129
2589	9	2517	122
2157	6	2120	128
5308	15	5088	053
2006	6	29	110
2059	6	2061	017
188	1	189	056
2123	9	2490	159
1644	1	207	103
3053	23	12505	107
2105	6	30	106
1871	12	2155	018
25	6	30	008
44	5	25	075
2693	12	28	091
12	1	14	124
2140	6	2045	001
1133	15	4990	108
597	15	5088	119
2785	9	2593	098
1976	6	229	055
205	15	4990	097
2909	9	2720	132
832	1	416	041
597	15	5088	114
5168	15	5088	113
584	6	259	061
613	1	416	117
1133	15	4990	031
3143	11	3087	019
178	1	179	078
7847	23	2966	057
2615	9	2593	156
473	1	416	057
3197	12	2120	104
3237	12	116	027
88	6	30	040
17	1	18	078
2153	6	30	023
2809	17	5817	148
25	1	28	157
19	6	2008	032
845	1	28	024
3218	12	2018	003
2808	9	2517	104
675	15	4990	070
1871	12	2155	125
794	1	478	126
292	1	120	083
197	1	189	044
3101	11	3102	149
2102	6	2040	147
12016	22	9579	150
303	1	416	156
630	6	30	078
396	6	30	055
2127	6	171	036
2113	6	29	133
1363	1	119	151
2142	6	2031	157
88	6	30	095
6247	23	12509	144
2589	9	2517	141
765	6	30	104
415	1	416	091
2809	9	2705	148
2101	6	2008	070
2911	10	2720	105
734	15	4977	045
846	1	397	132
3237	12	116	050
810	1	416	016
199	1	189	050
380	6	30	060
3237	12	116	129
197	1	189	017
473	6	2040	145
1975	6	2009	116
169	6	2043	082
1593	1	1594	080
2168	6	173	033
720	1	28	054
1133	15	4990	028
47	6	29	154
2144	6	2018	154
3732	14	3733	057
172	1	402	010
8301	23	3060	066
25	6	30	121
3113	11	3102	089
734	15	4977	131
734	15	4977	016
2022	6	2123	111
292	1	120	087
2142	6	2008	078
260	1	189	083
2587	9	2476	079
597	15	5088	019
728	1	405	103
811	1	416	022
2059	6	2061	042
415	1	416	063
205	6	30	061
406	1	408	069
810	1	416	151
100	6	30	085
3225	23	2938	050
578	1	28	086
12528	23	12532	084
2127	6	171	064
968	1	408	041
2909	9	2720	108
8957	23	2922	031
3166	23	12532	112
2113	6	29	091
2102	6	2008	031
832	1	416	081
25	15	4990	096
488	1	30	126
1931	6	116	136
292	1	120	148
578	1	28	142
2911	9	2482	087
2587	9	2476	151
2168	6	173	057
1133	6	592	151
284	6	2008	033
2074	6	405	120
2130	6	29	160
4568	23	2946	018
480	15	4990	059
3219	12	2027	060
2003	6	28	131
1941	6	2009	129
3211	12	2120	117
6414	23	2935	039
3577	14	3437	035
1930	15	4977	074
399	6	171	147
205	15	4990	134
3237	12	116	034
6247	23	2935	079
100	6	30	073
199	1	189	056
2119	6	2008	073
3053	23	12505	047
172	1	402	046
88	6	30	019
1975	6	2008	058
675	6	405	114
3200	12	2055	115
845	1	28	137
2113	6	29	084
178	1	179	057
7000	17	5947	159
446	1	171	149
765	6	30	085
443	1	416	144
2903	11	3089	055
2693	12	28	051
3063	10	2924	150
2020	6	2018	161
762	1	28	153
765	6	30	097
509	6	30	026
169	6	2043	081
3216	12	2155	120
702	1	28	154
3206	12	2120	103
2068	6	173	021
480	15	5067	115
7847	23	2966	015
17	6	2044	140
169	6	173	013
2069	6	1561	004
509	6	30	055
47	1	30	074
213	1	189	055
1970	6	2040	092
2693	12	28	041
2138	6	2008	070
2644	9	2593	156
831	1	416	060
7146	23	12532	096
3866	14	3487	094
771	6	30	031
3143	11	3087	080
1429	6	30	120
228	6	2040	141
415	1	416	066
169	1	173	132
675	15	5120	042
4659	14	3491	066
1644	1	207	146
25	15	4990	131
1133	15	4990	157
3839	14	3496	031
69	1	72	023
2587	9	2476	072
195	1	189	033
6006	17	5818	080
2026	6	2027	148
3166	23	12532	082
610	1	416	018
2773	9	2517	103
25	15	4990	027
2867	9	2588	131
6247	23	2935	130
831	1	416	003
7789	23	12532	013
3189	12	2040	021
1956	6	2008	045
178	1	179	095
1889	23	2922	161
17	1	18	032
2020	6	2009	093
2110	6	402	146
968	1	408	128
3113	11	3102	125
8779	23	2989	064
3053	23	12505	037
509	6	30	045
406	1	408	078
3130	14	3491	129
1429	6	30	128
88	6	30	064
2130	6	2008	069
2142	6	2045	011
1644	1	207	154
7789	23	12532	052
2845	14	3956	100
2021	6	405	102
2867	9	2588	161
380	6	30	012
3064	23	12505	042
2822	20	6706	117
381	6	405	123
3206	12	2082	033
3225	23	2938	069
258	1	259	033
3064	23	12505	144
3064	23	12505	156
3209	12	30	020
728	1	405	096
6303	17	6308	157
629	1	30	062
196	1	189	043
473	1	416	102
205	15	4990	137
2539	9	2482	062
2808	9	2517	106
1912	15	5024	150
284	6	2008	042
1930	15	4977	128
2178	6	30	126
2979	10	2924	134
284	6	2040	157
2909	9	2593	051
3218	12	2018	023
796	1	797	154
3192	12	2155	073
8301	23	3060	030
2917	9	2593	055
2663	17	5818	125
431	1	189	028
25	15	4990	018
3187	23	12518	093
488	1	30	118
1930	15	4977	028
1959	6	2008	036
228	6	2040	085
3833	14	3496	061
2030	6	2009	122
228	6	2040	099
968	1	408	072
2729	23	2935	057
734	15	4977	109
480	15	4990	023
765	6	29	157
260	1	189	096
2068	6	405	089
2068	6	405	118
19	6	2008	042
597	15	5088	005
2507	9	2476	159
1958	6	2061	004
2693	12	28	119
228	6	229	022
629	1	30	017
2811	9	2517	122
2168	6	173	070
2587	9	2476	110
1841	23	2997	091
3225	23	2989	129
212	1	189	144
1976	6	2040	131
195	1	189	034
2867	9	2517	110
7146	23	12532	114
142	6	30	072
399	1	405	092
3190	12	2084	003
509	6	30	073
3219	12	2027	091
2059	6	2060	104
3866	14	3487	082
1841	23	2997	159
2644	9	2593	061
509	6	30	066
5168	15	5088	134
446	1	259	076
846	1	397	084
2008	9	259	042
3064	23	12505	158
6247	23	2935	053
1958	6	2061	078
2121	6	171	151
711	1	28	056
2127	6	171	107
2587	9	2588	151
2822	14	3475	144
100	6	29	150
1871	12	2155	007
630	6	30	056
7881	20	6706	146
3101	11	3102	136
1975	6	2008	061
415	1	416	125
2130	6	2008	058
2069	6	2018	153
6168	17	5817	143
630	6	30	109
659	1	341	048
205	15	4990	056
2917	9	2593	158
2903	12	170	158
702	1	28	046
2836	9	2705	090
630	1	631	154
2102	6	2008	059
3166	23	12532	011
169	6	402	141
1851	10	3052	134
6247	23	2935	118
3219	12	2027	053
169	6	2043	085
44	6	30	032
6414	23	2935	104
2003	6	2019	159
734	15	4977	073
199	1	189	037
811	1	416	133
2140	6	2045	013
142	6	30	118
3189	12	2040	068
260	1	189	013
480	15	4990	014
142	6	30	035
113	6	30	000
2065	6	2040	115
597	15	5088	105
2916	9	2517	099
3106	11	3087	098
3218	12	2018	145
822	1	416	088
2003	6	30	116
3866	17	5873	035
443	1	416	051
598	6	30	045
2972	10	2924	158
3178	17	5953	158
3218	12	2018	004
396	6	30	059
215	1	189	013
6006	17	5818	151
702	1	28	101
3106	11	3087	058
1871	12	2155	072
446	1	405	127
509	15	4977	143
2917	10	2942	159
1930	15	4977	010
2059	6	2018	149
7847	23	2966	067
473	1	416	044
2022	6	2023	148
1947	6	405	100
588	6	30	105
197	1	189	008
2169	6	29	087
675	1	320	100
172	1	171	153
2121	6	405	085
6247	23	2935	039
3187	12	2055	154
2592	9	2593	142
771	6	30	084
1961	6	2009	082
629	1	28	152
205	15	4990	044
25	15	5024	115
610	1	416	016
1931	6	116	097
12528	23	12532	096
2809	17	5818	097
6247	23	2935	125
3225	12	2155	154
1593	1	1594	127
4659	14	3509	061
2822	14	3475	126
8301	23	3060	001
3211	12	2082	044
1644	15	5088	143
832	1	416	018
5168	15	5088	133
381	6	405	063
2113	6	29	095
2074	6	405	094
228	6	2040	151
1851	10	2997	161
195	1	189	066
1976	6	229	002
3189	12	2040	077
1592	6	30	099
2909	9	2720	103
3211	12	2120	082
2984	10	2946	127
598	6	30	105
142	6	30	049
7847	23	2966	109
6247	23	2935	126
3166	23	12532	036
6726	23	2966	039
1959	6	2008	049
3784	14	3786	148
675	6	405	109
2168	6	173	005
228	6	229	077
702	1	28	122
2809	9	2705	143
2068	6	173	081
473	1	416	036
44	6	30	127
6247	23	12509	107
3187	23	12518	086
2729	23	2966	150
630	6	30	067
1525	6	29	033
1429	6	30	034
2845	9	2518	100
12528	23	12532	038
381	6	405	053
765	6	30	103
2135	6	2009	088
178	1	179	045
428	6	259	041
9379	20	5762	115
1429	6	173	020
2125	6	2009	098
578	1	28	139
2101	6	2040	120
2845	9	2518	130
6247	23	2935	060
1133	15	4990	035
5308	15	5088	103
810	1	416	098
480	15	5067	131
3101	11	3102	154
6414	23	2935	010
3218	12	2018	002
19	6	2009	084
169	6	402	146
3237	12	116	113
284	1	189	109
702	6	28	004
480	15	4990	018
675	15	4990	131
443	1	416	107
303	1	416	021
2119	6	2120	119
831	1	416	102
1593	1	1594	121
2144	6	2009	102
2140	6	2009	088
3166	23	12532	134
3142	14	3491	049
2729	23	2935	121
2068	6	2027	139
2130	6	2008	059
2587	9	2588	149
3193	12	2155	012
1930	15	4977	039
3187	12	2055	140
2615	9	2517	111
2168	6	173	040
1424	1	444	160
2116	6	2018	136
6414	23	2935	099
846	1	845	158
3189	12	2040	093
443	1	416	005
3211	12	2120	155
2909	9	2720	064
2113	6	29	005
2026	6	30	060
8210	20	7092	142
428	6	259	074
2142	6	2008	056
473	1	416	136
832	1	416	101
1133	6	30	091
2035	6	625	134
17	6	30	044
2836	9	2705	043
196	1	189	069
1947	6	173	084
267	6	29	156
3216	12	2155	053
4568	23	2946	094
2035	6	625	154
2116	6	2018	142
381	6	405	075
3106	11	3087	047
2006	6	29	044
3225	23	2938	023
2101	6	2040	088
2663	17	5935	130
2003	6	30	128
1961	6	2009	096
3113	11	3102	077
597	15	5088	003
228	1	229	000
3166	23	12532	128
169	6	173	027
3205	12	2055	146
205	6	30	030
2119	6	2008	054
578	1	28	103
6414	23	2935	034
380	6	30	054
1592	6	2145	141
2808	9	2517	142
2142	6	2008	081
2035	6	2009	127
2006	6	29	152
6414	23	2935	109
3101	11	3102	153
6995	17	5953	157
771	6	30	076
205	6	30	109
228	6	2040	125
303	1	416	106
1133	6	30	049
812	1	416	023
4568	23	2946	009
197	1	189	158
381	1	259	060
613	1	416	122
2945	14	4034	149
142	6	29	158
2507	9	2476	153
8301	23	3060	013
2142	6	2027	133
3211	12	2082	008
205	1	207	095
2116	6	2018	147
3225	23	2989	062
3143	11	3087	006
212	1	189	117
597	15	5088	025
381	6	405	086
3190	12	2120	158
2102	6	2008	046
2127	6	171	052
7146	23	12532	103
2615	9	2517	134
2644	9	2593	097
2729	23	2966	044
1502	1	416	139
480	15	5067	141
113	6	30	097
2589	9	2517	159
822	1	416	094
284	6	2008	054
25	6	30	009
2006	6	29	086
832	1	416	017
3053	23	12505	053
444	1	405	119
2808	9	2517	161
6247	23	2935	061
2615	9	2476	122
2119	6	2045	134
488	1	30	077
3187	23	12518	112
810	1	416	075
381	6	405	088
6247	23	12509	136
2135	6	2009	094
771	1	629	087
17	1	18	072
597	15	5088	072
3225	23	2938	051
2693	12	28	116
28	1	29	155
2021	6	171	157
2003	6	2019	158
6247	23	2935	017
610	1	416	057
1922	6	2018	100
196	1	189	138
2539	9	2540	096
3217	12	28	001
1871	12	2155	056
44	6	30	097
2785	9	2593	122
2696	9	2476	064
2663	17	5817	132
113	6	30	111
17	6	30	100
3434	14	3439	159
1976	6	229	016
3190	12	2084	047
100	6	30	043
610	1	416	011
6168	17	5817	146
578	1	28	118
2845	10	2977	124
3237	12	116	061
2583	9	2476	130
2729	23	2935	122
800	1	416	014
2074	6	2075	046
1931	6	116	100
3062	10	2924	071
7146	23	12532	067
88	6	30	108
399	1	402	134
2832	14	3922	071
197	1	189	049
6247	23	12509	132
415	1	416	102
832	1	416	059
2130	6	2009	085
2156	6	30	045
1930	15	4977	032
3189	12	2040	035
44	5	25	081
25	15	5024	033
2785	9	2593	077
1593	1	1594	005
702	6	28	080
3143	11	3087	029
3187	12	2055	151
968	1	408	090
2020	6	2009	090
211	1	189	001
818	1	416	018
2057	6	173	051
1912	15	5024	127
17	1	18	052
1931	6	116	095
19	6	2009	118
2035	6	625	159
2140	6	2009	084
2030	6	2008	061
742	1	748	135
3106	11	3087	158
8301	23	3060	006
1486	1	397	148
3197	12	2120	095
2065	6	2040	110
3189	12	2040	153
2071	6	29	145
2065	6	2040	073
142	6	30	092
3187	12	2055	120
2116	6	2018	133
3106	11	3087	007
2909	9	2593	101
2047	6	171	149
1894	23	2920	071
292	1	120	088
5308	15	5088	118
2030	6	2045	007
381	1	405	148
629	1	30	072
396	6	30	086
1644	1	207	119
12528	23	12532	091
25	15	4990	094
1956	6	2008	036
213	1	189	002
364	6	29	155
3205	12	2055	161
17	1	1561	010
598	6	30	113
1947	6	405	113
796	15	4990	018
2729	23	2966	022
399	1	171	155
2809	17	5817	160
3218	12	2018	071
303	1	416	058
25	15	5024	149
205	6	2019	144
2069	6	2070	075
205	6	30	125
28	1	29	161
2026	6	30	028
2144	6	2009	113
3166	23	12532	065
205	15	4990	125
1970	6	2040	124
2065	6	2040	124
2074	6	173	085
428	6	2055	024
2068	6	2027	136
211	1	189	005
2539	9	2540	151
213	1	189	061
2809	9	2705	149
675	15	5120	029
3143	11	3087	153
613	1	416	020
610	1	416	008
3206	12	2082	042
2003	6	30	085
205	1	207	024
3193	12	2155	118
2026	6	30	118
846	1	397	128
44	6	29	141
2130	6	2008	042
2587	9	2588	096
3034	14	3956	160
2917	9	2593	118
1930	15	4977	150
1922	6	2061	083
199	1	189	147
3204	12	170	151
702	6	28	148
11693	22	10615	160
6247	23	2935	097
509	6	30	056
396	6	29	147
1525	6	29	127
380	6	30	007
584	6	405	091
702	6	28	147
1956	6	2009	125
509	15	4977	065
1851	10	2997	144
2068	6	405	129
1593	1	1594	104
734	15	4977	125
3522	14	3524	002
3231	12	29	138
6247	23	2935	161
228	6	229	036
675	15	4990	127
1930	15	4977	117
1593	1	1594	060
822	1	416	043
3211	12	2082	033
796	15	4990	118
1959	6	2009	083
509	6	30	093
629	1	30	042
2911	10	2720	099
1941	6	2009	082
7847	23	2966	027
2587	9	2476	113
8957	23	2922	032
380	6	30	067
169	1	171	156
734	15	4977	024
2693	12	28	106
3766	14	3495	059
69	1	72	110
720	1	28	136
2074	6	405	112
178	1	179	033
2119	6	2045	150
380	6	30	103
446	1	259	035
12	1	14	074
831	1	416	030
3130	14	3491	130
6726	23	2966	111
44	6	29	159
3216	12	2155	133
228	6	2040	145
7169	17	5876	122
796	15	4990	022
2126	6	625	150
598	6	30	051
188	1	189	042
1970	6	2040	132
1958	6	2009	122
55	6	30	028
4885	17	8813	038
3106	11	3087	049
380	6	29	158
2101	6	2045	017
613	1	416	144
211	1	189	101
1912	6	259	062
6726	23	2966	020
100	6	30	056
69	1	74	145
443	1	416	033
3831	14	3762	128
630	6	30	015
172	1	171	151
364	6	29	151
6247	23	12509	119
6247	23	12509	124
2074	6	2075	021
380	6	30	094
3187	23	12518	055
796	15	4990	060
2539	9	2482	148
702	6	28	074
831	1	416	146
446	1	401	159
800	1	416	057
1975	6	2066	160
406	1	408	021
2945	14	4034	152
2030	6	2009	113
2903	11	3089	104
4899	14	3623	155
1930	15	4977	013
205	15	4990	036
215	1	189	087
1975	6	625	154
613	1	416	017
2836	9	2705	084
811	1	416	147
44	6	30	009
3219	12	2027	000
2785	9	2520	119
3200	12	2055	114
1930	15	4977	049
478	1	444	158
1910	14	3956	137
1961	6	2009	081
396	6	30	023
3231	12	29	014
1930	15	4977	077
2592	9	2593	109
6414	23	2935	053
2845	9	2518	142
1433	9	2486	161
2119	6	2045	092
198	1	189	103
1871	12	2155	023
198	1	189	003
303	1	416	104
2127	6	171	031
17	1	18	065
2126	6	2009	115
1133	6	30	104
2101	6	2040	147
1644	1	207	042
2587	9	2476	152
2729	23	2935	032
6884	17	5996	022
1644	1	207	012
675	1	320	124
702	6	28	082
478	1	444	021
1593	1	1594	046
734	15	4977	032
584	6	259	049
8939	20	6706	157
292	1	120	064
1956	6	2040	161
675	15	5120	141
5252	15	5088	144
431	1	189	136
675	1	320	159
55	6	29	155
8301	23	3060	065
1893	12	2155	157
3211	14	3428	076
675	15	4990	044
25	15	5024	132
2020	6	2008	074
196	1	189	082
2030	6	2032	136
258	1	259	039
3225	23	2989	006
742	1	743	136
8929	17	8549	158
3192	12	2155	061
1133	6	592	139
1976	6	2040	122
2909	9	2593	036
44	6	30	075
195	1	189	103
169	1	173	119
212	1	189	034
2068	6	2027	145
2539	9	2482	140
2903	11	3089	024
9381	20	5762	147
3189	12	2040	062
3217	12	28	071
629	1	30	086
822	1	416	113
3064	23	12505	015
443	1	416	054
228	1	229	025
2644	9	2593	060
6247	23	2935	049
3166	23	12532	161
205	1	207	092
2035	6	625	157
1958	6	2009	118
1592	6	30	075
2696	9	2476	044
1644	1	207	082
2068	6	2027	152
734	15	4977	003
2101	6	285	005
6414	23	2935	005
2116	6	2018	131
6247	23	2935	099
473	6	2040	137
1976	6	229	028
765	6	30	005
2065	6	2040	070
812	1	416	013
845	1	28	009
794	1	478	156
8779	23	2989	147
205	1	207	146
446	1	405	114
734	15	4977	062
1133	15	4990	066
6247	23	12509	061
212	1	189	119
6414	23	2935	013
2116	6	2018	138
2169	6	29	035
19	6	2008	053
100	6	30	060
1894	23	2920	053
2116	6	2018	159
598	6	30	101
2065	6	2040	079
968	1	408	115
303	1	416	134
3190	12	2084	063
12528	23	12532	080
2911	9	2482	133
2102	6	2008	071
169	6	2043	083
1922	6	2061	078
2047	6	171	085
810	1	416	158
7146	23	12532	111
1912	15	5024	157
303	1	416	022
213	1	189	108
2729	23	2966	033
720	1	28	015
3064	23	12505	134
178	1	179	027
428	6	2055	016
2003	6	2038	008
2006	6	29	011
2015	6	117	010
711	1	28	005
211	1	189	032
2729	23	2966	075
2696	9	2476	069
659	1	341	126
113	6	30	118
6247	23	12509	112
3434	14	3437	143
2074	6	2075	074
818	1	416	051
1941	6	2009	117
2142	6	2008	057
212	1	189	143
1961	6	2027	145
578	1	28	067
771	6	29	137
2126	6	2009	086
845	1	28	019
734	15	4977	123
2298	12	2155	152
2917	9	2593	110
2693	14	3468	160
636	1	172	037
1970	6	2082	075
2059	6	2061	013
1941	6	2045	010
178	6	116	067
3211	12	2082	043
8957	23	2922	147
198	1	189	148
215	1	189	042
292	1	120	122
2168	6	173	007
7024	17	5935	094
473	6	2040	103
6247	23	2935	123
811	1	416	119
2068	6	405	110
3924	14	3925	085
6414	23	2935	059
811	1	416	157
2074	6	2075	068
2073	6	2009	088
659	1	341	159
702	6	28	117
2644	9	2593	145
771	6	30	113
728	1	259	074
2916	9	2517	122
2130	6	29	159
6726	23	2966	157
822	1	416	154
5308	15	5088	059
473	1	416	083
2135	6	2031	160
2644	9	2593	092
6247	23	12509	034
6414	23	2935	089
205	6	2019	159
169	6	173	036
431	1	189	053
636	1	172	028
2069	6	2018	091
1912	15	5024	134
968	1	408	047
636	1	172	132
4568	23	2946	030
796	15	4990	075
2845	14	3956	110
3218	12	2018	126
446	1	259	036
3577	14	3437	056
473	6	2082	051
2809	17	5817	125
3219	12	2027	121
25	15	5024	088
2729	23	2966	026
6247	23	2935	126
205	1	207	001
292	1	120	048
25	15	5024	099
473	6	2082	043
675	15	4990	056
205	1	207	030
1958	6	2061	022
2984	10	2946	133
1930	15	4977	154
3113	11	3102	082
2811	9	2517	152
25	15	5024	085
2119	6	2045	036
1592	6	30	020
2845	14	3956	086
1975	6	2009	124
2945	10	2946	100
2069	6	2018	148
6247	23	2935	083
473	1	416	093
810	1	416	111
25	15	4990	134
6247	23	2935	022
629	1	28	140
1959	6	2008	069
2773	9	2517	116
2845	9	2518	137
211	1	189	161
771	6	30	107
3225	23	2989	130
3766	14	3496	033
1970	6	2084	031
1593	1	1594	001
1644	1	207	009
3866	14	3487	099
44	5	25	093
771	6	28	135
2069	6	1561	029
771	6	30	040
169	6	405	095
172	1	402	112
4940	14	4342	134
6006	17	5818	058
443	1	416	013
8779	23	2989	105
3143	11	3087	093
629	1	30	030
2945	14	3623	138
199	1	189	033
759	1	28	118
3216	12	2155	068
2785	9	2520	129
7789	23	12532	131
1133	15	4990	132
198	1	189	025
968	1	408	044
1593	1	1594	098
3225	23	2989	103
6414	23	2935	037
2033	6	29	157
2644	9	2593	077
2903	11	3089	078
44	6	29	153
3218	12	2018	059
211	1	189	000
260	1	189	021
702	6	28	102
25	15	5024	031
2501	10	2935	158
636	1	172	109
2729	23	2935	046
100	6	29	149
1525	6	29	083
205	6	30	043
846	1	397	074
2119	6	2008	070
1941	6	2009	125
1931	6	115	148
613	1	416	123
2065	6	2040	001
1930	15	4977	106
1871	12	2155	083
25	6	30	131
2696	9	2476	082
172	1	171	156
284	6	2045	014
2729	23	2966	053
258	1	259	080
8957	23	2922	042
2808	9	2517	118
3193	12	2155	107
1975	6	2008	023
3231	12	29	122
3193	12	2155	021
2845	10	2977	138
2909	9	2593	056
1922	6	2061	063
1429	6	30	091
702	1	28	153
2583	9	2476	150
2979	10	2924	145
734	15	4977	042
831	1	416	069
12016	22	9574	159
12016	22	10956	154
44	6	30	083
720	1	28	051
1931	6	116	121
480	15	5067	150
6247	23	2935	012
1429	6	2029	003
2127	6	171	122
584	1	259	056
2153	6	30	067
188	1	189	012
2644	9	2593	070
711	1	28	029
3225	23	2989	039
6247	23	12509	054
197	1	189	139
169	6	173	066
25	15	5024	013
2539	9	2540	136
702	1	28	120
205	6	30	116
172	1	171	152
1959	6	2008	039
2773	9	2517	095
6247	23	12509	028
588	6	30	069
1502	1	416	125
284	6	2040	096
2126	6	2008	066
629	1	30	077
2003	6	30	036
358	1	29	158
380	6	30	096
2140	6	2009	098
822	1	416	052
2587	9	2476	111
812	1	416	117
1644	15	5088	147
1939	15	5024	154
6247	23	12509	049
762	1	28	159
742	1	743	146
3718	14	3495	039
5308	15	5088	138
1956	6	2008	031
822	1	416	025
2101	6	2008	060
2909	9	2720	009
822	1	416	111
734	15	4977	016
968	1	408	034
2822	14	3475	146
47	6	29	141
443	1	416	053
4932	14	3509	015
6995	17	5950	157
211	1	189	038
6247	23	12509	127
228	6	2040	156
2065	6	2040	159
598	6	30	096
3193	12	2155	008
2693	11	3087	138
55	6	29	136
188	1	189	036
3189	12	2040	066
810	1	416	042
1961	6	2045	014
284	6	2008	055
228	6	2040	143
2773	9	2517	153
610	1	416	026
211	1	189	021
2069	6	2018	125
509	6	30	071
610	1	416	076
734	15	4977	072
25	15	5024	062
845	1	28	077
431	1	189	041
3218	12	2018	076
1429	6	2029	007
197	1	189	042
3113	11	3102	133
584	6	259	040
629	1	28	151
2539	9	2482	112
25	6	30	043
771	6	29	141
381	1	259	075
4723	14	3496	007
968	1	408	053
396	6	30	056
3237	12	117	002
598	6	30	027
415	1	416	123
25	6	28	134
2156	6	30	119
3053	23	12505	132
720	1	28	155
2587	9	2588	122
630	6	30	035
509	6	30	103
2911	9	2482	078
3219	12	2027	129
711	1	28	099
831	1	416	052
846	1	397	073
1871	12	2155	113
2022	6	2123	128
1958	6	2061	028
796	15	4990	103
12	1	14	022
810	1	416	160
8779	23	2989	141
2047	6	171	025
2693	12	28	085
2003	6	30	076
1956	6	2008	058
2142	6	2027	159
578	1	28	048
3225	23	2989	106
6247	23	2935	053
260	1	189	127
6247	23	2935	044
6247	23	2935	025
2119	6	2045	130
675	15	4990	146
2153	6	2031	156
597	15	5088	010
675	6	405	087
509	15	4977	160
12528	23	12532	159
3193	20	5762	160
765	6	30	029
711	1	28	038
3866	14	3487	123
734	15	4977	080
1976	6	229	070
444	1	404	161
588	6	30	060
1975	6	2009	097
2773	9	2517	139
3231	12	29	082
2156	6	30	006
473	1	416	017
2021	6	402	140
2127	6	171	092
2069	6	2018	123
831	1	416	004
478	1	444	116
3225	23	2938	107
812	1	416	132
2153	6	30	127
415	1	416	092
3189	12	2040	000
2105	6	2027	137
1841	23	2997	109
771	1	629	103
2157	6	2120	125
6006	17	5818	144
212	1	189	142
3143	11	3087	126
6247	23	2935	091
711	1	28	004
3189	12	2040	084
211	1	189	035
3130	14	3491	151
478	1	444	077
25	6	30	012
771	6	30	026
205	15	4990	011
598	6	30	108
3814	14	3544	148
5308	15	5088	028
25	15	4990	019
2909	9	2593	091
480	15	5067	133
3219	12	2027	044
2836	9	2705	149
3209	12	30	127
3577	14	3437	058
2696	9	2476	025
2729	23	2966	146
142	6	2044	137
3130	14	3437	147
2696	9	2476	074
6726	23	2966	055
2157	6	2120	152
584	6	259	034
3755	14	3495	137
1931	6	116	094
675	15	5120	136
1976	6	229	001
415	1	416	128
6414	23	2935	057
380	1	1363	155
3187	23	12518	065
2911	10	2720	073
610	1	416	119
818	1	416	132
2144	6	2018	146
734	15	4977	015
1959	6	2018	159
2909	9	2593	137
811	1	416	137
428	15	5024	133
5168	15	5088	097
2693	12	28	030
44	5	25	058
17	6	30	131
1133	6	30	072
6414	23	2935	045
6414	23	2935	105
69	1	72	127
2127	6	171	049
2065	6	2040	144
2845	14	3956	137
800	1	416	030
3189	12	2040	083
2984	10	2946	126
473	1	416	073
2809	17	5817	116
588	6	30	043
2809	17	5817	113
588	6	30	047
597	15	5088	142
2984	10	2946	076
968	1	408	129
1930	15	4977	151
2729	23	2966	126
47	1	30	069
2688	9	2517	124
6247	23	2935	020
211	1	189	037
610	1	416	050
3218	12	2018	085
303	1	416	076
2663	9	2476	146
3064	23	12505	086
1975	6	2008	036
734	15	4977	100
630	6	30	072
446	1	405	116
8957	23	2922	159
2059	6	2060	156
83	1	262	012
2836	9	2705	049
6726	23	2966	054
2008	9	259	038
1930	15	4977	114
396	6	29	149
28	6	29	160
810	1	416	137
55	6	30	063
3211	12	2120	115
198	1	189	063
2589	9	2517	160
584	6	259	070
1956	6	2008	042
228	1	229	045
197	1	189	090
2168	6	173	078
630	6	30	128
2693	12	28	012
5168	15	5088	156
584	6	405	088
3166	23	12532	139
172	1	402	105
17	1	18	057
1894	23	2920	028
675	1	320	130
7847	23	2966	107
3225	12	2155	132
428	6	259	059
3190	12	2120	128
2785	9	2593	114
205	1	207	138
2809	17	5818	113
2298	12	2155	156
6247	23	12509	146
284	6	2008	074
261	1	262	016
44	5	25	125
2809	17	5935	139
2589	14	3500	130
3237	12	117	012
509	15	4977	046
228	6	2040	086
284	1	189	145
6247	23	2935	012
3204	12	170	154
822	1	416	114
2587	9	2476	150
1912	15	5024	116
3053	23	12505	042
2035	6	2009	125
381	1	405	131
2074	6	2075	037
2916	9	2517	091
47	1	30	062
2102	6	2008	039
1961	6	2009	088
3206	12	2120	156
3144	11	3087	160
5308	15	5088	123
205	1	207	000
846	1	397	002
3217	12	28	108
1975	6	2009	102
3211	12	2120	118
2168	6	173	069
597	15	5088	007
2917	9	2593	159
2101	6	2040	140
1976	6	229	025
260	1	189	101
2911	10	2720	135
629	1	28	161
2809	17	5818	160
742	1	748	141
55	6	30	075
284	6	285	009
2126	6	2045	015
2130	6	2009	097
2026	6	30	077
742	15	4990	147
2785	9	2593	144
1947	6	405	103
597	15	5088	077
2822	20	6706	116
381	1	259	035
2785	9	2520	098
2069	6	2018	087
2644	9	2593	100
100	6	30	023
3187	23	12518	084
169	6	173	023
711	1	28	016
1947	6	173	065
428	6	259	071
2169	6	29	076
759	1	28	140
1593	1	766	150
2909	9	2720	031
2030	6	2032	149
2785	9	2520	109
215	1	189	033
2035	6	625	135
659	1	341	069
55	6	30	074
796	15	4990	107
6247	23	12509	023
205	1	207	062
1871	12	2155	051
406	1	408	016
17	6	30	125
2903	11	3089	112
1429	6	2027	141
2059	6	2060	112
198	1	189	086
2909	9	2593	043
6726	23	2966	005
3178	17	5953	157
2809	17	5817	129
211	1	189	127
178	6	117	011
1959	6	2009	089
1941	6	2009	101
1931	6	116	037
1644	1	207	076
2101	6	2008	038
3101	11	3102	126
1851	23	2997	127
2917	9	2593	120
8301	23	3060	072
675	15	4990	006
6995	17	5947	155
3200	12	2055	104
2119	6	2045	055
178	6	116	055
630	6	30	059
2589	9	2517	145
3197	12	2055	130
8779	23	2989	040
3025	10	3026	088
968	1	408	076
2156	6	30	103
197	1	189	007
2130	6	2008	054
3218	12	2018	121
1959	6	2008	032
509	15	4977	048
260	1	189	041
822	1	416	000
2068	6	173	010
2911	9	2482	082
3034	14	3956	149
428	6	259	080
3193	12	2155	077
1851	10	2997	147
1930	15	4977	085
284	6	2008	071
473	1	416	064
205	1	207	006
178	6	116	101
6247	23	12509	133
2785	9	2593	107
142	6	30	048
3237	12	116	070
598	6	30	077
292	1	120	092
793	1	341	150
6247	23	12509	104
2068	6	171	156
702	6	28	000
3187	23	12518	058
1970	6	2084	049
812	1	416	050
2157	6	2120	137
6247	23	12509	000
3225	23	2938	037
2026	6	30	026
702	6	28	132
406	1	408	034
431	1	189	082
169	6	173	056
2156	6	30	000
1959	6	2008	053
4891	17	6640	157
380	6	30	091
2126	6	625	134
613	1	416	066
115	9	2490	159
178	6	116	051
3166	23	12532	039
2065	6	2040	063
488	1	30	095
2126	6	2088	133
2006	6	29	051
711	1	28	019
47	1	30	078
2909	9	2593	094
1133	15	4990	059
228	6	2040	130
636	1	172	018
771	1	629	091
2587	9	2588	069
2615	9	2593	104
480	15	4990	089
2917	9	2593	137
1947	6	405	132
172	1	402	089
509	6	30	069
1970	6	2084	033
1592	6	30	049
720	1	28	010
2809	9	2705	124
1930	15	4977	002
188	1	189	065
675	1	320	127
2615	9	2476	102
3064	23	12505	075
2020	6	2008	064
205	6	2019	139
1429	6	173	016
1593	1	1594	062
1133	6	30	050
3186	12	2155	128
55	6	30	005
2785	9	2593	125
702	6	28	095
25	15	5024	010
1975	6	2009	117
1363	1	27	092
258	1	259	047
260	1	189	134
1133	6	30	037
2127	6	171	130
2138	6	2009	100
3217	12	28	101
428	15	5024	112
6726	23	2966	068
446	1	405	111
380	6	30	010
2911	10	2720	122
47	1	30	080
2984	10	2946	082
2729	23	2935	017
2867	9	2517	150
12528	23	12532	081
6885	20	7092	161
2021	6	405	101
2909	9	2720	127
213	1	189	096
6247	23	2935	034
630	6	29	155
260	1	189	037
2022	6	2123	108
10636	22	10637	141
2903	11	3089	086
2663	17	5816	138
6168	17	5817	155
7146	23	12532	030
2144	6	2018	141
260	1	189	011
1592	6	29	153
2119	6	2120	091
3231	12	29	154
2142	6	2009	091
2020	6	2008	061
1958	6	2009	127
8550	17	6436	107
2047	6	171	063
6247	23	2935	121
734	15	4977	036
3231	12	29	157
6247	23	2935	124
292	1	120	004
2068	6	173	066
3577	14	3437	028
6726	23	2966	056
478	1	444	150
1912	6	405	123
431	1	189	026
1841	23	2997	092
8957	23	2922	014
1429	6	173	009
25	15	4990	022
3187	23	12518	079
1922	6	2061	062
6247	23	12509	091
831	1	416	160
2113	6	29	038
3755	14	3495	158
1959	6	2008	026
2845	10	2977	117
1133	15	4990	033
8957	23	2922	106
2069	6	1561	071
3101	11	3102	145
2729	23	2935	036
69	1	72	012
2615	9	2517	137
2101	6	2008	059
2153	6	2027	144
198	1	189	156
1961	6	2029	009
188	1	189	115
1133	15	4990	137
2069	6	2070	074
818	1	416	161
428	6	2055	020
2539	9	2482	130
728	1	405	069
446	1	171	159
2663	17	5816	157
443	1	416	119
267	6	29	154
1894	23	2920	147
172	1	402	034
3237	12	116	042
228	1	229	020
3190	12	2084	024
8301	23	3060	015
2836	9	2705	069
142	6	30	107
3225	23	2989	086
1922	6	2061	082
6414	23	2935	134
113	6	30	050
2909	9	2593	074
2138	6	2009	107
1975	6	2008	078
2663	17	5935	134
2809	17	5935	158
711	1	28	078
205	15	4990	016
2102	6	2040	097
2693	11	3087	145
2644	9	2593	101
1956	6	2008	029
6247	23	12509	107
675	15	5120	133
2917	10	2942	122
1922	6	2061	047
3166	23	12532	086
169	6	402	137
205	15	4990	117
2688	9	2517	106
172	15	5043	132
211	1	189	128
2140	6	2008	028
1931	6	116	045
3209	12	2027	143
2015	6	115	155
2130	6	2008	052
3216	12	2155	063
2113	6	29	136
44	6	30	069
2026	6	30	082
3143	11	3087	034
2071	6	30	062
2126	6	2009	095
765	6	29	154
4568	23	2946	088
1959	6	2008	062
636	1	172	104
613	1	416	098
2729	23	2935	035
3209	12	30	051
3218	12	2018	116
1429	6	30	119
793	1	341	153
5168	15	5088	099
1958	6	2061	073
1912	6	405	094
1429	6	2029	002
2065	6	2040	094
199	1	189	000
415	1	416	036
3211	12	2082	018
213	1	189	117
2142	6	2031	154
2059	6	2061	062
2845	14	3956	083
6247	23	12509	111
3237	12	116	036
626	6	46	153
2811	9	2517	120
178	6	116	126
5168	15	5088	126
3866	14	3487	104
380	6	30	113
1958	6	2061	016
2984	10	2946	083
3189	12	2040	054
3190	12	2120	159
3206	12	2082	049
1956	6	2008	041
25	6	30	057
2102	6	2008	067
822	1	416	034
771	1	629	024
3522	14	3524	001
3053	23	12505	013
8301	23	3060	077
629	1	30	120
4568	23	2946	104
4557	14	3436	134
2144	6	2009	106
25	15	4990	028
2916	9	2517	112
2057	6	173	083
2917	9	2593	088
711	1	28	055
169	6	173	002
25	15	5024	060
213	1	189	045
2156	6	30	048
25	15	5024	072
3833	14	3719	050
2121	6	2122	004
3219	12	2027	047
2142	6	2009	086
415	1	416	130
812	1	416	034
178	6	116	098
796	1	797	158
4932	14	3491	005
509	15	4977	141
1502	1	416	065
2911	9	2482	132
443	1	416	102
1931	6	115	151
794	1	478	104
2168	6	173	048
44	6	30	101
1851	9	2520	160
6726	23	2966	123
444	1	405	130
1976	6	2040	157
431	1	189	048
702	6	28	083
2539	9	2482	144
381	1	405	125
1860	9	2517	143
613	1	416	118
2644	9	2593	139
675	15	5120	088
675	15	4990	117
3577	14	3437	048
2035	6	2009	111
711	1	28	097
2059	6	2061	082
47	6	30	084
2020	6	2009	083
2142	6	2009	102
3225	23	2938	091
7789	23	12532	029
2130	6	2027	135
428	6	171	148
7146	23	12532	091
19	6	2044	144
2113	6	29	069
2836	9	2705	082
2696	9	2476	023
1644	1	207	104
3113	11	3102	055
2644	9	2593	063
2105	6	2027	142
4684	14	3707	135
2153	6	30	040
2015	6	117	013
831	1	416	123
742	15	4990	158
1894	23	2920	102
818	1	416	095
2809	17	5935	128
284	6	2040	088
381	6	405	036
720	1	28	122
7146	23	12532	139
2153	6	2029	009
3053	23	12505	129
3237	12	116	082
2026	6	30	097
363	1	364	153
3577	14	3437	038
6247	23	2935	084
212	1	189	044
2729	23	2966	106
810	1	416	076
2071	6	30	035
6247	23	2935	045
205	1	207	104
8957	23	2922	110
3237	12	116	017
6247	23	12509	017
509	15	4977	140
446	1	405	085
968	1	408	031
3197	12	2120	111
2592	9	2593	106
2071	6	30	020
629	1	30	010
765	1	766	161
25	15	4990	155
213	1	189	006
1947	6	173	051
2127	6	171	109
3064	23	12505	044
178	1	179	090
629	1	28	146
2073	6	2009	122
28	1	29	146
1956	6	285	004
2808	10	2924	071
2127	6	171	022
3211	12	2082	034
3237	12	116	086
2059	6	2061	091
2663	17	5817	149
759	1	28	084
597	15	5088	064
2911	9	2482	101
480	15	5067	092
629	1	30	100
800	1	416	124
2729	23	2935	030
199	1	189	103
3209	12	30	052
2909	9	2593	026
3193	12	2155	102
675	15	5120	084
198	1	189	079
800	1	416	004
2615	9	2517	095
796	15	4990	132
771	1	629	053
1363	1	27	024
2140	6	2045	007
2298	12	2155	147
4646	14	3509	142
2074	6	2075	056
3142	14	3491	050
702	1	28	064
1525	6	29	094
28	1	29	141
2126	6	2008	031
169	6	405	121
2101	6	2040	106
7375	20	6780	143
2909	9	2720	041
3237	12	116	151
260	1	189	046
2140	6	2008	050
584	1	259	075
2065	6	2040	106
7146	23	12532	127
3189	12	2040	047
1133	6	30	075
832	1	416	147
2026	6	2027	132
846	1	397	031
1363	1	27	126
446	1	259	078
1975	6	2008	018
44	6	30	057
2808	9	2517	107
3237	12	116	080
3231	12	29	067
1970	6	2040	089
811	1	416	105
1525	6	29	153
2105	6	30	007
1912	6	259	029
6247	23	12509	009
213	1	189	154
2135	6	2045	008
734	15	4977	005
3106	11	3087	037
1525	6	29	139
5308	15	5088	155
8779	23	2989	056
794	1	478	136
588	6	30	007
734	15	4977	152
178	6	116	044
6247	23	2935	128
6247	23	12509	142
2068	6	405	101
829	15	5088	159
3064	23	12505	031
2127	6	171	051
55	6	30	111
2153	6	30	076
734	15	4977	065
5168	15	5088	120
6414	23	2935	035
2168	6	173	018
215	1	189	027
3866	14	3487	075
630	6	30	033
480	15	5067	121
675	15	4990	036
44	5	25	047
1871	12	2155	068
142	6	30	029
215	1	189	123
2909	9	2720	001
2867	9	2517	100
578	1	28	155
169	6	173	040
2157	6	2120	130
2729	23	2935	062
480	15	4990	047
822	1	416	037
2809	17	5818	145
480	15	4990	135
3053	23	12505	073
1941	6	2009	118
260	1	189	112
675	15	4990	035
3225	23	2938	042
1133	6	30	039
584	6	259	058
1931	6	116	080
169	1	172	143
584	1	259	034
169	6	405	085
303	1	416	097
2127	6	171	075
19	6	2008	028
810	1	416	152
2867	9	2517	146
198	1	189	074
636	1	172	148
2836	17	5818	138
2169	6	29	127
6006	17	5818	085
6414	23	2935	058
473	6	2040	118
260	1	189	016
3237	12	116	132
734	15	4977	115
3225	23	2989	040
2693	12	28	063
380	6	30	002
818	1	416	111
2903	11	3089	026
584	6	405	086
2119	6	2045	068
2917	9	2593	059
1133	15	4990	089
258	1	259	074
734	15	4977	155
396	6	30	015
2729	23	2966	071
8779	23	2989	005
12528	23	12532	017
2003	6	2019	151
509	6	30	089
2984	10	2946	092
2121	6	402	140
169	1	173	098
6168	17	5817	160
2068	6	2027	147
3216	12	2155	057
292	1	120	118
19	6	2009	117
211	1	189	034
1922	6	2018	134
1922	6	2061	084
1525	6	29	118
292	1	120	137
212	1	189	104
2144	6	2009	088
17	1	18	100
2140	6	2008	018
1871	12	2155	128
3101	11	3102	120
6247	23	12509	158
2615	9	2476	141
2811	9	2517	105
2785	9	2593	082
846	1	397	059
796	15	4990	028
1525	6	29	050
968	1	408	107
55	6	30	025
845	1	28	111
428	6	405	107
169	6	405	094
734	15	4977	010
607	15	4990	140
169	6	171	147
4568	23	2946	003
630	6	29	138
675	6	405	120
196	1	189	105
88	6	30	110
584	1	259	032
142	6	2044	135
610	1	416	030
2113	6	29	099
1961	6	2009	094
2003	6	30	093
629	1	30	015
2073	6	2008	056
199	1	189	039
44	6	30	040
1644	15	5088	155
9225	20	6706	137
2069	6	1561	011
2808	9	2517	120
3143	11	3087	133
260	1	189	033
771	6	28	136
169	1	172	132
3718	14	3719	028
1841	23	2997	098
1922	6	2061	008
2729	23	2966	087
4684	14	3707	133
480	15	4990	063
771	6	30	116
2059	6	2061	076
8957	23	2922	043
25	15	5024	057
215	1	189	100
6726	23	2966	120
2298	12	2155	157
205	1	207	023
17	6	30	069
2845	14	3956	097
3866	14	3487	122
2729	23	2935	098
446	1	445	161
4885	17	8813	102
2592	9	2593	093
3187	23	12518	140
2836	9	2705	094
1871	12	2155	030
47	6	30	090
2069	6	2018	131
3577	14	3437	002
720	1	28	070
2135	6	2145	149
2003	6	30	097
3219	12	2027	117
169	6	173	079
3053	23	12505	039
443	1	416	004
2693	17	5954	160
205	6	2038	000
3064	23	12505	145
3225	23	2989	032
172	1	171	150
734	15	4977	009
12528	23	12532	024
188	1	189	146
3231	12	29	005
578	1	28	045
3189	12	2040	039
2811	9	2517	100
2140	6	2018	157
284	1	285	008
142	6	30	129
734	15	4977	082
2815	11	3087	161
4568	23	2946	051
8735	17	5949	158
6726	23	2966	156
800	1	416	091
260	1	189	087
2615	9	2593	155
17	1	18	077
198	1	189	083
3190	12	2084	045
284	1	189	118
44	6	30	119
44	5	25	155
2119	6	2120	104
2003	6	30	025
2135	6	2009	098
198	1	189	060
8779	23	2989	025
630	6	30	106
1502	1	416	063
260	1	189	145
3237	12	116	152
2903	11	3089	003
4568	23	2946	154
675	15	5120	055
675	15	5120	120
1133	15	4990	082
1429	6	30	045
6247	23	2935	132
3866	14	3487	144
115	9	2571	159
2138	6	2009	097
2168	6	173	025
261	1	262	012
3189	12	2040	148
381	1	405	155
3187	12	2055	150
1947	6	173	031
845	1	28	130
2696	9	2476	030
6247	23	12509	032
172	1	402	145
3200	12	2055	098
2140	6	2009	081
1956	6	285	008
3166	23	12532	059
812	1	416	135
2047	6	171	114
509	6	30	084
2047	6	171	136
720	1	28	106
19	6	2008	062
1959	6	2008	033
2539	9	2540	092
211	1	189	098
260	1	189	124
431	1	189	049
11580	22	9538	153
2916	9	2517	150
509	15	4977	027
2785	9	2593	092
1958	6	2061	023
260	1	189	111
3053	23	12505	016
2696	9	2476	055
178	6	116	039
2026	6	30	019
44	1	46	159
822	1	416	087
1959	6	2018	138
169	6	173	057
659	1	341	104
12528	23	12532	085
2119	6	2045	054
2809	9	2705	137
6006	17	5818	093
3166	23	12532	013
4885	17	8813	082
25	15	5024	084
832	1	416	020
2130	6	2008	018
509	6	30	059
8301	23	3060	012
3053	23	12505	025
2945	14	3623	160
197	1	189	130
2125	6	2009	126
6247	23	2935	005
734	15	4977	013
44	5	25	160
211	1	189	108
846	1	397	124
303	1	416	019
2539	9	2482	064
3219	12	2027	003
3190	14	3427	078
198	1	189	107
2069	6	1561	045
6006	17	5818	157
381	6	405	060
3225	23	2989	044
480	15	4990	035
7847	23	2966	111
7146	23	12532	093
406	1	408	057
2845	9	2518	089
260	1	189	020
25	6	30	007
1841	23	2997	137
711	1	28	080
1592	6	30	029
3866	14	3487	111
3130	14	3437	138
1912	6	259	081
2116	6	2061	008
1502	1	416	066
2984	10	2946	114
831	1	416	119
478	1	444	120
6247	23	2935	070
818	1	416	152
88	6	30	078
2693	17	5948	133
6006	17	5818	098
444	1	405	122
1592	6	30	102
1931	6	116	033
25	15	5024	118
2156	6	30	022
734	15	4977	070
1930	15	4977	096
1644	1	207	085
25	15	4990	136
1912	15	5024	112
380	6	30	076
2911	9	2482	106
2074	6	2075	070
742	1	743	144
2153	6	30	130
6006	17	5818	095
2539	9	2540	068
2035	6	2009	096
2587	9	2588	085
1922	6	2061	044
2589	9	2517	151
1851	10	2997	152
3143	11	3087	082
2144	6	2009	103
3090	11	3087	154
2065	6	2040	053
771	1	629	023
509	6	30	131
12528	23	12532	016
1133	6	30	059
12528	23	12532	127
2065	6	2040	055
2156	6	30	130
675	15	4990	032
4723	14	3733	025
831	1	416	095
215	1	189	085
5308	15	5088	069
3143	11	3087	070
597	15	5088	024
480	15	4990	093
211	1	189	042
1959	6	2018	148
831	1	416	034
7789	23	12532	108
2592	9	2593	118
211	1	189	013
2169	6	29	046
1912	6	402	134
215	1	189	107
198	1	189	135
169	6	173	053
2116	6	2018	121
8301	23	3060	064
6414	23	2935	001
198	1	189	127
2020	6	2009	128
598	6	30	094
1912	6	259	074
2539	9	2482	092
44	5	25	003
1871	12	2155	034
1871	12	170	159
6170	17	5997	041
3193	12	115	154
1911	20	7092	126
1958	6	2009	098
178	6	116	121
1593	1	1594	066
2069	6	2018	101
2055	15	4969	160
188	1	189	005
3231	12	29	036
578	1	28	044
380	6	29	160
846	1	397	106
2911	10	2720	137
771	6	30	122
3211	12	2082	020
6247	23	2935	029
25	1	28	151
6247	23	2935	102
1931	6	116	073
6414	23	2935	138
4932	14	3509	006
3206	12	2082	015
1429	6	30	075
1593	1	1594	017
818	1	416	026
2168	6	173	002
2808	9	2517	093
3577	14	3437	150
3106	11	3087	097
613	1	416	133
3225	23	2938	049
198	1	189	036
2822	14	3475	129
205	1	207	144
771	6	30	006
2945	14	3623	159
1363	1	27	027
675	15	5120	024
578	1	28	024
2135	6	30	023
509	6	30	124
1947	6	405	124
584	6	405	100
831	1	416	131
3577	14	3437	138
4054	14	4056	104
205	15	4990	091
172	1	402	132
2729	23	2935	130
2169	6	29	146
598	6	2019	138
113	6	30	107
2069	6	2018	115
1860	9	2517	161
473	6	2040	128
613	1	416	027
213	1	189	148
1956	6	2009	113
3216	12	2155	139
2587	9	2588	054
3866	14	3487	124
196	1	189	146
1976	6	2040	143
968	1	74	160
796	15	4990	020
2135	6	2009	109
2144	6	2009	117
2121	6	171	154
2909	9	2593	142
6247	23	2935	081
44	5	25	144
415	1	416	001
3178	11	3087	152
172	1	402	106
3106	11	3087	086
759	1	28	082
2911	9	2482	099
3053	23	12505	024
11201	22	11202	137
2984	10	2946	118
4659	14	3793	075
2587	9	2588	141
7847	23	2966	161
3193	12	2155	030
2140	6	2009	123
303	1	416	004
197	1	189	145
212	1	189	029
2785	9	2520	127
3130	14	3546	127
1133	15	4990	129
1912	15	5024	132
213	1	189	140
473	1	416	038
1863	9	2518	157
2073	6	2031	159
626	1	46	158
197	1	189	102
675	15	5120	080
2917	10	2942	099
428	6	259	067
2809	17	5818	130
3166	23	12532	067
2808	9	2517	122
2068	6	173	073
8708	17	7418	158
480	15	4990	112
1912	6	405	131
1947	6	173	044
1593	1	1594	026
831	1	416	084
228	6	2040	159
3143	11	3087	101
195	1	189	128
406	1	408	019
199	1	189	072
44	6	30	064
7789	23	12532	158
832	1	416	003
3231	12	29	056
2073	6	2008	031
44	6	30	000
260	1	189	109
3053	23	12505	004
1930	15	4977	044
832	1	416	099
1871	12	170	133
3206	12	2120	107
3216	12	2155	118
2153	6	30	109
69	1	72	005
675	15	4990	106
2135	6	2008	056
4568	23	2946	123
675	6	402	142
720	1	28	047
2126	6	2009	081
2047	6	171	121
3034	10	2963	158
3225	12	2155	155
4054	14	3623	098
630	6	30	044
2845	9	2518	160
6247	23	12509	100
702	1	28	083
968	1	408	066
2126	6	2009	106
211	1	189	126
629	1	30	109
1592	6	30	130
25	6	30	063
17	1	1561	001
8301	23	3060	146
228	6	229	021
1644	1	207	124
771	1	629	045
2130	6	2009	091
2021	6	405	097
2065	6	2040	028
2143	6	2045	010
2644	9	2593	053
711	1	28	008
584	6	259	046
195	1	189	036
2047	6	171	150
2917	9	2593	060
3187	12	2055	161
771	6	30	103
2696	9	2476	067
7146	23	12532	043
4568	23	2946	069
260	1	189	156
8957	23	2922	033
8779	23	2989	066
2729	23	2966	051
1525	6	29	121
4054	14	3623	126
113	6	30	078
2153	6	30	060
2845	14	3956	103
811	1	416	024
968	1	408	014
822	1	416	105
444	1	405	132
19	6	2009	099
3209	12	30	015
3206	12	2120	129
2026	6	2027	141
2138	6	2008	067
2501	10	2935	159
3101	11	3102	095
196	1	189	110
431	1	189	010
1363	1	27	056
3197	12	2120	101
213	1	189	078
3209	12	30	071
3064	23	12505	137
2945	14	4034	161
509	15	4977	138
3231	12	29	025
2127	6	171	140
3577	14	3437	090
3189	12	2040	094
711	1	28	042
1961	6	2009	123
443	1	416	156
6247	23	2935	050
629	1	30	094
2539	9	2540	090
3206	12	2120	113
292	1	120	120
1956	6	2045	018
831	1	416	046
2127	6	171	077
2156	6	30	086
3025	10	3026	090
1547	6	29	159
796	15	4990	094
4568	23	2946	092
261	1	263	000
2693	12	28	039
636	1	172	127
2119	6	2045	027
1956	6	2009	132
3190	12	2084	048
2644	9	2593	075
12528	23	12532	039
2059	6	2060	125
2059	6	2061	058
1429	6	30	038
588	1	590	141
6168	17	5817	139
1429	6	30	058
1851	10	2997	158
6414	23	2935	058
2126	6	2008	073
2729	23	2935	069
2465	14	3495	135
2135	6	2008	080
1958	6	2061	032
6414	23	2935	060
2069	6	1561	028
480	15	5067	083
2030	6	2008	026
509	15	4977	112
215	1	189	034
1851	10	3056	161
3189	12	2040	065
759	1	28	057
406	1	408	024
578	1	28	075
771	6	30	081
2867	9	2517	145
2845	10	2977	128
1970	6	2055	025
2867	9	2588	130
1871	12	170	160
406	1	408	033
3189	12	2040	030
509	6	30	082
2539	9	2540	064
6414	23	2935	084
488	1	30	124
211	1	189	087
3211	12	2082	062
363	1	120	144
2074	6	402	143
9348	20	6012	116
2696	9	2476	104
2587	9	2588	120
613	1	416	128
3225	23	2938	057
188	1	189	150
2785	9	2593	123
5252	15	5088	138
818	1	416	078
3209	12	30	109
2065	6	2040	021
7789	23	12532	065
2587	9	2588	065
3053	23	12505	102
292	1	120	056
2153	6	30	083
734	15	4977	060
6247	23	2935	030
2909	9	2593	009
2153	6	30	108
443	1	416	115
1976	6	2040	151
196	1	189	143
3219	12	2027	016
213	1	189	131
2729	23	2935	152
2809	9	2705	125
759	1	28	028
8779	23	2989	028
1931	6	116	131
2057	6	173	031
2663	17	5818	140
2105	6	30	021
675	15	4990	152
6247	23	12509	115
1958	6	2061	037
6247	23	12509	083
17	6	30	095
832	1	416	021
728	1	405	113
69	1	72	054
1970	6	2040	151
17	1	1561	004
11580	22	9538	156
1592	6	30	119
205	1	207	094
2911	9	2482	160
728	1	259	075
1975	6	2008	054
3190	12	2120	094
3216	12	2155	001
1958	6	2061	069
261	1	262	011
198	1	189	027
2845	9	2518	086
69	1	72	086
3216	12	2155	111
473	1	416	110
178	6	116	048
364	1	28	155
2663	17	5817	154
178	1	179	004
6726	23	2966	050
2836	9	2705	118
3101	11	3102	069
3217	12	28	013
19	6	2008	069
2539	9	2482	142
205	6	2019	154
2729	23	2935	044
3200	12	2055	089
675	1	320	157
381	1	405	141
3166	23	12532	051
2809	17	5816	125
28	1	29	147
1851	10	2997	134
846	1	397	001
4885	17	8813	092
2693	14	3468	149
381	1	405	095
480	15	5067	094
2006	6	29	159
44	6	30	045
363	1	120	143
44	5	25	112
3189	12	2040	087
2644	9	2593	041
3216	12	2155	020
2059	6	2061	068
2126	6	2009	099
728	1	405	057
812	1	416	049
509	6	30	111
800	1	416	138
2867	9	2588	122
2068	6	2027	149
100	6	30	088
3217	12	28	026
4646	14	3510	135
794	1	478	110
2663	17	6190	150
2073	6	2031	157
1958	6	2061	056
2069	6	2018	089
113	6	30	081
3237	12	116	160
213	1	189	075
765	6	30	096
2119	6	2008	029
2903	11	3089	089
2615	9	2476	157
1958	6	2009	116
215	1	189	136
2121	6	405	122
2911	10	2720	115
399	6	402	133
1922	6	2018	111
2144	6	2018	134
25	15	4990	090
2142	6	2027	136
765	6	30	114
578	1	28	057
415	1	416	086
636	1	172	088
3193	12	115	155
428	15	5024	116
69	1	72	040
260	1	189	035
1644	1	207	006
428	15	5024	125
12528	23	12532	124
2126	6	2009	090
3113	11	3102	109
205	1	207	064
822	1	416	031
2059	6	2018	145
188	1	189	043
1644	1	207	069
2127	6	171	148
1912	6	405	113
3200	12	2055	139
396	6	30	109
2119	6	2120	108
2773	9	2517	098
1592	6	30	038
3189	12	2040	027
205	6	2038	009
3237	12	116	065
215	1	189	097
2917	9	2593	080
12528	23	12532	160
7146	23	12532	021
3130	14	3437	131
19	6	2008	035
3225	23	2938	056
702	1	28	147
3204	12	170	156
5168	15	5088	104
3053	23	12505	079
2644	9	2593	048
3193	12	2155	007
2020	6	2008	026
399	1	405	089
2140	6	2008	029
4885	17	8813	062
199	1	189	129
846	1	397	146
8210	20	7092	148
2121	6	405	130
2909	9	2720	003
1644	1	207	101
3217	12	28	057
8301	23	3060	011
2105	6	2027	151
2135	6	2008	044
2127	6	171	021
2615	9	2593	106
3225	23	2989	131
613	1	416	090
260	1	189	078
811	1	416	140
178	6	116	118
1525	6	29	122
2809	17	5818	141
1959	6	2009	109
2729	23	2935	096
1970	6	2040	155
6247	23	12509	113
1961	6	2009	127
2663	17	5818	155
6247	23	2935	120
2583	9	2476	157
8779	23	2989	103
6247	23	2935	105
4054	14	3500	124
2719	10	3016	130
1851	10	2997	137
2142	6	2009	110
2836	9	2705	067
213	1	189	132
178	1	179	000
3187	12	2055	119
25	6	30	059
12	1	14	086
2836	9	2705	031
765	1	766	149
1961	6	2009	119
2116	6	2018	137
2909	9	2720	074
211	1	189	053
6247	23	2935	138
2055	9	2571	161
812	1	416	140
1930	15	4977	067
1947	6	2027	154
480	15	4990	051
428	15	5024	109
1930	15	4977	026
19	6	2008	073
303	1	416	132
1931	6	115	160
178	1	179	091
4054	14	3623	112
1941	6	2008	070
188	1	189	034
8301	23	3060	110
2135	6	2008	078
2157	6	2120	124
822	1	416	018
197	1	189	103
1931	6	116	065
1502	1	416	157
3166	23	12532	068
968	1	408	083
2587	9	2588	048
584	1	259	065
2916	9	2517	110
7847	23	2966	146
2121	6	171	159
659	1	341	052
765	6	30	107
702	6	28	084
734	15	4977	127
800	1	416	021
1502	1	416	093
758	1	759	153
588	6	30	062
2074	6	2075	051
659	1	341	119
2071	6	30	065
1644	1	207	013
1912	6	2052	021
212	1	189	120
3053	23	12505	006
1912	6	402	142
215	1	189	118
2845	10	2977	144
25	15	4990	062
1363	1	27	048
2126	6	625	139
3209	12	30	102
3200	12	2055	129
2125	6	2009	127
211	1	189	057
968	1	408	104
7881	20	6780	160
2693	12	28	031
2592	9	2593	116
2026	6	2027	158
358	1	29	160
100	6	30	116
2022	6	2123	136
4885	17	8813	120
3225	23	2938	086
473	6	2082	045
584	6	405	101
1133	6	30	092
1956	6	2008	070
3206	14	3427	083
3130	14	3437	143
2845	10	2977	123
1841	23	2997	113
2006	6	29	060
4568	23	2946	117
3197	12	2055	138
172	1	402	087
1958	6	2061	058
1644	1	207	160
3206	12	2082	030
3053	23	12505	155
169	6	173	006
2110	6	171	151
2020	6	2087	155
431	1	189	018
2663	17	5935	152
205	1	207	080
25	6	30	071
613	1	416	089
399	1	402	133
3217	12	28	065
2169	6	29	034
2102	6	2040	087
1525	6	29	112
8472	20	7092	152
3217	12	28	119
6006	17	5818	089
7000	17	5953	158
6414	23	2935	100
2102	6	2040	092
2644	10	2924	056
1975	6	625	134
1502	1	416	121
7382	17	6782	105
1930	15	5024	157
431	1	189	159
3190	14	3427	076
2845	14	3956	095
1429	6	30	126
1592	6	30	077
1592	6	30	126
3209	12	30	002
1961	6	2029	002
196	1	189	152
3200	12	2055	127
1930	15	4977	097
44	6	30	044
258	1	259	038
2030	6	2008	063
2644	9	2593	110
610	1	416	058
607	15	4990	115
4885	17	8813	066
3225	23	2989	053
2127	6	171	093
1363	1	27	097
1547	6	29	158
2836	9	2705	104
2068	6	173	012
1363	1	27	084
196	1	189	132
607	15	4990	145
2909	9	2720	077
2587	9	2588	046
55	6	30	130
172	1	402	054
3053	23	12505	061
675	15	5120	056
629	1	30	117
2909	9	2593	135
2047	6	2048	160
578	1	28	157
968	1	408	081
178	6	116	114
2020	6	2009	117
2719	9	2720	152
3521	14	3513	120
443	1	416	010
488	1	30	108
659	1	341	037
2030	6	2032	143
3143	11	3087	024
2693	12	28	089
2065	6	2040	121
2168	6	173	056
381	1	259	050
3831	14	3832	113
3190	12	2084	010
169	1	171	159
2156	6	30	082
1961	6	2027	138
1931	6	116	064
7789	23	12532	095
3225	23	2989	091
12	1	14	052
228	6	2040	111
2126	6	2008	055
199	1	189	088
2984	10	2946	157
2836	17	5818	139
396	6	30	091
113	6	29	137
69	1	72	059
3225	23	2989	026
2663	9	2588	155
811	1	416	040
211	1	189	103
2126	6	2008	052
794	1	478	124
473	6	2040	129
6414	23	2935	131
2069	6	1561	050
1930	15	4977	015
381	6	405	118
2119	6	2045	132
2006	6	29	154
8779	23	2989	108
431	1	189	155
3225	23	2989	024
2047	6	171	061
446	1	259	057
2102	6	2008	043
2121	6	405	091
2168	6	173	044
113	6	29	136
473	1	416	097
636	1	172	150
675	6	2050	160
2026	6	30	054
636	1	172	143
1592	6	2145	139
3218	12	2018	041
6247	23	12509	011
2059	6	2061	022
415	1	416	056
2119	6	2008	068
8779	23	2989	153
4568	23	2946	118
1947	6	173	052
2073	6	2009	089
720	1	28	101
172	1	402	047
2126	6	2045	012
2057	6	173	069
630	6	30	130
3113	14	3793	042
3732	14	3733	058
3237	12	116	095
480	15	4990	152
2020	6	2045	007
198	1	189	071
205	6	2038	023
1429	6	30	099
1922	6	2018	154
3166	23	12532	007
613	1	416	150
578	1	28	127
2026	6	30	070
17	1	18	093
211	1	189	107
473	1	416	137
1429	6	30	105
734	15	4977	055
7789	23	12532	126
675	6	2050	161
3218	12	2018	028
7847	23	2966	108
205	6	30	112
2688	9	2517	146
172	1	402	147
1976	6	229	043
588	6	30	087
2615	9	2593	149
822	1	416	091
831	1	416	099
2071	6	30	011
3189	12	2040	114
98	5	2003	160
3766	14	3495	056
3521	14	3437	106
2121	6	171	149
7847	23	2966	061
2140	6	2009	092
2008	9	259	032
446	1	171	152
3237	12	116	083
1593	1	1594	120
3034	10	2963	161
198	1	189	009
598	6	2019	142
3190	12	2120	139
3219	12	2027	139
2615	9	2476	138
205	1	207	136
3206	12	2082	070
1956	6	2009	085
415	1	416	057
811	1	416	134
2071	6	29	149
3577	14	3437	001
2917	10	2942	055
659	1	341	120
2030	6	2045	003
3090	17	5949	157
702	6	28	145
169	6	402	136
1912	6	259	067
810	1	416	086
2832	14	3922	070
2059	6	2060	106
284	6	2008	046
2809	17	5818	138
292	1	120	063
2729	23	2935	150
2119	6	2120	103
178	6	117	009
812	1	416	093
3814	14	3794	151
2785	9	2520	094
9121	17	7538	145
6247	23	2935	100
2006	6	29	066
734	15	4977	140
2006	6	29	010
199	1	189	001
88	6	30	123
12	1	14	047
1912	6	402	140
1976	6	229	011
720	1	28	144
2169	6	29	045
818	1	416	088
1976	6	229	003
215	1	189	114
2169	6	29	031
1931	6	116	101
2729	23	2966	031
2911	9	2482	135
2984	10	2946	096
845	1	28	105
2127	6	171	102
6414	23	2935	055
8301	23	3060	109
3143	11	3087	155
8957	23	2922	024
480	15	4990	001
188	1	189	071
25	15	4990	108
169	6	171	156
2116	6	2018	153
2911	9	2482	096
444	1	405	098
2911	9	2482	138
811	1	416	068
1860	9	2517	138
6247	23	12509	014
610	1	416	120
11580	22	9538	151
3577	14	3437	052
363	1	120	146
28	9	29	136
796	15	4990	148
188	1	189	045
142	6	30	068
2587	9	2588	083
509	15	4977	120
3190	12	2120	097
1429	6	30	055
1592	6	30	097
211	1	189	030
2026	6	2029	007
213	1	189	030
3216	12	2155	132
2119	6	2045	034
415	1	416	030
598	6	30	065
6247	23	2935	065
2142	6	2008	080
2945	14	3623	141
2663	17	5818	153
2153	6	30	086
626	1	46	161
2811	9	2517	102
6414	23	2935	128
2644	10	2924	065
3193	12	2155	071
3143	11	3087	119
169	1	173	103
69	1	72	089
2153	6	30	103
260	1	189	014
2135	6	2009	096
6414	23	2935	049
3113	11	3102	079
3231	12	29	144
1956	6	2008	050
2615	9	2476	126
2113	6	29	049
284	6	2008	076
7146	23	12532	026
2003	6	30	124
284	1	189	160
3034	14	3956	150
212	1	189	007
2074	6	170	160
2729	23	2966	157
2845	14	3956	161
2917	10	2942	067
8708	17	6308	147
968	1	408	003
196	1	189	159
4568	23	2946	155
800	1	416	092
3193	12	115	149
10636	22	10030	146
1592	1	299	160
2909	9	2593	085
6885	17	6639	156
1947	6	405	086
2644	9	2593	136
212	1	189	032
3106	11	3087	159
1975	6	2008	029
1922	6	2018	110
1133	15	4990	111
2113	6	29	031
3113	11	3102	155
2845	14	3956	121
728	1	405	041
2836	17	5818	155
2693	14	3468	136
3225	23	2989	126
399	15	5043	150
3166	23	12532	121
734	15	4977	140
25	15	4990	056
2071	6	29	140
2808	10	2924	079
1593	1	1594	008
3187	12	2055	136
2144	6	2009	100
17	1	18	055
2020	6	2018	147
212	1	189	066
3425	14	3430	110
3205	12	2055	142
3577	14	3437	092
19	6	2045	009
2917	10	2942	097
2773	9	2517	161
2126	6	2008	044
25	6	30	024
2105	6	30	047
428	6	405	104
2592	9	2593	104
2909	9	2720	141
2126	6	625	159
17	1	18	070
1976	6	229	010
396	6	30	004
2105	6	2027	157
3218	12	2018	151
1860	9	2517	111
380	1	1363	146
1429	6	2027	135
2587	9	2476	123
6247	23	12509	028
968	1	408	070
3225	12	2155	137
832	1	416	044
3187	12	2055	111
205	6	30	115
2035	6	2009	107
1133	6	30	028
178	1	179	042
1502	1	416	014
213	1	189	133
2917	9	2593	143
728	1	259	071
381	6	405	121
832	1	416	117
415	1	416	014
3170	11	3087	157
2903	11	3089	122
2144	6	2009	130
2072	6	29	151
509	15	4977	128
1912	15	5024	154
2142	6	2027	139
12528	23	12532	053
1851	9	2520	157
3866	14	3487	146
3216	12	2155	117
845	1	28	042
2845	9	2518	143
2119	6	2045	080
1976	6	2040	150
8957	23	2922	096
3888	14	3495	025
6726	23	2966	151
1133	15	4990	121
1525	6	29	034
2022	6	2123	124
578	1	28	027
3101	11	3102	087
3053	23	12505	094
578	1	28	033
711	1	28	090
2059	6	2061	067
3197	12	2055	140
3200	12	2055	152
3189	12	2040	140
3113	11	3102	137
292	1	120	142
588	1	589	160
2809	17	5816	149
1502	1	416	112
188	1	189	097
810	1	416	081
399	6	171	152
17	1	18	131
428	6	405	116
2911	9	2482	115
584	6	259	071
2135	6	30	028
636	1	172	140
7847	23	2966	152
2030	6	2045	017
818	1	416	121
3866	14	3487	116
44	5	25	110
2121	6	405	123
12528	23	12532	058
2917	9	2593	111
8957	23	2922	094
169	1	173	011
626	1	46	154
1912	15	5024	106
284	6	2040	109
169	6	405	113
2587	9	2476	078
1592	6	2145	150
2615	9	2476	152
1956	6	2009	130
8861	17	8432	125
2047	6	171	155
2729	23	2966	109
702	1	28	014
3206	12	2120	135
2068	6	405	093
1947	6	173	009
2663	9	2588	134
3064	23	12505	024
473	6	2040	155
12	1	14	079
28	9	29	154
2169	6	29	128
2022	6	2123	137
2845	9	2518	135
2047	6	171	076
1941	6	2044	149
44	5	25	086
2116	6	2018	160
2845	10	2977	135
702	6	28	156
44	6	29	137
3209	12	30	094
172	1	402	049
195	1	189	024
3713	14	3715	044
2696	9	2476	157
584	1	259	049
1922	6	2061	040
742	15	4990	148
284	6	285	011
509	6	30	098
396	6	30	031
100	6	30	021
588	6	30	084
2071	6	29	139
728	1	405	031
25	6	29	140
2020	6	2009	108
478	1	444	130
2105	6	30	108
629	1	30	028
47	6	30	130
2003	6	2038	007
2729	23	2966	067
205	1	207	128
1922	6	2061	054
2068	6	173	039
3053	23	12505	021
3211	12	2120	105
2916	9	2517	130
702	1	28	087
443	1	416	074
675	15	5120	157
443	1	416	062
83	6	29	160
2587	9	2588	125
215	1	189	016
801	15	5088	146
2073	6	2009	081
1970	6	2040	146
2156	6	30	113
2113	6	29	081
2979	10	2924	132
2945	14	3623	133
597	15	5088	023
2140	6	2008	061
846	1	397	003
584	6	259	029
1894	23	2971	144
396	6	30	037
44	6	30	047
1363	1	27	030
588	6	30	032
2809	9	2705	152
610	1	416	142
7146	23	12532	070
44	5	25	117
2916	9	2517	106
303	1	416	014
3166	23	12532	096
1958	6	2061	006
3217	12	28	061
845	1	28	020
431	1	189	023
428	15	5024	127
172	1	402	013
380	6	30	068
6247	23	2935	032
2539	9	2540	054
588	6	30	082
1592	6	2145	136
1133	6	30	019
406	1	408	109
2916	9	2517	123
2020	6	2008	050
2116	6	2061	017
1975	6	2008	074
199	1	189	017
578	1	28	071
1871	12	2155	065
2047	6	171	078
2059	6	2061	049
2916	9	2517	133
1931	6	115	147
8957	23	2922	041
8301	23	3060	021
2140	6	2008	019
443	1	416	008
303	1	416	052
2867	9	2588	150
3166	23	12532	110
1958	6	2061	054
728	1	405	080
832	1	416	056
8957	23	2922	027
800	1	416	099
702	6	28	075
734	15	4977	065
2102	6	2040	139
3189	12	2040	038
3231	12	29	004
215	1	189	053
1841	23	2997	138
3190	12	2084	032
2903	11	3089	004
2119	6	2008	030
211	1	189	091
812	1	416	107
845	1	28	090
6247	23	2935	160
2059	6	2061	069
196	1	189	074
771	1	773	148
7789	23	12532	026
8301	23	3060	084
2142	6	2008	074
7146	23	12532	002
6247	23	12509	105
1133	15	4990	002
6247	23	2935	070
3225	23	2989	055
1975	6	2008	067
3190	12	2084	011
1922	6	2061	086
2615	9	2476	139
3106	11	3087	073
113	1	46	146
584	1	259	047
2808	9	2517	127
509	15	4977	003
228	1	229	080
759	1	28	066
2015	6	115	138
473	1	416	127
1912	15	5024	124
832	1	416	051
822	1	416	125
2909	9	2593	109
2047	6	171	050
7789	23	12532	061
630	6	30	069
1133	15	4990	025
771	6	30	038
2105	6	30	005
2169	6	29	084
478	1	444	149
100	6	30	100
5308	15	5088	005
2539	9	2482	081
2587	9	2588	144
584	6	259	031
2693	11	3087	147
588	6	30	051
811	1	416	004
2729	23	2935	038
3064	23	12505	023
845	1	28	115
2539	9	2482	127
260	1	189	090
12528	23	12532	148
588	1	589	161
292	1	120	034
7137	17	6268	033
728	1	405	112
613	1	416	091
1912	6	402	136
832	1	416	084
2168	6	173	077
2047	6	171	093
172	1	402	129
8957	23	2922	082
4054	14	3623	129
2121	6	405	109
1931	6	116	103
3216	12	2155	157
199	1	189	034
1429	6	2027	139
8301	23	3060	126
845	1	28	021
195	1	189	063
675	6	405	121
3193	12	2155	065
2113	6	29	085
28	9	29	159
2809	9	2705	114
11580	22	9538	152
2065	6	2040	123
428	15	5024	134
3225	23	2938	064
1644	1	207	130
28	1	29	159
215	1	189	119
2773	9	2517	134
2587	9	2588	119
2909	9	2593	016
478	1	444	028
399	15	5043	156
2917	10	2942	148
1931	6	115	150
584	6	259	056
758	1	759	152
818	1	416	033
55	6	30	083
188	1	189	105
2169	6	29	021
3888	14	3832	014
2845	10	2977	116
2615	9	2517	157
1976	6	2040	159
3206	12	2120	100
2006	6	29	073
473	6	2040	095
3101	11	3102	045
2008	9	259	070
197	1	189	012
478	1	444	104
396	6	30	044
509	6	29	154
3225	23	2989	052
2006	6	29	124
2663	17	5817	158
2867	9	2517	126
8957	23	2922	061
3034	10	2963	149
3193	12	2155	083
3189	12	2040	071
178	6	116	124
3187	23	12518	143
578	1	28	003
630	6	30	086
2119	6	2045	133
2144	6	2009	129
7847	23	2966	074
4568	23	2946	137
4613	14	3495	025
2984	10	2946	140
2903	11	3089	111
3064	23	12505	142
1871	12	2155	087
196	1	189	145
303	1	416	148
1593	1	766	151
742	15	4990	119
478	1	444	073
142	6	2044	144
2729	23	2966	083
810	1	416	156
2917	9	2593	133
742	1	748	085
2845	10	2977	103
4940	14	3427	135
7789	23	12532	002
100	6	30	053
2809	17	5935	140
2845	9	2518	125
818	1	416	104
3189	12	2040	108
195	1	189	129
1592	6	2029	008
258	1	259	048
2105	6	30	118
1894	23	2920	131
1922	6	2061	017
800	1	416	074
2688	9	2517	110
480	15	4990	142
2003	6	30	046
205	6	30	051
2156	6	30	008
6247	23	12509	135
6726	23	2966	034
711	1	28	053
2696	9	2476	032
2592	9	2593	136
3205	12	2055	157
2845	9	2518	127
1912	6	259	061
113	6	30	049
846	1	397	004
3106	11	3087	148
832	1	416	076
2696	9	2476	037
4891	17	6169	149
7847	23	2966	121
381	6	405	070
172	1	171	154
444	1	405	131
845	1	28	129
3217	12	28	107
675	15	4990	000
613	1	416	011
169	6	173	075
597	15	5088	074
818	1	416	130
428	6	2055	012
2785	9	2520	091
3053	23	12505	019
2020	6	2018	133
473	1	416	145
759	1	28	025
2003	6	2038	015
178	1	179	084
2142	6	2045	007
845	1	28	081
578	1	28	100
4659	14	3793	069
588	6	30	120
2909	9	2720	091
1931	6	116	135
2113	6	29	097
199	1	189	140
488	1	30	130
2126	6	625	151
2917	10	2942	098
197	1	189	079
2030	6	2009	105
169	6	171	157
480	15	5067	116
7847	23	2966	128
2911	9	2482	076
446	1	445	159
3833	14	3719	053
630	6	30	120
597	15	5088	040
2917	10	2942	102
578	1	28	050
7146	23	12532	090
3062	10	2924	065
6247	23	12509	149
1133	15	4990	067
196	1	189	011
88	6	30	094
3025	10	3026	095
771	6	30	115
720	1	28	021
2688	9	2517	125
428	6	2055	014
968	1	408	038
7789	23	12532	044
12528	23	12532	010
2785	9	2593	090
720	1	28	011
113	6	30	006
25	1	28	158
2785	9	2593	103
702	6	28	022
832	1	416	098
2065	6	2040	148
2127	6	171	035
2168	6	173	084
415	1	416	070
1502	1	416	102
2539	9	2540	062
3036	10	2924	058
205	6	30	049
12528	23	12532	077
2845	9	2518	154
172	1	402	050
720	1	28	066
396	6	30	092
197	1	189	101
3216	12	2155	088
2696	9	2476	119
1970	6	2084	005
205	6	30	119
260	1	189	031
2006	6	29	101
8779	23	2989	061
292	1	120	119
2068	6	173	038
44	6	30	080
607	15	4990	102
3231	12	29	123
1922	6	2061	085
1133	6	30	130
2916	9	2517	116
509	15	4977	075
771	6	30	064
2808	9	2517	113
2169	6	29	033
832	1	416	019
2984	10	2946	106
2644	9	2593	062
1970	6	2084	044
846	1	397	123
734	15	4977	048
831	1	416	017
2113	6	29	105
488	1	30	085
2168	6	173	032
69	1	72	120
3034	10	2963	156
2945	14	4034	110
3143	11	3087	159
2587	9	2476	118
1133	6	30	010
1429	6	30	053
12	1	14	133
759	1	28	145
2729	23	2935	018
1970	6	2040	113
11580	22	9985	153
831	1	416	024
4568	23	2946	008
2006	6	29	015
598	6	30	007
765	6	30	115
2047	6	171	023
629	1	30	058
2065	6	2040	120
1429	6	2111	132
406	1	408	111
2144	6	2018	159
363	1	74	141
1871	12	2155	043
2867	9	2517	130
675	15	5120	134
812	1	416	007
509	6	30	008
2059	6	2061	055
8957	23	2922	161
8738	17	6640	151
6414	23	2935	084
1961	6	2008	065
3218	12	2018	149
399	1	402	138
2047	6	171	057
7146	23	12532	052
211	1	189	077
675	15	5120	091
6247	23	2935	133
1841	23	2997	097
8779	23	2989	121
598	6	30	097
399	6	402	146
2773	14	3636	088
47	6	30	118
1644	1	207	114
720	1	28	078
3189	12	2040	109
3237	12	116	154
431	1	189	064
2917	10	2942	149
196	1	189	040
2138	6	2009	126
3187	12	2055	126
1922	6	2018	095
2773	9	2517	109
205	15	4990	046
1975	6	625	152
3217	12	28	117
12	1	14	077
3187	23	12518	106
2729	23	2935	113
1841	23	2997	129
2130	6	2045	004
3237	12	116	078
1592	6	30	009
675	15	5120	105
2135	6	2008	047
2696	9	2476	095
6247	23	12509	068
178	6	115	146
3187	12	2055	135
2911	9	2482	148
796	1	797	161
607	15	4990	155
2135	6	29	154
6726	23	2966	006
2113	6	29	092
55	6	30	090
25	15	5024	034
734	15	4977	061
443	1	416	079
509	6	30	043
509	6	30	063
1871	12	2155	077
2153	6	2031	157
1133	15	4990	149
2059	6	2060	098
19	6	2008	061
702	6	28	142
2832	14	3922	069
4054	14	3623	097
3219	12	2027	066
480	15	4990	065
845	1	28	065
2033	6	29	159
2068	6	405	085
473	1	416	046
172	1	402	113
2729	23	2935	045
3225	23	2938	115
584	6	259	050
1970	6	2040	145
6726	23	2966	102
12528	23	12532	027
588	6	30	121
415	1	416	071
473	1	416	117
1975	6	2009	092
8301	23	3060	108
303	1	416	139
794	1	478	106
113	6	30	079
2663	9	2588	141
380	6	30	008
5308	15	5088	044
3142	14	3509	078
2693	12	28	040
1525	6	29	135
6247	23	12509	152
2592	9	2593	123
793	1	341	151
399	1	405	106
2135	6	2045	002
44	6	30	037
213	1	189	018
3029	17	6011	155
1910	14	4329	137
2030	6	2008	019
3225	23	2989	089
2069	6	2018	159
1975	6	2009	119
1429	6	30	103
2811	9	2517	153
213	1	189	000
2135	6	2031	157
2696	9	2476	128
2587	9	2476	145
711	1	28	034
2102	6	2008	029
1592	6	30	128
446	1	171	154
205	6	30	053
260	1	189	065
4890	14	4228	035
2135	6	2009	082
215	1	189	041
2055	9	2490	159
968	1	408	056
260	1	189	034
728	1	405	022
12	1	14	025
6726	23	2966	070
44	6	30	094
406	1	408	091
396	6	29	141
613	1	416	034
2298	12	2155	146
3189	12	2040	120
2068	6	173	016
1961	6	2009	128
810	1	416	063
3193	12	2155	020
2808	9	2517	137
2059	6	2060	110
610	1	416	143
5505	22	9985	160
702	6	28	030
55	6	30	087
2105	6	30	052
2069	6	1561	060
47	6	30	110
284	6	2040	131
2101	6	2008	046
4054	14	3623	107
711	1	28	063
3218	12	2018	021
12	1	13	160
2539	9	2482	105
742	15	4990	153
6414	23	3026	142
4885	17	8813	150
1931	6	116	022
610	1	416	009
1958	6	2061	039
2729	23	2966	069
2729	23	2935	127
196	1	189	119
3193	12	2155	080
199	1	189	132
675	15	4990	009
380	6	30	028
2979	10	2924	140
630	6	30	081
1941	6	2008	040
968	1	74	157
3209	12	30	010
6247	23	2935	067
213	1	189	080
3211	12	2120	083
415	1	416	117
702	6	28	160
172	15	5043	138
846	1	397	025
8301	23	3060	138
2587	9	2588	136
3219	12	2027	085
1133	15	4990	139
8301	23	3060	053
2035	6	2009	108
3186	12	2155	142
771	1	629	075
2809	17	5817	157
2116	6	2061	042
260	1	189	060
8301	23	3060	069
195	1	189	029
2065	6	2040	014
2059	6	2018	144
2729	23	2935	029
742	15	4990	139
2105	6	30	104
607	15	4990	132
1593	1	1594	024
2116	6	2018	111
478	1	444	074
1363	1	27	066
1894	23	2920	104
8957	23	2922	155
1961	6	2027	143
630	6	30	103
4568	23	2946	015
3053	23	12505	009
2047	6	171	128
1863	9	2560	154
7146	23	12532	146
196	1	189	032
811	1	416	116
3178	11	3087	142
1592	6	30	120
228	1	229	069
2663	9	2588	146
734	15	4977	070
6414	23	2935	073
2126	6	625	137
2615	9	2476	103
2911	10	2720	149
613	1	416	072
584	1	259	063
12	1	14	060
2693	12	28	046
702	1	28	121
3237	12	117	003
2696	9	2476	118
17	1	18	047
6414	23	2935	130
169	6	173	058
380	6	29	140
629	1	30	029
509	15	4977	109
1133	15	4990	152
598	6	30	069
292	1	120	029
406	1	408	102
25	6	30	058
2909	9	2593	066
2006	6	29	077
2068	6	173	020
12345	22	11202	135
3211	12	2120	127
2663	17	5818	119
6247	23	2935	033
811	1	416	055
7789	23	12532	141
2059	6	2061	065
2945	14	3623	126
292	1	120	014
584	6	259	065
3814	14	3544	146
364	1	28	153
2127	6	171	157
2003	6	30	063
2587	9	2476	126
380	6	30	080
2917	10	2942	157
19	6	2009	104
6726	23	2966	087
284	1	189	153
364	1	28	152
2073	6	2009	109
1644	1	207	161
2030	6	2008	076
473	1	416	120
2121	6	2122	009
3225	23	2989	078
7146	23	12532	115
822	1	416	055
480	15	4990	104
212	1	189	000
199	1	189	013
811	1	416	121
3130	14	3437	152
845	1	28	023
810	1	416	134
2020	6	2018	160
12	1	14	119
478	1	444	025
2809	17	5817	140
380	1	1363	159
6006	17	5818	050
2065	6	2040	075
1133	6	30	108
2113	6	29	112
6490	17	5819	091
1592	6	30	089
3209	12	30	024
4885	17	8813	018
1502	1	416	075
83	6	29	144
303	1	416	065
588	6	30	129
588	6	30	018
292	1	120	035
2074	6	405	118
845	1	28	057
598	6	2019	157
6247	23	12509	106
303	1	416	119
169	6	402	139
6414	23	2935	032
598	6	2019	139
810	1	416	099
2169	6	29	160
598	6	30	004
3766	14	3764	055
396	6	29	146
3219	12	2027	109
2587	9	2476	142
199	1	189	030
3064	23	12505	115
1363	1	27	044
25	15	5024	069
2696	9	2476	068
675	15	5120	090
2144	6	2018	133
2729	23	2966	156
211	1	189	033
1429	6	173	019
675	1	320	090
406	1	408	077
2808	10	2924	080
2153	6	30	046
215	1	189	025
480	15	4990	079
444	1	405	089
3193	12	2155	058
2916	14	3509	080
3193	12	2155	054
169	1	173	115
2809	17	5935	125
2003	6	30	064
478	1	444	078
211	1	189	008
2729	23	2935	161
845	1	28	033
3206	12	2120	153
205	6	30	057
380	6	30	022
2169	6	29	073
215	1	189	137
396	6	30	018
728	1	405	029
198	1	189	087
630	6	30	004
2138	6	2009	114
578	1	28	053
5308	15	5088	046
1958	6	2009	120
2845	9	2518	101
2003	6	30	024
810	1	416	131
800	1	416	155
2102	6	2008	049
428	6	405	092
2809	9	2705	139
399	1	405	127
771	6	30	106
284	1	189	131
8779	23	2989	004
2984	10	2946	147
1871	12	2155	049
3106	11	3087	108
597	15	5088	002
2809	17	5816	129
431	1	189	015
1363	1	27	115
19	6	2008	056
380	6	30	061
88	6	29	140
2113	6	29	024
2119	6	2045	018
3193	12	2155	120
796	15	4990	111
626	6	46	150
1975	6	2009	122
742	15	4990	130
846	1	397	138
2903	11	3089	017
7146	23	12532	035
142	6	30	054
195	1	189	148
113	6	30	010
7146	23	12532	025
1502	1	416	004
2142	6	2008	035
845	1	28	116
1133	6	30	013
675	15	5120	033
380	6	30	114
2116	6	2018	109
8779	23	2989	003
2539	9	2540	085
113	6	550	132
3217	12	28	067
44	5	25	158
1133	6	30	062
610	1	416	032
6726	23	2966	022
3193	12	2155	097
25	6	29	137
2127	6	171	066
3113	11	3102	059
2583	9	2476	155
2587	9	2476	104
2911	9	2482	134
17	6	30	080
675	15	5120	043
2026	6	2111	132
17	6	30	071
598	6	30	060
399	1	405	122
2729	23	2935	158
1841	23	2997	152
2539	9	2540	089
228	6	229	057
1970	6	2083	074
2072	6	29	153
1133	15	4990	118
1133	15	4990	027
2539	9	2540	053
2121	6	2122	007
3190	12	2084	051
2003	6	30	086
399	15	5043	151
172	1	402	056
2135	6	2009	083
2909	9	2720	078
1502	1	416	037
2121	6	402	141
88	6	30	010
2127	6	171	071
702	1	28	031
728	1	405	100
1133	15	4990	161
215	1	189	067
2945	14	4034	129
2811	9	2517	155
69	1	73	144
6726	23	2966	125
2945	14	4034	134
178	6	116	028
196	1	189	083
213	1	189	063
2068	6	405	087
2113	6	29	159
19	6	2008	031
1133	15	4990	092
1976	6	2040	156
2836	9	2705	136
69	1	72	139
260	1	189	139
3053	23	12505	020
3053	23	12505	120
1363	1	27	038
100	6	30	052
211	1	189	060
509	15	4977	130
396	6	29	157
1922	6	2061	065
2809	17	5817	141
2153	6	30	030
1956	6	2040	141
831	1	416	110
578	1	28	134
2140	6	2018	151
675	6	402	136
2811	9	2517	121
3106	11	3087	090
19	6	2045	002
198	1	189	015
2006	6	29	100
2138	6	2009	121
832	1	416	079
6247	23	12509	085
1593	1	1594	088
2909	9	2720	045
1959	6	2008	030
2693	12	28	058
2119	6	2045	116
8779	23	2989	152
3053	23	12505	152
2917	10	2942	106
211	1	189	017
2785	9	2593	094
2022	6	2123	112
396	6	30	122
2587	9	2476	077
2909	9	2720	032
88	6	30	024
2917	9	2593	139
728	1	405	111
396	6	30	075
44	6	29	147
2911	9	2482	066
6168	17	5817	135
473	1	416	091
3197	12	2120	087
169	1	173	013
8957	23	2922	136
6726	23	2966	126
2644	9	2593	144
734	15	4977	008
734	15	4977	037
3211	12	2082	072
1860	9	2517	134
7847	23	2966	050
1922	6	2018	114
2030	6	2008	035
178	6	116	107
2909	9	2720	025
2135	6	30	026
597	15	5088	000
2026	6	30	015
25	15	4990	035
178	6	116	046
8957	23	2922	118
2142	6	2008	040
25	15	5024	112
2068	6	173	015
8583	17	5873	124
3190	12	2084	056
800	1	416	090
69	1	72	058
2809	17	5818	151
2696	9	2476	066
1644	1	207	045
2153	6	30	104
195	1	189	122
2065	6	2040	048
2903	11	3089	105
7789	23	12532	127
478	1	444	095
205	15	4990	148
728	1	405	046
2156	6	30	002
598	6	2019	149
2587	9	2476	146
2836	9	2705	092
4684	14	3971	154
47	6	29	146
197	1	189	141
213	1	189	159
12345	22	9574	150
213	1	189	036
1912	6	259	043
396	6	28	136
284	6	2040	160
12528	23	12532	055
2809	17	5935	129
812	1	416	084
3231	12	29	159
4885	17	8813	103
44	6	29	144
2945	14	4034	103
3193	12	2155	119
4568	23	2946	063
800	1	416	009
2144	6	2009	124
800	1	416	158
3217	12	28	072
1931	6	116	106
205	1	207	112
2729	23	2935	156
762	1	28	158
1970	6	2040	115
3190	12	2084	066
5252	15	5088	147
6414	23	2935	124
3063	10	2924	154
1133	15	4990	006
3225	23	2989	073
7125	17	7126	117
2020	6	2045	017
228	1	229	011
3206	14	4739	072
17	6	2044	143
1956	6	2040	133
406	1	408	112
2021	6	405	096
1931	6	116	134
198	1	189	055
2003	6	2019	145
2615	9	2593	132
6247	23	12509	151
2127	6	171	095
2069	6	1561	033
2945	14	3623	152
44	5	25	091
1956	6	2009	096
2026	6	30	101
3434	14	3437	150
25	15	5024	091
771	1	629	089
822	1	416	078
2729	23	2935	003
675	15	4990	132
3218	12	2018	124
771	1	629	130
3216	12	2155	070
2127	6	171	089
12345	22	11202	137
610	1	416	053
2615	9	2593	142
8408	23	12519	146
6168	17	5817	150
5168	15	5088	094
2113	6	29	096
2073	6	2009	096
846	1	397	136
610	1	416	112
1592	1	299	156
488	1	30	106
2615	9	2593	089
1959	6	2008	058
2069	6	2018	102
1922	6	2061	080
2119	6	2045	035
399	6	171	151
1930	15	4977	148
2903	11	3089	129
2811	9	2517	097
636	1	172	077
1912	15	5024	109
5168	15	5088	130
3225	23	2938	116
1961	6	2029	006
473	6	2040	082
1429	6	30	078
473	6	2040	126
17	1	18	085
584	6	405	099
4932	14	3491	003
3190	12	2120	122
1976	6	2040	091
260	1	189	089
1912	6	2179	009
1970	6	2040	153
6490	17	6491	090
2153	6	30	042
2127	6	171	097
2178	6	30	118
12528	23	12532	144
6006	17	5818	044
3200	12	2055	132
2102	6	2040	098
6247	23	2935	139
3206	12	2120	127
6247	23	2935	144
1912	6	405	114
381	1	405	117
2785	9	2520	155
380	1	1363	156
100	6	30	015
2945	14	3623	150
2006	6	29	127
734	15	4977	026
2696	9	2476	110
25	6	30	041
3200	12	2055	138
2615	9	2517	129
1941	6	2044	146
3101	11	3102	054
2138	6	2008	052
831	1	416	126
5308	15	5088	158
720	1	28	001
1363	1	27	013
702	6	28	134
1429	6	30	118
6414	23	2935	041
711	1	28	032
1894	23	2920	114
25	15	4990	137
1931	6	116	047
1592	6	30	072
811	1	416	037
213	1	189	035
2903	11	3089	110
702	6	28	103
3577	14	3437	050
2785	9	2520	104
3063	10	2924	148
630	6	30	119
8957	23	2922	145
88	6	30	045
213	1	189	136
2911	9	2482	110
195	1	189	035
1912	15	5024	121
822	1	416	028
2073	6	2008	059
2808	9	2517	155
1912	6	259	075
5308	15	5088	148
431	1	189	120
800	1	416	097
3718	14	3495	037
3425	14	3428	132
2003	6	2019	142
212	1	189	157
2003	6	30	039
3205	12	2055	149
800	1	416	039
2696	9	2476	146
6726	23	2966	153
212	1	189	036
831	1	416	137
100	6	30	067
1644	1	207	075
702	1	28	071
1958	6	2009	092
431	1	189	160
2135	6	2031	155
25	6	30	123
113	6	30	103
2105	6	30	103
607	15	4990	104
765	6	30	038
2808	10	2924	076
3209	12	30	040
2945	14	4034	102
2105	6	30	080
2138	6	2008	075
399	1	402	144
303	1	416	039
2020	6	2009	120
607	15	4990	142
2101	6	2008	063
284	1	189	120
3866	14	3487	161
2822	14	3475	128
728	1	405	115
2917	9	2593	091
169	1	171	149
509	6	28	132
415	1	416	156
2074	6	2075	052
3219	12	2027	061
509	15	4977	062
597	15	5088	054
734	15	4977	025
771	6	30	082
2615	9	2593	152
3189	12	2040	154
2102	6	2040	135
3622	14	3519	068
211	1	189	106
8957	23	2922	141
2119	6	2045	144
4885	17	8813	100
473	1	416	076
2119	6	2120	109
12528	23	12532	069
3225	23	2989	067
178	6	116	056
2073	6	2008	055
2153	6	30	095
178	6	116	050
800	1	416	070
2003	6	2019	152
188	1	189	123
578	1	28	062
598	6	2019	133
968	1	408	021
292	1	120	022
629	1	30	087
3866	17	5873	061
6247	23	12509	068
47	6	29	142
5252	15	5088	136
2644	9	2593	132
2583	9	2476	142
25	15	4990	098
2945	14	4056	136
607	15	4990	091
2729	23	2966	100
2169	6	29	147
675	15	5120	145
7375	17	7126	144
818	1	416	114
2068	6	173	071
1592	6	30	090
2121	6	2122	008
2979	10	2924	144
1970	6	2040	086
3187	23	12518	067
2119	6	2045	109
2693	11	3087	153
3200	12	2055	088
2945	14	3623	147
734	15	4977	066
3231	12	29	020
1958	6	2061	018
8957	23	2922	007
630	6	46	135
3166	23	12532	078
473	6	2082	053
3053	23	12505	029
2057	6	173	039
1502	1	416	024
213	1	189	047
2074	6	2075	050
2911	9	2482	126
1429	6	2027	138
812	1	416	069
742	1	748	097
188	1	189	154
584	1	259	048
2836	9	2705	060
2663	9	2588	158
728	1	405	104
3216	12	2155	150
446	1	404	161
812	1	416	037
3106	11	3087	111
8767	17	6639	140
2507	9	2476	152
771	6	30	060
55	6	29	156
228	6	2040	142
2587	9	2588	061
2903	12	170	148
431	1	189	140
2539	9	2482	153
2113	6	29	048
3101	11	3102	060
17	1	1561	024
6247	23	12509	141
3106	11	3087	074
2909	9	2593	133
2903	11	3089	160
759	1	28	081
800	1	416	103
1593	1	1594	077
3211	12	2120	158
2845	14	3956	133
742	15	4990	156
832	1	416	110
399	1	405	124
3748	14	3649	043
480	1	481	156
2135	6	2145	153
488	1	30	104
702	1	28	093
3218	12	2018	054
1894	23	2920	107
2069	6	2018	088
4885	17	8813	030
2073	6	2008	032
8301	23	3060	141
613	1	416	055
968	1	408	045
607	15	4990	087
845	1	28	068
702	1	28	130
2119	6	2120	139
478	1	444	083
6726	23	2966	118
3237	12	116	108
2903	11	3089	072
399	1	171	147
607	15	4990	147
3211	12	2082	064
6247	23	2935	092
810	1	416	090
3190	12	2120	099
380	6	30	018
2909	9	2720	143
142	6	30	082
113	1	632	154
7000	17	6308	152
6247	23	2935	003
598	6	30	036
258	1	259	053
3718	14	3714	058
742	15	4990	114
2539	9	2482	122
1941	6	2045	011
2729	23	2966	021
3106	11	3087	054
2142	6	2045	002
810	1	416	146
845	1	28	051
28	9	29	139
415	1	416	034
2069	6	2018	139
812	1	416	046
711	1	28	057
610	1	416	069
195	1	189	018
8301	23	3060	033
2101	6	2040	114
228	6	2040	131
428	15	5024	140
396	6	30	047
1976	6	2040	142
2729	23	2966	137
2135	6	2008	079
6247	23	2935	113
794	1	478	122
1363	1	27	034
2121	6	2122	006
829	15	5088	139
2663	17	6190	141
629	1	30	092
2909	9	2720	102
260	1	189	084
10636	22	10637	135
598	6	30	021
1941	6	2044	141
2539	9	2482	091
3577	14	3437	007
2126	6	2008	059
480	15	4990	019
7847	23	2966	089
260	1	189	048
284	6	285	002
822	1	416	026
796	15	4990	073
1894	23	2920	069
380	6	30	109
3142	14	3793	065
1429	6	30	031
2142	6	2031	153
381	1	405	103
1593	1	766	159
2119	6	2045	102
2615	9	2593	116
303	1	416	109
2836	9	2705	144
7789	23	12532	157
8939	20	6706	151
396	6	30	128
1592	6	2029	006
831	1	416	054
598	6	2019	143
3204	12	170	149
2911	9	2482	097
6247	23	12509	064
25	15	4990	099
188	1	189	044
702	1	28	145
3206	12	2082	063
2945	14	4034	137
3143	11	3087	040
1486	1	397	152
3237	12	116	145
1502	1	416	103
172	15	5043	141
3106	11	3087	127
675	6	405	119
3217	12	28	049
6247	23	12509	097
2808	10	2924	091
2808	9	2517	088
4940	14	4342	135
1593	1	1594	064
2916	9	2517	161
178	6	116	091
800	1	416	075
83	1	262	010
2142	6	2009	100
2065	6	2040	137
169	1	173	029
396	6	30	051
212	1	189	021
2068	6	173	009
2808	9	2517	125
1912	6	2179	029
2003	6	30	048
3064	23	12505	130
2071	6	30	025
3197	12	2120	091
3225	23	2989	125
758	1	759	155
1567	1	591	158
195	1	189	071
742	1	748	115
2047	6	171	022
3211	12	2120	093
2113	6	29	022
178	6	116	099
613	1	416	078
1894	23	2920	033
846	1	397	105
1644	1	207	080
3101	11	3102	046
396	6	30	049
284	1	189	083
4885	17	8813	122
3577	14	3437	107
771	6	29	146
771	6	30	125
2945	14	3623	136
2909	9	2720	089
428	6	405	126
610	1	416	056
69	1	72	008
675	6	171	151
2507	9	2476	155
399	1	405	114
396	6	30	064
2845	10	2977	101
811	1	416	065
2119	6	2120	099
846	1	397	053
428	6	405	130
5308	15	5088	036
509	15	4977	113
1947	6	173	067
2126	6	625	143
2138	6	2009	117
178	6	116	068
2169	6	29	005
702	1	28	129
2008	9	259	073
3142	14	3509	074
2022	6	2123	120
1592	6	30	045
5308	15	5088	121
213	1	189	058
2909	9	2593	049
629	1	30	112
169	6	405	131
2587	9	2588	142
810	1	416	096
4659	14	3793	070
771	6	30	104
3186	12	2155	157
831	1	416	080
8779	23	2989	143
2119	6	2008	036
800	1	416	093
3231	12	29	035
2065	6	2040	155
2026	6	2027	142
831	1	416	029
1958	6	2009	103
25	6	30	072
831	1	416	118
205	1	207	085
2693	11	3087	122
2909	9	2593	127
2119	6	2120	118
3718	14	3496	047
728	1	405	079
1956	6	2009	118
1970	6	2040	147
3065	23	12519	160
8779	23	2989	076
509	15	4977	010
25	15	5024	035
2071	6	30	019
588	6	30	014
169	6	173	076
2047	6	171	153
800	1	416	089
2113	6	29	152
801	15	5088	144
2729	23	2966	011
2074	6	405	103
7789	23	12532	112
588	6	30	052
765	6	30	080
2615	9	2517	116
88	6	30	035
2984	10	2946	098
2832	14	3922	068
406	1	408	120
2015	6	115	149
832	1	416	137
212	1	189	132
2026	6	2031	157
598	6	2019	136
2074	6	405	089
765	6	30	108
675	6	405	100
1958	6	2009	102
19	6	2009	082
47	6	30	098
480	15	4990	132
2539	9	2540	116
845	1	28	079
7184	17	7185	150
702	1	28	096
12497	22	10801	160
488	1	30	066
3187	23	12518	062
6247	23	2935	017
196	1	189	064
2911	9	2482	073
1947	6	173	008
765	6	28	131
2008	9	259	065
2135	6	2008	022
509	15	4977	101
2142	6	2008	021
3170	11	3087	158
4568	23	2946	040
771	1	629	111
480	15	5067	146
3187	23	12518	101
1959	6	2009	090
2644	9	2593	130
3219	12	2027	057
197	1	189	078
675	6	2051	006
3218	12	2018	088
1941	6	2009	104
3209	12	30	115
284	6	2040	133
381	1	405	147
3206	12	2082	064
4885	17	8813	022
720	1	28	046
7789	23	12532	010
3193	12	2155	099
1429	6	30	107
2035	6	2009	104
3434	14	3437	148
2153	6	30	070
197	1	189	020
6885	20	7092	159
6726	23	2966	003
629	1	30	081
47	1	30	065
261	1	263	004
597	15	5088	001
428	6	2055	015
3211	12	2120	153
675	15	5120	009
2917	10	2942	083
2116	6	2061	016
2587	9	2476	091
2127	6	171	062
2809	17	5935	150
3101	11	3102	066
1958	6	2061	068
2587	9	2476	106
25	15	5024	093
212	1	189	152
3217	12	28	095
205	15	4990	150
2138	6	2018	161
431	1	189	058
2130	6	2045	003
2663	17	5817	156
399	1	402	145
1941	6	2045	002
810	1	416	143
2663	17	6190	142
3143	11	3087	030
100	6	30	095
55	6	30	078
711	1	28	015
509	15	4977	139
2113	6	29	116
2073	6	2008	036
6726	23	2966	033
3225	23	2989	112
69	1	72	042
3190	12	2120	111
831	1	416	063
794	1	478	149
509	15	4977	094
444	1	405	125
3216	12	2155	050
3113	11	3102	126
607	15	4990	108
811	1	416	045
509	6	30	028
2105	6	30	116
6247	23	2935	021
2065	6	2040	036
44	5	25	136
212	1	189	055
3217	12	28	116
2903	11	3089	053
195	1	189	073
205	6	30	048
1941	6	2044	153
215	1	189	015
2138	6	2009	116
597	15	5088	071
702	6	28	034
2022	6	2123	138
2909	9	2593	095
607	15	4990	143
197	1	189	045
443	1	416	136
4615	14	3496	092
812	1	416	043
473	1	416	029
2113	6	29	046
284	6	2040	114
1486	6	29	156
832	1	416	127
1525	6	29	156
759	1	28	020
2644	9	2593	071
765	6	30	019
1976	6	229	013
1961	6	2009	085
2135	6	2008	066
3209	12	2027	142
8500	17	6175	151
675	1	320	111
811	1	416	010
196	1	189	148
480	15	5067	129
69	1	72	062
832	1	416	141
292	1	120	107
3130	14	3437	136
172	1	402	103
195	1	189	059
2845	10	2977	102
69	1	72	032
2113	6	29	128
1930	15	4977	108
446	1	259	048
7847	23	2966	104
25	6	30	070
2126	6	2008	062
765	6	30	116
509	6	30	005
2867	9	2517	148
629	1	30	041
2102	6	285	009
3577	14	3437	087
3216	12	2155	091
2729	23	2966	029
3101	11	3102	038
188	1	189	070
381	6	405	049
2144	6	2018	139
3190	12	2084	046
2069	6	2018	090
630	6	30	018
1947	6	405	121
17	6	30	056
2030	6	2008	060
2615	9	2476	133
1947	6	2027	141
25	15	4990	017
3577	14	3437	040
199	1	189	051
480	15	5067	093
636	1	172	021
363	1	364	160
2547	9	2482	160
9348	20	6012	120
4568	23	2946	013
2140	6	2018	134
169	1	173	016
1947	6	2027	151
3053	23	12505	112
702	1	28	133
711	1	28	132
2729	23	2966	038
3218	12	2018	018
734	15	4977	116
415	1	416	085
211	1	189	069
2644	9	2593	111
796	15	4990	007
588	6	30	081
2068	6	405	092
2135	6	2009	112
3193	12	2155	002
613	1	416	018
478	1	444	145
205	15	4990	124
199	1	189	069
69	1	72	065
1922	6	2018	147
3225	23	2989	097
3218	12	2018	009
822	1	416	020
47	6	30	104
2693	12	28	065
3193	12	2155	140
4568	23	2946	098
771	1	629	133
2003	6	30	091
396	6	29	153
172	15	5043	137
6247	23	12509	072
2035	6	625	152
630	6	29	156
12	1	14	054
44	6	30	026
2153	6	30	091
5168	15	5088	144
1959	6	2008	055
7847	23	2966	059
3755	14	3495	148
3189	12	2040	144
1941	6	2009	121
3217	12	28	063
675	6	405	101
2693	12	28	044
2945	14	4034	097
480	15	4990	085
3218	12	2018	141
2130	6	2008	043
6414	23	2935	098
2168	6	173	008
2845	10	2977	087
2589	14	4897	130
8301	23	3060	147
3101	11	3102	108
598	6	30	022
3225	23	2938	011
205	15	4990	030
260	1	189	102
702	6	28	045
2808	9	2517	103
818	1	416	087
2836	9	2705	047
3216	12	2155	103
2785	9	2520	156
1841	23	2997	116
1593	1	1594	089
2126	6	2008	019
5308	15	5088	091
480	15	4990	061
2836	17	5818	159
8779	23	2989	032
2105	6	30	129
5308	15	5088	109
443	1	416	093
8957	23	2922	003
2984	10	2946	100
211	1	189	045
771	1	629	043
113	6	30	120
1593	1	1594	103
2026	6	2027	134
1976	6	229	021
2101	6	2008	080
3216	12	2155	160
3113	11	3102	128
303	1	416	126
2911	10	2720	102
17	1	18	112
17	6	30	126
2909	9	2720	149
1133	6	30	054
480	15	4990	011
55	6	29	153
2909	9	2593	059
284	6	2040	085
3064	23	12505	133
178	1	179	032
2071	6	30	038
2140	6	2045	014
3225	23	2989	069
3577	14	3437	009
1970	6	2040	149
205	1	207	124
6006	17	5818	063
1975	6	2009	105
2909	9	2593	100
12528	23	12532	052
3053	23	12505	104
832	1	416	159
2663	17	5817	136
765	6	29	158
3209	12	2027	150
380	6	30	004
19	6	2009	119
2587	9	2588	126
381	1	259	063
675	15	4990	086
2119	6	2008	044
630	6	30	023
2911	9	2482	114
711	1	28	152
6414	23	2935	116
2020	6	2009	098
2909	9	2720	034
597	15	5088	102
5168	15	5088	160
284	6	2008	019
2600	17	7538	138
5252	15	5088	153
7789	23	12532	001
613	1	416	081
8301	23	3060	071
3206	12	2120	128
702	6	28	161
2615	9	2517	099
588	6	30	021
3225	23	2989	121
5168	15	5088	135
25	1	28	148
2663	17	5935	146
212	1	189	067
100	6	29	158
2984	10	2946	065
6414	23	2935	019
2069	6	1561	047
199	1	189	154
2073	6	2008	079
598	6	30	079
444	1	405	101
1894	4	1839	148
810	1	416	013
11580	22	10627	160
2068	6	173	050
169	6	402	135
1592	6	30	115
2073	6	2009	100
2069	6	1561	067
812	1	416	143
406	1	408	125
2140	6	2008	046
2836	9	2705	107
188	1	189	135
6414	23	2935	103
636	1	172	158
2073	6	2009	097
2020	6	2045	015
2126	6	2009	088
1133	15	4990	000
55	6	29	139
2808	9	2517	154
822	1	416	053
3814	14	3544	147
415	1	416	155
629	1	30	116
2903	11	3089	154
968	1	408	010
702	6	28	086
2917	10	2942	090
2984	10	2946	119
3064	23	12505	143
44	6	30	087
3225	23	2938	005
2068	6	2029	002
2074	6	171	159
381	6	405	039
25	1	28	154
794	1	478	114
1525	6	29	150
720	1	28	025
8210	17	7270	142
1133	6	30	041
629	1	30	089
19	6	2009	102
1930	15	4977	021
213	1	189	114
812	1	416	106
801	15	5088	147
3209	12	30	013
2809	9	2705	107
211	1	189	112
3206	14	4739	069
3237	12	116	096
2047	6	171	144
6247	23	12509	071
2663	17	5816	139
2157	6	2120	142
6726	23	2966	090
2909	9	2720	147
2589	9	2517	129
47	6	30	117
2138	6	2009	088
2140	6	2009	132
2984	10	2946	130
25	15	4990	031
8301	23	3060	016
2126	6	2008	077
4886	14	4560	142
1644	1	207	014
2102	6	2008	062
169	1	173	130
2102	6	2008	069
25	15	5024	030
3106	11	3087	064
812	1	416	127
2071	6	30	040
509	6	30	087
3211	12	2082	047
5308	15	5088	039
2845	14	3956	138
211	1	189	157
2101	6	2008	042
415	1	416	000
2057	6	173	047
406	1	408	121
3053	23	12505	058
812	1	416	030
728	1	405	028
11201	22	2157	147
2663	17	5817	141
2101	6	2040	129
2688	9	2517	112
2845	10	2977	107
598	6	30	103
228	6	229	040
2592	9	2593	141
2785	9	2593	150
968	1	408	061
659	1	341	102
1956	6	2008	032
169	6	405	110
2539	9	2482	139
801	15	5088	159
169	6	171	154
734	15	4977	051
5168	15	5088	153
2020	6	2009	119
796	15	4990	080
7146	23	12532	055
2144	6	2018	140
1912	6	405	098
2785	9	2593	126
812	1	416	128
2003	6	30	035
3200	12	2055	136
2808	9	2517	140
2126	6	2008	023
1547	6	29	149
480	15	5067	107
2130	6	2008	047
4568	23	2946	050
1958	6	2061	050
2809	17	5816	151
17	1	18	037
172	15	5043	144
25	15	5024	064
3064	23	12505	036
831	1	416	094
2615	9	2517	093
178	1	179	020
17	1	18	088
1525	6	29	146
3101	11	3102	155
19	6	2044	150
1947	6	405	106
2809	17	5816	142
44	5	25	036
19	6	2008	051
2587	9	2476	059
2693	12	28	042
303	1	416	128
100	6	30	129
2836	9	2705	087
380	6	30	059
205	15	4990	063
2059	6	2018	139
8301	23	3060	086
2116	6	2061	019
2101	6	285	010
446	1	402	145
196	1	189	094
711	1	28	113
2138	6	2045	002
1894	23	2920	125
3166	23	12532	008
765	6	30	098
3206	12	2120	101
3833	14	3762	066
213	1	189	054
19	6	2044	133
258	1	259	071
2102	6	2040	114
2047	6	171	083
6247	23	2935	106
2945	14	4034	128
2102	6	2008	047
1133	15	4990	123
3187	23	12518	119
7847	23	2966	014
846	1	397	075
728	1	259	062
2592	9	2593	129
2696	9	2476	081
2057	6	173	071
2909	9	2720	048
831	1	416	127
8779	23	2989	012
3144	23	12529	161
443	1	416	112
2138	6	2008	037
1860	9	2517	106
415	1	416	110
2909	9	2720	067
195	1	189	100
2035	6	2009	120
44	5	25	157
796	1	797	152
1871	12	2155	131
3218	12	2018	096
2156	6	30	079
2917	10	2942	080
2006	6	29	025
2909	9	2593	115
2809	17	5817	103
2102	6	2040	157
818	1	416	005
4885	17	8813	110
212	1	189	126
205	15	4990	095
381	1	405	100
796	1	797	151
6247	23	2935	066
2845	9	2518	119
3434	14	3437	156
6726	23	2966	140
4568	23	2946	073
3166	23	12532	066
2644	9	2593	078
113	6	30	121
578	1	28	072
629	1	30	001
3113	11	3102	114
2140	6	2045	017
2065	6	2040	139
675	15	4990	136
284	6	2045	016
3866	14	3487	112
1912	6	259	054
829	15	5088	145
10636	22	9791	153
215	1	189	149
443	1	416	105
3201	23	2966	160
88	6	29	155
3197	12	2120	098
1947	6	2027	159
1841	23	2997	102
19	6	2009	114
675	15	4990	085
811	1	416	104
720	1	28	055
1567	1	590	141
1644	15	5088	160
2119	6	2045	115
446	1	405	126
2003	6	30	054
2119	6	2045	091
1592	6	30	067
2073	6	2008	061
406	1	408	040
3218	12	2018	046
2507	9	2476	150
613	1	416	053
213	1	189	138
771	1	629	032
473	1	416	059
478	1	444	087
2003	6	2038	016
142	6	30	108
2074	6	2075	020
3218	12	2018	092
6414	23	2935	051
2030	6	2008	080
7146	23	12532	137
381	1	259	064
2785	9	2520	107
6247	23	12509	093
8957	23	2922	047
2101	6	2008	045
212	1	189	048
3166	23	12532	146
711	1	28	128
3211	12	2082	025
396	6	29	148
711	1	28	114
3113	11	3102	071
25	15	5024	048
3209	12	30	058
6726	23	2966	073
1947	6	173	026
2903	11	3089	059
260	1	189	027
2773	9	2517	137
771	1	629	114
3237	12	116	047
2113	6	29	047
3190	12	2120	153
4568	23	2946	037
2693	12	28	098
728	1	405	095
759	1	28	031
2644	9	2593	158
2135	6	2009	111
213	1	189	073
2156	6	30	069
142	6	30	124
3106	11	3087	048
8957	23	2922	150
6414	23	2935	047
2911	9	2482	112
381	1	259	034
3225	23	2989	099
588	1	591	159
2074	6	2075	031
2073	6	2008	024
2773	9	2517	097
811	1	416	025
3218	12	2018	159
406	1	408	056
1363	1	27	006
2811	9	2517	140
258	1	259	032
1133	15	4990	022
2911	10	2720	087
196	1	189	116
2127	6	171	118
2587	9	2476	100
1502	1	416	071
415	1	416	115
2059	6	2018	129
2140	6	2045	004
