1463	15	4986	000
1470	1	135	000
424	1	319	000
8204	23	2989	000
5294	15	4973	000
8529	23	2989	000
424	1	319	001
197	1	189	001
5140	15	4973	001
1042	1	687	001
3057	23	2946	001
4975	15	4973	002
1188	1	1142	002
4984	15	4986	002
12552	23	12525	002
7178	23	12511	002
5227	15	4973	002
192	1	99	002
9680	22	9544	003
3044	10	3045	003
5322	15	4986	003
1591	1	135	003
3826	23	2996	003
3057	23	2946	003
1654	1	917	003
8779	23	2989	003
417	1	319	004
1642	1	122	004
3038	23	3039	004
1164	1	953	004
916	1	917	004
1348	1	1161	004
1510	1	122	004
134	1	125	004
1050	1	125	004
5212	15	4973	004
1204	1	953	004
12552	23	12525	004
2093	6	2012	004
998	1	148	004
456	1	125	005
3414	14	3415	005
568	1	125	005
5320	15	4973	005
998	1	148	005
1180	1	1142	005
389	1	122	005
5288	15	4973	005
192	1	99	005
567	1	125	005
4046	14	3495	006
1051	1	125	006
716	1	148	006
9236	23	12508	006
1354	1	125	006
1386	1	129	006
1641	1	148	006
1531	1	519	006
1523	1	917	006
1415	1	148	006
149	1	125	006
1467	1	125	006
5256	15	4973	006
308	1	165	007
264	15	4973	007
251	1	125	007
227	1	122	007
5013	15	4973	007
1976	6	229	007
3148	11	3120	007
4723	14	3496	007
575	1	129	007
1421	1	125	007
823	1	148	008
505	1	148	008
993	1	122	008
459	1	125	008
971	1	148	008
1354	1	125	008
1278	1	122	008
677	1	148	008
227	1	122	008
1207	1	953	008
5017	15	4973	008
854	1	535	008
5212	15	4973	008
2265	23	2982	008
1650	1	122	008
1527	1	125	008
1922	6	2061	008
673	1	163	009
1548	1	148	009
477	1	122	009
5361	15	4973	009
9227	23	12508	009
568	1	125	009
6100	23	12553	009
1353	1	129	009
1251	1	122	009
9051	23	12508	009
806	1	122	009
1538	1	148	010
1665	1	125	010
813	1	148	010
1574	1	970	010
1167	1	953	010
418	1	419	010
1468	1	604	010
282	1	696	010
1650	1	122	010
571	1	125	010
1654	1	917	011
7195	23	12531	011
1192	1	1161	011
8272	23	12515	011
277	1	125	011
505	1	148	011
1355	1	953	011
1282	1	129	011
1268	1	129	011
5299	15	4973	011
1196	1	953	011
1354	1	125	011
3941	14	3847	011
1387	1	122	011
164	15	4973	011
5179	15	4973	012
1273	1	129	012
1154	1	953	012
431	1	189	012
1412	1	122	012
412	1	148	012
1356	1	953	012
9045	23	2982	012
1078	1	122	012
212	1	189	012
5292	15	4973	012
311	1	148	012
2059	6	2061	012
1642	1	122	012
8957	23	2922	012
823	1	148	012
5338	15	4973	013
5304	15	4973	013
311	1	148	013
1242	1	953	013
854	1	535	013
3420	14	3423	013
1130	1	125	013
954	1	604	013
5204	15	4973	013
5240	15	4973	014
1640	1	125	014
418	1	419	014
534	1	535	014
1523	1	917	014
771	1	629	014
11316	22	9589	014
1236	1	129	014
9390	23	12511	014
1051	1	125	014
573	15	5094	014
1591	1	135	014
5017	15	4973	014
1566	1	148	014
5240	15	4973	015
2828	9	2556	015
1650	1	122	015
876	1	125	015
1223	1	1210	015
685	1	687	015
1643	1	129	015
2176	6	2061	015
8213	23	12526	015
3790	14	3791	015
431	1	189	015
1552	1	99	015
825	1	129	015
770	1	125	016
505	1	148	016
250	1	148	016
235	1	148	016
575	1	129	016
932	1	148	016
1171	15	4973	016
1042	1	687	016
836	1	837	016
705	1	687	016
8756	23	12511	016
1180	1	1142	017
3739	14	3496	017
476	1	148	017
5107	15	4973	017
5292	15	4973	017
988	15	4986	017
8760	23	12508	017
213	1	189	017
1348	1	1161	017
1591	1	535	017
1195	1	1142	017
2	6	2061	017
5093	15	5094	017
5179	15	4973	017
706	1	708	017
1253	1	129	017
1002	1	148	017
1658	1	163	018
3739	14	3496	018
1519	1	148	018
389	1	122	018
645	1	125	018
5219	15	4973	018
6439	23	12515	018
4547	14	3450	018
1415	1	148	018
5012	15	4973	018
1354	1	125	018
199	1	189	018
3066	23	12524	018
11372	22	9589	018
209	1	148	018
1217	1	953	019
9236	23	12508	019
450	1	148	019
6439	23	2956	019
5087	15	4973	019
993	1	122	019
3826	23	2996	019
3225	23	2989	019
1219	1	122	019
9386	23	12511	019
1261	1	129	019
980	1	917	019
1153	1	953	019
2077	6	2061	019
3829	14	3495	019
1288	1	1210	019
235	1	148	020
450	1	148	020
412	1	148	020
456	1	125	020
9680	22	9544	020
1643	1	129	020
5299	15	4973	020
1045	1	125	020
5107	15	4973	020
992	1	122	020
1501	1	148	020
1380	1	953	020
260	1	189	021
1566	1	148	021
4730	14	3717	021
5226	15	4973	021
685	1	687	021
6100	23	12553	021
1668	1	163	021
5003	15	4973	021
5041	15	4986	021
1278	1	122	021
1194	1	953	021
194	1	148	021
1523	1	917	021
5312	15	4973	021
5134	15	4973	021
963	1	148	021
1387	1	1210	021
345	1	122	022
3053	23	12505	022
5361	15	4973	022
1576	1	419	022
1643	1	129	022
652	1	148	022
6936	23	12511	022
705	1	687	022
1353	1	129	022
145	1	122	022
1153	1	953	022
1180	1	953	022
3225	23	2989	022
1428	1	125	022
1147	1	953	022
9680	22	9544	023
534	1	135	023
1261	1	129	023
9236	23	12508	023
398	1	148	023
455	1	126	023
1246	1	122	023
147	1	148	023
1441	1	125	023
9051	23	12508	023
1463	15	4986	023
1518	1	122	023
6439	23	2956	023
1150	1	953	023
5042	15	4973	023
1372	1	953	024
1273	1	129	024
1348	1	1161	024
1591	1	535	024
3766	14	3768	024
4547	14	3450	024
8499	23	12511	024
313	1	148	024
1442	1	125	024
1165	1	953	024
1651	1	125	025
260	1	189	025
3066	23	12524	025
2294	23	12511	025
8692	23	12516	025
1276	1	129	025
5200	15	4973	025
3122	11	3123	025
1639	1	125	025
716	1	148	025
3766	14	3768	025
9051	23	12508	025
645	1	125	025
803	1	122	025
1533	1	419	026
213	1	189	026
1354	1	125	026
2373	23	12511	026
5292	15	4973	026
1381	1	953	026
188	1	189	026
806	1	122	026
5233	15	4973	027
1042	1	687	027
1256	1	129	027
412	1	148	027
805	1	129	027
770	1	125	027
424	15	4986	027
1411	1	163	027
1385	1	129	027
5179	15	4973	027
3066	23	12524	028
823	1	148	028
813	1	148	028
1555	1	129	028
5134	15	4973	028
9076	23	2968	028
1666	1	125	028
2925	23	2996	028
1382	1	953	028
1345	1	953	028
1426	1	135	028
721	1	122	028
485	1	148	028
9306	23	12511	028
1190	1	953	028
1180	1	953	028
7178	23	12511	028
703	1	704	028
2925	23	2996	029
1230	1	122	029
5299	15	4973	029
1188	1	1142	029
385	1	148	029
1204	1	953	029
1219	1	122	029
1412	1	122	029
1428	1	125	029
1147	1	953	029
1453	15	4973	029
1243	1	953	029
1425	1	122	029
6100	23	12553	029
1658	1	163	029
1548	1	148	030
1043	1	125	030
1922	6	2061	030
1422	1	193	030
1669	1	419	030
1199	1	953	030
197	1	189	030
425	1	319	030
999	1	122	030
1514	1	148	030
192	1	99	030
11316	22	9589	030
1190	1	953	031
716	1	148	031
1246	1	122	031
4989	15	4973	031
9236	23	12508	031
3739	14	3495	031
8131	23	3030	031
5299	15	4973	031
1669	1	419	031
135	1	137	031
1171	15	4973	031
1518	1	122	031
1153	1	953	032
932	1	148	032
9051	23	12508	032
1253	1	129	032
1352	1	1161	032
1316	1	129	032
215	1	189	032
1501	1	148	032
1042	1	687	032
438	1	135	033
1669	1	419	033
1256	1	129	033
5320	15	4973	033
685	1	687	033
1190	1	953	033
3718	14	3762	033
5242	15	4973	033
1372	1	953	033
9051	23	12508	033
571	1	125	033
1239	1	129	033
149	1	125	034
992	1	122	034
1441	1	125	034
1544	1	148	034
6973	23	12501	034
1669	1	419	034
5098	15	4986	034
957	1	125	034
5212	15	4973	034
1348	1	1161	034
1015	1	148	034
962	1	163	034
567	1	125	034
435	1	125	034
308	15	4973	034
12552	23	12525	035
1165	1	1142	035
350	1	163	035
1426	1	135	035
5134	15	4973	035
1518	1	122	035
134	1	125	035
1253	1	129	035
4974	15	4973	035
3044	10	3045	035
534	1	135	035
5023	15	4973	035
706	1	708	036
685	1	687	036
534	1	135	036
1373	1	953	036
1411	1	163	036
5340	15	4973	036
2161	6	2061	036
836	1	837	036
1658	1	163	036
1463	15	4986	036
455	1	126	036
954	1	604	036
1415	1	148	036
5134	15	4973	036
957	1	125	036
957	1	125	037
3057	23	2946	037
985	1	148	037
770	1	125	037
1935	6	2012	037
2265	23	2982	037
138	1	125	037
1463	15	4986	037
806	1	122	037
398	1	148	037
1415	1	163	038
1415	1	148	038
1362	1	953	038
1385	1	129	038
424	15	4986	038
213	1	189	038
432	1	148	038
1310	1	122	038
149	1	125	038
1171	15	4973	039
4678	14	3715	039
947	1	129	039
1566	1	148	039
1372	1	953	039
1358	1	953	039
1288	1	129	039
1354	1	953	039
1279	1	129	039
1381	1	953	039
2967	23	3007	039
5322	15	4986	039
1033	1	1035	039
1656	1	639	039
3620	14	3423	039
1521	1	148	040
5087	15	4973	040
1250	1	122	040
5279	15	4973	040
1180	1	1142	040
417	1	319	040
1421	1	125	040
1551	1	125	040
4993	15	4973	040
638	1	639	040
1217	1	953	040
197	1	189	040
424	1	319	040
254	1	148	041
5226	15	4973	041
5211	15	4973	041
4980	15	4973	041
5361	15	4973	041
1247	1	129	041
1663	1	129	041
7195	23	12531	041
1050	1	125	041
249	1	148	041
706	1	708	042
1668	1	163	042
1051	1	125	042
250	1	148	042
1193	1	953	042
5294	15	4973	042
1337	1	129	042
1169	1	953	042
8272	23	12515	042
434	1	122	042
1153	1	953	042
5253	15	4973	042
1309	1	129	042
5087	15	4973	042
280	1	282	043
5063	15	4973	043
5026	15	4973	043
5312	15	4973	043
916	1	917	043
4975	15	4973	043
5227	15	4973	043
1523	1	917	044
1246	1	122	044
5023	15	4973	044
3225	23	2989	044
1147	1	953	044
1045	1	125	044
1428	1	125	044
985	1	148	044
5292	15	4973	044
8272	23	12515	044
5012	15	4973	044
409	1	125	045
1510	1	122	045
1527	1	125	045
418	1	419	045
2828	9	2556	045
3122	11	3123	045
5066	15	4973	045
1411	1	163	045
8957	23	2922	045
1239	1	129	046
1415	1	148	046
1642	1	122	046
5063	15	4973	046
652	1	148	046
3047	23	3039	046
8760	23	12508	046
1279	1	129	046
7146	23	12532	046
1207	1	953	047
961	1	148	047
1470	1	135	047
1552	1	99	047
916	1	917	047
251	1	125	047
4974	15	4973	047
1165	1	953	047
2077	6	2061	047
947	1	163	047
5125	15	4973	047
932	1	148	047
3620	14	3423	048
3122	11	3123	048
1665	1	125	048
5026	15	4973	048
8692	23	12526	048
1545	1	148	048
5170	15	4973	048
5098	15	4986	048
192	1	99	049
932	1	148	049
655	1	419	049
455	1	125	049
424	1	319	049
1250	1	122	049
1519	1	148	049
5031	15	4973	049
1387	1	122	049
1463	1	1464	049
1273	1	129	049
854	1	535	049
1155	1	953	049
209	1	148	050
8426	23	12511	050
1348	1	1161	050
949	1	148	050
1279	1	129	050
567	1	125	050
1223	1	1210	050
1256	1	129	050
138	15	4973	050
5041	15	4986	050
5346	15	4986	050
8957	23	2922	050
1381	1	953	050
1414	1	122	050
5130	15	4973	050
932	1	148	050
1188	1	953	050
568	1	125	050
5219	15	4973	051
4547	14	3450	051
1236	1	129	051
2373	23	12511	051
954	1	604	051
418	1	419	051
1081	1	535	051
227	1	122	051
962	1	163	051
685	1	687	051
602	1	604	052
1555	15	4973	052
1585	1	706	052
1516	15	4973	052
5093	15	5094	052
652	1	148	052
2176	6	2061	052
1352	1	1161	052
145	1	122	052
1245	1	122	052
477	1	122	052
1271	1	129	052
854	1	135	052
1381	1	953	052
5362	15	4973	052
825	1	129	053
836	1	837	053
770	1	125	053
476	1	148	053
5066	15	4973	053
160	1	125	053
209	1	148	053
8692	23	12516	053
1165	1	953	053
1555	1	129	053
8426	23	12511	053
277	1	125	054
135	1	137	054
5362	15	4973	054
4260	14	4261	054
721	1	122	054
1541	1	148	054
1160	1	1161	054
1453	1	419	054
1310	1	122	054
2093	6	2012	054
1224	1	122	054
1043	1	125	054
1412	1	122	054
1640	1	125	054
5006	15	4986	054
7687	23	12511	054
1654	1	917	055
1185	1	953	055
1178	1	953	055
305	1	148	055
3066	23	12524	055
1669	1	419	055
240	1	122	055
1288	1	129	055
5340	15	4973	055
1463	1	1464	055
146	1	122	055
947	1	163	055
198	1	189	055
7079	23	12511	055
6938	23	12543	055
646	1	122	056
199	1	189	056
4882	14	4103	056
3790	14	3791	056
6973	23	12501	056
1338	1	129	056
803	1	122	056
655	1	419	056
477	1	122	056
1591	1	535	056
744	1	163	056
9390	23	12511	056
5054	15	4973	057
2447	23	12501	057
1527	1	125	057
1235	1	122	057
1591	1	135	057
673	1	163	057
570	1	125	057
1470	1	135	057
1521	1	148	057
254	1	148	058
1251	1	122	058
830	1	148	058
614	1	129	058
5130	15	4973	058
3420	14	3423	058
5026	15	4973	058
1180	1	953	058
1261	1	129	058
1650	1	122	058
1051	1	125	058
4911	14	4117	058
164	15	4973	058
7997	23	2982	058
215	1	189	058
1237	1	129	058
219	15	4973	058
1270	1	129	058
476	1	148	058
386	1	148	058
1081	1	535	058
6100	23	12553	058
2059	6	2061	059
1585	1	148	059
4048	14	3791	059
1167	1	953	059
1358	1	953	059
5017	15	4973	059
1165	1	1142	059
1223	1	122	059
4989	15	4973	059
4260	14	4261	059
1463	1	1464	059
1310	1	122	059
992	1	122	059
196	1	189	060
209	1	148	060
1207	1	1142	060
706	1	708	060
703	1	704	060
135	1	137	060
1544	1	148	060
1463	15	4986	060
1421	1	125	060
770	1	125	060
1015	1	148	060
4989	15	4973	060
5087	15	4973	060
5200	15	4973	061
1541	1	148	061
1380	1	953	061
1377	1	953	061
2925	23	2996	061
1415	1	148	061
1130	1	125	061
1268	1	129	061
4974	15	4973	061
1214	1	122	061
5226	15	4973	061
1426	1	135	061
979	1	125	061
6129	23	12508	061
1288	1	129	061
455	1	126	061
5338	15	4973	061
784	1	785	061
4984	15	4986	062
1533	1	419	062
350	1	163	062
807	1	148	062
1341	1	953	062
9070	23	2982	062
609	1	419	062
425	1	319	062
3843	14	3791	062
5281	15	4973	062
1354	1	953	062
5283	15	4973	062
1656	1	639	062
1309	1	129	062
1081	1	535	062
1246	1	122	062
254	1	148	062
215	1	189	063
8957	23	2922	063
1167	1	953	063
1531	1	519	063
1420	1	125	063
5256	15	4973	063
9236	23	12508	063
9227	23	12508	063
570	1	125	063
4048	14	3791	063
1591	1	535	063
192	1	99	063
477	1	122	063
1013	1	604	063
8006	23	2949	064
1531	1	519	064
1523	1	917	064
1192	1	1161	065
5171	15	4973	065
1643	1	129	065
1527	1	125	065
7570	23	12516	065
1648	1	122	065
721	1	122	066
5082	15	4973	066
475	1	148	066
5256	15	4973	066
308	15	4973	066
1045	1	125	066
1533	1	419	066
5031	15	4973	066
5219	15	4973	066
5093	15	5094	066
4547	14	3450	066
643	1	125	066
11372	22	9589	066
1902	23	3074	066
1268	1	129	066
1262	1	129	066
985	1	148	067
1523	1	917	067
1570	1	122	067
947	1	148	067
5283	15	4973	067
1268	1	129	067
297	1	125	067
1259	1	129	067
1042	1	687	067
1208	1	953	067
9390	23	12511	067
5171	15	4973	068
1551	1	125	068
386	1	148	068
1576	1	419	068
1468	1	604	068
5338	15	4973	068
5312	15	4973	068
385	1	148	068
4911	14	4117	068
135	1	137	068
1094	1	125	068
3148	11	3120	068
219	15	4973	068
280	1	283	069
1268	1	129	069
3843	14	3791	069
4905	14	3587	069
3477	14	3478	069
1373	1	953	069
4269	14	3781	069
677	1	148	069
2925	23	2996	069
5017	15	4973	069
5327	15	4973	070
1453	1	419	070
971	1	148	070
389	1	122	070
985	1	148	070
1235	1	122	070
1519	1	148	070
1230	1	122	070
8272	23	12515	070
609	1	419	070
431	1	189	070
3756	14	3495	071
5003	15	4973	071
9045	23	2982	071
146	1	122	071
979	1	125	071
5312	15	4973	071
807	1	148	071
570	1	125	071
5171	15	4973	071
4050	14	3791	071
805	1	129	071
1067	1	148	072
4402	14	3768	072
264	15	4973	072
570	1	125	072
1015	1	148	072
5212	15	4973	072
5233	15	4973	072
7570	23	12516	072
138	15	4973	072
1171	1	953	072
1654	1	917	072
1276	1	129	073
1047	1	148	073
609	1	419	073
1042	1	687	073
534	1	135	073
1421	1	125	073
465	1	125	073
1081	1	535	073
5219	15	4973	073
435	1	125	073
1565	1	148	073
5056	15	4973	073
644	1	125	073
1195	1	1142	073
813	1	148	073
997	1	129	074
1358	1	953	074
5219	15	4973	074
3038	23	3039	074
213	1	189	074
1045	1	125	074
1316	1	129	074
1372	1	953	074
655	1	419	074
5056	15	4973	074
534	1	135	074
3790	14	3791	074
1288	1	129	075
1373	1	953	075
5054	15	4973	075
1548	1	148	075
455	1	126	075
1169	1	953	075
5042	15	4973	075
1428	1	125	075
1541	1	148	076
3047	10	3017	076
2059	6	2061	076
1612	1	148	076
5242	15	4973	076
3225	23	2989	076
418	1	419	076
476	1	148	076
807	1	148	077
1656	1	639	077
5093	15	5094	077
8426	23	12511	077
5125	15	4973	077
313	1	148	077
1047	1	148	077
277	1	125	077
1540	1	148	077
5279	15	4973	077
5134	15	4973	078
377	1	125	078
3620	14	3423	078
1355	1	953	078
1160	1	1161	078
1325	1	129	078
988	15	4986	078
5224	15	4973	078
1585	1	148	078
5204	15	4973	078
998	1	148	079
1385	1	129	079
1194	1	953	079
967	1	125	079
1042	1	687	079
1208	1	953	079
1196	1	953	079
8272	23	12515	079
11316	22	9589	079
1153	1	953	079
5289	15	4973	080
209	1	148	080
79	1	1482	080
980	1	917	080
646	1	122	080
2447	23	12501	080
2059	6	2061	080
9294	23	12508	080
1552	1	99	080
961	1	148	080
1538	1	148	080
308	15	4973	080
1309	1	129	080
5233	15	4973	081
199	1	189	081
1519	1	148	081
1640	1	125	081
3066	23	2982	081
805	1	129	081
7570	23	12516	081
1219	1	122	082
1358	1	953	082
744	1	163	082
3843	14	3791	082
194	1	148	082
1612	1	148	082
1043	1	125	082
534	1	535	082
489	1	125	082
1663	1	129	082
8499	23	12511	082
3225	23	2989	082
1421	1	125	083
1271	1	129	083
1545	1	148	083
5125	15	4973	083
3790	14	4261	083
6100	23	12553	083
3225	23	2989	083
1453	1	419	083
5312	15	4973	083
5283	15	4973	083
1533	1	419	084
993	1	122	084
963	1	148	084
907	1	837	084
1219	1	122	084
971	1	148	084
1639	1	125	084
5171	15	4973	084
780	1	125	084
345	1	122	084
1527	1	125	084
5056	15	4973	084
4980	15	4973	084
4568	23	2946	085
146	1	123	085
7146	23	12532	085
1354	1	125	085
1425	1	122	085
1422	1	193	085
417	1	319	085
1385	1	1210	085
3848	14	3495	085
802	1	122	085
1406	1	1464	085
813	1	148	085
4074	14	3791	086
2373	23	12511	086
907	1	837	086
308	15	4973	086
3843	14	3791	086
5227	15	4973	086
1373	1	1142	086
1565	1	148	086
534	1	535	086
1147	1	1142	086
1309	1	1210	086
6100	23	12553	086
1045	1	126	086
1261	1	1210	086
1130	1	126	086
1548	1	148	086
8756	23	12511	086
424	15	4986	086
1190	1	1142	086
284	1	189	087
280	1	282	087
1463	15	4986	087
1463	1	1464	087
8756	23	12511	087
412	1	148	087
6938	23	12543	087
12552	23	12525	087
8692	23	12516	087
385	1	148	087
4721	14	3963	087
9236	23	12508	087
1381	1	1142	088
5338	15	4973	088
1180	1	1142	088
1385	1	1210	088
9045	23	2982	088
1047	1	148	088
4721	14	4480	088
308	15	4973	088
1270	1	1210	088
1406	15	4986	088
308	1	165	088
455	1	126	088
1415	1	148	088
147	1	148	088
5125	15	4973	089
5134	15	4973	089
7178	23	12511	089
1147	1	1142	089
1585	1	163	089
505	1	148	089
2808	9	2517	089
602	1	604	089
1310	1	1210	089
197	1	189	089
5211	15	4973	089
1273	1	1210	089
1237	1	1210	090
5140	15	4973	090
3620	14	3423	090
251	1	126	090
1426	1	535	090
6973	23	2996	090
1153	1	1142	090
993	1	123	090
4074	14	3791	091
965	1	148	091
1154	1	1142	091
4050	14	3791	091
1192	1	1142	091
1412	1	123	091
3790	14	4261	091
992	1	122	091
1286	1	1210	091
450	1	148	091
277	1	126	091
823	1	148	092
149	1	126	092
1199	1	1142	092
280	1	282	092
3122	11	3123	092
277	1	126	092
1517	1	148	092
418	1	419	092
1428	1	126	092
1067	1	148	092
2059	6	2060	092
5338	15	4973	092
1279	1	1210	093
4882	14	4103	093
280	1	281	093
1406	15	4986	093
5066	15	4973	093
677	1	148	093
398	1	148	093
5224	15	4973	093
8957	23	2922	093
199	1	189	093
211	1	189	093
541	1	282	094
1094	1	126	094
1406	1	1464	094
8756	23	12511	094
4547	14	3450	094
1154	1	1142	094
1501	1	148	094
1570	1	123	094
1256	1	1210	094
5098	15	4986	094
1130	1	126	094
3790	14	4261	094
195	1	189	094
308	15	4973	095
1083	1	123	095
345	1	123	095
305	1	148	095
1555	15	4973	095
2373	23	12511	095
1194	1	1142	095
1170	1	1142	095
655	1	419	095
134	1	126	095
8213	23	12526	095
5227	15	4973	095
1309	1	1210	095
5219	15	4973	095
5171	15	4973	095
643	1	126	095
5179	15	4973	095
5087	15	4973	095
1585	1	706	096
5304	15	4973	096
485	1	148	096
1499	1	123	096
1639	1	126	096
705	1	687	096
5023	15	4973	097
1665	1	126	097
5140	15	4973	097
2294	23	12511	097
434	1	123	097
3843	14	3791	097
1356	1	1142	097
11316	22	9589	097
5119	15	4985	097
7079	23	12511	097
1415	1	163	097
3066	23	2982	098
5361	15	4973	098
5200	15	4973	098
5224	15	4973	098
652	1	148	098
3057	23	2946	098
573	1	574	098
3843	14	3791	098
149	1	125	098
8272	23	12515	099
254	1	148	099
392	1	148	099
8529	23	2989	099
1358	1	1142	099
949	1	148	099
703	1	704	099
3809	14	3810	099
2945	10	2946	099
198	1	189	099
5288	15	4973	100
1067	1	148	100
1247	1	1210	100
993	1	123	100
957	1	126	100
4991	15	4973	101
3225	23	2989	101
534	1	535	101
705	1	687	101
1527	1	126	101
5082	15	4973	101
1470	1	135	101
854	1	535	101
9294	23	12508	101
1171	15	4973	101
806	1	123	101
1519	1	148	102
308	1	165	102
1382	1	1142	102
1566	1	148	102
4911	14	4117	102
4074	14	3791	102
1170	1	1142	102
1585	1	148	102
270	1	123	102
5171	15	4973	102
947	1	148	102
9227	23	12508	102
8272	23	12515	102
541	1	282	102
1236	1	1210	103
459	1	126	103
1235	1	1210	103
1130	1	126	103
231	1	123	103
1390	1	1210	103
1171	1	1142	103
5063	15	4973	103
280	1	282	103
9076	23	2968	104
1334	1	1210	104
3125	11	3118	104
386	1	148	104
721	1	123	104
5227	15	4973	104
638	1	639	104
534	1	535	104
947	1	163	104
5362	15	4973	104
7195	23	12531	104
1043	1	126	104
1081	1	135	104
282	1	696	105
1081	1	135	105
5240	15	4973	105
1147	1	1142	105
250	1	148	105
7570	23	12516	105
313	1	148	105
805	1	123	105
813	1	148	105
1255	1	1210	105
854	1	135	105
1236	1	1210	105
806	1	123	105
947	1	163	105
1033	1	1035	105
638	1	639	106
1208	1	1142	106
602	1	604	106
830	1	148	106
1271	1	1210	106
192	1	99	106
1143	1	1142	106
4673	14	3496	106
432	1	148	106
5304	15	4973	106
4997	15	4973	106
2717	9	2517	106
1042	1	687	106
992	1	122	106
2812	9	2517	107
5063	15	4973	107
2717	9	2517	107
1251	1	1210	107
213	1	189	107
1411	1	163	107
1160	1	1142	108
716	1	148	108
971	1	148	108
8272	23	12515	108
250	1	148	108
456	1	126	108
5256	15	4973	108
1094	15	4973	108
2077	6	2060	108
1219	1	1210	108
1413	1	123	108
5171	15	4973	108
1566	1	148	109
5130	15	4973	109
1348	1	1142	109
4980	15	4973	109
5227	15	4973	109
5098	15	4986	109
685	1	687	109
3125	11	3118	109
6129	23	12508	109
5006	15	4986	109
1501	1	148	109
5361	15	4973	109
4479	14	4480	110
1442	1	126	110
2265	23	2982	110
988	15	4986	110
6439	23	12515	110
1285	1	1210	110
455	1	126	110
3066	23	2982	110
1341	1	1142	110
146	1	123	110
1654	1	917	110
308	1	165	110
1576	1	419	111
836	1	837	111
197	1	189	111
1510	1	123	111
1338	1	1210	111
9236	23	12508	111
677	1	148	111
1337	1	1210	111
1094	15	4973	111
1576	1	419	112
1015	1	148	112
963	1	148	112
9680	22	9544	112
1261	1	1210	112
284	1	189	112
2916	9	2517	112
4654	14	3786	112
999	1	123	112
1147	1	1142	112
5223	15	4973	112
5212	15	4973	112
459	1	126	113
398	1	148	113
4110	14	3733	113
505	1	148	113
1521	1	148	113
5130	15	4973	113
1663	1	123	113
982	1	148	113
476	1	148	113
5134	15	4973	113
1411	1	163	113
1147	1	1142	113
744	1	163	113
1271	1	1210	113
8131	23	3030	113
9070	23	2982	113
1273	1	1210	114
2732	9	2733	114
1194	1	1142	114
1193	1	1142	114
1521	1	148	114
1047	1	148	114
1013	1	604	114
5082	15	4973	114
813	1	148	114
1585	1	148	114
1190	1	1142	114
455	1	126	114
5240	15	4973	114
9294	23	12508	115
5253	15	4973	115
7178	23	12511	115
6129	23	12508	115
1497	1	163	115
5361	15	4973	115
2688	9	2517	115
2732	12	3195	115
1237	1	1210	115
1081	1	535	115
1665	1	126	116
1043	1	126	116
5140	15	4973	116
3942	14	3696	116
946	1	163	116
1334	1	1210	116
5119	15	4985	116
1576	1	419	116
1422	1	193	116
1355	1	1142	116
1147	1	1142	116
134	1	126	117
3044	10	3045	117
1279	1	1210	117
1256	1	129	117
1047	1	148	117
1196	1	1142	117
1285	1	1210	117
1282	1	1210	117
5227	15	4973	117
780	1	126	117
6938	23	12543	117
318	1	319	117
352	15	4973	118
534	1	535	118
1334	1	1210	118
1214	1	1210	118
196	1	189	118
1666	1	126	118
1362	1	1142	118
1164	1	1142	118
1094	15	4973	118
4882	14	4103	118
5082	15	4973	118
1237	1	1210	118
475	1	148	119
280	1	282	119
1406	15	4986	119
5017	15	4973	119
318	1	319	119
1207	1	1142	119
1411	1	163	119
6129	23	12508	119
219	15	4973	119
147	1	148	119
198	1	189	119
830	1	148	119
145	1	123	119
1642	1	123	119
264	15	4973	119
980	1	917	119
1193	1	1142	119
1648	1	123	119
212	1	189	120
5346	15	4986	120
1650	1	123	120
8957	23	2922	120
5125	15	4973	120
1235	1	1210	120
4882	14	4103	121
5134	15	4973	121
5304	15	4973	121
1154	1	1142	121
1256	1	1210	121
573	1	574	121
4547	14	3450	121
1666	1	126	121
145	1	123	121
1356	1	1142	121
916	1	917	121
2265	23	2982	121
1078	1	123	121
5107	15	4973	122
5031	15	4973	122
1406	15	4986	122
149	1	126	122
8131	23	3030	122
135	1	137	122
1517	1	148	122
2447	23	12501	122
614	1	123	122
1540	1	148	122
1081	1	535	122
1199	1	1142	122
1641	1	148	123
9051	23	12508	123
1552	1	99	123
1338	1	1210	123
1421	1	126	123
7687	23	12511	123
5013	15	4973	123
947	1	123	123
1042	1	687	123
1555	15	4973	123
962	1	163	123
188	1	189	123
5256	15	4973	123
2161	6	2061	123
5063	15	4973	123
1045	1	126	123
390	1	163	123
1642	1	123	123
209	1	148	124
390	1	163	124
1666	1	126	124
628	1	148	124
1356	1	1142	124
1527	1	126	124
1544	1	148	124
6973	23	12501	124
2822	9	2529	124
1002	1	148	124
8760	23	12508	124
485	1	148	124
146	1	123	124
1067	1	148	124
1640	1	126	125
5170	15	4973	125
5212	15	4973	125
1533	1	419	125
703	1	704	125
1279	1	1210	125
2373	23	12511	125
5098	15	4986	125
5200	15	4973	125
5119	15	4985	126
1204	1	1142	126
1626	1	126	126
7079	23	12511	126
8957	23	2922	126
1195	1	1142	126
1164	1	1142	126
5087	15	4973	126
2732	9	2733	126
1288	1	1210	127
9070	23	2982	127
1377	1	1142	127
813	1	148	127
212	1	189	127
1566	1	148	127
5246	15	4973	127
4984	15	4986	127
6936	23	12511	127
2688	9	2517	127
280	1	281	127
5233	15	4973	127
1273	1	1210	127
1426	1	135	127
477	1	123	127
1406	15	4986	127
997	1	123	128
1649	1	148	128
8426	23	12511	128
2945	14	3623	128
1246	1	1210	128
655	1	419	128
5253	15	4973	128
744	1	163	128
5211	15	4973	128
3843	14	3791	128
5322	15	4986	128
954	1	604	128
145	1	123	128
505	1	148	128
9236	23	12508	128
11316	22	9589	128
1612	1	148	128
3038	23	3039	128
145	1	123	129
3122	11	3123	129
602	1	604	129
954	1	604	129
1288	1	1210	129
1382	1	1142	129
997	1	123	129
417	1	319	129
476	1	148	129
455	1	126	129
1470	1	135	129
1199	1	1142	129
1373	1	1142	130
1143	15	4973	130
456	1	126	130
5130	15	4973	130
5171	15	4973	130
1517	1	148	130
1377	1	1142	130
280	1	283	130
149	1	125	130
9236	23	12508	130
807	1	148	130
1259	1	1210	130
1253	1	1210	130
4963	17	4312	130
1421	1	126	131
1576	1	419	131
2828	9	2556	131
5312	15	4973	131
2717	9	2517	131
4980	15	4973	131
219	15	4973	131
250	1	148	131
1002	1	148	131
1081	1	535	132
195	1	189	132
8957	23	2922	132
1235	1	1210	132
1658	1	163	132
4889	14	3810	132
2916	9	2517	132
4442	14	4034	132
1540	1	148	132
1334	1	1210	132
254	1	148	133
8204	23	2989	133
308	1	165	133
9294	23	12508	133
1081	1	135	133
260	1	189	133
2615	9	2517	133
9390	23	12511	133
192	1	99	133
2732	14	4358	133
7079	23	12511	133
854	1	535	133
8499	23	12511	133
3057	23	2946	133
7570	23	12516	133
198	1	189	134
541	1	283	134
1171	1	953	134
1338	1	129	134
784	1	785	134
5362	15	4973	134
5226	15	4973	134
3066	23	2982	134
305	1	148	134
706	1	708	134
2632	9	2517	134
1178	1	953	134
3122	11	3123	134
1413	1	123	134
1194	1	1142	134
5098	15	4986	135
980	1	917	135
1519	1	148	135
1236	1	129	135
386	1	148	135
721	1	123	135
1555	1	123	135
3122	11	3123	135
55	1	58	135
2732	14	4358	135
9045	23	2982	135
313	1	148	136
5346	15	4986	136
807	1	148	136
5013	15	4973	136
1259	1	129	136
5023	15	4973	136
386	1	148	136
280	1	283	136
1422	1	193	136
947	1	123	136
1160	1	953	136
5224	15	4973	136
1300	1	129	136
254	1	148	136
456	1	125	137
5226	15	4973	137
5242	15	4973	137
5200	15	4973	137
5006	15	4986	137
505	1	148	137
4993	15	4973	137
4997	15	4973	137
962	1	163	137
806	1	123	137
3066	23	12524	137
1406	15	4986	137
1276	1	129	137
1246	1	129	137
1169	1	953	138
198	1	189	138
1406	15	4986	138
1180	1	953	138
308	1	165	138
1247	1	129	138
227	1	123	138
3900	14	3697	138
1533	1	419	138
5361	15	4973	138
211	1	189	138
79	1	1483	138
465	1	125	138
784	1	785	138
8957	23	2922	138
280	1	281	139
145	1	123	139
12345	22	11202	139
9051	23	12508	139
227	1	123	139
350	1	163	139
149	1	125	139
5134	15	4973	139
2516	9	2484	139
1282	1	129	139
1355	1	953	139
192	1	99	139
1337	1	1210	139
8006	23	2949	139
8272	23	12515	139
2688	9	2517	140
251	1	125	140
1153	1	953	140
9386	23	12511	140
1270	1	129	140
5082	15	4973	140
5288	15	4973	140
1237	1	129	140
92	1	93	140
227	1	123	140
1282	1	129	140
2867	9	2517	140
1170	1	953	140
916	1	917	140
1042	1	687	140
4905	14	3587	141
12345	22	11202	141
1516	15	4973	141
602	1	604	141
3943	14	3696	141
854	1	135	141
1356	1	953	141
5327	15	4973	141
92	1	93	141
1555	1	123	141
1160	1	1142	141
1565	1	148	141
7570	23	12516	141
8692	23	12516	141
992	1	122	142
3620	14	3423	142
1271	1	129	142
5041	15	4986	142
3135	11	3136	142
5233	15	4973	142
1902	23	3074	142
2867	9	2517	142
963	1	148	142
1354	1	953	142
5312	15	4973	142
1042	1	687	142
1612	1	148	143
149	1	125	143
11233	22	10458	143
385	1	148	143
11201	22	11202	143
5320	15	4973	143
1656	1	639	143
8559	17	6476	143
1130	1	125	143
1902	23	3074	143
213	1	189	143
5017	15	4973	143
1279	1	129	143
957	1	125	143
8930	17	5453	143
854	1	135	144
2605	9	2607	144
805	1	123	144
957	1	125	144
1094	1	125	144
1180	1	953	144
254	1	148	144
705	1	687	144
1381	1	953	144
541	1	282	144
1544	1	148	144
459	1	125	144
1548	1	148	144
249	1	148	144
1463	15	4986	144
1406	1	1464	144
4394	14	3791	144
4911	14	4117	145
1555	1	123	145
3790	14	4261	145
992	1	122	145
1345	1	953	145
5170	15	4973	145
3038	23	3039	145
4442	14	4034	145
1185	1	953	145
2723	9	2517	145
8957	23	2922	145
5299	15	4973	145
5680	22	9689	145
161	1	163	145
1518	1	123	145
1501	1	148	146
985	1	148	146
677	1	148	146
1256	1	129	146
1180	1	953	146
4997	15	4973	146
55	1	58	146
231	1	123	146
1519	1	148	146
2822	9	2529	146
1310	1	129	146
227	1	123	146
11065	22	10456	146
4899	14	3623	147
260	1	189	147
4991	15	4973	147
1325	1	129	147
5119	15	4985	147
802	1	123	147
1196	1	953	147
7178	23	12511	147
9076	23	2968	147
1300	1	129	147
2632	9	2517	148
6129	23	12508	148
1576	1	419	148
4048	14	3791	148
1574	1	970	148
1668	1	163	148
1499	1	123	148
5327	15	4973	148
1548	1	148	148
5040	15	4973	148
6439	23	12515	148
8213	23	12526	148
12552	23	12525	148
534	1	535	149
784	1	785	149
1385	1	129	149
7146	23	12532	149
4991	15	4973	149
2717	9	2517	149
982	1	148	149
4484	14	4367	149
1527	1	125	149
7178	23	12511	149
1325	1	129	149
4997	15	4973	149
1641	1	148	149
8499	23	12511	149
1247	1	129	150
213	1	189	150
1337	1	129	150
1372	1	953	150
1356	1	953	150
6439	23	2956	150
4547	14	3450	150
12016	22	9579	150
1224	1	129	150
4255	14	3422	150
932	1	148	150
7790	23	12511	150
6599	20	5722	150
7450	17	7451	150
264	15	4973	151
477	1	123	151
3620	14	3421	151
5340	15	4973	151
1548	1	148	151
1531	1	519	151
9076	23	2968	151
5063	15	4973	151
465	1	125	151
1167	1	953	151
4963	17	4312	151
4899	14	3623	151
7997	23	2982	152
1045	1	125	152
2265	23	2982	152
5125	15	4973	152
209	1	148	152
1194	1	953	152
1381	1	953	152
12100	22	9926	152
5346	15	4986	152
4899	14	3623	152
1422	1	193	152
8756	23	12511	153
282	1	696	153
138	15	4973	153
947	1	163	153
1570	1	123	153
1533	1	419	153
5013	15	4973	153
1658	1	163	153
398	1	148	153
1387	1	129	153
1373	1	953	153
240	1	123	154
1386	1	129	154
1555	15	4973	154
1341	1	1142	154
7570	23	12516	154
1411	1	163	154
1348	1	953	154
6938	23	12543	154
1545	1	148	154
1521	1	148	154
1138	1	125	155
398	1	148	155
390	1	163	155
1386	1	129	155
5224	15	4973	155
1334	1	129	155
424	15	4986	155
1626	1	125	155
164	1	165	155
1242	1	953	155
1278	1	1210	155
3790	14	3791	155
235	1	148	155
1387	1	129	156
2945	14	4034	156
1548	1	148	156
1386	1	129	156
5006	15	4986	156
2732	9	2733	156
1412	1	123	156
1273	1	129	156
2447	23	12501	157
4991	15	4973	157
4048	14	3791	157
1566	1	148	157
836	1	837	157
418	1	419	157
264	15	4973	157
541	1	283	157
5130	15	4973	157
2077	6	2060	158
1381	1	953	158
1078	1	123	158
8499	23	12511	158
1245	1	129	158
907	1	837	158
1345	1	953	158
1650	1	123	158
1253	1	129	158
1196	1	953	158
209	1	148	158
5125	15	4973	158
1648	1	123	158
1415	1	148	159
2688	9	2517	159
1167	1	953	159
5140	15	4973	159
1242	1	953	159
9390	23	12511	159
985	1	148	159
12158	22	9549	159
3962	14	3963	159
1099	1	148	159
1178	1	953	160
1353	1	129	160
8204	23	2989	160
1160	1	953	160
475	1	148	160
3122	11	3123	160
432	1	148	160
398	1	148	160
982	1	148	160
643	1	125	160
1382	1	953	160
3092	14	4384	160
1481	1	125	160
2717	9	2517	160
1199	1	953	160
1641	1	148	160
1481	1	125	161
2483	9	2484	161
5346	15	4986	161
947	1	123	161
386	1	148	161
8756	23	12511	161
209	1	148	161
7146	23	12532	161
1362	1	953	161
961	1	148	161
1501	1	148	161
8213	23	12526	161
1269	1	129	161
79	0	81	162
1042	18	409	162
1042	18	571	162
1042	18	979	162
1042	18	160	162
2424	8	2425	162
1042	18	435	162
135	18	1591	162
9144	18	9139	162
9144	18	9140	162
1042	18	377	162
1042	18	1050	162
1042	18	967	162
135	18	438	162
1042	18	876	162
9144	18	1031	162
2341	8	2340	162
1042	18	1051	162
9144	18	704	162
2340	8	2341	162
7018	19	1991	162
2925	19	1926	162
1042	18	1651	162
9144	18	9138	162
9144	18	708	162
135	18	1426	162
1042	18	567	162
2373	8	2374	162
1042	18	645	162
9144	18	1035	162
98	0	99	162
55	0	59	162
135	18	534	162
1042	18	297	162
9144	18	137	162
3024	19	9152	162
9144	18	696	162
9144	18	687	162
3218	19	948	162
9144	18	1041	162
1042	18	568	162
1042	18	644	162
55	0	59	162
9144	18	9137	162
9144	18	9136	162
1042	18	1441	162
4764	21	9462	162
135	18	1470	162
1042	18	1467	162
1042	18	489	162
1042	18	570	162
9162	19	948	162
135	18	2004	162
2310	19	1991	162
135	18	854	162
2309	8	2310	162
9144	18	1027	162
6195	19	1991	162
1042	18	1551	162
2445	8	2446	162
135	18	1081	162
2309	8	2310	163
1042	18	1050	163
9144	18	1041	163
135	18	854	163
2340	8	2341	163
135	18	1426	163
135	18	1081	163
135	18	1591	163
9144	18	1027	163
1042	18	876	163
1042	18	967	163
400	18	481	163
1042	18	567	163
135	18	534	163
9144	18	9139	163
9144	18	9136	163
9144	18	1031	163
2373	8	2374	163
4764	21	9462	163
1042	18	160	163
9144	18	704	163
9144	18	1035	163
9144	18	708	163
6195	19	1991	163
7018	19	1991	163
1042	18	571	163
9144	18	687	163
1042	18	570	163
1042	18	1441	163
2410	8	2409	163
9162	19	948	163
98	0	99	163
2925	19	1926	163
55	0	59	163
2445	8	2446	163
1042	18	568	163
1042	18	435	163
135	18	1470	163
9144	18	696	163
9144	18	9138	163
1042	18	979	163
2310	19	1991	163
1042	18	1467	163
3024	19	9152	163
2424	8	2425	163
2341	8	2340	163
9144	18	9137	163
1042	18	1651	163
2409	8	2410	163
55	0	59	163
9144	18	9140	163
9436	21	9437	163
135	18	2004	163
1042	18	1051	163
1042	18	489	163
135	18	438	163
1042	18	645	163
9144	18	137	163
1042	18	409	163
1042	18	297	163
1042	18	377	163
1042	18	1551	163
79	0	81	163
3218	19	948	163
1042	18	644	163
9144	18	704	164
9436	21	9437	164
9144	18	137	164
400	18	481	164
79	0	81	164
9144	18	708	164
2310	19	1991	164
135	18	1591	164
7018	19	1991	164
2409	8	2410	164
1042	18	967	164
9144	18	9137	164
9144	18	9138	164
1042	18	571	164
1042	18	644	164
9144	18	9136	164
135	18	854	164
1042	18	876	164
1042	18	1051	164
1042	18	1551	164
9144	18	1031	164
2424	8	2425	164
9144	18	1035	164
98	0	99	164
4764	21	9462	164
9144	18	9140	164
135	18	2004	164
9144	18	687	164
1042	18	377	164
1042	18	1050	164
55	0	59	164
2309	8	2310	164
135	18	1081	164
9144	18	9139	164
1042	18	297	164
1042	18	489	164
1042	18	1467	164
1042	18	1441	164
1042	18	160	164
9144	18	1027	164
1042	18	645	164
135	18	1470	164
1042	18	568	164
2410	8	2409	164
2340	8	2341	164
3024	19	9152	164
9144	18	1041	164
135	18	534	164
135	18	1426	164
135	18	438	164
9162	19	948	164
1042	18	979	164
6195	19	1991	164
2925	19	1926	164
1042	18	570	164
1042	18	567	164
1042	18	1651	164
2373	8	2374	164
9144	18	696	164
1042	18	435	164
2445	8	2446	164
55	0	59	164
3218	19	948	164
2341	8	2340	164
1042	18	409	164
1042	18	1651	165
9436	21	9437	165
2410	8	2409	165
2341	8	2340	165
1042	18	567	165
9144	18	9136	165
55	0	59	165
135	18	854	165
1042	18	967	165
135	18	1426	165
9144	18	137	165
135	18	1081	165
400	18	481	165
2310	19	1991	165
2409	8	2410	165
1042	18	409	165
9144	18	9139	165
2340	8	2341	165
9144	18	708	165
2424	8	2425	165
1042	18	160	165
9162	19	948	165
1042	18	876	165
2925	19	1926	165
2445	8	2446	165
135	18	1470	165
135	18	534	165
135	18	438	165
1042	18	570	165
1042	18	435	165
1042	18	489	165
98	0	99	165
1042	18	297	165
1042	18	979	165
1042	18	571	165
6195	19	1991	165
1042	18	1051	165
9144	18	9140	165
9144	18	9137	165
7018	19	1991	165
4764	21	9462	165
9144	18	696	165
1042	18	1050	165
55	0	59	165
1042	18	645	165
1042	18	1551	165
9144	18	1041	165
135	18	2004	165
9144	18	9138	165
79	0	81	165
3218	19	948	165
9144	18	687	165
2373	8	2374	165
1042	18	1467	165
1042	18	377	165
9144	18	704	165
1042	18	1441	165
9144	18	1027	165
135	18	1591	165
9144	18	1031	165
1042	18	568	165
1042	18	644	165
9144	18	1035	165
2398	8	2399	165
1042	18	1051	166
2310	19	1991	166
1042	18	644	166
9144	18	9138	166
1042	18	1467	166
9144	18	1031	166
135	18	534	166
135	18	1426	166
1042	18	377	166
9144	18	704	166
3024	19	9153	166
1042	18	435	166
1042	18	876	166
1042	18	297	166
9144	18	687	166
9144	18	1041	166
135	18	1591	166
3218	19	948	166
135	18	854	166
1042	18	571	166
400	18	3078	166
98	0	99	166
9144	18	9137	166
2409	8	2410	166
4764	21	9462	166
7018	19	1991	166
135	18	1081	166
135	18	2004	166
9436	21	9437	166
135	18	1470	166
1042	18	568	166
55	0	59	166
2373	8	2374	166
9144	18	696	166
9144	18	1035	166
6195	19	1991	166
1042	18	570	166
1042	18	1441	166
1042	18	489	166
55	0	59	166
9162	19	948	166
1042	18	979	166
135	18	438	166
1042	18	567	166
9144	18	708	166
9144	18	1027	166
1042	18	160	166
2340	8	2341	166
2445	8	2446	166
2925	19	1926	166
79	0	81	166
9144	18	9140	166
2424	8	2425	166
2398	8	2399	166
1042	18	1050	166
2410	8	2409	166
1042	18	1651	166
2341	8	2340	166
9144	18	9136	166
1042	18	645	166
1042	18	409	166
1042	18	1551	166
9144	18	9139	166
1042	18	967	166
400	18	481	166
9144	18	137	166
1042	18	489	167
1042	18	160	167
135	18	1426	167
3024	19	9153	167
1042	18	568	167
1042	18	967	167
7018	19	1991	167
1042	18	570	167
135	18	1470	167
1042	18	645	167
1042	18	1050	167
3218	19	948	167
4764	21	9462	167
400	18	481	167
2341	8	2340	167
400	18	3078	167
1042	18	644	167
1042	18	297	167
55	0	59	167
1042	18	1467	167
1042	18	1551	167
2373	8	2374	167
9436	21	9437	167
2424	8	2425	167
1042	18	876	167
2409	8	2410	167
9144	18	9139	167
9144	18	708	167
9144	18	137	167
1042	18	1651	167
135	18	2004	167
135	18	854	167
55	0	59	167
9144	18	696	167
135	18	1591	167
79	0	81	167
9144	18	9140	167
1042	18	435	167
9144	18	1041	167
9144	18	1031	167
135	18	438	167
9144	18	9137	167
9144	18	1027	167
9144	18	704	167
2925	19	1926	167
1042	18	979	167
1042	18	571	167
1042	18	377	167
9144	18	9138	167
1042	18	567	167
9144	18	687	167
2340	8	2341	167
98	0	99	167
6195	19	1991	167
2445	8	2446	167
1042	18	1441	167
135	18	1081	167
9144	18	9136	167
1042	18	1051	167
2310	19	1991	167
2410	8	2409	167
135	18	534	167
9144	18	1035	167
9162	19	948	167
1042	18	409	167
2445	8	2446	168
55	0	59	168
1042	18	1551	168
9144	18	704	168
7018	19	1991	168
135	18	1426	168
79	0	81	168
2410	8	2409	168
1042	18	377	168
9144	18	9137	168
1042	18	967	168
1042	18	409	168
1042	18	876	168
1042	18	297	168
2310	19	1991	168
2409	8	2410	168
400	18	481	168
135	18	438	168
1042	18	568	168
1042	18	160	168
9144	18	9138	168
135	18	534	168
98	0	99	168
1042	18	1441	168
1042	18	1467	168
9144	18	1031	168
2373	8	2374	168
9144	18	9136	168
9144	18	1035	168
2341	8	2340	168
2925	19	1926	168
9162	19	948	168
1042	18	1651	168
1042	18	979	168
135	18	2004	168
9144	18	137	168
135	18	854	168
4764	21	9462	168
9144	18	696	168
1042	18	489	168
1042	18	645	168
9144	18	1041	168
1042	18	570	168
9144	18	687	168
6195	19	1991	168
135	18	1470	168
1042	18	644	168
3024	19	9153	168
9144	18	9139	168
135	18	1081	168
2463	8	2464	168
3138	19	9157	168
1042	18	1050	168
9436	21	9437	168
55	0	59	168
9144	18	708	168
2340	8	2341	168
2424	8	2425	168
9144	18	9140	168
3218	19	948	168
135	18	1591	168
400	18	3078	168
1042	18	571	168
9144	18	1027	168
1042	18	435	168
1042	18	567	168
1042	18	1051	168
1042	18	1441	169
1042	18	409	169
9144	18	687	169
135	18	1426	169
135	18	1591	169
1042	18	967	169
135	18	1081	169
9144	18	708	169
135	18	1470	169
9144	18	9136	169
79	0	81	169
9144	18	9137	169
3218	19	948	169
9144	18	1031	169
1042	18	876	169
1042	18	1651	169
2463	8	2464	169
1042	18	979	169
135	18	2004	169
2341	8	2340	169
1042	18	160	169
9144	18	696	169
1042	18	644	169
9144	18	1027	169
2410	8	2409	169
400	18	481	169
9144	18	137	169
55	0	59	169
1042	18	568	169
1042	18	1051	169
9436	21	9437	169
1042	18	570	169
9144	18	9138	169
2373	8	2374	169
1042	18	435	169
1042	18	567	169
2310	19	1991	169
9144	18	1035	169
9144	18	9139	169
98	0	99	169
9144	18	9140	169
1042	18	1050	169
9144	18	704	169
1042	18	377	169
1042	18	645	169
1042	18	297	169
6195	19	1991	169
7018	19	1991	169
400	18	3078	169
135	18	854	169
2424	8	2425	169
4764	21	9462	169
9162	19	948	169
135	18	534	169
2445	8	2446	169
2340	8	2341	169
1042	18	571	169
1042	18	489	169
1042	18	1467	169
1042	18	1551	169
2925	19	1926	169
135	18	438	169
2409	8	2410	169
55	0	59	169
9144	18	1041	169
3138	19	9157	169
3138	19	9157	170
9144	18	9137	170
55	0	59	170
9144	18	1031	170
1042	18	1467	170
9144	18	9136	170
135	18	854	170
1042	18	568	170
9144	18	708	170
4392	21	9468	170
1042	18	570	170
9144	18	696	170
2409	8	2410	170
400	18	3078	170
2445	8	2446	170
2341	8	2340	170
1042	18	489	170
9162	19	948	170
1042	18	297	170
400	18	481	170
1042	18	876	170
2363	8	2364	170
1042	18	409	170
9144	18	9140	170
135	18	1081	170
2340	8	2341	170
1042	18	644	170
9144	18	687	170
2373	8	2374	170
7018	19	1991	170
9144	18	704	170
2463	8	2464	170
1042	18	1651	170
1042	18	979	170
1042	18	645	170
1042	18	967	170
135	18	1591	170
2424	8	2425	170
1042	18	1551	170
9144	18	1035	170
9144	18	1041	170
55	0	59	170
9144	18	9139	170
135	18	1426	170
3218	19	948	170
1042	18	435	170
2364	8	2363	170
98	0	99	170
9144	18	137	170
2410	8	2409	170
1042	18	1051	170
1042	18	1050	170
135	18	1470	170
135	18	438	170
9144	18	9138	170
1042	18	571	170
2310	19	1991	170
79	0	81	170
9436	21	9437	170
1042	18	1441	170
6195	19	1991	170
1042	18	567	170
1042	18	160	170
2925	19	1926	170
4764	21	9462	170
9144	18	1027	170
1042	18	377	170
135	18	2004	170
135	18	534	170
9144	18	704	171
1042	18	489	171
135	18	534	171
1042	18	979	171
1042	18	1467	171
1042	18	567	171
135	18	1426	171
2389	8	2341	171
135	18	438	171
9436	21	9437	171
135	18	854	171
1042	18	1051	171
2341	8	2389	171
2463	8	2464	171
1042	18	377	171
9144	18	708	171
1042	18	876	171
3218	19	948	171
1042	18	409	171
1042	18	160	171
2363	8	2364	171
3024	19	9153	171
2364	8	2363	171
9144	18	1031	171
1042	18	644	171
55	0	59	171
7018	19	1991	171
9144	18	1041	171
2341	8	2340	171
98	0	99	171
9144	18	9140	171
135	18	1081	171
2925	19	1926	171
2310	19	1991	171
1042	18	967	171
9144	18	9138	171
400	18	481	171
1042	18	1050	171
1042	18	571	171
135	18	2004	171
2445	8	2446	171
1042	18	1441	171
1042	18	570	171
9144	18	696	171
2410	8	2409	171
135	18	1591	171
1042	18	297	171
9144	18	9137	171
1042	18	1551	171
1042	18	435	171
1042	18	568	171
3138	19	9157	171
9144	18	1035	171
9144	18	9136	171
1042	18	1651	171
9144	18	9139	171
2409	8	2410	171
1042	18	645	171
9144	18	1027	171
400	18	3078	171
9144	18	687	171
55	0	59	171
2373	8	2374	171
4764	21	9462	171
9162	19	948	171
2424	8	2425	171
6195	19	1991	171
2340	8	2341	171
135	18	1470	171
79	0	81	171
9144	18	137	171
3024	19	9153	172
2363	8	2364	172
98	0	99	172
2364	8	2363	172
1042	18	1050	172
6195	19	1991	172
1042	18	1441	172
9144	18	9138	172
1042	18	1651	172
1042	18	568	172
135	18	534	172
2445	8	2446	172
9144	18	9139	172
2410	8	2409	172
400	18	3078	172
2424	8	2425	172
135	18	854	172
9144	18	1041	172
2341	8	2389	172
1042	18	876	172
9144	18	687	172
135	18	1426	172
9144	18	696	172
9144	18	9137	172
2463	8	2464	172
7018	19	1991	172
135	18	1591	172
9144	18	137	172
135	18	438	172
1042	18	979	172
9144	18	9140	172
1042	18	409	172
9144	18	1031	172
1042	18	571	172
79	0	81	172
9144	18	9136	172
1042	18	297	172
1042	18	645	172
1042	18	160	172
3218	19	948	172
135	18	1081	172
4764	21	9462	172
1042	18	1051	172
1042	18	1551	172
135	18	2004	172
2409	8	2410	172
9162	19	948	172
9436	21	9437	172
9144	18	704	172
2925	19	1926	172
1042	18	644	172
2310	19	1991	172
1042	18	967	172
9144	18	1027	172
9144	18	708	172
2389	8	2341	172
2373	8	2374	172
400	18	481	172
1042	18	377	172
55	0	59	172
1042	18	489	172
3138	19	9157	172
1042	18	567	172
135	18	1470	172
9144	18	1035	172
1042	18	1467	172
55	0	59	172
1042	18	570	172
1042	18	435	172
9144	18	1027	173
9144	18	1035	173
2373	8	2374	173
1042	18	979	173
135	18	438	173
135	18	2004	173
2410	8	2409	173
9144	18	687	173
1042	18	570	173
135	18	1591	173
135	18	534	173
9144	18	696	173
9144	18	137	173
9144	18	708	173
400	18	3078	173
4764	21	9462	173
1042	18	645	173
1042	18	297	173
9436	21	9437	173
1042	18	1441	173
2445	8	2446	173
135	18	1081	173
1042	18	435	173
3138	19	9157	173
9144	18	9139	173
2389	8	2341	173
1042	18	876	173
55	0	59	173
2364	8	2363	173
2424	8	2425	173
400	18	481	173
1042	18	377	173
1042	18	567	173
98	0	99	173
9144	18	704	173
9144	18	1031	173
135	18	1426	173
2341	8	2389	173
6195	19	1991	173
1042	18	409	173
3218	19	948	173
9144	18	9136	173
1042	18	160	173
9144	18	9138	173
7018	19	1991	173
9144	18	1041	173
1042	18	967	173
79	0	81	173
9144	18	9140	173
9531	21	9451	173
9162	19	948	173
2463	8	2464	173
2363	8	2364	173
135	18	1470	173
1042	18	1050	173
1042	18	568	173
1042	18	1651	173
55	0	59	173
2925	19	1926	173
9144	18	9137	173
135	18	854	173
1042	18	644	173
1042	18	1467	173
2310	19	1991	173
1042	18	489	173
3024	19	9153	173
1042	18	1551	173
1042	18	1051	173
2409	8	2410	173
1042	18	571	173
2287	8	2286	174
79	0	81	174
1042	18	567	174
135	18	1081	174
1042	18	1467	174
3138	19	9157	174
7018	19	1991	174
9144	18	9137	174
9144	18	704	174
135	18	1470	174
98	0	99	174
9144	18	687	174
9144	18	9138	174
9144	18	708	174
1042	18	967	174
135	18	1591	174
1042	18	568	174
1042	18	489	174
9144	18	1041	174
400	18	3078	174
135	18	1426	174
9144	18	137	174
3024	19	9153	174
1042	18	409	174
1042	18	1441	174
55	0	59	174
2310	19	1991	174
1042	18	297	174
1042	18	979	174
1042	18	571	174
9144	18	1035	174
1042	18	1051	174
9436	21	9437	174
1042	18	1551	174
2286	8	2287	174
2424	8	2425	174
1042	18	876	174
3218	19	948	174
9144	18	696	174
9144	18	9139	174
2363	8	2364	174
1042	18	645	174
1042	18	377	174
1042	18	644	174
6195	19	1991	174
1042	18	160	174
2364	8	2363	174
2463	8	2464	174
2925	19	1926	174
1042	18	1651	174
9144	18	9136	174
55	0	59	174
9144	18	1027	174
1042	18	435	174
9144	18	9140	174
1042	18	1050	174
2409	8	2410	174
400	18	481	174
135	18	854	174
4764	21	9462	174
9144	18	1031	174
2410	8	2409	174
2373	8	2374	174
135	18	534	174
2445	8	2446	174
9162	19	948	174
135	18	2004	174
1042	18	570	174
135	18	438	174
2310	19	1991	175
1042	18	876	175
3024	19	9153	175
135	18	438	175
3218	19	948	175
2463	8	2464	175
9144	18	9138	175
1042	18	1651	175
1042	18	568	175
135	18	534	175
6195	19	1991	175
135	18	1470	175
1042	18	489	175
9436	21	9437	175
2925	19	1926	175
135	18	1591	175
1042	18	377	175
1042	18	571	175
1042	18	1441	175
1042	18	435	175
4764	21	9462	175
400	18	481	175
135	18	2004	175
9144	18	1041	175
2286	8	2287	175
2363	8	2364	175
400	18	3078	175
55	0	59	175
135	18	854	175
2287	8	2286	175
1042	18	297	175
3138	19	9157	175
9144	18	708	175
55	0	59	175
1042	18	160	175
7018	19	1991	175
9531	21	9457	175
2445	8	2446	175
9144	18	9137	175
9144	18	9139	175
135	18	1081	175
9144	18	696	175
98	0	99	175
2373	8	2374	175
9144	18	1031	175
1042	18	409	175
79	0	81	175
2364	8	2363	175
135	18	1426	175
2409	8	2410	175
1042	18	567	175
9144	18	9136	175
1042	18	1050	175
9144	18	137	175
9144	18	704	175
9144	18	1027	175
1042	18	644	175
1042	18	967	175
2410	8	2409	175
9144	18	687	175
9144	18	1035	175
2424	8	2425	175
9144	18	9140	175
1042	18	1551	175
1042	18	1051	175
1042	18	1467	175
1042	18	979	175
9162	19	948	175
1042	18	645	175
1042	18	570	175
1042	18	570	176
1042	18	568	176
1042	18	876	176
7018	19	1991	176
1042	18	571	176
2286	8	2287	176
9144	18	704	176
135	18	534	176
2364	8	2363	176
9144	18	1027	176
2287	8	2286	176
400	18	3078	176
1042	18	1441	176
9144	18	9140	176
9144	18	9138	176
9162	19	948	176
4764	21	9462	176
9144	18	9139	176
1042	18	1050	176
2925	19	1926	176
1042	18	967	176
9144	18	1031	176
9144	18	687	176
1042	18	297	176
135	18	2004	176
79	0	81	176
3138	19	9157	176
1042	18	644	176
135	18	854	176
1042	18	160	176
1042	18	1551	176
9144	18	9136	176
135	18	1470	176
9436	21	9437	176
9144	18	9137	176
2310	19	1991	176
55	0	59	176
2424	8	2425	176
1042	18	979	176
2445	8	2446	176
1042	18	435	176
135	18	1081	176
1042	18	645	176
135	18	1426	176
98	0	99	176
3218	19	948	176
1042	18	1051	176
9144	18	708	176
9144	18	137	176
6195	19	1991	176
2463	8	2464	176
1042	18	1651	176
135	18	438	176
135	18	1591	176
1042	18	409	176
2373	8	2374	176
2409	8	2410	176
1042	18	1467	176
2410	8	2409	176
1042	18	377	176
2363	8	2364	176
1042	18	567	176
9144	18	1041	176
9432	21	9461	176
400	18	481	176
1042	18	489	176
9144	18	696	176
9144	18	1035	176
55	0	59	176
9144	18	1027	177
2445	8	2446	177
135	18	534	177
2424	8	2425	177
1042	18	297	177
98	0	99	177
400	18	3078	177
1042	18	979	177
9144	18	9137	177
1042	18	644	177
1042	18	489	177
4764	21	9462	177
1042	18	967	177
2463	8	2464	177
9144	18	704	177
7018	19	1991	177
9144	18	1035	177
2310	19	1991	177
1042	18	1051	177
1042	18	1651	177
1042	18	1441	177
9144	18	9140	177
3218	19	948	177
135	18	2004	177
3138	19	9157	177
1042	18	1467	177
135	18	854	177
1042	18	571	177
135	18	1591	177
1042	18	567	177
9144	18	687	177
9144	18	1041	177
9144	18	696	177
9144	18	137	177
1042	18	570	177
1042	18	1050	177
135	18	1081	177
1042	18	409	177
2925	19	1926	177
1042	18	377	177
1042	18	160	177
9436	21	9437	177
1042	18	1551	177
2286	8	2287	177
9162	19	948	177
1042	18	876	177
135	18	1426	177
1042	18	568	177
1042	18	645	177
9144	18	9138	177
400	18	481	177
55	0	59	177
9144	18	708	177
55	0	59	177
135	18	438	177
3840	21	9468	177
2373	8	2374	177
135	18	1470	177
6195	19	1991	177
79	0	81	177
9144	18	1031	177
2287	8	2286	177
9144	18	9139	177
9144	18	9136	177
1042	18	435	177
55	0	59	178
1042	18	1441	178
1042	18	876	178
9144	18	1041	178
1042	18	567	178
2287	8	2286	178
9144	18	704	178
2463	8	2464	178
1042	18	297	178
2310	19	1991	178
135	18	2004	178
2925	19	1926	178
1042	18	409	178
2424	8	2425	178
9144	18	9136	178
400	18	481	178
2286	8	2287	178
9144	18	9137	178
1042	18	435	178
3218	19	948	178
98	0	99	178
9144	18	9139	178
135	18	534	178
400	18	3078	178
1042	18	489	178
1042	18	1467	178
1042	18	644	178
1042	18	1051	178
135	18	1426	178
9144	18	137	178
7018	19	1991	178
2445	8	2446	178
1042	18	568	178
135	18	1081	178
1042	18	160	178
135	18	854	178
9144	18	708	178
9144	18	687	178
1042	18	1651	178
9144	18	1031	178
55	0	59	178
1042	18	1050	178
9144	18	696	178
9144	18	1027	178
9144	18	9140	178
9144	18	9138	178
4764	21	9462	178
1042	18	1551	178
135	18	1591	178
9162	19	948	178
1042	18	377	178
9144	18	1035	178
1042	18	979	178
1042	18	571	178
1042	18	570	178
1042	18	967	178
79	0	81	178
3138	19	9157	178
135	18	438	178
6400	19	9159	178
1042	18	645	178
6195	19	1991	178
2373	8	2374	178
135	18	1470	178
9436	21	9437	178
9144	18	687	179
9144	18	9140	179
9144	18	1027	179
1042	18	876	179
135	18	2004	179
3138	19	9157	179
1042	18	489	179
9144	18	704	179
3218	19	948	179
135	18	438	179
9144	18	1031	179
135	18	1081	179
6195	19	1991	179
9162	19	948	179
55	0	59	179
1042	18	645	179
1042	18	377	179
9144	18	1041	179
9144	18	9138	179
1042	18	1051	179
135	18	1470	179
9144	18	9136	179
1042	18	567	179
2463	8	2464	179
9144	18	708	179
1042	18	570	179
2424	8	2425	179
1042	18	297	179
55	0	59	179
9144	18	696	179
1042	18	568	179
135	18	1591	179
9144	18	9137	179
1042	18	571	179
9436	21	9437	179
1042	18	1467	179
2286	8	2287	179
79	0	81	179
1042	18	1651	179
135	18	534	179
2310	19	1991	179
9144	18	1035	179
1042	18	160	179
135	18	1426	179
2373	8	2374	179
1042	18	409	179
4764	21	9462	179
400	18	3078	179
6400	19	9159	179
2287	8	2286	179
2445	8	2446	179
1042	18	979	179
1042	18	435	179
135	18	854	179
9144	18	9139	179
1042	18	967	179
1042	18	1050	179
400	18	481	179
1042	18	644	179
9144	18	137	179
1042	18	1441	179
7018	19	1991	179
2925	19	1926	179
98	0	99	179
1042	18	1551	179
9144	18	1041	180
1042	18	1050	180
79	0	81	180
6400	19	9159	180
1042	18	297	180
3218	19	948	180
135	18	854	180
400	18	3078	180
135	18	1470	180
9144	18	9136	180
2400	8	2401	180
9144	18	1031	180
2445	8	2446	180
1042	18	568	180
2326	8	2327	180
1042	18	1551	180
1042	18	377	180
1042	18	160	180
135	18	1591	180
2310	19	1991	180
55	0	59	180
9144	18	1035	180
9144	18	1027	180
1042	18	1467	180
9144	18	9138	180
9144	18	9137	180
400	18	481	180
3138	19	9157	180
1042	18	489	180
1042	18	644	180
9144	18	708	180
1042	18	567	180
9144	18	704	180
1042	18	645	180
2373	8	2374	180
1042	18	1651	180
9144	18	696	180
1042	18	876	180
1042	18	979	180
1042	18	435	180
9144	18	687	180
2463	8	2464	180
4764	21	9462	180
1042	18	570	180
1042	18	571	180
9144	18	9139	180
1042	18	967	180
2925	19	1926	180
9162	19	948	180
1042	18	409	180
6195	19	1991	180
135	18	1426	180
1042	18	1051	180
9436	21	9437	180
98	0	99	180
135	18	1081	180
2424	8	2425	180
135	18	438	180
7018	19	1991	180
55	0	59	180
135	18	2004	180
9144	18	9140	180
2286	8	2287	180
135	18	534	180
2327	8	2326	180
9144	18	137	180
1042	18	1441	180
2287	8	2286	180
135	18	438	181
135	18	854	181
400	18	3078	181
2373	8	2374	181
3138	19	9157	181
1042	18	645	181
2326	8	2327	181
9144	18	9136	181
1042	18	377	181
1042	18	570	181
135	18	9134	181
1042	18	1051	181
1042	18	297	181
9144	18	687	181
2327	8	2326	181
98	0	99	181
7018	19	1991	181
9144	18	9138	181
135	18	602	181
9144	18	708	181
135	18	9131	181
135	18	9135	181
9144	18	1031	181
1042	18	1551	181
1042	18	644	181
2277	8	2278	181
9144	18	9137	181
135	18	1468	181
1042	18	1467	181
2278	8	2277	181
2463	8	2464	181
2925	19	1926	181
9436	21	9437	181
55	0	59	181
55	0	59	181
1042	18	435	181
1042	18	967	181
9162	19	948	181
1042	18	1651	181
2400	8	2401	181
1042	18	876	181
9144	18	696	181
135	18	1014	181
1042	18	979	181
9144	18	1027	181
6195	19	1991	181
9144	18	9139	181
1042	18	1441	181
135	18	9132	181
2287	8	2286	181
2424	8	2425	181
2310	19	1991	181
135	18	1013	181
2445	8	2446	181
135	18	9130	181
1042	18	567	181
135	18	534	181
9144	18	9140	181
4764	21	9462	181
135	18	1591	181
79	0	81	181
135	18	954	181
400	18	481	181
2286	8	2287	181
1042	18	571	181
1042	18	409	181
4147	19	1935	181
1042	18	568	181
3218	19	948	181
1042	18	1050	181
9144	18	137	181
9144	18	704	181
135	18	2004	181
1042	18	160	181
9144	18	1035	181
135	18	1081	181
135	18	1426	181
135	18	9133	181
1042	18	489	181
9144	18	1041	181
135	18	1470	181
6400	19	9159	181
1042	18	979	182
9144	18	1035	182
1042	18	568	182
2327	8	2326	182
135	18	1470	182
2277	8	2278	182
135	18	602	182
135	18	9135	182
55	0	59	182
9144	18	9136	182
1042	18	489	182
1042	18	645	182
135	18	1468	182
135	18	854	182
135	18	534	182
9144	18	1031	182
98	0	99	182
1042	18	1467	182
2326	8	2327	182
1042	18	160	182
1042	18	1051	182
9144	18	696	182
7018	19	1991	182
135	18	9130	182
1042	18	967	182
9162	19	948	182
1042	18	571	182
9144	18	9137	182
1042	18	1441	182
1042	18	297	182
400	18	481	182
4764	21	9462	182
2445	8	2446	182
9144	18	1027	182
135	18	1591	182
2373	8	2374	182
135	18	9131	182
135	18	1426	182
9144	18	9140	182
1042	18	876	182
2287	8	2286	182
9144	18	687	182
1042	18	570	182
135	18	438	182
1042	18	377	182
2925	19	1926	182
1042	18	1651	182
9144	18	9138	182
2310	19	1991	182
135	18	1014	182
9144	18	137	182
1042	18	435	182
4147	19	1935	182
400	18	3078	182
9144	18	9139	182
1042	18	644	182
2400	8	2401	182
135	18	9134	182
79	0	81	182
1042	18	1551	182
1042	18	567	182
2424	8	2425	182
9144	18	1041	182
135	18	1081	182
6195	19	1991	182
135	18	9133	182
135	18	954	182
1042	18	1050	182
1042	18	409	182
6400	19	9159	182
9144	18	708	182
9436	21	9437	182
135	18	9132	182
3138	19	9157	182
3218	19	948	182
135	18	1013	182
55	0	59	182
2278	8	2277	182
2463	8	2464	182
9531	21	9442	182
135	18	2004	182
2286	8	2287	182
9144	18	704	182
2326	8	2327	183
135	18	9132	183
1042	18	568	183
1042	18	645	183
135	18	854	183
9144	18	1035	183
135	18	438	183
135	18	1014	183
1042	18	570	183
2424	8	2425	183
135	18	602	183
135	18	1426	183
9144	18	696	183
400	18	481	183
2445	8	2446	183
135	18	9133	183
79	0	81	183
2310	19	1991	183
9144	18	704	183
1042	18	1051	183
1042	18	1441	183
1042	18	1467	183
9144	18	9140	183
6400	19	9159	183
2349	8	2348	183
4764	21	9462	183
2463	8	2464	183
1042	18	567	183
9144	18	687	183
1042	18	1651	183
55	0	59	183
9144	18	9136	183
135	18	9131	183
9144	18	1031	183
1042	18	1551	183
9162	19	948	183
9436	21	9437	183
135	18	534	183
135	18	9130	183
1042	18	967	183
2327	8	2326	183
135	18	9135	183
98	0	99	183
1042	18	409	183
9144	18	9139	183
135	18	2004	183
9144	18	9137	183
1042	18	435	183
4147	19	1935	183
1042	18	377	183
1042	18	297	183
1042	18	644	183
2277	8	2278	183
1042	18	1050	183
2287	8	2286	183
1042	18	571	183
2925	19	1926	183
9144	18	137	183
2400	8	2401	183
135	18	1013	183
135	18	9134	183
55	0	59	183
6195	19	1991	183
1042	18	160	183
1042	18	876	183
2286	8	2287	183
135	18	954	183
3218	19	948	183
2278	8	2277	183
400	18	3078	183
1042	18	979	183
9144	18	1041	183
7018	19	1991	183
9144	18	1027	183
2373	8	2374	183
9144	18	9138	183
2348	8	2349	183
1042	18	489	183
9144	18	708	183
135	18	1591	183
135	18	1081	183
135	18	1470	183
135	18	1468	183
9144	18	696	184
7018	19	1991	184
2310	19	1991	184
2925	19	1926	184
1042	18	967	184
9144	18	1031	184
1042	18	297	184
2424	8	2425	184
2287	8	2286	184
9144	18	1041	184
1042	18	1551	184
2277	8	2278	184
2400	8	2401	184
1042	18	435	184
1042	18	1050	184
55	0	59	184
2327	8	2326	184
135	18	9133	184
135	18	9135	184
1042	18	979	184
135	18	854	184
2445	8	2446	184
135	18	9132	184
135	18	1470	184
2463	8	2464	184
1042	18	876	184
135	18	1014	184
1042	18	377	184
6400	19	9159	184
135	18	438	184
4147	19	1935	184
135	18	534	184
2326	8	2327	184
135	18	9131	184
6195	19	1991	184
135	18	9130	184
1042	18	645	184
1042	18	1651	184
2278	8	2277	184
135	18	9134	184
9144	18	708	184
135	18	602	184
2286	8	2287	184
1042	18	409	184
9515	21	9451	184
1042	18	568	184
135	18	954	184
135	18	1591	184
2348	8	2349	184
9144	18	687	184
9144	18	9138	184
1042	18	1051	184
98	0	99	184
1042	18	571	184
9144	18	9136	184
9144	18	137	184
1042	18	160	184
3218	19	948	184
9144	18	9139	184
135	18	1081	184
400	18	3078	184
9144	18	9137	184
400	18	481	184
9162	19	948	184
4764	21	9462	184
9144	18	1035	184
9144	18	9140	184
79	0	81	184
1042	18	644	184
2349	8	2348	184
55	0	59	184
9144	18	704	184
1042	18	1441	184
135	18	1426	184
135	18	2004	184
135	18	1468	184
1042	18	570	184
1042	18	1467	184
9522	21	9451	184
9144	18	1027	184
1042	18	567	184
2373	8	2374	184
9436	21	9437	184
1042	18	489	184
135	18	1013	184
1042	18	1467	185
135	18	1013	185
7018	19	1991	185
1042	18	1050	185
9144	18	1031	185
135	18	1426	185
135	18	1081	185
9144	18	704	185
55	0	59	185
1042	18	489	185
135	18	1468	185
9144	18	696	185
1042	18	567	185
400	18	3078	185
1042	18	1651	185
98	0	99	185
135	18	602	185
2310	19	1991	185
135	18	9134	185
2349	8	2348	185
1042	18	409	185
1042	18	979	185
135	18	9132	185
135	18	854	185
135	18	954	185
2463	8	2464	185
135	18	2004	185
1042	18	570	185
135	18	9130	185
9144	18	9139	185
1042	18	967	185
400	18	481	185
2277	8	2278	185
1042	18	377	185
2327	8	2326	185
135	18	1014	185
1042	18	297	185
1042	18	644	185
6195	19	1991	185
1042	18	1051	185
2373	8	2374	185
135	18	1591	185
6400	19	9159	185
1042	18	160	185
135	18	534	185
9144	18	9136	185
79	0	81	185
9144	18	1027	185
135	18	438	185
9436	21	9437	185
3218	19	948	185
2424	8	2425	185
2348	8	2349	185
9144	18	1041	185
9144	18	137	185
2326	8	2327	185
55	0	59	185
9144	18	9138	185
4764	21	9462	185
9144	18	687	185
135	18	9135	185
2278	8	2277	185
1042	18	645	185
1042	18	568	185
1042	18	1441	185
1042	18	571	185
4147	19	1935	185
9144	18	1035	185
135	18	9131	185
2400	8	2401	185
135	18	9133	185
2287	8	2286	185
1042	18	876	185
9162	19	948	185
2445	8	2446	185
9144	18	9137	185
1042	18	435	185
9144	18	9140	185
2286	8	2287	185
135	18	1470	185
2925	19	1926	185
9144	18	708	185
1042	18	1551	185
6400	19	9159	186
3024	19	1992	186
2349	8	2348	186
9144	18	9137	186
400	18	481	186
135	18	1470	186
2373	8	2374	186
1042	18	1467	186
9144	18	1035	186
135	18	9130	186
2326	8	2327	186
2278	8	2277	186
135	18	1081	186
6195	19	1991	186
9144	18	9136	186
1042	18	967	186
135	18	2004	186
2277	8	2278	186
9144	18	137	186
135	18	1014	186
4147	19	1935	186
2424	8	2425	186
1042	18	645	186
1042	18	297	186
9144	18	708	186
135	18	602	186
2327	8	2326	186
1042	18	876	186
7018	19	1991	186
4764	21	9462	186
9144	18	1041	186
1042	18	644	186
1042	18	489	186
2348	8	2349	186
2414	8	2415	186
9144	18	687	186
9144	18	9140	186
135	18	9135	186
98	0	99	186
1042	18	979	186
55	0	59	186
1042	18	1051	186
9144	18	696	186
135	18	1591	186
9162	19	948	186
2286	8	2287	186
135	18	854	186
1042	18	1050	186
1042	18	568	186
1042	18	567	186
9144	18	1027	186
1042	18	571	186
1042	18	409	186
2445	8	2446	186
2925	19	1926	186
2287	8	2286	186
2310	19	1991	186
1042	18	1441	186
9144	18	1031	186
1042	18	1551	186
9436	21	9437	186
135	18	1426	186
135	18	9134	186
135	18	438	186
55	0	59	186
135	18	1013	186
135	18	9131	186
1042	18	160	186
9144	18	9139	186
135	18	954	186
9144	18	9138	186
2400	8	2401	186
135	18	1468	186
135	18	9133	186
9144	18	704	186
1042	18	1651	186
1042	18	377	186
1042	18	570	186
135	18	9132	186
3218	19	948	186
9522	21	9457	186
1042	18	435	186
400	18	3078	186
79	0	81	186
135	18	534	186
2463	8	2464	186
135	18	1470	187
98	0	99	187
1042	18	645	187
9162	19	948	187
9144	18	1041	187
2287	8	2286	187
4147	19	1935	187
135	18	9130	187
1042	18	876	187
9144	18	137	187
6195	19	1991	187
7018	19	1991	187
3024	19	1992	187
2348	8	2349	187
135	18	438	187
9144	18	687	187
1042	18	568	187
2327	8	2326	187
1042	18	570	187
55	0	59	187
135	18	534	187
1042	18	567	187
135	18	1468	187
1042	18	409	187
135	18	9133	187
9144	18	9136	187
2424	8	2425	187
2414	8	2415	187
9144	18	696	187
4764	21	9462	187
2400	8	2401	187
135	18	2004	187
9144	18	708	187
2286	8	2287	187
400	18	481	187
1042	18	1467	187
2349	8	2348	187
3218	19	948	187
1042	18	644	187
1042	18	1051	187
135	18	9131	187
9144	18	9140	187
2310	19	1991	187
1042	18	1651	187
1042	18	1551	187
2463	8	2464	187
1042	18	377	187
2445	8	2446	187
135	18	954	187
55	0	59	187
79	0	81	187
2278	8	2277	187
1042	18	1050	187
2326	8	2327	187
135	18	1013	187
1042	18	979	187
135	18	9134	187
9144	18	9139	187
135	18	1081	187
9144	18	1035	187
1042	18	489	187
9144	18	704	187
135	18	1591	187
9144	18	1031	187
135	18	9132	187
1042	18	1441	187
135	18	854	187
9144	18	1027	187
135	18	1014	187
400	18	3078	187
1042	18	967	187
2277	8	2278	187
9144	18	9137	187
1042	18	435	187
1042	18	297	187
1042	18	160	187
135	18	9135	187
9144	18	9138	187
135	18	1426	187
9436	21	9437	187
2925	19	1926	187
6400	19	9159	187
2373	8	2374	187
135	18	602	187
1042	18	571	187
9144	18	9138	188
135	18	1426	188
9144	18	704	188
135	18	1591	188
98	0	99	188
1042	18	967	188
1042	18	645	188
1042	18	1051	188
9144	18	1041	188
1042	18	571	188
1042	18	570	188
1042	18	1050	188
2310	19	1991	188
135	18	1470	188
135	18	1014	188
1042	18	567	188
1042	18	644	188
135	18	954	188
1042	18	377	188
9144	18	1035	188
9144	18	687	188
2463	8	2464	188
55	0	59	188
9144	18	137	188
9144	18	1031	188
2327	8	2326	188
1042	18	1551	188
135	18	9132	188
9144	18	9136	188
1042	18	1467	188
2414	8	2415	188
2326	8	2327	188
2925	19	1926	188
9162	19	948	188
9144	18	9140	188
1042	18	1441	188
6195	19	1991	188
135	18	602	188
79	0	81	188
1042	18	979	188
9144	18	9137	188
1042	18	489	188
7018	19	1991	188
2286	8	2287	188
135	18	854	188
135	18	438	188
3024	19	1992	188
135	18	9130	188
9436	21	9437	188
2445	8	2446	188
1042	18	435	188
2287	8	2286	188
135	18	9134	188
1042	18	409	188
1042	18	1651	188
1042	18	568	188
9144	18	9139	188
2277	8	2278	188
55	0	59	188
1042	18	297	188
9144	18	1027	188
3218	19	948	188
135	18	1013	188
135	18	9135	188
6400	19	9159	188
400	18	3078	188
400	18	481	188
2424	8	2425	188
4147	19	1935	188
9144	18	708	188
135	18	1468	188
1042	18	876	188
135	18	9133	188
135	18	9131	188
2373	8	2374	188
4764	21	9462	188
135	18	2004	188
9144	18	696	188
1042	18	160	188
135	18	1081	188
135	18	534	188
2278	8	2277	188
1042	18	160	189
2394	8	2395	189
400	18	481	189
3024	19	1992	189
2327	8	2326	189
135	18	534	189
135	18	854	189
135	18	9130	189
135	18	9131	189
9144	18	1031	189
55	0	59	189
9144	18	1035	189
2277	8	2278	189
9162	19	948	189
135	18	1014	189
1042	18	489	189
55	0	59	189
1042	18	1051	189
9436	21	9437	189
1042	18	568	189
1042	18	377	189
2414	8	2415	189
4147	19	1935	189
135	18	602	189
9144	18	1027	189
1042	18	1651	189
135	18	9132	189
2373	8	2374	189
6400	19	9159	189
2424	8	2425	189
1042	18	570	189
9144	18	708	189
1042	18	644	189
1042	18	409	189
1042	18	645	189
135	18	438	189
2925	19	1926	189
1042	18	1050	189
2395	21	9462	189
135	18	9134	189
7018	19	1991	189
135	18	954	189
1042	18	297	189
9515	21	9457	189
9144	18	9136	189
9522	21	9442	189
4764	21	9462	189
98	0	99	189
135	18	1426	189
2278	8	2277	189
135	18	2004	189
1042	18	1467	189
9144	18	696	189
9144	18	704	189
1042	18	571	189
1042	18	876	189
1042	18	435	189
9144	18	137	189
9144	18	1041	189
135	18	9135	189
2286	8	2287	189
6195	19	1991	189
9144	18	9140	189
9144	18	9139	189
1042	18	1441	189
135	18	1468	189
135	18	1470	189
1042	18	1551	189
1042	18	567	189
1042	18	979	189
2395	8	2394	189
2310	19	1991	189
2287	8	2286	189
9144	18	687	189
2463	8	2464	189
135	18	9133	189
2445	8	2446	189
9144	18	9138	189
135	18	1081	189
9144	18	9137	189
400	18	3078	189
135	18	1013	189
79	0	81	189
3218	19	948	189
135	18	1591	189
1042	18	967	189
2326	8	2327	189
135	18	438	190
9144	18	137	190
9436	21	9437	190
135	18	854	190
135	18	9130	190
2424	8	2425	190
9144	18	708	190
2326	8	2327	190
1042	18	297	190
7018	19	1991	190
1042	18	1441	190
2463	8	2464	190
2373	8	2374	190
2310	19	1991	190
135	18	9132	190
135	18	9134	190
2277	8	2278	190
1042	18	1467	190
6195	19	1991	190
9144	18	696	190
2445	8	2446	190
135	18	602	190
3218	19	948	190
135	18	9133	190
135	18	9135	190
4147	19	1935	190
9144	18	9137	190
9144	18	9139	190
135	18	1468	190
135	18	1014	190
135	18	954	190
1042	18	1651	190
1042	18	1050	190
1042	18	967	190
1042	18	1051	190
1042	18	645	190
1042	18	377	190
2287	8	2286	190
2925	19	1926	190
135	18	9131	190
3024	19	1992	190
1042	18	1551	190
135	18	1013	190
1042	18	568	190
4764	21	9462	190
1042	18	570	190
135	18	1470	190
9144	18	1027	190
400	18	3078	190
9144	18	9140	190
9162	19	948	190
2394	8	2395	190
2327	8	2326	190
135	18	2004	190
55	0	59	190
1042	18	409	190
9144	18	1035	190
9144	18	9138	190
2278	8	2277	190
1042	18	571	190
6400	19	9159	190
9144	18	9136	190
2414	8	2415	190
55	0	59	190
2286	8	2287	190
1042	18	160	190
1042	18	644	190
1042	18	979	190
400	18	481	190
135	18	1591	190
2395	21	9462	190
135	18	1081	190
135	18	534	190
1042	18	567	190
1042	18	489	190
79	0	81	190
9144	18	1031	190
1042	18	435	190
1042	18	876	190
9144	18	1041	190
9144	18	704	190
135	18	1426	190
98	0	99	190
9144	18	687	190
2395	8	2394	190
2925	19	1926	191
135	18	1013	191
2395	21	9462	191
135	18	9133	191
4147	19	1935	191
9144	18	137	191
135	18	9134	191
135	18	954	191
2395	21	9511	191
6400	19	9159	191
135	18	1470	191
9515	21	9442	191
1042	18	1551	191
1042	18	377	191
2278	8	2277	191
135	18	1468	191
9144	18	708	191
2445	8	2446	191
1042	18	570	191
400	18	481	191
1042	18	1051	191
9144	18	9138	191
135	18	1081	191
9162	19	948	191
2286	8	2287	191
1042	18	967	191
55	0	59	191
1042	18	409	191
1042	18	1651	191
1042	18	571	191
135	18	9132	191
400	18	3078	191
1042	18	297	191
135	18	9131	191
1042	18	645	191
7018	19	1991	191
135	18	854	191
1042	18	876	191
1042	18	435	191
2414	8	2415	191
9144	18	9137	191
9144	18	1041	191
9144	18	9136	191
9144	18	1031	191
1042	18	644	191
135	18	1426	191
1042	18	979	191
135	18	9130	191
2277	8	2278	191
55	0	59	191
2326	8	2327	191
1042	18	1441	191
9436	21	9437	191
6195	19	1991	191
9144	18	704	191
2373	8	2374	191
9144	18	1027	191
2394	8	2395	191
9144	18	687	191
1042	18	1050	191
9144	18	9139	191
2310	19	1991	191
2287	8	2286	191
135	18	534	191
98	0	99	191
2463	8	2464	191
1042	18	1467	191
2424	8	2425	191
4764	21	9462	191
3218	19	948	191
1042	18	160	191
9144	18	696	191
135	18	2004	191
135	18	438	191
2395	8	2394	191
2327	8	2326	191
9144	18	1035	191
79	0	81	191
135	18	1591	191
135	18	9135	191
135	18	602	191
1042	18	567	191
135	18	1014	191
3024	19	1992	191
1042	18	568	191
9144	18	9140	191
1042	18	489	191
1042	18	1651	192
9144	18	9138	192
9144	18	9137	192
1042	18	489	192
2277	8	2278	192
9144	18	1027	192
2327	8	2326	192
3024	19	1992	192
400	18	3078	192
7018	19	1991	192
2394	8	2395	192
135	18	9134	192
1042	18	1051	192
2278	8	2277	192
1042	18	645	192
135	18	1470	192
3749	19	1996	192
1042	18	1441	192
400	18	481	192
55	0	59	192
135	18	1014	192
1042	18	570	192
135	18	1013	192
9144	18	687	192
135	18	1426	192
79	0	81	192
1042	18	409	192
2395	8	2394	192
9144	18	9136	192
2424	8	2425	192
1042	18	979	192
1042	18	160	192
1042	18	297	192
9144	18	1031	192
9459	21	9451	192
1042	18	571	192
1042	18	567	192
3218	19	948	192
135	18	9131	192
6195	19	1991	192
9144	18	696	192
2925	19	1926	192
135	18	1591	192
2414	8	2415	192
9144	18	708	192
1042	18	1551	192
1042	18	967	192
2287	8	2286	192
135	18	9135	192
9144	18	9139	192
135	18	9133	192
135	18	9132	192
135	18	9130	192
2373	8	2374	192
2395	21	9462	192
2286	8	2287	192
135	18	2004	192
6400	19	9159	192
1042	18	1467	192
1042	18	1050	192
135	18	854	192
1042	18	876	192
135	18	1468	192
4764	21	9462	192
1042	18	435	192
8529	19	1993	192
3069	19	1926	192
135	18	954	192
2310	19	1991	192
1042	18	644	192
135	18	534	192
9144	18	9140	192
98	0	99	192
2463	8	2464	192
9436	21	9437	192
9144	18	704	192
2326	8	2327	192
9162	19	948	192
2445	8	2446	192
9144	18	1035	192
9144	18	1041	192
1042	18	568	192
135	18	438	192
135	18	602	192
4147	19	1935	192
55	0	59	192
9144	18	137	192
1042	18	377	192
135	18	1081	192
1042	18	489	193
2414	8	2415	193
135	18	9134	193
1042	18	979	193
9512	21	9451	193
135	18	1081	193
79	0	81	193
9144	18	687	193
2286	8	2287	193
8529	19	1993	193
1042	18	568	193
2373	8	2374	193
1042	18	435	193
2287	8	2286	193
1042	18	1467	193
135	18	602	193
135	18	1470	193
9144	18	696	193
135	18	954	193
400	18	481	193
2463	8	2464	193
9162	19	948	193
1042	18	1551	193
135	18	1014	193
7018	19	1991	193
9144	18	704	193
9144	18	137	193
3069	19	1926	193
9144	18	9136	193
135	18	1591	193
9144	18	9140	193
55	0	59	193
135	18	1013	193
1042	18	297	193
1042	18	1050	193
135	18	2004	193
2310	19	1991	193
135	18	9132	193
1042	18	409	193
2395	8	2394	193
9144	18	9137	193
2277	8	2278	193
1042	18	571	193
9436	21	9437	193
135	18	438	193
400	18	3078	193
135	18	1468	193
2394	8	2395	193
1042	18	645	193
1042	18	160	193
135	18	854	193
98	0	99	193
2278	8	2277	193
1042	18	967	193
3218	19	948	193
2424	8	2425	193
2326	8	2327	193
1042	18	377	193
6195	19	1991	193
1042	18	1651	193
4764	21	9462	193
2445	8	2446	193
9144	18	1027	193
55	0	59	193
2925	19	1926	193
135	18	9135	193
135	18	9130	193
9144	18	1031	193
1042	18	644	193
135	18	1426	193
1042	18	1441	193
135	18	9131	193
1042	18	570	193
3749	19	1996	193
1042	18	1051	193
2395	21	9462	193
9144	18	1035	193
135	18	534	193
9144	18	1041	193
9144	18	708	193
4147	19	1935	193
9144	18	9138	193
9495	21	9451	193
2327	8	2326	193
6400	19	9159	193
135	18	9133	193
9144	18	9139	193
3024	19	1992	193
1042	18	567	193
1042	18	876	193
9526	21	9477	193
1042	18	1441	194
9144	18	708	194
2277	8	2278	194
1042	18	567	194
98	0	99	194
1042	18	568	194
1042	18	1551	194
9512	21	9457	194
8529	19	1993	194
1042	18	876	194
135	18	9133	194
4764	21	9462	194
9144	18	1041	194
2445	8	2446	194
1042	18	1651	194
400	18	3078	194
2287	8	2286	194
9144	18	1031	194
2394	8	2395	194
1042	18	1467	194
135	18	1591	194
9144	18	9138	194
400	18	481	194
9144	18	137	194
135	18	9132	194
55	0	59	194
9144	18	9136	194
1042	18	160	194
4147	19	1935	194
9144	18	9139	194
135	18	9134	194
9144	18	1035	194
135	18	534	194
135	18	1081	194
135	18	602	194
6195	19	1991	194
7293	19	1926	194
79	0	81	194
3024	19	1992	194
2278	8	2277	194
9144	18	687	194
1042	18	297	194
2326	8	2327	194
135	18	2004	194
4565	21	9468	194
9144	18	9137	194
1042	18	435	194
2310	19	1991	194
9144	18	9140	194
1042	18	489	194
1042	18	377	194
2463	8	2464	194
1042	18	1051	194
135	18	438	194
9144	18	1027	194
2327	8	2326	194
1042	18	979	194
7018	19	1991	194
135	18	954	194
1042	18	967	194
3069	19	9152	194
3749	19	1996	194
2925	19	1926	194
135	18	854	194
1042	18	644	194
1042	18	409	194
3069	19	1926	194
2414	8	2415	194
2286	8	2287	194
9162	19	948	194
1042	18	571	194
9144	18	704	194
135	18	9135	194
135	18	9131	194
6400	19	9159	194
1042	18	1050	194
135	18	1013	194
135	18	1470	194
9436	21	9437	194
9144	18	696	194
3218	19	948	194
1042	18	645	194
1042	18	570	194
4604	21	9468	194
2395	8	2394	194
2424	8	2425	194
55	0	59	194
135	18	1468	194
2395	21	9462	194
2373	8	2374	194
135	18	1426	194
135	18	1014	194
135	18	9130	194
9144	18	1027	195
135	18	1014	195
9144	18	1041	195
1042	18	489	195
135	18	1013	195
2414	8	2415	195
135	18	1470	195
1042	18	1651	195
55	0	59	195
1042	18	1441	195
9162	19	948	195
9144	18	9138	195
9526	21	9451	195
3024	19	1992	195
9144	18	137	195
2445	8	2446	195
400	18	3078	195
9144	18	1031	195
9144	18	9140	195
135	18	1591	195
135	18	9130	195
135	18	1468	195
135	18	1426	195
135	18	9131	195
1042	18	644	195
135	18	9132	195
2395	8	2394	195
1042	18	571	195
9144	18	687	195
6400	19	9159	195
1042	18	1551	195
1042	18	979	195
8529	19	1993	195
1042	18	377	195
3749	19	1996	195
135	18	602	195
7018	19	1991	195
135	18	9135	195
1042	18	1051	195
135	18	1081	195
2373	8	2374	195
1042	18	645	195
4147	19	1935	195
1042	18	570	195
9144	18	9137	195
135	18	534	195
135	18	854	195
2327	8	2326	195
9144	18	708	195
1042	18	567	195
98	0	99	195
2286	8	2287	195
2326	8	2327	195
2310	19	1991	195
1042	18	1467	195
135	18	9134	195
55	0	59	195
7293	19	1926	195
1042	18	876	195
135	18	2004	195
1042	18	160	195
135	18	954	195
9144	18	1035	195
2463	8	2464	195
9436	21	9437	195
6195	19	1991	195
1042	18	435	195
135	18	438	195
2395	21	9462	195
1042	18	297	195
4764	21	9462	195
9144	18	696	195
79	0	81	195
1042	18	967	195
2394	8	2395	195
1042	18	568	195
135	18	9133	195
1042	18	1050	195
9144	18	9139	195
2287	8	2286	195
2925	19	1926	195
3218	19	948	195
9144	18	704	195
9144	18	9136	195
1042	18	409	195
400	18	481	195
9459	21	9457	195
2424	8	2425	195
1042	18	297	196
135	18	438	196
9144	18	9139	196
4764	21	9462	196
135	18	9132	196
9144	18	1041	196
2463	8	2464	196
400	18	3078	196
9144	18	9136	196
2373	8	2374	196
79	0	81	196
135	18	1013	196
2414	8	2415	196
9144	18	696	196
55	0	59	196
9162	19	948	196
3218	19	948	196
98	0	99	196
6400	19	9159	196
9523	21	9437	196
1042	18	1441	196
2395	21	9462	196
135	18	1426	196
9144	18	9140	196
4147	19	1935	196
9144	18	9138	196
135	18	1591	196
9144	18	704	196
9436	21	9437	196
7293	19	1926	196
9144	18	137	196
135	18	9135	196
1042	18	435	196
1042	18	644	196
135	18	9134	196
1042	18	1050	196
1042	18	1651	196
1042	18	876	196
2445	8	2446	196
1042	18	645	196
1042	18	1051	196
1042	18	409	196
135	18	1468	196
135	18	2004	196
135	18	1470	196
135	18	602	196
9144	18	1031	196
135	18	854	196
2405	8	2404	196
135	18	9130	196
2925	19	1926	196
55	0	59	196
9144	18	687	196
1042	18	567	196
135	18	9131	196
8529	19	1993	196
9144	18	1035	196
1042	18	489	196
135	18	1081	196
1042	18	160	196
6195	19	1991	196
9144	18	9137	196
9144	18	1027	196
2394	8	2395	196
1042	18	967	196
1042	18	979	196
400	18	481	196
135	18	954	196
1042	18	570	196
2287	8	2286	196
135	18	9133	196
7018	19	1991	196
1042	18	568	196
9144	18	708	196
1042	18	1467	196
2327	8	2326	196
1042	18	571	196
2424	8	2425	196
2286	8	2287	196
3024	19	1992	196
1042	18	377	196
1042	18	1551	196
2326	8	2327	196
135	18	534	196
2395	8	2394	196
2404	8	2405	196
135	18	1014	196
9436	21	9437	197
9144	18	687	197
1042	18	568	197
4147	19	1935	197
135	18	1014	197
2404	8	2405	197
1042	18	409	197
2326	8	2327	197
400	18	481	197
1042	18	1441	197
2414	8	2415	197
135	18	602	197
135	18	854	197
2424	8	2425	197
79	0	81	197
3024	19	1992	197
135	18	1081	197
135	18	954	197
1042	18	876	197
135	18	1013	197
8529	19	1993	197
135	18	9133	197
1042	18	1467	197
2292	8	2293	197
2286	8	2287	197
1042	18	979	197
7293	19	1926	197
9144	18	9136	197
9144	18	696	197
9144	18	1035	197
135	18	9131	197
135	18	9130	197
98	0	99	197
135	18	9135	197
9144	18	9137	197
1042	18	1551	197
1042	18	1051	197
9144	18	137	197
2394	8	2395	197
2373	8	2374	197
1042	18	377	197
1042	18	967	197
3218	19	948	197
2395	8	2394	197
9144	18	708	197
2287	8	2286	197
135	18	9132	197
9144	18	1027	197
6400	19	9159	197
135	18	9134	197
2395	21	9462	197
2463	8	2464	197
2327	8	2326	197
6195	19	1991	197
1042	18	1050	197
1042	18	567	197
1042	18	297	197
9144	18	1041	197
9162	19	948	197
135	18	534	197
55	0	59	197
135	18	2004	197
400	18	3078	197
9144	18	1031	197
55	0	59	197
9144	18	704	197
4764	21	9462	197
1042	18	489	197
9144	18	9140	197
1042	18	644	197
135	18	1426	197
135	18	438	197
7018	19	1991	197
9144	18	9138	197
9144	18	9139	197
2925	19	1926	197
2405	8	2404	197
1042	18	571	197
135	18	1591	197
2445	8	2446	197
1042	18	160	197
1042	18	645	197
135	18	1470	197
1042	18	570	197
1042	18	1651	197
1042	18	435	197
135	18	1468	197
135	18	1426	198
1042	18	967	198
1042	18	1050	198
1042	18	645	198
9162	19	948	198
135	18	534	198
1042	18	409	198
135	18	438	198
2463	8	2464	198
2395	8	2394	198
1042	18	377	198
1042	18	160	198
2445	8	2446	198
135	18	1468	198
2326	8	2327	198
2292	8	2293	198
2405	8	2404	198
1042	18	644	198
1042	18	297	198
9436	21	9437	198
9144	18	687	198
9144	18	1035	198
135	18	854	198
9144	18	9139	198
2404	8	2405	198
135	18	2004	198
55	0	59	198
9144	18	9136	198
1042	18	571	198
2424	8	2425	198
135	18	602	198
2394	8	2395	198
9144	18	1041	198
1042	18	1467	198
135	18	1014	198
9144	18	9140	198
135	18	1470	198
1042	18	979	198
135	18	9135	198
2925	19	1926	198
1042	18	489	198
55	0	59	198
4147	19	1935	198
79	0	81	198
9144	18	9138	198
1042	18	876	198
135	18	9133	198
9144	18	704	198
6400	19	9159	198
9144	18	137	198
8529	19	1993	198
3218	19	948	198
135	18	9134	198
135	18	9130	198
9144	18	9137	198
2327	8	2326	198
2373	8	2374	198
1042	18	1551	198
1042	18	1651	198
2287	8	2286	198
98	0	99	198
2395	21	9462	198
7018	19	1991	198
400	18	481	198
400	18	3078	198
2414	8	2415	198
135	18	9131	198
3024	19	1992	198
135	18	1013	198
9144	18	708	198
1042	18	568	198
6195	19	1991	198
1042	18	1441	198
7293	19	1926	198
1042	18	435	198
9144	18	1031	198
9144	18	696	198
135	18	954	198
1042	18	1051	198
135	18	1591	198
135	18	9132	198
1042	18	567	198
9144	18	1027	198
9526	21	9457	198
1042	18	570	198
135	18	1081	198
2286	8	2287	198
4764	21	9462	198
1042	18	568	199
135	18	9130	199
9144	18	1035	199
1042	18	567	199
135	18	534	199
9144	18	696	199
135	18	9132	199
9144	18	1027	199
135	18	1081	199
2373	8	2374	199
9144	18	9137	199
9144	18	9139	199
1042	18	1467	199
9495	21	9457	199
9144	18	137	199
55	0	59	199
9144	18	687	199
135	18	1013	199
135	18	9131	199
4764	21	9462	199
3218	19	948	199
135	18	9134	199
6400	19	9159	199
9144	18	1041	199
1042	18	570	199
1042	18	644	199
135	18	2004	199
55	0	59	199
2287	8	2286	199
2424	8	2425	199
135	18	1470	199
2463	8	2464	199
7018	19	1991	199
9144	18	9138	199
2292	8	2293	199
135	18	954	199
1042	18	409	199
1042	18	297	199
2404	8	2405	199
2395	8	2394	199
400	18	481	199
135	18	1014	199
2395	21	9462	199
1042	18	160	199
4230	21	9462	199
2326	8	2327	199
1042	18	1051	199
2925	19	1926	199
2405	8	2404	199
2394	8	2395	199
135	18	1468	199
1042	18	876	199
79	0	81	199
135	18	854	199
135	18	9135	199
9144	18	1031	199
8529	19	1993	199
1042	18	979	199
135	18	1426	199
2327	8	2326	199
1042	18	645	199
135	18	438	199
1042	18	1441	199
9436	21	9437	199
1042	18	377	199
9162	19	948	199
135	18	1591	199
2414	8	2415	199
1042	18	1050	199
7293	19	1926	199
2445	8	2446	199
3069	19	1926	199
1042	18	571	199
3024	19	1992	199
2286	8	2287	199
135	18	602	199
9144	18	704	199
9144	18	708	199
1042	18	1651	199
6195	19	1991	199
1042	18	489	199
1042	18	967	199
1042	18	1551	199
98	0	99	199
4147	19	1935	199
9144	18	9136	199
1042	18	435	199
400	18	3078	199
135	18	9133	199
9144	18	9140	199
1042	18	160	200
1042	18	967	200
135	18	1470	200
1042	18	979	200
9144	18	708	200
9144	18	687	200
135	18	1081	200
135	18	9132	200
9144	18	9137	200
1042	18	568	200
9144	18	9139	200
135	18	1013	200
2395	8	2394	200
135	18	954	200
1042	18	1441	200
9144	18	9140	200
9436	21	9437	200
135	18	854	200
2286	8	2287	200
135	18	9134	200
2327	8	2326	200
8529	19	1993	200
1042	18	297	200
1042	18	1467	200
2424	8	2425	200
9162	19	948	200
2326	8	2327	200
1042	18	570	200
55	0	59	200
9144	18	9136	200
1042	18	571	200
7018	19	1991	200
135	18	2004	200
6400	19	9159	200
55	0	59	200
2405	8	2404	200
1042	18	489	200
135	18	602	200
135	18	438	200
3069	19	1926	200
1042	18	1551	200
1042	18	876	200
9144	18	1031	200
135	18	1014	200
1042	18	644	200
1042	18	1051	200
3218	19	948	200
9144	18	1027	200
7293	19	1926	200
1042	18	377	200
135	18	9135	200
1042	18	435	200
1042	18	645	200
4764	21	9462	200
135	18	9133	200
9144	18	1035	200
4230	21	9462	200
1042	18	1651	200
2925	19	1926	200
9144	18	137	200
135	18	1468	200
1042	18	567	200
9144	18	1041	200
9144	18	704	200
2445	8	2446	200
2463	8	2464	200
79	0	81	200
3024	19	1992	200
98	0	99	200
2394	8	2395	200
135	18	1591	200
135	18	1426	200
135	18	9131	200
135	18	534	200
400	18	3078	200
2404	8	2405	200
9144	18	9138	200
4147	19	1935	200
1042	18	1050	200
2414	8	2415	200
2395	21	9462	200
135	18	9130	200
2287	8	2286	200
1042	18	409	200
6195	19	1991	200
9144	18	696	200
400	18	481	200
2292	8	2293	200
6400	19	9159	201
135	18	1014	201
9144	18	137	201
135	18	602	201
4764	21	9462	201
135	18	9134	201
9144	18	708	201
3218	19	948	201
135	18	954	201
9144	18	1035	201
2326	8	2327	201
9144	18	9138	201
2925	19	1926	201
400	18	481	201
135	18	1081	201
79	0	81	201
2395	8	2394	201
9144	18	9139	201
135	18	9133	201
135	18	9130	201
2394	8	2395	201
2445	8	2446	201
9436	21	9437	201
1042	18	567	201
3069	19	1926	201
1042	18	160	201
9144	18	1027	201
1042	18	409	201
135	18	2004	201
9144	18	9136	201
4147	19	1935	201
1858	19	969	201
55	0	59	201
1042	18	435	201
9144	18	704	201
1042	18	645	201
9144	18	687	201
1042	18	568	201
135	18	438	201
9144	18	1041	201
2395	21	9462	201
2287	8	2286	201
135	18	9135	201
1042	18	979	201
1042	18	1441	201
9144	18	1031	201
2292	8	2293	201
55	0	59	201
8529	19	1993	201
98	0	99	201
3024	19	1992	201
2327	8	2326	201
400	18	3078	201
1042	18	967	201
1042	18	570	201
135	18	1013	201
2463	8	2464	201
135	18	1426	201
1042	18	1551	201
9144	18	696	201
1042	18	297	201
135	18	9131	201
1042	18	489	201
1042	18	1051	201
9162	19	948	201
7018	19	1991	201
4230	21	9462	201
135	18	1470	201
135	18	1468	201
1042	18	644	201
1042	18	571	201
9144	18	9140	201
9144	18	9137	201
135	18	1591	201
1042	18	1651	201
135	18	854	201
2404	8	2405	201
1042	18	1467	201
2286	8	2287	201
135	18	9132	201
6195	19	1991	201
1042	18	876	201
2414	8	2415	201
1042	18	377	201
2405	8	2404	201
1042	18	1050	201
7293	19	1926	201
2424	8	2425	201
135	18	534	201
135	18	9130	202
1042	18	160	202
1042	18	1467	202
135	18	1013	202
9144	18	708	202
2445	8	2446	202
9144	18	9136	202
4147	19	1935	202
6195	19	1991	202
1042	18	1551	202
1042	18	297	202
2404	8	2405	202
2463	8	2464	202
9144	18	704	202
1042	18	1651	202
2943	21	9462	202
2395	8	2394	202
1042	18	644	202
2414	8	2415	202
135	18	1426	202
9144	18	696	202
135	18	9134	202
400	18	3078	202
7018	19	1991	202
2326	8	2327	202
2395	21	9462	202
1042	18	570	202
2394	8	2395	202
2327	8	2326	202
3069	19	1926	202
55	0	59	202
1042	18	409	202
6400	19	9159	202
3218	19	948	202
9144	18	9138	202
9144	18	137	202
1042	18	967	202
1042	18	567	202
2287	8	2286	202
135	18	854	202
1042	18	377	202
135	18	438	202
1042	18	876	202
135	18	954	202
135	18	1014	202
9144	18	1027	202
135	18	1470	202
1042	18	568	202
1042	18	571	202
135	18	1591	202
1042	18	1050	202
9436	21	9437	202
135	18	9133	202
135	18	534	202
400	18	481	202
1042	18	1051	202
9144	18	9139	202
4230	21	9462	202
1042	18	645	202
1042	18	435	202
135	18	2004	202
8529	19	1993	202
1042	18	979	202
2286	8	2287	202
9441	21	9477	202
2405	8	2404	202
98	0	99	202
2292	8	2293	202
9144	18	9137	202
79	0	81	202
1042	18	489	202
135	18	602	202
4764	21	9462	202
9162	19	948	202
9144	18	1031	202
7293	19	1926	202
135	18	1468	202
9144	18	1035	202
135	18	9135	202
135	18	9131	202
2925	19	1926	202
55	0	59	202
135	18	1081	202
9144	18	1041	202
1858	19	969	202
9144	18	9140	202
3024	19	1992	202
1042	18	1441	202
135	18	9132	202
9144	18	687	202
2424	8	2425	202
9144	18	708	203
55	0	59	203
9144	18	696	203
135	18	438	203
135	18	9134	203
2414	8	2415	203
1042	18	1551	203
1042	18	644	203
7018	19	1991	203
2326	8	2327	203
1042	18	1441	203
2292	8	2293	203
1042	18	979	203
135	18	1470	203
2287	8	2286	203
1042	18	1051	203
135	18	9135	203
2463	8	2464	203
1042	18	1651	203
135	18	854	203
9436	21	9437	203
9144	18	9136	203
4147	19	1935	203
2404	8	2405	203
135	18	1426	203
135	18	1014	203
1042	18	297	203
1042	18	645	203
135	18	2004	203
98	0	99	203
1042	18	570	203
135	18	954	203
1042	18	967	203
135	18	1013	203
4764	21	9462	203
3218	19	948	203
1042	18	571	203
2943	21	9462	203
400	18	3078	203
2394	8	2395	203
55	0	59	203
135	18	1468	203
2395	8	2394	203
1042	18	1050	203
4230	21	9462	203
400	18	481	203
135	18	534	203
2925	19	1926	203
1042	18	568	203
1858	19	969	203
135	18	9130	203
1042	18	876	203
6400	19	9159	203
135	18	9131	203
2424	8	2425	203
135	18	1081	203
1042	18	567	203
135	18	9132	203
9162	19	948	203
2395	21	9462	203
135	18	1591	203
2286	8	2287	203
9144	18	1031	203
8529	19	1993	203
9144	18	704	203
2405	8	2404	203
1042	18	435	203
2445	8	2446	203
1042	18	377	203
9144	18	1027	203
79	0	81	203
1042	18	409	203
135	18	9133	203
9144	18	9137	203
9144	18	9139	203
135	18	602	203
9144	18	1041	203
9144	18	9140	203
1042	18	489	203
9144	18	687	203
2327	8	2326	203
9144	18	1035	203
9144	18	137	203
9144	18	9138	203
7293	19	1926	203
3069	19	1926	203
3024	19	1992	203
1042	18	1467	203
1042	18	160	203
2405	8	2404	204
1042	18	644	204
2422	8	2423	204
135	18	1014	204
2327	8	2326	204
400	18	481	204
135	18	1591	204
135	18	954	204
9436	21	9437	204
1042	18	1467	204
2943	21	9462	204
135	18	9134	204
135	18	9131	204
1042	18	489	204
9144	18	1031	204
1042	18	160	204
9144	18	704	204
1042	18	570	204
55	0	59	204
1042	18	568	204
3069	19	1926	204
6400	19	9159	204
7018	19	1991	204
1042	18	567	204
135	18	9135	204
2414	8	2415	204
4147	19	1935	204
1042	18	1551	204
1042	18	1441	204
2395	21	9511	204
1042	18	435	204
9144	18	1035	204
8529	19	1993	204
9144	18	708	204
7293	19	1926	204
2394	8	2395	204
1042	18	377	204
2445	8	2446	204
98	0	99	204
135	18	9130	204
9144	18	696	204
9144	18	687	204
135	18	2004	204
3024	19	1992	204
9144	18	137	204
1042	18	1050	204
9144	18	9139	204
135	18	534	204
2286	8	2287	204
1042	18	967	204
1042	18	409	204
1858	19	969	204
400	18	3078	204
79	0	81	204
2404	8	2405	204
2395	21	9462	204
1042	18	876	204
135	18	1468	204
135	18	1470	204
135	18	1426	204
4230	21	9462	204
2395	8	2394	204
55	0	59	204
1042	18	297	204
2287	8	2286	204
135	18	854	204
135	18	9133	204
9144	18	1027	204
9144	18	9136	204
2472	8	2374	204
135	18	602	204
2925	19	1926	204
2292	8	2293	204
1042	18	645	204
2326	8	2327	204
135	18	1013	204
1042	18	1651	204
9144	18	9140	204
135	18	1081	204
1042	18	571	204
9144	18	1041	204
2463	8	2464	204
9144	18	9138	204
4764	21	9462	204
135	18	9132	204
3218	19	948	204
3352	21	9473	204
1042	18	979	204
9162	19	948	204
2424	8	2425	204
1042	18	1051	204
9144	18	9137	204
135	18	438	204
9144	18	687	205
135	18	1470	205
1042	18	567	205
3218	19	948	205
2404	8	2405	205
1042	18	297	205
135	18	2004	205
1042	18	377	205
9144	18	1027	205
3069	19	1926	205
2463	8	2464	205
135	18	954	205
9144	18	9136	205
2326	8	2327	205
135	18	1014	205
9144	18	9138	205
1042	18	568	205
1042	18	644	205
9144	18	137	205
55	0	58	205
2402	8	2403	205
2405	8	2404	205
135	18	1468	205
9144	18	1041	205
9144	18	9140	205
9144	18	1031	205
9144	18	704	205
2472	8	2374	205
2445	8	2446	205
1042	18	409	205
4230	21	9462	205
1042	18	645	205
1042	18	979	205
1042	18	1467	205
2925	19	1926	205
7018	19	1991	205
8529	19	1993	205
1042	18	1441	205
1042	18	1050	205
3024	19	1992	205
9144	18	708	205
2287	8	2286	205
135	18	438	205
2292	8	2293	205
135	18	1591	205
135	18	9135	205
1042	18	967	205
4147	19	1935	205
9144	18	1035	205
1858	19	969	205
135	18	534	205
9144	18	9139	205
1042	18	1651	205
7293	19	1926	205
1042	18	1051	205
9436	21	9437	205
135	18	1426	205
2943	21	9462	205
2424	8	2425	205
1042	18	1551	205
135	18	1013	205
135	18	1081	205
6400	19	9159	205
1042	18	570	205
135	18	9132	205
1042	18	160	205
1042	18	435	205
9144	18	9137	205
55	0	59	205
135	18	9131	205
55	0	59	205
1042	18	571	205
2394	8	2395	205
2414	8	2415	205
135	18	9134	205
4764	21	9462	205
135	18	9130	205
1042	18	876	205
2422	8	2423	205
79	0	81	205
1042	18	489	205
2395	8	2394	205
3352	21	9473	205
9162	19	948	205
2286	8	2287	205
2327	8	2326	205
98	0	99	205
135	18	9133	205
135	18	854	205
9144	18	696	205
2395	21	9462	205
135	18	602	205
9144	18	708	206
135	18	602	206
1042	18	1441	206
135	18	1013	206
9144	18	9139	206
4764	21	9462	206
1858	19	969	206
2463	8	2464	206
2287	8	2286	206
2358	8	2359	206
1042	18	297	206
2394	8	2395	206
135	18	854	206
135	18	9134	206
9144	18	9137	206
9144	18	704	206
1042	18	489	206
1042	18	1651	206
55	0	58	206
2402	8	2403	206
9495	21	9442	206
2292	8	2293	206
2395	8	2394	206
9144	18	1031	206
9144	18	687	206
4147	19	1935	206
1042	18	568	206
1042	18	567	206
9144	18	9138	206
2286	8	2287	206
1042	18	1551	206
135	18	1468	206
1042	18	1467	206
9144	18	1035	206
2414	8	2415	206
1042	18	1050	206
9144	18	1027	206
2445	8	2446	206
135	18	9130	206
1042	18	160	206
79	0	81	206
4230	21	9462	206
9144	18	1041	206
1042	18	979	206
2327	8	2326	206
135	18	438	206
1042	18	645	206
6400	19	9159	206
135	18	1014	206
2405	8	2404	206
135	18	9132	206
135	18	9133	206
2472	8	2374	206
135	18	2004	206
1042	18	967	206
3218	19	948	206
1042	18	570	206
135	18	1426	206
135	18	534	206
135	18	9135	206
9436	21	9437	206
2943	21	9462	206
135	18	1081	206
135	18	954	206
1042	18	435	206
9162	19	948	206
1042	18	377	206
98	0	99	206
9144	18	9140	206
1042	18	409	206
2404	8	2405	206
3069	19	1926	206
135	18	1470	206
3024	19	1992	206
9144	18	137	206
2422	8	2423	206
3352	21	9473	206
135	18	9131	206
2925	19	1926	206
8529	19	1993	206
9144	18	9136	206
7293	19	1926	206
2424	8	2425	206
1042	18	644	206
1042	18	876	206
1858	19	969	206
7018	19	1991	206
2395	21	9462	206
9144	18	696	206
1042	18	571	206
1042	18	1051	206
135	18	1591	206
2326	8	2327	206
9144	18	1041	207
135	18	534	207
4230	21	9462	207
1042	18	160	207
9162	19	948	207
2395	8	2394	207
2404	8	2405	207
135	18	602	207
9144	18	9140	207
9144	18	1027	207
9441	21	9451	207
9144	18	708	207
135	18	954	207
1042	18	1651	207
2286	8	2287	207
2287	8	2286	207
2472	8	2374	207
7018	19	1991	207
1042	18	377	207
3352	21	9473	207
2463	8	2464	207
1858	19	969	207
1042	18	567	207
1042	18	979	207
2943	21	9462	207
1042	18	489	207
8529	19	1993	207
2925	19	1926	207
2394	8	2395	207
6400	19	9159	207
135	18	1013	207
135	18	1591	207
1042	18	568	207
9144	18	1031	207
98	0	99	207
9144	18	9138	207
1042	18	1441	207
1042	18	409	207
4147	19	1935	207
2395	21	9462	207
135	18	854	207
2292	8	2293	207
1042	18	1551	207
9144	18	9137	207
79	0	81	207
135	18	1468	207
135	18	9134	207
4764	21	9462	207
2358	8	2359	207
1042	18	876	207
1042	18	967	207
1042	18	297	207
2326	8	2327	207
2327	8	2326	207
9144	18	687	207
2405	8	2404	207
9144	18	9139	207
135	18	1470	207
2422	8	2423	207
1042	18	570	207
9436	21	9437	207
3218	19	948	207
9144	18	1035	207
135	18	1426	207
2402	8	2403	207
135	18	9135	207
135	18	9132	207
1042	18	1050	207
9144	18	137	207
1042	18	645	207
3024	19	1992	207
135	18	9131	207
1042	18	1467	207
9144	18	696	207
1042	18	644	207
9144	18	704	207
7293	19	1926	207
135	18	2004	207
3069	19	1926	207
135	18	1081	207
1042	18	571	207
135	18	438	207
9144	18	9136	207
2414	8	2415	207
135	18	9130	207
135	18	9133	207
1042	18	435	207
2445	8	2446	207
1042	18	1051	207
135	18	1014	207
2424	8	2425	207
1042	18	160	208
1042	18	1467	208
135	18	9130	208
3218	19	948	208
1042	18	1050	208
135	18	534	208
2395	21	9462	208
2327	8	2326	208
135	18	1591	208
2445	8	2446	208
9162	19	948	208
9144	18	1041	208
1042	18	979	208
9144	18	704	208
1042	18	409	208
1042	18	644	208
2394	8	2395	208
7018	19	1991	208
9144	18	9136	208
2925	19	1926	208
2326	8	2327	208
1858	19	969	208
9144	18	9138	208
1042	18	568	208
1042	18	489	208
1042	18	567	208
1042	18	435	208
2404	8	2405	208
1042	18	967	208
1042	18	1051	208
1042	18	876	208
135	18	9135	208
135	18	1470	208
135	18	9132	208
2395	8	2394	208
1042	18	570	208
1042	18	1441	208
9144	18	696	208
9144	18	1027	208
9144	18	708	208
2422	8	2423	208
135	18	1013	208
1042	18	377	208
9144	18	9137	208
2424	8	2425	208
9144	18	137	208
1042	18	571	208
135	18	2004	208
8529	19	1993	208
3352	21	9473	208
2402	8	2403	208
135	18	1081	208
135	18	1468	208
2358	8	2359	208
135	18	1426	208
3069	19	1926	208
79	0	81	208
1042	18	1651	208
3024	19	1992	208
9506	21	9451	208
135	18	1014	208
1042	18	1551	208
9144	18	9139	208
9144	18	1031	208
135	18	854	208
135	18	9131	208
9508	21	9438	208
98	0	99	208
1042	18	645	208
2472	8	2374	208
135	18	954	208
9144	18	9140	208
2287	8	2286	208
135	18	602	208
135	18	9133	208
2463	8	2464	208
6400	19	9159	208
9144	18	1035	208
4147	19	1935	208
9436	21	9437	208
2414	8	2415	208
9144	18	687	208
7293	19	1926	208
4764	21	9462	208
1042	18	297	208
135	18	9134	208
4230	21	9462	208
2286	8	2287	208
135	18	438	208
2943	21	9462	208
2292	8	2293	208
2405	8	2404	208
1042	18	377	209
135	18	602	209
2437	8	2467	209
2925	19	1926	209
2402	8	2403	209
1042	18	1651	209
1042	18	979	209
9144	18	9137	209
4230	21	9462	209
2463	8	2464	209
9162	19	948	209
2445	8	2446	209
135	18	1081	209
135	18	9131	209
135	18	954	209
9144	18	9140	209
135	18	2004	209
9144	18	1031	209
135	18	1014	209
2404	8	2405	209
4764	21	9462	209
2287	8	2286	209
3069	19	1926	209
2448	8	2447	209
2358	8	2359	209
1042	18	568	209
8529	19	1993	209
7293	19	1926	209
1042	18	1051	209
2286	8	2287	209
2422	8	2423	209
9144	18	696	209
1042	18	570	209
1042	18	644	209
3352	21	9473	209
1042	18	876	209
9144	18	1041	209
9144	18	704	209
4147	19	1935	209
3218	19	948	209
135	18	1013	209
135	18	1426	209
1042	18	489	209
135	18	9134	209
2472	8	2374	209
9144	18	1035	209
98	0	99	209
2943	21	9462	209
135	18	9132	209
2414	8	2415	209
135	18	854	209
1042	18	409	209
9144	18	9136	209
1042	18	567	209
2327	8	2326	209
1042	18	571	209
79	0	81	209
135	18	534	209
9144	18	9139	209
1858	19	969	209
6400	19	9159	209
9506	21	9457	209
9144	18	687	209
135	18	9135	209
7018	19	1991	209
9436	21	9437	209
2292	8	2293	209
135	18	9133	209
1042	18	435	209
1042	18	1050	209
9144	18	708	209
2394	8	2395	209
1042	18	297	209
135	18	1468	209
2447	8	2448	209
135	18	1470	209
1042	18	1467	209
2405	8	2404	209
2395	8	2394	209
135	18	438	209
1042	18	967	209
2395	21	9462	209
135	18	1591	209
1042	18	1441	209
9144	18	9138	209
3024	19	1992	209
1042	18	1551	209
9144	18	137	209
2326	8	2327	209
135	18	9130	209
9144	18	1027	209
1042	18	160	209
1042	18	645	209
135	18	9130	210
2395	8	2394	210
135	18	1470	210
2422	8	2423	210
2287	8	2286	210
4230	21	9462	210
1042	18	489	210
2394	8	2395	210
135	18	9135	210
1042	18	644	210
135	18	9131	210
3069	19	1926	210
1042	18	377	210
135	18	1081	210
8529	19	1993	210
1042	18	297	210
135	18	1426	210
135	18	854	210
135	18	534	210
9144	18	9139	210
1042	18	1441	210
1042	18	1551	210
1858	19	969	210
2472	8	2374	210
135	18	9133	210
135	18	1468	210
7018	19	1991	210
3218	19	948	210
9144	18	9140	210
9144	18	137	210
1042	18	876	210
1042	18	571	210
2395	21	9462	210
1042	18	1051	210
2447	8	2448	210
79	0	81	210
9144	18	704	210
1042	18	979	210
2406	8	2407	210
2402	8	2403	210
2445	8	2446	210
9144	18	1027	210
2286	8	2287	210
2292	8	2293	210
1042	18	160	210
2405	8	2404	210
9436	21	9437	210
2925	19	1926	210
1042	18	1651	210
2448	8	2447	210
1042	18	967	210
135	18	954	210
9144	18	708	210
1042	18	435	210
2437	8	2467	210
2404	8	2405	210
9144	18	9138	210
4764	21	9462	210
4147	19	1935	210
6400	19	9159	210
2414	8	2415	210
135	18	1591	210
2463	8	2464	210
2358	8	2359	210
9144	18	1031	210
9441	21	9457	210
1042	18	409	210
1042	18	567	210
1042	18	570	210
3352	21	9473	210
9144	18	1035	210
2327	8	2326	210
135	18	2004	210
9144	18	696	210
1042	18	645	210
98	0	99	210
9162	19	948	210
9144	18	1041	210
7293	19	1926	210
2326	8	2327	210
9144	18	9136	210
9144	18	687	210
3024	19	1992	210
135	18	1013	210
9144	18	9137	210
135	18	9134	210
1042	18	1050	210
1042	18	568	210
1042	18	1467	210
2407	8	2406	210
2943	21	9462	210
135	18	1014	210
135	18	602	210
135	18	438	210
135	18	9132	210
1042	18	1551	211
1042	18	435	211
2292	8	2293	211
135	18	9132	211
2422	8	2423	211
6400	19	9159	211
135	18	9130	211
9144	18	1035	211
9144	18	9136	211
1042	18	570	211
9144	18	704	211
9144	18	687	211
2394	8	2395	211
9162	19	948	211
4764	21	9462	211
135	18	1468	211
2472	8	2374	211
1042	18	979	211
2448	8	2447	211
2406	8	2407	211
7293	19	1926	211
2402	8	2403	211
2447	8	2448	211
135	18	1013	211
9436	21	9437	211
135	18	9134	211
4230	21	9462	211
7018	19	1991	211
3352	21	9473	211
2437	8	2467	211
135	18	534	211
9144	18	9139	211
9144	18	1031	211
135	18	9135	211
1042	18	377	211
135	18	1081	211
135	18	9131	211
4147	19	1935	211
2287	8	2286	211
2925	19	1926	211
9144	18	9140	211
1042	18	1050	211
2395	8	2394	211
2407	8	2406	211
2326	8	2327	211
1042	18	967	211
3218	19	948	211
1042	18	571	211
135	18	438	211
135	18	1591	211
2286	8	2287	211
135	18	1470	211
1858	19	969	211
9144	18	696	211
2395	21	9462	211
2463	8	2464	211
1042	18	568	211
2943	21	9462	211
98	0	99	211
9144	18	1041	211
9144	18	1027	211
2414	8	2415	211
135	18	2004	211
9144	18	9138	211
1042	18	1051	211
1042	18	297	211
2358	8	2359	211
3024	19	1992	211
1042	18	1467	211
2404	8	2405	211
79	0	81	211
1042	18	567	211
1042	18	489	211
135	18	854	211
135	18	1426	211
1042	18	409	211
9144	18	9137	211
135	18	602	211
1042	18	645	211
1042	18	160	211
1042	18	1441	211
2405	8	2404	211
9144	18	708	211
135	18	1014	211
135	18	954	211
1042	18	644	211
3069	19	1926	211
1042	18	876	211
135	18	9133	211
2327	8	2326	211
9144	18	137	211
2445	8	2446	211
1042	18	1651	211
1042	18	1551	212
9144	18	9140	212
79	0	81	212
1042	18	645	212
2470	8	2471	212
2414	8	2415	212
4230	21	9462	212
9162	19	948	212
1042	18	644	212
2447	8	2448	212
135	18	2004	212
2404	8	2405	212
135	18	9134	212
135	18	1081	212
135	18	1591	212
1042	18	567	212
135	18	9133	212
1042	18	1051	212
1042	18	568	212
9144	18	708	212
2445	8	2446	212
135	18	9131	212
7018	19	1991	212
9144	18	9136	212
2463	8	2464	212
2448	8	2447	212
1042	18	1441	212
2395	8	2394	212
1858	19	969	212
1042	18	570	212
2407	8	2406	212
1042	18	1467	212
9144	18	1031	212
9144	18	1041	212
2925	19	1926	212
2422	8	2423	212
9441	21	9442	212
2287	8	2286	212
2395	21	9462	212
135	18	534	212
6400	19	9159	212
2292	8	2293	212
135	18	602	212
135	18	1013	212
3352	21	9473	212
2327	8	2326	212
9144	18	687	212
1042	18	409	212
1042	18	160	212
1042	18	435	212
9144	18	9137	212
1042	18	1050	212
135	18	1426	212
135	18	438	212
1042	18	489	212
135	18	9130	212
9144	18	696	212
135	18	954	212
2394	8	2395	212
2406	8	2407	212
9144	18	1027	212
1042	18	979	212
2326	8	2327	212
1042	18	967	212
135	18	1468	212
135	18	9135	212
9144	18	1035	212
135	18	9132	212
2358	8	2359	212
9506	21	9442	212
135	18	1014	212
3218	19	948	212
4147	19	1935	212
2472	8	2374	212
135	18	1470	212
7293	19	1926	212
2286	8	2287	212
1042	18	876	212
2402	8	2403	212
135	18	854	212
1042	18	571	212
2437	8	2467	212
9436	21	9437	212
2943	21	9462	212
3024	19	1992	212
1042	18	377	212
9144	18	704	212
9144	18	9139	212
9144	18	137	212
3069	19	1926	212
9144	18	9138	212
4764	21	9462	212
1042	18	1651	212
2405	8	2404	212
1042	18	297	212
9144	18	9140	213
1042	18	571	213
1042	18	160	213
1858	19	969	213
9144	18	9139	213
9144	18	9136	213
2402	8	2403	213
135	18	1013	213
9144	18	137	213
135	18	9133	213
6400	19	9159	213
1042	18	489	213
9436	21	9437	213
135	18	9130	213
2472	8	2374	213
135	18	9132	213
4230	21	9462	213
9144	18	704	213
135	18	1591	213
1042	18	409	213
135	18	1426	213
3069	19	1926	213
1042	18	377	213
2287	8	2286	213
9144	18	687	213
2414	8	2415	213
2925	19	1926	213
2407	8	2406	213
2326	8	2327	213
3352	21	9473	213
135	18	1470	213
4764	21	9462	213
2286	8	2287	213
2437	8	2467	213
1042	18	1551	213
1042	18	644	213
9144	18	1041	213
1042	18	435	213
2404	8	2405	213
135	18	954	213
135	18	602	213
9144	18	9137	213
1042	18	1441	213
79	0	81	213
3218	19	948	213
9144	18	9138	213
7293	19	1926	213
2943	21	9462	213
135	18	9134	213
1042	18	1051	213
9144	18	1027	213
2395	21	9462	213
7018	19	1991	213
2447	8	2448	213
2327	8	2326	213
1042	18	967	213
135	18	1014	213
2445	8	2446	213
2448	8	2447	213
135	18	2004	213
2406	8	2407	213
2358	8	2359	213
9144	18	1031	213
1042	18	568	213
1042	18	876	213
1042	18	297	213
9463	21	9464	213
9144	18	708	213
135	18	854	213
2422	8	2423	213
135	18	1468	213
9144	18	1035	213
9162	19	948	213
1042	18	1467	213
135	18	9131	213
4147	19	1935	213
2470	8	2471	213
1042	18	645	213
2292	8	2293	213
1042	18	567	213
3024	19	1992	213
135	18	1081	213
135	18	534	213
2394	8	2395	213
9144	18	696	213
135	18	9135	213
2405	8	2404	213
3287	21	9473	213
2463	8	2464	213
1042	18	570	213
1042	18	1651	213
2395	8	2394	213
135	18	438	213
1042	18	1050	213
1042	18	979	213
3024	19	1992	214
9144	18	9136	214
2330	8	2331	214
2326	8	2327	214
1042	18	297	214
3352	21	9473	214
7293	19	1926	214
2395	21	9462	214
1042	18	1651	214
3218	19	948	214
135	18	1468	214
1042	18	1551	214
1042	18	645	214
2463	8	2464	214
2454	8	2455	214
2394	8	2395	214
1042	18	1467	214
1042	18	160	214
2358	8	2359	214
9144	18	9140	214
135	18	602	214
3069	19	1926	214
2404	8	2405	214
3243	19	1918	214
1858	19	969	214
7018	19	1991	214
9144	18	704	214
3346	21	9473	214
9162	19	948	214
6400	19	9159	214
135	18	9130	214
4764	21	9462	214
2286	8	2287	214
135	18	1426	214
1042	18	1051	214
1042	18	568	214
135	18	9131	214
9463	21	9464	214
1042	18	979	214
9144	18	1041	214
135	18	9134	214
2437	8	2467	214
135	18	2004	214
1042	18	1050	214
9144	18	687	214
2402	8	2403	214
1042	18	409	214
2445	8	2446	214
2406	8	2407	214
9144	18	696	214
1042	18	967	214
2470	8	2471	214
135	18	9135	214
2405	8	2404	214
1042	18	435	214
9144	18	9139	214
2925	19	1926	214
4230	21	9462	214
135	18	1081	214
135	18	1014	214
1042	18	489	214
79	0	81	214
135	18	9132	214
2395	8	2394	214
9144	18	9138	214
135	18	9133	214
2292	8	2293	214
3287	21	9473	214
2407	8	2406	214
2327	8	2326	214
1042	18	1441	214
135	18	534	214
4147	19	1935	214
135	18	854	214
2447	8	2448	214
9144	18	708	214
9144	18	9137	214
135	18	1013	214
2287	8	2286	214
9144	18	1035	214
9144	18	137	214
9436	21	9437	214
2943	21	9462	214
2448	8	2447	214
9144	18	1031	214
2414	8	2415	214
1042	18	567	214
135	18	1591	214
135	18	1470	214
1042	18	570	214
2422	8	2423	214
1042	18	644	214
1042	18	876	214
135	18	438	214
1042	18	377	214
1042	18	571	214
9144	18	1027	214
135	18	954	214
9144	18	137	215
1042	18	409	215
2395	21	9462	215
2943	21	9462	215
3287	21	9473	215
9432	21	9433	215
1042	18	297	215
2454	8	2455	215
9144	18	708	215
1042	18	435	215
135	18	1014	215
1042	18	567	215
9144	18	1031	215
3243	19	1918	215
9144	18	9136	215
2463	8	2464	215
1042	18	489	215
2407	8	2406	215
135	18	9134	215
135	18	602	215
2406	8	2407	215
9144	18	704	215
2330	8	2331	215
1042	18	1467	215
2358	8	2359	215
135	18	9132	215
1042	18	644	215
1042	18	967	215
79	0	81	215
2327	8	2326	215
135	18	438	215
9144	18	1035	215
135	18	534	215
3218	19	948	215
135	18	1470	215
9144	18	9140	215
135	18	2004	215
2395	8	2394	215
9162	19	948	215
2925	19	1926	215
135	18	9135	215
