2143	6	2045	000
2097	6	30	000
206	1	207	000
2156	6	30	000
2121	6	2122	000
2129	6	30	000
12503	23	12520	000
675	6	2051	000
2169	6	29	000
765	6	30	000
492	1	493	000
3231	12	29	000
776	1	493	000
7406	23	3023	000
3208	12	2082	000
9018	23	3023	000
169	6	173	000
1850	23	2951	000
1941	5	1943	000
702	6	28	000
3227	12	46	000
1894	23	2920	000
3219	12	2027	000
1525	6	29	000
494	1	28	000
1502	1	416	000
8516	23	2981	000
610	1	416	000
443	1	416	000
3211	12	2082	000
717	1	636	000
2729	23	2935	000
473	1	416	000
178	6	117	000
845	1	28	000
1133	6	1134	000
1394	6	115	000
6878	23	12520	000
6414	23	2935	000
114	1	117	000
2105	6	30	000
1644	1	207	000
2530	14	3431	000
3577	14	3437	000
8301	23	3060	000
172	1	402	000
8943	23	2951	000
205	6	2038	000
2135	6	2045	000
2852	23	2952	000
1975	6	2008	000
25	15	5024	000
675	15	4990	000
2130	6	2045	000
17	1	1561	000
720	1	28	000
711	1	28	000
310	15	5088	000
3040	23	3023	000
1912	6	2179	000
2142	6	2045	000
88	6	30	000
2909	9	2720	000
6371	23	3023	000
675	15	5120	000
702	1	28	000
658	1	173	000
2136	6	2122	000
25	15	4990	000
25	6	30	000
578	1	28	000
1110	15	5120	000
8385	23	2981	000
3214	12	2082	000
44	5	25	000
1637	6	2114	000
1947	6	173	000
1133	15	4990	000
630	6	30	000
2159	6	30	000
1850	23	2951	000
205	1	207	000
8842	23	3023	000
759	1	28	000
492	15	5088	000
1133	1	1134	000
2172	6	2008	000
3209	12	30	000
1588	1	263	000
113	6	30	000
1957	6	2056	000
2069	6	1561	000
1100	6	28	000
19	6	2045	000
3236	23	3023	000
8730	23	2951	000
2127	6	171	000
2082	15	4988	000
3086	23	12527	000
5348	15	5088	000
3228	12	117	000
769	1	28	000
191	6	30	000
2119	6	2045	000
3236	23	12520	000
6878	23	12520	000
2729	23	2966	000
2056	15	4988	000
2090	6	117	000
776	15	5088	000
169	1	173	000
2094	6	2096	000
396	6	30	000
104	1	107	000
3193	12	2155	000
3040	23	12544	000
2030	6	2045	000
40	6	2114	000
6371	23	3023	000
2693	12	28	000
303	1	416	000
8943	23	3023	000
8730	23	3026	000
3040	23	12544	000
2134	6	29	000
6529	23	3023	000
2903	11	3089	000
205	15	4990	000
2011	6	30	000
3068	23	3027	000
2114	15	4988	000
1866	12	170	000
8385	23	3023	000
636	1	172	000
2124	6	117	000
509	6	30	000
3143	11	3087	000
8824	23	2977	000
1941	6	2045	000
3206	12	2082	000
6414	23	2935	000
100	6	30	000
7847	23	2966	000
2071	6	30	000
44	6	30	000
6529	23	2952	000
1588	6	30	000
191	1	30	000
2691	23	3023	000
6878	23	2966	000
6726	23	2966	000
2020	6	2045	000
2143	6	2045	001
2097	6	30	001
206	1	207	001
2156	6	30	001
2121	6	2122	001
2129	6	30	001
12503	23	12520	001
675	6	2051	001
2169	6	29	001
765	6	30	001
492	1	493	001
3231	12	29	001
776	1	493	001
7406	23	3023	001
3208	12	2082	001
9018	23	3023	001
169	6	173	001
1850	23	2951	001
1941	5	1943	001
702	6	28	001
3227	12	46	001
1894	23	2920	001
3219	12	2027	001
1525	6	29	001
494	1	28	001
1502	1	416	001
8516	23	2981	001
610	1	416	001
443	1	416	001
3211	12	2082	001
717	1	636	001
2729	23	2935	001
473	1	416	001
178	6	117	001
845	1	28	001
1133	6	1134	001
1394	6	115	001
6878	23	12520	001
6414	23	2935	001
114	1	117	001
2105	6	30	001
1644	1	207	001
2530	14	3431	001
3577	14	3437	001
8301	23	3060	001
172	1	402	001
8943	23	2951	001
205	6	2038	001
2135	6	2045	001
2852	23	2952	001
1975	6	2008	001
25	15	5024	001
675	15	4990	001
2130	6	2045	001
17	1	1561	001
720	1	28	001
711	1	28	001
310	15	5088	001
3040	23	3023	001
1912	6	2179	001
2142	6	2045	001
88	6	30	001
2909	9	2720	001
6371	23	3023	001
675	15	5120	001
702	1	28	001
658	1	173	001
2136	6	2122	001
25	15	4990	001
25	6	30	001
578	1	28	001
1110	15	5120	001
8385	23	2981	001
3214	12	2082	001
44	5	25	001
1637	6	2114	001
1947	6	173	001
1133	15	4990	001
630	6	30	001
2159	6	30	001
1850	23	2951	001
205	1	207	001
8842	23	3023	001
759	1	28	001
492	15	5088	001
1133	1	1134	001
2172	6	2008	001
3209	12	30	001
1588	1	263	001
113	6	30	001
1957	6	2056	001
2069	6	1561	001
1100	6	28	001
19	6	2045	001
3236	23	3023	001
8730	23	2951	001
2127	6	171	001
2082	15	4988	001
3086	23	12527	001
5348	15	5088	001
3228	12	117	001
769	1	28	001
191	6	30	001
2119	6	2045	001
3236	23	12520	001
6878	23	12520	001
2909	9	2593	001
2729	23	2966	001
2056	15	4988	001
2090	6	117	001
776	15	5088	001
169	1	173	001
2094	6	2096	001
396	6	30	001
104	1	107	001
3193	12	2155	001
3040	23	12544	001
2030	6	2045	001
40	6	2114	001
6371	23	3023	001
2693	12	28	001
303	1	416	001
8943	23	3023	001
8730	23	3026	001
3040	23	12544	001
2134	6	29	001
6529	23	3023	001
2903	11	3089	001
205	15	4990	001
2011	6	30	001
3068	23	3027	001
2114	15	4988	001
1866	12	170	001
8385	23	3023	001
636	1	172	001
2124	6	117	001
509	6	30	001
3143	11	3087	001
8824	23	2977	001
1941	6	2045	001
3206	12	2082	001
6414	23	2935	001
100	6	30	001
7847	23	2966	001
2071	6	30	001
44	6	30	001
6529	23	2952	001
1588	6	30	001
191	1	30	001
2691	23	3023	001
6878	23	2966	001
6726	23	2966	001
2020	6	2045	001
2143	6	2045	002
2097	6	30	002
206	1	207	002
2156	6	30	002
2121	6	2122	002
2129	6	30	002
12503	23	12520	002
675	6	2051	002
2169	6	29	002
765	6	30	002
492	1	493	002
3231	12	29	002
776	1	493	002
7406	23	3023	002
3208	12	2082	002
9018	23	3023	002
169	6	173	002
1850	23	2951	002
1941	5	1943	002
702	6	28	002
3227	12	46	002
1894	23	2920	002
3219	12	2027	002
1525	6	29	002
494	1	28	002
1502	1	416	002
8516	23	2981	002
610	1	416	002
443	1	416	002
3211	12	2082	002
717	1	636	002
2729	23	2935	002
473	1	416	002
178	6	117	002
845	1	28	002
1133	6	1134	002
1394	6	115	002
6878	23	12520	002
6414	23	2935	002
114	1	117	002
2105	6	30	002
1644	1	207	002
2530	14	3431	002
3577	14	3437	002
8301	23	3060	002
172	1	402	002
8943	23	2951	002
205	6	2038	002
2135	6	2045	002
2852	23	2952	002
1975	6	2008	002
25	15	5024	002
675	15	4990	002
2130	6	2045	002
17	1	1561	002
720	1	28	002
711	1	28	002
310	15	5088	002
3040	23	3023	002
1912	6	2179	002
2142	6	2045	002
88	6	30	002
2909	9	2720	002
6371	23	3023	002
675	15	5120	002
702	1	28	002
658	1	173	002
2136	6	2122	002
25	15	4990	002
25	6	30	002
578	1	28	002
1110	15	5120	002
8385	23	2981	002
3214	12	2082	002
44	5	25	002
1637	6	2114	002
1947	6	173	002
1133	15	4990	002
630	6	30	002
2159	6	30	002
1850	23	2951	002
205	1	207	002
8842	23	3023	002
759	1	28	002
492	15	5088	002
1133	1	1134	002
2172	6	2008	002
3209	12	30	002
1588	1	263	002
113	6	30	002
1957	6	2056	002
2069	6	1561	002
1100	6	28	002
19	6	2045	002
3236	23	3023	002
8730	23	2951	002
2127	6	171	002
2082	15	4988	002
3086	23	12527	002
5348	15	5088	002
3228	12	117	002
769	1	28	002
191	6	30	002
2119	6	2045	002
3236	23	12520	002
6878	23	12520	002
2909	9	2593	002
2729	23	2966	002
2056	15	4988	002
2090	6	117	002
776	15	5088	002
169	1	173	002
2094	6	2096	002
396	6	30	002
104	1	107	002
3193	12	2155	002
3040	23	12544	002
2030	6	2045	002
40	6	2114	002
6371	23	3023	002
2693	12	28	002
303	1	416	002
8943	23	3023	002
8730	23	3026	002
3040	23	12544	002
2134	6	29	002
6529	23	3023	002
2903	11	3089	002
205	15	4990	002
2011	6	30	002
3068	23	3027	002
2114	15	4988	002
1866	12	170	002
8385	23	3023	002
636	1	172	002
2124	6	117	002
509	6	30	002
3143	11	3087	002
8824	23	2977	002
1941	6	2045	002
3206	12	2082	002
6414	23	2935	002
100	6	30	002
7847	23	2966	002
2071	6	30	002
44	6	30	002
6529	23	2952	002
1588	6	30	002
191	1	30	002
2691	23	3023	002
6878	23	2966	002
6726	23	2966	002
2020	6	2045	002
2143	6	2045	003
2097	6	30	003
206	1	207	003
2156	6	30	003
2121	6	2122	003
2129	6	30	003
12503	23	12520	003
675	6	2051	003
2169	6	29	003
765	6	30	003
492	1	493	003
3231	12	29	003
776	1	493	003
7406	23	3023	003
3208	12	2082	003
9018	23	3023	003
169	6	173	003
1850	23	2951	003
1941	5	1943	003
702	6	28	003
3227	12	46	003
1894	23	2920	003
3219	12	2027	003
1525	6	29	003
494	1	28	003
1502	1	416	003
8516	23	2981	003
610	1	416	003
443	1	416	003
3211	12	2082	003
717	1	636	003
2729	23	2935	003
473	1	416	003
178	6	117	003
845	1	28	003
1133	6	1134	003
1394	6	115	003
6878	23	12520	003
6414	23	2935	003
114	1	117	003
2105	6	30	003
1644	1	207	003
2530	14	3431	003
3577	14	3437	003
8301	23	3060	003
172	1	402	003
8943	23	2951	003
205	6	2038	003
2135	6	2045	003
2852	23	2952	003
1975	6	2008	003
25	15	5024	003
4932	14	3491	003
675	15	4990	003
2130	6	2045	003
17	1	1561	003
720	1	28	003
711	1	28	003
310	15	5088	003
3040	23	3023	003
1912	6	2179	003
2142	6	2045	003
88	6	30	003
2909	9	2720	003
6371	23	3023	003
675	15	5120	003
702	1	28	003
658	1	173	003
2136	6	2122	003
25	15	4990	003
25	6	30	003
578	1	28	003
1110	15	5120	003
8385	23	2981	003
3214	12	2082	003
44	5	25	003
1637	6	2114	003
1947	6	173	003
1133	15	4990	003
630	6	30	003
2159	6	30	003
1850	23	2951	003
205	1	207	003
8842	23	3023	003
759	1	28	003
492	15	5088	003
1133	1	1134	003
2172	6	2008	003
3209	12	30	003
1588	1	263	003
113	6	30	003
1957	6	2056	003
2069	6	1561	003
1100	6	28	003
19	6	2045	003
3236	23	3023	003
8730	23	2951	003
2127	6	171	003
2082	15	4988	003
3086	23	12527	003
5348	15	5088	003
3228	12	117	003
769	1	28	003
191	6	30	003
2119	6	2045	003
3236	23	12520	003
6878	23	12520	003
2909	9	2593	003
2729	23	2966	003
2056	15	4988	003
2090	6	117	003
776	15	5088	003
169	1	173	003
2094	6	2096	003
396	6	30	003
104	1	107	003
3193	12	2155	003
3040	23	12544	003
2030	6	2045	003
40	6	2114	003
6371	23	3023	003
2693	12	28	003
303	1	416	003
8943	23	3023	003
8730	23	3026	003
3040	23	12544	003
2134	6	29	003
6529	23	3023	003
2903	11	3089	003
205	15	4990	003
2011	6	30	003
3068	23	3027	003
2114	15	4988	003
1866	12	170	003
8385	23	3023	003
636	1	172	003
2124	6	117	003
509	6	30	003
3143	11	3087	003
8824	23	2977	003
1941	6	2045	003
3206	12	2082	003
6414	23	2935	003
100	6	30	003
7847	23	2966	003
2071	6	30	003
44	6	30	003
6529	23	2952	003
1588	6	30	003
191	1	30	003
2691	23	3023	003
6878	23	2966	003
6726	23	2966	003
2020	6	2045	003
2143	6	2045	004
2097	6	30	004
206	1	207	004
2156	6	30	004
2121	6	2122	004
2129	6	30	004
12503	23	12520	004
675	6	2051	004
2169	6	29	004
765	6	30	004
492	1	493	004
3231	12	29	004
776	1	493	004
7406	23	3023	004
3208	12	2082	004
9018	23	3023	004
169	6	173	004
1850	23	2951	004
1941	5	1943	004
702	6	28	004
3227	12	46	004
1894	23	2920	004
3219	12	2027	004
1525	6	29	004
494	1	28	004
1502	1	416	004
8516	23	2981	004
610	1	416	004
443	1	416	004
3211	12	2082	004
717	1	636	004
2729	23	2935	004
473	1	416	004
178	6	117	004
845	1	28	004
1133	6	1134	004
1394	6	115	004
6878	23	12520	004
6414	23	2935	004
114	1	117	004
2105	6	30	004
1644	1	207	004
2530	14	3431	004
3577	14	3437	004
8301	23	3060	004
172	1	402	004
8943	23	2951	004
205	6	2038	004
2135	6	2045	004
2852	23	2952	004
1975	6	2008	004
25	15	5024	004
4932	14	3491	004
675	15	4990	004
2130	6	2045	004
17	1	1561	004
720	1	28	004
711	1	28	004
310	15	5088	004
3040	23	3023	004
1912	6	2179	004
2142	6	2045	004
88	6	30	004
2909	9	2720	004
6371	23	3023	004
675	15	5120	004
702	1	28	004
658	1	173	004
2136	6	2122	004
25	15	4990	004
25	6	30	004
578	1	28	004
1110	15	5120	004
8385	23	2981	004
3214	12	2082	004
44	5	25	004
1637	6	2114	004
1947	6	173	004
1133	15	4990	004
630	6	30	004
2159	6	30	004
1850	23	2951	004
205	1	207	004
8842	23	3023	004
759	1	28	004
492	15	5088	004
1133	1	1134	004
2172	6	2008	004
3209	12	30	004
1588	1	263	004
113	6	30	004
1957	6	2056	004
2069	6	1561	004
1100	6	28	004
19	6	2045	004
3236	23	3023	004
8730	23	2951	004
2127	6	171	004
2082	15	4988	004
3086	23	12527	004
5348	15	5088	004
3228	12	117	004
769	1	28	004
191	6	30	004
2119	6	2045	004
3236	23	12520	004
6878	23	12520	004
2909	9	2593	004
2729	23	2966	004
2056	15	4988	004
2090	6	117	004
776	15	5088	004
169	1	173	004
2094	6	2096	004
396	6	30	004
104	1	107	004
3193	12	2155	004
3040	23	12544	004
2030	6	2045	004
40	6	2114	004
6371	23	3023	004
2693	12	28	004
303	1	416	004
8943	23	3023	004
8730	23	3026	004
3040	23	12544	004
2134	6	29	004
6529	23	3023	004
2903	11	3089	004
205	15	4990	004
2011	6	30	004
3068	23	3027	004
2114	15	4988	004
1866	12	170	004
8385	23	3023	004
636	1	172	004
2124	6	117	004
509	6	30	004
3143	11	3087	004
8824	23	2977	004
1941	6	2045	004
3206	12	2082	004
6414	23	2935	004
100	6	30	004
7847	23	2966	004
2071	6	30	004
44	6	30	004
6529	23	2952	004
1588	6	30	004
191	1	30	004
2691	23	3023	004
6878	23	2966	004
6726	23	2966	004
2020	6	2045	004
2143	6	2045	005
2097	6	30	005
206	1	207	005
2156	6	30	005
2121	6	2122	005
2129	6	30	005
12503	23	12520	005
675	6	2051	005
2169	6	29	005
765	6	30	005
492	1	493	005
3231	12	29	005
776	1	493	005
7406	23	3023	005
3208	12	2082	005
9018	23	3023	005
169	6	173	005
1850	23	2951	005
1941	5	1943	005
702	6	28	005
3227	12	46	005
1894	23	2920	005
3219	12	2027	005
1525	6	29	005
494	1	28	005
1502	1	416	005
8516	23	2981	005
610	1	416	005
443	1	416	005
3211	12	2082	005
717	1	636	005
2729	23	2935	005
473	1	416	005
178	6	117	005
845	1	28	005
1133	6	1134	005
1394	6	115	005
6878	23	12520	005
6414	23	2935	005
114	1	117	005
2105	6	30	005
1644	1	207	005
2530	14	3431	005
3577	14	3437	005
8301	23	3060	005
172	1	402	005
8943	23	2951	005
205	6	2038	005
2135	6	2045	005
2852	23	2952	005
1975	6	2008	005
25	15	5024	005
4932	14	3491	005
675	15	4990	005
2130	6	2045	005
17	1	1561	005
720	1	28	005
711	1	28	005
310	15	5088	005
3040	23	3023	005
1912	6	2179	005
2142	6	2045	005
88	6	30	005
2909	9	2720	005
6371	23	3023	005
675	15	5120	005
702	1	28	005
658	1	173	005
2136	6	2122	005
25	15	4990	005
25	6	30	005
578	1	28	005
1110	15	5120	005
8385	23	2981	005
3214	12	2082	005
44	5	25	005
1637	6	2114	005
1947	6	173	005
1133	15	4990	005
630	6	30	005
2159	6	30	005
1850	23	2951	005
205	1	207	005
8842	23	3023	005
759	1	28	005
492	15	5088	005
1133	1	1134	005
2172	6	2008	005
3209	12	30	005
1588	1	263	005
113	6	30	005
1957	6	2056	005
2069	6	1561	005
1100	6	28	005
19	6	2045	005
3236	23	3023	005
8730	23	2951	005
2127	6	171	005
2082	15	4988	005
3086	23	12527	005
5348	15	5088	005
3228	12	117	005
769	1	28	005
191	6	30	005
2119	6	2045	005
3236	23	12520	005
4932	14	3509	005
6878	23	12520	005
2909	9	2593	005
2729	23	2966	005
2056	15	4988	005
2090	6	117	005
776	15	5088	005
169	1	173	005
2094	6	2096	005
396	6	30	005
104	1	107	005
3193	12	2155	005
3040	23	12544	005
2030	6	2045	005
40	6	2114	005
6371	23	3023	005
2693	12	28	005
303	1	416	005
8943	23	3023	005
8730	23	3026	005
3040	23	12544	005
2134	6	29	005
6529	23	3023	005
2903	11	3089	005
205	15	4990	005
2011	6	30	005
3068	23	3027	005
2114	15	4988	005
1866	12	170	005
8385	23	3023	005
636	1	172	005
2124	6	117	005
509	6	30	005
3143	11	3087	005
8824	23	2977	005
1941	6	2045	005
3206	12	2082	005
6414	23	2935	005
100	6	30	005
7847	23	2966	005
2071	6	30	005
44	6	30	005
6529	23	2952	005
1588	6	30	005
191	1	30	005
2691	23	3023	005
6878	23	2966	005
6726	23	2966	005
2020	6	2045	005
2143	6	2045	006
2097	6	30	006
206	1	207	006
2156	6	30	006
2121	6	2122	006
2129	6	30	006
12503	23	12520	006
675	6	2051	006
2169	6	29	006
765	6	30	006
492	1	493	006
3231	12	29	006
776	1	493	006
7406	23	3023	006
3208	12	2082	006
9018	23	3023	006
169	6	173	006
1850	23	2951	006
1941	5	1943	006
702	6	28	006
3227	12	46	006
1894	23	2920	006
3219	12	2027	006
1525	6	29	006
494	1	28	006
1502	1	416	006
8516	23	2981	006
610	1	416	006
443	1	416	006
3211	12	2082	006
717	1	636	006
2729	23	2935	006
473	1	416	006
178	6	117	006
845	1	28	006
1133	6	1134	006
1394	6	115	006
6878	23	12520	006
6414	23	2935	006
114	1	117	006
2105	6	30	006
1644	1	207	006
2530	14	3431	006
3577	14	3437	006
8301	23	3060	006
172	1	402	006
8943	23	2951	006
205	6	2038	006
2135	6	2045	006
2852	23	2952	006
1975	6	2008	006
25	15	5024	006
675	15	4990	006
2130	6	2045	006
17	1	1561	006
720	1	28	006
711	1	28	006
310	15	5088	006
3040	23	3023	006
1912	6	2179	006
2142	6	2045	006
88	6	30	006
2909	9	2720	006
6371	23	3023	006
675	15	5120	006
702	1	28	006
658	1	173	006
2136	6	2122	006
25	15	4990	006
25	6	30	006
578	1	28	006
1110	15	5120	006
8385	23	2981	006
3214	12	2082	006
44	5	25	006
1637	6	2114	006
1947	6	173	006
1133	15	4990	006
630	6	30	006
2159	6	30	006
1850	23	2951	006
205	1	207	006
8842	23	3023	006
759	1	28	006
492	15	5088	006
1133	1	1134	006
2172	6	2008	006
3209	12	30	006
1588	1	263	006
113	6	30	006
1957	6	2056	006
2069	6	1561	006
1100	6	28	006
19	6	2045	006
3236	23	3023	006
8730	23	2951	006
2127	6	171	006
2082	15	4988	006
3086	23	12527	006
5348	15	5088	006
3228	12	117	006
769	1	28	006
191	6	30	006
2119	6	2045	006
3236	23	12520	006
4932	14	3509	006
6878	23	12520	006
2909	9	2593	006
2729	23	2966	006
2056	15	4988	006
2090	6	117	006
776	15	5088	006
169	1	173	006
2094	6	2096	006
396	6	30	006
104	1	107	006
3193	12	2155	006
3040	23	12544	006
2030	6	2045	006
40	6	2114	006
6371	23	3023	006
2693	12	28	006
303	1	416	006
8943	23	3023	006
8730	23	3026	006
3040	23	12544	006
2134	6	29	006
6529	23	3023	006
2903	11	3089	006
205	15	4990	006
2011	6	30	006
3068	23	3027	006
2114	15	4988	006
1866	12	170	006
8385	23	3023	006
636	1	172	006
2124	6	117	006
509	6	30	006
3143	11	3087	006
8824	23	2977	006
1941	6	2045	006
3206	12	2082	006
6414	23	2935	006
100	6	30	006
7847	23	2966	006
2071	6	30	006
44	6	30	006
6529	23	2952	006
1588	6	30	006
191	1	30	006
2691	23	3023	006
6878	23	2966	006
6726	23	2966	006
2020	6	2045	006
2143	6	2045	007
2097	6	30	007
206	1	207	007
2156	6	30	007
2121	6	2122	007
2129	6	30	007
12503	23	12520	007
675	6	2051	007
2169	6	29	007
765	6	30	007
492	1	493	007
3231	12	29	007
776	1	493	007
7406	23	3023	007
3208	12	2082	007
9018	23	3023	007
169	6	173	007
1850	23	2951	007
1941	5	1943	007
702	6	28	007
3227	12	46	007
1894	23	2920	007
3219	12	2027	007
1525	6	29	007
494	1	28	007
1502	1	416	007
8516	23	2981	007
610	1	416	007
443	1	416	007
3211	12	2082	007
717	1	636	007
2729	23	2935	007
473	1	416	007
178	6	117	007
845	1	28	007
1133	6	1134	007
1394	6	115	007
6878	23	12520	007
6414	23	2935	007
114	1	117	007
2105	6	30	007
1644	1	207	007
2530	14	3431	007
3577	14	3437	007
8301	23	3060	007
172	1	402	007
8943	23	2951	007
205	6	2038	007
2135	6	2045	007
2852	23	2952	007
2068	6	173	007
1975	6	2008	007
1429	6	173	007
588	6	30	007
25	15	5024	007
675	15	4990	007
2130	6	2045	007
17	1	1561	007
720	1	28	007
711	1	28	007
310	15	5088	007
3040	23	3023	007
1912	6	2179	007
2142	6	2045	007
88	6	30	007
2909	9	2720	007
6371	23	3023	007
675	15	5120	007
702	1	28	007
658	1	173	007
2136	6	2122	007
25	15	4990	007
25	6	30	007
578	1	28	007
1110	15	5120	007
8385	23	2981	007
3214	12	2082	007
44	5	25	007
1637	6	2114	007
1947	6	173	007
1133	15	4990	007
630	6	30	007
2159	6	30	007
1850	23	2951	007
205	1	207	007
8842	23	3023	007
759	1	28	007
492	15	5088	007
1133	1	1134	007
2172	6	2008	007
3209	12	30	007
1588	1	263	007
113	6	30	007
1957	6	2056	007
2069	6	1561	007
1100	6	28	007
19	6	2045	007
3236	23	3023	007
8730	23	2951	007
2127	6	171	007
2082	15	4988	007
3086	23	12527	007
5348	15	5088	007
3228	12	117	007
769	1	28	007
191	6	30	007
2119	6	2045	007
3236	23	12520	007
4932	14	3509	007
6878	23	12520	007
2909	9	2593	007
2729	23	2966	007
2056	15	4988	007
2090	6	117	007
776	15	5088	007
169	1	173	007
2094	6	2096	007
396	6	30	007
104	1	107	007
3193	12	2155	007
3040	23	12544	007
2030	6	2045	007
40	6	2114	007
6371	23	3023	007
2693	12	28	007
303	1	416	007
8943	23	3023	007
8730	23	3026	007
3040	23	12544	007
2134	6	29	007
6529	23	3023	007
2903	11	3089	007
205	15	4990	007
2011	6	30	007
3068	23	3027	007
2114	15	4988	007
1866	12	170	007
8385	23	3023	007
636	1	172	007
2124	6	117	007
509	6	30	007
3143	11	3087	007
8824	23	2977	007
1941	6	2045	007
3206	12	2082	007
6414	23	2935	007
100	6	30	007
7847	23	2966	007
2071	6	30	007
44	6	30	007
6529	23	2952	007
1588	6	30	007
191	1	30	007
2691	23	3023	007
6878	23	2966	007
6726	23	2966	007
2020	6	2045	007
2143	6	2045	008
2097	6	30	008
206	1	207	008
2156	6	30	008
2121	6	2122	008
2129	6	30	008
4556	14	3491	008
12503	23	12520	008
675	6	2051	008
2169	6	29	008
765	6	30	008
492	1	493	008
3231	12	29	008
776	1	493	008
7406	23	3023	008
3208	12	2082	008
9018	23	3023	008
169	6	173	008
1850	23	2951	008
1941	5	1943	008
702	6	28	008
3227	12	46	008
1894	23	2920	008
3219	12	2027	008
1525	6	29	008
494	1	28	008
1502	1	416	008
8516	23	2981	008
610	1	416	008
443	1	416	008
3211	12	2082	008
717	1	636	008
2729	23	2935	008
473	1	416	008
178	6	117	008
845	1	28	008
1133	6	1134	008
1394	6	115	008
6878	23	12520	008
6414	23	2935	008
114	1	117	008
2105	6	30	008
1644	1	207	008
2530	14	3431	008
3577	14	3437	008
8301	23	3060	008
172	1	402	008
8943	23	2951	008
205	6	2038	008
2135	6	2045	008
2852	23	2952	008
2068	6	173	008
1975	6	2008	008
1429	6	173	008
588	6	30	008
25	15	5024	008
675	15	4990	008
2130	6	2045	008
17	1	1561	008
720	1	28	008
711	1	28	008
310	15	5088	008
3040	23	3023	008
1912	6	2179	008
2142	6	2045	008
88	6	30	008
2909	9	2720	008
6371	23	3023	008
675	15	5120	008
702	1	28	008
658	1	173	008
2136	6	2122	008
25	15	4990	008
25	6	30	008
578	1	28	008
1110	15	5120	008
8385	23	2981	008
3214	12	2082	008
44	5	25	008
1637	6	2114	008
1947	6	173	008
1133	15	4990	008
630	6	30	008
2159	6	30	008
1850	23	2951	008
205	1	207	008
8842	23	3023	008
759	1	28	008
492	15	5088	008
2172	6	2008	008
3209	12	30	008
1588	1	263	008
113	6	30	008
2069	6	1561	008
1100	6	28	008
19	6	2045	008
3236	23	3023	008
8730	23	2951	008
2127	6	171	008
2082	15	4988	008
3086	23	12527	008
5348	15	5088	008
3228	12	117	008
769	1	28	008
191	6	30	008
2119	6	2045	008
3236	23	12520	008
4932	14	3509	008
6878	23	12520	008
2909	9	2593	008
2729	23	2966	008
2056	15	4988	008
2090	6	117	008
776	15	5088	008
169	1	173	008
2094	6	2096	008
396	6	30	008
104	1	107	008
3193	12	2155	008
3040	23	12544	008
2030	6	2045	008
40	6	2114	008
6371	23	3023	008
2693	12	28	008
1957	6	2055	008
303	1	416	008
8943	23	3023	008
8730	23	3026	008
3040	23	12544	008
2134	6	29	008
6529	23	3023	008
2903	11	3089	008
205	15	4990	008
2011	6	30	008
3068	23	3027	008
2114	15	4988	008
1866	12	170	008
8385	23	3023	008
636	1	172	008
2124	6	117	008
509	6	30	008
3143	11	3087	008
8824	23	2977	008
1941	6	2045	008
3206	12	2082	008
6414	23	2935	008
100	6	30	008
7847	23	2966	008
2071	6	30	008
44	6	30	008
6529	23	2952	008
1588	6	30	008
191	1	30	008
2691	23	3023	008
6878	23	2966	008
6726	23	2966	008
2020	6	2045	008
2143	6	2045	009
2097	6	30	009
206	1	207	009
2156	6	30	009
2121	6	2122	009
2129	6	30	009
4556	14	3491	009
12503	23	12520	009
675	6	2051	009
2169	6	29	009
765	6	30	009
492	1	493	009
3231	12	29	009
776	1	493	009
7406	23	3023	009
2153	6	30	009
3208	12	2082	009
9018	23	3023	009
169	6	173	009
1850	23	2951	009
1941	5	1943	009
702	6	28	009
3227	12	46	009
1894	23	2920	009
3219	12	2027	009
1525	6	29	009
494	1	28	009
1502	1	416	009
8516	23	2981	009
610	1	416	009
443	1	416	009
3211	12	2082	009
717	1	636	009
2729	23	2935	009
473	1	416	009
178	6	117	009
845	1	28	009
1133	6	1134	009
1394	6	115	009
6878	23	12520	009
6414	23	2935	009
114	1	117	009
2105	6	30	009
1644	1	207	009
2530	14	3431	009
3577	14	3437	009
8301	23	3060	009
1961	6	2045	009
1133	6	30	009
172	1	402	009
8943	23	2951	009
205	6	2038	009
2135	6	2045	009
2852	23	2952	009
2068	6	173	009
1975	6	2008	009
1429	6	173	009
588	6	30	009
25	15	5024	009
675	15	4990	009
2130	6	2045	009
17	1	1561	009
720	1	28	009
711	1	28	009
310	15	5088	009
3040	23	3023	009
1912	6	2179	009
2142	6	2045	009
88	6	30	009
2909	9	2720	009
6371	23	3023	009
675	15	5120	009
702	1	28	009
658	1	173	009
2136	6	2122	009
25	15	4990	009
25	6	30	009
578	1	28	009
1110	15	5120	009
8385	23	2981	009
3214	12	2082	009
44	5	25	009
1637	6	2114	009
1947	6	173	009
1133	15	4990	009
630	6	30	009
2159	6	30	009
1850	23	2951	009
205	1	207	009
8842	23	3023	009
759	1	28	009
492	15	5088	009
1592	6	30	009
2172	6	2008	009
3209	12	30	009
1588	1	263	009
113	6	30	009
2069	6	1561	009
1100	6	28	009
19	6	2045	009
3236	23	3023	009
8730	23	2951	009
2127	6	171	009
2082	15	4988	009
2702	9	2705	009
3086	23	12527	009
5348	15	5088	009
3228	12	117	009
769	1	28	009
191	6	30	009
2119	6	2045	009
3236	23	12520	009
4932	14	3509	009
6878	23	12520	009
2909	9	2593	009
2729	23	2966	009
2056	15	4988	009
2090	6	117	009
776	15	5088	009
169	1	173	009
2094	6	2096	009
396	6	30	009
104	1	107	009
3193	12	2155	009
3040	23	12544	009
2030	6	2045	009
40	6	2114	009
6371	23	3023	009
2693	12	28	009
1957	6	2055	009
303	1	416	009
8943	23	3023	009
8730	23	3026	009
3040	23	12544	009
2134	6	29	009
6529	23	3023	009
2903	11	3089	009
205	15	4990	009
2011	6	30	009
3068	23	3027	009
2114	15	4988	009
1866	12	170	009
8385	23	3023	009
636	1	172	009
2124	6	117	009
509	6	30	009
3143	11	3087	009
8824	23	2977	009
1941	6	2045	009
3206	12	2082	009
6414	23	2935	009
100	6	30	009
7847	23	2966	009
2071	6	30	009
44	6	30	009
6529	23	2952	009
2026	6	30	009
1588	6	30	009
191	1	30	009
2691	23	3023	009
6878	23	2966	009
6726	23	2966	009
2020	6	2045	009
2143	6	2045	010
2097	6	30	010
206	1	207	010
2156	6	30	010
2121	6	2122	010
2129	6	30	010
4556	14	3491	010
12503	23	12520	010
675	6	2051	010
2169	6	29	010
765	6	30	010
492	1	493	010
3231	12	29	010
776	1	493	010
7406	23	3023	010
2153	6	30	010
3208	12	2082	010
9018	23	3023	010
169	6	173	010
1850	23	2951	010
1941	5	1943	010
702	6	28	010
3227	12	46	010
1894	23	2920	010
3219	12	2027	010
1525	6	29	010
494	1	28	010
1502	1	416	010
8516	23	2981	010
610	1	416	010
443	1	416	010
3211	12	2082	010
717	1	636	010
2729	23	2935	010
473	1	416	010
178	6	117	010
845	1	28	010
1394	6	115	010
6878	23	12520	010
6414	23	2935	010
114	1	117	010
2105	6	30	010
921	6	30	010
1644	1	207	010
2530	14	3431	010
3577	14	3437	010
8301	23	3060	010
1961	6	2045	010
1133	6	30	010
172	1	402	010
8943	23	2951	010
205	6	2038	010
2135	6	2045	010
2852	23	2952	010
919	1	921	010
2068	6	173	010
1975	6	2008	010
1429	6	173	010
588	6	30	010
25	15	5024	010
675	15	4990	010
2130	6	2045	010
921	1	30	010
17	1	1561	010
720	1	28	010
711	1	28	010
310	15	5088	010
3040	23	3023	010
1912	6	2179	010
2142	6	2045	010
88	6	30	010
2909	9	2720	010
6371	23	3023	010
675	15	5120	010
702	1	28	010
658	1	173	010
2136	6	2122	010
25	15	4990	010
25	6	30	010
578	1	28	010
1110	15	5120	010
83	1	262	010
8385	23	2981	010
3214	12	2082	010
44	5	25	010
1947	6	173	010
1133	15	4990	010
630	6	30	010
2159	6	30	010
1850	23	2951	010
205	1	207	010
8842	23	3023	010
759	1	28	010
492	15	5088	010
1592	6	30	010
2172	6	2008	010
3209	12	30	010
1588	1	263	010
113	6	30	010
2069	6	1561	010
1100	6	28	010
19	6	2045	010
3236	23	3023	010
8730	23	2951	010
2127	6	171	010
2082	15	4988	010
2702	9	2705	010
3086	23	12527	010
5348	15	5088	010
3228	12	117	010
769	1	28	010
191	6	30	010
2119	6	2045	010
3236	23	12520	010
4932	14	3509	010
6878	23	12520	010
2909	9	2593	010
2729	23	2966	010
2056	15	4988	010
2090	6	117	010
776	15	5088	010
169	1	173	010
2094	6	2096	010
396	6	30	010
104	1	107	010
3193	12	2155	010
3040	23	12544	010
2030	6	2045	010
6371	23	3023	010
2693	12	28	010
1957	6	2055	010
303	1	416	010
8943	23	3023	010
8730	23	3026	010
3040	23	12544	010
2134	6	29	010
6529	23	3023	010
2903	11	3089	010
205	15	4990	010
2011	6	30	010
3068	23	3027	010
1866	12	170	010
8385	23	3023	010
636	1	172	010
2124	6	117	010
509	6	30	010
3143	11	3087	010
8824	23	2977	010
1941	6	2045	010
3206	12	2082	010
6414	23	2935	010
100	6	30	010
7847	23	2966	010
2071	6	30	010
44	6	30	010
6529	23	2952	010
2026	6	30	010
1588	6	30	010
1588	1	262	010
191	1	30	010
2691	23	3023	010
6878	23	2966	010
6726	23	2966	010
2020	6	2045	010
2143	6	2045	011
2097	6	30	011
206	1	207	011
2156	6	30	011
2121	6	2122	011
2129	6	30	011
4556	14	3491	011
12503	23	12520	011
675	6	2051	011
2169	6	29	011
765	6	30	011
492	1	493	011
3231	12	29	011
776	1	493	011
7406	23	3023	011
2153	6	30	011
3208	12	2082	011
9018	23	3023	011
169	6	173	011
1850	23	2951	011
1941	5	1943	011
702	6	28	011
3227	12	46	011
1894	23	2920	011
3219	12	2027	011
1525	6	29	011
494	1	28	011
1502	1	416	011
8516	23	2981	011
610	1	416	011
443	1	416	011
3211	12	2082	011
717	1	636	011
2729	23	2935	011
473	1	416	011
178	6	117	011
845	1	28	011
1394	6	115	011
6878	23	12520	011
6414	23	2935	011
114	1	117	011
2105	6	30	011
921	6	30	011
1644	1	207	011
2530	14	3431	011
3577	14	3437	011
2119	6	2055	011
8301	23	3060	011
1961	6	2045	011
1133	6	30	011
172	1	402	011
8943	23	2951	011
205	6	2038	011
2135	6	2045	011
2852	23	2952	011
919	1	921	011
2068	6	173	011
1975	6	2008	011
1429	6	173	011
588	6	30	011
25	15	5024	011
675	15	4990	011
2130	6	2045	011
921	1	30	011
17	1	1561	011
720	1	28	011
711	1	28	011
310	15	5088	011
3040	23	3023	011
1912	6	2179	011
2142	6	2045	011
88	6	30	011
2909	9	2720	011
2102	6	2103	011
6371	23	3023	011
675	15	5120	011
702	1	28	011
658	1	173	011
2136	6	2122	011
25	15	4990	011
25	6	30	011
578	1	28	011
1110	15	5120	011
83	1	262	011
8385	23	2981	011
3214	12	2082	011
44	5	25	011
1947	6	173	011
1133	15	4990	011
630	6	30	011
2159	6	30	011
1850	23	2951	011
205	1	207	011
8842	23	3023	011
759	1	28	011
492	15	5088	011
1592	6	30	011
1956	6	2045	011
2172	6	2008	011
3209	12	30	011
113	6	30	011
2069	6	1561	011
1100	6	28	011
19	6	2045	011
3236	23	3023	011
8730	23	2951	011
2127	6	171	011
2082	15	4988	011
2702	9	2705	011
3086	23	12527	011
5348	15	5088	011
3228	12	117	011
769	1	28	011
191	6	30	011
2119	6	2045	011
3236	23	12520	011
4932	14	3509	011
6878	23	12520	011
2909	9	2593	011
2729	23	2966	011
2056	15	4988	011
2090	6	117	011
776	15	5088	011
169	1	173	011
396	6	30	011
104	1	107	011
3193	12	2155	011
3040	23	12544	011
2030	6	2045	011
6371	23	3023	011
2693	12	28	011
1957	6	2055	011
303	1	416	011
8943	23	3023	011
428	6	2055	011
8730	23	3026	011
3040	23	12544	011
2134	6	29	011
6529	23	3023	011
2903	11	3089	011
205	15	4990	011
2011	6	30	011
3068	23	3027	011
1866	12	170	011
8385	23	3023	011
636	1	172	011
2124	6	117	011
509	6	30	011
3143	11	3087	011
8824	23	2977	011
1941	6	2045	011
3206	12	2082	011
6414	23	2935	011
100	6	30	011
2094	6	2103	011
7847	23	2966	011
2071	6	30	011
44	6	30	011
6529	23	2952	011
2026	6	30	011
1588	6	30	011
1588	1	262	011
191	1	30	011
2691	23	3023	011
6878	23	2966	011
6726	23	2966	011
2020	6	2045	011
2143	6	2045	012
2097	6	30	012
206	1	207	012
2156	6	30	012
2121	6	2122	012
2129	6	30	012
4556	14	3491	012
12503	23	12520	012
675	6	2051	012
2169	6	29	012
765	6	30	012
492	1	493	012
3231	12	29	012
776	1	493	012
7406	23	3023	012
2153	6	30	012
3208	12	2082	012
9018	23	3023	012
169	6	173	012
1850	23	2951	012
1941	5	1943	012
702	6	28	012
3227	12	46	012
1894	23	2920	012
3219	12	2027	012
1525	6	29	012
494	1	28	012
1502	1	416	012
8516	23	2981	012
610	1	416	012
443	1	416	012
3211	12	2082	012
717	1	636	012
2729	23	2935	012
473	1	416	012
178	6	117	012
845	1	28	012
1394	6	115	012
6878	23	12520	012
6414	23	2935	012
114	1	117	012
2105	6	30	012
921	6	30	012
1644	1	207	012
2530	14	3431	012
3577	14	3437	012
2119	6	2055	012
8301	23	3060	012
1961	6	2045	012
1133	6	30	012
172	1	402	012
8943	23	2951	012
205	6	2038	012
2135	6	2045	012
2852	23	2952	012
919	1	921	012
2068	6	173	012
1975	6	2008	012
1429	6	173	012
588	6	30	012
25	15	5024	012
675	15	4990	012
2130	6	2045	012
921	1	30	012
17	1	1561	012
720	1	28	012
711	1	28	012
310	15	5088	012
3040	23	3023	012
1912	6	2179	012
2142	6	2045	012
88	6	30	012
2909	9	2720	012
2102	6	2103	012
6371	23	3023	012
675	15	5120	012
702	1	28	012
658	1	173	012
2136	6	2122	012
25	15	4990	012
25	6	30	012
578	1	28	012
1110	15	5120	012
83	1	262	012
8385	23	2981	012
3214	12	2082	012
44	5	25	012
1947	6	173	012
1133	15	4990	012
630	6	30	012
2159	6	30	012
1850	23	2951	012
205	1	207	012
8842	23	3023	012
759	1	28	012
492	15	5088	012
1592	6	30	012
1956	6	2045	012
2172	6	2008	012
3209	12	30	012
113	6	30	012
2069	6	1561	012
1100	6	28	012
19	6	2045	012
3236	23	3023	012
8730	23	2951	012
2127	6	171	012
2082	15	4988	012
2702	9	2705	012
3086	23	12527	012
5348	15	5088	012
3228	12	117	012
769	1	28	012
191	6	30	012
3236	23	12520	012
4932	14	3509	012
6878	23	12520	012
2909	9	2593	012
2729	23	2966	012
2056	15	4988	012
2090	6	117	012
776	15	5088	012
169	1	173	012
396	6	30	012
104	1	107	012
3193	12	2155	012
3040	23	12544	012
2030	6	2045	012
6371	23	3023	012
2693	12	28	012
1957	6	2055	012
303	1	416	012
8943	23	3023	012
428	6	2055	012
8730	23	3026	012
3040	23	12544	012
2134	6	29	012
6529	23	3023	012
2903	11	3089	012
205	15	4990	012
2011	6	30	012
3068	23	3027	012
1866	12	170	012
8385	23	3023	012
636	1	172	012
2124	6	117	012
509	6	30	012
3143	11	3087	012
8824	23	2977	012
1941	6	2045	012
3206	12	2082	012
6414	23	2935	012
100	6	30	012
2094	6	2103	012
7847	23	2966	012
2071	6	30	012
44	6	30	012
6529	23	2952	012
2026	6	30	012
1588	6	30	012
1588	1	262	012
191	1	30	012
2691	23	3023	012
6878	23	2966	012
6726	23	2966	012
2020	6	2045	012
2143	6	2045	013
2097	6	30	013
206	1	207	013
2156	6	30	013
2121	6	2122	013
2129	6	30	013
4556	14	3491	013
12503	23	12520	013
675	6	2051	013
2169	6	29	013
765	6	30	013
492	1	493	013
3231	12	29	013
776	1	493	013
7406	23	3023	013
2153	6	30	013
3208	12	2082	013
9018	23	3023	013
169	6	173	013
1850	23	2951	013
1941	5	1943	013
702	6	28	013
3227	12	46	013
1894	23	2920	013
3219	12	2027	013
1525	6	29	013
494	1	28	013
1502	1	416	013
8516	23	2981	013
610	1	416	013
443	1	416	013
3211	12	2082	013
717	1	636	013
2729	23	2935	013
473	1	416	013
178	6	117	013
845	1	28	013
1394	6	115	013
6878	23	12520	013
6414	23	2935	013
114	1	117	013
2105	6	30	013
921	6	30	013
1644	1	207	013
2530	14	3431	013
3577	14	3437	013
2119	6	2055	013
8301	23	3060	013
1961	6	2045	013
1133	6	30	013
172	1	402	013
8943	23	2951	013
205	6	2038	013
2135	6	2045	013
2852	23	2952	013
919	1	921	013
2068	6	173	013
1975	6	2008	013
1429	6	173	013
588	6	30	013
25	15	5024	013
675	15	4990	013
2130	6	2045	013
921	1	30	013
17	1	1561	013
720	1	28	013
711	1	28	013
310	15	5088	013
3040	23	3023	013
1912	6	2179	013
2142	6	2045	013
88	6	30	013
2909	9	2720	013
2102	6	2103	013
6371	23	3023	013
675	15	5120	013
702	1	28	013
658	1	173	013
2136	6	2122	013
25	15	4990	013
25	6	30	013
578	1	28	013
1110	15	5120	013
83	1	262	013
8385	23	2981	013
3214	12	2082	013
44	5	25	013
1947	6	173	013
1133	15	4990	013
630	6	30	013
2159	6	30	013
1850	23	2951	013
205	1	207	013
8842	23	3023	013
759	1	28	013
492	15	5088	013
1592	6	30	013
1956	6	2045	013
2172	6	2008	013
3209	12	30	013
113	6	30	013
2069	6	1561	013
1100	6	28	013
19	6	2045	013
3236	23	3023	013
8730	23	2951	013
2127	6	171	013
2082	15	4988	013
2702	9	2705	013
3086	23	12527	013
5348	15	5088	013
3228	12	117	013
769	1	28	013
2119	6	2045	013
191	6	30	013
3236	23	12520	013
4932	14	3509	013
6878	23	12520	013
2909	9	2593	013
2729	23	2966	013
2056	15	4988	013
2090	6	117	013
776	15	5088	013
169	1	173	013
396	6	30	013
104	1	107	013
3193	12	2155	013
3040	23	12544	013
2030	6	2045	013
6371	23	3023	013
2693	12	28	013
1957	6	2055	013
303	1	416	013
8943	23	3023	013
428	6	2055	013
8730	23	3026	013
3040	23	12544	013
2134	6	29	013
6529	23	3023	013
2903	11	3089	013
205	15	4990	013
2011	6	30	013
3068	23	3027	013
1866	12	170	013
8385	23	3023	013
636	1	172	013
2124	6	117	013
509	6	30	013
3143	11	3087	013
8824	23	2977	013
1941	6	2045	013
3206	12	2082	013
6414	23	2935	013
100	6	30	013
2094	6	2103	013
7847	23	2966	013
2071	6	30	013
44	6	30	013
6529	23	2952	013
2026	6	30	013
1588	6	30	013
1588	1	262	013
191	1	30	013
2691	23	3023	013
6878	23	2966	013
6726	23	2966	013
2020	6	2045	013
2143	6	2045	014
2097	6	30	014
206	1	207	014
2156	6	30	014
2121	6	2122	014
2129	6	30	014
4556	14	3491	014
12503	23	12520	014
675	6	2051	014
2169	6	29	014
765	6	30	014
492	1	493	014
3231	12	29	014
776	1	493	014
7406	23	3023	014
2153	6	30	014
3208	12	2082	014
9018	23	3023	014
169	6	173	014
1850	23	2951	014
1941	5	1943	014
702	6	28	014
3227	12	46	014
1894	23	2920	014
3219	12	2027	014
1525	6	29	014
494	1	28	014
1502	1	416	014
8516	23	2981	014
610	1	416	014
443	1	416	014
3211	12	2082	014
717	1	636	014
2729	23	2935	014
473	1	416	014
178	6	117	014
845	1	28	014
1394	6	115	014
6878	23	12520	014
6414	23	2935	014
114	1	117	014
2105	6	30	014
921	6	30	014
1644	1	207	014
2530	14	3431	014
3577	14	3437	014
8301	23	3060	014
1961	6	2045	014
1133	6	30	014
172	1	402	014
8943	23	2951	014
205	6	2038	014
2135	6	2045	014
2852	23	2952	014
919	1	921	014
2068	6	173	014
1975	6	2008	014
1429	6	173	014
588	6	30	014
25	15	5024	014
675	15	4990	014
2130	6	2045	014
921	1	30	014
17	1	1561	014
720	1	28	014
711	1	28	014
310	15	5088	014
3040	23	3023	014
1912	6	2179	014
2142	6	2045	014
88	6	30	014
2909	9	2720	014
2102	6	2103	014
6371	23	3023	014
675	15	5120	014
702	1	28	014
658	1	173	014
2136	6	2122	014
25	15	4990	014
25	6	30	014
578	1	28	014
1110	15	5120	014
83	1	262	014
8385	23	2981	014
3214	12	2082	014
44	5	25	014
1947	6	173	014
1133	15	4990	014
630	6	30	014
2159	6	30	014
1850	23	2951	014
205	1	207	014
8842	23	3023	014
759	1	28	014
492	15	5088	014
1592	6	30	014
1956	6	2045	014
2172	6	2008	014
3209	12	30	014
113	6	30	014
2069	6	1561	014
1100	6	28	014
19	6	2045	014
3236	23	3023	014
8730	23	2951	014
2127	6	171	014
2082	15	4988	014
2702	9	2705	014
3086	23	12527	014
5348	15	5088	014
3228	12	117	014
769	1	28	014
2119	6	2045	014
191	6	30	014
3236	23	12520	014
4932	14	3509	014
6878	23	12520	014
2909	9	2593	014
2729	23	2966	014
2056	15	4988	014
2090	6	117	014
776	15	5088	014
169	1	173	014
396	6	30	014
104	1	107	014
3193	12	2155	014
3040	23	12544	014
2030	6	2045	014
6371	23	3023	014
2693	12	28	014
1957	6	2055	014
303	1	416	014
8943	23	3023	014
428	6	2055	014
8730	23	3026	014
3040	23	12544	014
2134	6	29	014
6529	23	3023	014
2903	11	3089	014
205	15	4990	014
2011	6	30	014
3068	23	3027	014
1866	12	170	014
8385	23	3023	014
636	1	172	014
2124	6	117	014
509	6	30	014
3143	11	3087	014
114	1	116	014
8824	23	2977	014
1941	6	2045	014
3206	12	2082	014
6414	23	2935	014
100	6	30	014
2094	6	2103	014
7847	23	2966	014
2071	6	30	014
44	6	30	014
6529	23	2952	014
2026	6	30	014
1588	6	30	014
1588	1	262	014
191	1	30	014
2691	23	3023	014
6878	23	2966	014
6726	23	2966	014
2020	6	2045	014
2143	6	2045	015
2097	6	30	015
206	1	207	015
2156	6	30	015
2121	6	2122	015
2129	6	30	015
4556	14	3491	015
12503	23	12520	015
675	6	2051	015
2169	6	29	015
765	6	30	015
492	1	493	015
3231	12	29	015
776	1	493	015
7406	23	3023	015
2153	6	30	015
2016	6	116	015
3208	12	2082	015
9018	23	3023	015
169	6	173	015
1850	23	2951	015
1941	5	1943	015
702	6	28	015
3227	12	46	015
1894	23	2920	015
3219	12	2027	015
1525	6	29	015
494	1	28	015
1502	1	416	015
8516	23	2981	015
610	1	416	015
443	1	416	015
3211	12	2082	015
717	1	636	015
2729	23	2935	015
473	1	416	015
2090	6	116	015
845	1	28	015
1394	6	115	015
6878	23	12520	015
6414	23	2935	015
2105	6	30	015
921	6	30	015
178	6	116	015
1644	1	207	015
2530	14	3431	015
3577	14	3437	015
8301	23	3060	015
1961	6	2045	015
1133	6	30	015
172	1	402	015
8943	23	2951	015
205	6	2038	015
2135	6	2045	015
2852	23	2952	015
919	1	921	015
2068	6	173	015
1975	6	2008	015
1429	6	173	015
588	6	30	015
25	15	5024	015
675	15	4990	015
2130	6	2045	015
921	1	30	015
17	1	1561	015
720	1	28	015
711	1	28	015
310	15	5088	015
3040	23	3023	015
1912	6	2179	015
2142	6	2045	015
88	6	30	015
2909	9	2720	015
2102	6	2103	015
6371	23	3023	015
675	15	5120	015
702	1	28	015
658	1	173	015
2136	6	2122	015
25	15	4990	015
25	6	30	015
578	1	28	015
1110	15	5120	015
83	1	262	015
8385	23	2981	015
3214	12	2082	015
44	5	25	015
1947	6	173	015
1133	15	4990	015
630	6	30	015
2159	6	30	015
1850	23	2951	015
205	1	207	015
8842	23	3023	015
759	1	28	015
492	15	5088	015
1592	6	30	015
1956	6	2045	015
2172	6	2008	015
3209	12	30	015
113	6	30	015
2069	6	1561	015
1100	6	28	015
19	6	2045	015
3236	23	3023	015
8730	23	2951	015
2127	6	171	015
2082	15	4988	015
2702	9	2705	015
3086	23	12527	015
5348	15	5088	015
3228	12	117	015
769	1	28	015
2119	6	2045	015
191	6	30	015
3236	23	12520	015
4932	14	3509	015
6878	23	12520	015
2909	9	2593	015
2729	23	2966	015
2056	15	4988	015
776	15	5088	015
169	1	173	015
396	6	30	015
2164	6	116	015
2124	6	116	015
104	1	107	015
3193	12	2155	015
2034	6	116	015
2119	6	2103	015
3040	23	12544	015
2030	6	2045	015
6371	23	3023	015
2693	12	28	015
1957	6	2055	015
303	1	416	015
8943	23	3023	015
428	6	2055	015
8730	23	3026	015
3040	23	12544	015
2134	6	29	015
6529	23	3023	015
2903	11	3089	015
205	15	4990	015
2011	6	30	015
3068	23	3027	015
1866	12	170	015
8385	23	3023	015
4556	14	3519	015
636	1	172	015
509	6	30	015
3143	11	3087	015
114	1	116	015
8824	23	2977	015
1941	6	2045	015
3206	12	2082	015
6414	23	2935	015
100	6	30	015
2094	6	2103	015
7847	23	2966	015
2071	6	30	015
44	6	30	015
6529	23	2952	015
2026	6	30	015
1588	6	30	015
1588	1	262	015
191	1	30	015
2691	23	3023	015
6878	23	2966	015
6726	23	2966	015
2020	6	2045	015
2143	6	2045	016
2097	6	30	016
206	1	207	016
2156	6	30	016
2121	6	2122	016
2129	6	30	016
12503	23	12520	016
675	6	2051	016
2169	6	29	016
765	6	30	016
492	1	493	016
40	1	41	016
3231	12	29	016
776	1	493	016
7406	23	3023	016
2153	6	30	016
2016	6	116	016
3208	12	2082	016
9018	23	3023	016
169	6	173	016
1850	23	2951	016
1941	5	1943	016
702	6	28	016
3227	12	46	016
1894	23	2920	016
3219	12	2027	016
1525	6	29	016
494	1	28	016
1502	1	416	016
2119	6	2104	016
8516	23	2981	016
610	1	416	016
443	1	416	016
3211	12	2082	016
717	1	636	016
2729	23	2935	016
473	1	416	016
2090	6	116	016
845	1	28	016
1394	6	115	016
6878	23	12520	016
6414	23	2935	016
2105	6	30	016
921	6	30	016
178	6	116	016
1644	1	207	016
2530	14	3431	016
3577	14	3437	016
8301	23	3060	016
1961	6	2045	016
1133	6	30	016
172	1	402	016
8943	23	2951	016
205	6	2038	016
2135	6	2045	016
2852	23	2952	016
919	1	921	016
2068	6	173	016
1975	6	2008	016
1429	6	173	016
588	6	30	016
25	15	5024	016
675	15	4990	016
2130	6	2045	016
921	1	30	016
17	1	1561	016
720	1	28	016
711	1	28	016
1588	1	1589	016
310	15	5088	016
3040	23	3023	016
1912	6	2179	016
2142	6	2045	016
88	6	30	016
2909	9	2720	016
2102	6	2103	016
6371	23	3023	016
675	15	5120	016
702	1	28	016
658	1	173	016
2136	6	2122	016
25	15	4990	016
25	6	30	016
578	1	28	016
1110	15	5120	016
83	1	262	016
8385	23	2981	016
3214	12	2082	016
44	5	25	016
1947	6	173	016
1133	15	4990	016
630	6	30	016
2159	6	30	016
1850	23	2951	016
205	1	207	016
8842	23	3023	016
759	1	28	016
492	15	5088	016
1592	6	30	016
1956	6	2045	016
2172	6	2008	016
3209	12	30	016
113	6	30	016
2069	6	1561	016
1100	6	28	016
19	6	2045	016
3236	23	3023	016
8730	23	2951	016
2127	6	171	016
2082	15	4988	016
2702	9	2705	016
3086	23	12527	016
5348	15	5088	016
3228	12	117	016
769	1	28	016
2119	6	2045	016
191	6	30	016
3236	23	12520	016
6878	23	12520	016
2909	9	2593	016
2729	23	2966	016
2056	15	4988	016
776	15	5088	016
169	1	173	016
396	6	30	016
2164	6	116	016
2124	6	116	016
104	1	107	016
3193	12	2155	016
2034	6	116	016
2119	6	2103	016
3040	23	12544	016
2030	6	2045	016
6371	23	3023	016
2693	12	28	016
1957	6	2055	016
303	1	416	016
8943	23	3023	016
428	6	2055	016
8730	23	3026	016
3040	23	12544	016
2134	6	29	016
6529	23	3023	016
2903	11	3089	016
205	15	4990	016
2011	6	30	016
3068	23	3027	016
2094	6	2104	016
1866	12	170	016
8385	23	3023	016
4556	14	3519	016
636	1	172	016
509	6	30	016
3143	11	3087	016
114	1	116	016
8824	23	2977	016
1941	6	2045	016
3206	12	2082	016
6414	23	2935	016
2102	6	2104	016
100	6	30	016
2094	6	2103	016
7847	23	2966	016
2071	6	30	016
44	6	30	016
6529	23	2952	016
2026	6	30	016
1588	6	30	016
1588	1	262	016
191	1	30	016
2691	23	3023	016
6878	23	2966	016
6726	23	2966	016
2020	6	2045	016
2143	6	2045	017
2097	6	30	017
206	1	207	017
2156	6	30	017
2121	6	2122	017
2129	6	30	017
12503	23	12520	017
675	6	2051	017
2169	6	29	017
765	6	30	017
492	1	493	017
40	1	41	017
3231	12	29	017
776	1	493	017
7406	23	3023	017
2153	6	30	017
2016	6	116	017
3208	12	2082	017
9018	23	3023	017
169	6	173	017
1850	23	2951	017
1941	5	1943	017
702	6	28	017
3227	12	46	017
1894	23	2920	017
3219	12	2027	017
1525	6	29	017
494	1	28	017
1502	1	416	017
2119	6	2104	017
8516	23	2981	017
610	1	416	017
443	1	416	017
3211	12	2082	017
717	1	636	017
2729	23	2935	017
473	1	416	017
2090	6	116	017
845	1	28	017
1394	6	115	017
6878	23	12520	017
6414	23	2935	017
2105	6	30	017
921	6	30	017
178	6	116	017
1644	1	207	017
2530	14	3431	017
3577	14	3437	017
8301	23	3060	017
1961	6	2045	017
1133	6	30	017
172	1	402	017
8943	23	2951	017
205	6	2038	017
2135	6	2045	017
2852	23	2952	017
919	1	921	017
2068	6	173	017
1975	6	2008	017
1429	6	173	017
588	6	30	017
25	15	5024	017
675	15	4990	017
2130	6	2045	017
921	1	30	017
17	1	1561	017
720	1	28	017
711	1	28	017
1588	1	1589	017
310	15	5088	017
3040	23	3023	017
1912	6	2179	017
2142	6	2045	017
88	6	30	017
2909	9	2720	017
6371	23	3023	017
675	15	5120	017
702	1	28	017
658	1	173	017
2136	6	2122	017
25	15	4990	017
25	6	30	017
578	1	28	017
1110	15	5120	017
8385	23	2981	017
3214	12	2082	017
44	5	25	017
1947	6	173	017
1133	15	4990	017
630	6	30	017
2159	6	30	017
1850	23	2951	017
205	1	207	017
8842	23	3023	017
759	1	28	017
492	15	5088	017
1592	6	30	017
1956	6	2045	017
2172	6	2008	017
3209	12	30	017
113	6	30	017
2069	6	1561	017
1100	6	28	017
19	6	2045	017
3236	23	3023	017
8730	23	2951	017
2127	6	171	017
2082	15	4988	017
2702	9	2705	017
3086	23	12527	017
5348	15	5088	017
3228	12	117	017
769	1	28	017
2119	6	2045	017
191	6	30	017
3236	23	12520	017
6878	23	12520	017
2909	9	2593	017
2729	23	2966	017
2056	15	4988	017
776	15	5088	017
169	1	173	017
396	6	30	017
2164	6	116	017
2124	6	116	017
104	1	107	017
3193	12	2155	017
2034	6	116	017
3040	23	12544	017
2030	6	2045	017
6371	23	3023	017
2693	12	28	017
1957	6	2055	017
303	1	416	017
8943	23	3023	017
428	6	2055	017
8730	23	3026	017
3040	23	12544	017
2134	6	29	017
6529	23	3023	017
2903	11	3089	017
205	15	4990	017
2011	6	30	017
3068	23	3027	017
2094	6	2104	017
1866	12	170	017
8385	23	3023	017
4556	14	3519	017
636	1	172	017
509	6	30	017
3143	11	3087	017
114	1	116	017
8824	23	2977	017
1941	6	2045	017
3206	12	2082	017
6414	23	2935	017
2102	6	2104	017
100	6	30	017
7847	23	2966	017
2071	6	30	017
44	6	30	017
6529	23	2952	017
2026	6	30	017
1588	6	30	017
191	1	30	017
2691	23	3023	017
6878	23	2966	017
6726	23	2966	017
2020	6	2045	017
2143	6	2045	018
2097	6	30	018
206	1	207	018
2156	6	30	018
2121	6	2122	018
2129	6	30	018
12503	23	12520	018
675	6	2051	018
2169	6	29	018
765	6	30	018
492	1	493	018
40	1	41	018
3231	12	29	018
776	1	493	018
7406	23	3023	018
2153	6	30	018
2016	6	116	018
3208	12	2082	018
9018	23	3023	018
169	6	173	018
1850	23	2951	018
1941	5	1943	018
702	6	28	018
3227	12	46	018
19	6	2008	018
1894	23	2920	018
3219	12	2027	018
1525	6	29	018
494	1	28	018
1502	1	416	018
2119	6	2104	018
8516	23	2981	018
610	1	416	018
443	1	416	018
3211	12	2082	018
717	1	636	018
2729	23	2935	018
473	1	416	018
2090	6	116	018
845	1	28	018
1394	6	115	018
6878	23	12520	018
6414	23	2935	018
2135	6	2008	018
2105	6	30	018
921	6	30	018
178	6	116	018
1644	1	207	018
2530	14	3431	018
3577	14	3437	018
8301	23	3060	018
1961	6	2045	018
1961	6	2008	018
1133	6	30	018
172	1	402	018
8943	23	2951	018
205	6	2038	018
2135	6	2045	018
2852	23	2952	018
919	1	921	018
2068	6	173	018
1975	6	2008	018
2020	6	2008	018
1429	6	173	018
588	6	30	018
2130	6	2008	018
25	15	5024	018
675	15	4990	018
2130	6	2045	018
921	1	30	018
17	1	1561	018
720	1	28	018
711	1	28	018
310	15	5088	018
3040	23	3023	018
1912	6	2179	018
2142	6	2045	018
4885	17	8813	018
88	6	30	018
2909	9	2720	018
6371	23	3023	018
675	15	5120	018
702	1	28	018
658	1	173	018
2136	6	2122	018
25	15	4990	018
25	6	30	018
578	1	28	018
1110	15	5120	018
8385	23	2981	018
3214	12	2082	018
44	5	25	018
1947	6	173	018
1133	15	4990	018
630	6	30	018
2159	6	30	018
1850	23	2951	018
205	1	207	018
8842	23	3023	018
759	1	28	018
492	15	5088	018
1592	6	30	018
1956	6	2045	018
2172	6	2008	018
3209	12	30	018
113	6	30	018
2069	6	1561	018
1100	6	28	018
19	6	2045	018
3236	23	3023	018
8730	23	2951	018
2127	6	171	018
2082	15	4988	018
2702	9	2705	018
3086	23	12527	018
5348	15	5088	018
1941	6	2008	018
3228	12	117	018
769	1	28	018
2119	6	2045	018
191	6	30	018
3236	23	12520	018
6878	23	12520	018
2909	9	2593	018
2729	23	2966	018
2056	15	4988	018
776	15	5088	018
169	1	173	018
2073	6	2008	018
396	6	30	018
2164	6	116	018
2124	6	116	018
104	1	107	018
3193	12	2155	018
2034	6	116	018
3040	23	12544	018
2142	6	2008	018
2030	6	2045	018
6371	23	3023	018
2693	12	28	018
2030	6	2008	018
1957	6	2055	018
303	1	416	018
8943	23	3023	018
428	6	2055	018
8730	23	3026	018
3040	23	12544	018
2134	6	29	018
6529	23	3023	018
2903	11	3089	018
205	15	4990	018
2011	6	30	018
3068	23	3027	018
2094	6	2104	018
1866	12	170	018
8385	23	3023	018
4556	14	3519	018
636	1	172	018
509	6	30	018
3143	11	3087	018
114	1	116	018
8824	23	2977	018
1941	6	2045	018
3206	12	2082	018
6414	23	2935	018
2102	6	2104	018
2008	15	4988	018
100	6	30	018
7847	23	2966	018
2071	6	30	018
44	6	30	018
6529	23	2952	018
2026	6	30	018
1588	6	30	018
191	1	30	018
2691	23	3023	018
6878	23	2966	018
6726	23	2966	018
2020	6	2045	018
2097	6	30	019
206	1	207	019
2156	6	30	019
2121	6	2122	019
2129	6	30	019
12503	23	12520	019
675	6	2051	019
2169	6	29	019
765	6	30	019
492	1	493	019
40	1	41	019
3231	12	29	019
776	1	493	019
7406	23	3023	019
2153	6	30	019
2016	6	116	019
3208	12	2082	019
9018	23	3023	019
169	6	173	019
1850	23	2951	019
1941	5	1943	019
702	6	28	019
3227	12	46	019
19	6	2008	019
1894	23	2920	019
3219	12	2027	019
1525	6	29	019
494	1	28	019
1502	1	416	019
2119	6	2104	019
8516	23	2981	019
610	1	416	019
443	1	416	019
3211	12	2082	019
717	1	636	019
2729	23	2935	019
473	1	416	019
2090	6	116	019
845	1	28	019
1394	6	115	019
6878	23	12520	019
6414	23	2935	019
2135	6	2008	019
2105	6	30	019
921	6	30	019
178	6	116	019
2102	6	2095	019
1644	1	207	019
2530	14	3431	019
3577	14	3437	019
8301	23	3060	019
1961	6	2008	019
1133	6	30	019
172	1	402	019
8943	23	2951	019
205	6	2038	019
2852	23	2952	019
919	1	921	019
2068	6	173	019
1975	6	2008	019
2020	6	2008	019
1429	6	173	019
588	6	30	019
2130	6	2008	019
1956	6	2095	019
25	15	5024	019
675	15	4990	019
921	1	30	019
17	1	1561	019
720	1	28	019
711	1	28	019
310	15	5088	019
3040	23	3023	019
1912	6	2179	019
4885	17	8813	019
88	6	30	019
2909	9	2720	019
6371	23	3023	019
675	15	5120	019
702	1	28	019
658	1	173	019
2136	6	2122	019
25	15	4990	019
25	6	30	019
578	1	28	019
1110	15	5120	019
8385	23	2981	019
3214	12	2082	019
473	6	2055	019
44	5	25	019
1947	6	173	019
1133	15	4990	019
630	6	30	019
2159	6	30	019
1850	23	2951	019
205	1	207	019
8842	23	3023	019
759	1	28	019
492	15	5088	019
1592	6	30	019
2172	6	2008	019
3209	12	30	019
113	6	30	019
2069	6	1561	019
1100	6	28	019
3236	23	3023	019
8730	23	2951	019
2127	6	171	019
2082	15	4988	019
2702	9	2705	019
3086	23	12527	019
5348	15	5088	019
1941	6	2008	019
3228	12	117	019
2094	6	2095	019
769	1	28	019
2119	6	2045	019
191	6	30	019
3236	23	12520	019
6878	23	12520	019
2909	9	2593	019
2729	23	2966	019
2056	15	4988	019
776	15	5088	019
169	1	173	019
2073	6	2008	019
396	6	30	019
2164	6	116	019
1983	6	728	019
2124	6	116	019
104	1	107	019
3193	12	2155	019
2034	6	116	019
3040	23	12544	019
2142	6	2008	019
6371	23	3023	019
2693	12	28	019
2030	6	2008	019
1957	6	2055	019
303	1	416	019
8943	23	3023	019
428	6	2055	019
8730	23	3026	019
3040	23	12544	019
2134	6	29	019
6529	23	3023	019
2903	11	3089	019
205	15	4990	019
2011	6	30	019
2119	6	2095	019
3068	23	3027	019
2094	6	2104	019
1866	12	170	019
8385	23	3023	019
4556	14	3519	019
636	1	172	019
509	6	30	019
3143	11	3087	019
114	1	116	019
8824	23	2977	019
3206	12	2082	019
6414	23	2935	019
2102	6	2104	019
2008	15	4988	019
100	6	30	019
7847	23	2966	019
2071	6	30	019
44	6	30	019
6529	23	2952	019
2026	6	30	019
1588	6	30	019
191	1	30	019
2691	23	3023	019
6878	23	2966	019
6726	23	2966	019
2097	6	30	020
206	1	207	020
2156	6	30	020
2121	6	2122	020
2129	6	30	020
12503	23	12520	020
675	6	2051	020
2169	6	29	020
765	6	30	020
492	1	493	020
40	1	41	020
3231	12	29	020
776	1	493	020
7406	23	3023	020
2153	6	30	020
2016	6	116	020
3208	12	2082	020
9018	23	3023	020
169	6	173	020
1850	23	2951	020
1941	5	1943	020
702	6	28	020
3227	12	46	020
19	6	2008	020
1894	23	2920	020
728	1	405	020
3219	12	2027	020
1525	6	29	020
494	1	28	020
1502	1	416	020
8516	23	2981	020
610	1	416	020
443	1	416	020
3211	12	2082	020
717	1	636	020
2729	23	2935	020
473	1	416	020
2090	6	116	020
845	1	28	020
1394	6	115	020
6878	23	12520	020
6414	23	2935	020
2135	6	2008	020
2105	6	30	020
921	6	30	020
178	6	116	020
2102	6	2095	020
1644	1	207	020
2530	14	3431	020
3577	14	3437	020
8301	23	3060	020
1961	6	2008	020
1133	6	30	020
172	1	402	020
8943	23	2951	020
205	6	2038	020
2852	23	2952	020
919	1	921	020
2068	6	173	020
1975	6	2008	020
2020	6	2008	020
1429	6	173	020
588	6	30	020
2130	6	2008	020
1956	6	2095	020
25	15	5024	020
675	15	4990	020
921	1	30	020
17	1	1561	020
720	1	28	020
711	1	28	020
310	15	5088	020
3040	23	3023	020
1912	6	2179	020
4885	17	8813	020
88	6	30	020
2909	9	2720	020
6371	23	3023	020
675	15	5120	020
702	1	28	020
658	1	173	020
2136	6	2122	020
25	15	4990	020
25	6	30	020
578	1	28	020
1110	15	5120	020
8385	23	2981	020
3214	12	2082	020
473	6	2055	020
44	5	25	020
728	15	4988	020
1947	6	173	020
1133	15	4990	020
630	6	30	020
2159	6	30	020
1850	23	2951	020
205	1	207	020
8842	23	3023	020
759	1	28	020
492	15	5088	020
1592	6	30	020
2172	6	2008	020
3209	12	30	020
113	6	30	020
2069	6	1561	020
1100	6	28	020
3236	23	3023	020
8730	23	2951	020
2127	6	171	020
2082	15	4988	020
2702	9	2705	020
3086	23	12527	020
5348	15	5088	020
1941	6	2008	020
3228	12	117	020
2094	6	2095	020
769	1	28	020
2119	6	2045	020
191	6	30	020
3236	23	12520	020
6878	23	12520	020
2909	9	2593	020
2729	23	2966	020
2056	15	4988	020
776	15	5088	020
169	1	173	020
2073	6	2008	020
396	6	30	020
2164	6	116	020
1983	6	728	020
2124	6	116	020
104	1	107	020
3193	12	2155	020
2034	6	116	020
3040	23	12544	020
2142	6	2008	020
6371	23	3023	020
2693	12	28	020
2030	6	2008	020
1957	6	2055	020
303	1	416	020
8943	23	3023	020
428	6	2055	020
8730	23	3026	020
3040	23	12544	020
2134	6	29	020
4932	14	3793	020
6529	23	3023	020
2903	11	3089	020
205	15	4990	020
2011	6	30	020
2119	6	2095	020
3068	23	3027	020
1866	12	170	020
8385	23	3023	020
636	1	172	020
509	6	30	020
3143	11	3087	020
114	1	116	020
8824	23	2977	020
583	1	584	020
3206	12	2082	020
6414	23	2935	020
2008	15	4988	020
100	6	30	020
7847	23	2966	020
2071	6	30	020
44	6	30	020
6529	23	2952	020
2026	6	30	020
1588	6	30	020
191	1	30	020
2691	23	3023	020
6878	23	2966	020
6726	23	2966	020
2097	6	30	021
206	1	207	021
2156	6	30	021
2129	6	30	021
12503	23	12520	021
675	6	2051	021
2169	6	29	021
765	6	30	021
492	1	493	021
40	1	41	021
3231	12	29	021
776	1	493	021
7406	23	3023	021
2153	6	30	021
2016	6	116	021
3208	12	2082	021
9018	23	3023	021
169	6	173	021
1850	23	2951	021
1941	5	1943	021
702	6	28	021
3227	12	46	021
19	6	2008	021
1894	23	2920	021
728	1	405	021
3219	12	2027	021
1525	6	29	021
494	1	28	021
1502	1	416	021
8516	23	2981	021
610	1	416	021
443	1	416	021
3211	12	2082	021
717	1	636	021
2729	23	2935	021
473	1	416	021
2090	6	116	021
845	1	28	021
1394	6	115	021
6878	23	12520	021
6414	23	2935	021
2135	6	2008	021
2105	6	30	021
921	6	30	021
178	6	116	021
2102	6	2095	021
1644	1	207	021
2530	14	3431	021
3577	14	3437	021
8301	23	3060	021
1961	6	2008	021
1133	6	30	021
172	1	402	021
8943	23	2951	021
205	6	2038	021
2852	23	2952	021
919	1	921	021
2068	6	173	021
1975	6	2008	021
2020	6	2008	021
1429	6	173	021
588	6	30	021
2130	6	2008	021
1956	6	2095	021
25	15	5024	021
1970	6	2055	021
675	15	4990	021
921	1	30	021
17	1	1561	021
720	1	28	021
711	1	28	021
310	15	5088	021
3040	23	3023	021
1912	6	2179	021
4885	17	8813	021
88	6	30	021
2909	9	2720	021
6371	23	3023	021
675	15	5120	021
702	1	28	021
658	1	173	021
2136	6	2122	021
25	15	4990	021
25	6	30	021
578	1	28	021
1110	15	5120	021
8385	23	2981	021
3214	12	2082	021
473	6	2055	021
44	5	25	021
728	15	4988	021
1947	6	173	021
1133	15	4990	021
630	6	30	021
2159	6	30	021
1850	23	2951	021
205	1	207	021
8842	23	3023	021
759	1	28	021
492	15	5088	021
1592	6	30	021
4556	14	3793	021
2172	6	2008	021
3209	12	30	021
113	6	30	021
2069	6	1561	021
1100	6	28	021
2118	6	2107	021
3236	23	3023	021
8730	23	2951	021
2127	6	171	021
2082	15	4988	021
2702	9	2705	021
3086	23	12527	021
5348	15	5088	021
1941	6	2008	021
3228	12	117	021
2094	6	2095	021
769	1	28	021
2119	6	2045	021
191	6	30	021
3236	23	12520	021
6878	23	12520	021
2909	9	2593	021
2729	23	2966	021
776	15	5088	021
169	1	173	021
2073	6	2008	021
396	6	30	021
2164	6	116	021
1983	6	728	021
2124	6	116	021
104	1	107	021
3193	12	2155	021
2034	6	116	021
3040	23	12544	021
2142	6	2008	021
6371	23	3023	021
2693	12	28	021
2030	6	2008	021
1957	6	2055	021
303	1	416	021
8943	23	3023	021
428	6	2055	021
8730	23	3026	021
3040	23	12544	021
2134	6	29	021
4932	14	3793	021
6529	23	3023	021
2903	11	3089	021
205	15	4990	021
2011	6	30	021
2119	6	2095	021
2068	6	2107	021
3068	23	3027	021
1866	12	170	021
8385	23	3023	021
636	1	172	021
509	6	30	021
3143	11	3087	021
114	1	116	021
8824	23	2977	021
583	1	584	021
3206	12	2082	021
1429	6	2107	021
6414	23	2935	021
2008	15	4988	021
100	6	30	021
7847	23	2966	021
2071	6	30	021
44	6	30	021
6529	23	2952	021
2026	6	30	021
1588	6	30	021
191	1	30	021
2691	23	3023	021
6878	23	2966	021
6726	23	2966	021
2097	6	30	022
206	1	207	022
2156	6	30	022
2129	6	30	022
12503	23	12520	022
2169	6	29	022
765	6	30	022
492	1	493	022
3231	12	29	022
776	1	493	022
7406	23	3023	022
2153	6	30	022
2016	6	116	022
3208	12	2082	022
9018	23	3023	022
169	6	173	022
1850	23	2951	022
1941	5	1943	022
702	6	28	022
3227	12	46	022
19	6	2008	022
1894	23	2920	022
728	1	405	022
3219	12	2027	022
1525	6	29	022
494	1	28	022
1502	1	416	022
8516	23	2981	022
610	1	416	022
443	1	416	022
3211	12	2082	022
717	1	636	022
2729	23	2935	022
473	1	416	022
2090	6	116	022
845	1	28	022
1394	6	115	022
6878	23	12520	022
6414	23	2935	022
2135	6	2008	022
2105	6	30	022
921	6	30	022
178	6	116	022
2102	6	2095	022
1644	1	207	022
2530	14	3431	022
3577	14	3437	022
8301	23	3060	022
1961	6	2008	022
1133	6	30	022
172	1	402	022
8943	23	2951	022
205	6	2038	022
2852	23	2952	022
919	1	921	022
1975	6	2008	022
2020	6	2008	022
588	6	30	022
2130	6	2008	022
1956	6	2095	022
25	15	5024	022
1970	6	2055	022
675	15	4990	022
921	1	30	022
17	1	1561	022
720	1	28	022
711	1	28	022
310	15	5088	022
3040	23	3023	022
4885	17	8813	022
88	6	30	022
2909	9	2720	022
6371	23	3023	022
675	15	5120	022
702	1	28	022
6006	17	6007	022
658	1	173	022
2136	6	2122	022
25	15	4990	022
25	6	30	022
578	1	28	022
1110	15	5120	022
8385	23	2981	022
3214	12	2082	022
473	6	2055	022
44	5	25	022
728	15	4988	022
1947	6	173	022
1133	15	4990	022
630	6	30	022
2159	6	30	022
1850	23	2951	022
205	1	207	022
8842	23	3023	022
759	1	28	022
492	15	5088	022
1592	6	30	022
4556	14	3793	022
2172	6	2008	022
3209	12	30	022
113	6	30	022
2069	6	1561	022
1100	6	28	022
2118	6	2107	022
3236	23	3023	022
8730	23	2951	022
2127	6	171	022
2082	15	4988	022
2702	9	2705	022
3086	23	12527	022
5348	15	5088	022
1941	6	2008	022
3228	12	117	022
2094	6	2095	022
769	1	28	022
2119	6	2045	022
191	6	30	022
3236	23	12520	022
6878	23	12520	022
2909	9	2593	022
2729	23	2966	022
776	15	5088	022
169	1	173	022
2073	6	2008	022
396	6	30	022
2164	6	116	022
1983	6	728	022
2124	6	116	022
104	1	107	022
3193	12	2155	022
2034	6	116	022
3040	23	12544	022
2142	6	2008	022
6371	23	3023	022
2693	12	28	022
2030	6	2008	022
1957	6	2055	022
303	1	416	022
8943	23	3023	022
428	6	2055	022
8730	23	3026	022
3040	23	12544	022
2134	6	29	022
6529	23	3023	022
2903	11	3089	022
205	15	4990	022
2011	6	30	022
2119	6	2095	022
2068	6	2107	022
3068	23	3027	022
1866	12	170	022
8385	23	3023	022
636	1	172	022
509	6	30	022
3143	11	3087	022
114	1	116	022
8824	23	2977	022
583	1	584	022
3206	12	2082	022
1429	6	2107	022
6414	23	2935	022
2008	15	4988	022
100	6	30	022
7847	23	2966	022
2071	6	30	022
44	6	30	022
6529	23	2952	022
2026	6	30	022
1588	6	30	022
191	1	30	022
2691	23	3023	022
6878	23	2966	022
6726	23	2966	022
2097	6	30	023
206	1	207	023
2156	6	30	023
2129	6	30	023
12503	23	12520	023
2169	6	29	023
765	6	30	023
492	1	493	023
3231	12	29	023
776	1	493	023
7406	23	3023	023
2153	6	30	023
2016	6	116	023
3208	12	2082	023
9018	23	3023	023
169	6	173	023
1850	23	2951	023
1941	5	1943	023
702	6	28	023
3227	12	46	023
19	6	2008	023
1894	23	2920	023
728	1	405	023
3219	12	2027	023
1525	6	29	023
494	1	28	023
1502	1	416	023
8516	23	2981	023
610	1	416	023
443	1	416	023
3211	12	2082	023
717	1	636	023
2729	23	2935	023
473	1	416	023
2090	6	116	023
845	1	28	023
1394	6	115	023
6878	23	12520	023
6414	23	2935	023
2135	6	2008	023
2105	6	30	023
921	6	30	023
178	6	116	023
2102	6	2095	023
1644	1	207	023
2530	14	3431	023
3577	14	3437	023
8301	23	3060	023
1961	6	2008	023
1133	6	30	023
172	1	402	023
8943	23	2951	023
205	6	2038	023
2852	23	2952	023
919	1	921	023
1975	6	2008	023
2020	6	2008	023
588	6	30	023
2130	6	2008	023
1956	6	2095	023
25	15	5024	023
1970	6	2055	023
675	15	4990	023
921	1	30	023
17	1	1561	023
720	1	28	023
711	1	28	023
310	15	5088	023
3040	23	3023	023
4885	17	8813	023
88	6	30	023
2909	9	2720	023
6371	23	3023	023
675	15	5120	023
1961	6	2107	023
702	1	28	023
658	1	173	023
2136	6	2122	023
25	15	4990	023
25	6	30	023
578	1	28	023
1110	15	5120	023
8385	23	2981	023
3214	12	2082	023
473	6	2055	023
44	5	25	023
728	15	4988	023
1947	6	173	023
1133	15	4990	023
630	6	30	023
2159	6	30	023
1850	23	2951	023
205	1	207	023
8842	23	3023	023
759	1	28	023
492	15	5088	023
1592	6	30	023
4556	14	3793	023
2172	6	2008	023
3209	12	30	023
113	6	30	023
2069	6	1561	023
1100	6	28	023
2118	6	2107	023
3236	23	3023	023
8730	23	2951	023
2127	6	171	023
2082	15	4988	023
2702	9	2705	023
3086	23	12527	023
5348	15	5088	023
1941	6	2008	023
3228	12	117	023
2094	6	2095	023
769	1	28	023
2119	6	2045	023
191	6	30	023
3236	23	12520	023
6878	23	12520	023
2909	9	2593	023
2729	23	2966	023
776	15	5088	023
169	1	173	023
2073	6	2008	023
396	6	30	023
2164	6	116	023
1983	6	728	023
2124	6	116	023
104	1	107	023
3193	12	2155	023
2034	6	116	023
3040	23	12544	023
2142	6	2008	023
6371	23	3023	023
2693	12	28	023
2030	6	2008	023
1957	6	2055	023
303	1	416	023
8943	23	3023	023
428	6	2055	023
8730	23	3026	023
3040	23	12544	023
2134	6	29	023
6529	23	3023	023
2903	11	3089	023
205	15	4990	023
2011	6	30	023
2119	6	2095	023
2068	6	2107	023
205	6	30	023
3068	23	3027	023
1866	12	170	023
8385	23	3023	023
636	1	172	023
509	6	30	023
3143	11	3087	023
114	1	116	023
8824	23	2977	023
2135	6	30	023
583	1	584	023
3206	12	2082	023
1429	6	2107	023
6414	23	2935	023
2008	15	4988	023
100	6	30	023
7847	23	2966	023
2071	6	30	023
44	6	30	023
6529	23	2952	023
2026	6	30	023
1588	6	30	023
191	1	30	023
2691	23	3023	023
6878	23	2966	023
6726	23	2966	023
2097	6	30	024
206	1	207	024
2156	6	30	024
9103	17	6245	024
2129	6	30	024
12503	23	12520	024
2169	6	29	024
765	6	30	024
492	1	493	024
3231	12	29	024
776	1	493	024
7406	23	3023	024
2153	6	30	024
2016	6	116	024
3208	12	2082	024
9018	23	3023	024
169	6	173	024
1850	23	2951	024
1941	5	1943	024
702	6	28	024
3227	12	46	024
19	6	2008	024
1894	23	2920	024
728	1	405	024
3219	12	2027	024
1525	6	29	024
494	1	28	024
1502	1	416	024
8516	23	2981	024
610	1	416	024
443	1	416	024
3211	12	2082	024
717	1	636	024
2729	23	2935	024
473	1	416	024
2090	6	116	024
845	1	28	024
1394	6	115	024
6878	23	12520	024
6414	23	2935	024
2105	6	30	024
921	6	30	024
178	6	116	024
2102	6	2095	024
1644	1	207	024
2530	14	3431	024
3577	14	3437	024
8301	23	3060	024
1133	6	30	024
172	1	402	024
8943	23	2951	024
2852	23	2952	024
919	1	921	024
1975	6	2008	024
2020	6	2008	024
9103	17	6242	024
588	6	30	024
2130	6	2008	024
1956	6	2095	024
25	15	5024	024
1970	6	2055	024
675	15	4990	024
921	1	30	024
17	1	1561	024
720	1	28	024
711	1	28	024
310	15	5088	024
3040	23	3023	024
4885	17	8813	024
88	6	30	024
2909	9	2720	024
6371	23	3023	024
675	15	5120	024
1961	6	2107	024
702	1	28	024
658	1	173	024
2136	6	2122	024
25	15	4990	024
25	6	30	024
578	1	28	024
1110	15	5120	024
8385	23	2981	024
3214	12	2082	024
473	6	2055	024
44	5	25	024
728	15	4988	024
1947	6	173	024
1133	15	4990	024
630	6	30	024
2159	6	30	024
1850	23	2951	024
205	1	207	024
8842	23	3023	024
40	6	2055	024
759	1	28	024
492	15	5088	024
1592	6	30	024
2172	6	2008	024
3209	12	30	024
113	6	30	024
2069	6	1561	024
1100	6	28	024
2118	6	2107	024
3236	23	3023	024
8730	23	2951	024
2127	6	171	024
2082	15	4988	024
2702	9	2705	024
3086	23	12527	024
5348	15	5088	024
1941	6	2008	024
3228	12	117	024
2094	6	2095	024
769	1	28	024
2119	6	2045	024
191	6	30	024
3236	23	12520	024
6878	23	12520	024
2909	9	2593	024
2729	23	2966	024
776	15	5088	024
169	1	173	024
2073	6	2008	024
396	6	30	024
2164	6	116	024
1983	6	728	024
2124	6	116	024
104	1	107	024
3193	12	2155	024
2034	6	116	024
3040	23	12544	024
2142	6	2008	024
6371	23	3023	024
2693	12	28	024
2030	6	2008	024
1957	6	2055	024
303	1	416	024
8943	23	3023	024
428	6	2055	024
8730	23	3026	024
3040	23	12544	024
2134	6	29	024
6529	23	3023	024
2903	11	3089	024
205	15	4990	024
2011	6	30	024
2119	6	2095	024
2068	6	2107	024
205	6	30	024
3068	23	3027	024
1866	12	170	024
8385	23	3023	024
636	1	172	024
509	6	30	024
3143	11	3087	024
114	1	116	024
8824	23	2977	024
2135	6	30	024
583	1	584	024
3206	12	2082	024
1429	6	2107	024
6414	23	2935	024
2008	15	4988	024
100	6	30	024
7847	23	2966	024
2071	6	30	024
44	6	30	024
6529	23	2952	024
2026	6	30	024
1588	6	30	024
191	1	30	024
2691	23	3023	024
6878	23	2966	024
6726	23	2966	024
2097	6	30	025
206	1	207	025
2156	6	30	025
2129	6	30	025
12503	23	12520	025
2169	6	29	025
765	6	30	025
492	1	493	025
3231	12	29	025
776	1	493	025
7406	23	3023	025
2153	6	30	025
2016	6	116	025
3208	12	2082	025
9018	23	3023	025
169	6	173	025
1850	23	2951	025
1941	5	1943	025
702	6	28	025
3227	12	46	025
19	6	2008	025
1894	23	2920	025
728	1	405	025
3219	12	2027	025
1525	6	29	025
494	1	28	025
1502	1	416	025
8516	23	2981	025
610	1	416	025
443	1	416	025
3211	12	2082	025
717	1	636	025
2729	23	2935	025
473	1	416	025
2090	6	116	025
845	1	28	025
1394	6	115	025
6878	23	12520	025
6414	23	2935	025
2105	6	30	025
921	6	30	025
178	6	116	025
2102	6	2095	025
1644	1	207	025
2530	14	3431	025
3577	14	3437	025
8301	23	3060	025
1133	6	30	025
172	1	402	025
8943	23	2951	025
2852	23	2952	025
919	1	921	025
1975	6	2008	025
2020	6	2008	025
588	6	30	025
2130	6	2008	025
1956	6	2095	025
25	15	5024	025
1970	6	2055	025
675	15	4990	025
921	1	30	025
17	1	1561	025
720	1	28	025
711	1	28	025
310	15	5088	025
3040	23	3023	025
4885	17	8813	025
88	6	30	025
2909	9	2720	025
6371	23	3023	025
675	15	5120	025
1961	6	2107	025
702	1	28	025
658	1	173	025
2136	6	2122	025
25	15	4990	025
25	6	30	025
578	1	28	025
1110	15	5120	025
8385	23	2981	025
3214	12	2082	025
473	6	2055	025
44	5	25	025
728	15	4988	025
1947	6	173	025
1133	15	4990	025
630	6	30	025
2159	6	30	025
1850	23	2951	025
205	1	207	025
8842	23	3023	025
40	6	2055	025
759	1	28	025
492	15	5088	025
1592	6	30	025
2172	6	2008	025
3209	12	30	025
113	6	30	025
2069	6	1561	025
1100	6	28	025
2118	6	2107	025
3236	23	3023	025
8730	23	2951	025
2127	6	171	025
2082	15	4988	025
2702	9	2705	025
3086	23	12527	025
5348	15	5088	025
1941	6	2008	025
3228	12	117	025
2094	6	2095	025
769	1	28	025
2119	6	2045	025
191	6	30	025
3236	23	12520	025
6878	23	12520	025
2909	9	2593	025
2729	23	2966	025
776	15	5088	025
169	1	173	025
2073	6	2008	025
396	6	30	025
2164	6	116	025
1983	6	728	025
2124	6	116	025
104	1	107	025
3193	12	2155	025
2034	6	116	025
3040	23	12544	025
2142	6	2008	025
6371	23	3023	025
2693	12	28	025
2030	6	2008	025
1957	6	2055	025
303	1	416	025
8943	23	3023	025
428	6	2055	025
8730	23	3026	025
3040	23	12544	025
2134	6	29	025
6529	23	3023	025
2903	11	3089	025
205	15	4990	025
2011	6	30	025
2119	6	2095	025
2068	6	2107	025
205	6	30	025
3068	23	3027	025
1866	12	170	025
8385	23	3023	025
636	1	172	025
509	6	30	025
3143	11	3087	025
114	1	116	025
8824	23	2977	025
2135	6	30	025
583	1	584	025
3206	12	2082	025
1429	6	2107	025
6414	23	2935	025
2008	15	4988	025
100	6	30	025
7847	23	2966	025
2071	6	30	025
44	6	30	025
6529	23	2952	025
2026	6	30	025
1588	6	30	025
191	1	30	025
2691	23	3023	025
6878	23	2966	025
6726	23	2966	025
2097	6	30	026
206	1	207	026
2156	6	30	026
2129	6	30	026
12503	23	12520	026
2169	6	29	026
765	6	30	026
492	1	493	026
3231	12	29	026
776	1	493	026
7406	23	3023	026
2153	6	30	026
2016	6	116	026
3208	12	2082	026
9018	23	3023	026
169	6	173	026
1850	23	2951	026
1941	5	1943	026
702	6	28	026
3227	12	46	026
19	6	2008	026
1894	23	2920	026
728	1	405	026
3219	12	2027	026
1525	6	29	026
494	1	28	026
1502	1	416	026
8516	23	2981	026
610	1	416	026
443	1	416	026
3211	12	2082	026
717	1	636	026
2729	23	2935	026
473	1	416	026
2090	6	116	026
845	1	28	026
1394	6	115	026
6878	23	12520	026
6414	23	2935	026
2105	6	30	026
921	6	30	026
178	6	116	026
2102	6	2095	026
1644	1	207	026
2530	14	3431	026
3577	14	3437	026
8301	23	3060	026
1133	6	30	026
172	1	402	026
8943	23	2951	026
2852	23	2952	026
919	1	921	026
1975	6	2008	026
2020	6	2008	026
588	6	30	026
2130	6	2008	026
1956	6	2095	026
25	15	5024	026
1970	6	2055	026
675	15	4990	026
17	6	30	026
921	1	30	026
17	1	1561	026
720	1	28	026
711	1	28	026
310	15	5088	026
3040	23	3023	026
4885	17	8813	026
88	6	30	026
2909	9	2720	026
6371	23	3023	026
675	15	5120	026
1961	6	2107	026
702	1	28	026
658	1	173	026
2136	6	2122	026
25	15	4990	026
25	6	30	026
578	1	28	026
1110	15	5120	026
8385	23	2981	026
3214	12	2082	026
473	6	2055	026
44	5	25	026
728	15	4988	026
1947	6	173	026
1133	15	4990	026
630	6	30	026
2159	6	30	026
1850	23	2951	026
205	1	207	026
8842	23	3023	026
40	6	2055	026
759	1	28	026
492	15	5088	026
1592	6	30	026
2172	6	2008	026
3209	12	30	026
113	6	30	026
2069	6	1561	026
1100	6	28	026
2118	6	2107	026
3236	23	3023	026
8730	23	2951	026
2127	6	171	026
2082	15	4988	026
2702	9	2705	026
3086	23	12527	026
5348	15	5088	026
1941	6	2008	026
3228	12	117	026
2094	6	2095	026
769	1	28	026
2119	6	2045	026
191	6	30	026
3236	23	12520	026
6878	23	12520	026
2909	9	2593	026
2729	23	2966	026
776	15	5088	026
169	1	173	026
2073	6	2008	026
396	6	30	026
2164	6	116	026
1983	6	728	026
2124	6	116	026
104	1	107	026
6884	17	5994	026
3193	12	2155	026
2034	6	116	026
3040	23	12544	026
2142	6	2008	026
6371	23	3023	026
2693	12	28	026
2030	6	2008	026
1957	6	2055	026
303	1	416	026
8943	23	3023	026
428	6	2055	026
8730	23	3026	026
3040	23	12544	026
2134	6	29	026
6529	23	3023	026
2903	11	3089	026
205	15	4990	026
2011	6	30	026
2119	6	2095	026
2068	6	2107	026
205	6	30	026
3068	23	3027	026
1866	12	170	026
8385	23	3023	026
636	1	172	026
509	6	30	026
3143	11	3087	026
114	1	116	026
8824	23	2977	026
2135	6	30	026
583	1	584	026
3206	12	2082	026
1429	6	2107	026
6414	23	2935	026
2008	15	4988	026
100	6	30	026
7847	23	2966	026
142	6	30	026
2071	6	30	026
44	6	30	026
6529	23	2952	026
2026	6	30	026
1588	6	30	026
191	1	30	026
2691	23	3023	026
6878	23	2966	026
6726	23	2966	026
2097	6	30	027
206	1	207	027
2156	6	30	027
2129	6	30	027
12503	23	12520	027
2169	6	29	027
765	6	30	027
492	1	493	027
3231	12	29	027
776	1	493	027
7406	23	3023	027
2153	6	30	027
2016	6	116	027
3208	12	2082	027
9018	23	3023	027
169	6	173	027
1850	23	2951	027
1941	5	1943	027
702	6	28	027
3227	12	46	027
19	6	2008	027
1894	23	2920	027
728	1	405	027
3219	12	2027	027
1525	6	29	027
494	1	28	027
1502	1	416	027
8516	23	2981	027
610	1	416	027
443	1	416	027
3211	12	2082	027
717	1	636	027
2729	23	2935	027
473	1	416	027
2090	6	116	027
845	1	28	027
1394	6	115	027
6878	23	12520	027
6414	23	2935	027
2105	6	30	027
921	6	30	027
178	6	116	027
2102	6	2095	027
1644	1	207	027
2530	14	3431	027
3577	14	3437	027
8301	23	3060	027
1133	6	30	027
172	1	402	027
8943	23	2951	027
2852	23	2952	027
919	1	921	027
1975	6	2008	027
2020	6	2008	027
588	6	30	027
2130	6	2008	027
1956	6	2095	027
25	15	5024	027
1970	6	2055	027
675	15	4990	027
17	6	30	027
1912	6	2179	027
921	1	30	027
720	1	28	027
711	1	28	027
310	15	5088	027
3040	23	3023	027
4885	17	8813	027
88	6	30	027
2909	9	2720	027
6371	23	3023	027
675	15	5120	027
1961	6	2107	027
702	1	28	027
658	1	173	027
2136	6	2122	027
25	15	4990	027
25	6	30	027
578	1	28	027
1110	15	5120	027
8385	23	2981	027
3214	12	2082	027
473	6	2055	027
44	5	25	027
728	15	4988	027
1947	6	173	027
1133	15	4990	027
630	6	30	027
2159	6	30	027
1850	23	2951	027
205	1	207	027
8842	23	3023	027
40	6	2055	027
759	1	28	027
492	15	5088	027
1592	6	30	027
2172	6	2008	027
3209	12	30	027
113	6	30	027
2069	6	1561	027
1100	6	28	027
2118	6	2107	027
3236	23	3023	027
8730	23	2951	027
2127	6	171	027
2082	15	4988	027
2702	9	2705	027
3086	23	12527	027
5348	15	5088	027
1941	6	2008	027
3228	12	117	027
2094	6	2095	027
769	1	28	027
2119	6	2045	027
191	6	30	027
3236	23	12520	027
6878	23	12520	027
675	6	2051	027
2909	9	2593	027
2729	23	2966	027
776	15	5088	027
169	1	173	027
2073	6	2008	027
396	6	30	027
2164	6	116	027
1983	6	728	027
2124	6	116	027
104	1	107	027
3193	12	2155	027
2034	6	116	027
3040	23	12544	027
2142	6	2008	027
6371	23	3023	027
2693	12	28	027
2030	6	2008	027
1957	6	2055	027
303	1	416	027
8943	23	3023	027
428	6	2055	027
8730	23	3026	027
3040	23	12544	027
2134	6	29	027
6529	23	3023	027
2903	11	3089	027
205	15	4990	027
2011	6	30	027
2119	6	2095	027
2068	6	2107	027
205	6	30	027
3068	23	3027	027
1866	12	170	027
8385	23	3023	027
636	1	172	027
1956	6	2008	027
509	6	30	027
3143	11	3087	027
114	1	116	027
8824	23	2977	027
2135	6	30	027
583	1	584	027
3206	12	2082	027
1429	6	2107	027
6414	23	2935	027
6884	17	5997	027
2008	15	4988	027
100	6	30	027
7847	23	2966	027
142	6	30	027
2071	6	30	027
44	6	30	027
6529	23	2952	027
2026	6	30	027
1588	6	30	027
191	1	30	027
2691	23	3023	027
6878	23	2966	027
6726	23	2966	027
2097	6	30	028
206	1	207	028
2156	6	30	028
2129	6	30	028
12503	23	12520	028
2169	6	29	028
765	6	30	028
492	1	493	028
3231	12	29	028
776	1	493	028
7406	23	3023	028
2153	6	30	028
2016	6	116	028
3208	12	2082	028
9018	23	3023	028
169	6	173	028
1850	23	2951	028
1941	5	1943	028
702	6	28	028
3227	12	46	028
19	6	2008	028
1894	23	2920	028
728	1	405	028
3219	12	2027	028
1525	6	29	028
494	1	28	028
1502	1	416	028
8516	23	2981	028
610	1	416	028
443	1	416	028
3211	12	2082	028
717	1	636	028
2729	23	2935	028
473	1	416	028
2090	6	116	028
845	1	28	028
1394	6	115	028
6878	23	12520	028
6414	23	2935	028
2105	6	30	028
921	6	30	028
178	6	116	028
2102	6	2095	028
1644	1	207	028
2530	14	3431	028
3577	14	3437	028
8301	23	3060	028
1133	6	30	028
172	1	402	028
8943	23	2951	028
2852	23	2952	028
919	1	921	028
1975	6	2008	028
2020	6	2008	028
588	6	30	028
2130	6	2008	028
381	6	405	028
25	15	5024	028
1970	6	2055	028
675	15	4990	028
17	6	30	028
1912	6	2179	028
921	1	30	028
720	1	28	028
711	1	28	028
310	15	5088	028
3040	23	3023	028
4885	17	8813	028
88	6	30	028
2909	9	2720	028
6371	23	3023	028
675	15	5120	028
1961	6	2107	028
702	1	28	028
2119	6	2008	028
658	1	173	028
2136	6	2122	028
25	15	4990	028
25	6	30	028
578	1	28	028
1110	15	5120	028
8385	23	2981	028
3214	12	2082	028
473	6	2055	028
44	5	25	028
728	15	4988	028
1947	6	173	028
1133	15	4990	028
630	6	30	028
2159	6	30	028
1850	23	2951	028
205	1	207	028
8842	23	3023	028
40	6	2055	028
759	1	28	028
492	15	5088	028
1592	6	30	028
2172	6	2008	028
3209	12	30	028
113	6	30	028
2069	6	1561	028
1100	6	28	028
2118	6	2107	028
3236	23	3023	028
8730	23	2951	028
2127	6	171	028
2082	15	4988	028
2702	9	2705	028
3086	23	12527	028
5348	15	5088	028
1941	6	2008	028
3228	12	117	028
2094	6	2095	028
769	1	28	028
2119	6	2045	028
191	6	30	028
3236	23	12520	028
6878	23	12520	028
675	6	2051	028
2909	9	2593	028
2729	23	2966	028
776	15	5088	028
169	1	173	028
2073	6	2008	028
396	6	30	028
2164	6	116	028
1983	6	728	028
2124	6	116	028
104	1	107	028
3193	12	2155	028
2034	6	116	028
3040	23	12544	028
2142	6	2008	028
6371	23	3023	028
2693	12	28	028
2030	6	2008	028
1957	6	2055	028
303	1	416	028
8943	23	3023	028
2094	6	2096	028
428	6	2055	028
8730	23	3026	028
3040	23	12544	028
2134	6	29	028
6529	23	3023	028
2903	11	3089	028
205	15	4990	028
2011	6	30	028
2119	6	2095	028
2068	6	2107	028
205	6	30	028
3068	23	3027	028
1866	12	170	028
8385	23	3023	028
636	1	172	028
1956	6	2008	028
509	6	30	028
3143	11	3087	028
114	1	116	028
8824	23	2977	028
2135	6	30	028
583	1	584	028
3206	12	2082	028
1429	6	2107	028
6414	23	2935	028
2008	15	4988	028
100	6	30	028
7847	23	2966	028
142	6	30	028
2071	6	30	028
44	6	30	028
6529	23	2952	028
2026	6	30	028
1588	6	30	028
191	1	30	028
2691	23	3023	028
6878	23	2966	028
6726	23	2966	028
2097	6	30	029
206	1	207	029
2156	6	30	029
2129	6	30	029
12503	23	12520	029
2169	6	29	029
765	6	30	029
492	1	493	029
3231	12	29	029
776	1	493	029
7406	23	3023	029
2153	6	30	029
2016	6	116	029
3208	12	2082	029
9018	23	3023	029
169	6	173	029
1850	23	2951	029
1941	5	1943	029
2068	6	173	029
702	6	28	029
3227	12	46	029
19	6	2008	029
1894	23	2920	029
728	1	405	029
3219	12	2027	029
1525	6	29	029
494	1	28	029
1502	1	416	029
258	1	259	029
8516	23	2981	029
610	1	416	029
443	1	416	029
3211	12	2082	029
3113	17	5975	029
717	1	636	029
2729	23	2935	029
473	1	416	029
2090	6	116	029
845	1	28	029
1394	6	115	029
6878	23	12520	029
6414	23	2935	029
6243	17	6245	029
2105	6	30	029
921	6	30	029
178	6	116	029
2102	6	2095	029
1644	1	207	029
2530	14	3431	029
3577	14	3437	029
8301	23	3060	029
1133	6	30	029
172	1	402	029
8943	23	2951	029
2852	23	2952	029
919	1	921	029
1975	6	2008	029
2020	6	2008	029
584	6	259	029
588	6	30	029
2130	6	2008	029
428	6	259	029
381	6	405	029
1957	6	173	029
25	15	5024	029
1429	6	30	029
1970	6	2055	029
675	15	4990	029
17	6	30	029
1912	6	2179	029
921	1	30	029
584	1	259	029
720	1	28	029
711	1	28	029
310	15	5088	029
3040	23	3023	029
4885	17	8813	029
88	6	30	029
2909	9	2720	029
6371	23	3023	029
675	15	5120	029
1961	6	2107	029
446	1	259	029
702	1	28	029
2119	6	2008	029
658	1	173	029
2136	6	2122	029
25	15	4990	029
25	6	30	029
578	1	28	029
1110	15	5120	029
8385	23	2981	029
3214	12	2082	029
473	6	2055	029
44	5	25	029
728	15	4988	029
1947	6	173	029
1133	15	4990	029
630	6	30	029
2159	6	30	029
2102	6	2008	029
1850	23	2951	029
205	1	207	029
8842	23	3023	029
40	6	2055	029
759	1	28	029
492	15	5088	029
1592	6	30	029
2172	6	2008	029
3209	12	30	029
113	6	30	029
728	1	259	029
2069	6	1561	029
1100	6	28	029
2118	6	2107	029
3236	23	3023	029
8730	23	2951	029
2127	6	171	029
2082	15	4988	029
2702	9	2705	029
3086	23	12527	029
5348	15	5088	029
1941	6	2008	029
2836	9	2705	029
3228	12	117	029
769	1	28	029
2119	6	2045	029
191	6	30	029
3236	23	12520	029
6878	23	12520	029
2909	9	2593	029
2729	23	2966	029
776	15	5088	029
169	1	173	029
2073	6	2008	029
6004	17	5818	029
396	6	30	029
2164	6	116	029
1983	6	728	029
2124	6	116	029
104	1	107	029
3193	12	2155	029
2034	6	116	029
3040	23	12544	029
2142	6	2008	029
6371	23	3023	029
2693	12	28	029
5974	17	5976	029
2030	6	2008	029
1957	6	2055	029
303	1	416	029
8943	23	3023	029
2094	6	2096	029
8730	23	3026	029
3040	23	12544	029
2134	6	29	029
381	1	259	029
6529	23	3023	029
2903	11	3089	029
205	15	4990	029
2011	6	30	029
2068	6	2107	029
2136	6	173	029
205	6	30	029
2008	9	259	029
3068	23	3027	029
1866	12	170	029
8385	23	3023	029
636	1	172	029
1956	6	2008	029
473	6	2082	029
509	6	30	029
3143	11	3087	029
114	1	116	029
8824	23	2977	029
2135	6	30	029
583	1	584	029
3206	12	2082	029
1429	6	2107	029
6414	23	2935	029
2008	15	4988	029
100	6	30	029
7847	23	2966	029
2135	6	2008	029
142	6	30	029
2071	6	30	029
1912	6	259	029
44	6	30	029
6529	23	2952	029
2026	6	30	029
1588	6	30	029
191	1	30	029
2691	23	3023	029
6878	23	2966	029
6726	23	2966	029
2097	6	30	030
206	1	207	030
2156	6	30	030
2129	6	30	030
12503	23	12520	030
2169	6	29	030
765	6	30	030
492	1	493	030
3231	12	29	030
776	1	493	030
7406	23	3023	030
2153	6	30	030
2016	6	116	030
3208	12	2082	030
9018	23	3023	030
169	6	173	030
1850	23	2951	030
1941	5	1943	030
2068	6	173	030
702	6	28	030
3227	12	46	030
19	6	2008	030
1894	23	2920	030
728	1	405	030
3219	12	2027	030
1525	6	29	030
494	1	28	030
1502	1	416	030
258	1	259	030
8516	23	2981	030
610	1	416	030
443	1	416	030
3211	12	2082	030
717	1	636	030
2729	23	2935	030
473	1	416	030
2090	6	116	030
845	1	28	030
1394	6	115	030
6878	23	12520	030
6414	23	2935	030
2105	6	30	030
921	6	30	030
178	6	116	030
1644	1	207	030
2530	14	3431	030
3577	14	3437	030
8301	23	3060	030
1133	6	30	030
172	1	402	030
8943	23	2951	030
2852	23	2952	030
919	1	921	030
1975	6	2008	030
2020	6	2008	030
584	6	259	030
588	6	30	030
2130	6	2008	030
428	6	259	030
381	6	405	030
1957	6	173	030
25	15	5024	030
1429	6	30	030
675	15	4990	030
17	6	30	030
921	1	30	030
584	1	259	030
720	1	28	030
711	1	28	030
310	15	5088	030
3040	23	3023	030
4885	17	8813	030
88	6	30	030
2909	9	2720	030
6371	23	3023	030
675	15	5120	030
446	1	259	030
702	1	28	030
2119	6	2008	030
658	1	173	030
25	15	4990	030
25	6	30	030
578	1	28	030
1110	15	5120	030
8385	23	2981	030
3214	12	2082	030
44	5	25	030
728	15	4988	030
1947	6	173	030
1133	15	4990	030
630	6	30	030
2159	6	30	030
2102	6	2008	030
1850	23	2951	030
205	1	207	030
8842	23	3023	030
759	1	28	030
492	15	5088	030
1592	6	30	030
2172	6	2008	030
3209	12	30	030
113	6	30	030
728	1	259	030
2069	6	1561	030
1100	6	28	030
3236	23	3023	030
8730	23	2951	030
2127	6	171	030
2082	15	4988	030
2702	9	2705	030
3086	23	12527	030
5348	15	5088	030
1941	6	2008	030
2836	9	2705	030
3228	12	117	030
769	1	28	030
2119	6	2045	030
191	6	30	030
3236	23	12520	030
6878	23	12520	030
2909	9	2593	030
2729	23	2966	030
776	15	5088	030
2073	6	2008	030
396	6	30	030
2164	6	116	030
1983	6	728	030
2124	6	116	030
104	1	107	030
3193	12	2155	030
2034	6	116	030
3040	23	12544	030
2142	6	2008	030
6371	23	3023	030
2693	12	28	030
2030	6	2008	030
303	1	416	030
8943	23	3023	030
2094	6	2096	030
8730	23	3026	030
3040	23	12544	030
2134	6	29	030
381	1	259	030
6529	23	3023	030
2903	11	3089	030
205	15	4990	030
2011	6	30	030
2136	6	173	030
205	6	30	030
2008	9	259	030
3068	23	3027	030
1866	12	170	030
8385	23	3023	030
636	1	172	030
1956	6	2008	030
473	6	2082	030
509	6	30	030
3143	11	3087	030
114	1	116	030
8824	23	2977	030
583	1	584	030
3206	12	2082	030
6414	23	2935	030
2008	15	4988	030
100	6	30	030
7847	23	2966	030
2135	6	2008	030
142	6	30	030
2071	6	30	030
1912	6	259	030
44	6	30	030
6529	23	2952	030
2026	6	30	030
1588	6	30	030
191	1	30	030
2691	23	3023	030
6878	23	2966	030
6726	23	2966	030
2097	6	30	031
206	1	207	031
2156	6	30	031
2129	6	30	031
12503	23	12520	031
2169	6	29	031
765	6	30	031
492	1	493	031
3231	12	29	031
776	1	493	031
7406	23	3023	031
2153	6	30	031
2016	6	116	031
3208	12	2082	031
9018	23	3023	031
169	6	173	031
1850	23	2951	031
1941	5	1943	031
2068	6	173	031
702	6	28	031
3227	12	46	031
19	6	2008	031
1894	23	2920	031
728	1	405	031
3219	12	2027	031
1525	6	29	031
494	1	28	031
1502	1	416	031
258	1	259	031
8516	23	2981	031
610	1	416	031
443	1	416	031
3211	12	2082	031
717	1	636	031
2729	23	2935	031
473	1	416	031
2090	6	116	031
845	1	28	031
1394	6	115	031
6878	23	12520	031
6414	23	2935	031
2105	6	30	031
921	6	30	031
178	6	116	031
1644	1	207	031
2530	14	3431	031
3577	14	3437	031
8301	23	3060	031
1133	6	30	031
172	1	402	031
8943	23	2951	031
2852	23	2952	031
919	1	921	031
1975	6	2008	031
2020	6	2008	031
584	6	259	031
588	6	30	031
2130	6	2008	031
428	6	259	031
381	6	405	031
1957	6	173	031
25	15	5024	031
1429	6	30	031
675	15	4990	031
17	6	30	031
921	1	30	031
584	1	259	031
720	1	28	031
711	1	28	031
310	15	5088	031
3040	23	3023	031
4885	17	8813	031
88	6	30	031
2909	9	2720	031
6371	23	3023	031
675	15	5120	031
446	1	259	031
702	1	28	031
2119	6	2008	031
658	1	173	031
25	15	4990	031
25	6	30	031
578	1	28	031
1110	15	5120	031
8385	23	2981	031
3214	12	2082	031
44	5	25	031
728	15	4988	031
1947	6	173	031
1133	15	4990	031
630	6	30	031
2159	6	30	031
2102	6	2008	031
1850	23	2951	031
205	1	207	031
8842	23	3023	031
759	1	28	031
492	15	5088	031
1592	6	30	031
2172	6	2008	031
3209	12	30	031
113	6	30	031
728	1	259	031
2069	6	1561	031
1100	6	28	031
3236	23	3023	031
8730	23	2951	031
2127	6	171	031
2082	15	4988	031
2702	9	2705	031
3086	23	12527	031
5348	15	5088	031
1941	6	2008	031
2836	9	2705	031
3228	12	117	031
769	1	28	031
2119	6	2045	031
191	6	30	031
3236	23	12520	031
6878	23	12520	031
2909	9	2593	031
2729	23	2966	031
776	15	5088	031
2073	6	2008	031
396	6	30	031
2164	6	116	031
1983	6	728	031
2124	6	116	031
104	1	107	031
3193	12	2155	031
2034	6	116	031
3040	23	12544	031
2142	6	2008	031
6371	23	3023	031
2693	12	28	031
2030	6	2008	031
303	1	416	031
8943	23	3023	031
2094	6	2096	031
8730	23	3026	031
3040	23	12544	031
2134	6	29	031
381	1	259	031
6529	23	3023	031
2903	11	3089	031
205	15	4990	031
2011	6	30	031
2136	6	173	031
205	6	30	031
2008	9	259	031
3068	23	3027	031
1866	12	170	031
8385	23	3023	031
636	1	172	031
1956	6	2008	031
473	6	2082	031
509	6	30	031
3143	11	3087	031
114	1	116	031
8824	23	2977	031
583	1	584	031
3206	12	2082	031
6414	23	2935	031
2008	15	4988	031
100	6	30	031
7847	23	2966	031
2135	6	2008	031
142	6	30	031
2071	6	30	031
1912	6	259	031
44	6	30	031
8333	17	6005	031
6529	23	2952	031
2026	6	30	031
1588	6	30	031
191	1	30	031
2691	23	3023	031
6878	23	2966	031
6726	23	2966	031
2097	6	30	032
206	1	207	032
2156	6	30	032
2129	6	30	032
12503	23	12520	032
2169	6	29	032
765	6	30	032
492	1	493	032
3231	12	29	032
776	1	493	032
7406	23	3023	032
2153	6	30	032
2016	6	116	032
3208	12	2082	032
9018	23	3023	032
169	6	173	032
1850	23	2951	032
1941	5	1943	032
2068	6	173	032
702	6	28	032
3227	12	46	032
19	6	2008	032
1894	23	2920	032
728	1	405	032
3219	12	2027	032
1525	6	29	032
494	1	28	032
1502	1	416	032
258	1	259	032
8516	23	2981	032
610	1	416	032
443	1	416	032
3211	12	2082	032
717	1	636	032
2729	23	2935	032
473	1	416	032
2090	6	116	032
845	1	28	032
1394	6	115	032
6878	23	12520	032
6414	23	2935	032
2105	6	30	032
921	6	30	032
178	6	116	032
1644	1	207	032
2530	14	3431	032
3577	14	3437	032
8301	23	3060	032
1133	6	30	032
172	1	402	032
8943	23	2951	032
2852	23	2952	032
919	1	921	032
1975	6	2008	032
2020	6	2008	032
584	6	259	032
588	6	30	032
2130	6	2008	032
428	6	259	032
381	6	405	032
1957	6	173	032
25	15	5024	032
17	1	18	032
1429	6	30	032
675	15	4990	032
17	6	30	032
921	1	30	032
584	1	259	032
720	1	28	032
711	1	28	032
310	15	5088	032
3040	23	3023	032
4885	17	8813	032
88	6	30	032
2909	9	2720	032
6371	23	3023	032
675	15	5120	032
446	1	259	032
702	1	28	032
2119	6	2008	032
658	1	173	032
25	15	4990	032
25	6	30	032
578	1	28	032
1110	15	5120	032
8385	23	2981	032
3214	12	2082	032
44	5	25	032
728	15	4988	032
1947	6	173	032
1133	15	4990	032
630	6	30	032
2159	6	30	032
2102	6	2008	032
1850	23	2951	032
205	1	207	032
8842	23	3023	032
759	1	28	032
492	15	5088	032
1592	6	30	032
2172	6	2008	032
3209	12	30	032
113	6	30	032
728	1	259	032
2069	6	1561	032
1100	6	28	032
3236	23	3023	032
8730	23	2951	032
2127	6	171	032
2082	15	4988	032
2702	9	2705	032
3086	23	12527	032
5348	15	5088	032
1941	6	2008	032
2836	9	2705	032
3228	12	117	032
769	1	28	032
2119	6	2045	032
191	6	30	032
3236	23	12520	032
6878	23	12520	032
2909	9	2593	032
2729	23	2966	032
776	15	5088	032
2073	6	2008	032
396	6	30	032
2164	6	116	032
1983	6	728	032
2124	6	116	032
104	1	107	032
3193	12	2155	032
2034	6	116	032
3040	23	12544	032
2142	6	2008	032
6371	23	3023	032
2693	12	28	032
2030	6	2008	032
303	1	416	032
8943	23	3023	032
2094	6	2096	032
8730	23	3026	032
3040	23	12544	032
2134	6	29	032
381	1	259	032
6529	23	3023	032
2903	11	3089	032
205	15	4990	032
2011	6	30	032
2136	6	173	032
205	6	30	032
2008	9	259	032
3068	23	3027	032
1866	12	170	032
8385	23	3023	032
636	1	172	032
1956	6	2008	032
473	6	2082	032
509	6	30	032
3143	11	3087	032
114	1	116	032
8824	23	2977	032
583	1	584	032
3206	12	2082	032
6414	23	2935	032
2008	15	4988	032
100	6	30	032
7847	23	2966	032
2135	6	2008	032
142	6	30	032
2071	6	30	032
1912	6	259	032
44	6	30	032
6529	23	2952	032
2026	6	30	032
1588	6	30	032
191	1	30	032
2691	23	3023	032
6878	23	2966	032
6726	23	2966	032
2097	6	30	033
206	1	207	033
2156	6	30	033
2129	6	30	033
12503	23	12520	033
2169	6	29	033
765	6	30	033
492	1	493	033
3231	12	29	033
776	1	493	033
7406	23	3023	033
2153	6	30	033
2016	6	116	033
3208	12	2082	033
9018	23	3023	033
169	6	173	033
1850	23	2951	033
1941	5	1943	033
2068	6	173	033
702	6	28	033
3227	12	46	033
19	6	2008	033
1894	23	2920	033
728	1	405	033
3219	12	2027	033
1525	6	29	033
494	1	28	033
1502	1	416	033
258	1	259	033
8516	23	2981	033
610	1	416	033
443	1	416	033
3211	12	2082	033
717	1	636	033
2729	23	2935	033
473	1	416	033
2090	6	116	033
845	1	28	033
1394	6	115	033
6878	23	12520	033
6414	23	2935	033
2105	6	30	033
921	6	30	033
178	6	116	033
1644	1	207	033
2530	14	3431	033
3577	14	3437	033
8301	23	3060	033
1133	6	30	033
172	1	402	033
8943	23	2951	033
2852	23	2952	033
919	1	921	033
1975	6	2008	033
2020	6	2008	033
584	6	259	033
588	6	30	033
2130	6	2008	033
428	6	259	033
381	6	405	033
1957	6	173	033
25	15	5024	033
17	1	18	033
1429	6	30	033
675	15	4990	033
17	6	30	033
921	1	30	033
584	1	259	033
720	1	28	033
711	1	28	033
310	15	5088	033
3040	23	3023	033
4885	17	8813	033
88	6	30	033
2909	9	2720	033
6371	23	3023	033
675	15	5120	033
446	1	259	033
702	1	28	033
2119	6	2008	033
658	1	173	033
25	15	4990	033
25	6	30	033
578	1	28	033
1110	15	5120	033
8385	23	2981	033
3214	12	2082	033
44	5	25	033
728	15	4988	033
1947	6	173	033
1133	15	4990	033
630	6	30	033
2159	6	30	033
2102	6	2008	033
1850	23	2951	033
205	1	207	033
8842	23	3023	033
759	1	28	033
492	15	5088	033
1592	6	30	033
2172	6	2008	033
3209	12	30	033
113	6	30	033
728	1	259	033
2069	6	1561	033
1100	6	28	033
3236	23	3023	033
8730	23	2951	033
2127	6	171	033
2082	15	4988	033
2702	9	2705	033
3086	23	12527	033
5348	15	5088	033
1941	6	2008	033
2836	9	2705	033
3228	12	117	033
769	1	28	033
6243	17	5818	033
2119	6	2045	033
191	6	30	033
8863	17	5818	033
3236	23	12520	033
6878	23	12520	033
2909	9	2593	033
2729	23	2966	033
776	15	5088	033
2073	6	2008	033
396	6	30	033
2164	6	116	033
1983	6	728	033
2124	6	116	033
104	1	107	033
3193	12	2155	033
2034	6	116	033
3040	23	12544	033
2142	6	2008	033
6371	23	3023	033
2693	12	28	033
2030	6	2008	033
8863	17	5817	033
303	1	416	033
8943	23	3023	033
2094	6	2096	033
8730	23	3026	033
3040	23	12544	033
2134	6	29	033
381	1	259	033
6529	23	3023	033
2903	11	3089	033
205	15	4990	033
2011	6	30	033
2136	6	173	033
205	6	30	033
2008	9	259	033
3068	23	3027	033
1866	12	170	033
8385	23	3023	033
636	1	172	033
1956	6	2008	033
473	6	2082	033
509	6	30	033
3143	11	3087	033
114	1	116	033
8824	23	2977	033
583	1	584	033
3206	12	2082	033
6414	23	2935	033
2008	15	4988	033
100	6	30	033
7847	23	2966	033
2135	6	2008	033
142	6	30	033
2071	6	30	033
1912	6	259	033
44	6	30	033
6529	23	2952	033
2026	6	30	033
1588	6	30	033
191	1	30	033
2691	23	3023	033
6878	23	2966	033
6726	23	2966	033
2097	6	30	034
206	1	207	034
2156	6	30	034
2129	6	30	034
12503	23	12520	034
2169	6	29	034
765	6	30	034
492	1	493	034
3231	12	29	034
776	1	493	034
7406	23	3023	034
2153	6	30	034
2016	6	116	034
3208	12	2082	034
9018	23	3023	034
169	6	173	034
1850	23	2951	034
1941	5	1943	034
2068	6	173	034
702	6	28	034
3227	12	46	034
19	6	2008	034
1894	23	2920	034
728	1	405	034
3219	12	2027	034
1525	6	29	034
494	1	28	034
1502	1	416	034
258	1	259	034
8516	23	2981	034
610	1	416	034
443	1	416	034
3211	12	2082	034
717	1	636	034
2729	23	2935	034
473	1	416	034
2090	6	116	034
845	1	28	034
1394	6	115	034
6878	23	12520	034
6414	23	2935	034
2105	6	30	034
921	6	30	034
178	6	116	034
1644	1	207	034
2530	14	3431	034
3577	14	3437	034
8301	23	3060	034
1133	6	30	034
172	1	402	034
8943	23	2951	034
2852	23	2952	034
919	1	921	034
1975	6	2008	034
2020	6	2008	034
584	6	259	034
588	6	30	034
2130	6	2008	034
428	6	259	034
381	6	405	034
1957	6	173	034
25	15	5024	034
17	1	18	034
1429	6	30	034
675	15	4990	034
17	6	30	034
921	1	30	034
584	1	259	034
720	1	28	034
711	1	28	034
310	15	5088	034
3040	23	3023	034
4885	17	8813	034
88	6	30	034
2909	9	2720	034
6371	23	3023	034
675	15	5120	034
446	1	259	034
702	1	28	034
2119	6	2008	034
658	1	173	034
25	15	4990	034
25	6	30	034
578	1	28	034
1110	15	5120	034
8385	23	2981	034
3214	12	2082	034
44	5	25	034
728	15	4988	034
1947	6	173	034
1133	15	4990	034
630	6	30	034
2159	6	30	034
2102	6	2008	034
1850	23	2951	034
205	1	207	034
8842	23	3023	034
759	1	28	034
492	15	5088	034
1592	6	30	034
2172	6	2008	034
3209	12	30	034
113	6	30	034
728	1	259	034
2069	6	1561	034
1100	6	28	034
3236	23	3023	034
8730	23	2951	034
2127	6	171	034
2082	15	4988	034
2702	9	2705	034
3086	23	12527	034
5348	15	5088	034
1941	6	2008	034
2836	9	2705	034
3228	12	117	034
769	1	28	034
2119	6	2045	034
191	6	30	034
8863	17	5818	034
3236	23	12520	034
6878	23	12520	034
2909	9	2593	034
2729	23	2966	034
776	15	5088	034
2073	6	2008	034
396	6	30	034
2164	6	116	034
1983	6	728	034
2124	6	116	034
104	1	107	034
3193	12	2155	034
2034	6	116	034
3040	23	12544	034
2142	6	2008	034
6371	23	3023	034
2693	12	28	034
2030	6	2008	034
8863	17	5817	034
303	1	416	034
8943	23	3023	034
2094	6	2096	034
8730	23	3026	034
3040	23	12544	034
2134	6	29	034
381	1	259	034
6529	23	3023	034
2903	11	3089	034
205	15	4990	034
2011	6	30	034
2136	6	173	034
205	6	30	034
2008	9	259	034
3068	23	3027	034
1866	12	170	034
8385	23	3023	034
636	1	172	034
1956	6	2008	034
473	6	2082	034
509	6	30	034
3143	11	3087	034
114	1	116	034
8824	23	2977	034
583	1	584	034
3206	12	2082	034
6414	23	2935	034
2008	15	4988	034
100	6	30	034
7847	23	2966	034
2135	6	2008	034
142	6	30	034
2071	6	30	034
1912	6	259	034
8863	17	5816	034
44	6	30	034
6529	23	2952	034
2026	6	30	034
1588	6	30	034
191	1	30	034
2691	23	3023	034
6878	23	2966	034
6726	23	2966	034
2097	6	30	035
206	1	207	035
2156	6	30	035
2129	6	30	035
2644	9	2593	035
12503	23	12520	035
2169	6	29	035
765	6	30	035
492	1	493	035
3231	12	29	035
776	1	493	035
7406	23	3023	035
2153	6	30	035
2016	6	116	035
3208	12	2082	035
9018	23	3023	035
169	6	173	035
1850	23	2951	035
1941	5	1943	035
2068	6	173	035
702	6	28	035
3227	12	46	035
19	6	2008	035
1894	23	2920	035
728	1	405	035
3219	12	2027	035
1525	6	29	035
494	1	28	035
1502	1	416	035
258	1	259	035
8516	23	2981	035
610	1	416	035
443	1	416	035
3211	12	2082	035
717	1	636	035
2729	23	2935	035
473	1	416	035
2090	6	116	035
845	1	28	035
1394	6	115	035
6878	23	12520	035
6414	23	2935	035
2105	6	30	035
921	6	30	035
178	6	116	035
1644	1	207	035
2530	14	3431	035
3577	14	3437	035
8301	23	3060	035
1133	6	30	035
172	1	402	035
8943	23	2951	035
2852	23	2952	035
919	1	921	035
1975	6	2008	035
2020	6	2008	035
584	6	259	035
588	6	30	035
2130	6	2008	035
428	6	259	035
381	6	405	035
1957	6	173	035
25	15	5024	035
17	1	18	035
1429	6	30	035
675	15	4990	035
17	6	30	035
921	1	30	035
584	1	259	035
720	1	28	035
711	1	28	035
310	15	5088	035
3040	23	3023	035
4885	17	8813	035
88	6	30	035
2909	9	2720	035
6371	23	3023	035
675	15	5120	035
446	1	259	035
702	1	28	035
2119	6	2008	035
658	1	173	035
25	15	4990	035
25	6	30	035
578	1	28	035
1110	15	5120	035
8385	23	2981	035
3214	12	2082	035
44	5	25	035
728	15	4988	035
1947	6	173	035
1133	15	4990	035
630	6	30	035
2159	6	30	035
2102	6	2008	035
1850	23	2951	035
205	1	207	035
8842	23	3023	035
759	1	28	035
492	15	5088	035
1592	6	30	035
2172	6	2008	035
3209	12	30	035
6884	17	6171	035
113	6	30	035
728	1	259	035
2069	6	1561	035
1100	6	28	035
3236	23	3023	035
8730	23	2951	035
2127	6	171	035
2082	15	4988	035
2702	9	2705	035
3086	23	12527	035
5348	15	5088	035
1941	6	2008	035
2836	9	2705	035
3228	12	117	035
769	1	28	035
2119	6	2045	035
191	6	30	035
8863	17	5818	035
3236	23	12520	035
6878	23	12520	035
2909	9	2593	035
2729	23	2966	035
776	15	5088	035
2073	6	2008	035
396	6	30	035
2164	6	116	035
1983	6	728	035
2124	6	116	035
104	1	107	035
3193	12	2155	035
2034	6	116	035
3040	23	12544	035
2142	6	2008	035
6371	23	3023	035
2693	12	28	035
2030	6	2008	035
8863	17	5817	035
303	1	416	035
8943	23	3023	035
2094	6	2096	035
8730	23	3026	035
3040	23	12544	035
2134	6	29	035
381	1	259	035
6529	23	3023	035
2903	11	3089	035
205	15	4990	035
2011	6	30	035
2136	6	173	035
205	6	30	035
2008	9	259	035
3068	23	3027	035
1866	12	170	035
8385	23	3023	035
636	1	172	035
1956	6	2008	035
473	6	2082	035
509	6	30	035
3143	11	3087	035
114	1	116	035
8824	23	2977	035
583	1	584	035
3206	12	2082	035
6414	23	2935	035
2008	15	4988	035
100	6	30	035
7847	23	2966	035
2135	6	2008	035
142	6	30	035
2071	6	30	035
1912	6	259	035
8863	17	5816	035
44	6	30	035
6529	23	2952	035
2026	6	30	035
1588	6	30	035
191	1	30	035
2691	23	3023	035
6878	23	2966	035
6726	23	2966	035
2097	6	30	036
206	1	207	036
2156	6	30	036
2129	6	30	036
2644	9	2593	036
6006	17	5818	036
12503	23	12520	036
2169	6	29	036
765	6	30	036
492	1	493	036
3231	12	29	036
776	1	493	036
7406	23	3023	036
2153	6	30	036
2016	6	116	036
3208	12	2082	036
9018	23	3023	036
169	6	173	036
1850	23	2951	036
1941	5	1943	036
2068	6	173	036
702	6	28	036
3227	12	46	036
19	6	2008	036
1894	23	2920	036
728	1	405	036
3219	12	2027	036
1525	6	29	036
494	1	28	036
1502	1	416	036
258	1	259	036
8516	23	2981	036
610	1	416	036
443	1	416	036
3211	12	2082	036
717	1	636	036
2729	23	2935	036
473	1	416	036
2090	6	116	036
845	1	28	036
1394	6	115	036
6878	23	12520	036
6414	23	2935	036
2105	6	30	036
921	6	30	036
178	6	116	036
1644	1	207	036
2530	14	3431	036
3577	14	3437	036
8301	23	3060	036
1133	6	30	036
172	1	402	036
8943	23	2951	036
2852	23	2952	036
919	1	921	036
1975	6	2008	036
2020	6	2008	036
584	6	259	036
588	6	30	036
2130	6	2008	036
428	6	259	036
381	6	405	036
1957	6	173	036
25	15	5024	036
17	1	18	036
1429	6	30	036
675	15	4990	036
17	6	30	036
921	1	30	036
584	1	259	036
720	1	28	036
711	1	28	036
310	15	5088	036
3040	23	3023	036
4885	17	8813	036
88	6	30	036
2909	9	2720	036
6371	23	3023	036
675	15	5120	036
446	1	259	036
702	1	28	036
2119	6	2008	036
658	1	173	036
25	15	4990	036
25	6	30	036
578	1	28	036
1110	15	5120	036
8385	23	2981	036
3214	12	2082	036
44	5	25	036
728	15	4988	036
1947	6	173	036
1133	15	4990	036
630	6	30	036
2159	6	30	036
2102	6	2008	036
1850	23	2951	036
205	1	207	036
8842	23	3023	036
759	1	28	036
492	15	5088	036
1592	6	30	036
2172	6	2008	036
3209	12	30	036
113	6	30	036
728	1	259	036
2069	6	1561	036
1100	6	28	036
3236	23	3023	036
8730	23	2951	036
2127	6	171	036
2082	15	4988	036
2702	9	2705	036
3086	23	12527	036
5348	15	5088	036
1941	6	2008	036
2836	9	2705	036
3228	12	117	036
769	1	28	036
2119	6	2045	036
191	6	30	036
8863	17	5818	036
3236	23	12520	036
6878	23	12520	036
2909	9	2593	036
2729	23	2966	036
776	15	5088	036
2073	6	2008	036
396	6	30	036
2164	6	116	036
1983	6	728	036
2124	6	116	036
104	1	107	036
3193	12	2155	036
2034	6	116	036
3040	23	12544	036
2142	6	2008	036
6371	23	3023	036
2693	12	28	036
2030	6	2008	036
8863	17	5817	036
303	1	416	036
8943	23	3023	036
2094	6	2096	036
8730	23	3026	036
3040	23	12544	036
2134	6	29	036
381	1	259	036
6529	23	3023	036
2903	11	3089	036
205	15	4990	036
2011	6	30	036
2136	6	173	036
205	6	30	036
2008	9	259	036
3068	23	3027	036
1866	12	170	036
8385	23	3023	036
636	1	172	036
1956	6	2008	036
473	6	2082	036
509	6	30	036
3143	11	3087	036
114	1	116	036
8824	23	2977	036
583	1	584	036
3206	12	2082	036
6414	23	2935	036
2008	15	4988	036
100	6	30	036
7847	23	2966	036
2135	6	2008	036
142	6	30	036
2071	6	30	036
1912	6	259	036
8863	17	5816	036
44	6	30	036
6529	23	2952	036
2026	6	30	036
1588	6	30	036
191	1	30	036
2691	23	3023	036
6878	23	2966	036
6726	23	2966	036
2097	6	30	037
206	1	207	037
2156	6	30	037
2129	6	30	037
2644	9	2593	037
6006	17	5818	037
12503	23	12520	037
2169	6	29	037
765	6	30	037
492	1	493	037
3231	12	29	037
776	1	493	037
7406	23	3023	037
2153	6	30	037
2016	6	116	037
3208	12	2082	037
9018	23	3023	037
169	6	173	037
1850	23	2951	037
1941	5	1943	037
2068	6	173	037
702	6	28	037
3227	12	46	037
19	6	2008	037
1894	23	2920	037
728	1	405	037
3219	12	2027	037
1525	6	29	037
494	1	28	037
1502	1	416	037
258	1	259	037
8516	23	2981	037
610	1	416	037
443	1	416	037
3211	12	2082	037
717	1	636	037
2729	23	2935	037
473	1	416	037
2090	6	116	037
845	1	28	037
1394	6	115	037
6878	23	12520	037
6414	23	2935	037
2105	6	30	037
921	6	30	037
178	6	116	037
1644	1	207	037
2530	14	3431	037
3577	14	3437	037
8301	23	3060	037
1133	6	30	037
172	1	402	037
8943	23	2951	037
2852	23	2952	037
919	1	921	037
1975	6	2008	037
2020	6	2008	037
584	6	259	037
588	6	30	037
2130	6	2008	037
428	6	259	037
381	6	405	037
1957	6	173	037
25	15	5024	037
17	1	18	037
1429	6	30	037
675	15	4990	037
17	6	30	037
921	1	30	037
584	1	259	037
720	1	28	037
711	1	28	037
310	15	5088	037
3040	23	3023	037
4885	17	8813	037
88	6	30	037
2909	9	2720	037
6371	23	3023	037
675	15	5120	037
446	1	259	037
702	1	28	037
2119	6	2008	037
658	1	173	037
25	15	4990	037
25	6	30	037
578	1	28	037
1110	15	5120	037
8385	23	2981	037
3214	12	2082	037
44	5	25	037
728	15	4988	037
1947	6	173	037
1133	15	4990	037
630	6	30	037
2159	6	30	037
2102	6	2008	037
1850	23	2951	037
205	1	207	037
8842	23	3023	037
759	1	28	037
492	15	5088	037
1592	6	30	037
2172	6	2008	037
3209	12	30	037
113	6	30	037
728	1	259	037
2069	6	1561	037
1100	6	28	037
3236	23	3023	037
8730	23	2951	037
2127	6	171	037
2082	15	4988	037
2702	9	2705	037
3086	23	12527	037
5348	15	5088	037
1941	6	2008	037
2836	9	2705	037
3228	12	117	037
769	1	28	037
2119	6	2045	037
191	6	30	037
8863	17	5818	037
3236	23	12520	037
6878	23	12520	037
2909	9	2593	037
2729	23	2966	037
776	15	5088	037
2073	6	2008	037
396	6	30	037
2164	6	116	037
1983	6	728	037
2124	6	116	037
104	1	107	037
3193	12	2155	037
2034	6	116	037
2789	17	6005	037
3040	23	12544	037
2142	6	2008	037
6371	23	3023	037
2693	12	28	037
2030	6	2008	037
5974	17	5975	037
8863	17	5817	037
303	1	416	037
8943	23	3023	037
2094	6	2096	037
8730	23	3026	037
3040	23	12544	037
2134	6	29	037
381	1	259	037
6529	23	3023	037
2903	11	3089	037
205	15	4990	037
2011	6	30	037
2136	6	173	037
205	6	30	037
2008	9	259	037
3068	23	3027	037
1866	12	170	037
8385	23	3023	037
636	1	172	037
1956	6	2008	037
473	6	2082	037
509	6	30	037
3143	11	3087	037
114	1	116	037
8824	23	2977	037
583	1	584	037
3206	12	2082	037
6414	23	2935	037
2008	15	4988	037
100	6	30	037
7847	23	2966	037
2135	6	2008	037
142	6	30	037
2071	6	30	037
1912	6	259	037
8863	17	5816	037
44	6	30	037
6529	23	2952	037
2026	6	30	037
1588	6	30	037
191	1	30	037
2691	23	3023	037
6878	23	2966	037
6726	23	2966	037
2097	6	30	038
206	1	207	038
2156	6	30	038
2129	6	30	038
2644	9	2593	038
6006	17	5818	038
12503	23	12520	038
2169	6	29	038
765	6	30	038
492	1	493	038
3231	12	29	038
776	1	493	038
7406	23	3023	038
2153	6	30	038
2016	6	116	038
3208	12	2082	038
9018	23	3023	038
169	6	173	038
1850	23	2951	038
1941	5	1943	038
2068	6	173	038
702	6	28	038
3227	12	46	038
19	6	2008	038
1894	23	2920	038
728	1	405	038
3219	12	2027	038
1525	6	29	038
494	1	28	038
1502	1	416	038
258	1	259	038
8516	23	2981	038
610	1	416	038
443	1	416	038
3211	12	2082	038
717	1	636	038
2729	23	2935	038
473	1	416	038
2090	6	116	038
845	1	28	038
1394	6	115	038
6878	23	12520	038
6414	23	2935	038
2105	6	30	038
921	6	30	038
178	6	116	038
1644	1	207	038
2530	14	3431	038
3577	14	3437	038
8301	23	3060	038
1133	6	30	038
172	1	402	038
8943	23	2951	038
2852	23	2952	038
919	1	921	038
1975	6	2008	038
2020	6	2008	038
584	6	259	038
588	6	30	038
2130	6	2008	038
428	6	259	038
381	6	405	038
1957	6	173	038
25	15	5024	038
17	1	18	038
1429	6	30	038
675	15	4990	038
17	6	30	038
921	1	30	038
584	1	259	038
720	1	28	038
711	1	28	038
310	15	5088	038
3040	23	3023	038
4885	17	8813	038
88	6	30	038
2909	9	2720	038
6371	23	3023	038
675	15	5120	038
446	1	259	038
702	1	28	038
2119	6	2008	038
658	1	173	038
25	15	4990	038
25	6	30	038
578	1	28	038
1110	15	5120	038
8385	23	2981	038
3214	12	2082	038
44	5	25	038
728	15	4988	038
1947	6	173	038
1133	15	4990	038
630	6	30	038
2159	6	30	038
2102	6	2008	038
1850	23	2951	038
205	1	207	038
8842	23	3023	038
759	1	28	038
492	15	5088	038
1592	6	30	038
2172	6	2008	038
3209	12	30	038
113	6	30	038
728	1	259	038
2069	6	1561	038
1100	6	28	038
3236	23	3023	038
8730	23	2951	038
2127	6	171	038
2082	15	4988	038
2702	9	2705	038
3086	23	12527	038
5348	15	5088	038
1941	6	2008	038
2836	9	2705	038
3228	12	117	038
769	1	28	038
2119	6	2045	038
191	6	30	038
8863	17	5818	038
3236	23	12520	038
6878	23	12520	038
2909	9	2593	038
2729	23	2966	038
776	15	5088	038
2073	6	2008	038
396	6	30	038
2164	6	116	038
1983	6	728	038
2124	6	116	038
104	1	107	038
3193	12	2155	038
2034	6	116	038
3040	23	12544	038
2142	6	2008	038
6371	23	3023	038
2693	12	28	038
2030	6	2008	038
8863	17	5817	038
303	1	416	038
8943	23	3023	038
2094	6	2096	038
8730	23	3026	038
3040	23	12544	038
2134	6	29	038
381	1	259	038
6529	23	3023	038
2903	11	3089	038
205	15	4990	038
2011	6	30	038
2136	6	173	038
205	6	30	038
2008	9	259	038
3068	23	3027	038
1866	12	170	038
8385	23	3023	038
636	1	172	038
1956	6	2008	038
473	6	2082	038
509	6	30	038
3143	11	3087	038
114	1	116	038
8824	23	2977	038
583	1	584	038
3206	12	2082	038
6414	23	2935	038
2008	15	4988	038
100	6	30	038
7847	23	2966	038
2135	6	2008	038
142	6	30	038
2071	6	30	038
1912	6	259	038
8863	17	5816	038
44	6	30	038
6529	23	2952	038
2026	6	30	038
1588	6	30	038
191	1	30	038
2691	23	3023	038
6878	23	2966	038
6726	23	2966	038
2097	6	30	039
206	1	207	039
2156	6	30	039
2129	6	30	039
2644	9	2593	039
6006	17	5818	039
12503	23	12520	039
2169	6	29	039
765	6	30	039
492	1	493	039
3231	12	29	039
776	1	493	039
7406	23	3023	039
2153	6	30	039
2016	6	116	039
3208	12	2082	039
9018	23	3023	039
169	6	173	039
1850	23	2951	039
1941	5	1943	039
2068	6	173	039
702	6	28	039
3227	12	46	039
19	6	2008	039
1894	23	2920	039
728	1	405	039
3219	12	2027	039
1525	6	29	039
494	1	28	039
1502	1	416	039
258	1	259	039
8516	23	2981	039
610	1	416	039
443	1	416	039
3211	12	2082	039
717	1	636	039
2729	23	2935	039
473	1	416	039
2090	6	116	039
845	1	28	039
1394	6	115	039
6878	23	12520	039
6414	23	2935	039
2105	6	30	039
921	6	30	039
178	6	116	039
1644	1	207	039
2530	14	3431	039
3577	14	3437	039
8301	23	3060	039
1133	6	30	039
172	1	402	039
8943	23	2951	039
2852	23	2952	039
919	1	921	039
1975	6	2008	039
2020	6	2008	039
584	6	259	039
588	6	30	039
2130	6	2008	039
428	6	259	039
381	6	405	039
1957	6	173	039
25	15	5024	039
17	1	18	039
1429	6	30	039
675	15	4990	039
17	6	30	039
921	1	30	039
584	1	259	039
720	1	28	039
711	1	28	039
310	15	5088	039
3040	23	3023	039
4885	17	8813	039
88	6	30	039
2909	9	2720	039
6371	23	3023	039
675	15	5120	039
446	1	259	039
702	1	28	039
2119	6	2008	039
658	1	173	039
25	15	4990	039
25	6	30	039
578	1	28	039
1110	15	5120	039
8385	23	2981	039
3214	12	2082	039
44	5	25	039
728	15	4988	039
1947	6	173	039
1133	15	4990	039
630	6	30	039
2159	6	30	039
2102	6	2008	039
1850	23	2951	039
205	1	207	039
8842	23	3023	039
759	1	28	039
492	15	5088	039
1592	6	30	039
2172	6	2008	039
3209	12	30	039
6170	17	5994	039
113	6	30	039
728	1	259	039
2069	6	1561	039
1100	6	28	039
3236	23	3023	039
8730	23	2951	039
2127	6	171	039
2082	15	4988	039
2702	9	2705	039
3086	23	12527	039
5348	15	5088	039
1941	6	2008	039
2836	9	2705	039
3228	12	117	039
769	1	28	039
2119	6	2045	039
191	6	30	039
8863	17	5818	039
3236	23	12520	039
6878	23	12520	039
2909	9	2593	039
2729	23	2966	039
776	15	5088	039
2073	6	2008	039
396	6	30	039
2164	6	116	039
1983	6	728	039
2124	6	116	039
104	1	107	039
3193	12	2155	039
2034	6	116	039
3040	23	12544	039
2142	6	2008	039
6371	23	3023	039
2693	12	28	039
2030	6	2008	039
8863	17	5817	039
303	1	416	039
8943	23	3023	039
2094	6	2096	039
8730	23	3026	039
3040	23	12544	039
2134	6	29	039
381	1	259	039
6529	23	3023	039
2903	11	3089	039
205	15	4990	039
2011	6	30	039
2136	6	173	039
205	6	30	039
2008	9	259	039
3068	23	3027	039
1866	12	170	039
8385	23	3023	039
636	1	172	039
1956	6	2008	039
473	6	2082	039
509	6	30	039
3143	11	3087	039
114	1	116	039
8824	23	2977	039
583	1	584	039
3206	12	2082	039
6414	23	2935	039
2008	15	4988	039
100	6	30	039
7847	23	2966	039
2135	6	2008	039
142	6	30	039
2071	6	30	039
1912	6	259	039
8863	17	5816	039
44	6	30	039
6529	23	2952	039
2026	6	30	039
1588	6	30	039
191	1	30	039
2691	23	3023	039
6878	23	2966	039
6726	23	2966	039
2097	6	30	040
206	1	207	040
2156	6	30	040
2129	6	30	040
2644	9	2593	040
6006	17	5818	040
12503	23	12520	040
2169	6	29	040
765	6	30	040
492	1	493	040
3231	12	29	040
776	1	493	040
7406	23	3023	040
2153	6	30	040
2016	6	116	040
3208	12	2082	040
9018	23	3023	040
169	6	173	040
1850	23	2951	040
1941	5	1943	040
2068	6	173	040
702	6	28	040
3227	12	46	040
19	6	2008	040
1894	23	2920	040
728	1	405	040
3219	12	2027	040
1525	6	29	040
494	1	28	040
1502	1	416	040
258	1	259	040
8516	23	2981	040
610	1	416	040
443	1	416	040
3211	12	2082	040
717	1	636	040
2729	23	2935	040
473	1	416	040
2090	6	116	040
845	1	28	040
1394	6	115	040
6878	23	12520	040
6414	23	2935	040
2105	6	30	040
921	6	30	040
178	6	116	040
1644	1	207	040
2530	14	3431	040
3577	14	3437	040
8301	23	3060	040
1133	6	30	040
172	1	402	040
8943	23	2951	040
2852	23	2952	040
919	1	921	040
1975	6	2008	040
2020	6	2008	040
584	6	259	040
588	6	30	040
2130	6	2008	040
428	6	259	040
381	6	405	040
1957	6	173	040
25	15	5024	040
17	1	18	040
1429	6	30	040
675	15	4990	040
17	6	30	040
921	1	30	040
584	1	259	040
720	1	28	040
711	1	28	040
310	15	5088	040
3040	23	3023	040
4885	17	8813	040
88	6	30	040
2909	9	2720	040
6371	23	3023	040
675	15	5120	040
446	1	259	040
702	1	28	040
2119	6	2008	040
658	1	173	040
25	15	4990	040
25	6	30	040
578	1	28	040
1110	15	5120	040
8385	23	2981	040
3214	12	2082	040
44	5	25	040
728	15	4988	040
1947	6	173	040
1133	15	4990	040
630	6	30	040
2159	6	30	040
2102	6	2008	040
1850	23	2951	040
205	1	207	040
8842	23	3023	040
759	1	28	040
492	15	5088	040
1592	6	30	040
8333	17	5818	040
2172	6	2008	040
3209	12	30	040
113	6	30	040
728	1	259	040
2069	6	1561	040
1100	6	28	040
3236	23	3023	040
8730	23	2951	040
2127	6	171	040
2082	15	4988	040
2702	9	2705	040
3086	23	12527	040
5348	15	5088	040
1941	6	2008	040
2836	9	2705	040
3228	12	117	040
769	1	28	040
2119	6	2045	040
191	6	30	040
8863	17	5818	040
3236	23	12520	040
6878	23	12520	040
2909	9	2593	040
2729	23	2966	040
776	15	5088	040
2073	6	2008	040
396	6	30	040
2164	6	116	040
1983	6	728	040
2124	6	116	040
104	1	107	040
3193	12	2155	040
2034	6	116	040
3040	23	12544	040
2142	6	2008	040
6371	23	3023	040
2693	12	28	040
2030	6	2008	040
8863	17	5817	040
303	1	416	040
8943	23	3023	040
2094	6	2096	040
8730	23	3026	040
3040	23	12544	040
2134	6	29	040
381	1	259	040
6529	23	3023	040
2903	11	3089	040
205	15	4990	040
2011	6	30	040
2136	6	173	040
205	6	30	040
2008	9	259	040
3068	23	3027	040
1866	12	170	040
8385	23	3023	040
636	1	172	040
1956	6	2008	040
473	6	2082	040
509	6	30	040
3143	11	3087	040
114	1	116	040
8824	23	2977	040
583	1	584	040
3206	12	2082	040
6414	23	2935	040
2008	15	4988	040
100	6	30	040
7847	23	2966	040
2135	6	2008	040
142	6	30	040
2071	6	30	040
1912	6	259	040
8863	17	5816	040
44	6	30	040
6529	23	2952	040
2026	6	30	040
1588	6	30	040
191	1	30	040
2691	23	3023	040
6878	23	2966	040
6726	23	2966	040
2097	6	30	041
206	1	207	041
2156	6	30	041
2129	6	30	041
2644	9	2593	041
6006	17	5818	041
12503	23	12520	041
2169	6	29	041
765	6	30	041
492	1	493	041
3231	12	29	041
776	1	493	041
7406	23	3023	041
2153	6	30	041
2016	6	116	041
3208	12	2082	041
9018	23	3023	041
169	6	173	041
1850	23	2951	041
1941	5	1943	041
2068	6	173	041
702	6	28	041
3227	12	46	041
19	6	2008	041
1894	23	2920	041
728	1	405	041
3219	12	2027	041
1525	6	29	041
494	1	28	041
1502	1	416	041
258	1	259	041
8516	23	2981	041
610	1	416	041
443	1	416	041
3211	12	2082	041
717	1	636	041
2729	23	2935	041
473	1	416	041
2090	6	116	041
845	1	28	041
1394	6	115	041
6878	23	12520	041
6414	23	2935	041
2105	6	30	041
921	6	30	041
178	6	116	041
1644	1	207	041
2530	14	3431	041
3577	14	3437	041
8301	23	3060	041
1133	6	30	041
172	1	402	041
8943	23	2951	041
2852	23	2952	041
919	1	921	041
1975	6	2008	041
2020	6	2008	041
584	6	259	041
588	6	30	041
2130	6	2008	041
428	6	259	041
381	6	405	041
1957	6	173	041
25	15	5024	041
17	1	18	041
1429	6	30	041
675	15	4990	041
17	6	30	041
921	1	30	041
584	1	259	041
720	1	28	041
711	1	28	041
310	15	5088	041
3040	23	3023	041
4885	17	8813	041
88	6	30	041
2909	9	2720	041
6371	23	3023	041
675	15	5120	041
446	1	259	041
702	1	28	041
2119	6	2008	041
658	1	173	041
25	15	4990	041
25	6	30	041
578	1	28	041
1110	15	5120	041
8385	23	2981	041
3214	12	2082	041
44	5	25	041
728	15	4988	041
1947	6	173	041
1133	15	4990	041
630	6	30	041
2159	6	30	041
2102	6	2008	041
1850	23	2951	041
205	1	207	041
8842	23	3023	041
759	1	28	041
492	15	5088	041
1592	6	30	041
2172	6	2008	041
3209	12	30	041
6170	17	5997	041
113	6	30	041
728	1	259	041
2069	6	1561	041
1100	6	28	041
3236	23	3023	041
8730	23	2951	041
2127	6	171	041
2082	15	4988	041
2702	9	2705	041
3086	23	12527	041
5348	15	5088	041
1941	6	2008	041
2836	9	2705	041
3228	12	117	041
769	1	28	041
2119	6	2045	041
191	6	30	041
8863	17	5818	041
3236	23	12520	041
6878	23	12520	041
2909	9	2593	041
2729	23	2966	041
776	15	5088	041
2073	6	2008	041
396	6	30	041
2164	6	116	041
1983	6	728	041
2124	6	116	041
104	1	107	041
3193	12	2155	041
2034	6	116	041
3040	23	12544	041
2142	6	2008	041
6371	23	3023	041
2693	12	28	041
2030	6	2008	041
8863	17	5817	041
303	1	416	041
8943	23	3023	041
2094	6	2096	041
8730	23	3026	041
3040	23	12544	041
2134	6	29	041
381	1	259	041
6529	23	3023	041
2903	11	3089	041
205	15	4990	041
2011	6	30	041
2136	6	173	041
205	6	30	041
2008	9	259	041
3068	23	3027	041
1866	12	170	041
8385	23	3023	041
636	1	172	041
1956	6	2008	041
473	6	2082	041
509	6	30	041
3143	11	3087	041
114	1	116	041
8824	23	2977	041
583	1	584	041
3206	12	2082	041
6414	23	2935	041
2008	15	4988	041
100	6	30	041
7847	23	2966	041
2135	6	2008	041
142	6	30	041
2071	6	30	041
1912	6	259	041
8863	17	5816	041
44	6	30	041
6529	23	2952	041
2026	6	30	041
1588	6	30	041
191	1	30	041
2691	23	3023	041
6878	23	2966	041
6726	23	2966	041
2097	6	30	042
206	1	207	042
2156	6	30	042
2129	6	30	042
2644	9	2593	042
6006	17	5818	042
12503	23	12520	042
2169	6	29	042
765	6	30	042
492	1	493	042
3231	12	29	042
776	1	493	042
7406	23	3023	042
2153	6	30	042
2016	6	116	042
3208	12	2082	042
9018	23	3023	042
169	6	173	042
1850	23	2951	042
1941	5	1943	042
2068	6	173	042
702	6	28	042
3227	12	46	042
19	6	2008	042
1894	23	2920	042
728	1	405	042
3219	12	2027	042
1525	6	29	042
494	1	28	042
1502	1	416	042
258	1	259	042
8516	23	2981	042
610	1	416	042
443	1	416	042
3211	12	2082	042
717	1	636	042
2729	23	2935	042
473	1	416	042
2090	6	116	042
845	1	28	042
1394	6	115	042
6878	23	12520	042
6414	23	2935	042
2105	6	30	042
921	6	30	042
178	6	116	042
1644	1	207	042
2530	14	3431	042
3577	14	3437	042
8301	23	3060	042
1133	6	30	042
172	1	402	042
8943	23	2951	042
2852	23	2952	042
919	1	921	042
1975	6	2008	042
2020	6	2008	042
3113	14	3793	042
584	6	259	042
588	6	30	042
2130	6	2008	042
428	6	259	042
381	6	405	042
1957	6	173	042
25	15	5024	042
17	1	18	042
1429	6	30	042
675	15	4990	042
17	6	30	042
921	1	30	042
584	1	259	042
720	1	28	042
711	1	28	042
310	15	5088	042
3040	23	3023	042
4885	17	8813	042
88	6	30	042
2909	9	2720	042
6371	23	3023	042
675	15	5120	042
446	1	259	042
702	1	28	042
2119	6	2008	042
658	1	173	042
25	15	4990	042
25	6	30	042
578	1	28	042
1110	15	5120	042
8385	23	2981	042
3214	12	2082	042
44	5	25	042
728	15	4988	042
1947	6	173	042
1133	15	4990	042
630	6	30	042
2159	6	30	042
2102	6	2008	042
1850	23	2951	042
205	1	207	042
8842	23	3023	042
759	1	28	042
492	15	5088	042
1592	6	30	042
2172	6	2008	042
3209	12	30	042
113	6	30	042
728	1	259	042
2069	6	1561	042
1100	6	28	042
3236	23	3023	042
8730	23	2951	042
2127	6	171	042
2082	15	4988	042
2702	9	2705	042
3086	23	12527	042
5348	15	5088	042
1941	6	2008	042
2836	9	2705	042
3228	12	117	042
769	1	28	042
2119	6	2045	042
191	6	30	042
7403	17	6005	042
8863	17	5818	042
3236	23	12520	042
6878	23	12520	042
2909	9	2593	042
2729	23	2966	042
776	15	5088	042
2073	6	2008	042
396	6	30	042
2164	6	116	042
1983	6	728	042
2124	6	116	042
104	1	107	042
3193	12	2155	042
2034	6	116	042
3040	23	12544	042
2142	6	2008	042
6371	23	3023	042
2693	12	28	042
2030	6	2008	042
8863	17	5817	042
303	1	416	042
8943	23	3023	042
2094	6	2096	042
8730	23	3026	042
3040	23	12544	042
2134	6	29	042
381	1	259	042
6529	23	3023	042
2903	11	3089	042
205	15	4990	042
2011	6	30	042
2136	6	173	042
205	6	30	042
2008	9	259	042
3068	23	3027	042
1866	12	170	042
8385	23	3023	042
636	1	172	042
1956	6	2008	042
473	6	2082	042
509	6	30	042
3143	11	3087	042
114	1	116	042
8824	23	2977	042
583	1	584	042
3206	12	2082	042
6414	23	2935	042
2008	15	4988	042
100	6	30	042
7847	23	2966	042
2135	6	2008	042
142	6	30	042
2071	6	30	042
1912	6	259	042
8863	17	5816	042
44	6	30	042
6529	23	2952	042
2026	6	30	042
1588	6	30	042
191	1	30	042
2691	23	3023	042
6878	23	2966	042
6726	23	2966	042
2097	6	30	043
206	1	207	043
2156	6	30	043
2129	6	30	043
2644	9	2593	043
6006	17	5818	043
12503	23	12520	043
2169	6	29	043
765	6	30	043
492	1	493	043
3231	12	29	043
776	1	493	043
7406	23	3023	043
2153	6	30	043
2016	6	116	043
3208	12	2082	043
9018	23	3023	043
169	6	173	043
1850	23	2951	043
1941	5	1943	043
2068	6	173	043
702	6	28	043
3227	12	46	043
19	6	2008	043
1894	23	2920	043
728	1	405	043
3219	12	2027	043
1525	6	29	043
494	1	28	043
1502	1	416	043
258	1	259	043
8516	23	2981	043
610	1	416	043
443	1	416	043
3211	12	2082	043
717	1	636	043
2729	23	2935	043
473	1	416	043
2090	6	116	043
845	1	28	043
1394	6	115	043
6878	23	12520	043
6414	23	2935	043
2105	6	30	043
921	6	30	043
178	6	116	043
1644	1	207	043
2530	14	3431	043
3577	14	3437	043
8301	23	3060	043
1133	6	30	043
172	1	402	043
8943	23	2951	043
2852	23	2952	043
919	1	921	043
1975	6	2008	043
2020	6	2008	043
3113	14	3793	043
584	6	259	043
588	6	30	043
2130	6	2008	043
428	6	259	043
381	6	405	043
1957	6	173	043
25	15	5024	043
17	1	18	043
1429	6	30	043
675	15	4990	043
17	6	30	043
921	1	30	043
584	1	259	043
720	1	28	043
711	1	28	043
310	15	5088	043
3040	23	3023	043
4885	17	8813	043
88	6	30	043
2909	9	2720	043
6371	23	3023	043
675	15	5120	043
446	1	259	043
702	1	28	043
2119	6	2008	043
658	1	173	043
25	15	4990	043
25	6	30	043
578	1	28	043
1110	15	5120	043
8385	23	2981	043
3214	12	2082	043
44	5	25	043
728	15	4988	043
1947	6	173	043
1133	15	4990	043
630	6	30	043
2159	6	30	043
2102	6	2008	043
1850	23	2951	043
205	1	207	043
8842	23	3023	043
759	1	28	043
492	15	5088	043
1592	6	30	043
2172	6	2008	043
3209	12	30	043
113	6	30	043
728	1	259	043
2069	6	1561	043
1100	6	28	043
3236	23	3023	043
8730	23	2951	043
2127	6	171	043
2082	15	4988	043
2702	9	2705	043
3086	23	12527	043
5348	15	5088	043
1941	6	2008	043
2836	9	2705	043
3228	12	117	043
769	1	28	043
2119	6	2045	043
191	6	30	043
8863	17	5818	043
3236	23	12520	043
6878	23	12520	043
2909	9	2593	043
2729	23	2966	043
776	15	5088	043
2073	6	2008	043
396	6	30	043
2164	6	116	043
1983	6	728	043
2124	6	116	043
104	1	107	043
3193	12	2155	043
2034	6	116	043
3040	23	12544	043
2142	6	2008	043
6371	23	3023	043
2693	12	28	043
2030	6	2008	043
8863	17	5817	043
303	1	416	043
8943	23	3023	043
2094	6	2096	043
8730	23	3026	043
3040	23	12544	043
2134	6	29	043
381	1	259	043
6529	23	3023	043
2903	11	3089	043
205	15	4990	043
2011	6	30	043
2136	6	173	043
205	6	30	043
2008	9	259	043
3068	23	3027	043
1866	12	170	043
8385	23	3023	043
636	1	172	043
1956	6	2008	043
473	6	2082	043
509	6	30	043
3143	11	3087	043
114	1	116	043
8824	23	2977	043
583	1	584	043
3206	12	2082	043
6414	23	2935	043
2008	15	4988	043
100	6	30	043
7847	23	2966	043
2135	6	2008	043
142	6	30	043
2071	6	30	043
1912	6	259	043
8863	17	5816	043
44	6	30	043
6529	23	2952	043
2026	6	30	043
1588	6	30	043
191	1	30	043
2691	23	3023	043
6878	23	2966	043
6726	23	2966	043
2097	6	30	044
206	1	207	044
2156	6	30	044
2129	6	30	044
2644	9	2593	044
6006	17	5818	044
12503	23	12520	044
2169	6	29	044
765	6	30	044
492	1	493	044
3231	12	29	044
776	1	493	044
7406	23	3023	044
2153	6	30	044
2016	6	116	044
3208	12	2082	044
9018	23	3023	044
169	6	173	044
1850	23	2951	044
1941	5	1943	044
2068	6	173	044
702	6	28	044
3227	12	46	044
19	6	2008	044
1894	23	2920	044
728	1	405	044
3219	12	2027	044
1525	6	29	044
494	1	28	044
1502	1	416	044
258	1	259	044
8516	23	2981	044
610	1	416	044
443	1	416	044
3211	12	2082	044
717	1	636	044
2729	23	2935	044
473	1	416	044
2090	6	116	044
845	1	28	044
1394	6	115	044
6878	23	12520	044
6414	23	2935	044
2105	6	30	044
921	6	30	044
178	6	116	044
1644	1	207	044
2530	14	3431	044
3577	14	3437	044
8301	23	3060	044
1133	6	30	044
172	1	402	044
8943	23	2951	044
2852	23	2952	044
919	1	921	044
1975	6	2008	044
2020	6	2008	044
3113	14	3793	044
584	6	259	044
588	6	30	044
2130	6	2008	044
428	6	259	044
381	6	405	044
1957	6	173	044
25	15	5024	044
17	1	18	044
1429	6	30	044
675	15	4990	044
17	6	30	044
921	1	30	044
584	1	259	044
720	1	28	044
711	1	28	044
310	15	5088	044
3040	23	3023	044
4885	17	8813	044
88	6	30	044
2909	9	2720	044
6371	23	3023	044
675	15	5120	044
446	1	259	044
702	1	28	044
2119	6	2008	044
658	1	173	044
25	15	4990	044
25	6	30	044
578	1	28	044
1110	15	5120	044
8385	23	2981	044
3214	12	2082	044
44	5	25	044
728	15	4988	044
1947	6	173	044
1133	15	4990	044
630	6	30	044
2159	6	30	044
2102	6	2008	044
1850	23	2951	044
205	1	207	044
8842	23	3023	044
759	1	28	044
492	15	5088	044
1592	6	30	044
2172	6	2008	044
3209	12	30	044
113	6	30	044
728	1	259	044
2069	6	1561	044
1100	6	28	044
3236	23	3023	044
8730	23	2951	044
2127	6	171	044
2082	15	4988	044
2702	9	2705	044
3086	23	12527	044
5348	15	5088	044
1941	6	2008	044
2836	9	2705	044
3228	12	117	044
769	1	28	044
2119	6	2045	044
191	6	30	044
8863	17	5818	044
3236	23	12520	044
6878	23	12520	044
2909	9	2593	044
2729	23	2966	044
776	15	5088	044
2073	6	2008	044
396	6	30	044
2164	6	116	044
1983	6	728	044
2124	6	116	044
104	1	107	044
3193	12	2155	044
2034	6	116	044
3040	23	12544	044
2142	6	2008	044
6371	23	3023	044
2693	12	28	044
2030	6	2008	044
8863	17	5817	044
303	1	416	044
8943	23	3023	044
2094	6	2096	044
8730	23	3026	044
3040	23	12544	044
2134	6	29	044
381	1	259	044
6529	23	3023	044
2903	11	3089	044
205	15	4990	044
2011	6	30	044
2136	6	173	044
205	6	30	044
2008	9	259	044
3068	23	3027	044
1866	12	170	044
8385	23	3023	044
636	1	172	044
1956	6	2008	044
473	6	2082	044
509	6	30	044
3143	11	3087	044
114	1	116	044
8824	23	2977	044
583	1	584	044
3206	12	2082	044
6414	23	2935	044
2008	15	4988	044
100	6	30	044
7847	23	2966	044
2135	6	2008	044
142	6	30	044
2071	6	30	044
1912	6	259	044
8863	17	5816	044
44	6	30	044
6529	23	2952	044
2026	6	30	044
1588	6	30	044
191	1	30	044
2691	23	3023	044
6878	23	2966	044
6726	23	2966	044
2097	6	30	045
206	1	207	045
2156	6	30	045
2129	6	30	045
2644	9	2593	045
6006	17	5818	045
12503	23	12520	045
2169	6	29	045
765	6	30	045
492	1	493	045
3231	12	29	045
776	1	493	045
2644	10	2924	045
7406	23	3023	045
2153	6	30	045
2016	6	116	045
3208	12	2082	045
9018	23	3023	045
169	6	173	045
1850	23	2951	045
1941	5	1943	045
2068	6	173	045
702	6	28	045
3227	12	46	045
19	6	2008	045
1894	23	2920	045
728	1	405	045
3219	12	2027	045
1525	6	29	045
494	1	28	045
1502	1	416	045
258	1	259	045
8516	23	2981	045
610	1	416	045
443	1	416	045
3211	12	2082	045
717	1	636	045
2729	23	2935	045
473	1	416	045
2090	6	116	045
845	1	28	045
1394	6	115	045
6878	23	12520	045
6414	23	2935	045
2105	6	30	045
921	6	30	045
178	6	116	045
1644	1	207	045
2530	14	3431	045
3577	14	3437	045
8301	23	3060	045
1133	6	30	045
172	1	402	045
8943	23	2951	045
2852	23	2952	045
919	1	921	045
1975	6	2008	045
2020	6	2008	045
584	6	259	045
588	6	30	045
2130	6	2008	045
428	6	259	045
381	6	405	045
1957	6	173	045
25	15	5024	045
17	1	18	045
1429	6	30	045
675	15	4990	045
17	6	30	045
921	1	30	045
584	1	259	045
720	1	28	045
711	1	28	045
310	15	5088	045
3040	23	3023	045
4885	17	8813	045
88	6	30	045
2909	9	2720	045
6371	23	3023	045
675	15	5120	045
446	1	259	045
702	1	28	045
2119	6	2008	045
658	1	173	045
25	15	4990	045
25	6	30	045
578	1	28	045
1110	15	5120	045
8385	23	2981	045
3214	12	2082	045
44	5	25	045
728	15	4988	045
1947	6	173	045
1133	15	4990	045
630	6	30	045
2159	6	30	045
2102	6	2008	045
1850	23	2951	045
205	1	207	045
8842	23	3023	045
759	1	28	045
492	15	5088	045
1592	6	30	045
2172	6	2008	045
3209	12	30	045
113	6	30	045
728	1	259	045
2069	6	1561	045
1100	6	28	045
3236	23	3023	045
8730	23	2951	045
2127	6	171	045
2082	15	4988	045
2702	9	2705	045
3086	23	12527	045
5348	15	5088	045
1941	6	2008	045
2836	9	2705	045
3228	12	117	045
769	1	28	045
2119	6	2045	045
191	6	30	045
8863	17	5818	045
3236	23	12520	045
6878	23	12520	045
2909	9	2593	045
2729	23	2966	045
776	15	5088	045
2073	6	2008	045
396	6	30	045
2164	6	116	045
1983	6	728	045
2124	6	116	045
104	1	107	045
3193	12	2155	045
2034	6	116	045
3040	23	12544	045
2142	6	2008	045
6371	23	3023	045
2693	12	28	045
2030	6	2008	045
8863	17	5817	045
303	1	416	045
8943	23	3023	045
2094	6	2096	045
8730	23	3026	045
3040	23	12544	045
2134	6	29	045
381	1	259	045
6529	23	3023	045
2903	11	3089	045
205	15	4990	045
2011	6	30	045
2136	6	173	045
205	6	30	045
2008	9	259	045
3068	23	3027	045
1866	12	170	045
8385	23	3023	045
636	1	172	045
1956	6	2008	045
473	6	2082	045
509	6	30	045
3143	11	3087	045
114	1	116	045
8824	23	2977	045
583	1	584	045
3206	12	2082	045
6414	23	2935	045
2008	15	4988	045
100	6	30	045
7847	23	2966	045
2135	6	2008	045
142	6	30	045
2071	6	30	045
1912	6	259	045
8863	17	5816	045
44	6	30	045
6529	23	2952	045
2026	6	30	045
1588	6	30	045
191	1	30	045
2691	23	3023	045
6878	23	2966	045
6726	23	2966	045
2097	6	30	046
206	1	207	046
2156	6	30	046
2129	6	30	046
2644	9	2593	046
6006	17	5818	046
12503	23	12520	046
2169	6	29	046
765	6	30	046
492	1	493	046
3231	12	29	046
2587	9	2476	046
776	1	493	046
2644	10	2924	046
7406	23	3023	046
2153	6	30	046
2016	6	116	046
3208	12	2082	046
9018	23	3023	046
169	6	173	046
1850	23	2951	046
1941	5	1943	046
2068	6	173	046
702	6	28	046
3227	12	46	046
19	6	2008	046
1894	23	2920	046
728	1	405	046
3219	12	2027	046
1525	6	29	046
494	1	28	046
1502	1	416	046
258	1	259	046
8516	23	2981	046
610	1	416	046
443	1	416	046
3211	12	2082	046
717	1	636	046
2729	23	2935	046
473	1	416	046
2090	6	116	046
845	1	28	046
1394	6	115	046
6878	23	12520	046
6414	23	2935	046
2105	6	30	046
921	6	30	046
178	6	116	046
1644	1	207	046
2530	14	3431	046
3577	14	3437	046
8301	23	3060	046
1133	6	30	046
172	1	402	046
8943	23	2951	046
2852	23	2952	046
919	1	921	046
1975	6	2008	046
2020	6	2008	046
2026	6	30	046
584	6	259	046
588	6	30	046
2130	6	2008	046
428	6	259	046
381	6	405	046
1957	6	173	046
25	15	5024	046
17	1	18	046
1429	6	30	046
675	15	4990	046
17	6	30	046
921	1	30	046
584	1	259	046
720	1	28	046
711	1	28	046
310	15	5088	046
3040	23	3023	046
4885	17	8813	046
88	6	30	046
2909	9	2720	046
6371	23	3023	046
675	15	5120	046
446	1	259	046
702	1	28	046
2119	6	2008	046
658	1	173	046
25	15	4990	046
25	6	30	046
578	1	28	046
1110	15	5120	046
8385	23	2981	046
3214	12	2082	046
44	5	25	046
728	15	4988	046
1947	6	173	046
1133	15	4990	046
630	6	30	046
2159	6	30	046
2102	6	2008	046
1850	23	2951	046
205	1	207	046
8842	23	3023	046
759	1	28	046
492	15	5088	046
1592	6	30	046
2172	6	2008	046
3209	12	30	046
113	6	30	046
728	1	259	046
2069	6	1561	046
1100	6	28	046
3236	23	3023	046
8730	23	2951	046
2127	6	171	046
2587	9	2588	046
2082	15	4988	046
2702	9	2705	046
3086	23	12527	046
5348	15	5088	046
1941	6	2008	046
2836	9	2705	046
3228	12	117	046
769	1	28	046
2119	6	2045	046
191	6	30	046
8863	17	5818	046
3236	23	12520	046
6878	23	12520	046
4885	14	3690	046
2909	9	2593	046
2729	23	2966	046
776	15	5088	046
2073	6	2008	046
396	6	30	046
2164	6	116	046
1983	6	728	046
2124	6	116	046
104	1	107	046
3193	12	2155	046
2034	6	116	046
6241	17	5873	046
3040	23	12544	046
2142	6	2008	046
6371	23	3023	046
2693	12	28	046
2030	6	2008	046
8863	17	5817	046
303	1	416	046
8943	23	3023	046
2094	6	2096	046
8730	23	3026	046
3040	23	12544	046
2134	6	29	046
381	1	259	046
6529	23	3023	046
2903	11	3089	046
205	15	4990	046
2011	6	30	046
2136	6	173	046
205	6	30	046
2008	9	259	046
3068	23	3027	046
1866	12	170	046
8385	23	3023	046
636	1	172	046
1956	6	2008	046
473	6	2082	046
509	6	30	046
3143	11	3087	046
114	1	116	046
8824	23	2977	046
583	1	584	046
3206	12	2082	046
6414	23	2935	046
2008	15	4988	046
100	6	30	046
7847	23	2966	046
2135	6	2008	046
142	6	30	046
2071	6	30	046
1912	6	259	046
8863	17	5816	046
44	6	30	046
6529	23	2952	046
2026	6	30	046
1588	6	30	046
191	1	30	046
2691	23	3023	046
6878	23	2966	046
6726	23	2966	046
2097	6	30	047
206	1	207	047
2156	6	30	047
2129	6	30	047
2644	9	2593	047
6006	17	5818	047
12503	23	12520	047
2169	6	29	047
765	6	30	047
492	1	493	047
3231	12	29	047
2587	9	2476	047
776	1	493	047
2644	10	2924	047
7406	23	3023	047
2153	6	30	047
2016	6	116	047
3208	12	2082	047
9018	23	3023	047
169	6	173	047
1850	23	2951	047
1941	5	1943	047
2068	6	173	047
702	6	28	047
3227	12	46	047
19	6	2008	047
1894	23	2920	047
728	1	405	047
3219	12	2027	047
1525	6	29	047
494	1	28	047
1502	1	416	047
258	1	259	047
8516	23	2981	047
610	1	416	047
443	1	416	047
3211	12	2082	047
717	1	636	047
2729	23	2935	047
473	1	416	047
2090	6	116	047
845	1	28	047
1394	6	115	047
6878	23	12520	047
6414	23	2935	047
2105	6	30	047
921	6	30	047
178	6	116	047
1644	1	207	047
2530	14	3431	047
3577	14	3437	047
8301	23	3060	047
1133	6	30	047
172	1	402	047
8943	23	2951	047
2852	23	2952	047
919	1	921	047
1975	6	2008	047
2020	6	2008	047
2026	6	30	047
584	6	259	047
588	6	30	047
2130	6	2008	047
428	6	259	047
381	6	405	047
1957	6	173	047
25	15	5024	047
17	1	18	047
1429	6	30	047
675	15	4990	047
17	6	30	047
921	1	30	047
584	1	259	047
720	1	28	047
711	1	28	047
310	15	5088	047
3040	23	3023	047
4885	17	8813	047
88	6	30	047
2909	9	2720	047
6371	23	3023	047
675	15	5120	047
446	1	259	047
702	1	28	047
2119	6	2008	047
658	1	173	047
25	15	4990	047
25	6	30	047
578	1	28	047
1110	15	5120	047
8385	23	2981	047
3214	12	2082	047
44	5	25	047
728	15	4988	047
1947	6	173	047
1133	15	4990	047
630	6	30	047
2159	6	30	047
2102	6	2008	047
1850	23	2951	047
205	1	207	047
8842	23	3023	047
759	1	28	047
492	15	5088	047
1592	6	30	047
2172	6	2008	047
3209	12	30	047
113	6	30	047
728	1	259	047
2069	6	1561	047
1100	6	28	047
3236	23	3023	047
8730	23	2951	047
2127	6	171	047
2587	9	2588	047
2082	15	4988	047
2702	9	2705	047
3086	23	12527	047
5348	15	5088	047
1941	6	2008	047
2836	9	2705	047
3228	12	117	047
769	1	28	047
2119	6	2045	047
191	6	30	047
8863	17	5818	047
3236	23	12520	047
6878	23	12520	047
4885	14	3690	047
2909	9	2593	047
2729	23	2966	047
776	15	5088	047
2073	6	2008	047
396	6	30	047
2164	6	116	047
1983	6	728	047
2124	6	116	047
104	1	107	047
3193	12	2155	047
2034	6	116	047
3040	23	12544	047
2142	6	2008	047
6371	23	3023	047
2693	12	28	047
2030	6	2008	047
8863	17	5817	047
303	1	416	047
8943	23	3023	047
2094	6	2096	047
8730	23	3026	047
3040	23	12544	047
2134	6	29	047
381	1	259	047
6529	23	3023	047
2903	11	3089	047
205	15	4990	047
2011	6	30	047
2136	6	173	047
205	6	30	047
2008	9	259	047
3068	23	3027	047
1866	12	170	047
8385	23	3023	047
636	1	172	047
1956	6	2008	047
473	6	2082	047
509	6	30	047
3143	11	3087	047
114	1	116	047
8824	23	2977	047
583	1	584	047
3206	12	2082	047
6414	23	2935	047
2008	15	4988	047
100	6	30	047
7847	23	2966	047
2135	6	2008	047
142	6	30	047
2071	6	30	047
1912	6	259	047
8863	17	5816	047
44	6	30	047
6529	23	2952	047
1588	6	30	047
191	1	30	047
2691	23	3023	047
6878	23	2966	047
6726	23	2966	047
2097	6	30	048
206	1	207	048
2156	6	30	048
2129	6	30	048
2644	9	2593	048
6006	17	5818	048
12503	23	12520	048
2169	6	29	048
765	6	30	048
492	1	493	048
3231	12	29	048
2587	9	2476	048
776	1	493	048
2644	10	2924	048
7406	23	3023	048
2153	6	30	048
2016	6	116	048
3208	12	2082	048
9018	23	3023	048
169	6	173	048
1850	23	2951	048
1941	5	1943	048
3113	14	3491	048
2068	6	173	048
3113	14	3509	048
702	6	28	048
3227	12	46	048
19	6	2008	048
1894	23	2920	048
728	1	405	048
3219	12	2027	048
1525	6	29	048
494	1	28	048
1502	1	416	048
258	1	259	048
8516	23	2981	048
610	1	416	048
443	1	416	048
3211	12	2082	048
717	1	636	048
2729	23	2935	048
473	1	416	048
2090	6	116	048
845	1	28	048
1394	6	115	048
6878	23	12520	048
6414	23	2935	048
2105	6	30	048
921	6	30	048
178	6	116	048
1644	1	207	048
2530	14	3431	048
3577	14	3437	048
8301	23	3060	048
1133	6	30	048
172	1	402	048
8943	23	2951	048
2852	23	2952	048
919	1	921	048
1975	6	2008	048
2020	6	2008	048
2026	6	30	048
584	6	259	048
588	6	30	048
2130	6	2008	048
428	6	259	048
381	6	405	048
1957	6	173	048
25	15	5024	048
17	1	18	048
1429	6	30	048
675	15	4990	048
17	6	30	048
921	1	30	048
584	1	259	048
720	1	28	048
711	1	28	048
310	15	5088	048
3040	23	3023	048
4885	17	8813	048
88	6	30	048
2909	9	2720	048
6371	23	3023	048
675	15	5120	048
446	1	259	048
702	1	28	048
2119	6	2008	048
658	1	173	048
25	15	4990	048
25	6	30	048
578	1	28	048
1110	15	5120	048
8385	23	2981	048
3214	12	2082	048
44	5	25	048
2917	17	6245	048
728	15	4988	048
1947	6	173	048
1133	15	4990	048
630	6	30	048
2159	6	30	048
2102	6	2008	048
1850	23	2951	048
205	1	207	048
8842	23	3023	048
759	1	28	048
492	15	5088	048
1592	6	30	048
2172	6	2008	048
3209	12	30	048
113	6	30	048
728	1	259	048
2069	6	1561	048
1100	6	28	048
3236	23	3023	048
8730	23	2951	048
2127	6	171	048
2587	9	2588	048
2082	15	4988	048
2702	9	2705	048
3086	23	12527	048
5348	15	5088	048
1941	6	2008	048
2836	9	2705	048
3228	12	117	048
769	1	28	048
2119	6	2045	048
191	6	30	048
8863	17	5818	048
3236	23	12520	048
6878	23	12520	048
4885	14	3690	048
2909	9	2593	048
2729	23	2966	048
776	15	5088	048
2073	6	2008	048
396	6	30	048
2164	6	116	048
1983	6	728	048
2124	6	116	048
104	1	107	048
3193	12	2155	048
2034	6	116	048
3040	23	12544	048
2142	6	2008	048
6371	23	3023	048
2693	12	28	048
2030	6	2008	048
8863	17	5817	048
303	1	416	048
8943	23	3023	048
2094	6	2096	048
2539	9	2540	048
8730	23	3026	048
3040	23	12544	048
2134	6	29	048
381	1	259	048
6529	23	3023	048
2903	11	3089	048
205	15	4990	048
2011	6	30	048
2136	6	173	048
205	6	30	048
2008	9	259	048
3032	23	3060	048
3068	23	3027	048
1866	12	170	048
8385	23	3023	048
636	1	172	048
1956	6	2008	048
473	6	2082	048
509	6	30	048
3143	11	3087	048
114	1	116	048
8824	23	2977	048
583	1	584	048
3206	12	2082	048
6414	23	2935	048
2008	15	4988	048
100	6	30	048
7847	23	2966	048
2135	6	2008	048
142	6	30	048
2071	6	30	048
8571	23	12518	048
1912	6	259	048
8863	17	5816	048
44	6	30	048
6529	23	2952	048
1588	6	30	048
191	1	30	048
2691	23	3023	048
6878	23	2966	048
6726	23	2966	048
2097	6	30	049
206	1	207	049
2156	6	30	049
2129	6	30	049
2644	9	2593	049
6006	17	5818	049
12503	23	12520	049
2769	17	6452	049
2169	6	29	049
765	6	30	049
492	1	493	049
3231	12	29	049
2587	9	2476	049
776	1	493	049
2644	10	2924	049
7406	23	3023	049
2153	6	30	049
2016	6	116	049
3208	12	2082	049
9018	23	3023	049
169	6	173	049
1850	23	2951	049
1941	5	1943	049
2068	6	173	049
3113	14	3509	049
702	6	28	049
3227	12	46	049
19	6	2008	049
1894	23	2920	049
728	1	405	049
3219	12	2027	049
1525	6	29	049
494	1	28	049
1502	1	416	049
258	1	259	049
8516	23	2981	049
610	1	416	049
443	1	416	049
3211	12	2082	049
717	1	636	049
2729	23	2935	049
473	1	416	049
2090	6	116	049
845	1	28	049
1394	6	115	049
6878	23	12520	049
6414	23	2935	049
2105	6	30	049
921	6	30	049
178	6	116	049
1644	1	207	049
2530	14	3431	049
3577	14	3437	049
8301	23	3060	049
1133	6	30	049
172	1	402	049
8943	23	2951	049
2852	23	2952	049
919	1	921	049
1975	6	2008	049
2020	6	2008	049
2026	6	30	049
584	6	259	049
588	6	30	049
2130	6	2008	049
428	6	259	049
381	6	405	049
1957	6	173	049
25	15	5024	049
17	1	18	049
1429	6	30	049
675	15	4990	049
17	6	30	049
921	1	30	049
584	1	259	049
720	1	28	049
711	1	28	049
310	15	5088	049
3040	23	3023	049
4885	17	8813	049
88	6	30	049
2909	9	2720	049
6371	23	3023	049
675	15	5120	049
446	1	259	049
702	1	28	049
2119	6	2008	049
658	1	173	049
25	15	4990	049
25	6	30	049
578	1	28	049
1110	15	5120	049
8385	23	2981	049
3214	12	2082	049
44	5	25	049
728	15	4988	049
1947	6	173	049
1133	15	4990	049
630	6	30	049
2159	6	30	049
2102	6	2008	049
1850	23	2951	049
205	1	207	049
8842	23	3023	049
759	1	28	049
492	15	5088	049
1592	6	30	049
2172	6	2008	049
3209	12	30	049
113	6	30	049
728	1	259	049
2069	6	1561	049
1100	6	28	049
3236	23	3023	049
8730	23	2951	049
2127	6	171	049
2587	9	2588	049
2082	15	4988	049
2702	9	2705	049
3086	23	12527	049
5348	15	5088	049
1941	6	2008	049
2836	9	2705	049
3228	12	117	049
769	1	28	049
2119	6	2045	049
191	6	30	049
8863	17	5818	049
3236	23	12520	049
6878	23	12520	049
2909	9	2593	049
2729	23	2966	049
776	15	5088	049
2073	6	2008	049
396	6	30	049
2164	6	116	049
1983	6	728	049
2124	6	116	049
104	1	107	049
3193	12	2155	049
2034	6	116	049
3040	23	12544	049
2142	6	2008	049
6371	23	3023	049
2693	12	28	049
2030	6	2008	049
8863	17	5817	049
303	1	416	049
8943	23	3023	049
2094	6	2096	049
2539	9	2540	049
8730	23	3026	049
3040	23	12544	049
2134	6	29	049
381	1	259	049
6529	23	3023	049
2903	11	3089	049
205	15	4990	049
2011	6	30	049
2136	6	173	049
205	6	30	049
2008	9	259	049
3032	23	3060	049
3068	23	3027	049
1866	12	170	049
8385	23	3023	049
636	1	172	049
1956	6	2008	049
473	6	2082	049
509	6	30	049
3143	11	3087	049
114	1	116	049
8824	23	2977	049
583	1	584	049
3206	12	2082	049
6414	23	2935	049
2008	15	4988	049
100	6	30	049
7847	23	2966	049
2135	6	2008	049
142	6	30	049
3142	14	3491	049
2071	6	30	049
8571	23	12518	049
1912	6	259	049
8863	17	5816	049
44	6	30	049
6529	23	2952	049
1588	6	30	049
191	1	30	049
2691	23	3023	049
6878	23	2966	049
6726	23	2966	049
2097	6	30	050
206	1	207	050
2156	6	30	050
2129	6	30	050
2644	9	2593	050
6006	17	5818	050
12503	23	12520	050
2169	6	29	050
765	6	30	050
492	1	493	050
3231	12	29	050
2587	9	2476	050
776	1	493	050
2644	10	2924	050
7406	23	3023	050
2153	6	30	050
2016	6	116	050
3208	12	2082	050
9018	23	3023	050
169	6	173	050
1850	23	2951	050
1941	5	1943	050
2068	6	173	050
702	6	28	050
3227	12	46	050
19	6	2008	050
1894	23	2920	050
728	1	405	050
3219	12	2027	050
1525	6	29	050
494	1	28	050
1502	1	416	050
258	1	259	050
8516	23	2981	050
610	1	416	050
443	1	416	050
3211	12	2082	050
717	1	636	050
2729	23	2935	050
473	1	416	050
2090	6	116	050
845	1	28	050
1394	6	115	050
6878	23	12520	050
6414	23	2935	050
2105	6	30	050
921	6	30	050
178	6	116	050
1644	1	207	050
2530	14	3431	050
3577	14	3437	050
8301	23	3060	050
1133	6	30	050
2917	9	2593	050
172	1	402	050
8943	23	2951	050
2852	23	2952	050
919	1	921	050
1975	6	2008	050
2020	6	2008	050
2026	6	30	050
584	6	259	050
588	6	30	050
2130	6	2008	050
428	6	259	050
381	6	405	050
1957	6	173	050
25	15	5024	050
17	1	18	050
1429	6	30	050
675	15	4990	050
17	6	30	050
921	1	30	050
584	1	259	050
720	1	28	050
711	1	28	050
310	15	5088	050
3040	23	3023	050
4885	17	8813	050
88	6	30	050
2909	9	2720	050
6371	23	3023	050
675	15	5120	050
446	1	259	050
702	1	28	050
2119	6	2008	050
658	1	173	050
25	15	4990	050
25	6	30	050
578	1	28	050
1110	15	5120	050
8385	23	2981	050
3214	12	2082	050
44	5	25	050
728	15	4988	050
1947	6	173	050
1133	15	4990	050
630	6	30	050
2159	6	30	050
2102	6	2008	050
1850	23	2951	050
205	1	207	050
8842	23	3023	050
759	1	28	050
492	15	5088	050
1592	6	30	050
2172	6	2008	050
3209	12	30	050
113	6	30	050
728	1	259	050
2069	6	1561	050
1100	6	28	050
3236	23	3023	050
8730	23	2951	050
2127	6	171	050
2587	9	2588	050
2082	15	4988	050
2702	9	2705	050
3086	23	12527	050
5348	15	5088	050
1941	6	2008	050
2836	9	2705	050
3228	12	117	050
769	1	28	050
2119	6	2045	050
191	6	30	050
8863	17	5818	050
3236	23	12520	050
6878	23	12520	050
2909	9	2593	050
2729	23	2966	050
776	15	5088	050
2073	6	2008	050
396	6	30	050
2164	6	116	050
1983	6	728	050
2124	6	116	050
104	1	107	050
3193	12	2155	050
2034	6	116	050
3040	23	12544	050
2142	6	2008	050
6371	23	3023	050
2693	12	28	050
2030	6	2008	050
8863	17	5817	050
303	1	416	050
8943	23	3023	050
2094	6	2096	050
2539	9	2540	050
8730	23	3026	050
3040	23	12544	050
2134	6	29	050
381	1	259	050
6529	23	3023	050
2903	11	3089	050
205	15	4990	050
2011	6	30	050
2136	6	173	050
205	6	30	050
2008	9	259	050
3032	23	3060	050
3068	23	3027	050
1866	12	170	050
8385	23	3023	050
636	1	172	050
1956	6	2008	050
473	6	2082	050
509	6	30	050
3143	11	3087	050
114	1	116	050
8824	23	2977	050
583	1	584	050
3206	12	2082	050
6414	23	2935	050
2008	15	4988	050
100	6	30	050
7847	23	2966	050
2135	6	2008	050
142	6	30	050
3142	14	3491	050
2071	6	30	050
8571	23	12518	050
1912	6	259	050
8863	17	5816	050
44	6	30	050
6529	23	2952	050
1588	6	30	050
191	1	30	050
2691	23	3023	050
6878	23	2966	050
6726	23	2966	050
2097	6	30	051
206	1	207	051
2156	6	30	051
2129	6	30	051
2644	9	2593	051
6006	17	5818	051
12503	23	12520	051
2169	6	29	051
765	6	30	051
492	1	493	051
3231	12	29	051
2587	9	2476	051
776	1	493	051
2644	10	2924	051
7406	23	3023	051
2153	6	30	051
2016	6	116	051
3208	12	2082	051
9018	23	3023	051
169	6	173	051
1850	23	2951	051
1941	5	1943	051
2068	6	173	051
702	6	28	051
3227	12	46	051
19	6	2008	051
1894	23	2920	051
728	1	405	051
3219	12	2027	051
1525	6	29	051
494	1	28	051
1502	1	416	051
258	1	259	051
8516	23	2981	051
610	1	416	051
443	1	416	051
3211	12	2082	051
717	1	636	051
2729	23	2935	051
473	1	416	051
2090	6	116	051
845	1	28	051
1394	6	115	051
6878	23	12520	051
6414	23	2935	051
2105	6	30	051
921	6	30	051
178	6	116	051
1644	1	207	051
2530	14	3431	051
3577	14	3437	051
8301	23	3060	051
1133	6	30	051
2917	9	2593	051
172	1	402	051
8943	23	2951	051
2852	23	2952	051
919	1	921	051
1975	6	2008	051
2020	6	2008	051
2026	6	30	051
584	6	259	051
588	6	30	051
2130	6	2008	051
428	6	259	051
381	6	405	051
1957	6	173	051
25	15	5024	051
17	1	18	051
1429	6	30	051
675	15	4990	051
17	6	30	051
921	1	30	051
584	1	259	051
720	1	28	051
711	1	28	051
310	15	5088	051
3040	23	3023	051
4885	17	8813	051
88	6	30	051
2909	9	2720	051
6371	23	3023	051
675	15	5120	051
446	1	259	051
702	1	28	051
2119	6	2008	051
658	1	173	051
25	15	4990	051
25	6	30	051
578	1	28	051
1110	15	5120	051
8385	23	2981	051
3214	12	2082	051
44	5	25	051
728	15	4988	051
1947	6	173	051
1133	15	4990	051
630	6	30	051
3062	17	5818	051
2159	6	30	051
2102	6	2008	051
1850	23	2951	051
205	1	207	051
8571	17	6005	051
8842	23	3023	051
759	1	28	051
492	15	5088	051
1592	6	30	051
2172	6	2008	051
3209	12	30	051
113	6	30	051
728	1	259	051
2069	6	1561	051
1100	6	28	051
3236	23	3023	051
8730	23	2951	051
2127	6	171	051
2587	9	2588	051
2082	15	4988	051
2702	9	2705	051
3086	23	12527	051
5348	15	5088	051
1941	6	2008	051
2836	9	2705	051
3228	12	117	051
769	1	28	051
2119	6	2045	051
191	6	30	051
8863	17	5818	051
3236	23	12520	051
6878	23	12520	051
2909	9	2593	051
2729	23	2966	051
776	15	5088	051
2073	6	2008	051
396	6	30	051
2164	6	116	051
1983	6	728	051
2124	6	116	051
104	1	107	051
3193	12	2155	051
2034	6	116	051
3040	23	12544	051
2142	6	2008	051
6371	23	3023	051
2693	12	28	051
2030	6	2008	051
8863	17	5817	051
303	1	416	051
8943	23	3023	051
2094	6	2096	051
2539	9	2540	051
8730	23	3026	051
3040	23	12544	051
2134	6	29	051
381	1	259	051
6529	23	3023	051
2903	11	3089	051
205	15	4990	051
2011	6	30	051
2136	6	173	051
205	6	30	051
2008	9	259	051
3032	23	3060	051
3068	23	3027	051
1866	12	170	051
8385	23	3023	051
636	1	172	051
1956	6	2008	051
473	6	2082	051
509	6	30	051
3143	11	3087	051
114	1	116	051
8824	23	2977	051
583	1	584	051
3206	12	2082	051
6414	23	2935	051
2008	15	4988	051
100	6	30	051
7847	23	2966	051
2135	6	2008	051
142	6	30	051
3142	14	3491	051
2071	6	30	051
8571	23	12518	051
1912	6	259	051
8863	17	5816	051
44	6	30	051
6529	23	2952	051
1588	6	30	051
191	1	30	051
2691	23	3023	051
6878	23	2966	051
6726	23	2966	051
2097	6	30	052
206	1	207	052
2156	6	30	052
2129	6	30	052
2644	9	2593	052
6006	17	5818	052
12503	23	12520	052
2169	6	29	052
765	6	30	052
492	1	493	052
3231	12	29	052
2587	9	2476	052
776	1	493	052
2644	10	2924	052
7406	23	3023	052
2153	6	30	052
2016	6	116	052
3208	12	2082	052
9018	23	3023	052
6241	17	5873	052
169	6	173	052
1850	23	2951	052
1941	5	1943	052
2068	6	173	052
702	6	28	052
3227	12	46	052
19	6	2008	052
1894	23	2920	052
728	1	405	052
3219	12	2027	052
1525	6	29	052
494	1	28	052
1502	1	416	052
258	1	259	052
8516	23	2981	052
610	1	416	052
443	1	416	052
3211	12	2082	052
717	1	636	052
2729	23	2935	052
473	1	416	052
2090	6	116	052
845	1	28	052
1394	6	115	052
6878	23	12520	052
6414	23	2935	052
2105	6	30	052
921	6	30	052
178	6	116	052
1644	1	207	052
2530	14	3431	052
3577	14	3437	052
8301	23	3060	052
1133	6	30	052
2917	9	2593	052
172	1	402	052
8943	23	2951	052
2852	23	2952	052
919	1	921	052
6884	17	6741	052
1975	6	2008	052
2020	6	2008	052
2026	6	30	052
584	6	259	052
588	6	30	052
2130	6	2008	052
428	6	259	052
381	6	405	052
1957	6	173	052
25	15	5024	052
17	1	18	052
1429	6	30	052
675	15	4990	052
17	6	30	052
921	1	30	052
3032	23	3027	052
584	1	259	052
720	1	28	052
711	1	28	052
310	15	5088	052
3040	23	3023	052
4885	17	8813	052
88	6	30	052
2909	9	2720	052
6371	23	3023	052
675	15	5120	052
446	1	259	052
702	1	28	052
2119	6	2008	052
658	1	173	052
25	15	4990	052
25	6	30	052
578	1	28	052
1110	15	5120	052
8385	23	2981	052
3214	12	2082	052
44	5	25	052
728	15	4988	052
1947	6	173	052
1133	15	4990	052
630	6	30	052
2159	6	30	052
2102	6	2008	052
1850	23	2951	052
205	1	207	052
8842	23	3023	052
759	1	28	052
492	15	5088	052
1592	6	30	052
2172	6	2008	052
3209	12	30	052
113	6	30	052
728	1	259	052
2069	6	1561	052
1100	6	28	052
3236	23	3023	052
8730	23	2951	052
2127	6	171	052
2587	9	2588	052
2082	15	4988	052
2702	9	2705	052
3086	23	12527	052
5348	15	5088	052
1941	6	2008	052
2836	9	2705	052
3228	12	117	052
769	1	28	052
2119	6	2045	052
191	6	30	052
8863	17	5818	052
3236	23	12520	052
6878	23	12520	052
2909	9	2593	052
2729	23	2966	052
776	15	5088	052
2073	6	2008	052
396	6	30	052
2164	6	116	052
1983	6	728	052
2124	6	116	052
104	1	107	052
3193	12	2155	052
2034	6	116	052
3040	23	12544	052
2142	6	2008	052
6371	23	3023	052
2693	12	28	052
2030	6	2008	052
8863	17	5817	052
303	1	416	052
8943	23	3023	052
2094	6	2096	052
2539	9	2540	052
8730	23	3026	052
3040	23	12544	052
2134	6	29	052
381	1	259	052
6529	23	3023	052
2903	11	3089	052
205	15	4990	052
2011	6	30	052
2136	6	173	052
205	6	30	052
2008	9	259	052
3032	23	3060	052
3068	23	3027	052
1866	12	170	052
8385	23	3023	052
636	1	172	052
1956	6	2008	052
473	6	2082	052
509	6	30	052
3143	11	3087	052
114	1	116	052
8824	23	2977	052
583	1	584	052
3206	12	2082	052
6414	23	2935	052
2008	15	4988	052
100	6	30	052
7847	23	2966	052
2135	6	2008	052
142	6	30	052
3142	14	3491	052
2071	6	30	052
8571	23	12518	052
1912	6	259	052
8863	17	5816	052
44	6	30	052
6529	23	2952	052
1588	6	30	052
191	1	30	052
2691	23	3023	052
6878	23	2966	052
6726	23	2966	052
2097	6	30	053
206	1	207	053
2156	6	30	053
2129	6	30	053
2644	9	2593	053
6006	17	5818	053
12503	23	12520	053
2169	6	29	053
765	6	30	053
492	1	493	053
3231	12	29	053
2587	9	2476	053
776	1	493	053
2644	10	2924	053
7406	23	3023	053
2153	6	30	053
2016	6	116	053
3208	12	2082	053
9018	23	3023	053
169	6	173	053
1850	23	2951	053
1941	5	1943	053
2068	6	173	053
702	6	28	053
3227	12	46	053
19	6	2008	053
1894	23	2920	053
728	1	405	053
3219	12	2027	053
1525	6	29	053
494	1	28	053
1502	1	416	053
258	1	259	053
8516	23	2981	053
610	1	416	053
443	1	416	053
3211	12	2082	053
717	1	636	053
2729	23	2935	053
473	1	416	053
2090	6	116	053
845	1	28	053
1394	6	115	053
6878	23	12520	053
6414	23	2935	053
2105	6	30	053
921	6	30	053
178	6	116	053
1644	1	207	053
2530	14	3431	053
3577	14	3437	053
8301	23	3060	053
1133	6	30	053
2917	9	2593	053
172	1	402	053
8943	23	2951	053
2852	23	2952	053
919	1	921	053
1975	6	2008	053
2020	6	2008	053
2026	6	30	053
584	6	259	053
588	6	30	053
2130	6	2008	053
428	6	259	053
381	6	405	053
1957	6	173	053
25	15	5024	053
17	1	18	053
1429	6	30	053
675	15	4990	053
17	6	30	053
921	1	30	053
3032	23	3027	053
584	1	259	053
720	1	28	053
711	1	28	053
310	15	5088	053
3040	23	3023	053
4885	17	8813	053
88	6	30	053
2909	9	2720	053
6371	23	3023	053
675	15	5120	053
446	1	259	053
702	1	28	053
2119	6	2008	053
658	1	173	053
25	15	4990	053
25	6	30	053
578	1	28	053
1110	15	5120	053
8385	23	2981	053
3214	12	2082	053
44	5	25	053
728	15	4988	053
1947	6	173	053
1133	15	4990	053
630	6	30	053
2159	6	30	053
2102	6	2008	053
1850	23	2951	053
205	1	207	053
8842	23	3023	053
759	1	28	053
492	15	5088	053
1592	6	30	053
2172	6	2008	053
3209	12	30	053
113	6	30	053
728	1	259	053
2069	6	1561	053
1100	6	28	053
3236	23	3023	053
8730	23	2951	053
2127	6	171	053
2587	9	2588	053
2082	15	4988	053
2702	9	2705	053
3086	23	12527	053
5348	15	5088	053
1941	6	2008	053
2836	9	2705	053
3228	12	117	053
769	1	28	053
2119	6	2045	053
191	6	30	053
4885	14	3690	053
8863	17	5818	053
3236	23	12520	053
6878	23	12520	053
2909	9	2593	053
2729	23	2966	053
776	15	5088	053
2073	6	2008	053
396	6	30	053
2164	6	116	053
1983	6	728	053
2124	6	116	053
104	1	107	053
3193	12	2155	053
2034	6	116	053
3040	23	12544	053
2142	6	2008	053
6371	23	3023	053
2693	12	28	053
2030	6	2008	053
8863	17	5817	053
303	1	416	053
8943	23	3023	053
2094	6	2096	053
2539	9	2540	053
8730	23	3026	053
3040	23	12544	053
2134	6	29	053
381	1	259	053
6529	23	3023	053
2903	11	3089	053
205	15	4990	053
2011	6	30	053
2136	6	173	053
205	6	30	053
2008	9	259	053
3068	23	3027	053
1866	12	170	053
8385	23	3023	053
636	1	172	053
1956	6	2008	053
473	6	2082	053
509	6	30	053
3143	11	3087	053
114	1	116	053
8824	23	2977	053
583	1	584	053
3206	12	2082	053
6414	23	2935	053
2008	15	4988	053
100	6	30	053
7847	23	2966	053
2135	6	2008	053
142	6	30	053
3142	14	3491	053
2071	6	30	053
8571	23	12518	053
1912	6	259	053
8863	17	5816	053
44	6	30	053
6529	23	2952	053
1588	6	30	053
191	1	30	053
2691	23	3023	053
6878	23	2966	053
6726	23	2966	053
2097	6	30	054
206	1	207	054
2156	6	30	054
2129	6	30	054
2644	9	2593	054
6006	17	5818	054
12503	23	12520	054
2169	6	29	054
765	6	30	054
492	1	493	054
3231	12	29	054
2587	9	2476	054
776	1	493	054
2644	10	2924	054
7406	23	3023	054
2153	6	30	054
2016	6	116	054
3208	12	2082	054
9018	23	3023	054
169	6	173	054
1850	23	2951	054
1941	5	1943	054
2068	6	173	054
702	6	28	054
3227	12	46	054
19	6	2008	054
1894	23	2920	054
728	1	405	054
3219	12	2027	054
1525	6	29	054
494	1	28	054
1502	1	416	054
258	1	259	054
8516	23	2981	054
610	1	416	054
443	1	416	054
3211	12	2082	054
717	1	636	054
2729	23	2935	054
473	1	416	054
2090	6	116	054
845	1	28	054
1394	6	115	054
6878	23	12520	054
6414	23	2935	054
3192	12	2155	054
2105	6	30	054
921	6	30	054
178	6	116	054
1644	1	207	054
2530	14	3431	054
3577	14	3437	054
8301	23	3060	054
1133	6	30	054
2917	9	2593	054
172	1	402	054
8943	23	2951	054
2852	23	2952	054
919	1	921	054
1975	6	2008	054
2020	6	2008	054
2026	6	30	054
584	6	259	054
588	6	30	054
2130	6	2008	054
428	6	259	054
381	6	405	054
1957	6	173	054
25	15	5024	054
17	1	18	054
1429	6	30	054
675	15	4990	054
17	6	30	054
921	1	30	054
3032	23	3027	054
584	1	259	054
720	1	28	054
711	1	28	054
310	15	5088	054
3040	23	3023	054
4885	17	8813	054
88	6	30	054
2909	9	2720	054
6371	23	3023	054
675	15	5120	054
446	1	259	054
702	1	28	054
2119	6	2008	054
2917	10	2942	054
658	1	173	054
25	15	4990	054
25	6	30	054
578	1	28	054
1110	15	5120	054
8385	23	2981	054
3214	12	2082	054
44	5	25	054
728	15	4988	054
1947	6	173	054
1133	15	4990	054
630	6	30	054
2159	6	30	054
2102	6	2008	054
1850	23	2951	054
205	1	207	054
8842	23	3023	054
759	1	28	054
492	15	5088	054
1592	6	30	054
2172	6	2008	054
3209	12	30	054
113	6	30	054
728	1	259	054
2069	6	1561	054
1100	6	28	054
3236	23	3023	054
8730	23	2951	054
2127	6	171	054
2587	9	2588	054
2082	15	4988	054
2702	9	2705	054
3086	23	12527	054
5348	15	5088	054
1941	6	2008	054
2836	9	2705	054
3228	12	117	054
769	1	28	054
2119	6	2045	054
191	6	30	054
4885	14	3690	054
8863	17	5818	054
3236	23	12520	054
2917	17	5873	054
6878	23	12520	054
2909	9	2593	054
2729	23	2966	054
776	15	5088	054
2073	6	2008	054
396	6	30	054
2164	6	116	054
1983	6	728	054
2124	6	116	054
104	1	107	054
3193	12	2155	054
2034	6	116	054
3040	23	12544	054
2142	6	2008	054
6371	23	3023	054
2693	12	28	054
2030	6	2008	054
8863	17	5817	054
303	1	416	054
8943	23	3023	054
2094	6	2096	054
2539	9	2540	054
8730	23	3026	054
3040	23	12544	054
2134	6	29	054
381	1	259	054
6529	23	3023	054
2903	11	3089	054
205	15	4990	054
2011	6	30	054
2136	6	173	054
205	6	30	054
2008	9	259	054
3068	23	3027	054
1866	12	170	054
8385	23	3023	054
4885	14	3690	054
636	1	172	054
1956	6	2008	054
473	6	2082	054
509	6	30	054
3143	11	3087	054
114	1	116	054
8824	23	2977	054
583	1	584	054
3206	12	2082	054
6414	23	2935	054
2008	15	4988	054
100	6	30	054
7847	23	2966	054
2135	6	2008	054
142	6	30	054
2071	6	30	054
8571	23	12518	054
1912	6	259	054
8863	17	5816	054
44	6	30	054
6529	23	2952	054
1588	6	30	054
191	1	30	054
2691	23	3023	054
6878	23	2966	054
6726	23	2966	054
2097	6	30	055
206	1	207	055
2156	6	30	055
2129	6	30	055
2644	9	2593	055
6006	17	5818	055
12503	23	12520	055
2169	6	29	055
765	6	30	055
492	1	493	055
3231	12	29	055
2587	9	2476	055
776	1	493	055
2644	10	2924	055
7406	23	3023	055
2153	6	30	055
2016	6	116	055
3208	12	2082	055
9018	23	3023	055
169	6	173	055
1850	23	2951	055
1941	5	1943	055
2068	6	173	055
702	6	28	055
3227	12	46	055
19	6	2008	055
1894	23	2920	055
728	1	405	055
3219	12	2027	055
1525	6	29	055
494	1	28	055
1502	1	416	055
258	1	259	055
8516	23	2981	055
610	1	416	055
443	1	416	055
3211	12	2082	055
717	1	636	055
2729	23	2935	055
473	1	416	055
2090	6	116	055
845	1	28	055
1394	6	115	055
6878	23	12520	055
6414	23	2935	055
3192	12	2155	055
2105	6	30	055
921	6	30	055
178	6	116	055
1644	1	207	055
2530	14	3431	055
3577	14	3437	055
8301	23	3060	055
1133	6	30	055
2917	9	2593	055
172	1	402	055
8943	23	2951	055
2852	23	2952	055
919	1	921	055
2769	9	2476	055
1975	6	2008	055
2020	6	2008	055
2026	6	30	055
584	6	259	055
588	6	30	055
2130	6	2008	055
428	6	259	055
381	6	405	055
1957	6	173	055
25	15	5024	055
17	1	18	055
1429	6	30	055
675	15	4990	055
17	6	30	055
921	1	30	055
584	1	259	055
720	1	28	055
711	1	28	055
310	15	5088	055
3040	23	3023	055
4885	17	8813	055
88	6	30	055
2909	9	2720	055
6371	23	3023	055
675	15	5120	055
446	1	259	055
702	1	28	055
2119	6	2008	055
2917	10	2942	055
658	1	173	055
25	15	4990	055
25	6	30	055
578	1	28	055
1110	15	5120	055
8385	23	2981	055
3214	12	2082	055
3113	14	3524	055
44	5	25	055
728	15	4988	055
1947	6	173	055
1133	15	4990	055
630	6	30	055
2159	6	30	055
2102	6	2008	055
1850	23	2951	055
205	1	207	055
8842	23	3023	055
759	1	28	055
492	15	5088	055
1592	6	30	055
2832	9	2606	055
2172	6	2008	055
3209	12	30	055
113	6	30	055
728	1	259	055
2069	6	1561	055
1100	6	28	055
3236	23	3023	055
8730	23	2951	055
2127	6	171	055
2587	9	2588	055
2082	15	4988	055
2702	9	2705	055
3086	23	12527	055
5348	15	5088	055
1941	6	2008	055
2836	9	2705	055
3228	12	117	055
769	1	28	055
2119	6	2045	055
191	6	30	055
8863	17	5818	055
3236	23	12520	055
6878	23	12520	055
2909	9	2593	055
2729	23	2966	055
776	15	5088	055
2073	6	2008	055
396	6	30	055
2164	6	116	055
1983	6	728	055
2124	6	116	055
104	1	107	055
3193	12	2155	055
2034	6	116	055
3040	23	12544	055
2142	6	2008	055
6371	23	3023	055
2693	12	28	055
2030	6	2008	055
8863	17	5817	055
303	1	416	055
8943	23	3023	055
2094	6	2096	055
2539	9	2540	055
8730	23	3026	055
3040	23	12544	055
2134	6	29	055
381	1	259	055
6529	23	3023	055
2903	11	3089	055
205	15	4990	055
2011	6	30	055
2136	6	173	055
205	6	30	055
2008	9	259	055
3068	23	3027	055
1866	12	170	055
8385	23	3023	055
4885	14	3690	055
636	1	172	055
1956	6	2008	055
473	6	2082	055
509	6	30	055
3143	11	3087	055
114	1	116	055
8824	23	2977	055
583	1	584	055
3206	12	2082	055
6414	23	2935	055
2008	15	4988	055
100	6	30	055
7847	23	2966	055
2135	6	2008	055
142	6	30	055
2071	6	30	055
8571	23	12518	055
1912	6	259	055
8863	17	5816	055
44	6	30	055
6529	23	2952	055
1588	6	30	055
191	1	30	055
2691	23	3023	055
6878	23	2966	055
6726	23	2966	055
2097	6	30	056
206	1	207	056
2156	6	30	056
2129	6	30	056
2644	9	2593	056
6006	17	5818	056
12503	23	12520	056
2169	6	29	056
765	6	30	056
492	1	493	056
3231	12	29	056
2587	9	2476	056
776	1	493	056
2644	10	2924	056
7406	23	3023	056
2153	6	30	056
2016	6	116	056
3208	12	2082	056
9018	23	3023	056
169	6	173	056
1850	23	2951	056
1941	5	1943	056
2068	6	173	056
702	6	28	056
3227	12	46	056
19	6	2008	056
1894	23	2920	056
728	1	405	056
3219	12	2027	056
1525	6	29	056
494	1	28	056
1502	1	416	056
258	1	259	056
8516	23	2981	056
610	1	416	056
443	1	416	056
3211	12	2082	056
717	1	636	056
2729	23	2935	056
473	1	416	056
2090	6	116	056
845	1	28	056
1394	6	115	056
6878	23	12520	056
6414	23	2935	056
3192	12	2155	056
2105	6	30	056
921	6	30	056
178	6	116	056
1644	1	207	056
2530	14	3431	056
3577	14	3437	056
8301	23	3060	056
1133	6	30	056
2917	9	2593	056
172	1	402	056
8943	23	2951	056
2852	23	2952	056
919	1	921	056
2769	9	2476	056
1975	6	2008	056
2020	6	2008	056
2026	6	30	056
584	6	259	056
588	6	30	056
2130	6	2008	056
428	6	259	056
381	6	405	056
1957	6	173	056
25	15	5024	056
17	1	18	056
1429	6	30	056
675	15	4990	056
17	6	30	056
921	1	30	056
584	1	259	056
720	1	28	056
711	1	28	056
310	15	5088	056
3040	23	3023	056
4885	17	8813	056
88	6	30	056
2909	9	2720	056
6371	23	3023	056
675	15	5120	056
446	1	259	056
702	1	28	056
2119	6	2008	056
2917	10	2942	056
658	1	173	056
25	15	4990	056
25	6	30	056
578	1	28	056
1110	15	5120	056
8385	23	2981	056
3214	12	2082	056
3113	14	3524	056
44	5	25	056
728	15	4988	056
1947	6	173	056
1133	15	4990	056
630	6	30	056
2159	6	30	056
2102	6	2008	056
1850	23	2951	056
205	1	207	056
8842	23	3023	056
759	1	28	056
492	15	5088	056
1592	6	30	056
2832	9	2606	056
2172	6	2008	056
3209	12	30	056
113	6	30	056
728	1	259	056
2069	6	1561	056
1100	6	28	056
3236	23	3023	056
8730	23	2951	056
2127	6	171	056
2587	9	2588	056
2082	15	4988	056
2702	9	2705	056
3086	23	12527	056
5348	15	5088	056
1941	6	2008	056
2836	9	2705	056
3228	12	117	056
769	1	28	056
2119	6	2045	056
191	6	30	056
8863	17	5818	056
3236	23	12520	056
6878	23	12520	056
2909	9	2593	056
2729	23	2966	056
776	15	5088	056
2073	6	2008	056
396	6	30	056
2164	6	116	056
1983	6	728	056
2124	6	116	056
104	1	107	056
3193	12	2155	056
2034	6	116	056
3040	23	12544	056
2142	6	2008	056
6371	23	3023	056
2693	12	28	056
2030	6	2008	056
8863	17	5817	056
303	1	416	056
8943	23	3023	056
2094	6	2096	056
2539	9	2540	056
8730	23	3026	056
3040	23	12544	056
2134	6	29	056
381	1	259	056
6529	23	3023	056
2903	11	3089	056
205	15	4990	056
2011	6	30	056
2136	6	173	056
205	6	30	056
2008	9	259	056
3068	23	3027	056
1866	12	170	056
8385	23	3023	056
4885	14	3690	056
636	1	172	056
1956	6	2008	056
473	6	2082	056
509	6	30	056
3143	11	3087	056
114	1	116	056
8824	23	2977	056
583	1	584	056
3206	12	2082	056
6414	23	2935	056
2008	15	4988	056
100	6	30	056
7847	23	2966	056
2135	6	2008	056
142	6	30	056
2071	6	30	056
8571	23	12518	056
1912	6	259	056
8863	17	5816	056
44	6	30	056
6529	23	2952	056
1588	6	30	056
191	1	30	056
2691	23	3023	056
6878	23	2966	056
6726	23	2966	056
2097	6	30	057
206	1	207	057
2156	6	30	057
2129	6	30	057
2644	9	2593	057
6006	17	5818	057
12503	23	12520	057
2169	6	29	057
765	6	30	057
492	1	493	057
3231	12	29	057
2587	9	2476	057
776	1	493	057
2644	10	2924	057
7406	23	3023	057
2153	6	30	057
2016	6	116	057
3208	12	2082	057
9018	23	3023	057
169	6	173	057
1850	23	2951	057
1941	5	1943	057
2068	6	173	057
702	6	28	057
3227	12	46	057
19	6	2008	057
1894	23	2920	057
728	1	405	057
3219	12	2027	057
1525	6	29	057
494	1	28	057
1502	1	416	057
258	1	259	057
8516	23	2981	057
610	1	416	057
443	1	416	057
3211	12	2082	057
717	1	636	057
2729	23	2935	057
473	1	416	057
2090	6	116	057
845	1	28	057
1394	6	115	057
6878	23	12520	057
6414	23	2935	057
3192	12	2155	057
2105	6	30	057
921	6	30	057
178	6	116	057
1644	1	207	057
2530	14	3431	057
3577	14	3437	057
8301	23	3060	057
1133	6	30	057
2917	9	2593	057
172	1	402	057
8943	23	2951	057
2852	23	2952	057
919	1	921	057
2769	9	2476	057
1975	6	2008	057
2020	6	2008	057
2026	6	30	057
584	6	259	057
588	6	30	057
2130	6	2008	057
428	6	259	057
381	6	405	057
1957	6	173	057
25	15	5024	057
17	1	18	057
1429	6	30	057
675	15	4990	057
17	6	30	057
921	1	30	057
584	1	259	057
720	1	28	057
711	1	28	057
310	15	5088	057
3040	23	3023	057
4885	17	8813	057
88	6	30	057
2909	9	2720	057
6371	23	3023	057
675	15	5120	057
446	1	259	057
702	1	28	057
2119	6	2008	057
2917	10	2942	057
658	1	173	057
25	15	4990	057
25	6	30	057
578	1	28	057
1110	15	5120	057
8385	23	2981	057
3214	12	2082	057
3113	14	3524	057
44	5	25	057
728	15	4988	057
1947	6	173	057
1133	15	4990	057
630	6	30	057
2159	6	30	057
2102	6	2008	057
1850	23	2951	057
205	1	207	057
8842	23	3023	057
759	1	28	057
492	15	5088	057
1592	6	30	057
2832	9	2606	057
2172	6	2008	057
3209	12	30	057
113	6	30	057
728	1	259	057
2069	6	1561	057
1100	6	28	057
3236	23	3023	057
8730	23	2951	057
2127	6	171	057
2587	9	2588	057
2082	15	4988	057
2702	9	2705	057
3086	23	12527	057
5348	15	5088	057
1941	6	2008	057
2836	9	2705	057
3228	12	117	057
769	1	28	057
2119	6	2045	057
191	6	30	057
8863	17	5818	057
3236	23	12520	057
6878	23	12520	057
2909	9	2593	057
2729	23	2966	057
776	15	5088	057
2073	6	2008	057
396	6	30	057
2164	6	116	057
1983	6	728	057
2124	6	116	057
104	1	107	057
3193	12	2155	057
2034	6	116	057
3040	23	12544	057
2142	6	2008	057
6371	23	3023	057
2693	12	28	057
2030	6	2008	057
8863	17	5817	057
303	1	416	057
8943	23	3023	057
2094	6	2096	057
2539	9	2540	057
8730	23	3026	057
3040	23	12544	057
2134	6	29	057
381	1	259	057
7403	17	5818	057
6529	23	3023	057
2903	11	3089	057
205	15	4990	057
2011	6	30	057
2136	6	173	057
205	6	30	057
2008	9	259	057
3068	23	3027	057
1866	12	170	057
8385	23	3023	057
4885	14	3690	057
636	1	172	057
1956	6	2008	057
473	6	2082	057
509	6	30	057
3143	11	3087	057
114	1	116	057
8824	23	2977	057
583	1	584	057
3206	12	2082	057
6414	23	2935	057
2008	15	4988	057
100	6	30	057
7847	23	2966	057
2135	6	2008	057
142	6	30	057
2071	6	30	057
8571	23	12518	057
1912	6	259	057
8863	17	5816	057
44	6	30	057
6529	23	2952	057
1588	6	30	057
191	1	30	057
2691	23	3023	057
6878	23	2966	057
6726	23	2966	057
2097	6	30	058
206	1	207	058
2156	6	30	058
2129	6	30	058
2644	9	2593	058
6006	17	5818	058
12503	23	12520	058
2169	6	29	058
765	6	30	058
492	1	493	058
3231	12	29	058
2587	9	2476	058
776	1	493	058
2644	10	2924	058
7406	23	3023	058
2153	6	30	058
2016	6	116	058
3208	12	2082	058
9018	23	3023	058
169	6	173	058
1850	23	2951	058
1941	5	1943	058
2068	6	173	058
702	6	28	058
3227	12	46	058
19	6	2008	058
1894	23	2920	058
728	1	405	058
3219	12	2027	058
1525	6	29	058
494	1	28	058
1502	1	416	058
258	1	259	058
8516	23	2981	058
610	1	416	058
443	1	416	058
3211	12	2082	058
717	1	636	058
2729	23	2935	058
473	1	416	058
2090	6	116	058
845	1	28	058
1394	6	115	058
6878	23	12520	058
6414	23	2935	058
3192	12	2155	058
2105	6	30	058
921	6	30	058
178	6	116	058
1644	1	207	058
2530	14	3431	058
3577	14	3437	058
8301	23	3060	058
1133	6	30	058
2917	9	2593	058
172	1	402	058
8943	23	2951	058
2852	23	2952	058
919	1	921	058
2769	9	2476	058
1975	6	2008	058
2020	6	2008	058
2026	6	30	058
584	6	259	058
588	6	30	058
2130	6	2008	058
428	6	259	058
381	6	405	058
1957	6	173	058
25	15	5024	058
17	1	18	058
1429	6	30	058
675	15	4990	058
17	6	30	058
921	1	30	058
584	1	259	058
720	1	28	058
711	1	28	058
310	15	5088	058
3040	23	3023	058
4885	17	8813	058
88	6	30	058
6884	17	5976	058
2909	9	2720	058
6371	23	3023	058
675	15	5120	058
446	1	259	058
702	1	28	058
2119	6	2008	058
2917	10	2942	058
658	1	173	058
25	15	4990	058
25	6	30	058
578	1	28	058
1110	15	5120	058
8385	23	2981	058
3214	12	2082	058
3113	14	3524	058
44	5	25	058
728	15	4988	058
1947	6	173	058
1133	15	4990	058
630	6	30	058
2159	6	30	058
2102	6	2008	058
1850	23	2951	058
205	1	207	058
8842	23	3023	058
759	1	28	058
492	15	5088	058
1592	6	30	058
2832	9	2606	058
2172	6	2008	058
3209	12	30	058
113	6	30	058
728	1	259	058
2069	6	1561	058
1100	6	28	058
3236	23	3023	058
8730	23	2951	058
2127	6	171	058
2587	9	2588	058
2082	15	4988	058
2702	9	2705	058
3086	23	12527	058
5348	15	5088	058
1941	6	2008	058
2836	9	2705	058
3228	12	117	058
769	1	28	058
2119	6	2045	058
191	6	30	058
8863	17	5818	058
3236	23	12520	058
6878	23	12520	058
2909	9	2593	058
2729	23	2966	058
776	15	5088	058
2073	6	2008	058
396	6	30	058
2164	6	116	058
1983	6	728	058
2124	6	116	058
104	1	107	058
3193	12	2155	058
2034	6	116	058
3040	23	12544	058
2142	6	2008	058
6371	23	3023	058
2693	12	28	058
2030	6	2008	058
8863	17	5817	058
303	1	416	058
8943	23	3023	058
2094	6	2096	058
2539	9	2540	058
8730	23	3026	058
3040	23	12544	058
2134	6	29	058
381	1	259	058
7403	17	5818	058
6529	23	3023	058
2903	11	3089	058
205	15	4990	058
2011	6	30	058
2136	6	173	058
205	6	30	058
2008	9	259	058
3068	23	3027	058
1866	12	170	058
8385	23	3023	058
4885	14	3690	058
636	1	172	058
1956	6	2008	058
473	6	2082	058
509	6	30	058
3143	11	3087	058
114	1	116	058
8824	23	2977	058
583	1	584	058
3206	12	2082	058
6414	23	2935	058
2008	15	4988	058
100	6	30	058
7847	23	2966	058
2135	6	2008	058
142	6	30	058
2071	6	30	058
8571	23	12518	058
1912	6	259	058
8863	17	5816	058
44	6	30	058
6529	23	2952	058
1588	6	30	058
191	1	30	058
2691	23	3023	058
6878	23	2966	058
6726	23	2966	058
2097	6	30	059
206	1	207	059
2156	6	30	059
2129	6	30	059
2644	9	2593	059
6006	17	5818	059
12503	23	12520	059
2169	6	29	059
765	6	30	059
492	1	493	059
3231	12	29	059
2587	9	2476	059
776	1	493	059
2644	10	2924	059
7406	23	3023	059
2153	6	30	059
2016	6	116	059
3208	12	2082	059
9018	23	3023	059
169	6	173	059
1850	23	2951	059
1941	5	1943	059
2068	6	173	059
702	6	28	059
3227	12	46	059
19	6	2008	059
1894	23	2920	059
728	1	405	059
3219	12	2027	059
1525	6	29	059
494	1	28	059
1502	1	416	059
258	1	259	059
8516	23	2981	059
610	1	416	059
443	1	416	059
3211	12	2082	059
717	1	636	059
2729	23	2935	059
473	1	416	059
2090	6	116	059
845	1	28	059
1394	6	115	059
6878	23	12520	059
6414	23	2935	059
3192	12	2155	059
2105	6	30	059
921	6	30	059
178	6	116	059
1644	1	207	059
2530	14	3431	059
3577	14	3437	059
8301	23	3060	059
1133	6	30	059
2917	9	2593	059
172	1	402	059
8943	23	2951	059
2852	23	2952	059
919	1	921	059
2769	9	2476	059
1975	6	2008	059
2020	6	2008	059
2026	6	30	059
584	6	259	059
588	6	30	059
2130	6	2008	059
428	6	259	059
381	6	405	059
1957	6	173	059
25	15	5024	059
17	1	18	059
1429	6	30	059
675	15	4990	059
17	6	30	059
921	1	30	059
584	1	259	059
720	1	28	059
711	1	28	059
310	15	5088	059
3040	23	3023	059
4885	17	8813	059
88	6	30	059
2909	9	2720	059
6371	23	3023	059
675	15	5120	059
446	1	259	059
702	1	28	059
2119	6	2008	059
2917	10	2942	059
658	1	173	059
25	15	4990	059
25	6	30	059
578	1	28	059
1110	15	5120	059
8385	23	2981	059
3214	12	2082	059
3113	14	3524	059
44	5	25	059
728	15	4988	059
1947	6	173	059
1133	15	4990	059
630	6	30	059
2159	6	30	059
2102	6	2008	059
1850	23	2951	059
205	1	207	059
8842	23	3023	059
759	1	28	059
492	15	5088	059
1592	6	30	059
2832	9	2606	059
2172	6	2008	059
3209	12	30	059
113	6	30	059
728	1	259	059
2069	6	1561	059
1100	6	28	059
3236	23	3023	059
8730	23	2951	059
2127	6	171	059
2587	9	2588	059
2082	15	4988	059
2702	9	2705	059
3086	23	12527	059
5348	15	5088	059
1941	6	2008	059
2836	9	2705	059
3228	12	117	059
769	1	28	059
2119	6	2045	059
191	6	30	059
8863	17	5818	059
3236	23	12520	059
6878	23	12520	059
2909	9	2593	059
2729	23	2966	059
776	15	5088	059
2073	6	2008	059
396	6	30	059
2164	6	116	059
1983	6	728	059
2124	6	116	059
104	1	107	059
3193	12	2155	059
2034	6	116	059
3040	23	12544	059
2142	6	2008	059
6371	23	3023	059
2693	12	28	059
2030	6	2008	059
8863	17	5817	059
303	1	416	059
8943	23	3023	059
2094	6	2096	059
2539	9	2540	059
8730	23	3026	059
3040	23	12544	059
2134	6	29	059
381	1	259	059
7403	17	5818	059
6529	23	3023	059
2903	11	3089	059
205	15	4990	059
2011	6	30	059
2136	6	173	059
205	6	30	059
2008	9	259	059
3068	23	3027	059
1866	12	170	059
8385	23	3023	059
4885	14	3690	059
636	1	172	059
1956	6	2008	059
473	6	2082	059
509	6	30	059
3143	11	3087	059
114	1	116	059
8824	23	2977	059
583	1	584	059
3206	12	2082	059
6414	23	2935	059
2008	15	4988	059
100	6	30	059
7847	23	2966	059
2135	6	2008	059
142	6	30	059
2071	6	30	059
8571	23	12518	059
1912	6	259	059
8863	17	5816	059
44	6	30	059
6529	23	2952	059
1588	6	30	059
191	1	30	059
2691	23	3023	059
6878	23	2966	059
6726	23	2966	059
2097	6	30	060
206	1	207	060
2156	6	30	060
2539	9	2482	060
2129	6	30	060
2644	9	2593	060
6006	17	5818	060
12503	23	12520	060
2169	6	29	060
765	6	30	060
492	1	493	060
3231	12	29	060
2587	9	2476	060
776	1	493	060
2644	10	2924	060
7406	23	3023	060
8322	17	5818	060
2153	6	30	060
2016	6	116	060
3208	12	2082	060
9018	23	3023	060
169	6	173	060
1850	23	2951	060
1941	5	1943	060
2068	6	173	060
702	6	28	060
3227	12	46	060
19	6	2008	060
1894	23	2920	060
728	1	405	060
3219	12	2027	060
1525	6	29	060
494	1	28	060
1502	1	416	060
258	1	259	060
8516	23	2981	060
610	1	416	060
443	1	416	060
3211	12	2082	060
717	1	636	060
2729	23	2935	060
473	1	416	060
2090	6	116	060
845	1	28	060
1394	6	115	060
6878	23	12520	060
6414	23	2935	060
3192	12	2155	060
2105	6	30	060
921	6	30	060
178	6	116	060
1644	1	207	060
2530	14	3431	060
3577	14	3437	060
8301	23	3060	060
1133	6	30	060
2917	9	2593	060
172	1	402	060
8943	23	2951	060
2852	23	2952	060
919	1	921	060
2769	9	2476	060
1975	6	2008	060
2020	6	2008	060
2026	6	30	060
584	6	259	060
588	6	30	060
2130	6	2008	060
428	6	259	060
381	6	405	060
1957	6	173	060
25	15	5024	060
17	1	18	060
1429	6	30	060
675	15	4990	060
17	6	30	060
921	1	30	060
584	1	259	060
720	1	28	060
711	1	28	060
310	15	5088	060
3040	23	3023	060
1961	6	2008	060
4885	17	8813	060
88	6	30	060
2909	9	2720	060
6371	23	3023	060
675	15	5120	060
446	1	259	060
702	1	28	060
2119	6	2008	060
2917	10	2942	060
658	1	173	060
25	15	4990	060
25	6	30	060
578	1	28	060
1110	15	5120	060
8385	23	2981	060
3214	12	2082	060
3113	14	3524	060
47	1	30	060
44	5	25	060
8333	17	5817	060
728	15	4988	060
1947	6	173	060
1133	15	4990	060
4659	14	3509	060
630	6	30	060
2159	6	30	060
2102	6	2008	060
1850	23	2951	060
205	1	207	060
8842	23	3023	060
759	1	28	060
492	15	5088	060
1592	6	30	060
2832	9	2606	060
2172	6	2008	060
3209	12	30	060
113	6	30	060
728	1	259	060
47	6	30	060
2069	6	1561	060
1100	6	28	060
3236	23	3023	060
8730	23	2951	060
2127	6	171	060
2587	9	2588	060
2082	15	4988	060
2702	9	2705	060
3086	23	12527	060
5348	15	5088	060
1941	6	2008	060
2836	9	2705	060
3228	12	117	060
769	1	28	060
2119	6	2045	060
191	6	30	060
8863	17	5818	060
3236	23	12520	060
6878	23	12520	060
3142	14	3793	060
2909	9	2593	060
2729	23	2966	060
776	15	5088	060
2073	6	2008	060
396	6	30	060
2164	6	116	060
1983	6	728	060
2124	6	116	060
104	1	107	060
3193	12	2155	060
2034	6	116	060
3040	23	12544	060
2142	6	2008	060
6371	23	3023	060
2693	12	28	060
2030	6	2008	060
8863	17	5817	060
303	1	416	060
8943	23	3023	060
2094	6	2096	060
2539	9	2540	060
8730	23	3026	060
3040	23	12544	060
2134	6	29	060
381	1	259	060
7403	17	5818	060
6529	23	3023	060
2903	11	3089	060
205	15	4990	060
2011	6	30	060
2136	6	173	060
205	6	30	060
2008	9	259	060
3068	23	3027	060
1866	12	170	060
8385	23	3023	060
4885	14	3690	060
636	1	172	060
1956	6	2008	060
473	6	2082	060
509	6	30	060
3143	11	3087	060
114	1	116	060
8824	23	2977	060
583	1	584	060
6241	17	6242	060
3206	12	2082	060
6414	23	2935	060
2008	15	4988	060
100	6	30	060
7847	23	2966	060
2135	6	2008	060
142	6	30	060
2071	6	30	060
8571	23	12518	060
1912	6	259	060
8863	17	5816	060
44	6	30	060
6529	23	2952	060
1588	6	30	060
191	1	30	060
2691	23	3023	060
6878	23	2966	060
6726	23	2966	060
2097	6	30	061
206	1	207	061
2156	6	30	061
2539	9	2482	061
2129	6	30	061
2644	9	2593	061
6006	17	5818	061
12503	23	12520	061
2169	6	29	061
765	6	30	061
492	1	493	061
3231	12	29	061
2587	9	2476	061
776	1	493	061
2644	10	2924	061
7406	23	3023	061
2153	6	30	061
2016	6	116	061
3208	12	2082	061
9018	23	3023	061
169	6	173	061
1850	23	2951	061
1941	5	1943	061
2068	6	173	061
702	6	28	061
3227	12	46	061
19	6	2008	061
1894	23	2920	061
728	1	405	061
3219	12	2027	061
1525	6	29	061
494	1	28	061
1502	1	416	061
258	1	259	061
8516	23	2981	061
610	1	416	061
443	1	416	061
3211	12	2082	061
717	1	636	061
2729	23	2935	061
473	1	416	061
2090	6	116	061
845	1	28	061
1394	6	115	061
6878	23	12520	061
6414	23	2935	061
3192	12	2155	061
2105	6	30	061
921	6	30	061
178	6	116	061
1644	1	207	061
2530	14	3431	061
3577	14	3437	061
8301	23	3060	061
1133	6	30	061
2917	9	2593	061
172	1	402	061
8943	23	2951	061
2852	23	2952	061
919	1	921	061
2769	9	2476	061
1975	6	2008	061
2020	6	2008	061
2026	6	30	061
584	6	259	061
588	6	30	061
2130	6	2008	061
428	6	259	061
381	6	405	061
1957	6	173	061
25	15	5024	061
17	1	18	061
1429	6	30	061
675	15	4990	061
17	6	30	061
921	1	30	061
584	1	259	061
720	1	28	061
711	1	28	061
310	15	5088	061
3040	23	3023	061
1961	6	2008	061
4885	17	8813	061
88	6	30	061
2909	9	2720	061
6371	23	3023	061
675	15	5120	061
446	1	259	061
702	1	28	061
2119	6	2008	061
2917	10	2942	061
658	1	173	061
25	15	4990	061
25	6	30	061
578	1	28	061
1110	15	5120	061
8385	23	2981	061
3214	12	2082	061
47	1	30	061
44	5	25	061
728	15	4988	061
1947	6	173	061
1133	15	4990	061
4659	14	3509	061
630	6	30	061
2159	6	30	061
2102	6	2008	061
1850	23	2951	061
205	1	207	061
8842	23	3023	061
759	1	28	061
492	15	5088	061
1592	6	30	061
2832	9	2606	061
3640	14	3636	061
2172	6	2008	061
3209	12	30	061
113	6	30	061
728	1	259	061
47	6	30	061
2069	6	1561	061
1100	6	28	061
3236	23	3023	061
8730	23	2951	061
2127	6	171	061
2587	9	2588	061
2082	15	4988	061
2702	9	2705	061
3086	23	12527	061
5348	15	5088	061
1941	6	2008	061
2836	9	2705	061
3228	12	117	061
769	1	28	061
2119	6	2045	061
191	6	30	061
8863	17	5818	061
3236	23	12520	061
6878	23	12520	061
3142	14	3793	061
2909	9	2593	061
2729	23	2966	061
776	15	5088	061
2073	6	2008	061
396	6	30	061
2164	6	116	061
1983	6	728	061
2124	6	116	061
104	1	107	061
3193	12	2155	061
2034	6	116	061
3040	23	12544	061
2142	6	2008	061
6371	23	3023	061
2693	12	28	061
2030	6	2008	061
8863	17	5817	061
303	1	416	061
8943	23	3023	061
2094	6	2096	061
2539	9	2540	061
8730	23	3026	061
3040	23	12544	061
2134	6	29	061
381	1	259	061
7403	17	5818	061
6529	23	3023	061
2903	11	3089	061
205	15	4990	061
2011	6	30	061
2136	6	173	061
205	6	30	061
2008	9	259	061
3068	23	3027	061
1866	12	170	061
8385	23	3023	061
4885	14	3690	061
636	1	172	061
1956	6	2008	061
473	6	2082	061
509	6	30	061
3143	11	3087	061
114	1	116	061
8824	23	2977	061
583	1	584	061
3206	12	2082	061
6414	23	2935	061
2008	15	4988	061
100	6	30	061
7847	23	2966	061
2135	6	2008	061
142	6	30	061
2071	6	30	061
8571	23	12518	061
1912	6	259	061
8863	17	5816	061
44	6	30	061
6529	23	2952	061
1588	6	30	061
191	1	30	061
2691	23	3023	061
6878	23	2966	061
6726	23	2966	061
2097	6	30	062
206	1	207	062
2156	6	30	062
3940	14	3648	062
2539	9	2482	062
2129	6	30	062
2644	9	2593	062
6006	17	5818	062
12503	23	12520	062
2169	6	29	062
765	6	30	062
492	1	493	062
3231	12	29	062
2587	9	2476	062
776	1	493	062
2644	10	2924	062
7406	23	3023	062
2153	6	30	062
2016	6	116	062
3208	12	2082	062
9018	23	3023	062
169	6	173	062
1850	23	2951	062
1941	5	1943	062
2068	6	173	062
702	6	28	062
3227	12	46	062
19	6	2008	062
1894	23	2920	062
728	1	405	062
3219	12	2027	062
1525	6	29	062
494	1	28	062
1502	1	416	062
258	1	259	062
8516	23	2981	062
610	1	416	062
443	1	416	062
3211	12	2082	062
717	1	636	062
2729	23	2935	062
473	1	416	062
2090	6	116	062
845	1	28	062
1394	6	115	062
6878	23	12520	062
6414	23	2935	062
3192	12	2155	062
2105	6	30	062
921	6	30	062
178	6	116	062
1644	1	207	062
2530	14	3431	062
3577	14	3437	062
8301	23	3060	062
1133	6	30	062
2917	9	2593	062
172	1	402	062
8943	23	2951	062
2852	23	2952	062
919	1	921	062
6539	17	5873	062
2769	9	2476	062
1975	6	2008	062
2020	6	2008	062
2026	6	30	062
584	6	259	062
588	6	30	062
2130	6	2008	062
428	6	259	062
381	6	405	062
1957	6	173	062
25	15	5024	062
17	1	18	062
1429	6	30	062
675	15	4990	062
17	6	30	062
921	1	30	062
584	1	259	062
720	1	28	062
711	1	28	062
310	15	5088	062
3040	23	3023	062
1961	6	2008	062
4885	17	8813	062
88	6	30	062
2909	9	2720	062
6371	23	3023	062
675	15	5120	062
446	1	259	062
702	1	28	062
2119	6	2008	062
2917	10	2942	062
658	1	173	062
25	15	4990	062
25	6	30	062
578	1	28	062
1110	15	5120	062
8385	23	2981	062
3214	12	2082	062
47	1	30	062
44	5	25	062
728	15	4988	062
1947	6	173	062
1133	15	4990	062
4659	14	3509	062
630	6	30	062
2159	6	30	062
2102	6	2008	062
1850	23	2951	062
205	1	207	062
8842	23	3023	062
759	1	28	062
492	15	5088	062
1592	6	30	062
2832	9	2606	062
3640	14	3636	062
2172	6	2008	062
3209	12	30	062
113	6	30	062
728	1	259	062
47	6	30	062
2069	6	1561	062
1100	6	28	062
3236	23	3023	062
8730	23	2951	062
2127	6	171	062
2587	9	2588	062
2082	15	4988	062
2702	9	2705	062
3086	23	12527	062
5348	15	5088	062
1941	6	2008	062
2836	9	2705	062
3228	12	117	062
769	1	28	062
2119	6	2045	062
191	6	30	062
8863	17	5818	062
3236	23	12520	062
6878	23	12520	062
3142	14	3793	062
2909	9	2593	062
2729	23	2966	062
776	15	5088	062
2073	6	2008	062
396	6	30	062
2164	6	116	062
1983	6	728	062
2124	6	116	062
104	1	107	062
3193	12	2155	062
2034	6	116	062
3040	23	12544	062
2142	6	2008	062
6371	23	3023	062
2693	12	28	062
2030	6	2008	062
8863	17	5817	062
303	1	416	062
8943	23	3023	062
2094	6	2096	062
2539	9	2540	062
8730	23	3026	062
3040	23	12544	062
2134	6	29	062
381	1	259	062
7403	17	5818	062
6529	23	3023	062
3940	14	3690	062
2903	11	3089	062
205	15	4990	062
2011	6	30	062
2136	6	173	062
205	6	30	062
2008	9	259	062
3068	23	3027	062
1866	12	170	062
8385	23	3023	062
636	1	172	062
1956	6	2008	062
473	6	2082	062
509	6	30	062
3143	11	3087	062
114	1	116	062
8824	23	2977	062
583	1	584	062
3206	12	2082	062
6414	23	2935	062
2008	15	4988	062
100	6	30	062
7847	23	2966	062
2135	6	2008	062
142	6	30	062
2071	6	30	062
8571	23	12518	062
1912	6	259	062
8863	17	5816	062
44	6	30	062
6529	23	2952	062
1588	6	30	062
191	1	30	062
2691	23	3023	062
6878	23	2966	062
6726	23	2966	062
2097	6	30	063
206	1	207	063
2156	6	30	063
2539	9	2482	063
2129	6	30	063
2644	9	2593	063
6006	17	5818	063
12503	23	12520	063
2169	6	29	063
765	6	30	063
492	1	493	063
3231	12	29	063
2587	9	2476	063
776	1	493	063
2644	10	2924	063
7406	23	3023	063
2153	6	30	063
2016	6	116	063
6243	17	6244	063
3208	12	2082	063
9018	23	3023	063
169	6	173	063
1850	23	2951	063
1941	5	1943	063
2068	6	173	063
702	6	28	063
3227	12	46	063
19	6	2008	063
1894	23	2920	063
728	1	405	063
3219	12	2027	063
1525	6	29	063
494	1	28	063
1502	1	416	063
258	1	259	063
8516	23	2981	063
610	1	416	063
443	1	416	063
3211	12	2082	063
717	1	636	063
2729	23	2935	063
473	1	416	063
2090	6	116	063
845	1	28	063
1394	6	115	063
6878	23	12520	063
6414	23	2935	063
3192	12	2155	063
2105	6	30	063
921	6	30	063
178	6	116	063
6170	17	6171	063
1644	1	207	063
2530	14	3431	063
3577	14	3437	063
8301	23	3060	063
1133	6	30	063
2917	9	2593	063
172	1	402	063
8943	23	2951	063
2852	23	2952	063
919	1	921	063
3062	10	2924	063
2769	9	2476	063
1975	6	2008	063
8863	17	5935	063
2020	6	2008	063
2026	6	30	063
584	6	259	063
588	6	30	063
2130	6	2008	063
428	6	259	063
381	6	405	063
1957	6	173	063
25	15	5024	063
17	1	18	063
1429	6	30	063
675	15	4990	063
17	6	30	063
921	1	30	063
584	1	259	063
720	1	28	063
711	1	28	063
310	15	5088	063
3040	23	3023	063
1961	6	2008	063
4885	17	8813	063
88	6	30	063
2909	9	2720	063
6371	23	3023	063
675	15	5120	063
446	1	259	063
702	1	28	063
2119	6	2008	063
2917	10	2942	063
658	1	173	063
25	15	4990	063
25	6	30	063
578	1	28	063
1110	15	5120	063
8385	23	2981	063
3214	12	2082	063
47	1	30	063
44	5	25	063
728	15	4988	063
1947	6	173	063
1133	15	4990	063
4659	14	3509	063
630	6	30	063
2159	6	30	063
2102	6	2008	063
1850	23	2951	063
205	1	207	063
8842	23	3023	063
759	1	28	063
492	15	5088	063
1592	6	30	063
2832	9	2606	063
3640	14	3636	063
2172	6	2008	063
3209	12	30	063
2837	9	2482	063
113	6	30	063
728	1	259	063
47	6	30	063
2069	6	1561	063
1100	6	28	063
3236	23	3023	063
8730	23	2951	063
2127	6	171	063
2587	9	2588	063
2082	15	4988	063
2702	9	2705	063
3086	23	12527	063
5348	15	5088	063
1941	6	2008	063
2836	9	2705	063
3228	12	117	063
769	1	28	063
2119	6	2045	063
191	6	30	063
8863	17	5818	063
3236	23	12520	063
6878	23	12520	063
3142	14	3793	063
2909	9	2593	063
2729	23	2966	063
776	15	5088	063
2073	6	2008	063
396	6	30	063
2164	6	116	063
1983	6	728	063
2124	6	116	063
104	1	107	063
3193	12	2155	063
2034	6	116	063
3040	23	12544	063
2142	6	2008	063
8571	17	5818	063
6371	23	3023	063
2693	12	28	063
2030	6	2008	063
8863	17	5817	063
303	1	416	063
8943	23	3023	063
2094	6	2096	063
2539	9	2540	063
8730	23	3026	063
3040	23	12544	063
2134	6	29	063
381	1	259	063
7403	17	5818	063
6529	23	3023	063
2903	11	3089	063
205	15	4990	063
2011	6	30	063
2136	6	173	063
205	6	30	063
2008	9	259	063
3068	23	3027	063
1866	12	170	063
8385	23	3023	063
636	1	172	063
1956	6	2008	063
473	6	2082	063
509	6	30	063
3143	11	3087	063
114	1	116	063
8824	23	2977	063
583	1	584	063
3206	12	2082	063
6414	23	2935	063
2008	15	4988	063
100	6	30	063
7847	23	2966	063
2135	6	2008	063
142	6	30	063
2071	6	30	063
8571	23	12518	063
1912	6	259	063
8863	17	5816	063
44	6	30	063
6529	23	2952	063
2911	9	2482	063
1588	6	30	063
191	1	30	063
2691	23	3023	063
6878	23	2966	063
6726	23	2966	063
2097	6	30	064
206	1	207	064
2156	6	30	064
2539	9	2482	064
2129	6	30	064
2644	9	2593	064
6006	17	5818	064
12503	23	12520	064
2169	6	29	064
765	6	30	064
492	1	493	064
3231	12	29	064
2587	9	2476	064
776	1	493	064
2644	10	2924	064
7406	23	3023	064
2153	6	30	064
2016	6	116	064
3208	12	2082	064
9018	23	3023	064
169	6	173	064
1850	23	2951	064
1941	5	1943	064
2068	6	173	064
702	6	28	064
3227	12	46	064
19	6	2008	064
1894	23	2920	064
728	1	405	064
3219	12	2027	064
1525	6	29	064
494	1	28	064
1502	1	416	064
258	1	259	064
8516	23	2981	064
610	1	416	064
443	1	416	064
3211	12	2082	064
717	1	636	064
2729	23	2935	064
473	1	416	064
2090	6	116	064
845	1	28	064
1394	6	115	064
6878	23	12520	064
6414	23	2935	064
3192	12	2155	064
2105	6	30	064
921	6	30	064
178	6	116	064
1644	1	207	064
2530	14	3431	064
3577	14	3437	064
8301	23	3060	064
1133	6	30	064
2917	9	2593	064
172	1	402	064
8943	23	2951	064
2852	23	2952	064
919	1	921	064
3062	10	2924	064
2769	9	2476	064
1975	6	2008	064
8863	17	5935	064
2020	6	2008	064
2026	6	30	064
584	6	259	064
588	6	30	064
2130	6	2008	064
428	6	259	064
381	6	405	064
1957	6	173	064
25	15	5024	064
17	1	18	064
1429	6	30	064
675	15	4990	064
17	6	30	064
921	1	30	064
584	1	259	064
720	1	28	064
711	1	28	064
310	15	5088	064
3040	23	3023	064
1961	6	2008	064
4885	17	8813	064
88	6	30	064
2909	9	2720	064
6371	23	3023	064
675	15	5120	064
446	1	259	064
702	1	28	064
2119	6	2008	064
2917	10	2942	064
658	1	173	064
25	15	4990	064
25	6	30	064
578	1	28	064
1110	15	5120	064
8385	23	2981	064
3214	12	2082	064
47	1	30	064
44	5	25	064
728	15	4988	064
1947	6	173	064
1133	15	4990	064
4659	14	3509	064
630	6	30	064
2159	6	30	064
2102	6	2008	064
1850	23	2951	064
205	1	207	064
8842	23	3023	064
759	1	28	064
492	15	5088	064
1592	6	30	064
2832	9	2606	064
3640	14	3636	064
2172	6	2008	064
3209	12	30	064
2837	9	2482	064
113	6	30	064
728	1	259	064
47	6	30	064
2069	6	1561	064
1100	6	28	064
3236	23	3023	064
8730	23	2951	064
2127	6	171	064
2587	9	2588	064
2082	15	4988	064
2702	9	2705	064
3086	23	12527	064
5348	15	5088	064
1941	6	2008	064
2836	9	2705	064
3228	12	117	064
769	1	28	064
2119	6	2045	064
191	6	30	064
8863	17	5818	064
3236	23	12520	064
6878	23	12520	064
3142	14	3793	064
2909	9	2593	064
2729	23	2966	064
776	15	5088	064
2073	6	2008	064
396	6	30	064
2164	6	116	064
1983	6	728	064
2124	6	116	064
104	1	107	064
3193	12	2155	064
2034	6	116	064
3040	23	12544	064
2142	6	2008	064
6371	23	3023	064
2693	12	28	064
2030	6	2008	064
8863	17	5817	064
303	1	416	064
8943	23	3023	064
2094	6	2096	064
2539	9	2540	064
8730	23	3026	064
3040	23	12544	064
2134	6	29	064
381	1	259	064
7403	17	5818	064
6529	23	3023	064
2903	11	3089	064
205	15	4990	064
2011	6	30	064
2136	6	173	064
205	6	30	064
2008	9	259	064
3068	23	3027	064
1866	12	170	064
8385	23	3023	064
636	1	172	064
1956	6	2008	064
473	6	2082	064
509	6	30	064
3143	11	3087	064
114	1	116	064
8824	23	2977	064
583	1	584	064
3206	12	2082	064
6414	23	2935	064
2008	15	4988	064
100	6	30	064
7847	23	2966	064
2135	6	2008	064
142	6	30	064
2071	6	30	064
8571	23	12518	064
1912	6	259	064
8863	17	5816	064
44	6	30	064
6529	23	2952	064
2911	9	2482	064
1588	6	30	064
191	1	30	064
2691	23	3023	064
6878	23	2966	064
6726	23	2966	064
2097	6	30	065
206	1	207	065
2156	6	30	065
2539	9	2482	065
2129	6	30	065
2644	9	2593	065
6006	17	5818	065
12503	23	12520	065
2169	6	29	065
765	6	30	065
492	1	493	065
3231	12	29	065
2587	9	2476	065
3622	14	3509	065
776	1	493	065
2644	10	2924	065
7406	23	3023	065
2153	6	30	065
2016	6	116	065
3208	12	2082	065
9018	23	3023	065
169	6	173	065
1850	23	2951	065
1941	5	1943	065
2068	6	173	065
702	6	28	065
3227	12	46	065
19	6	2008	065
1894	23	2920	065
728	1	405	065
3219	12	2027	065
1525	6	29	065
494	1	28	065
1502	1	416	065
258	1	259	065
8516	23	2981	065
610	1	416	065
443	1	416	065
3211	12	2082	065
717	1	636	065
2729	23	2935	065
473	1	416	065
2090	6	116	065
845	1	28	065
1394	6	115	065
6878	23	12520	065
6414	23	2935	065
3192	12	2155	065
2105	6	30	065
921	6	30	065
178	6	116	065
1644	1	207	065
2530	14	3431	065
3577	14	3437	065
8301	23	3060	065
1133	6	30	065
2917	9	2593	065
172	1	402	065
8943	23	2951	065
2852	23	2952	065
919	1	921	065
3062	10	2924	065
2769	9	2476	065
1975	6	2008	065
8863	17	5935	065
2020	6	2008	065
2026	6	30	065
584	6	259	065
8863	17	6190	065
588	6	30	065
2130	6	2008	065
428	6	259	065
381	6	405	065
1957	6	173	065
25	15	5024	065
17	1	18	065
1429	6	30	065
675	15	4990	065
17	6	30	065
921	1	30	065
584	1	259	065
720	1	28	065
711	1	28	065
310	15	5088	065
3040	23	3023	065
1961	6	2008	065
4885	17	8813	065
88	6	30	065
2909	9	2720	065
6371	23	3023	065
675	15	5120	065
446	1	259	065
702	1	28	065
2119	6	2008	065
2917	10	2942	065
658	1	173	065
25	15	4990	065
25	6	30	065
578	1	28	065
1110	15	5120	065
8385	23	2981	065
3214	12	2082	065
47	1	30	065
44	5	25	065
728	15	4988	065
1947	6	173	065
1133	15	4990	065
4659	14	3509	065
630	6	30	065
2159	6	30	065
2102	6	2008	065
1850	23	2951	065
205	1	207	065
8842	23	3023	065
759	1	28	065
492	15	5088	065
1592	6	30	065
2832	9	2606	065
3640	14	3636	065
2172	6	2008	065
3209	12	30	065
2837	9	2482	065
113	6	30	065
728	1	259	065
47	6	30	065
2069	6	1561	065
1100	6	28	065
3236	23	3023	065
8730	23	2951	065
2127	6	171	065
2587	9	2588	065
2082	15	4988	065
2702	9	2705	065
3086	23	12527	065
5348	15	5088	065
1941	6	2008	065
2836	9	2705	065
3228	12	117	065
769	1	28	065
2119	6	2045	065
191	6	30	065
8863	17	5818	065
3236	23	12520	065
6878	23	12520	065
3142	14	3793	065
2909	9	2593	065
2729	23	2966	065
776	15	5088	065
2073	6	2008	065
396	6	30	065
2164	6	116	065
1983	6	728	065
2124	6	116	065
104	1	107	065
3193	12	2155	065
2034	6	116	065
3040	23	12544	065
2142	6	2008	065
6371	23	3023	065
2693	12	28	065
2030	6	2008	065
8863	17	5817	065
303	1	416	065
8943	23	3023	065
2094	6	2096	065
2539	9	2540	065
8730	23	3026	065
3040	23	12544	065
2134	6	29	065
381	1	259	065
7403	17	5818	065
6529	23	3023	065
2903	11	3089	065
205	15	4990	065
2011	6	30	065
2136	6	173	065
205	6	30	065
2008	9	259	065
3068	23	3027	065
1866	12	170	065
8385	23	3023	065
636	1	172	065
1956	6	2008	065
473	6	2082	065
509	6	30	065
3143	11	3087	065
114	1	116	065
8824	23	2977	065
583	1	584	065
3206	12	2082	065
6414	23	2935	065
2008	15	4988	065
100	6	30	065
7847	23	2966	065
2135	6	2008	065
142	6	30	065
2071	6	30	065
8571	23	12518	065
1912	6	259	065
8863	17	5816	065
44	6	30	065
6529	23	2952	065
2911	9	2482	065
1588	6	30	065
191	1	30	065
2691	23	3023	065
6878	23	2966	065
6726	23	2966	065
2097	6	30	066
206	1	207	066
2156	6	30	066
2539	9	2482	066
2129	6	30	066
2644	9	2593	066
6006	17	5818	066
12503	23	12520	066
2169	6	29	066
765	6	30	066
492	1	493	066
3231	12	29	066
2587	9	2476	066
3622	14	3509	066
776	1	493	066
2644	10	2924	066
7406	23	3023	066
2153	6	30	066
2016	6	116	066
3208	12	2082	066
9018	23	3023	066
169	6	173	066
1850	23	2951	066
1941	5	1943	066
2068	6	173	066
702	6	28	066
3227	12	46	066
19	6	2008	066
1894	23	2920	066
728	1	405	066
3219	12	2027	066
1525	6	29	066
494	1	28	066
1502	1	416	066
258	1	259	066
8516	23	2981	066
610	1	416	066
443	1	416	066
3211	12	2082	066
717	1	636	066
2729	23	2935	066
473	1	416	066
2090	6	116	066
845	1	28	066
1394	6	115	066
6878	23	12520	066
6414	23	2935	066
3192	12	2155	066
2105	6	30	066
921	6	30	066
178	6	116	066
1644	1	207	066
2530	14	3431	066
3577	14	3437	066
8301	23	3060	066
1133	6	30	066
2917	9	2593	066
172	1	402	066
8943	23	2951	066
2852	23	2952	066
919	1	921	066
3062	10	2924	066
2769	9	2476	066
1975	6	2008	066
8863	17	5935	066
2020	6	2008	066
2026	6	30	066
584	6	259	066
8863	17	6190	066
588	6	30	066
2130	6	2008	066
428	6	259	066
381	6	405	066
1957	6	173	066
25	15	5024	066
17	1	18	066
1429	6	30	066
675	15	4990	066
17	6	30	066
921	1	30	066
584	1	259	066
720	1	28	066
711	1	28	066
310	15	5088	066
3040	23	3023	066
1961	6	2008	066
4885	17	8813	066
88	6	30	066
2909	9	2720	066
6371	23	3023	066
675	15	5120	066
446	1	259	066
702	1	28	066
2119	6	2008	066
2917	10	2942	066
658	1	173	066
25	15	4990	066
25	6	30	066
578	1	28	066
1110	15	5120	066
8385	23	2981	066
3214	12	2082	066
47	1	30	066
44	5	25	066
3622	14	3519	066
728	15	4988	066
1947	6	173	066
1133	15	4990	066
630	6	30	066
2159	6	30	066
2102	6	2008	066
1850	23	2951	066
205	1	207	066
8842	23	3023	066
759	1	28	066
492	15	5088	066
1592	6	30	066
2832	9	2606	066
3640	14	3636	066
2172	6	2008	066
3209	12	30	066
2837	9	2482	066
113	6	30	066
728	1	259	066
47	6	30	066
2069	6	1561	066
1100	6	28	066
3236	23	3023	066
8730	23	2951	066
2127	6	171	066
2587	9	2588	066
2082	15	4988	066
2702	9	2705	066
3086	23	12527	066
5348	15	5088	066
1941	6	2008	066
2836	9	2705	066
4659	14	3491	066
3228	12	117	066
769	1	28	066
2119	6	2045	066
191	6	30	066
8863	17	5818	066
3236	23	12520	066
4749	14	3793	066
6878	23	12520	066
3142	14	3793	066
2909	9	2593	066
2729	23	2966	066
776	15	5088	066
2073	6	2008	066
396	6	30	066
2164	6	116	066
1983	6	728	066
2124	6	116	066
104	1	107	066
3193	12	2155	066
2034	6	116	066
3040	23	12544	066
2142	6	2008	066
6371	23	3023	066
2693	12	28	066
2030	6	2008	066
8863	17	5817	066
303	1	416	066
8943	23	3023	066
2094	6	2096	066
2539	9	2540	066
8730	23	3026	066
3040	23	12544	066
2134	6	29	066
381	1	259	066
7403	17	5818	066
6529	23	3023	066
2903	11	3089	066
205	15	4990	066
2011	6	30	066
2136	6	173	066
205	6	30	066
2008	9	259	066
3068	23	3027	066
1866	12	170	066
8385	23	3023	066
636	1	172	066
1956	6	2008	066
473	6	2082	066
509	6	30	066
3143	11	3087	066
114	1	116	066
8824	23	2977	066
583	1	584	066
3206	12	2082	066
6414	23	2935	066
2008	15	4988	066
100	6	30	066
7847	23	2966	066
2135	6	2008	066
142	6	30	066
2071	6	30	066
8571	23	12518	066
1912	6	259	066
8863	17	5816	066
44	6	30	066
6529	23	2952	066
2911	9	2482	066
1588	6	30	066
191	1	30	066
2691	23	3023	066
6878	23	2966	066
6726	23	2966	066
2097	6	30	067
206	1	207	067
2156	6	30	067
2539	9	2482	067
2129	6	30	067
2644	9	2593	067
6006	17	5818	067
12503	23	12520	067
2169	6	29	067
765	6	30	067
492	1	493	067
3231	12	29	067
2587	9	2476	067
776	1	493	067
2644	10	2924	067
7406	23	3023	067
2153	6	30	067
2016	6	116	067
3208	12	2082	067
9018	23	3023	067
169	6	173	067
1850	23	2951	067
1941	5	1943	067
2068	6	173	067
702	6	28	067
3227	12	46	067
19	6	2008	067
1894	23	2920	067
728	1	405	067
3219	12	2027	067
1525	6	29	067
494	1	28	067
1502	1	416	067
258	1	259	067
8516	23	2981	067
610	1	416	067
443	1	416	067
3211	12	2082	067
717	1	636	067
2729	23	2935	067
473	1	416	067
2090	6	116	067
845	1	28	067
1394	6	115	067
6878	23	12520	067
6414	23	2935	067
3192	12	2155	067
2105	6	30	067
921	6	30	067
178	6	116	067
1644	1	207	067
2530	14	3431	067
3577	14	3437	067
8301	23	3060	067
1133	6	30	067
2917	9	2593	067
172	1	402	067
8943	23	2951	067
2852	23	2952	067
919	1	921	067
3062	10	2924	067
2769	9	2476	067
1975	6	2008	067
8863	17	5935	067
2020	6	2008	067
2026	6	30	067
584	6	259	067
8863	17	6190	067
588	6	30	067
2130	6	2008	067
428	6	259	067
381	6	405	067
1957	6	173	067
25	15	5024	067
17	1	18	067
1429	6	30	067
675	15	4990	067
17	6	30	067
921	1	30	067
584	1	259	067
720	1	28	067
711	1	28	067
310	15	5088	067
3040	23	3023	067
1961	6	2008	067
4885	17	8813	067
88	6	30	067
2909	9	2720	067
6371	23	3023	067
675	15	5120	067
446	1	259	067
702	1	28	067
2119	6	2008	067
2917	10	2942	067
658	1	173	067
25	15	4990	067
25	6	30	067
578	1	28	067
1110	15	5120	067
8385	23	2981	067
3214	12	2082	067
47	1	30	067
44	5	25	067
3622	14	3519	067
728	15	4988	067
1947	6	173	067
1133	15	4990	067
630	6	30	067
2159	6	30	067
2102	6	2008	067
1850	23	2951	067
205	1	207	067
8842	23	3023	067
759	1	28	067
492	15	5088	067
1592	6	30	067
2832	9	2606	067
3640	14	3636	067
2172	6	2008	067
3209	12	30	067
2837	9	2482	067
113	6	30	067
728	1	259	067
47	6	30	067
2069	6	1561	067
1100	6	28	067
3236	23	3023	067
8730	23	2951	067
2127	6	171	067
2587	9	2588	067
2082	15	4988	067
2702	9	2705	067
3086	23	12527	067
5348	15	5088	067
1941	6	2008	067
2836	9	2705	067
4659	14	3491	067
3228	12	117	067
769	1	28	067
2119	6	2045	067
191	6	30	067
8863	17	5818	067
3236	23	12520	067
6878	23	12520	067
2909	9	2593	067
2729	23	2966	067
776	15	5088	067
2073	6	2008	067
396	6	30	067
2164	6	116	067
1983	6	728	067
2124	6	116	067
104	1	107	067
3193	12	2155	067
2034	6	116	067
3040	23	12544	067
2142	6	2008	067
6371	23	3023	067
2693	12	28	067
2030	6	2008	067
8863	17	5817	067
303	1	416	067
8943	23	3023	067
2094	6	2096	067
2539	9	2540	067
8730	23	3026	067
3040	23	12544	067
2134	6	29	067
381	1	259	067
7403	17	5818	067
6529	23	3023	067
2903	11	3089	067
205	15	4990	067
2011	6	30	067
2136	6	173	067
205	6	30	067
2008	9	259	067
3068	23	3027	067
1866	12	170	067
8385	23	3023	067
636	1	172	067
1956	6	2008	067
473	6	2082	067
509	6	30	067
3143	11	3087	067
114	1	116	067
8824	23	2977	067
583	1	584	067
3206	12	2082	067
6414	23	2935	067
2008	15	4988	067
100	6	30	067
7847	23	2966	067
2135	6	2008	067
142	6	30	067
2071	6	30	067
8571	23	12518	067
1912	6	259	067
8863	17	5816	067
44	6	30	067
6529	23	2952	067
2911	9	2482	067
1588	6	30	067
191	1	30	067
2691	23	3023	067
6878	23	2966	067
6726	23	2966	067
2097	6	30	068
206	1	207	068
2156	6	30	068
2539	9	2482	068
2129	6	30	068
2644	9	2593	068
6006	17	5818	068
12503	23	12520	068
2169	6	29	068
2832	14	3922	068
765	6	30	068
492	1	493	068
3231	12	29	068
2587	9	2476	068
776	1	493	068
2644	10	2924	068
7406	23	3023	068
2153	6	30	068
2016	6	116	068
3208	12	2082	068
9018	23	3023	068
169	6	173	068
1850	23	2951	068
1941	5	1943	068
2068	6	173	068
702	6	28	068
3227	12	46	068
19	6	2008	068
1894	23	2920	068
728	1	405	068
3219	12	2027	068
1525	6	29	068
494	1	28	068
1502	1	416	068
258	1	259	068
8516	23	2981	068
610	1	416	068
443	1	416	068
3211	12	2082	068
717	1	636	068
2729	23	2935	068
473	1	416	068
2090	6	116	068
845	1	28	068
1394	6	115	068
6878	23	12520	068
6414	23	2935	068
3192	12	2155	068
2105	6	30	068
921	6	30	068
178	6	116	068
1644	1	207	068
2530	14	3431	068
3577	14	3437	068
8301	23	3060	068
1133	6	30	068
2917	9	2593	068
172	1	402	068
8943	23	2951	068
2852	23	2952	068
919	1	921	068
3062	10	2924	068
2769	9	2476	068
1975	6	2008	068
8863	17	5935	068
2020	6	2008	068
2026	6	30	068
584	6	259	068
8863	17	6190	068
588	6	30	068
2130	6	2008	068
428	6	259	068
381	6	405	068
1957	6	173	068
25	15	5024	068
17	1	18	068
1429	6	30	068
675	15	4990	068
17	6	30	068
921	1	30	068
584	1	259	068
720	1	28	068
711	1	28	068
310	15	5088	068
3040	23	3023	068
1961	6	2008	068
4885	17	8813	068
88	6	30	068
2909	9	2720	068
6371	23	3023	068
675	15	5120	068
446	1	259	068
702	1	28	068
2119	6	2008	068
2917	10	2942	068
658	1	173	068
25	15	4990	068
25	6	30	068
578	1	28	068
1110	15	5120	068
8385	23	2981	068
3214	12	2082	068
47	1	30	068
44	5	25	068
3622	14	3519	068
728	15	4988	068
1947	6	173	068
1133	15	4990	068
630	6	30	068
2789	9	2705	068
2159	6	30	068
2102	6	2008	068
1850	23	2951	068
205	1	207	068
8983	17	6005	068
8842	23	3023	068
759	1	28	068
492	15	5088	068
1592	6	30	068
2832	9	2606	068
3142	14	3519	068
3640	14	3636	068
2172	6	2008	068
3209	12	30	068
2837	9	2482	068
113	6	30	068
728	1	259	068
47	6	30	068
2069	6	1561	068
1100	6	28	068
3236	23	3023	068
8730	23	2951	068
2127	6	171	068
2587	9	2588	068
2082	15	4988	068
2702	9	2705	068
3086	23	12527	068
5348	15	5088	068
1941	6	2008	068
2836	9	2705	068
4659	14	3491	068
3228	12	117	068
769	1	28	068
2119	6	2045	068
191	6	30	068
8863	17	5818	068
3236	23	12520	068
6878	23	12520	068
2909	9	2593	068
2729	23	2966	068
776	15	5088	068
2073	6	2008	068
396	6	30	068
2164	6	116	068
1983	6	728	068
2124	6	116	068
104	1	107	068
3193	12	2155	068
2034	6	116	068
3040	23	12544	068
2142	6	2008	068
6371	23	3023	068
2693	12	28	068
2030	6	2008	068
8863	17	5817	068
303	1	416	068
8943	23	3023	068
2094	6	2096	068
2539	9	2540	068
8730	23	3026	068
3040	23	12544	068
2134	6	29	068
381	1	259	068
7403	17	5818	068
6529	23	3023	068
2903	11	3089	068
205	15	4990	068
2011	6	30	068
2136	6	173	068
205	6	30	068
2008	9	259	068
3068	23	3027	068
1866	12	170	068
8385	23	3023	068
636	1	172	068
1956	6	2008	068
473	6	2082	068
509	6	30	068
3143	11	3087	068
114	1	116	068
8824	23	2977	068
583	1	584	068
3206	12	2082	068
6414	23	2935	068
2008	15	4988	068
100	6	30	068
7847	23	2966	068
2135	6	2008	068
142	6	30	068
2071	6	30	068
8571	23	12518	068
1912	6	259	068
8863	17	5816	068
44	6	30	068
6529	23	2952	068
2911	9	2482	068
1588	6	30	068
191	1	30	068
2691	23	3023	068
6878	23	2966	068
6726	23	2966	068
2097	6	30	069
206	1	207	069
2156	6	30	069
2539	9	2482	069
2129	6	30	069
2644	9	2593	069
6006	17	5818	069
12503	23	12520	069
2169	6	29	069
2832	14	3922	069
765	6	30	069
492	1	493	069
3231	12	29	069
2587	9	2476	069
776	1	493	069
2644	10	2924	069
7406	23	3023	069
2153	6	30	069
2016	6	116	069
3208	12	2082	069
9018	23	3023	069
169	6	173	069
1850	23	2951	069
1941	5	1943	069
2068	6	173	069
702	6	28	069
3227	12	46	069
19	6	2008	069
1894	23	2920	069
728	1	405	069
3219	12	2027	069
1525	6	29	069
494	1	28	069
1502	1	416	069
258	1	259	069
8516	23	2981	069
610	1	416	069
443	1	416	069
3211	12	2082	069
717	1	636	069
2729	23	2935	069
473	1	416	069
2090	6	116	069
845	1	28	069
1394	6	115	069
6878	23	12520	069
6414	23	2935	069
3192	12	2155	069
2105	6	30	069
921	6	30	069
178	6	116	069
1644	1	207	069
2530	14	3431	069
3577	14	3437	069
8301	23	3060	069
1133	6	30	069
2917	9	2593	069
172	1	402	069
8943	23	2951	069
2852	23	2952	069
919	1	921	069
3062	10	2924	069
2769	9	2476	069
1975	6	2008	069
8863	17	5935	069
2020	6	2008	069
2026	6	30	069
584	6	259	069
8863	17	6190	069
588	6	30	069
2130	6	2008	069
428	6	259	069
381	6	405	069
1957	6	173	069
25	15	5024	069
17	1	18	069
1429	6	30	069
675	15	4990	069
17	6	30	069
921	1	30	069
584	1	259	069
720	1	28	069
711	1	28	069
310	15	5088	069
3040	23	3023	069
1961	6	2008	069
4885	17	8813	069
88	6	30	069
2909	9	2720	069
6371	23	3023	069
675	15	5120	069
446	1	259	069
702	1	28	069
2119	6	2008	069
2917	10	2942	069
658	1	173	069
25	15	4990	069
25	6	30	069
578	1	28	069
1110	15	5120	069
8385	23	2981	069
3214	12	2082	069
47	1	30	069
44	5	25	069
728	15	4988	069
1947	6	173	069
1133	15	4990	069
630	6	30	069
2789	9	2705	069
2159	6	30	069
2102	6	2008	069
1850	23	2951	069
205	1	207	069
8842	23	3023	069
759	1	28	069
492	15	5088	069
1592	6	30	069
2832	9	2606	069
3142	14	3519	069
2172	6	2008	069
3209	12	30	069
2837	9	2482	069
113	6	30	069
728	1	259	069
47	6	30	069
2069	6	1561	069
1100	6	28	069
3236	23	3023	069
8730	23	2951	069
2127	6	171	069
2587	9	2588	069
2082	15	4988	069
2702	9	2705	069
3086	23	12527	069
5348	15	5088	069
1941	6	2008	069
2836	9	2705	069
4659	14	3491	069
3228	12	117	069
769	1	28	069
2119	6	2045	069
191	6	30	069
8863	17	5818	069
3236	23	12520	069
6878	23	12520	069
2909	9	2593	069
2729	23	2966	069
776	15	5088	069
2073	6	2008	069
396	6	30	069
2164	6	116	069
1983	6	728	069
2124	6	116	069
104	1	107	069
3193	12	2155	069
2034	6	116	069
3040	23	12544	069
2142	6	2008	069
6371	23	3023	069
2693	12	28	069
2030	6	2008	069
8863	17	5817	069
303	1	416	069
8943	23	3023	069
2094	6	2096	069
2539	9	2540	069
8730	23	3026	069
3040	23	12544	069
2134	6	29	069
381	1	259	069
7403	17	5818	069
6529	23	3023	069
2903	11	3089	069
205	15	4990	069
3206	14	4739	069
2011	6	30	069
2136	6	173	069
205	6	30	069
2008	9	259	069
3068	23	3027	069
1866	12	170	069
8385	23	3023	069
636	1	172	069
4659	14	3793	069
1956	6	2008	069
473	6	2082	069
509	6	30	069
3143	11	3087	069
114	1	116	069
8824	23	2977	069
583	1	584	069
3206	12	2082	069
6414	23	2935	069
2008	15	4988	069
100	6	30	069
7847	23	2966	069
2135	6	2008	069
142	6	30	069
2071	6	30	069
8571	23	12518	069
1912	6	259	069
8863	17	5816	069
44	6	30	069
6529	23	2952	069
2911	9	2482	069
1588	6	30	069
191	1	30	069
2691	23	3023	069
6878	23	2966	069
6726	23	2966	069
2097	6	30	070
206	1	207	070
2156	6	30	070
2539	9	2482	070
2129	6	30	070
2644	9	2593	070
6006	17	5818	070
12503	23	12520	070
2169	6	29	070
2832	14	3922	070
765	6	30	070
492	1	493	070
3231	12	29	070
2587	9	2476	070
776	1	493	070
7406	23	3023	070
2153	6	30	070
2016	6	116	070
3208	12	2082	070
9018	23	3023	070
169	6	173	070
1850	23	2951	070
3206	14	4739	070
1941	5	1943	070
2068	6	173	070
702	6	28	070
3227	12	46	070
19	6	2008	070
1894	23	2920	070
728	1	405	070
3219	12	2027	070
1525	6	29	070
494	1	28	070
1502	1	416	070
258	1	259	070
8516	23	2981	070
610	1	416	070
443	1	416	070
3211	12	2082	070
717	1	636	070
2729	23	2935	070
473	1	416	070
2090	6	116	070
845	1	28	070
1394	6	115	070
6878	23	12520	070
6414	23	2935	070
3192	12	2155	070
2105	6	30	070
921	6	30	070
178	6	116	070
1644	1	207	070
2530	14	3431	070
3577	14	3437	070
8301	23	3060	070
1133	6	30	070
2917	9	2593	070
6884	17	6190	070
172	1	402	070
8943	23	2951	070
2852	23	2952	070
919	1	921	070
3062	10	2924	070
3032	17	7128	070
2769	9	2476	070
1975	6	2008	070
8863	17	5935	070
2020	6	2008	070
2026	6	30	070
584	6	259	070
8863	17	6190	070
588	6	30	070
2130	6	2008	070
428	6	259	070
381	6	405	070
1957	6	173	070
25	15	5024	070
17	1	18	070
1429	6	30	070
675	15	4990	070
17	6	30	070
921	1	30	070
584	1	259	070
720	1	28	070
711	1	28	070
310	15	5088	070
3040	23	3023	070
1961	6	2008	070
4885	17	8813	070
88	6	30	070
2909	9	2720	070
6371	23	3023	070
675	15	5120	070
446	1	259	070
702	1	28	070
2119	6	2008	070
2917	10	2942	070
658	1	173	070
25	15	4990	070
25	6	30	070
578	1	28	070
1110	15	5120	070
8385	23	2981	070
3214	12	2082	070
47	1	30	070
44	5	25	070
728	15	4988	070
1947	6	173	070
1133	15	4990	070
630	6	30	070
2789	9	2705	070
2159	6	30	070
2102	6	2008	070
1850	23	2951	070
205	1	207	070
8842	23	3023	070
759	1	28	070
492	15	5088	070
1592	6	30	070
2832	9	2606	070
2172	6	2008	070
3209	12	30	070
2837	9	2482	070
113	6	30	070
728	1	259	070
47	6	30	070
2069	6	1561	070
1100	6	28	070
3236	23	3023	070
8730	23	2951	070
2127	6	171	070
2587	9	2588	070
2082	15	4988	070
2702	9	2705	070
3086	23	12527	070
5348	15	5088	070
1941	6	2008	070
2836	9	2705	070
3228	12	117	070
769	1	28	070
2119	6	2045	070
191	6	30	070
8863	17	5818	070
3236	23	12520	070
6878	23	12520	070
2909	9	2593	070
2729	23	2966	070
776	15	5088	070
2073	6	2008	070
396	6	30	070
2164	6	116	070
1983	6	728	070
2124	6	116	070
104	1	107	070
3193	12	2155	070
2034	6	116	070
3040	23	12544	070
2142	6	2008	070
6371	23	3023	070
2693	12	28	070
2030	6	2008	070
8863	17	5817	070
303	1	416	070
8943	23	3023	070
2094	6	2096	070
2539	9	2540	070
8730	23	3026	070
3040	23	12544	070
2134	6	29	070
381	1	259	070
7403	17	5818	070
6529	23	3023	070
2903	11	3089	070
205	15	4990	070
2011	6	30	070
2136	6	173	070
205	6	30	070
2008	9	259	070
3068	23	3027	070
1866	12	170	070
8385	23	3023	070
636	1	172	070
4659	14	3793	070
1956	6	2008	070
473	6	2082	070
509	6	30	070
3143	11	3087	070
114	1	116	070
8824	23	2977	070
583	1	584	070
3206	12	2082	070
6414	23	2935	070
2008	15	4988	070
100	6	30	070
7847	23	2966	070
2135	6	2008	070
142	6	30	070
2071	6	30	070
8571	23	12518	070
1912	6	259	070
8863	17	5816	070
44	6	30	070
6529	23	2952	070
2911	9	2482	070
1588	6	30	070
191	1	30	070
2691	23	3023	070
6878	23	2966	070
6726	23	2966	070
2097	6	30	071
206	1	207	071
2156	6	30	071
2539	9	2482	071
2129	6	30	071
2644	9	2593	071
6006	17	5818	071
12503	23	12520	071
2169	6	29	071
2832	14	3922	071
765	6	30	071
492	1	493	071
3231	12	29	071
2587	9	2476	071
776	1	493	071
7406	23	3023	071
2153	6	30	071
2016	6	116	071
3208	12	2082	071
9018	23	3023	071
169	6	173	071
1850	23	2951	071
1941	5	1943	071
2068	6	173	071
702	6	28	071
3227	12	46	071
19	6	2008	071
1894	23	2920	071
728	1	405	071
3219	12	2027	071
1525	6	29	071
494	1	28	071
1502	1	416	071
258	1	259	071
8516	23	2981	071
610	1	416	071
443	1	416	071
3211	12	2082	071
717	1	636	071
2729	23	2935	071
473	1	416	071
2090	6	116	071
845	1	28	071
1394	6	115	071
6878	23	12520	071
6414	23	2935	071
3192	12	2155	071
2105	6	30	071
921	6	30	071
178	6	116	071
1644	1	207	071
2530	14	3431	071
3577	14	3437	071
8301	23	3060	071
1133	6	30	071
2917	9	2593	071
172	1	402	071
8943	23	2951	071
2852	23	2952	071
919	1	921	071
3062	10	2924	071
2769	9	2476	071
1975	6	2008	071
8863	17	5935	071
2020	6	2008	071
2026	6	30	071
584	6	259	071
8863	17	6190	071
588	6	30	071
2130	6	2008	071
428	6	259	071
381	6	405	071
1957	6	173	071
25	15	5024	071
17	1	18	071
1429	6	30	071
675	15	4990	071
17	6	30	071
921	1	30	071
584	1	259	071
720	1	28	071
711	1	28	071
310	15	5088	071
3040	23	3023	071
1961	6	2008	071
4885	17	8813	071
88	6	30	071
2909	9	2720	071
6371	23	3023	071
675	15	5120	071
446	1	259	071
702	1	28	071
2119	6	2008	071
2917	10	2942	071
658	1	173	071
25	15	4990	071
25	6	30	071
578	1	28	071
1110	15	5120	071
8385	23	2981	071
3214	12	2082	071
47	1	30	071
44	5	25	071
728	15	4988	071
1947	6	173	071
1133	15	4990	071
630	6	30	071
2789	9	2705	071
2159	6	30	071
2102	6	2008	071
1850	23	2951	071
205	1	207	071
8842	23	3023	071
759	1	28	071
492	15	5088	071
1592	6	30	071
2832	9	2606	071
2172	6	2008	071
3209	12	30	071
2837	9	2482	071
113	6	30	071
728	1	259	071
47	6	30	071
2069	6	1561	071
1100	6	28	071
3236	23	3023	071
8730	23	2951	071
2127	6	171	071
2587	9	2588	071
2082	15	4988	071
2702	9	2705	071
3086	23	12527	071
5348	15	5088	071
1941	6	2008	071
2836	9	2705	071
3228	12	117	071
769	1	28	071
2119	6	2045	071
191	6	30	071
8863	17	5818	071
3236	23	12520	071
6878	23	12520	071
2909	9	2593	071
2729	23	2966	071
776	15	5088	071
2073	6	2008	071
396	6	30	071
2164	6	116	071
1983	6	728	071
2124	6	116	071
104	1	107	071
3193	12	2155	071
2034	6	116	071
3040	23	12544	071
2142	6	2008	071
6371	23	3023	071
2693	12	28	071
2030	6	2008	071
8863	17	5817	071
303	1	416	071
8943	23	3023	071
2094	6	2096	071
2539	9	2540	071
8730	23	3026	071
3040	23	12544	071
2134	6	29	071
381	1	259	071
7403	17	5818	071
6529	23	3023	071
2903	11	3089	071
205	15	4990	071
2011	6	30	071
2136	6	173	071
205	6	30	071
2008	9	259	071
3068	23	3027	071
1866	12	170	071
8385	23	3023	071
636	1	172	071
4659	14	3793	071
1956	6	2008	071
473	6	2082	071
509	6	30	071
3143	11	3087	071
114	1	116	071
8824	23	2977	071
583	1	584	071
3206	12	2082	071
6414	23	2935	071
2008	15	4988	071
100	6	30	071
7847	23	2966	071
2135	6	2008	071
142	6	30	071
2071	6	30	071
8571	23	12518	071
1912	6	259	071
8863	17	5816	071
44	6	30	071
6529	23	2952	071
2911	9	2482	071
1588	6	30	071
191	1	30	071
2691	23	3023	071
6878	23	2966	071
6726	23	2966	071
2097	6	30	072
206	1	207	072
2156	6	30	072
2539	9	2482	072
2129	6	30	072
2644	9	2593	072
6006	17	5818	072
12503	23	12520	072
2169	6	29	072
765	6	30	072
492	1	493	072
3231	12	29	072
2587	9	2476	072
776	1	493	072
7406	23	3023	072
4749	14	3793	072
2153	6	30	072
2016	6	116	072
3208	12	2082	072
9018	23	3023	072
169	6	173	072
1850	23	2951	072
1941	5	1943	072
2068	6	173	072
702	6	28	072
3227	12	46	072
19	6	2008	072
1894	23	2920	072
728	1	405	072
3219	12	2027	072
1525	6	29	072
4659	14	3512	072
494	1	28	072
3206	14	4739	072
1502	1	416	072
258	1	259	072
8516	23	2981	072
610	1	416	072
443	1	416	072
3211	12	2082	072
717	1	636	072
2729	23	2935	072
473	1	416	072
2090	6	116	072
845	1	28	072
2911	10	2720	072
1394	6	115	072
6878	23	12520	072
6414	23	2935	072
3192	12	2155	072
2105	6	30	072
921	6	30	072
2809	17	6005	072
178	6	116	072
1644	1	207	072
2530	14	3431	072
3577	14	3437	072
8301	23	3060	072
1133	6	30	072
2917	9	2593	072
3206	14	4739	072
172	1	402	072
8943	23	2951	072
2852	23	2952	072
919	1	921	072
3062	10	2924	072
2769	9	2476	072
1975	6	2008	072
8863	17	5935	072
2020	6	2008	072
2026	6	30	072
584	6	259	072
8863	17	6190	072
588	6	30	072
2130	6	2008	072
428	6	259	072
381	6	405	072
1957	6	173	072
25	15	5024	072
17	1	18	072
1429	6	30	072
675	15	4990	072
17	6	30	072
921	1	30	072
584	1	259	072
720	1	28	072
711	1	28	072
310	15	5088	072
3040	23	3023	072
1961	6	2008	072
4885	17	8813	072
88	6	30	072
2909	9	2720	072
6371	23	3023	072
675	15	5120	072
446	1	259	072
702	1	28	072
2119	6	2008	072
2917	10	2942	072
658	1	173	072
25	15	4990	072
25	6	30	072
578	1	28	072
1110	15	5120	072
8385	23	2981	072
3214	12	2082	072
47	1	30	072
44	5	25	072
728	15	4988	072
1947	6	173	072
1133	15	4990	072
630	6	30	072
2789	9	2705	072
2159	6	30	072
2102	6	2008	072
1850	23	2951	072
205	1	207	072
8842	23	3023	072
759	1	28	072
492	15	5088	072
1592	6	30	072
2832	9	2606	072
2172	6	2008	072
3209	12	30	072
2837	9	2482	072
113	6	30	072
728	1	259	072
47	6	30	072
2069	6	1561	072
1100	6	28	072
3236	23	3023	072
8730	23	2951	072
2127	6	171	072
2587	9	2588	072
2082	15	4988	072
2702	9	2705	072
3086	23	12527	072
5348	15	5088	072
1941	6	2008	072
2836	9	2705	072
3228	12	117	072
769	1	28	072
2119	6	2045	072
191	6	30	072
8863	17	5818	072
3236	23	12520	072
6878	23	12520	072
2909	9	2593	072
2729	23	2966	072
776	15	5088	072
2073	6	2008	072
396	6	30	072
2164	6	116	072
1983	6	728	072
2124	6	116	072
104	1	107	072
3193	12	2155	072
2034	6	116	072
3040	23	12544	072
2142	6	2008	072
6371	23	3023	072
2693	12	28	072
2030	6	2008	072
8863	17	5817	072
303	1	416	072
8943	23	3023	072
2094	6	2096	072
2539	9	2540	072
8730	23	3026	072
3040	23	12544	072
2134	6	29	072
381	1	259	072
7403	17	5818	072
6529	23	3023	072
2903	11	3089	072
205	15	4990	072
2011	6	30	072
2136	6	173	072
205	6	30	072
2008	9	259	072
3068	23	3027	072
1866	12	170	072
8385	23	3023	072
636	1	172	072
4659	14	3793	072
1956	6	2008	072
473	6	2082	072
509	6	30	072
3143	11	3087	072
114	1	116	072
8824	23	2977	072
583	1	584	072
3206	12	2082	072
6414	23	2935	072
2008	15	4988	072
100	6	30	072
7847	23	2966	072
2135	6	2008	072
142	6	30	072
2071	6	30	072
8571	23	12518	072
1912	6	259	072
8863	17	5816	072
44	6	30	072
6529	23	2952	072
2911	9	2482	072
1588	6	30	072
191	1	30	072
2691	23	3023	072
6878	23	2966	072
6726	23	2966	072
2097	6	30	073
206	1	207	073
2156	6	30	073
2539	9	2482	073
2129	6	30	073
2644	9	2593	073
6006	17	5818	073
12503	23	12520	073
2169	6	29	073
765	6	30	073
492	1	493	073
3231	12	29	073
2587	9	2476	073
776	1	493	073
7406	23	3023	073
4749	14	3793	073
2153	6	30	073
2116	6	2070	073
2016	6	116	073
2069	6	2070	073
3208	12	2082	073
9018	23	3023	073
169	6	173	073
1850	23	2951	073
1941	5	1943	073
2068	6	173	073
702	6	28	073
3227	12	46	073
19	6	2008	073
1894	23	2920	073
728	1	405	073
3219	12	2027	073
1525	6	29	073
4659	14	3512	073
494	1	28	073
3206	14	4739	073
1502	1	416	073
258	1	259	073
8516	23	2981	073
610	1	416	073
443	1	416	073
3211	12	2082	073
717	1	636	073
2729	23	2935	073
473	1	416	073
2090	6	116	073
845	1	28	073
7436	17	5818	073
2911	10	2720	073
1394	6	115	073
6878	23	12520	073
6414	23	2935	073
3192	12	2155	073
2105	6	30	073
921	6	30	073
178	6	116	073
1644	1	207	073
2530	14	3431	073
3577	14	3437	073
8301	23	3060	073
1133	6	30	073
2917	9	2593	073
172	1	402	073
8943	23	2951	073
2852	23	2952	073
919	1	921	073
3062	10	2924	073
2769	9	2476	073
1975	6	2008	073
8863	17	5935	073
2020	6	2008	073
2026	6	30	073
584	6	259	073
8863	17	6190	073
588	6	30	073
2130	6	2008	073
428	6	259	073
381	6	405	073
1957	6	173	073
25	15	5024	073
3142	14	3509	073
17	1	18	073
1429	6	30	073
675	15	4990	073
17	6	30	073
921	1	30	073
584	1	259	073
720	1	28	073
711	1	28	073
310	15	5088	073
3040	23	3023	073
1961	6	2008	073
4885	17	8813	073
88	6	30	073
2909	9	2720	073
3190	12	2083	073
6371	23	3023	073
675	15	5120	073
446	1	259	073
702	1	28	073
2119	6	2008	073
2917	10	2942	073
658	1	173	073
25	15	4990	073
25	6	30	073
578	1	28	073
1110	15	5120	073
8385	23	2981	073
3214	12	2082	073
47	1	30	073
44	5	25	073
728	15	4988	073
1947	6	173	073
1133	15	4990	073
630	6	30	073
2789	9	2705	073
2159	6	30	073
2102	6	2008	073
1850	23	2951	073
205	1	207	073
8842	23	3023	073
759	1	28	073
492	15	5088	073
1592	6	30	073
2832	9	2606	073
2172	6	2008	073
3209	12	30	073
2837	9	2482	073
113	6	30	073
728	1	259	073
47	6	30	073
2069	6	1561	073
1100	6	28	073
3236	23	3023	073
8730	23	2951	073
2127	6	171	073
2587	9	2588	073
2082	15	4988	073
2702	9	2705	073
3086	23	12527	073
5348	15	5088	073
1941	6	2008	073
2836	9	2705	073
3228	12	117	073
769	1	28	073
2119	6	2045	073
191	6	30	073
4659	14	3793	073
8863	17	5818	073
3236	23	12520	073
6878	23	12520	073
2909	9	2593	073
2729	23	2966	073
776	15	5088	073
2094	6	2083	073
2073	6	2008	073
396	6	30	073
2164	6	116	073
1983	6	728	073
2124	6	116	073
104	1	107	073
3193	12	2155	073
2034	6	116	073
3040	23	12544	073
2142	6	2008	073
6371	23	3023	073
2693	12	28	073
2030	6	2008	073
8863	17	5817	073
303	1	416	073
8943	23	3023	073
2094	6	2096	073
2539	9	2540	073
8730	23	3026	073
3040	23	12544	073
2134	6	29	073
381	1	259	073
7403	17	5818	073
6529	23	3023	073
2903	11	3089	073
205	15	4990	073
2011	6	30	073
7024	17	5818	073
2136	6	173	073
205	6	30	073
2008	9	259	073
3068	23	3027	073
1866	12	170	073
8385	23	3023	073
636	1	172	073
1956	6	2008	073
2102	6	2082	073
473	6	2082	073
509	6	30	073
3143	11	3087	073
114	1	116	073
8824	23	2977	073
583	1	584	073
3206	12	2082	073
6414	23	2935	073
2008	15	4988	073
100	6	30	073
7847	23	2966	073
2135	6	2008	073
142	6	30	073
2071	6	30	073
8571	23	12518	073
1912	6	259	073
8863	17	5816	073
1970	6	2083	073
44	6	30	073
6529	23	2952	073
2911	9	2482	073
1588	6	30	073
191	1	30	073
2691	23	3023	073
6878	23	2966	073
6726	23	2966	073
2097	6	30	074
206	1	207	074
2156	6	30	074
2539	9	2482	074
2129	6	30	074
2644	9	2593	074
6006	17	5818	074
12503	23	12520	074
2169	6	29	074
765	6	30	074
492	1	493	074
3231	12	29	074
2587	9	2476	074
776	1	493	074
7406	23	3023	074
2153	6	30	074
2116	6	2070	074
2016	6	116	074
2069	6	2070	074
3208	12	2082	074
9018	23	3023	074
169	6	173	074
1850	23	2951	074
1941	5	1943	074
2068	6	173	074
702	6	28	074
3227	12	46	074
19	6	2008	074
1894	23	2920	074
728	1	405	074
3219	12	2027	074
1525	6	29	074
494	1	28	074
1502	1	416	074
1970	6	2082	074
258	1	259	074
8516	23	2981	074
610	1	416	074
443	1	416	074
3211	12	2082	074
717	1	636	074
2729	23	2935	074
473	1	416	074
2090	6	116	074
845	1	28	074
2911	10	2720	074
1394	6	115	074
3190	12	2082	074
6878	23	12520	074
6414	23	2935	074
3192	12	2155	074
2105	6	30	074
921	6	30	074
178	6	116	074
1644	1	207	074
2530	14	3431	074
3577	14	3437	074
8301	23	3060	074
1133	6	30	074
2917	9	2593	074
172	1	402	074
8943	23	2951	074
2852	23	2952	074
919	1	921	074
2769	9	2476	074
1975	6	2008	074
8863	17	5935	074
2020	6	2008	074
2026	6	30	074
584	6	259	074
8863	17	6190	074
588	6	30	074
2130	6	2008	074
428	6	259	074
381	6	405	074
1957	6	173	074
25	15	5024	074
3142	14	3509	074
17	1	18	074
1429	6	30	074
675	15	4990	074
17	6	30	074
921	1	30	074
584	1	259	074
720	1	28	074
711	1	28	074
310	15	5088	074
3040	23	3023	074
1961	6	2008	074
4885	17	8813	074
88	6	30	074
2909	9	2720	074
3190	12	2083	074
6371	23	3023	074
675	15	5120	074
446	1	259	074
702	1	28	074
2119	6	2008	074
2917	10	2942	074
658	1	173	074
25	15	4990	074
25	6	30	074
578	1	28	074
1110	15	5120	074
8385	23	2981	074
3214	12	2082	074
47	1	30	074
44	5	25	074
728	15	4988	074
1947	6	173	074
1133	15	4990	074
630	6	30	074
2789	9	2705	074
2159	6	30	074
1850	23	2951	074
205	1	207	074
8842	23	3023	074
759	1	28	074
492	15	5088	074
1592	6	30	074
2832	9	2606	074
2172	6	2008	074
3209	12	30	074
2837	9	2482	074
113	6	30	074
728	1	259	074
47	6	30	074
1100	6	28	074
3236	23	3023	074
8730	23	2951	074
2094	6	2040	074
2127	6	171	074
2587	9	2588	074
2082	15	4988	074
2702	9	2705	074
3086	23	12527	074
5348	15	5088	074
1941	6	2008	074
2836	9	2705	074
3228	12	117	074
769	1	28	074
2119	6	2045	074
191	6	30	074
4659	14	3793	074
8863	17	5818	074
3236	23	12520	074
6878	23	12520	074
2909	9	2593	074
2729	23	2966	074
776	15	5088	074
2094	6	2083	074
2073	6	2008	074
396	6	30	074
2164	6	116	074
1983	6	728	074
2124	6	116	074
104	1	107	074
3193	12	2155	074
2034	6	116	074
3040	23	12544	074
2142	6	2008	074
6371	23	3023	074
2693	12	28	074
2030	6	2008	074
8863	17	5817	074
303	1	416	074
8943	23	3023	074
2539	9	2540	074
8730	23	3026	074
3040	23	12544	074
2134	6	29	074
381	1	259	074
7403	17	5818	074
6529	23	3023	074
2903	11	3089	074
205	15	4990	074
2011	6	30	074
2136	6	173	074
205	6	30	074
2008	9	259	074
3068	23	3027	074
1866	12	170	074
8385	23	3023	074
636	1	172	074
1956	6	2008	074
2102	6	2082	074
473	6	2082	074
509	6	30	074
3143	11	3087	074
114	1	116	074
8824	23	2977	074
583	1	584	074
3206	12	2082	074
6414	23	2935	074
2785	9	2593	074
2008	15	4988	074
100	6	30	074
7847	23	2966	074
2135	6	2008	074
142	6	30	074
2071	6	30	074
8571	23	12518	074
1912	6	259	074
8863	17	5816	074
1970	6	2083	074
44	6	30	074
6529	23	2952	074
2911	9	2482	074
1588	6	30	074
191	1	30	074
2691	23	3023	074
6878	23	2966	074
6726	23	2966	074
2097	6	30	075
206	1	207	075
2156	6	30	075
2539	9	2482	075
2129	6	30	075
2644	9	2593	075
6006	17	5818	075
12503	23	12520	075
2169	6	29	075
765	6	30	075
492	1	493	075
3231	12	29	075
2587	9	2476	075
776	1	493	075
7406	23	3023	075
2153	6	30	075
2116	6	2070	075
2016	6	116	075
2069	6	2070	075
3208	12	2082	075
9018	23	3023	075
169	6	173	075
1850	23	2951	075
1941	5	1943	075
2068	6	173	075
702	6	28	075
3227	12	46	075
19	6	2008	075
1894	23	2920	075
728	1	405	075
3219	12	2027	075
1525	6	29	075
494	1	28	075
1502	1	416	075
1970	6	2082	075
258	1	259	075
8516	23	2981	075
610	1	416	075
443	1	416	075
3211	12	2082	075
717	1	636	075
3211	14	3426	075
2729	23	2935	075
473	1	416	075
2090	6	116	075
845	1	28	075
2911	10	2720	075
1394	6	115	075
3190	12	2082	075
6878	23	12520	075
6414	23	2935	075
3192	12	2155	075
2105	6	30	075
921	6	30	075
178	6	116	075
1644	1	207	075
2530	14	3431	075
2082	15	5057	075
3577	14	3437	075
8301	23	3060	075
1133	6	30	075
2917	9	2593	075
172	1	402	075
8943	23	2951	075
2852	23	2952	075
919	1	921	075
2769	9	2476	075
1975	6	2008	075
8863	17	5935	075
2020	6	2008	075
2026	6	30	075
584	6	259	075
8863	17	6190	075
588	6	30	075
2130	6	2008	075
428	6	259	075
381	6	405	075
1957	6	173	075
25	15	5024	075
3142	14	3509	075
17	1	18	075
1429	6	30	075
675	15	4990	075
17	6	30	075
921	1	30	075
584	1	259	075
720	1	28	075
711	1	28	075
310	15	5088	075
3040	23	3023	075
1961	6	2008	075
4885	17	8813	075
88	6	30	075
2909	9	2720	075
6371	23	3023	075
675	15	5120	075
446	1	259	075
702	1	28	075
2119	6	2008	075
2917	10	2942	075
658	1	173	075
2102	6	2040	075
25	15	4990	075
25	6	30	075
578	1	28	075
1110	15	5120	075
8385	23	2981	075
3214	12	2082	075
47	1	30	075
44	5	25	075
728	15	4988	075
1947	6	173	075
1133	15	4990	075
630	6	30	075
2789	9	2705	075
2159	6	30	075
1850	23	2951	075
205	1	207	075
8842	23	3023	075
759	1	28	075
492	15	5088	075
1592	6	30	075
2832	9	2606	075
2172	6	2008	075
3209	12	30	075
2837	9	2482	075
113	6	30	075
728	1	259	075
47	6	30	075
1100	6	28	075
3236	23	3023	075
8730	23	2951	075
2094	6	2040	075
2127	6	171	075
2587	9	2588	075
2082	15	4988	075
2702	9	2705	075
3086	23	12527	075
5348	15	5088	075
1941	6	2008	075
2836	9	2705	075
3228	12	117	075
769	1	28	075
2119	6	2045	075
191	6	30	075
4659	14	3793	075
8863	17	5818	075
3236	23	12520	075
6878	23	12520	075
2909	9	2593	075
2729	23	2966	075
776	15	5088	075
2073	6	2008	075
396	6	30	075
2164	6	116	075
1983	6	728	075
2124	6	116	075
104	1	107	075
3193	12	2155	075
2034	6	116	075
3040	23	12544	075
2142	6	2008	075
6371	23	3023	075
2693	12	28	075
2030	6	2008	075
8863	17	5817	075
303	1	416	075
8943	23	3023	075
3211	14	3428	075
2539	9	2540	075
8730	23	3026	075
3040	23	12544	075
2134	6	29	075
381	1	259	075
1970	6	2040	075
7403	17	5818	075
6529	23	3023	075
2903	11	3089	075
205	15	4990	075
3211	14	3427	075
2011	6	30	075
473	6	2040	075
2136	6	173	075
205	6	30	075
2008	9	259	075
3068	23	3027	075
1866	12	170	075
8385	23	3023	075
636	1	172	075
1860	23	3002	075
1956	6	2008	075
2102	6	2082	075
473	6	2082	075
509	6	30	075
3143	11	3087	075
114	1	116	075
8824	23	2977	075
583	1	584	075
3206	12	2082	075
6414	23	2935	075
2785	9	2593	075
2008	15	4988	075
100	6	30	075
7847	23	2966	075
2135	6	2008	075
142	6	30	075
2071	6	30	075
8571	23	12518	075
1912	6	259	075
8863	17	5816	075
44	6	30	075
6529	23	2952	075
2911	9	2482	075
1588	6	30	075
191	1	30	075
2691	23	3023	075
6878	23	2966	075
6726	23	2966	075
2097	6	30	076
206	1	207	076
2156	6	30	076
2539	9	2482	076
2129	6	30	076
2644	9	2593	076
6006	17	5818	076
12503	23	12520	076
2169	6	29	076
765	6	30	076
492	1	493	076
3231	12	29	076
2587	9	2476	076
776	1	493	076
7406	23	3023	076
2153	6	30	076
2116	6	2070	076
2016	6	116	076
2069	6	2070	076
9018	23	3023	076
169	6	173	076
1850	23	2951	076
1941	5	1943	076
3190	14	3429	076
2068	6	173	076
702	6	28	076
3227	12	46	076
19	6	2008	076
1894	23	2920	076
728	1	405	076
3219	12	2027	076
3640	14	3641	076
1525	6	29	076
494	1	28	076
1502	1	416	076
258	1	259	076
8516	23	2981	076
610	1	416	076
443	1	416	076
717	1	636	076
3211	14	3426	076
2729	23	2935	076
473	1	416	076
2090	6	116	076
845	1	28	076
2911	10	2720	076
1394	6	115	076
6878	23	12520	076
6414	23	2935	076
3192	12	2155	076
2105	6	30	076
921	6	30	076
178	6	116	076
1644	1	207	076
2530	14	3431	076
2082	15	5057	076
3577	14	3437	076
8301	23	3060	076
1133	6	30	076
2917	9	2593	076
172	1	402	076
8943	23	2951	076
2852	23	2952	076
919	1	921	076
2769	9	2476	076
1975	6	2008	076
2793	10	2924	076
8863	17	5935	076
2020	6	2008	076
2026	6	30	076
584	6	259	076
8863	17	6190	076
588	6	30	076
2130	6	2008	076
428	6	259	076
381	6	405	076
1957	6	173	076
25	15	5024	076
3142	14	3509	076
17	1	18	076
1429	6	30	076
675	15	4990	076
17	6	30	076
921	1	30	076
584	1	259	076
720	1	28	076
711	1	28	076
310	15	5088	076
3040	23	3023	076
1961	6	2008	076
4885	17	8813	076
88	6	30	076
2909	9	2720	076
6371	23	3023	076
675	15	5120	076
446	1	259	076
702	1	28	076
2119	6	2008	076
2917	10	2942	076
658	1	173	076
2102	6	2040	076
25	15	4990	076
25	6	30	076
578	1	28	076
1110	15	5120	076
8385	23	2981	076
47	1	30	076
44	5	25	076
728	15	4988	076
1947	6	173	076
1133	15	4990	076
630	6	30	076
2789	9	2705	076
2159	6	30	076
1850	23	2951	076
205	1	207	076
1860	23	3060	076
8842	23	3023	076
759	1	28	076
492	15	5088	076
3190	14	3427	076
1592	6	30	076
3192	12	2175	076
2832	9	2606	076
2172	6	2008	076
3209	12	30	076
2837	9	2482	076
113	6	30	076
728	1	259	076
47	6	30	076
1100	6	28	076
3236	23	3023	076
8730	23	2951	076
2094	6	2040	076
2127	6	171	076
2587	9	2588	076
2702	9	2705	076
3086	23	12527	076
5348	15	5088	076
1941	6	2008	076
2836	9	2705	076
3228	12	117	076
769	1	28	076
2119	6	2045	076
191	6	30	076
4659	14	3793	076
8863	17	5818	076
3236	23	12520	076
6878	23	12520	076
2909	9	2593	076
2729	23	2966	076
776	15	5088	076
2073	6	2008	076
396	6	30	076
2164	6	116	076
1983	6	728	076
2124	6	116	076
104	1	107	076
3193	12	2155	076
2034	6	116	076
3040	23	12544	076
2142	6	2008	076
6371	23	3023	076
2693	12	28	076
2030	6	2008	076
8863	17	5817	076
303	1	416	076
8943	23	3023	076
3211	14	3428	076
2539	9	2540	076
8730	23	3026	076
3040	23	12544	076
2134	6	29	076
381	1	259	076
1970	6	2040	076
7403	17	5818	076
6529	23	3023	076
2903	11	3089	076
205	15	4990	076
3211	14	3427	076
2011	6	30	076
473	6	2040	076
2136	6	173	076
205	6	30	076
2008	9	259	076
3068	23	3027	076
1866	12	170	076
8385	23	3023	076
636	1	172	076
1860	23	3002	076
1956	6	2008	076
509	6	30	076
3143	11	3087	076
114	1	116	076
8824	23	2977	076
583	1	584	076
6414	23	2935	076
2785	9	2593	076
2008	15	4988	076
100	6	30	076
7847	23	2966	076
2135	6	2008	076
142	6	30	076
2071	6	30	076
8571	23	12518	076
1912	6	259	076
8863	17	5816	076
44	6	30	076
6529	23	2952	076
2911	9	2482	076
1588	6	30	076
191	1	30	076
2691	23	3023	076
6878	23	2966	076
6726	23	2966	076
2097	6	30	077
206	1	207	077
2156	6	30	077
2539	9	2482	077
2129	6	30	077
2644	9	2593	077
6006	17	5818	077
12503	23	12520	077
2169	6	29	077
765	6	30	077
492	1	493	077
3231	12	29	077
2587	9	2476	077
776	1	493	077
7406	23	3023	077
2153	6	30	077
2116	6	2070	077
2016	6	116	077
2069	6	2070	077
9018	23	3023	077
169	6	173	077
1850	23	2951	077
1941	5	1943	077
2068	6	173	077
702	6	28	077
3227	12	46	077
19	6	2008	077
1894	23	2920	077
728	1	405	077
3219	12	2027	077
3640	14	3641	077
1525	6	29	077
494	1	28	077
1502	1	416	077
258	1	259	077
8516	23	2981	077
610	1	416	077
443	1	416	077
717	1	636	077
2729	23	2935	077
473	1	416	077
2090	6	116	077
845	1	28	077
2911	10	2720	077
1394	6	115	077
6878	23	12520	077
6414	23	2935	077
2105	6	30	077
921	6	30	077
178	6	116	077
1644	1	207	077
2530	14	3431	077
2082	15	5057	077
3577	14	3437	077
8301	23	3060	077
1133	6	30	077
2917	9	2593	077
172	1	402	077
8943	23	2951	077
2852	23	2952	077
919	1	921	077
2769	9	2476	077
1975	6	2008	077
2793	10	2924	077
8863	17	5935	077
2020	6	2008	077
2026	6	30	077
584	6	259	077
8863	17	6190	077
588	6	30	077
2130	6	2008	077
428	6	259	077
381	6	405	077
1957	6	173	077
25	15	5024	077
3142	14	3509	077
17	1	18	077
1429	6	30	077
675	15	4990	077
17	6	30	077
921	1	30	077
584	1	259	077
720	1	28	077
711	1	28	077
310	15	5088	077
3040	23	3023	077
1961	6	2008	077
4885	17	8813	077
88	6	30	077
2909	9	2720	077
6371	23	3023	077
675	15	5120	077
446	1	259	077
702	1	28	077
2119	6	2008	077
2917	10	2942	077
658	1	173	077
2102	6	2040	077
25	15	4990	077
25	6	30	077
578	1	28	077
1110	15	5120	077
8385	23	2981	077
47	1	30	077
44	5	25	077
728	15	4988	077
1947	6	173	077
1133	15	4990	077
2837	9	2482	077
630	6	30	077
2789	9	2705	077
2159	6	30	077
1850	23	2951	077
205	1	207	077
1860	23	3060	077
8842	23	3023	077
759	1	28	077
492	15	5088	077
3190	14	3427	077
1592	6	30	077
3192	12	2175	077
2832	9	2606	077
2172	6	2008	077
3209	12	30	077
2837	9	2482	077
113	6	30	077
728	1	259	077
47	6	30	077
1100	6	28	077
3236	23	3023	077
8730	23	2951	077
2094	6	2040	077
2127	6	171	077
2587	9	2588	077
2702	9	2705	077
3086	23	12527	077
5348	15	5088	077
1941	6	2008	077
2836	9	2705	077
3228	12	117	077
769	1	28	077
2119	6	2045	077
191	6	30	077
4659	14	3793	077
8863	17	5818	077
3236	23	12520	077
6878	23	12520	077
2909	9	2593	077
2729	23	2966	077
776	15	5088	077
2073	6	2008	077
396	6	30	077
2164	6	116	077
1983	6	728	077
2124	6	116	077
104	1	107	077
3193	12	2155	077
2034	6	116	077
3040	23	12544	077
2142	6	2008	077
6371	23	3023	077
2693	12	28	077
2030	6	2008	077
8863	17	5817	077
303	1	416	077
8943	23	3023	077
2539	9	2540	077
8730	23	3026	077
3040	23	12544	077
2134	6	29	077
381	1	259	077
1970	6	2040	077
7403	17	5818	077
6529	23	3023	077
2903	11	3089	077
205	15	4990	077
2011	6	30	077
473	6	2040	077
2136	6	173	077
205	6	30	077
2008	9	259	077
3068	23	3027	077
1866	12	170	077
8385	23	3023	077
636	1	172	077
1956	6	2008	077
509	6	30	077
3143	11	3087	077
114	1	116	077
8824	23	2977	077
583	1	584	077
6414	23	2935	077
2785	9	2593	077
2008	15	4988	077
100	6	30	077
7847	23	2966	077
2135	6	2008	077
142	6	30	077
2071	6	30	077
8571	23	12518	077
1912	6	259	077
8863	17	5816	077
44	6	30	077
6529	23	2952	077
2911	9	2482	077
1588	6	30	077
191	1	30	077
2691	23	3023	077
6878	23	2966	077
6726	23	2966	077
2097	6	30	078
206	1	207	078
2156	6	30	078
2539	9	2482	078
2129	6	30	078
2644	9	2593	078
6006	17	5818	078
12503	23	12520	078
2169	6	29	078
765	6	30	078
492	1	493	078
3231	12	29	078
2587	9	2476	078
776	1	493	078
7406	23	3023	078
2153	6	30	078
2116	6	2070	078
2016	6	116	078
2069	6	2070	078
9018	23	3023	078
169	6	173	078
1850	23	2951	078
1941	5	1943	078
2068	6	173	078
702	6	28	078
3227	12	46	078
19	6	2008	078
1894	23	2920	078
728	1	405	078
3219	12	2027	078
1525	6	29	078
494	1	28	078
1502	1	416	078
258	1	259	078
8516	23	2981	078
610	1	416	078
443	1	416	078
717	1	636	078
2729	23	2935	078
473	1	416	078
2090	6	116	078
845	1	28	078
2911	10	2720	078
1394	6	115	078
6878	23	12520	078
6414	23	2935	078
2105	6	30	078
921	6	30	078
178	6	116	078
1644	1	207	078
2530	14	3431	078
2082	15	5057	078
3577	14	3437	078
8301	23	3060	078
1133	6	30	078
2917	9	2593	078
172	1	402	078
8943	23	2951	078
2852	23	2952	078
919	1	921	078
2769	9	2476	078
1975	6	2008	078
2793	10	2924	078
8863	17	5935	078
2020	6	2008	078
2026	6	30	078
584	6	259	078
8863	17	6190	078
588	6	30	078
2130	6	2008	078
428	6	259	078
381	6	405	078
1957	6	173	078
25	15	5024	078
3142	14	3509	078
17	1	18	078
1429	6	30	078
675	15	4990	078
17	6	30	078
921	1	30	078
584	1	259	078
720	1	28	078
711	1	28	078
310	15	5088	078
3040	23	3023	078
1961	6	2008	078
4885	17	8813	078
88	6	30	078
2909	9	2720	078
6371	23	3023	078
675	15	5120	078
446	1	259	078
702	1	28	078
2119	6	2008	078
2917	10	2942	078
658	1	173	078
2102	6	2040	078
25	15	4990	078
25	6	30	078
578	1	28	078
1110	15	5120	078
8385	23	2981	078
47	1	30	078
44	5	25	078
2837	9	2482	078
728	15	4988	078
1947	6	173	078
1133	15	4990	078
2837	9	2482	078
630	6	30	078
2789	9	2705	078
2159	6	30	078
1850	23	2951	078
205	1	207	078
8842	23	3023	078
759	1	28	078
492	15	5088	078
3190	14	3427	078
1592	6	30	078
3192	12	2175	078
2832	9	2606	078
2172	6	2008	078
3209	12	30	078
113	6	30	078
728	1	259	078
47	6	30	078
1100	6	28	078
3236	23	3023	078
8730	23	2951	078
2094	6	2040	078
3206	14	3427	078
2127	6	171	078
2587	9	2588	078
2702	9	2705	078
3086	23	12527	078
5348	15	5088	078
1941	6	2008	078
2836	9	2705	078
3228	12	117	078
769	1	28	078
2119	6	2045	078
191	6	30	078
4659	14	3793	078
8863	17	5818	078
3236	23	12520	078
6878	23	12520	078
2909	9	2593	078
2729	23	2966	078
776	15	5088	078
2073	6	2008	078
396	6	30	078
2164	6	116	078
1983	6	728	078
2124	6	116	078
104	1	107	078
3193	12	2155	078
2034	6	116	078
3040	23	12544	078
2142	6	2008	078
6371	23	3023	078
2693	12	28	078
2030	6	2008	078
8863	17	5817	078
303	1	416	078
8943	23	3023	078
2539	9	2540	078
8730	23	3026	078
3040	23	12544	078
2134	6	29	078
381	1	259	078
1970	6	2040	078
7403	17	5818	078
6529	23	3023	078
2903	11	3089	078
205	15	4990	078
2011	6	30	078
473	6	2040	078
2136	6	173	078
205	6	30	078
2008	9	259	078
3068	23	3027	078
1866	12	170	078
8385	23	3023	078
636	1	172	078
1956	6	2008	078
509	6	30	078
3143	11	3087	078
114	1	116	078
8824	23	2977	078
583	1	584	078
6414	23	2935	078
2785	9	2593	078
2008	15	4988	078
100	6	30	078
7847	23	2966	078
2135	6	2008	078
142	6	30	078
2071	6	30	078
8571	23	12518	078
1912	6	259	078
8863	17	5816	078
44	6	30	078
6529	23	2952	078
2911	9	2482	078
1588	6	30	078
191	1	30	078
2691	23	3023	078
6878	23	2966	078
6726	23	2966	078
2097	6	30	079
206	1	207	079
2156	6	30	079
2539	9	2482	079
2129	6	30	079
2521	9	2482	079
2644	9	2593	079
6006	17	5818	079
12503	23	12520	079
2169	6	29	079
765	6	30	079
492	1	493	079
3025	10	3026	079
3231	12	29	079
2587	9	2476	079
776	1	493	079
7406	23	3023	079
2153	6	30	079
2116	6	2070	079
2016	6	116	079
2069	6	2070	079
9018	23	3023	079
169	6	173	079
1850	23	2951	079
1941	5	1943	079
2068	6	173	079
702	6	28	079
3227	12	46	079
19	6	2008	079
1894	23	2920	079
728	1	405	079
3219	12	2027	079
1525	6	29	079
494	1	28	079
1502	1	416	079
258	1	259	079
8516	23	2981	079
610	1	416	079
443	1	416	079
717	1	636	079
2729	23	2935	079
473	1	416	079
2090	6	116	079
845	1	28	079
2911	10	2720	079
1394	6	115	079
6878	23	12520	079
6414	23	2935	079
2105	6	30	079
921	6	30	079
178	6	116	079
1644	1	207	079
2530	14	3431	079
2082	15	5057	079
3577	14	3437	079
8301	23	3060	079
1133	6	30	079
2917	9	2593	079
172	1	402	079
8943	23	2951	079
2852	23	2952	079
919	1	921	079
2769	9	2476	079
1975	6	2008	079
2793	10	2924	079
8863	17	5935	079
2020	6	2008	079
2026	6	30	079
584	6	259	079
8863	17	6190	079
588	6	30	079
2130	6	2008	079
428	6	259	079
381	6	405	079
1957	6	173	079
25	15	5024	079
3142	14	3509	079
17	1	18	079
1429	6	30	079
1860	4	1833	079
675	15	4990	079
17	6	30	079
921	1	30	079
584	1	259	079
720	1	28	079
711	1	28	079
310	15	5088	079
3040	23	3023	079
1961	6	2008	079
4885	17	8813	079
88	6	30	079
2909	9	2720	079
6371	23	3023	079
675	15	5120	079
446	1	259	079
702	1	28	079
2119	6	2008	079
309	15	5088	079
2917	10	2942	079
658	1	173	079
2102	6	2040	079
25	15	4990	079
25	6	30	079
578	1	28	079
1110	15	5120	079
8385	23	2981	079
47	1	30	079
44	5	25	079
2837	9	2482	079
728	15	4988	079
1947	6	173	079
1133	15	4990	079
630	6	30	079
2789	9	2705	079
2159	6	30	079
1850	23	2951	079
205	1	207	079
8842	23	3023	079
759	1	28	079
492	15	5088	079
1592	6	30	079
3192	12	2175	079
2832	9	2606	079
2172	6	2008	079
3209	12	30	079
113	6	30	079
728	1	259	079
47	6	30	079
1100	6	28	079
3236	23	3023	079
8730	23	2951	079
2094	6	2040	079
3206	14	3427	079
2127	6	171	079
2587	9	2588	079
2702	9	2705	079
3086	23	12527	079
5348	15	5088	079
1941	6	2008	079
2836	9	2705	079
3228	12	117	079
769	1	28	079
2119	6	2045	079
191	6	30	079
4659	14	3793	079
8863	17	5818	079
3236	23	12520	079
6878	23	12520	079
2909	9	2593	079
2729	23	2966	079
776	15	5088	079
2073	6	2008	079
396	6	30	079
2164	6	116	079
1983	6	728	079
2124	6	116	079
104	1	107	079
3193	12	2155	079
2034	6	116	079
3040	23	12544	079
2142	6	2008	079
6371	23	3023	079
2693	12	28	079
2030	6	2008	079
8863	17	5817	079
303	1	416	079
8943	23	3023	079
2539	9	2540	079
8730	23	3026	079
3040	23	12544	079
2134	6	29	079
381	1	259	079
1970	6	2040	079
7403	17	5818	079
6529	23	3023	079
2903	11	3089	079
205	15	4990	079
2011	6	30	079
473	6	2040	079
2136	6	173	079
205	6	30	079
2008	9	259	079
3068	23	3027	079
1866	12	170	079
8385	23	3023	079
636	1	172	079
1956	6	2008	079
3142	14	3793	079
509	6	30	079
3143	11	3087	079
114	1	116	079
8824	23	2977	079
583	1	584	079
6414	23	2935	079
2785	9	2593	079
2008	15	4988	079
100	6	30	079
7847	23	2966	079
2135	6	2008	079
142	6	30	079
2071	6	30	079
8571	23	12518	079
1912	6	259	079
8863	17	5816	079
44	6	30	079
6529	23	2952	079
2911	9	2482	079
4751	14	3950	079
1588	6	30	079
191	1	30	079
2691	23	3023	079
6878	23	2966	079
6726	23	2966	079
2097	6	30	080
206	1	207	080
2156	6	30	080
2539	9	2482	080
2129	6	30	080
2521	9	2482	080
2644	9	2593	080
6006	17	5818	080
12503	23	12520	080
2169	6	29	080
765	6	30	080
492	1	493	080
3025	10	3026	080
3231	12	29	080
2587	9	2476	080
776	1	493	080
7406	23	3023	080
2153	6	30	080
2116	6	2070	080
2016	6	116	080
2069	6	2070	080
9018	23	3023	080
169	6	173	080
1850	23	2951	080
1941	5	1943	080
2068	6	173	080
702	6	28	080
3227	12	46	080
19	6	2008	080
1894	23	2920	080
728	1	405	080
3219	12	2027	080
1525	6	29	080
494	1	28	080
1502	1	416	080
258	1	259	080
8516	23	2981	080
610	1	416	080
443	1	416	080
717	1	636	080
2729	23	2935	080
473	1	416	080
2090	6	116	080
845	1	28	080
2911	10	2720	080
1394	6	115	080
6878	23	12520	080
6414	23	2935	080
2105	6	30	080
921	6	30	080
178	6	116	080
1644	1	207	080
2530	14	3431	080
2082	15	5057	080
3577	14	3437	080
8301	23	3060	080
1133	6	30	080
2917	9	2593	080
172	1	402	080
8943	23	2951	080
2852	23	2952	080
919	1	921	080
2769	9	2476	080
1975	6	2008	080
2793	10	2924	080
8863	17	5935	080
2020	6	2008	080
2026	6	30	080
584	6	259	080
8863	17	6190	080
588	6	30	080
2130	6	2008	080
428	6	259	080
381	6	405	080
1957	6	173	080
25	15	5024	080
17	1	18	080
1429	6	30	080
675	15	4990	080
17	6	30	080
921	1	30	080
7024	17	5817	080
584	1	259	080
720	1	28	080
711	1	28	080
310	15	5088	080
3040	23	3023	080
1961	6	2008	080
4885	17	8813	080
88	6	30	080
2909	9	2720	080
6371	23	3023	080
675	15	5120	080
446	1	259	080
702	1	28	080
2119	6	2008	080
309	15	5088	080
2917	10	2942	080
658	1	173	080
2102	6	2040	080
25	15	4990	080
25	6	30	080
578	1	28	080
1110	15	5120	080
8385	23	2981	080
47	1	30	080
44	5	25	080
675	6	173	080
2837	9	2482	080
728	15	4988	080
1947	6	173	080
6539	17	6066	080
1133	15	4990	080
630	6	30	080
2789	9	2705	080
2159	6	30	080
1850	23	2951	080
205	1	207	080
8842	23	3023	080
759	1	28	080
492	15	5088	080
1592	6	30	080
3192	12	2175	080
2832	9	2606	080
2172	6	2008	080
3209	12	30	080
113	6	30	080
728	1	259	080
47	6	30	080
1100	6	28	080
3236	23	3023	080
8730	23	2951	080
2094	6	2040	080
2127	6	171	080
2587	9	2588	080
3593	14	3463	080
2702	9	2705	080
3086	23	12527	080
5348	15	5088	080
1941	6	2008	080
2836	9	2705	080
3228	12	117	080
769	1	28	080
2119	6	2045	080
191	6	30	080
8863	17	5818	080
3236	23	12520	080
6878	23	12520	080
3211	14	3426	080
3211	14	3427	080
2785	17	6242	080
2909	9	2593	080
2729	23	2966	080
776	15	5088	080
2073	6	2008	080
396	6	30	080
2164	6	116	080
1983	6	728	080
2124	6	116	080
104	1	107	080
3193	12	2155	080
2034	6	116	080
3040	23	12544	080
2142	6	2008	080
6371	23	3023	080
2693	12	28	080
2030	6	2008	080
8863	17	5817	080
303	1	416	080
8943	23	3023	080
2539	9	2540	080
8730	23	3026	080
3040	23	12544	080
2134	6	29	080
381	1	259	080
3142	14	3512	080
1970	6	2040	080
7403	17	5818	080
6529	23	3023	080
2903	11	3089	080
205	15	4990	080
2011	6	30	080
473	6	2040	080
2136	6	173	080
205	6	30	080
2008	9	259	080
3068	23	3027	080
1866	12	170	080
8385	23	3023	080
636	1	172	080
1956	6	2008	080
3142	14	3793	080
509	6	30	080
3143	11	3087	080
114	1	116	080
8824	23	2977	080
583	1	584	080
3211	14	3428	080
6414	23	2935	080
2785	9	2593	080
2008	15	4988	080
100	6	30	080
2069	6	2018	080
7847	23	2966	080
2074	6	173	080
4749	14	3793	080
2135	6	2008	080
142	6	30	080
2071	6	30	080
8571	23	12518	080
1912	6	259	080
8863	17	5816	080
44	6	30	080
6529	23	2952	080
2911	9	2482	080
4751	14	3950	080
1588	6	30	080
191	1	30	080
2691	23	3023	080
6878	23	2966	080
2116	6	2018	080
6726	23	2966	080
2097	6	30	081
206	1	207	081
2156	6	30	081
2046	6	2009	081
2539	9	2482	081
2129	6	30	081
2521	9	2482	081
2644	9	2593	081
6006	17	5818	081
12503	23	12520	081
2169	6	29	081
765	6	30	081
492	1	493	081
3025	10	3026	081
3231	12	29	081
2587	9	2476	081
776	1	493	081
7406	23	3023	081
2153	6	30	081
2016	6	116	081
9018	23	3023	081
1850	23	2951	081
1941	5	1943	081
2142	6	2009	081
2068	6	173	081
702	6	28	081
3227	12	46	081
19	6	2008	081
1894	23	2920	081
8983	17	5818	081
728	1	405	081
3219	12	2027	081
1525	6	29	081
494	1	28	081
1502	1	416	081
8516	23	2981	081
610	1	416	081
443	1	416	081
717	1	636	081
2729	23	2935	081
473	1	416	081
2090	6	116	081
1961	6	2009	081
845	1	28	081
2130	6	2009	081
2911	10	2720	081
1394	6	115	081
6878	23	12520	081
6414	23	2935	081
2105	6	30	081
921	6	30	081
178	6	116	081
1644	1	207	081
2530	14	3431	081
2082	15	5057	081
3577	14	3437	081
8301	23	3060	081
1133	6	30	081
2917	9	2593	081
172	1	402	081
8943	23	2951	081
2852	23	2952	081
919	1	921	081
2769	9	2476	081
1975	6	2008	081
2793	10	2924	081
8863	17	5935	081
2020	6	2008	081
2026	6	30	081
8863	17	6190	081
588	6	30	081
2130	6	2008	081
381	6	405	081
1957	6	173	081
25	15	5024	081
17	1	18	081
1429	6	30	081
47	1	48	081
675	15	4990	081
17	6	30	081
921	1	30	081
8322	17	5817	081
720	1	28	081
711	1	28	081
310	15	5088	081
3040	23	3023	081
1961	6	2008	081
4885	17	8813	081
88	6	30	081
2909	9	2720	081
1975	6	2009	081
6371	23	3023	081
675	15	5120	081
702	1	28	081
309	15	5088	081
2917	10	2942	081
658	1	173	081
2073	6	2009	081
2102	6	2040	081
25	15	4990	081
25	6	30	081
578	1	28	081
1110	15	5120	081
1429	6	30	081
8385	23	2981	081
47	1	30	081
44	5	25	081
675	6	173	081
2837	9	2482	081
728	15	4988	081
1947	6	173	081
1133	15	4990	081
630	6	30	081
2789	9	2705	081
2159	6	30	081
2135	6	2009	081
1850	23	2951	081
205	1	207	081
8842	23	3023	081
675	1	320	081
2172	6	2009	081
759	1	28	081
492	15	5088	081
1592	6	30	081
3192	12	2175	081
2832	9	2606	081
2172	6	2008	081
3209	12	30	081
113	6	30	081
47	6	30	081
1100	6	28	081
3236	23	3023	081
8730	23	2951	081
2030	6	2009	081
2094	6	2040	081
2127	6	171	081
2587	9	2588	081
2702	9	2705	081
1941	6	2009	081
3086	23	12527	081
5348	15	5088	081
1941	6	2008	081
2020	6	2009	081
2836	9	2705	081
3228	12	117	081
769	1	28	081
2119	6	2045	081
191	6	30	081
8863	17	5818	081
3236	23	12520	081
6878	23	12520	081
3211	14	3426	081
3211	14	3427	081
2909	9	2593	081
2729	23	2966	081
776	15	5088	081
2073	6	2008	081
396	6	30	081
2164	6	116	081
1983	6	728	081
2124	6	116	081
104	1	107	081
3193	12	2155	081
2034	6	116	081
3040	23	12544	081
2142	6	2008	081
6371	23	3023	081
2693	12	28	081
2030	6	2008	081
8863	17	5817	081
303	1	416	081
8943	23	3023	081
2539	9	2540	081
8730	23	3026	081
3040	23	12544	081
2134	6	29	081
3142	14	3512	081
1970	6	2040	081
7403	17	5818	081
6529	23	3023	081
2903	11	3089	081
205	15	4990	081
2011	6	30	081
473	6	2040	081
2136	6	173	081
205	6	30	081
3068	23	3027	081
1866	12	170	081
8385	23	3023	081
636	1	172	081
1956	6	2008	081
509	6	30	081
3143	11	3087	081
114	1	116	081
8824	23	2977	081
583	1	584	081
6414	23	2935	081
2785	9	2593	081
2008	15	4988	081
100	6	30	081
2069	6	2018	081
7847	23	2966	081
2074	6	173	081
4749	14	3793	081
19	6	2009	081
2135	6	2008	081
142	6	30	081
2071	6	30	081
8571	23	12518	081
1912	6	259	081
8863	17	5816	081
44	6	30	081
6529	23	2952	081
2911	9	2482	081
1956	6	2009	081
1588	6	30	081
191	1	30	081
2691	23	3023	081
6878	23	2966	081
2116	6	2018	081
6726	23	2966	081
2097	6	30	082
206	1	207	082
2156	6	30	082
2046	6	2009	082
2539	9	2482	082
2129	6	30	082
2521	9	2482	082
2773	14	3463	082
2644	9	2593	082
6006	17	5818	082
12503	23	12520	082
2169	6	29	082
765	6	30	082
492	1	493	082
3025	10	3026	082
3231	12	29	082
2587	9	2476	082
776	1	493	082
7406	23	3023	082
2153	6	30	082
2016	6	116	082
9018	23	3023	082
1850	23	2951	082
1941	5	1943	082
2142	6	2009	082
2068	6	173	082
742	1	748	082
702	6	28	082
3227	12	46	082
1894	23	2920	082
728	1	405	082
3219	12	2027	082
1525	6	29	082
494	1	28	082
1502	1	416	082
8516	23	2981	082
610	1	416	082
443	1	416	082
717	1	636	082
2729	23	2935	082
473	1	416	082
2090	6	116	082
1961	6	2009	082
845	1	28	082
2130	6	2009	082
2911	10	2720	082
1394	6	115	082
6878	23	12520	082
6414	23	2935	082
2105	6	30	082
921	6	30	082
178	6	116	082
1644	1	207	082
2530	14	3431	082
2082	15	5057	082
3577	14	3437	082
8301	23	3060	082
1133	6	30	082
2917	9	2593	082
172	1	402	082
8943	23	2951	082
2852	23	2952	082
919	1	921	082
2769	9	2476	082
2793	10	2924	082
8863	17	5935	082
2026	6	30	082
8863	17	6190	082
588	6	30	082
381	6	405	082
1957	6	173	082
25	15	5024	082
17	1	18	082
47	1	48	082
675	15	4990	082
17	6	30	082
921	1	30	082
720	1	28	082
711	1	28	082
310	15	5088	082
3040	23	3023	082
4885	17	8813	082
88	6	30	082
2909	9	2720	082
1975	6	2009	082
6371	23	3023	082
675	15	5120	082
702	1	28	082
309	15	5088	082
2917	10	2942	082
658	1	173	082
2073	6	2009	082
2102	6	2040	082
25	15	4990	082
25	6	30	082
578	1	28	082
1110	15	5120	082
1429	6	30	082
8385	23	2981	082
3142	11	3131	082
44	5	25	082
675	6	173	082
2837	9	2482	082
728	15	4988	082
1947	6	173	082
1133	15	4990	082
630	6	30	082
2789	9	2705	082
2159	6	30	082
2135	6	2009	082
1850	23	2951	082
205	1	207	082
8842	23	3023	082
675	1	320	082
2172	6	2009	082
759	1	28	082
492	15	5088	082
1592	6	30	082
3192	12	2175	082
2832	9	2606	082
3209	12	30	082
113	6	30	082
47	6	30	082
1100	6	28	082
3236	23	3023	082
8730	23	2951	082
2030	6	2009	082
2094	6	2040	082
2127	6	171	082
2587	9	2588	082
2702	9	2705	082
1941	6	2009	082
3086	23	12527	082
5348	15	5088	082
2020	6	2009	082
2836	9	2705	082
3228	12	117	082
769	1	28	082
2119	6	2045	082
191	6	30	082
8863	17	5818	082
3236	23	12520	082
6878	23	12520	082
2909	9	2593	082
2729	23	2966	082
776	15	5088	082
396	6	30	082
2164	6	116	082
1983	6	728	082
2124	6	116	082
104	1	107	082
3193	12	2155	082
2034	6	116	082
3040	23	12544	082
6371	23	3023	082
2693	12	28	082
8863	17	5817	082
303	1	416	082
8943	23	3023	082
2539	9	2540	082
8730	23	3026	082
3040	23	12544	082
2134	6	29	082
3142	14	3512	082
1970	6	2040	082
7403	17	5818	082
6529	23	3023	082
2903	11	3089	082
205	15	4990	082
2011	6	30	082
473	6	2040	082
2136	6	173	082
205	6	30	082
3068	23	3027	082
1866	12	170	082
8385	23	3023	082
636	1	172	082
2832	17	5817	082
509	6	30	082
3143	11	3087	082
114	1	116	082
8824	23	2977	082
583	1	584	082
6414	23	2935	082
2785	9	2593	082
100	6	30	082
2069	6	2018	082
7847	23	2966	082
2074	6	173	082
4749	14	3793	082
19	6	2009	082
142	6	30	082
2071	6	30	082
8571	23	12518	082
1912	6	259	082
8863	17	5816	082
44	6	30	082
6529	23	2952	082
2911	9	2482	082
1956	6	2009	082
1588	6	30	082
191	1	30	082
2691	23	3023	082
6878	23	2966	082
2116	6	2018	082
6726	23	2966	082
2097	6	30	083
206	1	207	083
2156	6	30	083
2046	6	2009	083
2539	9	2482	083
2129	6	30	083
2521	9	2482	083
2773	14	3463	083
2644	9	2593	083
6006	17	5818	083
12503	23	12520	083
2169	6	29	083
765	6	30	083
492	1	493	083
3025	10	3026	083
3231	12	29	083
2587	9	2476	083
776	1	493	083
7406	23	3023	083
2153	6	30	083
2016	6	116	083
9018	23	3023	083
1850	23	2951	083
1941	5	1943	083
2142	6	2009	083
2068	6	173	083
1860	4	1829	083
742	1	748	083
702	6	28	083
4751	14	4506	083
3227	12	46	083
1894	23	2920	083
728	1	405	083
3219	12	2027	083
1525	6	29	083
494	1	28	083
1502	1	416	083
8516	23	2981	083
610	1	416	083
443	1	416	083
717	1	636	083
2729	23	2935	083
473	1	416	083
2090	6	116	083
1961	6	2009	083
845	1	28	083
2130	6	2009	083
2911	10	2720	083
1394	6	115	083
6878	23	12520	083
6414	23	2935	083
2105	6	30	083
921	6	30	083
178	6	116	083
1644	1	207	083
2530	14	3431	083
2082	15	5057	083
3577	14	3437	083
8301	23	3060	083
1133	6	30	083
2917	9	2593	083
172	1	402	083
8943	23	2951	083
2852	23	2952	083
919	1	921	083
2769	9	2476	083
2793	10	2924	083
8863	17	5935	083
2026	6	30	083
8863	17	6190	083
588	6	30	083
381	6	405	083
1957	6	173	083
25	15	5024	083
17	1	18	083
47	1	48	083
675	15	4990	083
17	6	30	083
921	1	30	083
720	1	28	083
711	1	28	083
310	15	5088	083
3040	23	3023	083
4885	17	8813	083
88	6	30	083
2909	9	2720	083
1975	6	2009	083
6371	23	3023	083
675	15	5120	083
702	1	28	083
309	15	5088	083
2917	10	2942	083
658	1	173	083
2073	6	2009	083
2102	6	2040	083
25	15	4990	083
25	6	30	083
578	1	28	083
1110	15	5120	083
1429	6	30	083
8385	23	2981	083
3142	11	3131	083
44	5	25	083
675	6	173	083
2837	9	2482	083
728	15	4988	083
1947	6	173	083
1133	15	4990	083
630	6	30	083
2789	9	2705	083
2159	6	30	083
2135	6	2009	083
1850	23	2951	083
205	1	207	083
8842	23	3023	083
675	1	320	083
2172	6	2009	083
759	1	28	083
492	15	5088	083
1592	6	30	083
3192	12	2175	083
2832	9	2606	083
3209	12	30	083
113	6	30	083
47	6	30	083
1100	6	28	083
3236	23	3023	083
8730	23	2951	083
2030	6	2009	083
2094	6	2040	083
2127	6	171	083
3206	14	3426	083
2587	9	2588	083
2702	9	2705	083
1941	6	2009	083
3086	23	12527	083
5348	15	5088	083
2020	6	2009	083
2836	9	2705	083
3228	12	117	083
769	1	28	083
2119	6	2045	083
191	6	30	083
8863	17	5818	083
3236	23	12520	083
6878	23	12520	083
2909	9	2593	083
2729	23	2966	083
776	15	5088	083
5158	15	5088	083
396	6	30	083
3206	14	3427	083
2164	6	116	083
1983	6	728	083
2124	6	116	083
104	1	107	083
3193	12	2155	083
2034	6	116	083
3040	23	12544	083
6371	23	3023	083
2693	12	28	083
8863	17	5817	083
303	1	416	083
8943	23	3023	083
2539	9	2540	083
8730	23	3026	083
3040	23	12544	083
2134	6	29	083
1970	6	2040	083
7403	17	5818	083
6529	23	3023	083
2903	11	3089	083
205	15	4990	083
2011	6	30	083
473	6	2040	083
2136	6	173	083
205	6	30	083
3068	23	3027	083
1866	12	170	083
8385	23	3023	083
636	1	172	083
509	6	30	083
3143	11	3087	083
114	1	116	083
8824	23	2977	083
583	1	584	083
6414	23	2935	083
2785	9	2593	083
100	6	30	083
2069	6	2018	083
7847	23	2966	083
2074	6	173	083
19	6	2009	083
142	6	30	083
2071	6	30	083
8571	23	12518	083
1912	6	259	083
8863	17	5816	083
44	6	30	083
6529	23	2952	083
2911	9	2482	083
1956	6	2009	083
1588	6	30	083
191	1	30	083
2691	23	3023	083
6878	23	2966	083
2116	6	2018	083
6726	23	2966	083
2097	6	30	084
206	1	207	084
2156	6	30	084
2046	6	2009	084
2539	9	2482	084
2129	6	30	084
2521	9	2482	084
2773	14	3463	084
2644	9	2593	084
6006	17	5818	084
12503	23	12520	084
2169	6	29	084
765	6	30	084
492	1	493	084
3025	10	3026	084
3231	12	29	084
2587	9	2476	084
776	1	493	084
7406	23	3023	084
2153	6	30	084
2016	6	116	084
9018	23	3023	084
1850	23	2951	084
1941	5	1943	084
2142	6	2009	084
2068	6	173	084
742	1	748	084
702	6	28	084
4751	14	4506	084
3227	12	46	084
1894	23	2920	084
728	1	405	084
3219	12	2027	084
1525	6	29	084
494	1	28	084
1502	1	416	084
8516	23	2981	084
610	1	416	084
443	1	416	084
717	1	636	084
2729	23	2935	084
473	1	416	084
2090	6	116	084
1961	6	2009	084
845	1	28	084
2130	6	2009	084
2911	10	2720	084
1394	6	115	084
6878	23	12520	084
6414	23	2935	084
2105	6	30	084
921	6	30	084
178	6	116	084
1644	1	207	084
2530	14	3431	084
2082	15	5057	084
3577	14	3437	084
8301	23	3060	084
1133	6	30	084
2917	9	2593	084
172	1	402	084
8943	23	2951	084
2852	23	2952	084
919	1	921	084
2769	9	2476	084
2793	10	2924	084
8863	17	5935	084
2026	6	30	084
8863	17	6190	084
588	6	30	084
381	6	405	084
1957	6	173	084
25	15	5024	084
17	1	18	084
47	1	48	084
675	15	4990	084
17	6	30	084
921	1	30	084
720	1	28	084
711	1	28	084
310	15	5088	084
3040	23	3023	084
4885	17	8813	084
88	6	30	084
2909	9	2720	084
1975	6	2009	084
6371	23	3023	084
675	15	5120	084
702	1	28	084
309	15	5088	084
2917	10	2942	084
658	1	173	084
2073	6	2009	084
2102	6	2040	084
25	15	4990	084
25	6	30	084
578	1	28	084
1110	15	5120	084
1429	6	30	084
8385	23	2981	084
3142	11	3131	084
44	5	25	084
675	6	173	084
2837	9	2482	084
728	15	4988	084
1947	6	173	084
1133	15	4990	084
630	6	30	084
2789	9	2705	084
2159	6	30	084
2135	6	2009	084
1850	23	2951	084
205	1	207	084
8842	23	3023	084
675	1	320	084
2172	6	2009	084
759	1	28	084
492	15	5088	084
1592	6	30	084
3192	12	2175	084
2832	9	2606	084
3209	12	30	084
113	6	30	084
47	6	30	084
1100	6	28	084
3236	23	3023	084
8730	23	2951	084
2030	6	2009	084
2094	6	2040	084
2127	6	171	084
3206	14	3426	084
2587	9	2588	084
2702	9	2705	084
1941	6	2009	084
3086	23	12527	084
5348	15	5088	084
2020	6	2009	084
2836	9	2705	084
3228	12	117	084
769	1	28	084
2119	6	2045	084
191	6	30	084
8863	17	5818	084
3236	23	12520	084
6878	23	12520	084
2909	9	2593	084
2729	23	2966	084
776	15	5088	084
5158	15	5088	084
396	6	30	084
3206	14	3427	084
2164	6	116	084
1983	6	728	084
2124	6	116	084
104	1	107	084
3193	12	2155	084
2034	6	116	084
3040	23	12544	084
6371	23	3023	084
2693	12	28	084
8863	17	5817	084
303	1	416	084
8943	23	3023	084
2539	9	2540	084
8730	23	3026	084
3040	23	12544	084
2134	6	29	084
1970	6	2040	084
7403	17	5818	084
6529	23	3023	084
2903	11	3089	084
205	15	4990	084
2011	6	30	084
473	6	2040	084
2136	6	173	084
205	6	30	084
3068	23	3027	084
1866	12	170	084
8385	23	3023	084
636	1	172	084
509	6	30	084
3143	11	3087	084
114	1	116	084
8824	23	2977	084
583	1	584	084
6414	23	2935	084
2785	9	2593	084
100	6	30	084
2069	6	2018	084
7847	23	2966	084
2074	6	173	084
19	6	2009	084
142	6	30	084
2071	6	30	084
8571	23	12518	084
1912	6	259	084
8863	17	5816	084
44	6	30	084
6529	23	2952	084
2911	9	2482	084
1956	6	2009	084
1588	6	30	084
191	1	30	084
2691	23	3023	084
6878	23	2966	084
2116	6	2018	084
6726	23	2966	084
2097	6	30	085
206	1	207	085
2156	6	30	085
2046	6	2009	085
2539	9	2482	085
2129	6	30	085
2521	9	2482	085
2773	14	3463	085
2644	9	2593	085
6006	17	5818	085
12503	23	12520	085
2169	6	29	085
765	6	30	085
492	1	493	085
3025	10	3026	085
3231	12	29	085
2587	9	2476	085
776	1	493	085
7406	23	3023	085
2153	6	30	085
2016	6	116	085
9018	23	3023	085
1850	23	2951	085
1941	5	1943	085
2142	6	2009	085
2068	6	173	085
1945	6	405	085
742	1	748	085
702	6	28	085
7024	17	5816	085
3227	12	46	085
1894	23	2920	085
728	1	405	085
3219	12	2027	085
1525	6	29	085
494	1	28	085
1502	1	416	085
8516	23	2981	085
610	1	416	085
443	1	416	085
717	1	636	085
2729	23	2935	085
473	1	416	085
2090	6	116	085
1961	6	2009	085
845	1	28	085
2130	6	2009	085
2911	10	2720	085
1394	6	115	085
6878	23	12520	085
6414	23	2935	085
2105	6	30	085
921	6	30	085
178	6	116	085
1644	1	207	085
2530	14	3431	085
2082	15	5057	085
3577	14	3437	085
8301	23	3060	085
2021	6	405	085
1133	6	30	085
2917	9	2593	085
172	1	402	085
8943	23	2951	085
2852	23	2952	085
919	1	921	085
1912	6	405	085
2769	9	2476	085
2793	10	2924	085
8863	17	5935	085
675	6	405	085
2026	6	30	085
8863	17	6190	085
588	6	30	085
381	6	405	085
1957	6	173	085
25	15	5024	085
17	1	18	085
47	1	48	085
675	15	4990	085
17	6	30	085
921	1	30	085
720	1	28	085
711	1	28	085
310	15	5088	085
3040	23	3023	085
4885	17	8813	085
88	6	30	085
2909	9	2720	085
1975	6	2009	085
6371	23	3023	085
675	15	5120	085
446	1	405	085
702	1	28	085
309	15	5088	085
2917	10	2942	085
658	1	173	085
2073	6	2009	085
2102	6	2040	085
25	15	4990	085
25	6	30	085
578	1	28	085
1110	15	5120	085
1429	6	30	085
8385	23	2981	085
1983	6	405	085
1957	6	405	085
3142	11	3131	085
44	5	25	085
675	6	173	085
2837	9	2482	085
728	15	4988	085
1947	6	173	085
1133	15	4990	085
630	6	30	085
2789	9	2705	085
2159	6	30	085
2135	6	2009	085
2121	6	405	085
1850	23	2951	085
205	1	207	085
2091	6	405	085
8842	23	3023	085
675	1	320	085
2172	6	2009	085
759	1	28	085
492	15	5088	085
1592	6	30	085
3192	12	2175	085
2832	9	2606	085
3209	12	30	085
113	6	30	085
47	6	30	085
1100	6	28	085
3236	23	3023	085
8730	23	2951	085
2030	6	2009	085
2094	6	2040	085
2127	6	171	085
3206	14	3426	085
2587	9	2588	085
2702	9	2705	085
1941	6	2009	085
3086	23	12527	085
5348	15	5088	085
2020	6	2009	085
2836	9	2705	085
3228	12	117	085
769	1	28	085
2119	6	2045	085
191	6	30	085
786	15	5088	085
8863	17	5818	085
3236	23	12520	085
6878	23	12520	085
2909	9	2593	085
2729	23	2966	085
776	15	5088	085
2068	6	405	085
5158	15	5088	085
396	6	30	085
3206	14	3427	085
2164	6	116	085
1983	6	728	085
2124	6	116	085
104	1	107	085
3193	12	2155	085
2034	6	116	085
3040	23	12544	085
399	1	405	085
6371	23	3023	085
2693	12	28	085
428	6	405	085
8863	17	5817	085
303	1	416	085
8943	23	3023	085
2539	9	2540	085
8730	23	3026	085
3040	23	12544	085
2134	6	29	085
2074	6	405	085
584	6	405	085
169	6	405	085
1970	6	2040	085
7403	17	5818	085
6529	23	3023	085
2903	11	3089	085
205	15	4990	085
2011	6	30	085
444	1	405	085
473	6	2040	085
2136	6	173	085
205	6	30	085
3068	23	3027	085
1866	12	170	085
8385	23	3023	085
636	1	172	085
509	6	30	085
3143	11	3087	085
1947	6	405	085
114	1	116	085
8824	23	2977	085
2177	6	405	085
583	1	584	085
6414	23	2935	085
2785	9	2593	085
100	6	30	085
2069	6	2018	085
7847	23	2966	085
2074	6	173	085
19	6	2009	085
381	1	405	085
142	6	30	085
607	15	4990	085
2071	6	30	085
8571	23	12518	085
1912	6	259	085
8863	17	5816	085
44	6	30	085
6529	23	2952	085
2911	9	2482	085
1956	6	2009	085
1588	6	30	085
191	1	30	085
2691	23	3023	085
6878	23	2966	085
2116	6	2018	085
6726	23	2966	085
2097	6	30	086
206	1	207	086
2156	6	30	086
2046	6	2009	086
2539	9	2482	086
2129	6	30	086
2521	9	2482	086
2773	14	3463	086
2644	9	2593	086
6006	17	5818	086
12503	23	12520	086
2169	6	29	086
765	6	30	086
492	1	493	086
3025	10	3026	086
3231	12	29	086
2587	9	2476	086
776	1	493	086
7406	23	3023	086
2153	6	30	086
2016	6	116	086
9018	23	3023	086
1850	23	2951	086
1941	5	1943	086
2142	6	2009	086
1945	6	405	086
742	1	748	086
702	6	28	086
3227	12	46	086
1894	23	2920	086
728	1	405	086
3219	12	2027	086
1525	6	29	086
494	1	28	086
1502	1	416	086
8516	23	2981	086
610	1	416	086
443	1	416	086
717	1	636	086
2729	23	2935	086
473	1	416	086
2090	6	116	086
1961	6	2009	086
845	1	28	086
2130	6	2009	086
2911	10	2720	086
1394	6	115	086
6878	23	12520	086
6414	23	2935	086
2105	6	30	086
921	6	30	086
178	6	116	086
1644	1	207	086
2530	14	3431	086
2082	15	5057	086
3577	14	3437	086
8301	23	3060	086
2021	6	405	086
1133	6	30	086
2917	9	2593	086
172	1	402	086
8943	23	2951	086
2852	23	2952	086
919	1	921	086
1912	6	405	086
2769	9	2476	086
2793	10	2924	086
8863	17	5935	086
675	6	405	086
2026	6	30	086
8863	17	6190	086
588	6	30	086
381	6	405	086
25	15	5024	086
4751	14	3937	086
17	1	18	086
47	1	48	086
675	15	4990	086
17	6	30	086
921	1	30	086
720	1	28	086
711	1	28	086
310	15	5088	086
3040	23	3023	086
4885	17	8813	086
88	6	30	086
2909	9	2720	086
8209	17	6372	086
1975	6	2009	086
6371	23	3023	086
675	15	5120	086
446	1	405	086
702	1	28	086
309	15	5088	086
2917	10	2942	086
658	1	173	086
2073	6	2009	086
2102	6	2040	086
25	15	4990	086
25	6	30	086
578	1	28	086
1110	15	5120	086
1429	6	30	086
8385	23	2981	086
1983	6	405	086
1957	6	405	086
3142	11	3131	086
44	5	25	086
2837	9	2482	086
728	15	4988	086
1133	15	4990	086
630	6	30	086
2789	9	2705	086
2159	6	30	086
2135	6	2009	086
2121	6	405	086
1850	23	2951	086
205	1	207	086
2091	6	405	086
8842	23	3023	086
675	1	320	086
2172	6	2009	086
759	1	28	086
492	15	5088	086
1592	6	30	086
3192	12	2175	086
2832	9	2606	086
3209	12	30	086
113	6	30	086
47	6	30	086
1100	6	28	086
3236	23	3023	086
8730	23	2951	086
2030	6	2009	086
2094	6	2040	086
2127	6	171	086
3206	14	3426	086
2587	9	2588	086
2702	9	2705	086
1941	6	2009	086
3086	23	12527	086
5348	15	5088	086
2020	6	2009	086
2836	9	2705	086
3228	12	117	086
769	1	28	086
2119	6	2045	086
191	6	30	086
786	15	5088	086
8863	17	5818	086
3236	23	12520	086
6878	23	12520	086
2909	9	2593	086
2729	23	2966	086
776	15	5088	086
2068	6	405	086
5158	15	5088	086
396	6	30	086
3206	14	3427	086
2837	9	2482	086
2164	6	116	086
2124	6	116	086
104	1	107	086
3193	12	2155	086
2034	6	116	086
3040	23	12544	086
399	1	405	086
6371	23	3023	086
2693	12	28	086
428	6	405	086
8863	17	5817	086
303	1	416	086
8943	23	3023	086
2539	9	2540	086
8730	23	3026	086
3040	23	12544	086
2134	6	29	086
2074	6	405	086
584	6	405	086
169	6	405	086
1970	6	2040	086
7403	17	5818	086
6529	23	3023	086
2903	11	3089	086
205	15	4990	086
2011	6	30	086
444	1	405	086
473	6	2040	086
205	6	30	086
3068	23	3027	086
1866	12	170	086
8385	23	3023	086
636	1	172	086
2773	14	3636	086
509	6	30	086
3143	11	3087	086
1947	6	405	086
114	1	116	086
8824	23	2977	086
2177	6	405	086
583	1	584	086
6414	23	2935	086
2785	9	2593	086
100	6	30	086
2069	6	2018	086
7847	23	2966	086
19	6	2009	086
381	1	405	086
142	6	30	086
607	15	4990	086
2071	6	30	086
8571	23	12518	086
8863	17	5816	086
44	6	30	086
6529	23	2952	086
2911	9	2482	086
1956	6	2009	086
1588	6	30	086
191	1	30	086
2691	23	3023	086
6878	23	2966	086
2116	6	2018	086
6726	23	2966	086
2097	6	30	087
206	1	207	087
2156	6	30	087
2046	6	2009	087
2539	9	2482	087
2129	6	30	087
2521	9	2482	087
2644	9	2593	087
6006	17	5818	087
12503	23	12520	087
2169	6	29	087
765	6	30	087
492	1	493	087
3025	10	3026	087
3231	12	29	087
2587	9	2476	087
776	1	493	087
7406	23	3023	087
2153	6	30	087
2016	6	116	087
9018	23	3023	087
1850	23	2951	087
1941	5	1943	087
2142	6	2009	087
1945	6	405	087
742	1	748	087
702	6	28	087
3227	12	46	087
1894	23	2920	087
728	1	405	087
3219	12	2027	087
1525	6	29	087
494	1	28	087
1502	1	416	087
8516	23	2981	087
610	1	416	087
443	1	416	087
717	1	636	087
2729	23	2935	087
473	1	416	087
2090	6	116	087
1961	6	2009	087
845	1	28	087
2130	6	2009	087
2911	10	2720	087
1394	6	115	087
6878	23	12520	087
6414	23	2935	087
2105	6	30	087
921	6	30	087
178	6	116	087
1644	1	207	087
2530	14	3431	087
2082	15	5057	087
3577	14	3437	087
8301	23	3060	087
2021	6	405	087
1133	6	30	087
2917	9	2593	087
172	1	402	087
8943	23	2951	087
2852	23	2952	087
919	1	921	087
1912	6	405	087
2769	9	2476	087
2793	10	2924	087
8863	17	5935	087
675	6	405	087
2026	6	30	087
8863	17	6190	087
588	6	30	087
381	6	405	087
25	15	5024	087
4751	14	3937	087
17	1	18	087
47	1	48	087
675	15	4990	087
17	6	30	087
921	1	30	087
2809	17	5818	087
720	1	28	087
711	1	28	087
310	15	5088	087
3040	23	3023	087
4885	17	8813	087
88	6	30	087
2909	9	2720	087
1975	6	2009	087
6371	23	3023	087
675	15	5120	087
446	1	405	087
702	1	28	087
309	15	5088	087
2917	10	2942	087
658	1	173	087
2073	6	2009	087
2102	6	2040	087
25	15	4990	087
25	6	30	087
578	1	28	087
1110	15	5120	087
1429	6	30	087
8385	23	2981	087
1983	6	405	087
1957	6	405	087
3142	11	3131	087
44	5	25	087
728	15	4988	087
1133	15	4990	087
630	6	30	087
2789	9	2705	087
2159	6	30	087
2135	6	2009	087
2121	6	405	087
1850	23	2951	087
205	1	207	087
2091	6	405	087
8842	23	3023	087
675	1	320	087
2172	6	2009	087
759	1	28	087
492	15	5088	087
1592	6	30	087
3192	12	2175	087
2832	9	2606	087
3209	12	30	087
113	6	30	087
47	6	30	087
1100	6	28	087
3236	23	3023	087
8730	23	2951	087
2030	6	2009	087
2094	6	2040	087
2127	6	171	087
3206	14	3426	087
2587	9	2588	087
2702	9	2705	087
1941	6	2009	087
3086	23	12527	087
5348	15	5088	087
2020	6	2009	087
2836	9	2705	087
3228	12	117	087
769	1	28	087
2119	6	2045	087
191	6	30	087
786	15	5088	087
8863	17	5818	087
3236	23	12520	087
6878	23	12520	087
2909	9	2593	087
2729	23	2966	087
776	15	5088	087
2068	6	405	087
5158	15	5088	087
396	6	30	087
3206	14	3427	087
2837	9	2482	087
2164	6	116	087
2124	6	116	087
104	1	107	087
3193	12	2155	087
2034	6	116	087
3040	23	12544	087
399	1	405	087
6371	23	3023	087
2693	12	28	087
428	6	405	087
8863	17	5817	087
303	1	416	087
8943	23	3023	087
2539	9	2540	087
8730	23	3026	087
3040	23	12544	087
2134	6	29	087
2074	6	405	087
584	6	405	087
169	6	405	087
1970	6	2040	087
7403	17	5818	087
6529	23	3023	087
2903	11	3089	087
205	15	4990	087
2011	6	30	087
444	1	405	087
473	6	2040	087
205	6	30	087
3068	23	3027	087
1866	12	170	087
8385	23	3023	087
636	1	172	087
2773	14	3636	087
509	6	30	087
3143	11	3087	087
1947	6	405	087
114	1	116	087
8824	23	2977	087
2177	6	405	087
583	1	584	087
6414	23	2935	087
2785	9	2593	087
100	6	30	087
2069	6	2018	087
7847	23	2966	087
19	6	2009	087
381	1	405	087
142	6	30	087
607	15	4990	087
2071	6	30	087
8571	23	12518	087
8863	17	5816	087
44	6	30	087
6529	23	2952	087
2911	9	2482	087
1956	6	2009	087
1588	6	30	087
191	1	30	087
2691	23	3023	087
6878	23	2966	087
2116	6	2018	087
6726	23	2966	087
2097	6	30	088
206	1	207	088
2156	6	30	088
2046	6	2009	088
2539	9	2482	088
2129	6	30	088
2521	9	2482	088
2644	9	2593	088
6006	17	5818	088
12503	23	12520	088
2169	6	29	088
765	6	30	088
492	1	493	088
3025	10	3026	088
3231	12	29	088
2587	9	2476	088
776	1	493	088
7406	23	3023	088
2153	6	30	088
2016	6	116	088
9018	23	3023	088
1850	23	2951	088
1941	5	1943	088
2142	6	2009	088
1945	6	405	088
742	1	748	088
702	6	28	088
3227	12	46	088
1894	23	2920	088
728	1	405	088
3219	12	2027	088
1525	6	29	088
494	1	28	088
1502	1	416	088
8516	23	2981	088
610	1	416	088
443	1	416	088
717	1	636	088
2729	23	2935	088
473	1	416	088
2090	6	116	088
1961	6	2009	088
845	1	28	088
2130	6	2009	088
2911	10	2720	088
1394	6	115	088
6878	23	12520	088
6414	23	2935	088
2105	6	30	088
921	6	30	088
178	6	116	088
1644	1	207	088
2530	14	3431	088
2082	15	5057	088
3577	14	3437	088
8301	23	3060	088
2021	6	405	088
1133	6	30	088
2917	9	2593	088
172	1	402	088
8943	23	2951	088
2852	23	2952	088
919	1	921	088
1912	6	405	088
2769	9	2476	088
2793	10	2924	088
8863	17	5935	088
675	6	405	088
2026	6	30	088
8863	17	6190	088
588	6	30	088
381	6	405	088
25	15	5024	088
4751	14	3937	088
17	1	18	088
47	1	48	088
675	15	4990	088
17	6	30	088
921	1	30	088
2809	17	5818	088
720	1	28	088
711	1	28	088
310	15	5088	088
3040	23	3023	088
4885	17	8813	088
88	6	30	088
2909	9	2720	088
1975	6	2009	088
6371	23	3023	088
675	15	5120	088
446	1	405	088
702	1	28	088
309	15	5088	088
2917	10	2942	088
658	1	173	088
2073	6	2009	088
2102	6	2040	088
25	15	4990	088
25	6	30	088
578	1	28	088
1110	15	5120	088
1429	6	30	088
8385	23	2981	088
1983	6	405	088
1957	6	405	088
3142	11	3131	088
44	5	25	088
2818	17	6758	088
728	15	4988	088
1133	15	4990	088
630	6	30	088
2789	9	2705	088
2159	6	30	088
2135	6	2009	088
2121	6	405	088
1850	23	2951	088
205	1	207	088
2091	6	405	088
8842	23	3023	088
675	1	320	088
2172	6	2009	088
759	1	28	088
492	15	5088	088
1592	6	30	088
3192	12	2175	088
2832	9	2606	088
3209	12	30	088
113	6	30	088
47	6	30	088
1100	6	28	088
3236	23	3023	088
8730	23	2951	088
2030	6	2009	088
2094	6	2040	088
2127	6	171	088
2587	9	2588	088
2702	9	2705	088
1941	6	2009	088
3086	23	12527	088
5348	15	5088	088
2020	6	2009	088
2836	9	2705	088
3228	12	117	088
769	1	28	088
2119	6	2045	088
191	6	30	088
786	15	5088	088
8863	17	5818	088
3236	23	12520	088
6878	23	12520	088
2909	9	2593	088
2729	23	2966	088
776	15	5088	088
2068	6	405	088
5158	15	5088	088
396	6	30	088
2837	9	2482	088
2164	6	116	088
2124	6	116	088
104	1	107	088
3193	12	2155	088
2034	6	116	088
3040	23	12544	088
399	1	405	088
6371	23	3023	088
2693	12	28	088
428	6	405	088
8863	17	5817	088
303	1	416	088
8943	23	3023	088
2539	9	2540	088
8730	23	3026	088
3040	23	12544	088
2134	6	29	088
2074	6	405	088
584	6	405	088
169	6	405	088
1970	6	2040	088
7403	17	5818	088
6529	23	3023	088
2903	11	3089	088
205	15	4990	088
2011	6	30	088
444	1	405	088
473	6	2040	088
205	6	30	088
3068	23	3027	088
1866	12	170	088
8385	23	3023	088
636	1	172	088
2773	14	3636	088
509	6	30	088
3143	11	3087	088
1947	6	405	088
114	1	116	088
8824	23	2977	088
2177	6	405	088
3200	12	2055	088
583	1	584	088
6414	23	2935	088
2785	9	2593	088
100	6	30	088
2069	6	2018	088
7847	23	2966	088
19	6	2009	088
381	1	405	088
142	6	30	088
607	15	4990	088
2071	6	30	088
8571	23	12518	088
8863	17	5816	088
44	6	30	088
6529	23	2952	088
2911	9	2482	088
1956	6	2009	088
1588	6	30	088
191	1	30	088
2691	23	3023	088
6878	23	2966	088
2116	6	2018	088
6726	23	2966	088
2097	6	30	089
206	1	207	089
2156	6	30	089
2046	6	2009	089
2539	9	2482	089
2129	6	30	089
2521	9	2482	089
2644	9	2593	089
6006	17	5818	089
12503	23	12520	089
2169	6	29	089
765	6	30	089
492	1	493	089
3025	10	3026	089
3231	12	29	089
2587	9	2476	089
776	1	493	089
7406	23	3023	089
2153	6	30	089
2016	6	116	089
9018	23	3023	089
1850	23	2951	089
1941	5	1943	089
2142	6	2009	089
1945	6	405	089
742	1	748	089
702	6	28	089
3227	12	46	089
1894	23	2920	089
728	1	405	089
3219	12	2027	089
1525	6	29	089
494	1	28	089
1502	1	416	089
8516	23	2981	089
610	1	416	089
443	1	416	089
717	1	636	089
2729	23	2935	089
473	1	416	089
2090	6	116	089
1961	6	2009	089
845	1	28	089
2130	6	2009	089
2911	10	2720	089
1394	6	115	089
6878	23	12520	089
6414	23	2935	089
2105	6	30	089
921	6	30	089
178	6	116	089
1644	1	207	089
2530	14	3431	089
2082	15	5057	089
3577	14	3437	089
8301	23	3060	089
2021	6	405	089
1133	6	30	089
2917	9	2593	089
172	1	402	089
8943	23	2951	089
2852	23	2952	089
919	1	921	089
1912	6	405	089
2769	9	2476	089
2793	10	2924	089
8863	17	5935	089
675	6	405	089
2026	6	30	089
8863	17	6190	089
588	6	30	089
381	6	405	089
25	15	5024	089
4751	14	3937	089
17	1	18	089
47	1	48	089
675	15	4990	089
17	6	30	089
921	1	30	089
2809	17	5818	089
720	1	28	089
711	1	28	089
310	15	5088	089
3040	23	3023	089
4885	17	8813	089
88	6	30	089
2909	9	2720	089
1975	6	2009	089
6371	23	3023	089
675	15	5120	089
446	1	405	089
702	1	28	089
309	15	5088	089
2917	10	2942	089
658	1	173	089
2073	6	2009	089
2102	6	2040	089
25	15	4990	089
25	6	30	089
578	1	28	089
1110	15	5120	089
1429	6	30	089
8385	23	2981	089
1983	6	405	089
1957	6	405	089
3142	11	3131	089
44	5	25	089
2818	17	6758	089
728	15	4988	089
1133	15	4990	089
630	6	30	089
2789	9	2705	089
2159	6	30	089
2135	6	2009	089
2121	6	405	089
1850	23	2951	089
205	1	207	089
2091	6	405	089
8842	23	3023	089
675	1	320	089
2172	6	2009	089
759	1	28	089
492	15	5088	089
1592	6	30	089
3192	12	2175	089
2832	9	2606	089
3209	12	30	089
113	6	30	089
47	6	30	089
1100	6	28	089
3236	23	3023	089
8730	23	2951	089
2030	6	2009	089
2094	6	2040	089
2127	6	171	089
2587	9	2588	089
2702	9	2705	089
1941	6	2009	089
3086	23	12527	089
5348	15	5088	089
2020	6	2009	089
2836	9	2705	089
3228	12	117	089
769	1	28	089
2119	6	2045	089
191	6	30	089
786	15	5088	089
8863	17	5818	089
3236	23	12520	089
6878	23	12520	089
2909	9	2593	089
2729	23	2966	089
776	15	5088	089
2068	6	405	089
5158	15	5088	089
396	6	30	089
2837	9	2482	089
2164	6	116	089
2124	6	116	089
104	1	107	089
3193	12	2155	089
2034	6	116	089
3040	23	12544	089
1983	15	5024	089
399	1	405	089
6371	23	3023	089
2693	12	28	089
428	6	405	089
8863	17	5817	089
303	1	416	089
8943	23	3023	089
2539	9	2540	089
8730	23	3026	089
3040	23	12544	089
2134	6	29	089
2074	6	405	089
584	6	405	089
169	6	405	089
1970	6	2040	089
7403	17	5818	089
6529	23	3023	089
2903	11	3089	089
205	15	4990	089
2785	9	2520	089
2011	6	30	089
444	1	405	089
473	6	2040	089
205	6	30	089
3068	23	3027	089
1866	12	170	089
8385	23	3023	089
636	1	172	089
2773	14	3636	089
509	6	30	089
3143	11	3087	089
1947	6	405	089
114	1	116	089
8824	23	2977	089
2177	6	405	089
3200	12	2055	089
583	1	584	089
6414	23	2935	089
2785	9	2593	089
100	6	30	089
2069	6	2018	089
7847	23	2966	089
19	6	2009	089
381	1	405	089
142	6	30	089
607	15	4990	089
2071	6	30	089
8571	23	12518	089
8863	17	5816	089
44	6	30	089
6529	23	2952	089
2911	9	2482	089
1956	6	2009	089
1588	6	30	089
191	1	30	089
2691	23	3023	089
6878	23	2966	089
2116	6	2018	089
6726	23	2966	089
2097	6	30	090
206	1	207	090
2156	6	30	090
2046	6	2009	090
2539	9	2482	090
2129	6	30	090
2521	9	2482	090
2644	9	2593	090
6006	17	5818	090
12503	23	12520	090
2169	6	29	090
765	6	30	090
492	1	493	090
3025	10	3026	090
3231	12	29	090
2587	9	2476	090
776	1	493	090
7406	23	3023	090
2153	6	30	090
2016	6	116	090
9018	23	3023	090
1850	23	2951	090
1941	5	1943	090
2142	6	2009	090
1945	6	405	090
742	1	748	090
702	6	28	090
3227	12	46	090
1894	23	2920	090
728	1	405	090
3219	12	2027	090
1525	6	29	090
494	1	28	090
1502	1	416	090
8516	23	2981	090
610	1	416	090
443	1	416	090
717	1	636	090
2729	23	2935	090
473	1	416	090
2090	6	116	090
1961	6	2009	090
845	1	28	090
2130	6	2009	090
2911	10	2720	090
1394	6	115	090
6878	23	12520	090
6414	23	2935	090
2530	14	3431	090
2105	6	30	090
921	6	30	090
178	6	116	090
1644	1	207	090
2530	14	3431	090
2082	15	5057	090
3577	14	3437	090
8301	23	3060	090
2021	6	405	090
1133	6	30	090
2917	9	2593	090
172	1	402	090
8943	23	2951	090
2852	23	2952	090
919	1	921	090
1912	6	405	090
2769	9	2476	090
2793	10	2924	090
8863	17	5935	090
675	6	405	090
2026	6	30	090
8863	17	6190	090
588	6	30	090
381	6	405	090
25	15	5024	090
4751	14	3937	090
17	1	18	090
47	1	48	090
675	15	4990	090
17	6	30	090
921	1	30	090
2809	17	5818	090
720	1	28	090
711	1	28	090
310	15	5088	090
3040	23	3023	090
4885	17	8813	090
88	6	30	090
2909	9	2720	090
1975	6	2009	090
6371	23	3023	090
675	15	5120	090
446	1	405	090
702	1	28	090
309	15	5088	090
2917	10	2942	090
658	1	173	090
2073	6	2009	090
2102	6	2040	090
25	15	4990	090
25	6	30	090
578	1	28	090
1110	15	5120	090
1429	6	30	090
8385	23	2981	090
1983	6	405	090
1957	6	405	090
3142	11	3131	090
44	5	25	090
728	15	4988	090
1133	15	4990	090
630	6	30	090
2789	9	2705	090
2159	6	30	090
2135	6	2009	090
2121	6	405	090
1850	23	2951	090
205	1	207	090
2091	6	405	090
8842	23	3023	090
675	1	320	090
2172	6	2009	090
1841	23	2997	090
759	1	28	090
492	15	5088	090
1592	6	30	090
3192	12	2175	090
2832	9	2606	090
3209	12	30	090
113	6	30	090
47	6	30	090
1100	6	28	090
3236	23	3023	090
8730	23	2951	090
2030	6	2009	090
2094	6	2040	090
2127	6	171	090
2587	9	2588	090
2702	9	2705	090
1941	6	2009	090
3086	23	12527	090
5348	15	5088	090
2020	6	2009	090
2836	9	2705	090
3228	12	117	090
769	1	28	090
2119	6	2045	090
191	6	30	090
786	15	5088	090
8863	17	5818	090
3236	23	12520	090
6878	23	12520	090
2909	9	2593	090
2729	23	2966	090
776	15	5088	090
2068	6	405	090
5158	15	5088	090
396	6	30	090
2837	9	2482	090
2164	6	116	090
2124	6	116	090
104	1	107	090
3193	12	2155	090
2034	6	116	090
3040	23	12544	090
1983	15	5024	090
399	1	405	090
6371	23	3023	090
2693	12	28	090
428	6	405	090
6490	17	6491	090
8863	17	5817	090
303	1	416	090
8943	23	3023	090
2539	9	2540	090
8730	23	3026	090
3040	23	12544	090
2134	6	29	090
2074	6	405	090
584	6	405	090
8550	17	6175	090
169	6	405	090
1970	6	2040	090
7403	17	5818	090
6529	23	3023	090
2903	11	3089	090
205	15	4990	090
2785	9	2520	090
2011	6	30	090
444	1	405	090
473	6	2040	090
205	6	30	090
3068	23	3027	090
1866	12	170	090
8385	23	3023	090
636	1	172	090
2773	14	3636	090
509	6	30	090
3143	11	3087	090
1947	6	405	090
114	1	116	090
8824	23	2977	090
2177	6	405	090
3200	12	2055	090
583	1	584	090
6414	23	2935	090
2785	9	2593	090
100	6	30	090
2069	6	2018	090
7847	23	2966	090
19	6	2009	090
381	1	405	090
142	6	30	090
607	15	4990	090
2071	6	30	090
8571	23	12518	090
8863	17	5816	090
44	6	30	090
6529	23	2952	090
2911	9	2482	090
1956	6	2009	090
1588	6	30	090
191	1	30	090
2691	23	3023	090
6878	23	2966	090
2116	6	2018	090
6726	23	2966	090
2097	6	30	091
206	1	207	091
2156	6	30	091
2046	6	2009	091
2539	9	2482	091
2129	6	30	091
2521	9	2482	091
2644	9	2593	091
6006	17	5818	091
12503	23	12520	091
2169	6	29	091
765	6	30	091
492	1	493	091
3025	10	3026	091
3231	12	29	091
2587	9	2476	091
776	1	493	091
6490	17	5819	091
7406	23	3023	091
2153	6	30	091
2016	6	116	091
9018	23	3023	091
1850	23	2951	091
1941	5	1943	091
2142	6	2009	091
1945	6	405	091
742	1	748	091
702	6	28	091
3227	12	46	091
1894	23	2920	091
728	1	405	091
3219	12	2027	091
1525	6	29	091
494	1	28	091
1502	1	416	091
8516	23	2981	091
610	1	416	091
443	1	416	091
717	1	636	091
2729	23	2935	091
473	1	416	091
2090	6	116	091
1961	6	2009	091
845	1	28	091
2130	6	2009	091
2911	10	2720	091
1394	6	115	091
6878	23	12520	091
6414	23	2935	091
2530	14	3431	091
2105	6	30	091
921	6	30	091
178	6	116	091
1644	1	207	091
2530	14	3431	091
2082	15	5057	091
3577	14	3437	091
8301	23	3060	091
2021	6	405	091
1133	6	30	091
2917	9	2593	091
172	1	402	091
8943	23	2951	091
2852	23	2952	091
919	1	921	091
1912	6	405	091
2769	9	2476	091
2793	10	2924	091
8863	17	5935	091
675	6	405	091
2026	6	30	091
8863	17	6190	091
588	6	30	091
381	6	405	091
25	15	5024	091
17	1	18	091
47	1	48	091
675	15	4990	091
17	6	30	091
921	1	30	091
2809	17	5818	091
720	1	28	091
711	1	28	091
310	15	5088	091
3040	23	3023	091
4885	17	8813	091
88	6	30	091
2909	9	2720	091
1975	6	2009	091
6371	23	3023	091
675	15	5120	091
446	1	405	091
702	1	28	091
309	15	5088	091
2917	10	2942	091
658	1	173	091
2073	6	2009	091
2102	6	2040	091
25	15	4990	091
25	6	30	091
578	1	28	091
1110	15	5120	091
1429	6	30	091
8385	23	2981	091
1983	6	405	091
1957	6	405	091
3142	11	3131	091
44	5	25	091
728	15	4988	091
1133	15	4990	091
630	6	30	091
2789	9	2705	091
2159	6	30	091
2135	6	2009	091
7436	17	5817	091
2121	6	405	091
1850	23	2951	091
205	1	207	091
2091	6	405	091
8842	23	3023	091
675	1	320	091
2172	6	2009	091
1841	23	2997	091
759	1	28	091
492	15	5088	091
1592	6	30	091
3192	12	2175	091
2832	9	2606	091
3209	12	30	091
113	6	30	091
47	6	30	091
1100	6	28	091
3236	23	3023	091
8730	23	2951	091
2030	6	2009	091
2094	6	2040	091
2127	6	171	091
2587	9	2588	091
2702	9	2705	091
1941	6	2009	091
3086	23	12527	091
5348	15	5088	091
2020	6	2009	091
2836	9	2705	091
3228	12	117	091
769	1	28	091
2119	6	2045	091
191	6	30	091
786	15	5088	091
8863	17	5818	091
3236	23	12520	091
6878	23	12520	091
2909	9	2593	091
2729	23	2966	091
776	15	5088	091
2068	6	405	091
5158	15	5088	091
396	6	30	091
2837	9	2482	091
2164	6	116	091
2124	6	116	091
104	1	107	091
3193	12	2155	091
2034	6	116	091
3040	23	12544	091
1983	15	5024	091
399	1	405	091
6371	23	3023	091
2693	12	28	091
428	6	405	091
8863	17	5817	091
303	1	416	091
8943	23	3023	091
2539	9	2540	091
8730	23	3026	091
3040	23	12544	091
2134	6	29	091
2074	6	405	091
584	6	405	091
169	6	405	091
1970	6	2040	091
7403	17	5818	091
6529	23	3023	091
2903	11	3089	091
205	15	4990	091
2785	9	2520	091
2011	6	30	091
444	1	405	091
473	6	2040	091
205	6	30	091
3068	23	3027	091
1866	12	170	091
8385	23	3023	091
636	1	172	091
2773	14	3636	091
509	6	30	091
3143	11	3087	091
1947	6	405	091
114	1	116	091
8824	23	2977	091
2177	6	405	091
3200	12	2055	091
583	1	584	091
6414	23	2935	091
2785	9	2593	091
100	6	30	091
2069	6	2018	091
7847	23	2966	091
19	6	2009	091
381	1	405	091
142	6	30	091
607	15	4990	091
2071	6	30	091
8571	23	12518	091
8863	17	5816	091
44	6	30	091
6529	23	2952	091
2911	9	2482	091
1956	6	2009	091
1588	6	30	091
191	1	30	091
2691	23	3023	091
6878	23	2966	091
2116	6	2018	091
6726	23	2966	091
2097	6	30	092
206	1	207	092
2156	6	30	092
2046	6	2009	092
2539	9	2482	092
2129	6	30	092
2521	9	2482	092
2644	9	2593	092
6006	17	5818	092
12503	23	12520	092
2169	6	29	092
765	6	30	092
492	1	493	092
3025	10	3026	092
3231	12	29	092
2587	9	2476	092
776	1	493	092
7406	23	3023	092
2153	6	30	092
2016	6	116	092
9018	23	3023	092
1850	23	2951	092
1941	5	1943	092
2142	6	2009	092
1945	6	405	092
742	1	748	092
702	6	28	092
3227	12	46	092
1894	23	2920	092
728	1	405	092
3219	12	2027	092
1525	6	29	092
494	1	28	092
1502	1	416	092
8516	23	2981	092
610	1	416	092
443	1	416	092
717	1	636	092
2729	23	2935	092
473	1	416	092
2090	6	116	092
1961	6	2009	092
845	1	28	092
2130	6	2009	092
2911	10	2720	092
1394	6	115	092
6878	23	12520	092
6414	23	2935	092
2770	9	2540	092
2530	14	3431	092
2105	6	30	092
921	6	30	092
178	6	116	092
1644	1	207	092
2530	14	3431	092
2082	15	5057	092
3577	14	3437	092
8301	23	3060	092
2021	6	405	092
1133	6	30	092
2917	9	2593	092
172	1	402	092
8943	23	2951	092
2852	23	2952	092
919	1	921	092
1912	6	405	092
2769	9	2476	092
2793	10	2924	092
8863	17	5935	092
675	6	405	092
2026	6	30	092
8863	17	6190	092
588	6	30	092
381	6	405	092
25	15	5024	092
17	1	18	092
47	1	48	092
675	15	4990	092
17	6	30	092
921	1	30	092
2809	17	5818	092
720	1	28	092
711	1	28	092
310	15	5088	092
3040	23	3023	092
4885	17	8813	092
88	6	30	092
2909	9	2720	092
1975	6	2009	092
6371	23	3023	092
675	15	5120	092
446	1	405	092
702	1	28	092
309	15	5088	092
2917	10	2942	092
658	1	173	092
2073	6	2009	092
2102	6	2040	092
25	15	4990	092
25	6	30	092
578	1	28	092
1110	15	5120	092
1429	6	30	092
8385	23	2981	092
1983	6	405	092
1957	6	405	092
3142	11	3131	092
44	5	25	092
728	15	4988	092
1958	6	2009	092
1133	15	4990	092
630	6	30	092
2789	9	2705	092
2159	6	30	092
2135	6	2009	092
2121	6	405	092
1850	23	2951	092
205	1	207	092
2091	6	405	092
8842	23	3023	092
675	1	320	092
2172	6	2009	092
1841	23	2997	092
759	1	28	092
492	15	5088	092
1592	6	30	092
3192	12	2175	092
2832	9	2606	092
3209	12	30	092
113	6	30	092
47	6	30	092
1100	6	28	092
3236	23	3023	092
8730	23	2951	092
2030	6	2009	092
2094	6	2040	092
2127	6	171	092
2587	9	2588	092
2702	9	2705	092
1941	6	2009	092
3086	23	12527	092
5348	15	5088	092
2020	6	2009	092
2836	9	2705	092
3228	12	117	092
2809	17	5817	092
769	1	28	092
2119	6	2045	092
191	6	30	092
786	15	5088	092
8863	17	5818	092
3236	23	12520	092
6878	23	12520	092
2909	9	2593	092
2729	23	2966	092
776	15	5088	092
2068	6	405	092
5158	15	5088	092
396	6	30	092
2837	9	2482	092
2164	6	116	092
2124	6	116	092
104	1	107	092
3193	12	2155	092
2034	6	116	092
3040	23	12544	092
1983	15	5024	092
399	1	405	092
6371	23	3023	092
2693	12	28	092
428	6	405	092
8863	17	5817	092
303	1	416	092
8943	23	3023	092
2539	9	2540	092
8730	23	3026	092
3040	23	12544	092
2134	6	29	092
2074	6	405	092
584	6	405	092
169	6	405	092
1970	6	2040	092
7403	17	5818	092
6529	23	3023	092
2903	11	3089	092
205	15	4990	092
2785	9	2520	092
2011	6	30	092
444	1	405	092
473	6	2040	092
205	6	30	092
3068	23	3027	092
1866	12	170	092
8385	23	3023	092
636	1	172	092
2773	14	3636	092
509	6	30	092
3143	11	3087	092
1947	6	405	092
114	1	116	092
8824	23	2977	092
2177	6	405	092
3200	12	2055	092
583	1	584	092
6414	23	2935	092
2785	9	2593	092
100	6	30	092
2069	6	2018	092
7847	23	2966	092
19	6	2009	092
381	1	405	092
142	6	30	092
607	15	4990	092
2071	6	30	092
8571	23	12518	092
8863	17	5816	092
44	6	30	092
6529	23	2952	092
2911	9	2482	092
1956	6	2009	092
1588	6	30	092
191	1	30	092
2691	23	3023	092
6878	23	2966	092
2116	6	2018	092
6726	23	2966	092
2097	6	30	093
206	1	207	093
2156	6	30	093
2046	6	2009	093
2539	9	2482	093
2129	6	30	093
2521	9	2482	093
2644	9	2593	093
6006	17	5818	093
8982	17	5818	093
12503	23	12520	093
2169	6	29	093
765	6	30	093
492	1	493	093
3025	10	3026	093
3231	12	29	093
2587	9	2476	093
776	1	493	093
7406	23	3023	093
2153	6	30	093
2016	6	116	093
9018	23	3023	093
1850	23	2951	093
1941	5	1943	093
2142	6	2009	093
1945	6	405	093
742	1	748	093
702	6	28	093
3227	12	46	093
1894	23	2920	093
728	1	405	093
3219	12	2027	093
1525	6	29	093
494	1	28	093
1502	1	416	093
8516	23	2981	093
610	1	416	093
443	1	416	093
717	1	636	093
2729	23	2935	093
473	1	416	093
2090	6	116	093
1961	6	2009	093
845	1	28	093
2130	6	2009	093
2911	10	2720	093
1394	6	115	093
6878	23	12520	093
6414	23	2935	093
2770	9	2540	093
2530	14	3431	093
4281	14	4282	093
2105	6	30	093
921	6	30	093
178	6	116	093
1644	1	207	093
2530	14	3431	093
2082	15	5057	093
3577	14	3437	093
8301	23	3060	093
2021	6	405	093
1133	6	30	093
2917	9	2593	093
172	1	402	093
8943	23	2951	093
2852	23	2952	093
919	1	921	093
1912	6	405	093
2769	9	2476	093
2793	10	2924	093
8863	17	5935	093
675	6	405	093
2026	6	30	093
8863	17	6190	093
588	6	30	093
381	6	405	093
25	15	5024	093
17	1	18	093
47	1	48	093
675	15	4990	093
17	6	30	093
921	1	30	093
2809	17	5818	093
720	1	28	093
711	1	28	093
310	15	5088	093
3040	23	3023	093
3200	17	5818	093
4885	17	8813	093
4281	14	4283	093
88	6	30	093
2909	9	2720	093
1975	6	2009	093
6371	23	3023	093
675	15	5120	093
446	1	405	093
702	1	28	093
309	15	5088	093
2917	10	2942	093
658	1	173	093
2073	6	2009	093
2102	6	2040	093
25	15	4990	093
25	6	30	093
578	1	28	093
1110	15	5120	093
1429	6	30	093
8385	23	2981	093
1983	6	405	093
1957	6	405	093
44	5	25	093
728	15	4988	093
1958	6	2009	093
1133	15	4990	093
630	6	30	093
2789	9	2705	093
2159	6	30	093
2135	6	2009	093
2121	6	405	093
1850	23	2951	093
205	1	207	093
2091	6	405	093
8842	23	3023	093
675	1	320	093
2172	6	2009	093
1841	23	2997	093
759	1	28	093
492	15	5088	093
1592	6	30	093
3192	12	2175	093
2832	9	2606	093
3209	12	30	093
113	6	30	093
47	6	30	093
1100	6	28	093
3236	23	3023	093
8730	23	2951	093
2030	6	2009	093
2094	6	2040	093
2127	6	171	093
2587	9	2588	093
2702	9	2705	093
1941	6	2009	093
3086	23	12527	093
5348	15	5088	093
2020	6	2009	093
2836	9	2705	093
3228	12	117	093
2809	17	5817	093
769	1	28	093
2119	6	2045	093
191	6	30	093
786	15	5088	093
8863	17	5818	093
3236	23	12520	093
6878	23	12520	093
3200	17	5819	093
2909	9	2593	093
2729	23	2966	093
776	15	5088	093
2068	6	405	093
5158	15	5088	093
396	6	30	093
2837	9	2482	093
2164	6	116	093
2124	6	116	093
104	1	107	093
3193	12	2155	093
2034	6	116	093
3040	23	12544	093
1983	15	5024	093
399	1	405	093
6371	23	3023	093
2693	12	28	093
428	6	405	093
8863	17	5817	093
303	1	416	093
8943	23	3023	093
2539	9	2540	093
8730	23	3026	093
3040	23	12544	093
2134	6	29	093
2074	6	405	093
584	6	405	093
169	6	405	093
1970	6	2040	093
7403	17	5818	093
6529	23	3023	093
2903	11	3089	093
205	15	4990	093
2785	9	2520	093
2011	6	30	093
444	1	405	093
473	6	2040	093
205	6	30	093
3068	23	3027	093
1866	12	170	093
8385	23	3023	093
636	1	172	093
509	6	30	093
3143	11	3087	093
1947	6	405	093
114	1	116	093
8824	23	2977	093
2177	6	405	093
3200	12	2055	093
583	1	584	093
6414	23	2935	093
2785	9	2593	093
100	6	30	093
2069	6	2018	093
7847	23	2966	093
19	6	2009	093
381	1	405	093
142	6	30	093
607	15	4990	093
2071	6	30	093
8571	23	12518	093
8863	17	5816	093
44	6	30	093
6529	23	2952	093
2911	9	2482	093
1956	6	2009	093
1588	6	30	093
191	1	30	093
2691	23	3023	093
6878	23	2966	093
2116	6	2018	093
6726	23	2966	093
2097	6	30	094
8883	17	6175	094
206	1	207	094
2156	6	30	094
7024	17	5935	094
2046	6	2009	094
2539	9	2482	094
2129	6	30	094
2521	9	2482	094
2644	9	2593	094
6006	17	5818	094
12503	23	12520	094
2169	6	29	094
765	6	30	094
492	1	493	094
3025	10	3026	094
3231	12	29	094
2587	9	2476	094
776	1	493	094
7406	23	3023	094
2153	6	30	094
2016	6	116	094
9018	23	3023	094
1850	23	2951	094
1941	5	1943	094
2142	6	2009	094
1945	6	405	094
742	1	748	094
702	6	28	094
3227	12	46	094
1894	23	2920	094
728	1	405	094
3219	12	2027	094
1525	6	29	094
494	1	28	094
1502	1	416	094
8516	23	2981	094
610	1	416	094
443	1	416	094
717	1	636	094
2729	23	2935	094
473	1	416	094
2090	6	116	094
1961	6	2009	094
845	1	28	094
2130	6	2009	094
2911	10	2720	094
1394	6	115	094
6878	23	12520	094
6414	23	2935	094
2770	9	2540	094
2530	14	3431	094
4281	14	4282	094
2105	6	30	094
921	6	30	094
178	6	116	094
1644	1	207	094
2530	14	3431	094
2082	15	5057	094
3577	14	3437	094
8301	23	3060	094
2021	6	405	094
1133	6	30	094
2917	9	2593	094
172	1	402	094
8943	23	2951	094
2852	23	2952	094
919	1	921	094
1912	6	405	094
2769	9	2476	094
2793	10	2924	094
8863	17	5935	094
675	6	405	094
2026	6	30	094
8863	17	6190	094
588	6	30	094
381	6	405	094
25	15	5024	094
17	1	18	094
47	1	48	094
675	15	4990	094
17	6	30	094
921	1	30	094
2809	17	5818	094
720	1	28	094
711	1	28	094
310	15	5088	094
3040	23	3023	094
4885	17	8813	094
4281	14	4283	094
88	6	30	094
2909	9	2720	094
1975	6	2009	094
6371	23	3023	094
675	15	5120	094
446	1	405	094
702	1	28	094
309	15	5088	094
2917	10	2942	094
658	1	173	094
2073	6	2009	094
2102	6	2040	094
25	15	4990	094
25	6	30	094
578	1	28	094
1110	15	5120	094
1429	6	30	094
8385	23	2981	094
1983	6	405	094
1957	6	405	094
44	5	25	094
4281	14	4155	094
728	15	4988	094
1958	6	2009	094
1133	15	4990	094
630	6	30	094
2789	9	2705	094
2159	6	30	094
2135	6	2009	094
2121	6	405	094
1850	23	2951	094
205	1	207	094
2091	6	405	094
8842	23	3023	094
675	1	320	094
2172	6	2009	094
1841	23	2997	094
759	1	28	094
492	15	5088	094
1592	6	30	094
3192	12	2175	094
2832	9	2606	094
3209	12	30	094
113	6	30	094
47	6	30	094
1100	6	28	094
3236	23	3023	094
8730	23	2951	094
2030	6	2009	094
2094	6	2040	094
2127	6	171	094
2587	9	2588	094
2702	9	2705	094
1941	6	2009	094
3086	23	12527	094
5348	15	5088	094
2020	6	2009	094
2836	9	2705	094
3228	12	117	094
2809	17	5817	094
769	1	28	094
2119	6	2045	094
191	6	30	094
786	15	5088	094
8863	17	5818	094
3236	23	12520	094
6878	23	12520	094
2909	9	2593	094
2729	23	2966	094
776	15	5088	094
4281	14	4156	094
2068	6	405	094
5158	15	5088	094
396	6	30	094
2837	9	2482	094
2164	6	116	094
2124	6	116	094
104	1	107	094
3193	12	2155	094
2034	6	116	094
3040	23	12544	094
1983	15	5024	094
399	1	405	094
6371	23	3023	094
2693	12	28	094
428	6	405	094
8863	17	5817	094
303	1	416	094
8943	23	3023	094
2539	9	2540	094
8730	23	3026	094
3040	23	12544	094
2134	6	29	094
2074	6	405	094
584	6	405	094
169	6	405	094
1970	6	2040	094
7403	17	5818	094
6529	23	3023	094
2903	11	3089	094
205	15	4990	094
2785	9	2520	094
2011	6	30	094
444	1	405	094
473	6	2040	094
205	6	30	094
3068	23	3027	094
1866	12	170	094
8385	23	3023	094
636	1	172	094
509	6	30	094
3143	11	3087	094
1947	6	405	094
114	1	116	094
8824	23	2977	094
2177	6	405	094
3200	12	2055	094
583	1	584	094
6414	23	2935	094
2785	9	2593	094
100	6	30	094
2069	6	2018	094
7847	23	2966	094
19	6	2009	094
381	1	405	094
142	6	30	094
607	15	4990	094
2071	6	30	094
8571	23	12518	094
8863	17	5816	094
44	6	30	094
6529	23	2952	094
2911	9	2482	094
1956	6	2009	094
1588	6	30	094
191	1	30	094
2691	23	3023	094
6878	23	2966	094
2116	6	2018	094
6726	23	2966	094
2097	6	30	095
206	1	207	095
2156	6	30	095
2046	6	2009	095
2539	9	2482	095
2129	6	30	095
2521	9	2482	095
2644	9	2593	095
6006	17	5818	095
12503	23	12520	095
2169	6	29	095
765	6	30	095
492	1	493	095
3025	10	3026	095
3231	12	29	095
2587	9	2476	095
776	1	493	095
7406	23	3023	095
2153	6	30	095
2016	6	116	095
9018	23	3023	095
1850	23	2951	095
1941	5	1943	095
2142	6	2009	095
1945	6	405	095
742	1	748	095
702	6	28	095
3227	12	46	095
1894	23	2920	095
728	1	405	095
3219	12	2027	095
1525	6	29	095
494	1	28	095
1502	1	416	095
8516	23	2981	095
610	1	416	095
443	1	416	095
717	1	636	095
2729	23	2935	095
473	1	416	095
2090	6	116	095
1961	6	2009	095
845	1	28	095
2130	6	2009	095
2911	10	2720	095
1394	6	115	095
6878	23	12520	095
6414	23	2935	095
2770	9	2540	095
2530	14	3431	095
2105	6	30	095
921	6	30	095
178	6	116	095
1644	1	207	095
2530	14	3431	095
2082	15	5057	095
3577	14	3437	095
8301	23	3060	095
2021	6	405	095
1133	6	30	095
2917	9	2593	095
172	1	402	095
8943	23	2951	095
2852	23	2952	095
919	1	921	095
1912	6	405	095
2769	9	2476	095
2793	10	2924	095
8863	17	5935	095
675	6	405	095
2026	6	30	095
8863	17	6190	095
588	6	30	095
2811	14	3711	095
381	6	405	095
25	15	5024	095
17	1	18	095
47	1	48	095
675	15	4990	095
17	6	30	095
921	1	30	095
2809	17	5818	095
720	1	28	095
711	1	28	095
310	15	5088	095
3040	23	3023	095
4885	17	8813	095
4281	14	4283	095
88	6	30	095
2909	9	2720	095
1975	6	2009	095
6371	23	3023	095
675	15	5120	095
446	1	405	095
702	1	28	095
309	15	5088	095
2917	10	2942	095
658	1	173	095
2073	6	2009	095
2102	6	2040	095
25	15	4990	095
25	6	30	095
578	1	28	095
1110	15	5120	095
1429	6	30	095
8385	23	2981	095
1983	6	405	095
1957	6	405	095
44	5	25	095
4281	14	4155	095
728	15	4988	095
1958	6	2009	095
1133	15	4990	095
630	6	30	095
2789	9	2705	095
2159	6	30	095
2135	6	2009	095
2121	6	405	095
1850	23	2951	095
205	1	207	095
2091	6	405	095
8842	23	3023	095
675	1	320	095
2172	6	2009	095
1841	23	2997	095
759	1	28	095
492	15	5088	095
1592	6	30	095
3192	12	2175	095
2832	9	2606	095
3209	12	30	095
113	6	30	095
47	6	30	095
1100	6	28	095
3236	23	3023	095
8730	23	2951	095
2030	6	2009	095
2094	6	2040	095
2127	6	171	095
2587	9	2588	095
2702	9	2705	095
1941	6	2009	095
3086	23	12527	095
5348	15	5088	095
2020	6	2009	095
2836	9	2705	095
3228	12	117	095
2809	17	5817	095
769	1	28	095
169	1	173	095
2119	6	2045	095
191	6	30	095
786	15	5088	095
8863	17	5818	095
3236	23	12520	095
6878	23	12520	095
2909	9	2593	095
2729	23	2966	095
776	15	5088	095
4281	14	4156	095
2068	6	405	095
5158	15	5088	095
396	6	30	095
2837	9	2482	095
2164	6	116	095
2124	6	116	095
104	1	107	095
3193	12	2155	095
2034	6	116	095
3040	23	12544	095
1983	15	5024	095
399	1	405	095
6371	23	3023	095
2693	12	28	095
428	6	405	095
8863	17	5817	095
303	1	416	095
8943	23	3023	095
2539	9	2540	095
8730	23	3026	095
3040	23	12544	095
2134	6	29	095
2074	6	405	095
584	6	405	095
169	6	405	095
1970	6	2040	095
7403	17	5818	095
6529	23	3023	095
2903	11	3089	095
205	15	4990	095
2785	9	2520	095
2011	6	30	095
444	1	405	095
473	6	2040	095
205	6	30	095
3068	23	3027	095
1866	12	170	095
8385	23	3023	095
636	1	172	095
509	6	30	095
3143	11	3087	095
1947	6	405	095
114	1	116	095
8824	23	2977	095
2177	6	405	095
3200	12	2055	095
583	1	584	095
6414	23	2935	095
2785	9	2593	095
100	6	30	095
2069	6	2018	095
7847	23	2966	095
19	6	2009	095
381	1	405	095
142	6	30	095
607	15	4990	095
2071	6	30	095
8571	23	12518	095
8863	17	5816	095
44	6	30	095
6529	23	2952	095
2911	9	2482	095
1956	6	2009	095
1588	6	30	095
191	1	30	095
2691	23	3023	095
6878	23	2966	095
2116	6	2018	095
6726	23	2966	095
2097	6	30	096
206	1	207	096
2156	6	30	096
2046	6	2009	096
2539	9	2482	096
2129	6	30	096
2521	9	2482	096
2644	9	2593	096
6006	17	5818	096
12503	23	12520	096
2169	6	29	096
765	6	30	096
492	1	493	096
3025	10	3026	096
3231	12	29	096
2587	9	2476	096
776	1	493	096
7406	23	3023	096
2153	6	30	096
2016	6	116	096
9018	23	3023	096
1850	23	2951	096
1941	5	1943	096
2142	6	2009	096
1945	6	405	096
742	1	748	096
702	6	28	096
3227	12	46	096
1894	23	2920	096
728	1	405	096
3219	12	2027	096
1525	6	29	096
494	1	28	096
1502	1	416	096
8516	23	2981	096
610	1	416	096
443	1	416	096
717	1	636	096
2729	23	2935	096
473	1	416	096
2090	6	116	096
1961	6	2009	096
845	1	28	096
2130	6	2009	096
2911	10	2720	096
1394	6	115	096
6878	23	12520	096
6414	23	2935	096
2770	9	2540	096
2530	14	3431	096
2105	6	30	096
921	6	30	096
178	6	116	096
1644	1	207	096
2530	14	3431	096
2082	15	5057	096
3577	14	3437	096
8301	23	3060	096
2021	6	405	096
1133	6	30	096
2917	9	2593	096
172	1	402	096
8943	23	2951	096
2852	23	2952	096
919	1	921	096
1912	6	405	096
2769	9	2476	096
2793	10	2924	096
8863	17	5935	096
675	6	405	096
2026	6	30	096
8863	17	6190	096
588	6	30	096
2811	14	3711	096
381	6	405	096
2894	9	2540	096
25	15	5024	096
17	1	18	096
47	1	48	096
675	15	4990	096
17	6	30	096
921	1	30	096
2809	17	5818	096
720	1	28	096
711	1	28	096
310	15	5088	096
3040	23	3023	096
4885	17	8813	096
88	6	30	096
2909	9	2720	096
1975	6	2009	096
6371	23	3023	096
675	15	5120	096
446	1	405	096
702	1	28	096
309	15	5088	096
2917	10	2942	096
658	1	173	096
2073	6	2009	096
2102	6	2040	096
25	15	4990	096
25	6	30	096
578	1	28	096
1110	15	5120	096
1429	6	30	096
8385	23	2981	096
1983	6	405	096
8983	17	5817	096
1957	6	405	096
44	5	25	096
728	15	4988	096
1958	6	2009	096
1133	15	4990	096
630	6	30	096
2789	9	2705	096
2159	6	30	096
2135	6	2009	096
2121	6	405	096
1850	23	2951	096
205	1	207	096
2091	6	405	096
8842	23	3023	096
675	1	320	096
2172	6	2009	096
1841	23	2997	096
759	1	28	096
492	15	5088	096
1592	6	30	096
3192	12	2175	096
2629	9	2520	096
2832	9	2606	096
3209	12	30	096
113	6	30	096
47	6	30	096
1100	6	28	096
3236	23	3023	096
8730	23	2951	096
2030	6	2009	096
2094	6	2040	096
2127	6	171	096
2587	9	2588	096
2702	9	2705	096
1941	6	2009	096
3086	23	12527	096
5348	15	5088	096
2020	6	2009	096
2836	9	2705	096
3228	12	117	096
2809	17	5817	096
769	1	28	096
169	1	173	096
2119	6	2045	096
191	6	30	096
786	15	5088	096
8863	17	5818	096
3236	23	12520	096
6878	23	12520	096
2909	9	2593	096
2729	23	2966	096
776	15	5088	096
2068	6	405	096
5158	15	5088	096
396	6	30	096
2837	9	2482	096
2164	6	116	096
2124	6	116	096
104	1	107	096
3193	12	2155	096
2034	6	116	096
3040	23	12544	096
1983	15	5024	096
399	1	405	096
6371	23	3023	096
2693	12	28	096
428	6	405	096
8863	17	5817	096
303	1	416	096
8943	23	3023	096
2539	9	2540	096
8730	23	3026	096
3040	23	12544	096
2134	6	29	096
2074	6	405	096
584	6	405	096
169	6	405	096
1970	6	2040	096
7403	17	5818	096
6529	23	3023	096
2903	11	3089	096
205	15	4990	096
2785	9	2520	096
2011	6	30	096
444	1	405	096
473	6	2040	096
205	6	30	096
3068	23	3027	096
1866	12	170	096
8385	23	3023	096
636	1	172	096
509	6	30	096
3143	11	3087	096
1947	6	405	096
114	1	116	096
8824	23	2977	096
2177	6	405	096
3200	12	2055	096
583	1	584	096
6414	23	2935	096
2785	9	2593	096
100	6	30	096
2069	6	2018	096
7847	23	2966	096
19	6	2009	096
381	1	405	096
142	6	30	096
607	15	4990	096
2071	6	30	096
8571	23	12518	096
8863	17	5816	096
44	6	30	096
6529	23	2952	096
2911	9	2482	096
1956	6	2009	096
1588	6	30	096
191	1	30	096
2691	23	3023	096
6878	23	2966	096
2116	6	2018	096
6726	23	2966	096
2097	6	30	097
206	1	207	097
2156	6	30	097
2046	6	2009	097
2539	9	2482	097
2129	6	30	097
2521	9	2482	097
2644	9	2593	097
6006	17	5818	097
12503	23	12520	097
2169	6	29	097
765	6	30	097
492	1	493	097
3025	10	3026	097
3231	12	29	097
2587	9	2476	097
776	1	493	097
7406	23	3023	097
2153	6	30	097
2016	6	116	097
9018	23	3023	097
1850	23	2951	097
1941	5	1943	097
2142	6	2009	097
1945	6	405	097
742	1	748	097
702	6	28	097
3227	12	46	097
1894	23	2920	097
728	1	405	097
3219	12	2027	097
1525	6	29	097
494	1	28	097
1502	1	416	097
8516	23	2981	097
610	1	416	097
443	1	416	097
717	1	636	097
2729	23	2935	097
473	1	416	097
2090	6	116	097
1961	6	2009	097
845	1	28	097
2130	6	2009	097
2911	10	2720	097
1394	6	115	097
6878	23	12520	097
6414	23	2935	097
2770	9	2540	097
2530	14	3431	097
2105	6	30	097
921	6	30	097
178	6	116	097
1644	1	207	097
2530	14	3431	097
2082	15	5057	097
3577	14	3437	097
8301	23	3060	097
2021	6	405	097
1133	6	30	097
2917	9	2593	097
172	1	402	097
8943	23	2951	097
2852	23	2952	097
919	1	921	097
1912	6	405	097
2769	9	2476	097
2793	10	2924	097
8863	17	5935	097
675	6	405	097
2026	6	30	097
8863	17	6190	097
588	6	30	097
381	6	405	097
2894	9	2540	097
25	15	5024	097
17	1	18	097
47	1	48	097
675	15	4990	097
17	6	30	097
921	1	30	097
2809	17	5818	097
720	1	28	097
711	1	28	097
310	15	5088	097
3040	23	3023	097
4885	17	8813	097
88	6	30	097
2909	9	2720	097
1975	6	2009	097
6371	23	3023	097
675	15	5120	097
446	1	405	097
702	1	28	097
309	15	5088	097
2917	10	2942	097
658	1	173	097
2073	6	2009	097
2102	6	2040	097
25	15	4990	097
25	6	30	097
578	1	28	097
1110	15	5120	097
1429	6	30	097
8385	23	2981	097
1983	6	405	097
1957	6	405	097
44	5	25	097
728	15	4988	097
1958	6	2009	097
1133	15	4990	097
630	6	30	097
2789	9	2705	097
2159	6	30	097
2135	6	2009	097
2121	6	405	097
1850	23	2951	097
205	1	207	097
2091	6	405	097
8842	23	3023	097
675	1	320	097
2172	6	2009	097
1841	23	2997	097
759	1	28	097
492	15	5088	097
1592	6	30	097
3192	12	2175	097
2629	9	2520	097
2832	9	2606	097
3209	12	30	097
113	6	30	097
7436	17	5816	097
47	6	30	097
1100	6	28	097
3236	23	3023	097
8730	23	2951	097
2030	6	2009	097
2094	6	2040	097
2127	6	171	097
2587	9	2588	097
2702	9	2705	097
1941	6	2009	097
3086	23	12527	097
5348	15	5088	097
2020	6	2009	097
2836	9	2705	097
3228	12	117	097
2809	17	5817	097
769	1	28	097
169	1	173	097
2119	6	2045	097
191	6	30	097
786	15	5088	097
8863	17	5818	097
3236	23	12520	097
6878	23	12520	097
2909	9	2593	097
2729	23	2966	097
776	15	5088	097
2068	6	405	097
5158	15	5088	097
396	6	30	097
2837	9	2482	097
2164	6	116	097
2124	6	116	097
104	1	107	097
3193	12	2155	097
2034	6	116	097
3040	23	12544	097
1983	15	5024	097
399	1	405	097
6371	23	3023	097
2693	12	28	097
428	6	405	097
8863	17	5817	097
303	1	416	097
8943	23	3023	097
2539	9	2540	097
8730	23	3026	097
3040	23	12544	097
2134	6	29	097
2074	6	405	097
584	6	405	097
169	6	405	097
1970	6	2040	097
7403	17	5818	097
6529	23	3023	097
2903	11	3089	097
205	15	4990	097
2785	9	2520	097
2011	6	30	097
444	1	405	097
473	6	2040	097
205	6	30	097
3068	23	3027	097
1866	12	170	097
8385	23	3023	097
636	1	172	097
509	6	30	097
3143	11	3087	097
1947	6	405	097
114	1	116	097
8824	23	2977	097
2177	6	405	097
3200	12	2055	097
583	1	584	097
6414	23	2935	097
2785	9	2593	097
100	6	30	097
2069	6	2018	097
7847	23	2966	097
19	6	2009	097
381	1	405	097
142	6	30	097
607	15	4990	097
2071	6	30	097
8571	23	12518	097
8863	17	5816	097
44	6	30	097
6529	23	2952	097
2911	9	2482	097
1956	6	2009	097
1588	6	30	097
191	1	30	097
2691	23	3023	097
6878	23	2966	097
2116	6	2018	097
6726	23	2966	097
2773	14	3641	098
2097	6	30	098
206	1	207	098
2156	6	30	098
2046	6	2009	098
2539	9	2482	098
2129	6	30	098
2521	9	2482	098
2644	9	2593	098
6006	17	5818	098
12503	23	12520	098
2521	17	5873	098
2169	6	29	098
765	6	30	098
492	1	493	098
3025	10	3026	098
3231	12	29	098
2587	9	2476	098
776	1	493	098
7406	23	3023	098
2153	6	30	098
2016	6	116	098
9018	23	3023	098
1850	23	2951	098
1941	5	1943	098
2142	6	2009	098
1945	6	405	098
742	1	748	098
702	6	28	098
3227	12	46	098
1894	23	2920	098
728	1	405	098
3219	12	2027	098
1525	6	29	098
494	1	28	098
1502	1	416	098
8516	23	2981	098
610	1	416	098
443	1	416	098
717	1	636	098
2729	23	2935	098
473	1	416	098
2090	6	116	098
1961	6	2009	098
845	1	28	098
2130	6	2009	098
2911	10	2720	098
1394	6	115	098
6878	23	12520	098
6414	23	2935	098
2770	9	2540	098
2530	14	3431	098
2105	6	30	098
921	6	30	098
178	6	116	098
1644	1	207	098
2530	14	3431	098
2082	15	5057	098
3577	14	3437	098
8301	23	3060	098
2021	6	405	098
1133	6	30	098
2917	9	2593	098
172	1	402	098
8943	23	2951	098
2852	23	2952	098
919	1	921	098
1912	6	405	098
2769	9	2476	098
2793	10	2924	098
8863	17	5935	098
675	6	405	098
2026	6	30	098
8863	17	6190	098
588	6	30	098
381	6	405	098
2894	9	2540	098
25	15	5024	098
17	1	18	098
47	1	48	098
675	15	4990	098
17	6	30	098
921	1	30	098
2809	17	5818	098
4281	14	4155	098
720	1	28	098
711	1	28	098
310	15	5088	098
3040	23	3023	098
4885	17	8813	098
88	6	30	098
2909	9	2720	098
1975	6	2009	098
6371	23	3023	098
675	15	5120	098
446	1	405	098
702	1	28	098
309	15	5088	098
2917	10	2942	098
658	1	173	098
2073	6	2009	098
2102	6	2040	098
25	15	4990	098
25	6	30	098
578	1	28	098
1110	15	5120	098
1429	6	30	098
8385	23	2981	098
1983	6	405	098
1957	6	405	098
44	5	25	098
728	15	4988	098
1958	6	2009	098
1133	15	4990	098
630	6	30	098
2789	9	2705	098
2159	6	30	098
2135	6	2009	098
2121	6	405	098
1850	23	2951	098
205	1	207	098
2091	6	405	098
8842	23	3023	098
675	1	320	098
2172	6	2009	098
1841	23	2997	098
759	1	28	098
492	15	5088	098
1592	6	30	098
3192	12	2175	098
2629	9	2520	098
2832	9	2606	098
3209	12	30	098
4281	14	4156	098
113	6	30	098
47	6	30	098
1100	6	28	098
3236	23	3023	098
8730	23	2951	098
2030	6	2009	098
2094	6	2040	098
2127	6	171	098
2587	9	2588	098
2702	9	2705	098
1941	6	2009	098
3086	23	12527	098
4281	14	4282	098
5348	15	5088	098
2020	6	2009	098
2836	9	2705	098
3228	12	117	098
2809	17	5817	098
769	1	28	098
169	1	173	098
2119	6	2045	098
191	6	30	098
786	15	5088	098
8863	17	5818	098
3236	23	12520	098
6878	23	12520	098
2909	9	2593	098
2729	23	2966	098
776	15	5088	098
2068	6	405	098
5158	15	5088	098
396	6	30	098
2793	9	2476	098
2837	9	2482	098
2164	6	116	098
2124	6	116	098
104	1	107	098
3193	12	2155	098
2034	6	116	098
4281	14	4283	098
3040	23	12544	098
1983	15	5024	098
399	1	405	098
6371	23	3023	098
2693	12	28	098
428	6	405	098
8863	17	5817	098
303	1	416	098
8943	23	3023	098
2539	9	2540	098
8730	23	3026	098
3040	23	12544	098
2134	6	29	098
2074	6	405	098
584	6	405	098
169	6	405	098
1970	6	2040	098
7403	17	5818	098
6529	23	3023	098
2903	11	3089	098
205	15	4990	098
2785	9	2520	098
2011	6	30	098
444	1	405	098
473	6	2040	098
205	6	30	098
3068	23	3027	098
1866	12	170	098
8385	23	3023	098
636	1	172	098
509	6	30	098
3143	11	3087	098
1947	6	405	098
114	1	116	098
8824	23	2977	098
2177	6	405	098
3200	12	2055	098
583	1	584	098
6414	23	2935	098
2785	9	2593	098
100	6	30	098
2069	6	2018	098
7847	23	2966	098
19	6	2009	098
381	1	405	098
142	6	30	098
607	15	4990	098
2071	6	30	098
8571	23	12518	098
8863	17	5816	098
44	6	30	098
6529	23	2952	098
2911	9	2482	098
1956	6	2009	098
1588	6	30	098
191	1	30	098
2691	23	3023	098
6878	23	2966	098
2116	6	2018	098
6726	23	2966	098
2773	14	3641	099
2097	6	30	099
206	1	207	099
2156	6	30	099
2046	6	2009	099
2539	9	2482	099
2129	6	30	099
2521	9	2482	099
2644	9	2593	099
6006	17	5818	099
12503	23	12520	099
2169	6	29	099
765	6	30	099
492	1	493	099
3025	10	3026	099
3231	12	29	099
2587	9	2476	099
776	1	493	099
7406	23	3023	099
2153	6	30	099
2016	6	116	099
9018	23	3023	099
1850	23	2951	099
1941	5	1943	099
2142	6	2009	099
1945	6	405	099
742	1	748	099
702	6	28	099
3227	12	46	099
1894	23	2920	099
728	1	405	099
3219	12	2027	099
1525	6	29	099
494	1	28	099
1502	1	416	099
8516	23	2981	099
610	1	416	099
443	1	416	099
717	1	636	099
2729	23	2935	099
473	1	416	099
2090	6	116	099
1961	6	2009	099
845	1	28	099
2130	6	2009	099
2911	10	2720	099
1394	6	115	099
6878	23	12520	099
6414	23	2935	099
2770	9	2540	099
2530	14	3431	099
2105	6	30	099
921	6	30	099
178	6	116	099
1644	1	207	099
2530	14	3431	099
2082	15	5057	099
3577	14	3437	099
8301	23	3060	099
2021	6	405	099
1133	6	30	099
2917	9	2593	099
172	1	402	099
8943	23	2951	099
2852	23	2952	099
919	1	921	099
1912	6	405	099
2769	9	2476	099
2793	10	2924	099
8863	17	5935	099
675	6	405	099
1841	4	1842	099
2026	6	30	099
8863	17	6190	099
588	6	30	099
381	6	405	099
2894	9	2540	099
25	15	5024	099
17	1	18	099
47	1	48	099
675	15	4990	099
17	6	30	099
921	1	30	099
2809	17	5818	099
4281	14	4155	099
720	1	28	099
711	1	28	099
310	15	5088	099
3040	23	3023	099
4885	17	8813	099
88	6	30	099
2909	9	2720	099
1975	6	2009	099
2897	9	2482	099
6371	23	3023	099
675	15	5120	099
446	1	405	099
702	1	28	099
309	15	5088	099
2917	10	2942	099
658	1	173	099
2073	6	2009	099
2102	6	2040	099
25	15	4990	099
25	6	30	099
578	1	28	099
1110	15	5120	099
1429	6	30	099
8385	23	2981	099
1983	6	405	099
1957	6	405	099
44	5	25	099
728	15	4988	099
1958	6	2009	099
1133	15	4990	099
630	6	30	099
2789	9	2705	099
2159	6	30	099
2135	6	2009	099
2121	6	405	099
1850	23	2951	099
205	1	207	099
2091	6	405	099
8842	23	3023	099
675	1	320	099
2172	6	2009	099
1841	23	2997	099
759	1	28	099
492	15	5088	099
1592	6	30	099
3192	12	2175	099
2629	9	2520	099
2832	9	2606	099
3209	12	30	099
4281	14	4156	099
113	6	30	099
47	6	30	099
1100	6	28	099
3236	23	3023	099
8730	23	2951	099
2030	6	2009	099
2094	6	2040	099
2127	6	171	099
2587	9	2588	099
2702	9	2705	099
1941	6	2009	099
3086	23	12527	099
5348	15	5088	099
2020	6	2009	099
2836	9	2705	099
3228	12	117	099
2809	17	5817	099
769	1	28	099
169	1	173	099
2119	6	2045	099
191	6	30	099
786	15	5088	099
8863	17	5818	099
3236	23	12520	099
6878	23	12520	099
2909	9	2593	099
2729	23	2966	099
776	15	5088	099
2068	6	405	099
5158	15	5088	099
396	6	30	099
2793	9	2476	099
2837	9	2482	099
2164	6	116	099
2124	6	116	099
104	1	107	099
3193	12	2155	099
2034	6	116	099
4281	14	4283	099
3040	23	12544	099
1983	15	5024	099
399	1	405	099
6371	23	3023	099
2693	12	28	099
428	6	405	099
8863	17	5817	099
303	1	416	099
8943	23	3023	099
636	1	479	099
2539	9	2540	099
8730	23	3026	099
3040	23	12544	099
2134	6	29	099
2074	6	405	099
584	6	405	099
169	6	405	099
1970	6	2040	099
7403	17	5818	099
6529	23	3023	099
2903	11	3089	099
205	15	4990	099
2785	9	2520	099
2011	6	30	099
444	1	405	099
473	6	2040	099
205	6	30	099
3068	23	3027	099
1866	12	170	099
8385	23	3023	099
636	1	172	099
509	6	30	099
3143	11	3087	099
1947	6	405	099
114	1	116	099
8824	23	2977	099
2177	6	405	099
3200	12	2055	099
583	1	584	099
1424	1	479	099
6414	23	2935	099
2785	9	2593	099
100	6	30	099
2069	6	2018	099
7847	23	2966	099
19	6	2009	099
381	1	405	099
3200	17	5817	099
142	6	30	099
607	15	4990	099
2071	6	30	099
8571	23	12518	099
8863	17	5816	099
44	6	30	099
6529	23	2952	099
2911	9	2482	099
1956	6	2009	099
1588	6	30	099
191	1	30	099
2691	23	3023	099
6878	23	2966	099
2116	6	2018	099
6726	23	2966	099
2773	14	3641	100
2097	6	30	100
206	1	207	100
2156	6	30	100
2046	6	2009	100
2539	9	2482	100
2129	6	30	100
2521	9	2482	100
2644	9	2593	100
6006	17	5818	100
12503	23	12520	100
2169	6	29	100
765	6	30	100
492	1	493	100
3025	10	3026	100
3231	12	29	100
2587	9	2476	100
776	1	493	100
7406	23	3023	100
2153	6	30	100
2016	6	116	100
9018	23	3023	100
1850	23	2951	100
1941	5	1943	100
2142	6	2009	100
1945	6	405	100
742	1	748	100
702	6	28	100
3227	12	46	100
1894	23	2920	100
728	1	405	100
3219	12	2027	100
1525	6	29	100
494	1	28	100
1502	1	416	100
8516	23	2981	100
610	1	416	100
443	1	416	100
717	1	636	100
2729	23	2935	100
473	1	416	100
2090	6	116	100
1961	6	2009	100
845	1	28	100
2130	6	2009	100
2911	10	2720	100
1394	6	115	100
6878	23	12520	100
6414	23	2935	100
2770	9	2540	100
2105	6	30	100
921	6	30	100
178	6	116	100
1644	1	207	100
2530	14	3431	100
2082	15	5057	100
3577	14	3437	100
8301	23	3060	100
2021	6	405	100
1133	6	30	100
2917	9	2593	100
172	1	402	100
8943	23	2951	100
2852	23	2952	100
919	1	921	100
1912	6	405	100
2769	9	2476	100
2793	10	2924	100
8863	17	5935	100
675	6	405	100
2026	6	30	100
8863	17	6190	100
588	6	30	100
381	6	405	100
2894	9	2540	100
25	15	5024	100
17	1	18	100
47	1	48	100
675	15	4990	100
17	6	30	100
921	1	30	100
2809	17	5818	100
4281	14	4155	100
720	1	28	100
711	1	28	100
310	15	5088	100
3040	23	3023	100
4885	17	8813	100
88	6	30	100
2909	9	2720	100
1975	6	2009	100
2897	9	2482	100
6371	23	3023	100
675	15	5120	100
446	1	405	100
702	1	28	100
309	15	5088	100
2917	10	2942	100
658	1	173	100
2073	6	2009	100
2102	6	2040	100
25	15	4990	100
25	6	30	100
578	1	28	100
1110	15	5120	100
1429	6	30	100
8385	23	2981	100
1983	6	405	100
1957	6	405	100
44	5	25	100
728	15	4988	100
1958	6	2009	100
1133	15	4990	100
630	6	30	100
2789	9	2705	100
2159	6	30	100
2135	6	2009	100
2121	6	405	100
1850	23	2951	100
205	1	207	100
2091	6	405	100
8842	23	3023	100
675	1	320	100
2172	6	2009	100
1841	23	2997	100
759	1	28	100
492	15	5088	100
1592	6	30	100
3192	12	2175	100
2629	9	2520	100
2832	9	2606	100
3209	12	30	100
4281	14	4156	100
113	6	30	100
47	6	30	100
1100	6	28	100
3236	23	3023	100
8730	23	2951	100
2030	6	2009	100
2094	6	2040	100
2127	6	171	100
2587	9	2588	100
2702	9	2705	100
1941	6	2009	100
3086	23	12527	100
5348	15	5088	100
2020	6	2009	100
2836	9	2705	100
3228	12	117	100
8950	17	6245	100
2809	17	5817	100
769	1	28	100
169	1	173	100
2119	6	2045	100
191	6	30	100
786	15	5088	100
8863	17	5818	100
3236	23	12520	100
6878	23	12520	100
2909	9	2593	100
2729	23	2966	100
776	15	5088	100
2068	6	405	100
5158	15	5088	100
396	6	30	100
2793	9	2476	100
2837	9	2482	100
2164	6	116	100
2124	6	116	100
104	1	107	100
3193	12	2155	100
2034	6	116	100
4281	14	4283	100
3040	23	12544	100
1983	15	5024	100
399	1	405	100
6371	23	3023	100
2693	12	28	100
428	6	405	100
8863	17	5817	100
303	1	416	100
8943	23	3023	100
636	1	479	100
2539	9	2540	100
8730	23	3026	100
3040	23	12544	100
2134	6	29	100
2074	6	405	100
584	6	405	100
169	6	405	100
1970	6	2040	100
7403	17	5818	100
6529	23	3023	100
2903	11	3089	100
205	15	4990	100
2785	9	2520	100
2011	6	30	100
4281	14	4155	100
444	1	405	100
473	6	2040	100
205	6	30	100
3068	23	3027	100
1866	12	170	100
8385	23	3023	100
636	1	172	100
509	6	30	100
3143	11	3087	100
1947	6	405	100
114	1	116	100
8824	23	2977	100
2177	6	405	100
3200	12	2055	100
583	1	584	100
1424	1	479	100
6414	23	2935	100
2785	9	2593	100
100	6	30	100
2069	6	2018	100
7847	23	2966	100
19	6	2009	100
381	1	405	100
142	6	30	100
607	15	4990	100
2071	6	30	100
8571	23	12518	100
8863	17	5816	100
44	6	30	100
6529	23	2952	100
2911	9	2482	100
1956	6	2009	100
1588	6	30	100
191	1	30	100
2691	23	3023	100
3215	12	2009	100
6878	23	2966	100
2116	6	2018	100
6726	23	2966	100
2773	14	3641	101
2097	6	30	101
206	1	207	101
2156	6	30	101
2046	6	2009	101
2539	9	2482	101
2129	6	30	101
2521	9	2482	101
2644	9	2593	101
6006	17	5818	101
12503	23	12520	101
2169	6	29	101
765	6	30	101
492	1	493	101
3025	10	3026	101
3231	12	29	101
2587	9	2476	101
776	1	493	101
7406	23	3023	101
2153	6	30	101
2016	6	116	101
9018	23	3023	101
1850	23	2951	101
1941	5	1943	101
2142	6	2009	101
1945	6	405	101
742	1	748	101
702	6	28	101
3227	12	46	101
1894	23	2920	101
728	1	405	101
3219	12	2027	101
1525	6	29	101
494	1	28	101
1502	1	416	101
8516	23	2981	101
610	1	416	101
443	1	416	101
3032	17	5912	101
717	1	636	101
2729	23	2935	101
473	1	416	101
2090	6	116	101
1961	6	2009	101
845	1	28	101
2130	6	2009	101
2911	10	2720	101
1394	6	115	101
6878	23	12520	101
6414	23	2935	101
2770	9	2540	101
2105	6	30	101
921	6	30	101
178	6	116	101
1644	1	207	101
2530	14	3431	101
2082	15	5057	101
3577	14	3437	101
8301	23	3060	101
2021	6	405	101
1133	6	30	101
2917	9	2593	101
172	1	402	101
8943	23	2951	101
2852	23	2952	101
919	1	921	101
1912	6	405	101
2769	9	2476	101
2793	10	2924	101
8863	17	5935	101
675	6	405	101
2026	6	30	101
8863	17	6190	101
588	6	30	101
381	6	405	101
2894	9	2540	101
25	15	5024	101
17	1	18	101
47	1	48	101
675	15	4990	101
17	6	30	101
921	1	30	101
2809	17	5818	101
720	1	28	101
711	1	28	101
310	15	5088	101
3040	23	3023	101
4885	17	8813	101
88	6	30	101
2909	9	2720	101
1975	6	2009	101
2897	9	2482	101
6371	23	3023	101
675	15	5120	101
446	1	405	101
702	1	28	101
309	15	5088	101
4826	14	3711	101
2917	10	2942	101
658	1	173	101
2073	6	2009	101
2102	6	2040	101
25	15	4990	101
25	6	30	101
578	1	28	101
1110	15	5120	101
1429	6	30	101
8385	23	2981	101
1983	6	405	101
1957	6	405	101
44	5	25	101
728	15	4988	101
1958	6	2009	101
1133	15	4990	101
630	6	30	101
2789	9	2705	101
2159	6	30	101
2135	6	2009	101
2121	6	405	101
1850	23	2951	101
205	1	207	101
2091	6	405	101
8842	23	3023	101
675	1	320	101
2172	6	2009	101
1841	23	2997	101
759	1	28	101
492	15	5088	101
1592	6	30	101
3192	12	2175	101
2629	9	2520	101
2832	9	2606	101
3209	12	30	101
113	6	30	101
47	6	30	101
1100	6	28	101
3236	23	3023	101
8730	23	2951	101
2030	6	2009	101
2094	6	2040	101
2127	6	171	101
2587	9	2588	101
2702	9	2705	101
1941	6	2009	101
3086	23	12527	101
5348	15	5088	101
2020	6	2009	101
2836	9	2705	101
3228	12	117	101
2809	17	5817	101
769	1	28	101
169	1	173	101
2119	6	2045	101
191	6	30	101
786	15	5088	101
8863	17	5818	101
3236	23	12520	101
6878	23	12520	101
2909	9	2593	101
2729	23	2966	101
776	15	5088	101
2068	6	405	101
5158	15	5088	101
396	6	30	101
2793	9	2476	101
2837	9	2482	101
2164	6	116	101
2124	6	116	101
104	1	107	101
3193	12	2155	101
2034	6	116	101
3593	14	3544	101
3040	23	12544	101
1983	15	5024	101
399	1	405	101
6371	23	3023	101
2693	12	28	101
428	6	405	101
8863	17	5817	101
303	1	416	101
8943	23	3023	101
636	1	479	101
2539	9	2540	101
8730	23	3026	101
3040	23	12544	101
2134	6	29	101
2074	6	405	101
584	6	405	101
169	6	405	101
1970	6	2040	101
7403	17	5818	101
6529	23	3023	101
2903	11	3089	101
205	15	4990	101
2785	9	2520	101
2011	6	30	101
444	1	405	101
473	6	2040	101
205	6	30	101
3068	23	3027	101
1866	12	170	101
8385	23	3023	101
636	1	172	101
509	6	30	101
3143	11	3087	101
1947	6	405	101
114	1	116	101
8824	23	2977	101
2177	6	405	101
3200	12	2055	101
583	1	584	101
1424	1	479	101
6414	23	2935	101
2785	9	2593	101
100	6	30	101
2069	6	2018	101
7847	23	2966	101
19	6	2009	101
381	1	405	101
142	6	30	101
607	15	4990	101
2071	6	30	101
8571	23	12518	101
8863	17	5816	101
44	6	30	101
6529	23	2952	101
2911	9	2482	101
1956	6	2009	101
1588	6	30	101
191	1	30	101
2691	23	3023	101
3215	12	2009	101
6878	23	2966	101
2116	6	2018	101
6726	23	2966	101
2773	14	3641	102
2097	6	30	102
206	1	207	102
2156	6	30	102
2046	6	2009	102
2539	9	2482	102
2129	6	30	102
2521	9	2482	102
2644	9	2593	102
6006	17	5818	102
12503	23	12520	102
2169	6	29	102
765	6	30	102
492	1	493	102
3025	10	3026	102
3231	12	29	102
2587	9	2476	102
776	1	493	102
7406	23	3023	102
2153	6	30	102
2016	6	116	102
9018	23	3023	102
1850	23	2951	102
1941	5	1943	102
2142	6	2009	102
1945	6	405	102
742	1	748	102
702	6	28	102
3227	12	46	102
1894	23	2920	102
728	1	405	102
3219	12	2027	102
1525	6	29	102
494	1	28	102
1502	1	416	102
8550	17	5873	102
8516	23	2981	102
610	1	416	102
443	1	416	102
717	1	636	102
2729	23	2935	102
473	1	416	102
2090	6	116	102
1961	6	2009	102
845	1	28	102
2130	6	2009	102
2911	10	2720	102
1394	6	115	102
6878	23	12520	102
6414	23	2935	102
2770	9	2540	102
2105	6	30	102
921	6	30	102
178	6	116	102
1644	1	207	102
2530	14	3431	102
2082	15	5057	102
3577	14	3437	102
8301	23	3060	102
2021	6	405	102
1133	6	30	102
2917	9	2593	102
172	1	402	102
8943	23	2951	102
2852	23	2952	102
919	1	921	102
1912	6	405	102
2769	9	2476	102
2793	10	2924	102
8863	17	5935	102
675	6	405	102
2026	6	30	102
8863	17	6190	102
588	6	30	102
381	6	405	102
2894	9	2540	102
25	15	5024	102
17	1	18	102
47	1	48	102
675	15	4990	102
17	6	30	102
921	1	30	102
9012	17	5818	102
2809	17	5818	102
720	1	28	102
711	1	28	102
310	15	5088	102
3040	23	3023	102
4885	17	8813	102
88	6	30	102
2909	9	2720	102
1975	6	2009	102
2897	9	2482	102
6371	23	3023	102
675	15	5120	102
446	1	405	102
702	1	28	102
309	15	5088	102
4826	14	3711	102
2917	10	2942	102
658	1	173	102
2073	6	2009	102
2102	6	2040	102
25	15	4990	102
25	6	30	102
578	1	28	102
1110	15	5120	102
8475	17	6242	102
1429	6	30	102
8385	23	2981	102
1983	6	405	102
1957	6	405	102
44	5	25	102
728	15	4988	102
1958	6	2009	102
1133	15	4990	102
630	6	30	102
2789	9	2705	102
2159	6	30	102
2135	6	2009	102
2121	6	405	102
1850	23	2951	102
205	1	207	102
2091	6	405	102
8842	23	3023	102
675	1	320	102
2172	6	2009	102
1841	23	2997	102
759	1	28	102
492	15	5088	102
1592	6	30	102
3192	12	2175	102
2629	9	2520	102
2832	9	2606	102
3209	12	30	102
8008	17	5912	102
113	6	30	102
47	6	30	102
1100	6	28	102
3236	23	3023	102
8730	23	2951	102
2030	6	2009	102
2094	6	2040	102
2127	6	171	102
2587	9	2588	102
2702	9	2705	102
1941	6	2009	102
3086	23	12527	102
5348	15	5088	102
2020	6	2009	102
2836	9	2705	102
3228	12	117	102
2809	17	5817	102
769	1	28	102
169	1	173	102
2119	6	2045	102
191	6	30	102
786	15	5088	102
8863	17	5818	102
3236	23	12520	102
6878	23	12520	102
2909	9	2593	102
2729	23	2966	102
776	15	5088	102
2068	6	405	102
5158	15	5088	102
396	6	30	102
2793	9	2476	102
2837	9	2482	102
2164	6	116	102
2124	6	116	102
104	1	107	102
3193	12	2155	102
2034	6	116	102
3593	14	3544	102
3040	23	12544	102
1983	15	5024	102
399	1	405	102
6371	23	3023	102
2693	12	28	102
428	6	405	102
8863	17	5817	102
303	1	416	102
8943	23	3023	102
636	1	479	102
2539	9	2540	102
8730	23	3026	102
3040	23	12544	102
2134	6	29	102
2074	6	405	102
584	6	405	102
169	6	405	102
1970	6	2040	102
7403	17	5818	102
6529	23	3023	102
2903	11	3089	102
205	15	4990	102
2785	9	2520	102
2011	6	30	102
444	1	405	102
473	6	2040	102
205	6	30	102
3068	23	3027	102
1866	12	170	102
8385	23	3023	102
636	1	172	102
509	6	30	102
3143	11	3087	102
1947	6	405	102
114	1	116	102
8824	23	2977	102
2177	6	405	102
3200	12	2055	102
583	1	584	102
1424	1	479	102
6414	23	2935	102
2785	9	2593	102
100	6	30	102
2069	6	2018	102
7847	23	2966	102
19	6	2009	102
381	1	405	102
142	6	30	102
607	15	4990	102
2071	6	30	102
8571	23	12518	102
8863	17	5816	102
44	6	30	102
6529	23	2952	102
2911	9	2482	102
1956	6	2009	102
1588	6	30	102
191	1	30	102
2691	23	3023	102
3215	12	2009	102
6878	23	2966	102
2116	6	2018	102
6726	23	2966	102
2097	6	30	103
206	1	207	103
2156	6	30	103
2046	6	2009	103
2539	9	2482	103
2129	6	30	103
2521	9	2482	103
2644	9	2593	103
6006	17	5818	103
12503	23	12520	103
2169	6	29	103
765	6	30	103
492	1	493	103
3231	12	29	103
2587	9	2476	103
776	1	493	103
6234	17	6237	103
7406	23	3023	103
2153	6	30	103
2016	6	116	103
9018	23	3023	103
1850	23	2951	103
1941	5	1943	103
2142	6	2009	103
1945	6	405	103
742	1	748	103
702	6	28	103
3227	12	46	103
1894	23	2920	103
728	1	405	103
3219	12	2027	103
1525	6	29	103
494	1	28	103
1502	1	416	103
8516	23	2981	103
610	1	416	103
443	1	416	103
717	1	636	103
2729	23	2935	103
473	1	416	103
2090	6	116	103
1961	6	2009	103
845	1	28	103
2130	6	2009	103
2911	10	2720	103
1394	6	115	103
6878	23	12520	103
2809	9	2705	103
6414	23	2935	103
2770	9	2540	103
2105	6	30	103
921	6	30	103
178	6	116	103
1644	1	207	103
2530	14	3431	103
2082	15	5057	103
3577	14	3437	103
8301	23	3060	103
2021	6	405	103
1133	6	30	103
2917	9	2593	103
172	1	402	103
8943	23	2951	103
2852	23	2952	103
919	1	921	103
1912	6	405	103
2769	9	2476	103
2793	10	2924	103
8863	17	5935	103
675	6	405	103
2026	6	30	103
8863	17	6190	103
588	6	30	103
381	6	405	103
2894	9	2540	103
25	15	5024	103
17	1	18	103
7382	17	6403	103
47	1	48	103
675	15	4990	103
17	6	30	103
921	1	30	103
2809	17	5818	103
720	1	28	103
711	1	28	103
310	15	5088	103
3040	23	3023	103
4885	17	8813	103
88	6	30	103
4826	14	3711	103
2909	9	2720	103
1975	6	2009	103
2897	9	2482	103
6371	23	3023	103
675	15	5120	103
446	1	405	103
702	1	28	103
309	15	5088	103
2917	10	2942	103
658	1	173	103
2073	6	2009	103
2102	6	2040	103
25	15	4990	103
25	6	30	103
578	1	28	103
1110	15	5120	103
1429	6	30	103
8385	23	2981	103
1983	6	405	103
1957	6	405	103
44	5	25	103
728	15	4988	103
1958	6	2009	103
1133	15	4990	103
630	6	30	103
2789	9	2705	103
2159	6	30	103
2135	6	2009	103
2121	6	405	103
1850	23	2951	103
205	1	207	103
2091	6	405	103
8842	23	3023	103
675	1	320	103
2172	6	2009	103
1841	23	2997	103
759	1	28	103
492	15	5088	103
1592	6	30	103
3192	12	2175	103
2629	9	2520	103
2832	9	2606	103
7382	17	6988	103
3209	12	30	103
113	6	30	103
47	6	30	103
1100	6	28	103
3236	23	3023	103
8730	23	2951	103
2030	6	2009	103
2094	6	2040	103
2127	6	171	103
2587	9	2588	103
2702	9	2705	103
1941	6	2009	103
3086	23	12527	103
5348	15	5088	103
2020	6	2009	103
2836	9	2705	103
3228	12	117	103
2809	17	5817	103
769	1	28	103
169	1	173	103
2119	6	2045	103
191	6	30	103
786	15	5088	103
8863	17	5818	103
8950	17	6623	103
3236	23	12520	103
6878	23	12520	103
2909	9	2593	103
2729	23	2966	103
776	15	5088	103
2068	6	405	103
5158	15	5088	103
396	6	30	103
2793	9	2476	103
2837	9	2482	103
2164	6	116	103
2124	6	116	103
104	1	107	103
3193	12	2155	103
2034	6	116	103
3593	14	3544	103
3040	23	12544	103
1983	15	5024	103
399	1	405	103
6371	23	3023	103
2693	12	28	103
428	6	405	103
8863	17	5817	103
303	1	416	103
8943	23	3023	103
636	1	479	103
2539	9	2540	103
8730	23	3026	103
3040	23	12544	103
2134	6	29	103
2074	6	405	103
584	6	405	103
169	6	405	103
1970	6	2040	103
7403	17	5818	103
6529	23	3023	103
2903	11	3089	103
205	15	4990	103
2785	9	2520	103
2011	6	30	103
444	1	405	103
473	6	2040	103
205	6	30	103
3068	23	3027	103
1866	12	170	103
8385	23	3023	103
636	1	172	103
509	6	30	103
3143	11	3087	103
1947	6	405	103
114	1	116	103
8824	23	2977	103
2177	6	405	103
3200	12	2055	103
583	1	584	103
1424	1	479	103
6414	23	2935	103
2785	9	2593	103
100	6	30	103
2069	6	2018	103
7847	23	2966	103
19	6	2009	103
381	1	405	103
142	6	30	103
607	15	4990	103
2071	6	30	103
8571	23	12518	103
8863	17	5816	103
44	6	30	103
6529	23	2952	103
2911	9	2482	103
1956	6	2009	103
1588	6	30	103
191	1	30	103
2691	23	3023	103
3215	12	2009	103
6878	23	2966	103
2116	6	2018	103
6726	23	2966	103
2097	6	30	104
206	1	207	104
2156	6	30	104
2046	6	2009	104
2539	9	2482	104
2129	6	30	104
2521	9	2482	104
2644	9	2593	104
6006	17	5818	104
12503	23	12520	104
2169	6	29	104
765	6	30	104
492	1	493	104
3231	12	29	104
2587	9	2476	104
776	1	493	104
7406	23	3023	104
2153	6	30	104
2016	6	116	104
9018	23	3023	104
1850	23	2951	104
1941	5	1943	104
2142	6	2009	104
7203	17	6491	104
1945	6	405	104
742	1	748	104
702	6	28	104
3227	12	46	104
1894	23	2920	104
728	1	405	104
3219	12	2027	104
1525	6	29	104
494	1	28	104
1502	1	416	104
8516	23	2981	104
610	1	416	104
443	1	416	104
717	1	636	104
2729	23	2935	104
473	1	416	104
2090	6	116	104
1961	6	2009	104
845	1	28	104
2130	6	2009	104
2911	10	2720	104
1394	6	115	104
6878	23	12520	104
2809	9	2705	104
6414	23	2935	104
2770	9	2540	104
2105	6	30	104
921	6	30	104
178	6	116	104
1644	1	207	104
2530	14	3431	104
2082	15	5057	104
3577	14	3437	104
8301	23	3060	104
2021	6	405	104
1133	6	30	104
2917	9	2593	104
172	1	402	104
8943	23	2951	104
2852	23	2952	104
919	1	921	104
1912	6	405	104
2769	9	2476	104
2793	10	2924	104
8863	17	5935	104
675	6	405	104
2026	6	30	104
428	15	5024	104
8863	17	6190	104
588	6	30	104
381	6	405	104
2894	9	2540	104
25	15	5024	104
2481	9	2482	104
17	1	18	104
47	1	48	104
675	15	4990	104
17	6	30	104
921	1	30	104
2809	17	5818	104
720	1	28	104
711	1	28	104
310	15	5088	104
3040	23	3023	104
4885	17	8813	104
88	6	30	104
4826	14	3711	104
2909	9	2720	104
1975	6	2009	104
2897	9	2482	104
6371	23	3023	104
675	15	5120	104
446	1	405	104
702	1	28	104
2770	9	2482	104
309	15	5088	104
2917	10	2942	104
658	1	173	104
2073	6	2009	104
2102	6	2040	104
25	15	4990	104
25	6	30	104
578	1	28	104
1110	15	5120	104
1429	6	30	104
8385	23	2981	104
1983	6	405	104
1957	6	405	104
44	5	25	104
728	15	4988	104
1958	6	2009	104
1133	15	4990	104
630	6	30	104
2789	9	2705	104
2159	6	30	104
2135	6	2009	104
2121	6	405	104
1850	23	2951	104
205	1	207	104
2091	6	405	104
8842	23	3023	104
675	1	320	104
2172	6	2009	104
1841	23	2997	104
759	1	28	104
492	15	5088	104
1592	6	30	104
3192	12	2175	104
2629	9	2520	104
2832	9	2606	104
3209	12	30	104
113	6	30	104
47	6	30	104
1100	6	28	104
3236	23	3023	104
8730	23	2951	104
2030	6	2009	104
2094	6	2040	104
2127	6	171	104
2587	9	2588	104
2702	9	2705	104
1941	6	2009	104
3086	23	12527	104
5348	15	5088	104
8550	17	5862	104
2020	6	2009	104
2836	9	2705	104
3228	12	117	104
2809	17	5817	104
769	1	28	104
169	1	173	104
2119	6	2045	104
191	6	30	104
786	15	5088	104
8863	17	5818	104
3236	23	12520	104
6878	23	12520	104
2909	9	2593	104
2729	23	2966	104
776	15	5088	104
2068	6	405	104
1912	15	5024	104
5158	15	5088	104
396	6	30	104
2793	9	2476	104
2837	9	2482	104
2164	6	116	104
2124	6	116	104
104	1	107	104
3193	12	2155	104
2034	6	116	104
3593	14	3544	104
3040	23	12544	104
1983	15	5024	104
399	1	405	104
6371	23	3023	104
2693	12	28	104
428	6	405	104
8863	17	5817	104
303	1	416	104
8943	23	3023	104
636	1	479	104
2539	9	2540	104
8730	23	3026	104
3040	23	12544	104
2134	6	29	104
2074	6	405	104
7203	17	6403	104
584	6	405	104
169	6	405	104
1970	6	2040	104
7403	17	5818	104
6529	23	3023	104
2903	11	3089	104
205	15	4990	104
2785	9	2520	104
2011	6	30	104
444	1	405	104
473	6	2040	104
205	6	30	104
3068	23	3027	104
1866	12	170	104
8385	23	3023	104
636	1	172	104
509	6	30	104
3143	11	3087	104
1947	6	405	104
114	1	116	104
8824	23	2977	104
2177	6	405	104
3200	12	2055	104
583	1	584	104
1424	1	479	104
6414	23	2935	104
2785	9	2593	104
100	6	30	104
2069	6	2018	104
7847	23	2966	104
19	6	2009	104
381	1	405	104
142	6	30	104
607	15	4990	104
2071	6	30	104
8571	23	12518	104
8863	17	5816	104
44	6	30	104
6529	23	2952	104
2911	9	2482	104
1956	6	2009	104
1588	6	30	104
191	1	30	104
2691	23	3023	104
3215	12	2009	104
6878	23	2966	104
2116	6	2018	104
6726	23	2966	104
2097	6	30	105
206	1	207	105
2156	6	30	105
2046	6	2009	105
2539	9	2482	105
2129	6	30	105
2521	9	2482	105
2644	9	2593	105
6006	17	5818	105
12503	23	12520	105
2169	6	29	105
765	6	30	105
492	1	493	105
3231	12	29	105
2587	9	2476	105
776	1	493	105
7406	23	3023	105
2153	6	30	105
2016	6	116	105
9018	23	3023	105
1850	23	2951	105
1941	5	1943	105
4586	17	5818	105
2142	6	2009	105
1945	6	405	105
742	1	748	105
8209	17	5873	105
702	6	28	105
3227	12	46	105
1894	23	2920	105
728	1	405	105
3219	12	2027	105
1525	6	29	105
494	1	28	105
1502	1	416	105
8516	23	2981	105
610	1	416	105
443	1	416	105
717	1	636	105
2729	23	2935	105
473	1	416	105
2090	6	116	105
1961	6	2009	105
845	1	28	105
2130	6	2009	105
2911	10	2720	105
1394	6	115	105
6878	23	12520	105
2809	9	2705	105
6414	23	2935	105
2770	9	2540	105
2105	6	30	105
921	6	30	105
178	6	116	105
1644	1	207	105
2530	14	3431	105
2082	15	5057	105
3577	14	3437	105
8301	23	3060	105
2021	6	405	105
1133	6	30	105
2917	9	2593	105
172	1	402	105
8943	23	2951	105
742	15	4990	105
2852	23	2952	105
919	1	921	105
1912	6	405	105
2769	9	2476	105
2793	10	2924	105
8863	17	5935	105
675	6	405	105
2026	6	30	105
428	15	5024	105
8863	17	6190	105
588	6	30	105
381	6	405	105
2894	9	2540	105
25	15	5024	105
2481	9	2482	105
17	1	18	105
47	1	48	105
2818	9	2482	105
675	15	4990	105
17	6	30	105
921	1	30	105
2809	17	5818	105
720	1	28	105
711	1	28	105
310	15	5088	105
3040	23	3023	105
4885	17	8813	105
88	6	30	105
2909	9	2720	105
1975	6	2009	105
2897	9	2482	105
6371	23	3023	105
675	15	5120	105
446	1	405	105
702	1	28	105
2770	9	2482	105
309	15	5088	105
2917	10	2942	105
658	1	173	105
2073	6	2009	105
2102	6	2040	105
25	15	4990	105
25	6	30	105
578	1	28	105
1110	15	5120	105
1429	6	30	105
8385	23	2981	105
2813	9	2482	105
1983	6	405	105
1957	6	405	105
44	5	25	105
1863	4	1839	105
2813	9	2482	105
728	15	4988	105
1958	6	2009	105
1133	15	4990	105
630	6	30	105
2789	9	2705	105
2159	6	30	105
2135	6	2009	105
2121	6	405	105
1850	23	2951	105
205	1	207	105
2091	6	405	105
8842	23	3023	105
675	1	320	105
2172	6	2009	105
1841	23	2997	105
759	1	28	105
492	15	5088	105
1592	6	30	105
3192	12	2175	105
2629	9	2520	105
2832	9	2606	105
3209	12	30	105
113	6	30	105
47	6	30	105
1100	6	28	105
3236	23	3023	105
8730	23	2951	105
2030	6	2009	105
2094	6	2040	105
2127	6	171	105
2587	9	2588	105
2702	9	2705	105
1941	6	2009	105
3086	23	12527	105
5348	15	5088	105
2020	6	2009	105
2836	9	2705	105
7382	17	6782	105
3228	12	117	105
2809	17	5817	105
769	1	28	105
169	1	173	105
2119	6	2045	105
191	6	30	105
786	15	5088	105
8863	17	5818	105
3236	23	12520	105
6878	23	12520	105
2909	9	2593	105
2729	23	2966	105
776	15	5088	105
2068	6	405	105
1912	15	5024	105
5158	15	5088	105
396	6	30	105
2793	9	2476	105
2837	9	2482	105
2164	6	116	105
2124	6	116	105
104	1	107	105
3193	12	2155	105
2034	6	116	105
3593	14	3544	105
3040	23	12544	105
1983	15	5024	105
399	1	405	105
6371	23	3023	105
2693	12	28	105
428	6	405	105
8863	17	5817	105
303	1	416	105
8943	23	3023	105
636	1	479	105
2539	9	2540	105
8730	23	3026	105
3040	23	12544	105
2134	6	29	105
2074	6	405	105
584	6	405	105
169	6	405	105
1970	6	2040	105
7403	17	5818	105
6529	23	3023	105
2903	11	3089	105
205	15	4990	105
2785	9	2520	105
2011	6	30	105
444	1	405	105
473	6	2040	105
205	6	30	105
3068	23	3027	105
1866	12	170	105
8385	23	3023	105
636	1	172	105
509	6	30	105
3143	11	3087	105
1947	6	405	105
114	1	116	105
8824	23	2977	105
2177	6	405	105
3200	12	2055	105
583	1	584	105
1424	1	479	105
6414	23	2935	105
2785	9	2593	105
100	6	30	105
2069	6	2018	105
7847	23	2966	105
19	6	2009	105
381	1	405	105
142	6	30	105
607	15	4990	105
2071	6	30	105
8571	23	12518	105
8863	17	5816	105
44	6	30	105
6529	23	2952	105
2911	9	2482	105
1956	6	2009	105
1588	6	30	105
191	1	30	105
2691	23	3023	105
3215	12	2009	105
6878	23	2966	105
2116	6	2018	105
6726	23	2966	105
2097	6	30	106
206	1	207	106
2156	6	30	106
2046	6	2009	106
2539	9	2482	106
2129	6	30	106
2521	9	2482	106
2644	9	2593	106
6006	17	5818	106
12503	23	12520	106
2169	6	29	106
765	6	30	106
492	1	493	106
3231	12	29	106
2587	9	2476	106
776	1	493	106
7406	23	3023	106
2153	6	30	106
2016	6	116	106
9018	23	3023	106
1850	23	2951	106
1941	5	1943	106
4586	17	5818	106
2142	6	2009	106
1945	6	405	106
742	1	748	106
702	6	28	106
3227	12	46	106
1894	23	2920	106
728	1	405	106
3219	12	2027	106
1525	6	29	106
494	1	28	106
1502	1	416	106
8516	23	2981	106
610	1	416	106
443	1	416	106
717	1	636	106
2729	23	2935	106
473	1	416	106
3233	12	2009	106
2090	6	116	106
1961	6	2009	106
845	1	28	106
2130	6	2009	106
2911	10	2720	106
1394	6	115	106
6878	23	12520	106
2809	9	2705	106
6414	23	2935	106
2770	9	2540	106
2105	6	30	106
921	6	30	106
178	6	116	106
2511	14	3711	106
1644	1	207	106
2530	14	3431	106
2082	15	5057	106
3577	14	3437	106
8301	23	3060	106
2021	6	405	106
1133	6	30	106
2917	9	2593	106
172	1	402	106
8943	23	2951	106
742	15	4990	106
2852	23	2952	106
919	1	921	106
1912	6	405	106
2769	9	2476	106
2793	10	2924	106
8863	17	5935	106
675	6	405	106
2026	6	30	106
428	15	5024	106
8863	17	6190	106
588	6	30	106
381	6	405	106
2894	9	2540	106
25	15	5024	106
17	1	18	106
47	1	48	106
2818	9	2482	106
675	15	4990	106
17	6	30	106
921	1	30	106
2809	17	5818	106
720	1	28	106
711	1	28	106
310	15	5088	106
3040	23	3023	106
4885	17	8813	106
88	6	30	106
2909	9	2720	106
1975	6	2009	106
2897	9	2482	106
6371	23	3023	106
675	15	5120	106
446	1	405	106
702	1	28	106
2770	9	2482	106
309	15	5088	106
2917	10	2942	106
658	1	173	106
2073	6	2009	106
2102	6	2040	106
25	15	4990	106
25	6	30	106
578	1	28	106
1110	15	5120	106
1429	6	30	106
8385	23	2981	106
2813	9	2482	106
1983	6	405	106
1957	6	405	106
44	5	25	106
728	15	4988	106
1958	6	2009	106
1133	15	4990	106
630	6	30	106
2789	9	2705	106
2159	6	30	106
2135	6	2009	106
2121	6	405	106
1850	23	2951	106
205	1	207	106
2091	6	405	106
8842	23	3023	106
675	1	320	106
2172	6	2009	106
1841	23	2997	106
759	1	28	106
492	15	5088	106
1592	6	30	106
3192	12	2175	106
2629	9	2520	106
2832	9	2606	106
3209	12	30	106
1863	23	3060	106
113	6	30	106
47	6	30	106
1100	6	28	106
3236	23	3023	106
8730	23	2951	106
2030	6	2009	106
2094	6	2040	106
2127	6	171	106
2587	9	2588	106
2702	9	2705	106
1941	6	2009	106
3086	23	12527	106
5348	15	5088	106
2020	6	2009	106
2836	9	2705	106
3228	12	117	106
2809	17	5817	106
769	1	28	106
169	1	173	106
2119	6	2045	106
191	6	30	106
786	15	5088	106
8863	17	5818	106
3236	23	12520	106
6878	23	12520	106
2909	9	2593	106
2729	23	2966	106
776	15	5088	106
2068	6	405	106
1912	15	5024	106
5158	15	5088	106
396	6	30	106
2793	9	2476	106
2837	9	2482	106
2164	6	116	106
2124	6	116	106
104	1	107	106
3193	12	2155	106
2034	6	116	106
3593	14	3544	106
3040	23	12544	106
1983	15	5024	106
399	1	405	106
6371	23	3023	106
2693	12	28	106
428	6	405	106
8863	17	5817	106
303	1	416	106
8943	23	3023	106
636	1	479	106
2539	9	2540	106
8730	23	3026	106
3040	23	12544	106
2134	6	29	106
2074	6	405	106
584	6	405	106
169	6	405	106
1970	6	2040	106
7403	17	5818	106
6529	23	3023	106
2903	11	3089	106
205	15	4990	106
8475	17	6110	106
2785	9	2520	106
2011	6	30	106
444	1	405	106
473	6	2040	106
205	6	30	106
3068	23	3027	106
1866	12	170	106
8385	23	3023	106
636	1	172	106
509	6	30	106
3143	11	3087	106
1947	6	405	106
114	1	116	106
8824	23	2977	106
2177	6	405	106
3200	12	2055	106
583	1	584	106
1424	1	479	106
6414	23	2935	106
2785	9	2593	106
100	6	30	106
2069	6	2018	106
7847	23	2966	106
3032	17	7129	106
19	6	2009	106
381	1	405	106
142	6	30	106
607	15	4990	106
2071	6	30	106
8571	23	12518	106
8863	17	5816	106
2979	17	6245	106
44	6	30	106
3521	14	3437	106
6529	23	2952	106
2911	9	2482	106
1956	6	2009	106
1588	6	30	106
191	1	30	106
2691	23	3023	106
3215	12	2009	106
6878	23	2966	106
2116	6	2018	106
6726	23	2966	106
2097	6	30	107
206	1	207	107
2156	6	30	107
2046	6	2009	107
2539	9	2482	107
2129	6	30	107
2521	9	2482	107
2644	9	2593	107
6006	17	5818	107
3425	14	3429	107
12503	23	12520	107
2169	6	29	107
765	6	30	107
492	1	493	107
3231	12	29	107
2587	9	2476	107
776	1	493	107
7406	23	3023	107
2153	6	30	107
2016	6	116	107
9018	23	3023	107
1850	23	2951	107
1941	5	1943	107
4586	17	5818	107
2142	6	2009	107
1945	6	405	107
742	1	748	107
702	6	28	107
3227	12	46	107
1894	23	2920	107
728	1	405	107
3219	12	2027	107
1525	6	29	107
494	1	28	107
1502	1	416	107
8516	23	2981	107
610	1	416	107
443	1	416	107
717	1	636	107
2729	23	2935	107
473	1	416	107
3233	12	2009	107
2090	6	116	107
1961	6	2009	107
845	1	28	107
2130	6	2009	107
2911	10	2720	107
8550	17	6436	107
1394	6	115	107
6878	23	12520	107
2809	9	2705	107
6414	23	2935	107
2770	9	2540	107
2105	6	30	107
921	6	30	107
178	6	116	107
2511	14	3711	107
1644	1	207	107
2530	14	3431	107
2082	15	5057	107
3577	14	3437	107
8301	23	3060	107
2021	6	405	107
1133	6	30	107
2917	9	2593	107
172	1	402	107
8943	23	2951	107
742	15	4990	107
2852	23	2952	107
919	1	921	107
1912	6	405	107
2769	9	2476	107
2793	10	2924	107
8863	17	5935	107
675	6	405	107
2026	6	30	107
428	15	5024	107
8863	17	6190	107
588	6	30	107
381	6	405	107
2894	9	2540	107
25	15	5024	107
17	1	18	107
8008	17	6719	107
47	1	48	107
2818	9	2482	107
675	15	4990	107
17	6	30	107
8876	17	7383	107
921	1	30	107
2809	17	5818	107
720	1	28	107
711	1	28	107
310	15	5088	107
3040	23	3023	107
4885	17	8813	107
88	6	30	107
2909	9	2720	107
1975	6	2009	107
2897	9	2482	107
6371	23	3023	107
675	15	5120	107
446	1	405	107
702	1	28	107
2770	9	2482	107
309	15	5088	107
2917	10	2942	107
658	1	173	107
2073	6	2009	107
2102	6	2040	107
25	15	4990	107
25	6	30	107
578	1	28	107
1110	15	5120	107
1429	6	30	107
8385	23	2981	107
2813	9	2482	107
1983	6	405	107
1957	6	405	107
44	5	25	107
728	15	4988	107
1958	6	2009	107
1133	15	4990	107
630	6	30	107
2789	9	2705	107
2159	6	30	107
2135	6	2009	107
2121	6	405	107
1850	23	2951	107
205	1	207	107
2091	6	405	107
8842	23	3023	107
675	1	320	107
2172	6	2009	107
1841	23	2997	107
759	1	28	107
492	15	5088	107
1592	6	30	107
3192	12	2175	107
2629	9	2520	107
2832	9	2606	107
3209	12	30	107
113	6	30	107
47	6	30	107
1100	6	28	107
3236	23	3023	107
8730	23	2951	107
2030	6	2009	107
2094	6	2040	107
2127	6	171	107
2587	9	2588	107
2702	9	2705	107
1941	6	2009	107
3086	23	12527	107
5348	15	5088	107
2020	6	2009	107
2836	9	2705	107
3228	12	117	107
2809	17	5817	107
769	1	28	107
3425	14	3430	107
169	1	173	107
2119	6	2045	107
191	6	30	107
786	15	5088	107
8863	17	5818	107
3236	23	12520	107
6878	23	12520	107
2909	9	2593	107
2729	23	2966	107
3808	14	3711	107
776	15	5088	107
2068	6	405	107
1912	15	5024	107
5158	15	5088	107
396	6	30	107
2793	9	2476	107
2837	9	2482	107
2164	6	116	107
2124	6	116	107
104	1	107	107
3193	12	2155	107
2034	6	116	107
3040	23	12544	107
1983	15	5024	107
399	1	405	107
6371	23	3023	107
2693	12	28	107
428	6	405	107
8863	17	5817	107
303	1	416	107
8943	23	3023	107
636	1	479	107
2539	9	2540	107
8730	23	3026	107
3040	23	12544	107
2134	6	29	107
2074	6	405	107
584	6	405	107
169	6	405	107
1970	6	2040	107
7403	17	5818	107
6529	23	3023	107
2903	11	3089	107
205	15	4990	107
2785	9	2520	107
2011	6	30	107
444	1	405	107
473	6	2040	107
205	6	30	107
3068	23	3027	107
1866	12	170	107
8385	23	3023	107
636	1	172	107
509	6	30	107
3143	11	3087	107
1947	6	405	107
114	1	116	107
8824	23	2977	107
2177	6	405	107
3200	12	2055	107
583	1	584	107
1424	1	479	107
6414	23	2935	107
2785	9	2593	107
100	6	30	107
2069	6	2018	107
7847	23	2966	107
19	6	2009	107
381	1	405	107
142	6	30	107
607	15	4990	107
2071	6	30	107
8571	23	12518	107
8863	17	5816	107
44	6	30	107
3521	14	3437	107
6529	23	2952	107
2911	9	2482	107
1956	6	2009	107
1588	6	30	107
191	1	30	107
2691	23	3023	107
3215	12	2009	107
6878	23	2966	107
2116	6	2018	107
6726	23	2966	107
2097	6	30	108
206	1	207	108
2156	6	30	108
2046	6	2009	108
2539	9	2482	108
2129	6	30	108
2521	9	2482	108
2644	9	2593	108
6006	17	5818	108
3425	14	3429	108
12503	23	12520	108
2169	6	29	108
765	6	30	108
492	1	493	108
3231	12	29	108
2587	9	2476	108
776	1	493	108
7406	23	3023	108
2153	6	30	108
2016	6	116	108
9018	23	3023	108
1850	23	2951	108
1941	5	1943	108
4586	17	5818	108
2142	6	2009	108
1945	6	405	108
742	1	748	108
702	6	28	108
3227	12	46	108
1894	23	2920	108
728	1	405	108
3219	12	2027	108
1525	6	29	108
494	1	28	108
1502	1	416	108
8516	23	2981	108
610	1	416	108
443	1	416	108
717	1	636	108
2729	23	2935	108
473	1	416	108
3233	12	2009	108
2090	6	116	108
1863	4	1829	108
1961	6	2009	108
845	1	28	108
2130	6	2009	108
2911	10	2720	108
1394	6	115	108
6878	23	12520	108
2809	9	2705	108
6414	23	2935	108
2770	9	2540	108
2105	6	30	108
921	6	30	108
178	6	116	108
1644	1	207	108
2530	14	3431	108
2082	15	5057	108
3577	14	3437	108
8301	23	3060	108
2021	6	405	108
1133	6	30	108
2917	9	2593	108
172	1	402	108
8943	23	2951	108
742	15	4990	108
2852	23	2952	108
919	1	921	108
8550	17	5872	108
1912	6	405	108
2769	9	2476	108
2793	10	2924	108
8863	17	5935	108
675	6	405	108
2026	6	30	108
3808	14	3648	108
428	15	5024	108
8863	17	6190	108
588	6	30	108
381	6	405	108
2894	9	2540	108
25	15	5024	108
17	1	18	108
4281	14	4283	108
47	1	48	108
2818	9	2482	108
675	15	4990	108
8883	17	6436	108
17	6	30	108
921	1	30	108
2809	17	5818	108
720	1	28	108
711	1	28	108
310	15	5088	108
3040	23	3023	108
4885	17	8813	108
88	6	30	108
2909	9	2720	108
1975	6	2009	108
2897	9	2482	108
6371	23	3023	108
675	15	5120	108
446	1	405	108
702	1	28	108
2770	9	2482	108
309	15	5088	108
2917	10	2942	108
658	1	173	108
2073	6	2009	108
2102	6	2040	108
25	15	4990	108
25	6	30	108
578	1	28	108
1110	15	5120	108
1429	6	30	108
8385	23	2981	108
2813	9	2482	108
1983	6	405	108
1957	6	405	108
44	5	25	108
728	15	4988	108
1958	6	2009	108
1133	15	4990	108
630	6	30	108
2789	9	2705	108
2159	6	30	108
2135	6	2009	108
2121	6	405	108
1850	23	2951	108
8982	17	5817	108
205	1	207	108
2091	6	405	108
8842	23	3023	108
675	1	320	108
2172	6	2009	108
1841	23	2997	108
759	1	28	108
492	15	5088	108
1592	6	30	108
3192	12	2175	108
8325	17	6066	108
2629	9	2520	108
2832	9	2606	108
3209	12	30	108
113	6	30	108
47	6	30	108
1100	6	28	108
3236	23	3023	108
8730	23	2951	108
2030	6	2009	108
2094	6	2040	108
2127	6	171	108
2587	9	2588	108
2702	9	2705	108
1941	6	2009	108
3086	23	12527	108
5348	15	5088	108
2020	6	2009	108
2836	9	2705	108
3228	12	117	108
2809	17	5817	108
769	1	28	108
3425	14	3430	108
169	1	173	108
2119	6	2045	108
191	6	30	108
786	15	5088	108
8863	17	5818	108
3236	23	12520	108
6878	23	12520	108
2909	9	2593	108
2729	23	2966	108
776	15	5088	108
2068	6	405	108
1912	15	5024	108
5158	15	5088	108
3808	14	3711	108
396	6	30	108
2793	9	2476	108
2837	9	2482	108
2164	6	116	108
2124	6	116	108
104	1	107	108
3193	12	2155	108
2034	6	116	108
3040	23	12544	108
1983	15	5024	108
399	1	405	108
6371	23	3023	108
2693	12	28	108
428	6	405	108
8863	17	5817	108
303	1	416	108
8943	23	3023	108
636	1	479	108
2539	9	2540	108
8730	23	3026	108
3040	23	12544	108
2134	6	29	108
2074	6	405	108
584	6	405	108
169	6	405	108
1970	6	2040	108
7403	17	5818	108
6529	23	3023	108
2903	11	3089	108
205	15	4990	108
2785	9	2520	108
2011	6	30	108
444	1	405	108
473	6	2040	108
205	6	30	108
3068	23	3027	108
1866	12	170	108
8385	23	3023	108
636	1	172	108
509	6	30	108
3143	11	3087	108
1947	6	405	108
114	1	116	108
8824	23	2977	108
2177	6	405	108
3200	12	2055	108
583	1	584	108
1424	1	479	108
6414	23	2935	108
2785	9	2593	108
100	6	30	108
2069	6	2018	108
7847	23	2966	108
19	6	2009	108
381	1	405	108
142	6	30	108
607	15	4990	108
2071	6	30	108
8571	23	12518	108
8863	17	5816	108
44	6	30	108
3521	14	3437	108
6529	23	2952	108
2911	9	2482	108
1956	6	2009	108
1588	6	30	108
191	1	30	108
2691	23	3023	108
3215	12	2009	108
6878	23	2966	108
2116	6	2018	108
6726	23	2966	108
2097	6	30	109
206	1	207	109
2156	6	30	109
2046	6	2009	109
2539	9	2482	109
2129	6	30	109
2521	9	2482	109
2644	9	2593	109
6006	17	5818	109
12503	23	12520	109
2169	6	29	109
765	6	30	109
492	1	493	109
3231	12	29	109
2587	9	2476	109
776	1	493	109
7406	23	3023	109
2153	6	30	109
2016	6	116	109
9018	23	3023	109
1850	23	2951	109
1941	5	1943	109
4586	17	5818	109
2142	6	2009	109
1945	6	405	109
742	1	748	109
702	6	28	109
3227	12	46	109
1894	23	2920	109
728	1	405	109
3219	12	2027	109
1525	6	29	109
494	1	28	109
1502	1	416	109
8516	23	2981	109
610	1	416	109
443	1	416	109
717	1	636	109
2729	23	2935	109
473	1	416	109
3233	12	2009	109
2090	6	116	109
1961	6	2009	109
845	1	28	109
3200	17	5816	109
2130	6	2009	109
2911	10	2720	109
1394	6	115	109
6878	23	12520	109
2809	9	2705	109
6414	23	2935	109
2770	9	2540	109
2105	6	30	109
921	6	30	109
178	6	116	109
1644	1	207	109
2530	14	3431	109
2082	15	5057	109
3577	14	3437	109
8301	23	3060	109
2021	6	405	109
1133	6	30	109
2917	9	2593	109
172	1	402	109
6234	17	6235	109
8943	23	2951	109
742	15	4990	109
2852	23	2952	109
919	1	921	109
1912	6	405	109
2769	9	2476	109
2793	10	2924	109
8863	17	5935	109
675	6	405	109
2026	6	30	109
428	15	5024	109
8863	17	6190	109
588	6	30	109
381	6	405	109
2894	9	2540	109
25	15	5024	109
17	1	18	109
8876	17	6491	109
4281	14	4283	109
47	1	48	109
2818	9	2482	109
675	15	4990	109
17	6	30	109
6839	17	6842	109
921	1	30	109
2809	17	5818	109
720	1	28	109
711	1	28	109
310	15	5088	109
3040	23	3023	109
4885	17	8813	109
88	6	30	109
2909	9	2720	109
1975	6	2009	109
2897	9	2482	109
6371	23	3023	109
675	15	5120	109
446	1	405	109
702	1	28	109
2770	9	2482	109
309	15	5088	109
2917	10	2942	109
658	1	173	109
2073	6	2009	109
2102	6	2040	109
25	15	4990	109
6831	17	6832	109
25	6	30	109
578	1	28	109
1110	15	5120	109
1429	6	30	109
8385	23	2981	109
2813	9	2482	109
3032	17	5873	109
1983	6	405	109
1957	6	405	109
44	5	25	109
728	15	4988	109
1958	6	2009	109
1133	15	4990	109
630	6	30	109
2789	9	2705	109
2159	6	30	109
2135	6	2009	109
2121	6	405	109
1850	23	2951	109
205	1	207	109
2091	6	405	109
8842	23	3023	109
675	1	320	109
2172	6	2009	109
1841	23	2997	109
759	1	28	109
492	15	5088	109
1592	6	30	109
3192	12	2175	109
2629	9	2520	109
2832	9	2606	109
3209	12	30	109
113	6	30	109
2511	14	3711	109
47	6	30	109
1100	6	28	109
3236	23	3023	109
8730	23	2951	109
2030	6	2009	109
2094	6	2040	109
2127	6	171	109
2587	9	2588	109
2702	9	2705	109
1941	6	2009	109
3086	23	12527	109
5348	15	5088	109
2020	6	2009	109
4717	14	3711	109
2836	9	2705	109
3228	12	117	109
2809	17	5817	109
769	1	28	109
3425	14	3430	109
169	1	173	109
2119	6	2045	109
191	6	30	109
786	15	5088	109
8863	17	5818	109
3236	23	12520	109
6878	23	12520	109
2909	9	2593	109
2729	23	2966	109
776	15	5088	109
2068	6	405	109
1912	15	5024	109
5158	15	5088	109
3808	14	3711	109
396	6	30	109
2793	9	2476	109
2837	9	2482	109
2164	6	116	109
2124	6	116	109
104	1	107	109
3193	12	2155	109
2034	6	116	109
3040	23	12544	109
1983	15	5024	109
2897	9	2540	109
399	1	405	109
6371	23	3023	109
7436	17	5935	109
2693	12	28	109
428	6	405	109
8863	17	5817	109
303	1	416	109
8943	23	3023	109
636	1	479	109
2539	9	2540	109
8730	23	3026	109
3040	23	12544	109
2134	6	29	109
2074	6	405	109
584	6	405	109
169	6	405	109
1970	6	2040	109
7403	17	5818	109
6529	23	3023	109
2903	11	3089	109
205	15	4990	109
2785	9	2520	109
2011	6	30	109
444	1	405	109
473	6	2040	109
205	6	30	109
3068	23	3027	109
1866	12	170	109
8385	23	3023	109
636	1	172	109
509	6	30	109
3143	11	3087	109
1947	6	405	109
114	1	116	109
8824	23	2977	109
2177	6	405	109
3200	12	2055	109
583	1	584	109
1424	1	479	109
6414	23	2935	109
2785	9	2593	109
100	6	30	109
2069	6	2018	109
7847	23	2966	109
19	6	2009	109
381	1	405	109
142	6	30	109
607	15	4990	109
2071	6	30	109
8571	23	12518	109
8863	17	5816	109
44	6	30	109
3521	14	3437	109
6529	23	2952	109
2911	9	2482	109
1956	6	2009	109
1588	6	30	109
191	1	30	109
2691	23	3023	109
3215	12	2009	109
6878	23	2966	109
2116	6	2018	109
6726	23	2966	109
2097	6	30	110
206	1	207	110
2156	6	30	110
2046	6	2009	110
2539	9	2482	110
2129	6	30	110
2521	9	2482	110
2644	9	2593	110
6006	17	5818	110
2792	17	6623	110
12503	23	12520	110
2169	6	29	110
765	6	30	110
492	1	493	110
3231	12	29	110
2587	9	2476	110
776	1	493	110
7406	23	3023	110
2153	6	30	110
2016	6	116	110
9018	23	3023	110
1850	23	2951	110
1941	5	1943	110
4586	17	5818	110
2142	6	2009	110
1945	6	405	110
742	1	748	110
702	6	28	110
3227	12	46	110
1894	23	2920	110
728	1	405	110
3219	12	2027	110
5141	15	5088	110
1525	6	29	110
494	1	28	110
1502	1	416	110
8516	23	2981	110
610	1	416	110
443	1	416	110
717	1	636	110
2729	23	2935	110
473	1	416	110
3233	12	2009	110
2090	6	116	110
1961	6	2009	110
845	1	28	110
2130	6	2009	110
2911	10	2720	110
1394	6	115	110
6878	23	12520	110
2809	9	2705	110
6414	23	2935	110
2770	9	2540	110
2105	6	30	110
921	6	30	110
178	6	116	110
1644	1	207	110
2530	14	3431	110
2082	15	5057	110
3577	14	3437	110
8301	23	3060	110
2021	6	405	110
1133	6	30	110
2917	9	2593	110
172	1	402	110
8943	23	2951	110
742	15	4990	110
2852	23	2952	110
919	1	921	110
1912	6	405	110
2769	9	2476	110
2793	10	2924	110
8863	17	5935	110
675	6	405	110
2026	6	30	110
428	15	5024	110
8863	17	6190	110
588	6	30	110
381	6	405	110
2894	9	2540	110
25	15	5024	110
17	1	18	110
4281	14	4283	110
47	1	48	110
2818	9	2482	110
675	15	4990	110
17	6	30	110
921	1	30	110
2809	17	5818	110
720	1	28	110
711	1	28	110
310	15	5088	110
3040	23	3023	110
4885	17	8813	110
88	6	30	110
2909	9	2720	110
583	15	5024	110
1975	6	2009	110
2897	9	2482	110
6371	23	3023	110
675	15	5120	110
446	1	405	110
702	1	28	110
2770	9	2482	110
309	15	5088	110
2917	10	2942	110
658	1	173	110
2073	6	2009	110
2102	6	2040	110
25	15	4990	110
25	6	30	110
578	1	28	110
1110	15	5120	110
1429	6	30	110
8385	23	2981	110
2813	9	2482	110
1983	6	405	110
1957	6	405	110
44	5	25	110
728	15	4988	110
1958	6	2009	110
1133	15	4990	110
630	6	30	110
2789	9	2705	110
2159	6	30	110
2135	6	2009	110
2121	6	405	110
1850	23	2951	110
205	1	207	110
2091	6	405	110
8842	23	3023	110
675	1	320	110
2172	6	2009	110
1841	23	2997	110
759	1	28	110
492	15	5088	110
1592	6	30	110
3192	12	2175	110
2629	9	2520	110
2832	9	2606	110
3209	12	30	110
113	6	30	110
47	6	30	110
1100	6	28	110
3236	23	3023	110
8730	23	2951	110
2030	6	2009	110
2094	6	2040	110
2127	6	171	110
2587	9	2588	110
2702	9	2705	110
1941	6	2009	110
3086	23	12527	110
5348	15	5088	110
2020	6	2009	110
4717	14	3711	110
2836	9	2705	110
3228	12	117	110
2809	17	5817	110
769	1	28	110
3425	14	3430	110
169	1	173	110
2119	6	2045	110
191	6	30	110
786	15	5088	110
8863	17	5818	110
3236	23	12520	110
6878	23	12520	110
2909	9	2593	110
2729	23	2966	110
776	15	5088	110
2068	6	405	110
1912	15	5024	110
5158	15	5088	110
396	6	30	110
2793	9	2476	110
2837	9	2482	110
2164	6	116	110
2124	6	116	110
104	1	107	110
3193	12	2155	110
2034	6	116	110
3040	23	12544	110
1983	15	5024	110
2897	9	2540	110
399	1	405	110
6371	23	3023	110
2693	12	28	110
428	6	405	110
8863	17	5817	110
303	1	416	110
8943	23	3023	110
636	1	479	110
2539	9	2540	110
8730	23	3026	110
3040	23	12544	110
2134	6	29	110
2074	6	405	110
584	6	405	110
169	6	405	110
1970	6	2040	110
7403	17	5818	110
6529	23	3023	110
2903	11	3089	110
205	15	4990	110
2785	9	2520	110
2011	6	30	110
444	1	405	110
473	6	2040	110
205	6	30	110
3068	23	3027	110
1866	12	170	110
8385	23	3023	110
636	1	172	110
509	6	30	110
3143	11	3087	110
1947	6	405	110
114	1	116	110
8824	23	2977	110
2177	6	405	110
3200	12	2055	110
583	1	584	110
1424	1	479	110
6414	23	2935	110
2785	9	2593	110
100	6	30	110
2069	6	2018	110
7847	23	2966	110
19	6	2009	110
381	1	405	110
142	6	30	110
607	15	4990	110
2071	6	30	110
8571	23	12518	110
8863	17	5816	110
44	6	30	110
6529	23	2952	110
2911	9	2482	110
1956	6	2009	110
1588	6	30	110
191	1	30	110
2691	23	3023	110
3215	12	2009	110
6878	23	2966	110
2116	6	2018	110
6726	23	2966	110
2097	6	30	111
206	1	207	111
2156	6	30	111
2046	6	2009	111
2539	9	2482	111
2129	6	30	111
2521	9	2482	111
2644	9	2593	111
6006	17	5818	111
12503	23	12520	111
2169	6	29	111
765	6	30	111
492	1	493	111
3231	12	29	111
2587	9	2476	111
776	1	493	111
7406	23	3023	111
2153	6	30	111
2016	6	116	111
9018	23	3023	111
1850	23	2951	111
1941	5	1943	111
4586	17	5818	111
2142	6	2009	111
1945	6	405	111
742	1	748	111
702	6	28	111
3227	12	46	111
1894	23	2920	111
728	1	405	111
3219	12	2027	111
5141	15	5088	111
1525	6	29	111
494	1	28	111
1502	1	416	111
8516	23	2981	111
610	1	416	111
443	1	416	111
6223	17	6782	111
717	1	636	111
2729	23	2935	111
473	1	416	111
7382	17	5819	111
3233	12	2009	111
2090	6	116	111
1961	6	2009	111
845	1	28	111
2130	6	2009	111
2911	10	2720	111
1394	6	115	111
6878	23	12520	111
2809	9	2705	111
6414	23	2935	111
2770	9	2540	111
2105	6	30	111
921	6	30	111
178	6	116	111
1644	1	207	111
2530	14	3431	111
2082	15	5057	111
3577	14	3437	111
8301	23	3060	111
2021	6	405	111
1133	6	30	111
2917	9	2593	111
172	1	402	111
8943	23	2951	111
742	15	4990	111
2852	23	2952	111
919	1	921	111
1912	6	405	111
2769	9	2476	111
2793	10	2924	111
8863	17	5935	111
675	6	405	111
2026	6	30	111
428	15	5024	111
8863	17	6190	111
588	6	30	111
381	6	405	111
2894	9	2540	111
25	15	5024	111
17	1	18	111
4281	14	4283	111
47	1	48	111
2818	9	2482	111
675	15	4990	111
17	6	30	111
921	1	30	111
2809	17	5818	111
720	1	28	111
711	1	28	111
310	15	5088	111
3040	23	3023	111
8167	17	5873	111
4885	17	8813	111
88	6	30	111
2909	9	2720	111
583	15	5024	111
1975	6	2009	111
2897	9	2482	111
6371	23	3023	111
675	15	5120	111
446	1	405	111
702	1	28	111
2770	9	2482	111
309	15	5088	111
2917	10	2942	111
658	1	173	111
2073	6	2009	111
2102	6	2040	111
25	15	4990	111
25	6	30	111
578	1	28	111
1110	15	5120	111
1429	6	30	111
8385	23	2981	111
2813	9	2482	111
1983	6	405	111
1957	6	405	111
7382	17	7383	111
44	5	25	111
728	15	4988	111
1958	6	2009	111
1133	15	4990	111
630	6	30	111
2789	9	2705	111
2159	6	30	111
2135	6	2009	111
2121	6	405	111
1850	23	2951	111
205	1	207	111
2091	6	405	111
8842	23	3023	111
675	1	320	111
2172	6	2009	111
1841	23	2997	111
759	1	28	111
492	15	5088	111
1592	6	30	111
3192	12	2175	111
2629	9	2520	111
2832	9	2606	111
3209	12	30	111
113	6	30	111
47	6	30	111
1100	6	28	111
3236	23	3023	111
8730	23	2951	111
2030	6	2009	111
2094	6	2040	111
2127	6	171	111
2587	9	2588	111
2702	9	2705	111
1941	6	2009	111
3086	23	12527	111
5348	15	5088	111
2020	6	2009	111
2836	9	2705	111
3228	12	117	111
2809	17	5817	111
769	1	28	111
169	1	173	111
2119	6	2045	111
191	6	30	111
786	15	5088	111
8863	17	5818	111
3236	23	12520	111
6878	23	12520	111
2909	9	2593	111
2729	23	2966	111
776	15	5088	111
2068	6	405	111
1912	15	5024	111
5158	15	5088	111
396	6	30	111
2793	9	2476	111
2837	9	2482	111
2164	6	116	111
2124	6	116	111
104	1	107	111
3193	12	2155	111
2034	6	116	111
3040	23	12544	111
1983	15	5024	111
2897	9	2540	111
399	1	405	111
6371	23	3023	111
2693	12	28	111
428	6	405	111
8863	17	5817	111
303	1	416	111
8943	23	3023	111
636	1	479	111
2539	9	2540	111
8730	23	3026	111
3040	23	12544	111
2134	6	29	111
2074	6	405	111
584	6	405	111
169	6	405	111
1970	6	2040	111
7403	17	5818	111
6529	23	3023	111
2903	11	3089	111
205	15	4990	111
2785	9	2520	111
2011	6	30	111
444	1	405	111
473	6	2040	111
205	6	30	111
3068	23	3027	111
1866	12	170	111
8385	23	3023	111
636	1	172	111
509	6	30	111
3143	11	3087	111
8167	17	5912	111
1947	6	405	111
114	1	116	111
8824	23	2977	111
2177	6	405	111
3200	12	2055	111
583	1	584	111
1424	1	479	111
6414	23	2935	111
2785	9	2593	111
100	6	30	111
2069	6	2018	111
7847	23	2966	111
19	6	2009	111
381	1	405	111
142	6	30	111
607	15	4990	111
2071	6	30	111
8571	23	12518	111
8863	17	5816	111
44	6	30	111
6529	23	2952	111
2911	9	2482	111
1956	6	2009	111
1588	6	30	111
191	1	30	111
2691	23	3023	111
3215	12	2009	111
6878	23	2966	111
2116	6	2018	111
6726	23	2966	111
2097	6	30	112
206	1	207	112
2156	6	30	112
2046	6	2009	112
2539	9	2482	112
2129	6	30	112
2521	9	2482	112
2894	9	2482	112
2644	9	2593	112
6006	17	5818	112
12503	23	12520	112
8978	17	5818	112
2169	6	29	112
765	6	30	112
492	1	493	112
3231	12	29	112
2587	9	2476	112
776	1	493	112
7406	23	3023	112
2153	6	30	112
2016	6	116	112
9018	23	3023	112
1850	23	2951	112
1941	5	1943	112
4586	17	5818	112
2142	6	2009	112
1945	6	405	112
742	1	748	112
702	6	28	112
3227	12	46	112
1894	23	2920	112
728	1	405	112
3219	12	2027	112
5141	15	5088	112
1525	6	29	112
494	1	28	112
1502	1	416	112
8516	23	2981	112
610	1	416	112
443	1	416	112
717	1	636	112
2729	23	2935	112
473	1	416	112
3233	12	2009	112
2090	6	116	112
2693	11	3087	112
1961	6	2009	112
845	1	28	112
2130	6	2009	112
2911	10	2720	112
1394	6	115	112
6878	23	12520	112
2809	9	2705	112
6414	23	2935	112
2770	9	2540	112
2105	6	30	112
921	6	30	112
178	6	116	112
1644	1	207	112
2530	14	3431	112
2082	15	5057	112
3577	14	3437	112
8301	23	3060	112
2021	6	405	112
1133	6	30	112
2917	9	2593	112
172	1	402	112
8943	23	2951	112
742	15	4990	112
2852	23	2952	112
919	1	921	112
1912	6	405	112
2769	9	2476	112
2793	10	2924	112
8863	17	5935	112
675	6	405	112
2026	6	30	112
428	15	5024	112
8863	17	6190	112
588	6	30	112
381	6	405	112
2894	9	2540	112
25	15	5024	112
17	1	18	112
4281	14	4283	112
47	1	48	112
2818	9	2482	112
675	15	4990	112
17	6	30	112
921	1	30	112
2809	17	5818	112
720	1	28	112
711	1	28	112
310	15	5088	112
3040	23	3023	112
4885	17	8813	112
88	6	30	112
2909	9	2720	112
2979	17	6623	112
583	15	5024	112
1975	6	2009	112
2897	9	2482	112
6371	23	3023	112
675	15	5120	112
446	1	405	112
702	1	28	112
2770	9	2482	112
309	15	5088	112
2917	10	2942	112
658	1	173	112
2073	6	2009	112
2102	6	2040	112
25	15	4990	112
25	6	30	112
578	1	28	112
1110	15	5120	112
1429	6	30	112
8385	23	2981	112
2813	9	2482	112
1983	6	405	112
1957	6	405	112
44	5	25	112
728	15	4988	112
1958	6	2009	112
1133	15	4990	112
630	6	30	112
2789	9	2705	112
2159	6	30	112
2135	6	2009	112
2121	6	405	112
1850	23	2951	112
205	1	207	112
2091	6	405	112
8842	23	3023	112
675	1	320	112
2172	6	2009	112
1841	23	2997	112
759	1	28	112
492	15	5088	112
3808	14	3711	112
1592	6	30	112
3192	12	2175	112
2629	9	2520	112
2832	9	2606	112
3209	12	30	112
113	6	30	112
47	6	30	112
1100	6	28	112
3236	23	3023	112
8730	23	2951	112
2030	6	2009	112
2094	6	2040	112
2127	6	171	112
2587	9	2588	112
2809	17	5816	112
2702	9	2705	112
1941	6	2009	112
3086	23	12527	112
5348	15	5088	112
2020	6	2009	112
2836	9	2705	112
3228	12	117	112
2481	9	2482	112
2809	17	5817	112
769	1	28	112
169	1	173	112
2119	6	2045	112
191	6	30	112
786	15	5088	112
8863	17	5818	112
3236	23	12520	112
6878	23	12520	112
2909	9	2593	112
2729	23	2966	112
776	15	5088	112
2068	6	405	112
1912	15	5024	112
5158	15	5088	112
396	6	30	112
2793	9	2476	112
2837	9	2482	112
2164	6	116	112
2124	6	116	112
104	1	107	112
3193	12	2155	112
2034	6	116	112
3040	23	12544	112
1983	15	5024	112
2897	9	2540	112
399	1	405	112
6371	23	3023	112
2693	12	28	112
428	6	405	112
8863	17	5817	112
303	1	416	112
8943	23	3023	112
636	1	479	112
2539	9	2540	112
8730	23	3026	112
3040	23	12544	112
2134	6	29	112
2074	6	405	112
584	6	405	112
169	6	405	112
1970	6	2040	112
7403	17	5818	112
6529	23	3023	112
2903	11	3089	112
205	15	4990	112
2785	9	2520	112
2011	6	30	112
444	1	405	112
473	6	2040	112
205	6	30	112
3068	23	3027	112
1866	12	170	112
8385	23	3023	112
636	1	172	112
509	6	30	112
3143	11	3087	112
1947	6	405	112
114	1	116	112
8824	23	2977	112
2177	6	405	112
3200	12	2055	112
583	1	584	112
1424	1	479	112
6414	23	2935	112
2785	9	2593	112
100	6	30	112
2069	6	2018	112
7847	23	2966	112
19	6	2009	112
381	1	405	112
142	6	30	112
607	15	4990	112
2071	6	30	112
8571	23	12518	112
8863	17	5816	112
44	6	30	112
6529	23	2952	112
2911	9	2482	112
1956	6	2009	112
1588	6	30	112
191	1	30	112
2691	23	3023	112
3215	12	2009	112
6878	23	2966	112
2116	6	2018	112
6726	23	2966	112
2097	6	30	113
206	1	207	113
2156	6	30	113
2046	6	2009	113
2539	9	2482	113
2129	6	30	113
2521	9	2482	113
2894	9	2482	113
2644	9	2593	113
6006	17	5818	113
12503	23	12520	113
2169	6	29	113
765	6	30	113
492	1	493	113
3231	12	29	113
2587	9	2476	113
776	1	493	113
7406	23	3023	113
2153	6	30	113
2016	6	116	113
9018	23	3023	113
1850	23	2951	113
1941	5	1943	113
4586	17	5818	113
2142	6	2009	113
1945	6	405	113
742	1	748	113
702	6	28	113
3227	12	46	113
1894	23	2920	113
728	1	405	113
3219	12	2027	113
5141	15	5088	113
1525	6	29	113
494	1	28	113
1502	1	416	113
8516	23	2981	113
610	1	416	113
443	1	416	113
717	1	636	113
2729	23	2935	113
473	1	416	113
3233	12	2009	113
2090	6	116	113
2693	11	3087	113
1961	6	2009	113
845	1	28	113
2130	6	2009	113
2911	10	2720	113
1394	6	115	113
6878	23	12520	113
2809	9	2705	113
6414	23	2935	113
2770	9	2540	113
2105	6	30	113
921	6	30	113
178	6	116	113
1644	1	207	113
2530	14	3431	113
2082	15	5057	113
3577	14	3437	113
8301	23	3060	113
2021	6	405	113
1133	6	30	113
2917	9	2593	113
8949	23	12518	113
172	1	402	113
8943	23	2951	113
742	15	4990	113
2852	23	2952	113
919	1	921	113
1912	6	405	113
2769	9	2476	113
2793	10	2924	113
8863	17	5935	113
675	6	405	113
2026	6	30	113
428	15	5024	113
8863	17	6190	113
588	6	30	113
381	6	405	113
2894	9	2540	113
25	15	5024	113
17	1	18	113
4281	14	4283	113
47	1	48	113
2818	9	2482	113
675	15	4990	113
17	6	30	113
921	1	30	113
2809	17	5818	113
720	1	28	113
711	1	28	113
310	15	5088	113
3040	23	3023	113
8978	17	5819	113
4885	17	8813	113
88	6	30	113
2909	9	2720	113
583	15	5024	113
1975	6	2009	113
2897	9	2482	113
6371	23	3023	113
675	15	5120	113
446	1	405	113
702	1	28	113
2770	9	2482	113
309	15	5088	113
2917	10	2942	113
658	1	173	113
2073	6	2009	113
2102	6	2040	113
25	15	4990	113
25	6	30	113
578	1	28	113
1110	15	5120	113
1429	6	30	113
8385	23	2981	113
2813	9	2482	113
1983	6	405	113
1957	6	405	113
44	5	25	113
728	15	4988	113
1958	6	2009	113
1133	15	4990	113
630	6	30	113
2789	9	2705	113
2159	6	30	113
2135	6	2009	113
2121	6	405	113
1850	23	2951	113
205	1	207	113
2091	6	405	113
8842	23	3023	113
675	1	320	113
2172	6	2009	113
1841	23	2997	113
759	1	28	113
492	15	5088	113
3808	14	3711	113
1592	6	30	113
3192	12	2175	113
2629	9	2520	113
2832	9	2606	113
3209	12	30	113
113	6	30	113
47	6	30	113
1100	6	28	113
3236	23	3023	113
8730	23	2951	113
2030	6	2009	113
2094	6	2040	113
2127	6	171	113
2587	9	2588	113
2809	17	5816	113
2702	9	2705	113
1941	6	2009	113
3086	23	12527	113
5348	15	5088	113
2020	6	2009	113
2836	9	2705	113
3228	12	117	113
2481	9	2482	113
2809	17	5817	113
769	1	28	113
169	1	173	113
2119	6	2045	113
191	6	30	113
786	15	5088	113
8863	17	5818	113
3236	23	12520	113
6878	23	12520	113
2909	9	2593	113
2729	23	2966	113
776	15	5088	113
2068	6	405	113
1912	15	5024	113
5158	15	5088	113
396	6	30	113
2793	9	2476	113
2837	9	2482	113
2164	6	116	113
2124	6	116	113
104	1	107	113
3193	12	2155	113
2034	6	116	113
3040	23	12544	113
1983	15	5024	113
2897	9	2540	113
399	1	405	113
6371	23	3023	113
2693	12	28	113
428	6	405	113
8863	17	5817	113
303	1	416	113
8943	23	3023	113
636	1	479	113
2539	9	2540	113
8730	23	3026	113
3040	23	12544	113
2134	6	29	113
2074	6	405	113
584	6	405	113
169	6	405	113
1970	6	2040	113
7403	17	5818	113
6529	23	3023	113
2903	11	3089	113
205	15	4990	113
2785	9	2520	113
2011	6	30	113
444	1	405	113
473	6	2040	113
205	6	30	113
3068	23	3027	113
1866	12	170	113
8385	23	3023	113
636	1	172	113
509	6	30	113
3143	11	3087	113
1947	6	405	113
114	1	116	113
8824	23	2977	113
2177	6	405	113
3200	12	2055	113
583	1	584	113
1424	1	479	113
6414	23	2935	113
2785	9	2593	113
100	6	30	113
2069	6	2018	113
7847	23	2966	113
19	6	2009	113
381	1	405	113
142	6	30	113
607	15	4990	113
2071	6	30	113
8571	23	12518	113
8863	17	5816	113
44	6	30	113
6529	23	2952	113
2911	9	2482	113
4586	17	5817	113
1956	6	2009	113
1588	6	30	113
191	1	30	113
2691	23	3023	113
3215	12	2009	113
6878	23	2966	113
2116	6	2018	113
6726	23	2966	113
2097	6	30	114
206	1	207	114
2156	6	30	114
2046	6	2009	114
2539	9	2482	114
2129	6	30	114
2521	9	2482	114
2894	9	2482	114
2644	9	2593	114
6006	17	5818	114
12503	23	12520	114
2169	6	29	114
765	6	30	114
492	1	493	114
3231	12	29	114
2587	9	2476	114
776	1	493	114
7406	23	3023	114
2153	6	30	114
2016	6	116	114
9018	23	3023	114
1850	23	2951	114
1941	5	1943	114
4586	17	5818	114
2142	6	2009	114
1945	6	405	114
742	1	748	114
702	6	28	114
3227	12	46	114
1894	23	2920	114
728	1	405	114
3219	12	2027	114
8983	17	5816	114
5141	15	5088	114
1525	6	29	114
494	1	28	114
1502	1	416	114
8516	23	2981	114
610	1	416	114
443	1	416	114
717	1	636	114
2729	23	2935	114
473	1	416	114
3233	12	2009	114
2090	6	116	114
2693	11	3087	114
1961	6	2009	114
845	1	28	114
2130	6	2009	114
2911	10	2720	114
1394	6	115	114
6878	23	12520	114
2809	9	2705	114
6414	23	2935	114
2770	9	2540	114
9012	17	5817	114
2105	6	30	114
921	6	30	114
178	6	116	114
1644	1	207	114
2530	14	3431	114
2082	15	5057	114
3577	14	3437	114
8301	23	3060	114
2021	6	405	114
1133	6	30	114
7436	17	4313	114
2917	9	2593	114
8949	23	12518	114
172	1	402	114
8943	23	2951	114
742	15	4990	114
2852	23	2952	114
919	1	921	114
1912	6	405	114
2769	9	2476	114
2793	10	2924	114
8863	17	5935	114
675	6	405	114
2026	6	30	114
428	15	5024	114
8863	17	6190	114
588	6	30	114
381	6	405	114
2894	9	2540	114
25	15	5024	114
17	1	18	114
4281	14	4283	114
47	1	48	114
2818	9	2482	114
675	15	4990	114
17	6	30	114
921	1	30	114
2809	17	5818	114
720	1	28	114
711	1	28	114
310	15	5088	114
3040	23	3023	114
2583	17	5818	114
4885	17	8813	114
88	6	30	114
2909	9	2720	114
583	15	5024	114
1975	6	2009	114
2897	9	2482	114
6371	23	3023	114
675	15	5120	114
446	1	405	114
702	1	28	114
2770	9	2482	114
309	15	5088	114
2917	10	2942	114
658	1	173	114
2073	6	2009	114
2102	6	2040	114
25	15	4990	114
25	6	30	114
578	1	28	114
1110	15	5120	114
1429	6	30	114
8385	23	2981	114
2813	9	2482	114
1983	6	405	114
1957	6	405	114
44	5	25	114
728	15	4988	114
1958	6	2009	114
1133	15	4990	114
630	6	30	114
2789	9	2705	114
2159	6	30	114
2135	6	2009	114
2121	6	405	114
1850	23	2951	114
205	1	207	114
2091	6	405	114
8842	23	3023	114
675	1	320	114
2172	6	2009	114
1841	23	2997	114
759	1	28	114
492	15	5088	114
1592	6	30	114
3192	12	2175	114
2629	9	2520	114
2832	9	2606	114
3209	12	30	114
113	6	30	114
47	6	30	114
1100	6	28	114
3236	23	3023	114
8730	23	2951	114
2030	6	2009	114
2094	6	2040	114
2127	6	171	114
2587	9	2588	114
2809	17	5816	114
2702	9	2705	114
1941	6	2009	114
3086	23	12527	114
5348	15	5088	114
2020	6	2009	114
2836	9	2705	114
3228	12	117	114
2481	9	2482	114
2809	17	5817	114
769	1	28	114
169	1	173	114
2119	6	2045	114
191	6	30	114
786	15	5088	114
8863	17	5818	114
3236	23	12520	114
6878	23	12520	114
2909	9	2593	114
8440	17	6403	114
2729	23	2966	114
776	15	5088	114
2068	6	405	114
3521	14	3437	114
1912	15	5024	114
5158	15	5088	114
396	6	30	114
2793	9	2476	114
2837	9	2482	114
2164	6	116	114
2124	6	116	114
104	1	107	114
3193	12	2155	114
2034	6	116	114
3040	23	12544	114
1983	15	5024	114
2897	9	2540	114
399	1	405	114
6371	23	3023	114
2693	12	28	114
428	6	405	114
8863	17	5817	114
303	1	416	114
8943	23	3023	114
636	1	479	114
2539	9	2540	114
8730	23	3026	114
3040	23	12544	114
2134	6	29	114
2074	6	405	114
584	6	405	114
169	6	405	114
1970	6	2040	114
7403	17	5818	114
6529	23	3023	114
2903	11	3089	114
205	15	4990	114
2785	9	2520	114
2011	6	30	114
444	1	405	114
473	6	2040	114
8978	17	5817	114
6831	17	6833	114
205	6	30	114
3068	23	3027	114
1866	12	170	114
8385	23	3023	114
636	1	172	114
509	6	30	114
3143	11	3087	114
1947	6	405	114
114	1	116	114
8824	23	2977	114
2177	6	405	114
3200	12	2055	114
583	1	584	114
1424	1	479	114
6414	23	2935	114
2785	9	2593	114
100	6	30	114
2069	6	2018	114
7847	23	2966	114
19	6	2009	114
381	1	405	114
142	6	30	114
607	15	4990	114
2071	6	30	114
8571	23	12518	114
8863	17	5816	114
44	6	30	114
6529	23	2952	114
2911	9	2482	114
4586	17	5817	114
1956	6	2009	114
1588	6	30	114
191	1	30	114
2691	23	3023	114
3215	12	2009	114
6878	23	2966	114
2116	6	2018	114
6726	23	2966	114
2097	6	30	115
206	1	207	115
2156	6	30	115
2046	6	2009	115
2539	9	2482	115
2129	6	30	115
2521	9	2482	115
2894	9	2482	115
2644	9	2593	115
6006	17	5818	115
12503	23	12520	115
2169	6	29	115
765	6	30	115
9412	20	6706	115
492	1	493	115
3231	12	29	115
2587	9	2476	115
776	1	493	115
7406	23	3023	115
2153	6	30	115
2016	6	116	115
9018	23	3023	115
1850	23	2951	115
1941	5	1943	115
4586	17	5818	115
9167	20	5762	115
2142	6	2009	115
1945	6	405	115
742	1	748	115
702	6	28	115
3227	12	46	115
1894	23	2920	115
728	1	405	115
3219	12	2027	115
5141	15	5088	115
1525	6	29	115
494	1	28	115
1502	1	416	115
8516	23	2981	115
610	1	416	115
443	1	416	115
717	1	636	115
2729	23	2935	115
473	1	416	115
3233	12	2009	115
2090	6	116	115
2693	11	3087	115
1961	6	2009	115
845	1	28	115
2130	6	2009	115
2911	10	2720	115
1394	6	115	115
6878	23	12520	115
2809	9	2705	115
6414	23	2935	115
2770	9	2540	115
6876	20	6706	115
2105	6	30	115
921	6	30	115
178	6	116	115
1644	1	207	115
2530	14	3431	115
2082	15	5057	115
3577	14	3437	115
8301	23	3060	115
2021	6	405	115
1133	6	30	115
2917	9	2593	115
8949	23	12518	115
8167	20	6706	115
172	1	402	115
8943	23	2951	115
742	15	4990	115
2852	23	2952	115
919	1	921	115
1912	6	405	115
2769	9	2476	115
8863	17	5935	115
675	6	405	115
2026	6	30	115
428	15	5024	115
8863	17	6190	115
588	6	30	115
381	6	405	115
2894	9	2540	115
25	15	5024	115
17	1	18	115
4281	14	4283	115
47	1	48	115
2818	9	2482	115
675	15	4990	115
17	6	30	115
921	1	30	115
2809	17	5818	115
720	1	28	115
711	1	28	115
310	15	5088	115
3040	23	3023	115
4885	17	8813	115
88	6	30	115
2909	9	2720	115
6266	20	7092	115
583	15	5024	115
1975	6	2009	115
2897	9	2482	115
6371	23	3023	115
675	15	5120	115
446	1	405	115
702	1	28	115
9179	20	5762	115
2770	9	2482	115
309	15	5088	115
2917	10	2942	115
658	1	173	115
2073	6	2009	115
2102	6	2040	115
25	15	4990	115
25	6	30	115
578	1	28	115
1110	15	5120	115
1429	6	30	115
8385	23	2981	115
2813	9	2482	115
1983	6	405	115
1957	6	405	115
44	5	25	115
728	15	4988	115
1958	6	2009	115
1133	15	4990	115
630	6	30	115
2789	9	2705	115
2159	6	30	115
2135	6	2009	115
2121	6	405	115
1850	23	2951	115
205	1	207	115
2091	6	405	115
8842	23	3023	115
675	1	320	115
2172	6	2009	115
1841	23	2997	115
759	1	28	115
492	15	5088	115
1592	6	30	115
3192	12	2175	115
2629	9	2520	115
2832	9	2606	115
3209	12	30	115
8525	17	6012	115
113	6	30	115
47	6	30	115
1100	6	28	115
3236	23	3023	115
8730	23	2951	115
2030	6	2009	115
2094	6	2040	115
2127	6	171	115
2587	9	2588	115
2809	17	5816	115
2702	9	2705	115
1941	6	2009	115
3086	23	12527	115
5348	15	5088	115
9348	20	6012	115
2020	6	2009	115
2836	9	2705	115
3228	12	117	115
2481	9	2482	115
2809	17	5817	115
769	1	28	115
169	1	173	115
2119	6	2045	115
191	6	30	115
786	15	5088	115
8863	17	5818	115
4281	14	4156	115
3236	23	12520	115
6878	23	12520	115
2909	9	2593	115
2729	23	2966	115
7525	20	7092	115
776	15	5088	115
2068	6	405	115
3521	14	3437	115
1912	15	5024	115
5158	15	5088	115
396	6	30	115
2793	9	2476	115
2837	9	2482	115
2164	6	116	115
2124	6	116	115
104	1	107	115
3193	12	2155	115
2034	6	116	115
3040	23	12544	115
1983	15	5024	115
2897	9	2540	115
399	1	405	115
6371	23	3023	115
2693	12	28	115
428	6	405	115
8863	17	5817	115
303	1	416	115
8943	23	3023	115
636	1	479	115
2539	9	2540	115
8730	23	3026	115
3040	23	12544	115
2134	6	29	115
8525	20	6012	115
2074	6	405	115
2663	17	5818	115
584	6	405	115
169	6	405	115
1970	6	2040	115
7403	17	5818	115
6529	23	3023	115
4281	14	4155	115
2903	11	3089	115
205	15	4990	115
2785	9	2520	115
2011	6	30	115
444	1	405	115
473	6	2040	115
205	6	30	115
3068	23	3027	115
1866	12	170	115
8385	23	3023	115
636	1	172	115
509	6	30	115
3143	11	3087	115
1947	6	405	115
114	1	116	115
8824	23	2977	115
2177	6	405	115
3200	12	2055	115
583	1	584	115
1424	1	479	115
6414	23	2935	115
2785	9	2593	115
100	6	30	115
2069	6	2018	115
7847	23	2966	115
19	6	2009	115
381	1	405	115
142	6	30	115
607	15	4990	115
2071	6	30	115
8571	23	12518	115
8863	17	5816	115
44	6	30	115
6529	23	2952	115
2911	9	2482	115
4586	17	5817	115
1956	6	2009	115
1588	6	30	115
191	1	30	115
2691	23	3023	115
3215	12	2009	115
6878	23	2966	115
2116	6	2018	115
6726	23	2966	115
2097	6	30	116
206	1	207	116
2156	6	30	116
2046	6	2009	116
2539	9	2482	116
2129	6	30	116
2521	9	2482	116
2894	9	2482	116
2644	9	2593	116
6006	17	5818	116
12503	23	12520	116
2169	6	29	116
765	6	30	116
492	1	493	116
9179	20	5762	116
3231	12	29	116
2587	9	2476	116
776	1	493	116
7406	23	3023	116
2153	6	30	116
2016	6	116	116
9018	23	3023	116
1850	23	2951	116
1941	5	1943	116
4586	17	5818	116
2142	6	2009	116
1945	6	405	116
742	1	748	116
702	6	28	116
3227	12	46	116
1894	23	2920	116
728	1	405	116
3219	12	2027	116
5141	15	5088	116
1525	6	29	116
494	1	28	116
1502	1	416	116
8516	23	2981	116
2911	17	5762	116
7207	20	7092	116
610	1	416	116
443	1	416	116
717	1	636	116
2729	23	2935	116
473	1	416	116
3233	12	2009	116
2090	6	116	116
2693	11	3087	116
1961	6	2009	116
845	1	28	116
2130	6	2009	116
2911	10	2720	116
1394	6	115	116
6878	23	12520	116
2809	9	2705	116
6414	23	2935	116
2770	9	2540	116
7125	20	6780	116
2178	6	30	116
2105	6	30	116
921	6	30	116
178	6	116	116
1644	1	207	116
2530	14	3431	116
2082	15	5057	116
3577	14	3437	116
7525	17	7092	116
8301	23	3060	116
2021	6	405	116
1133	6	30	116
2917	9	2593	116
6876	20	6706	116
8949	23	12518	116
172	1	402	116
8943	23	2951	116
742	15	4990	116
2852	23	2952	116
919	1	921	116
1912	6	405	116
2769	9	2476	116
8863	17	5935	116
675	6	405	116
2026	6	30	116
428	15	5024	116
8863	17	6190	116
588	6	30	116
381	6	405	116
2894	9	2540	116
25	15	5024	116
17	1	18	116
47	1	48	116
2818	9	2482	116
675	15	4990	116
17	6	30	116
921	1	30	116
2809	17	5818	116
720	1	28	116
711	1	28	116
310	15	5088	116
9167	20	5762	116
3040	23	3023	116
4885	17	8813	116
88	6	30	116
2909	9	2720	116
583	15	5024	116
1975	6	2009	116
2897	9	2482	116
6371	23	3023	116
675	15	5120	116
446	1	405	116
702	1	28	116
2770	9	2482	116
309	15	5088	116
2917	10	2942	116
658	1	173	116
2073	6	2009	116
2102	6	2040	116
25	15	4990	116
25	6	30	116
578	1	28	116
1110	15	5120	116
1429	6	30	116
8385	23	2981	116
2813	9	2482	116
1983	6	405	116
1957	6	405	116
44	5	25	116
2897	20	6780	116
728	15	4988	116
2911	20	5762	116
1958	6	2009	116
1133	15	4990	116
630	6	30	116
2789	9	2705	116
2159	6	30	116
2135	6	2009	116
2121	6	405	116
1850	23	2951	116
205	1	207	116
2091	6	405	116
8842	23	3023	116
675	1	320	116
2172	6	2009	116
1841	23	2997	116
759	1	28	116
492	15	5088	116
1592	6	30	116
3192	12	2175	116
2629	9	2520	116
2832	9	2606	116
3209	12	30	116
113	6	30	116
47	6	30	116
1100	6	28	116
3236	23	3023	116
8730	23	2951	116
2030	6	2009	116
2094	6	2040	116
2127	6	171	116
2587	9	2588	116
2809	17	5816	116
2702	9	2705	116
1941	6	2009	116
3086	23	12527	116
5348	15	5088	116
2020	6	2009	116
2836	9	2705	116
3228	12	117	116
2481	9	2482	116
2809	17	5817	116
769	1	28	116
169	1	173	116
2119	6	2045	116
191	6	30	116
8583	17	5872	116
786	15	5088	116
8863	17	5818	116
4281	14	4156	116
3236	23	12520	116
6878	23	12520	116
9348	20	6012	116
2909	9	2593	116
2729	23	2966	116
776	15	5088	116
2068	6	405	116
3521	14	3437	116
1912	15	5024	116
5158	15	5088	116
396	6	30	116
2793	9	2476	116
2837	9	2482	116
2164	6	116	116
2124	6	116	116
104	1	107	116
3193	12	2155	116
2034	6	116	116
3040	23	12544	116
1983	15	5024	116
2897	9	2540	116
399	1	405	116
6371	23	3023	116
2693	12	28	116
428	6	405	116
8863	17	5817	116
303	1	416	116
8943	23	3023	116
636	1	479	116
2539	9	2540	116
8730	23	3026	116
3040	23	12544	116
2134	6	29	116
2074	6	405	116
2663	17	5818	116
584	6	405	116
169	6	405	116
1970	6	2040	116
7403	17	5818	116
6529	23	3023	116
2903	11	3089	116
205	15	4990	116
2785	9	2520	116
2011	6	30	116
444	1	405	116
473	6	2040	116
8167	17	5862	116
205	6	30	116
3068	23	3027	116
1866	12	170	116
8385	23	3023	116
636	1	172	116
509	6	30	116
3143	11	3087	116
6831	20	6780	116
1947	6	405	116
114	1	116	116
8824	23	2977	116
2177	6	405	116
3200	12	2055	116
583	1	584	116
1424	1	479	116
6414	23	2935	116
2785	9	2593	116
100	6	30	116
2069	6	2018	116
7847	23	2966	116
19	6	2009	116
381	1	405	116
142	6	30	116
607	15	4990	116
2071	6	30	116
8571	23	12518	116
8863	17	5816	116
7525	20	7092	116
44	6	30	116
6529	23	2952	116
2911	9	2482	116
4586	17	5817	116
1956	6	2009	116
1588	6	30	116
191	1	30	116
2691	23	3023	116
3215	12	2009	116
6878	23	2966	116
2116	6	2018	116
6726	23	2966	116
2097	6	30	117
206	1	207	117
2156	6	30	117
2046	6	2009	117
2539	9	2482	117
2129	6	30	117
2521	9	2482	117
2894	9	2482	117
2644	9	2593	117
6006	17	5818	117
12503	23	12520	117
2169	6	29	117
765	6	30	117
492	1	493	117
3231	12	29	117
2587	9	2476	117
776	1	493	117
7406	23	3023	117
2153	6	30	117
2016	6	116	117
9018	23	3023	117
1850	23	2951	117
1941	5	1943	117
4586	17	5818	117
6831	17	6287	117
2142	6	2009	117
1945	6	405	117
742	1	748	117
702	6	28	117
3227	12	46	117
1894	23	2920	117
728	1	405	117
3219	12	2027	117
5141	15	5088	117
1525	6	29	117
494	1	28	117
1502	1	416	117
8516	23	2981	117
610	1	416	117
443	1	416	117
717	1	636	117
2729	23	2935	117
473	1	416	117
3233	12	2009	117
2090	6	116	117
2693	11	3087	117
1961	6	2009	117
845	1	28	117
2130	6	2009	117
2911	10	2720	117
1394	6	115	117
6878	23	12520	117
2809	9	2705	117
6414	23	2935	117
2770	9	2540	117
9348	20	6012	117
2178	6	30	117
2105	6	30	117
921	6	30	117
6876	17	5912	117
178	6	116	117
1644	1	207	117
2530	14	3431	117
1910	4	1839	117
2082	15	5057	117
3577	14	3437	117
8301	23	3060	117
2021	6	405	117
1133	6	30	117
2917	9	2593	117
8949	23	12518	117
172	1	402	117
8943	23	2951	117
742	15	4990	117
2852	23	2952	117
919	1	921	117
1912	6	405	117
2769	9	2476	117
8863	17	5935	117
675	6	405	117
2026	6	30	117
428	15	5024	117
8863	17	6190	117
588	6	30	117
381	6	405	117
2894	9	2540	117
25	15	5024	117
17	1	18	117
47	1	48	117
2818	9	2482	117
675	15	4990	117
17	6	30	117
7207	17	6465	117
921	1	30	117
2809	17	5818	117
720	1	28	117
711	1	28	117
310	15	5088	117
3040	23	3023	117
4885	17	8813	117
88	6	30	117
2909	9	2720	117
7125	17	7126	117
583	15	5024	117
1975	6	2009	117
2897	9	2482	117
6371	23	3023	117
675	15	5120	117
446	1	405	117
702	1	28	117
2770	9	2482	117
309	15	5088	117
2917	10	2942	117
658	1	173	117
2073	6	2009	117
2102	6	2040	117
25	15	4990	117
25	6	30	117
578	1	28	117
1110	15	5120	117
1429	6	30	117
8385	23	2981	117
2813	9	2482	117
1983	6	405	117
7125	20	6780	117
1957	6	405	117
44	5	25	117
7207	20	7092	117
728	15	4988	117
1958	6	2009	117
1133	15	4990	117
630	6	30	117
2789	9	2705	117
2159	6	30	117
2135	6	2009	117
2121	6	405	117
1850	23	2951	117
205	1	207	117
2091	6	405	117
8842	23	3023	117
675	1	320	117
2172	6	2009	117
1841	23	2997	117
759	1	28	117
492	15	5088	117
1592	6	30	117
3192	12	2175	117
9375	20	6706	117
2629	9	2520	117
2832	9	2606	117
3209	12	30	117
113	6	30	117
47	6	30	117
1100	6	28	117
3236	23	3023	117
8730	23	2951	117
2030	6	2009	117
2094	6	2040	117
2127	6	171	117
2587	9	2588	117
2809	17	5816	117
2702	9	2705	117
1941	6	2009	117
3086	23	12527	117
5348	15	5088	117
2020	6	2009	117
2836	9	2705	117
3228	12	117	117
2481	9	2482	117
2809	17	5817	117
769	1	28	117
169	1	173	117
2119	6	2045	117
191	6	30	117
786	15	5088	117
8863	17	5818	117
3236	23	12520	117
6878	23	12520	117
2909	9	2593	117
2729	23	2966	117
776	15	5088	117
2068	6	405	117
3521	14	3437	117
1912	15	5024	117
5158	15	5088	117
396	6	30	117
2793	9	2476	117
2837	9	2482	117
2164	6	116	117
2124	6	116	117
104	1	107	117
3193	12	2155	117
2034	6	116	117
3040	23	12544	117
1983	15	5024	117
2897	9	2540	117
399	1	405	117
6371	23	3023	117
2693	12	28	117
428	6	405	117
8863	17	5817	117
303	1	416	117
8943	23	3023	117
636	1	479	117
2539	9	2540	117
8730	23	3026	117
3040	23	12544	117
2134	6	29	117
2074	6	405	117
2663	17	5818	117
584	6	405	117
169	6	405	117
1970	6	2040	117
7403	17	5818	117
6529	23	3023	117
2903	11	3089	117
205	15	4990	117
2785	9	2520	117
2011	6	30	117
444	1	405	117
473	6	2040	117
205	6	30	117
3068	23	3027	117
1866	12	170	117
8385	23	3023	117
636	1	172	117
9179	20	5762	117
509	6	30	117
4488	14	3950	117
3143	11	3087	117
1947	6	405	117
114	1	116	117
8824	23	2977	117
2177	6	405	117
3200	12	2055	117
583	1	584	117
6266	17	6268	117
1424	1	479	117
6414	23	2935	117
2785	9	2593	117
100	6	30	117
2069	6	2018	117
7847	23	2966	117
19	6	2009	117
381	1	405	117
142	6	30	117
2583	9	2476	117
6831	20	6780	117
607	15	4990	117
2071	6	30	117
8571	23	12518	117
8863	17	5816	117
44	6	30	117
6529	23	2952	117
6876	20	6706	117
2911	9	2482	117
4586	17	5817	117
2809	17	5935	117
1956	6	2009	117
1588	6	30	117
191	1	30	117
2691	23	3023	117
3215	12	2009	117
6878	23	2966	117
2116	6	2018	117
6726	23	2966	117
2097	6	30	118
206	1	207	118
2156	6	30	118
2046	6	2009	118
2539	9	2482	118
2129	6	30	118
2521	9	2482	118
2894	9	2482	118
2644	9	2593	118
6006	17	5818	118
12503	23	12520	118
2169	6	29	118
765	6	30	118
492	1	493	118
3231	12	29	118
2587	9	2476	118
776	1	493	118
7406	23	3023	118
2153	6	30	118
2016	6	116	118
9018	23	3023	118
1850	23	2951	118
1941	5	1943	118
4586	17	5818	118
2142	6	2009	118
1945	6	405	118
742	1	748	118
702	6	28	118
3227	12	46	118
1894	23	2920	118
728	1	405	118
3219	12	2027	118
5141	15	5088	118
1525	6	29	118
494	1	28	118
1502	1	416	118
8516	23	2981	118
610	1	416	118
443	1	416	118
717	1	636	118
2729	23	2935	118
473	1	416	118
3233	12	2009	118
2090	6	116	118
2693	11	3087	118
1961	6	2009	118
845	1	28	118
2130	6	2009	118
2911	10	2720	118
1394	6	115	118
6878	23	12520	118
2809	9	2705	118
6414	23	2935	118
2770	9	2540	118
2178	6	30	118
2105	6	30	118
921	6	30	118
178	6	116	118
1644	1	207	118
2530	14	3431	118
2082	15	5057	118
3577	14	3437	118
8301	23	3060	118
2021	6	405	118
1133	6	30	118
7125	20	6780	118
2917	9	2593	118
8949	23	12518	118
172	1	402	118
8943	23	2951	118
742	15	4990	118
2852	23	2952	118
919	1	921	118
1912	6	405	118
2769	9	2476	118
8863	17	5935	118
675	6	405	118
2026	6	30	118
428	15	5024	118
8863	17	6190	118
588	6	30	118
6876	20	6706	118
381	6	405	118
2894	9	2540	118
25	15	5024	118
17	1	18	118
47	1	48	118
2818	9	2482	118
675	15	4990	118
17	6	30	118
921	1	30	118
2809	17	5818	118
6831	20	7092	118
720	1	28	118
711	1	28	118
310	15	5088	118
3040	23	3023	118
4885	17	8813	118
88	6	30	118
2909	9	2720	118
583	15	5024	118
1975	6	2009	118
2897	9	2482	118
6371	23	3023	118
675	15	5120	118
446	1	405	118
702	1	28	118
2770	9	2482	118
309	15	5088	118
2917	10	2942	118
6876	17	6706	118
658	1	173	118
2073	6	2009	118
2102	6	2040	118
25	15	4990	118
25	6	30	118
578	1	28	118
1110	15	5120	118
1429	6	30	118
8385	23	2981	118
2813	9	2482	118
1983	6	405	118
9348	20	6012	118
1957	6	405	118
2726	20	6706	118
44	5	25	118
728	15	4988	118
1958	6	2009	118
1133	15	4990	118
630	6	30	118
2789	9	2705	118
6831	17	6780	118
2159	6	30	118
2135	6	2009	118
2121	6	405	118
1850	23	2951	118
205	1	207	118
2091	6	405	118
8842	23	3023	118
675	1	320	118
2172	6	2009	118
1841	23	2997	118
759	1	28	118
492	15	5088	118
6831	20	6780	118
1592	6	30	118
3192	12	2175	118
2629	9	2520	118
2832	9	2606	118
3209	12	30	118
113	6	30	118
47	6	30	118
1100	6	28	118
8325	17	6268	118
3236	23	3023	118
8730	23	2951	118
2030	6	2009	118
2094	6	2040	118
2127	6	171	118
2587	9	2588	118
2809	17	5816	118
2702	9	2705	118
1941	6	2009	118
3086	23	12527	118
5348	15	5088	118
2020	6	2009	118
2836	9	2705	118
3228	12	117	118
2481	9	2482	118
7207	20	7092	118
2809	17	5817	118
769	1	28	118
169	1	173	118
2119	6	2045	118
191	6	30	118
786	15	5088	118
8863	17	5818	118
3236	23	12520	118
6878	23	12520	118
2909	9	2593	118
2729	23	2966	118
776	15	5088	118
2068	6	405	118
3521	14	3437	118
1912	15	5024	118
5158	15	5088	118
396	6	30	118
2793	9	2476	118
2837	9	2482	118
2164	6	116	118
2124	6	116	118
104	1	107	118
3193	12	2155	118
2034	6	116	118
3040	23	12544	118
1983	15	5024	118
2897	9	2540	118
399	1	405	118
6371	23	3023	118
2693	12	28	118
428	6	405	118
8863	17	5817	118
303	1	416	118
8943	23	3023	118
636	1	479	118
2539	9	2540	118
8730	23	3026	118
3040	23	12544	118
2134	6	29	118
2074	6	405	118
2663	17	5818	118
584	6	405	118
169	6	405	118
1970	6	2040	118
7403	17	5818	118
6529	23	3023	118
2903	11	3089	118
205	15	4990	118
2785	9	2520	118
2011	6	30	118
9187	20	7092	118
444	1	405	118
473	6	2040	118
205	6	30	118
3068	23	3027	118
1866	12	170	118
8385	23	3023	118
4488	14	3949	118
636	1	172	118
509	6	30	118
4488	14	3950	118
3143	11	3087	118
1947	6	405	118
114	1	116	118
8824	23	2977	118
2177	6	405	118
3200	12	2055	118
583	1	584	118
1424	1	479	118
6414	23	2935	118
2785	9	2593	118
100	6	30	118
2069	6	2018	118
7847	23	2966	118
19	6	2009	118
381	1	405	118
142	6	30	118
2583	9	2476	118
607	15	4990	118
2071	6	30	118
8571	23	12518	118
8863	17	5816	118
8573	17	5873	118
44	6	30	118
6529	23	2952	118
2911	9	2482	118
4586	17	5817	118
2809	17	5935	118
1956	6	2009	118
1588	6	30	118
191	1	30	118
2691	23	3023	118
3215	12	2009	118
6878	23	2966	118
2116	6	2018	118
6726	23	2966	118
2097	6	30	119
206	1	207	119
2156	6	30	119
2046	6	2009	119
2539	9	2482	119
2129	6	30	119
2521	9	2482	119
2894	9	2482	119
2644	9	2593	119
6006	17	5818	119
12503	23	12520	119
2169	6	29	119
765	6	30	119
492	1	493	119
3231	12	29	119
2587	9	2476	119
776	1	493	119
7406	23	3023	119
2153	6	30	119
2016	6	116	119
9018	23	3023	119
1850	23	2951	119
1941	5	1943	119
4586	17	5818	119
2142	6	2009	119
1945	6	405	119
742	1	748	119
702	6	28	119
3227	12	46	119
1894	23	2920	119
728	1	405	119
3219	12	2027	119
5141	15	5088	119
1525	6	29	119
494	1	28	119
1502	1	416	119
8516	23	2981	119
610	1	416	119
443	1	416	119
717	1	636	119
2729	23	2935	119
473	1	416	119
3233	12	2009	119
2090	6	116	119
2693	11	3087	119
1961	6	2009	119
845	1	28	119
2130	6	2009	119
2911	10	2720	119
1394	6	115	119
6878	23	12520	119
2809	9	2705	119
6414	23	2935	119
2770	9	2540	119
2178	6	30	119
2105	6	30	119
921	6	30	119
178	6	116	119
1644	1	207	119
2530	14	3431	119
2082	15	5057	119
3577	14	3437	119
8301	23	3060	119
2021	6	405	119
1133	6	30	119
2917	9	2593	119
172	1	402	119
8167	20	6706	119
8943	23	2951	119
742	15	4990	119
2852	23	2952	119
919	1	921	119
1912	6	405	119
2769	9	2476	119
8863	17	5935	119
675	6	405	119
2026	6	30	119
428	15	5024	119
8863	17	6190	119
588	6	30	119
381	6	405	119
2894	9	2540	119
9187	20	7092	119
25	15	5024	119
17	1	18	119
47	1	48	119
2818	9	2482	119
675	15	4990	119
17	6	30	119
921	1	30	119
2809	17	5818	119
720	1	28	119
711	1	28	119
310	15	5088	119
3040	23	3023	119
4885	17	8813	119
88	6	30	119
2909	9	2720	119
583	15	5024	119
1975	6	2009	119
2897	9	2482	119
6371	23	3023	119
675	15	5120	119
446	1	405	119
702	1	28	119
2770	9	2482	119
309	15	5088	119
2917	10	2942	119
658	1	173	119
2073	6	2009	119
2102	6	2040	119
25	15	4990	119
25	6	30	119
578	1	28	119
1110	15	5120	119
1429	6	30	119
8385	23	2981	119
2813	9	2482	119
1983	6	405	119
1957	6	405	119
44	5	25	119
728	15	4988	119
1958	6	2009	119
1133	15	4990	119
630	6	30	119
2789	9	2705	119
2159	6	30	119
2135	6	2009	119
2121	6	405	119
1850	23	2951	119
205	1	207	119
2091	6	405	119
8842	23	3023	119
675	1	320	119
2172	6	2009	119
1841	23	2997	119
759	1	28	119
492	15	5088	119
1592	6	30	119
3192	12	2175	119
2629	9	2520	119
2832	9	2606	119
3209	12	30	119
113	6	30	119
47	6	30	119
1100	6	28	119
3236	23	3023	119
8730	23	2951	119
2030	6	2009	119
2094	6	2040	119
2127	6	171	119
2587	9	2588	119
2809	17	5816	119
2702	9	2705	119
1941	6	2009	119
3086	23	12527	119
5348	15	5088	119
2020	6	2009	119
2836	9	2705	119
3228	12	117	119
2481	9	2482	119
2809	17	5817	119
769	1	28	119
169	1	173	119
2119	6	2045	119
191	6	30	119
786	15	5088	119
8863	17	5818	119
3236	23	12520	119
6878	23	12520	119
2909	9	2593	119
9348	20	6012	119
2729	23	2966	119
776	15	5088	119
2068	6	405	119
3521	14	3437	119
1912	15	5024	119
5158	15	5088	119
396	6	30	119
2793	9	2476	119
2837	9	2482	119
2164	6	116	119
2124	6	116	119
104	1	107	119
3193	12	2155	119
2034	6	116	119
3040	23	12544	119
1983	15	5024	119
2897	9	2540	119
399	1	405	119
6371	23	3023	119
2693	12	28	119
428	6	405	119
8863	17	5817	119
303	1	416	119
8943	23	3023	119
636	1	479	119
7125	17	6780	119
2539	9	2540	119
8730	23	3026	119
3040	23	12544	119
2134	6	29	119
2074	6	405	119
2663	17	5818	119
584	6	405	119
169	6	405	119
1970	6	2040	119
7403	17	5818	119
6529	23	3023	119
2903	11	3089	119
205	15	4990	119
2785	9	2520	119
2011	6	30	119
444	1	405	119
473	6	2040	119
6511	17	6059	119
205	6	30	119
3068	23	3027	119
1866	12	170	119
8385	23	3023	119
4488	14	3949	119
7169	17	5862	119
636	1	172	119
509	6	30	119
4488	14	3950	119
3143	11	3087	119
1947	6	405	119
114	1	116	119
8824	23	2977	119
7125	20	6780	119
2177	6	405	119
3200	12	2055	119
583	1	584	119
1424	1	479	119
6414	23	2935	119
2785	9	2593	119
100	6	30	119
2069	6	2018	119
7847	23	2966	119
19	6	2009	119
381	1	405	119
142	6	30	119
2583	9	2476	119
607	15	4990	119
2071	6	30	119
8571	23	12518	119
8863	17	5816	119
44	6	30	119
6529	23	2952	119
2911	9	2482	119
4586	17	5817	119
2809	17	5935	119
1956	6	2009	119
1588	6	30	119
191	1	30	119
2691	23	3023	119
3215	12	2009	119
6878	23	2966	119
2116	6	2018	119
6726	23	2966	119
2097	6	30	120
206	1	207	120
2156	6	30	120
2046	6	2009	120
2539	9	2482	120
2129	6	30	120
3130	11	3131	120
2521	9	2482	120
2894	9	2482	120
2644	9	2593	120
6006	17	5818	120
12503	23	12520	120
2169	6	29	120
765	6	30	120
4953	14	3512	120
492	1	493	120
3231	12	29	120
2587	9	2476	120
776	1	493	120
7406	23	3023	120
2153	6	30	120
2016	6	116	120
9018	23	3023	120
1850	23	2951	120
1941	5	1943	120
4586	17	5818	120
2142	6	2009	120
1945	6	405	120
742	1	748	120
702	6	28	120
3227	12	46	120
1894	23	2920	120
728	1	405	120
3219	12	2027	120
5141	15	5088	120
1525	6	29	120
494	1	28	120
1502	1	416	120
8516	23	2981	120
610	1	416	120
443	1	416	120
717	1	636	120
2729	23	2935	120
473	1	416	120
3233	12	2009	120
2090	6	116	120
2693	11	3087	120
1961	6	2009	120
845	1	28	120
2130	6	2009	120
2911	10	2720	120
1394	6	115	120
6878	23	12520	120
2809	9	2705	120
6414	23	2935	120
2770	9	2540	120
3521	14	3513	120
2178	6	30	120
2105	6	30	120
6266	17	6066	120
921	6	30	120
178	6	116	120
1644	1	207	120
2530	14	3431	120
2082	15	5057	120
3577	14	3437	120
8301	23	3060	120
2021	6	405	120
2530	14	3711	120
1133	6	30	120
2917	9	2593	120
172	1	402	120
8943	23	2951	120
2511	9	2476	120
742	15	4990	120
2852	23	2952	120
919	1	921	120
1912	6	405	120
2769	9	2476	120
8863	17	5935	120
675	6	405	120
2026	6	30	120
428	15	5024	120
8863	17	6190	120
588	6	30	120
381	6	405	120
2894	9	2540	120
25	15	5024	120
17	1	18	120
9375	20	6706	120
47	1	48	120
2818	9	2482	120
675	15	4990	120
17	6	30	120
921	1	30	120
2809	17	5818	120
720	1	28	120
711	1	28	120
310	15	5088	120
3040	23	3023	120
3425	14	3426	120
4885	17	8813	120
88	6	30	120
2909	9	2720	120
583	15	5024	120
1975	6	2009	120
2897	9	2482	120
6371	23	3023	120
675	15	5120	120
446	1	405	120
702	1	28	120
2770	9	2482	120
3425	14	3427	120
309	15	5088	120
2917	10	2942	120
658	1	173	120
2073	6	2009	120
2102	6	2040	120
25	15	4990	120
25	6	30	120
578	1	28	120
1110	15	5120	120
1429	6	30	120
8385	23	2981	120
2813	9	2482	120
1983	6	405	120
1957	6	405	120
44	5	25	120
728	15	4988	120
1958	6	2009	120
1133	15	4990	120
630	6	30	120
2789	9	2705	120
2159	6	30	120
2135	6	2009	120
2121	6	405	120
1850	23	2951	120
205	1	207	120
2091	6	405	120
8842	23	3023	120
675	1	320	120
2172	6	2009	120
1841	23	2997	120
759	1	28	120
492	15	5088	120
1592	6	30	120
3192	12	2175	120
2629	9	2520	120
2832	9	2606	120
3209	12	30	120
113	6	30	120
47	6	30	120
1100	6	28	120
3236	23	3023	120
8730	23	2951	120
2030	6	2009	120
2094	6	2040	120
2127	6	171	120
2587	9	2588	120
2809	17	5816	120
2702	9	2705	120
1941	6	2009	120
3086	23	12527	120
5348	15	5088	120
2020	6	2009	120
2836	9	2705	120
3228	12	117	120
2481	9	2482	120
2809	17	5817	120
769	1	28	120
8861	17	6236	120
3130	14	3437	120
169	1	173	120
2119	6	2045	120
191	6	30	120
786	15	5088	120
8863	17	5818	120
3236	23	12520	120
6878	23	12520	120
2909	9	2593	120
2729	23	2966	120
9348	20	6012	120
776	15	5088	120
2068	6	405	120
3521	14	3437	120
1912	15	5024	120
5158	15	5088	120
396	6	30	120
2793	9	2476	120
2837	9	2482	120
2164	6	116	120
2124	6	116	120
104	1	107	120
3193	12	2155	120
2034	6	116	120
9357	20	6012	120
3040	23	12544	120
1983	15	5024	120
2897	9	2540	120
399	1	405	120
6371	23	3023	120
2693	12	28	120
428	6	405	120
8863	17	5817	120
303	1	416	120
8943	23	3023	120
636	1	479	120
2539	9	2540	120
8730	23	3026	120
3040	23	12544	120
2134	6	29	120
2074	6	405	120
2663	17	5818	120
584	6	405	120
169	6	405	120
6266	17	6267	120
1970	6	2040	120
7403	17	5818	120
6529	23	3023	120
2903	11	3089	120
205	15	4990	120
2785	9	2520	120
2011	6	30	120
444	1	405	120
473	6	2040	120
205	6	30	120
3068	23	3027	120
1866	12	170	120
8385	23	3023	120
4488	14	3949	120
1863	10	3027	120
636	1	172	120
509	6	30	120
4488	14	3950	120
3143	11	3087	120
1947	6	405	120
114	1	116	120
8824	23	2977	120
2177	6	405	120
3200	12	2055	120
583	1	584	120
8008	20	7092	120
1424	1	479	120
6414	23	2935	120
2785	9	2593	120
100	6	30	120
2069	6	2018	120
7847	23	2966	120
19	6	2009	120
381	1	405	120
142	6	30	120
2583	9	2476	120
607	15	4990	120
2071	6	30	120
8571	23	12518	120
8863	17	5816	120
44	6	30	120
6529	23	2952	120
2911	9	2482	120
4586	17	5817	120
2809	17	5935	120
1956	6	2009	120
1588	6	30	120
191	1	30	120
2691	23	3023	120
3215	12	2009	120
6878	23	2966	120
2116	6	2018	120
6726	23	2966	120
2097	6	30	121
206	1	207	121
2156	6	30	121
2046	6	2009	121
2539	9	2482	121
2129	6	30	121
3130	11	3131	121
2521	9	2482	121
2894	9	2482	121
2644	9	2593	121
6006	17	5818	121
12503	23	12520	121
2169	6	29	121
765	6	30	121
492	1	493	121
3231	12	29	121
2587	9	2476	121
776	1	493	121
7406	23	3023	121
2153	6	30	121
2016	6	116	121
9018	23	3023	121
1850	23	2951	121
1941	5	1943	121
4586	17	5818	121
2142	6	2009	121
1945	6	405	121
742	1	748	121
702	6	28	121
3227	12	46	121
1894	23	2920	121
728	1	405	121
3219	12	2027	121
5141	15	5088	121
1525	6	29	121
494	1	28	121
1502	1	416	121
8516	23	2981	121
610	1	416	121
443	1	416	121
717	1	636	121
2729	23	2935	121
473	1	416	121
3233	12	2009	121
2090	6	116	121
2693	11	3087	121
1961	6	2009	121
845	1	28	121
2130	6	2009	121
2911	10	2720	121
1394	6	115	121
6878	23	12520	121
2809	9	2705	121
6414	23	2935	121
2770	9	2540	121
3521	14	3513	121
2178	6	30	121
2105	6	30	121
921	6	30	121
178	6	116	121
1644	1	207	121
2530	14	3431	121
2082	15	5057	121
3577	14	3437	121
8301	23	3060	121
2021	6	405	121
2530	14	3711	121
1133	6	30	121
2917	9	2593	121
172	1	402	121
8943	23	2951	121
2511	9	2476	121
742	15	4990	121
2852	23	2952	121
919	1	921	121
1912	6	405	121
2769	9	2476	121
8863	17	5935	121
675	6	405	121
2026	6	30	121
428	15	5024	121
8863	17	6190	121
588	6	30	121
2726	20	6706	121
4428	14	3707	121
381	6	405	121
2894	9	2540	121
25	15	5024	121
17	1	18	121
47	1	48	121
2818	9	2482	121
675	15	4990	121
17	6	30	121
921	1	30	121
2809	17	5818	121
720	1	28	121
711	1	28	121
310	15	5088	121
3040	23	3023	121
4885	17	8813	121
88	6	30	121
2909	9	2720	121
2531	9	2482	121
583	15	5024	121
1975	6	2009	121
2897	9	2482	121
6371	23	3023	121
675	15	5120	121
446	1	405	121
702	1	28	121
2770	9	2482	121
309	15	5088	121
2917	10	2942	121
658	1	173	121
2073	6	2009	121
2102	6	2040	121
25	15	4990	121
25	6	30	121
578	1	28	121
1110	15	5120	121
1429	6	30	121
8385	23	2981	121
2813	9	2482	121
1983	6	405	121
1957	6	405	121
44	5	25	121
728	15	4988	121
1958	6	2009	121
1133	15	4990	121
9187	20	7092	121
630	6	30	121
2789	9	2705	121
2159	6	30	121
6649	23	3023	121
2135	6	2009	121
2121	6	405	121
1850	23	2951	121
205	1	207	121
2091	6	405	121
8842	23	3023	121
675	1	320	121
2172	6	2009	121
1841	23	2997	121
759	1	28	121
492	15	5088	121
1592	6	30	121
3192	12	2175	121
2629	9	2520	121
2832	9	2606	121
3209	12	30	121
113	6	30	121
47	6	30	121
1100	6	28	121
3236	23	3023	121
8730	23	2951	121
2030	6	2009	121
2094	6	2040	121
2127	6	171	121
2587	9	2588	121
2809	17	5816	121
2702	9	2705	121
1941	6	2009	121
3086	23	12527	121
5348	15	5088	121
2020	6	2009	121
2836	9	2705	121
3228	12	117	121
2481	9	2482	121
2809	17	5817	121
769	1	28	121
3130	14	3437	121
169	1	173	121
2119	6	2045	121
191	6	30	121
8209	20	6780	121
786	15	5088	121
8863	17	5818	121
3236	23	12520	121
6878	23	12520	121
2909	9	2593	121
2729	23	2966	121
776	15	5088	121
8573	20	7092	121
2068	6	405	121
3521	14	3437	121
1912	15	5024	121
5158	15	5088	121
396	6	30	121
2793	9	2476	121
2837	9	2482	121
2164	6	116	121
2124	6	116	121
104	1	107	121
3193	12	2155	121
2034	6	116	121
3040	23	12544	121
1983	15	5024	121
2897	9	2540	121
399	1	405	121
6371	23	3023	121
2693	12	28	121
428	6	405	121
8863	17	5817	121
303	1	416	121
8943	23	3023	121
636	1	479	121
2539	9	2540	121
8730	23	3026	121
3040	23	12544	121
2134	6	29	121
2074	6	405	121
2663	17	5818	121
584	6	405	121
169	6	405	121
1970	6	2040	121
7403	17	5818	121
6529	23	3023	121
2903	11	3089	121
205	15	4990	121
8573	20	6780	121
2785	9	2520	121
2011	6	30	121
444	1	405	121
473	6	2040	121
205	6	30	121
3068	23	3027	121
1866	12	170	121
2754	20	6706	121
8385	23	3023	121
9357	20	6012	121
4488	14	3949	121
1863	10	3027	121
636	1	172	121
509	6	30	121
4488	14	3950	121
3143	11	3087	121
1947	6	405	121
114	1	116	121
8824	23	2977	121
2177	6	405	121
3200	12	2055	121
583	1	584	121
1424	1	479	121
6414	23	2935	121
2785	9	2593	121
100	6	30	121
2069	6	2018	121
7847	23	2966	121
19	6	2009	121
381	1	405	121
142	6	30	121
2583	9	2476	121
607	15	4990	121
9348	20	6012	121
2071	6	30	121
8571	23	12518	121
8863	17	5816	121
44	6	30	121
6529	23	2952	121
2911	9	2482	121
4586	17	5817	121
2809	17	5935	121
1956	6	2009	121
1588	6	30	121
191	1	30	121
2691	23	3023	121
3215	12	2009	121
6878	23	2966	121
2116	6	2018	121
6726	23	2966	121
2097	6	30	122
206	1	207	122
2156	6	30	122
9196	20	6780	122
2046	6	2009	122
2539	9	2482	122
2129	6	30	122
3130	11	3131	122
2521	9	2482	122
2894	9	2482	122
8978	17	5816	122
2644	9	2593	122
6006	17	5818	122
12503	23	12520	122
2169	6	29	122
765	6	30	122
492	1	493	122
3231	12	29	122
2587	9	2476	122
776	1	493	122
7406	23	3023	122
2153	6	30	122
2016	6	116	122
9018	23	3023	122
1850	23	2951	122
1941	5	1943	122
4586	17	5818	122
2142	6	2009	122
1945	6	405	122
742	1	748	122
702	6	28	122
3227	12	46	122
1894	23	2920	122
728	1	405	122
3219	12	2027	122
5141	15	5088	122
9357	20	6012	122
1525	6	29	122
494	1	28	122
1502	1	416	122
8516	23	2981	122
610	1	416	122
443	1	416	122
717	1	636	122
2729	23	2935	122
473	1	416	122
3233	12	2009	122
2090	6	116	122
2693	11	3087	122
1961	6	2009	122
845	1	28	122
2130	6	2009	122
2911	10	2720	122
1394	6	115	122
6878	23	12520	122
2809	9	2705	122
6414	23	2935	122
2770	9	2540	122
3521	14	3513	122
4717	20	6012	122
2178	6	30	122
2105	6	30	122
921	6	30	122
178	6	116	122
1644	1	207	122
2530	14	3431	122
2082	15	5057	122
3577	14	3437	122
8301	23	3060	122
2021	6	405	122
2530	14	3711	122
1133	6	30	122
2917	9	2593	122
172	1	402	122
8943	23	2951	122
2511	9	2476	122
742	15	4990	122
2852	23	2952	122
919	1	921	122
1912	6	405	122
2769	9	2476	122
8863	17	5935	122
675	6	405	122
2026	6	30	122
428	15	5024	122
8863	17	6190	122
588	6	30	122
4428	14	3707	122
381	6	405	122
2894	9	2540	122
25	15	5024	122
17	1	18	122
9196	20	7092	122
47	1	48	122
2818	9	2482	122
675	15	4990	122
17	6	30	122
921	1	30	122
2809	17	5818	122
720	1	28	122
711	1	28	122
310	15	5088	122
8573	20	6780	122
3040	23	3023	122
4885	17	8813	122
88	6	30	122
2909	9	2720	122
2531	9	2482	122
583	15	5024	122
1975	6	2009	122
2897	9	2482	122
6371	23	3023	122
675	15	5120	122
446	1	405	122
702	1	28	122
2770	9	2482	122
309	15	5088	122
2917	10	2942	122
658	1	173	122
2073	6	2009	122
2102	6	2040	122
25	15	4990	122
25	6	30	122
578	1	28	122
1110	15	5120	122
1429	6	30	122
8385	23	2981	122
2813	9	2482	122
1983	6	405	122
7169	17	5876	122
1957	6	405	122
2501	23	2920	122
44	5	25	122
728	15	4988	122
1958	6	2009	122
1133	15	4990	122
630	6	30	122
2789	9	2705	122
2159	6	30	122
6649	23	3023	122
2135	6	2009	122
2121	6	405	122
1850	23	2951	122
205	1	207	122
2091	6	405	122
8842	23	3023	122
675	1	320	122
2172	6	2009	122
1841	23	2997	122
759	1	28	122
492	15	5088	122
1592	6	30	122
3192	12	2175	122
9187	20	7092	122
2629	9	2520	122
2832	9	2606	122
3209	12	30	122
113	6	30	122
6839	17	6841	122
47	6	30	122
1100	6	28	122
3236	23	3023	122
8730	23	2951	122
2030	6	2009	122
2094	6	2040	122
2127	6	171	122
2587	9	2588	122
2809	17	5816	122
2702	9	2705	122
1941	6	2009	122
3086	23	12527	122
5348	15	5088	122
2020	6	2009	122
2836	9	2705	122
3228	12	117	122
2481	9	2482	122
2809	17	5817	122
769	1	28	122
4488	14	3937	122
3130	14	3437	122
169	1	173	122
2119	6	2045	122
191	6	30	122
786	15	5088	122
8863	17	5818	122
3236	23	12520	122
6878	23	12520	122
2909	9	2593	122
2729	23	2966	122
776	15	5088	122
2068	6	405	122
3521	14	3437	122
1912	15	5024	122
5158	15	5088	122
396	6	30	122
2793	9	2476	122
2837	9	2482	122
2164	6	116	122
2124	6	116	122
104	1	107	122
3193	12	2155	122
2034	6	116	122
3040	23	12544	122
1983	15	5024	122
2897	9	2540	122
399	1	405	122
6371	23	3023	122
2693	12	28	122
428	6	405	122
8863	17	5817	122
303	1	416	122
8583	17	5876	122
8943	23	3023	122
636	1	479	122
2539	9	2540	122
8730	23	3026	122
3040	23	12544	122
2134	6	29	122
2074	6	405	122
2663	17	5818	122
584	6	405	122
169	6	405	122
1970	6	2040	122
7403	17	5818	122
6529	23	3023	122
2903	11	3089	122
205	15	4990	122
2785	9	2520	122
2011	6	30	122
444	1	405	122
473	6	2040	122
205	6	30	122
6234	17	6236	122
3068	23	3027	122
1866	12	170	122
8385	23	3023	122
1863	10	3027	122
636	1	172	122
509	6	30	122
3143	11	3087	122
1947	6	405	122
114	1	116	122
8824	23	2977	122
1910	14	3956	122
2177	6	405	122
3200	12	2055	122
583	1	584	122
1424	1	479	122
6414	23	2935	122
2785	9	2593	122
100	6	30	122
2069	6	2018	122
8413	17	6782	122
7847	23	2966	122
19	6	2009	122
381	1	405	122
142	6	30	122
2583	9	2476	122
607	15	4990	122
2071	6	30	122
8571	23	12518	122
8863	17	5816	122
44	6	30	122
9348	20	6012	122
6529	23	2952	122
2911	9	2482	122
4586	17	5817	122
2809	17	5935	122
1956	6	2009	122
1588	6	30	122
191	1	30	122
2691	23	3023	122
3215	12	2009	122
6878	23	2966	122
2116	6	2018	122
6726	23	2966	122
2097	6	30	123
206	1	207	123
2156	6	30	123
2046	6	2009	123
2539	9	2482	123
2129	6	30	123
3130	11	3131	123
2521	9	2482	123
2894	9	2482	123
2644	9	2593	123
6006	17	5818	123
12503	23	12520	123
2169	6	29	123
765	6	30	123
492	1	493	123
2877	9	2505	123
3231	12	29	123
2587	9	2476	123
776	1	493	123
7406	23	3023	123
2153	6	30	123
2016	6	116	123
9018	23	3023	123
1850	23	2951	123
1941	5	1943	123
4586	17	5818	123
2142	6	2009	123
1945	6	405	123
742	1	748	123
702	6	28	123
3227	12	46	123
1894	23	2920	123
728	1	405	123
3219	12	2027	123
5141	15	5088	123
1525	6	29	123
494	1	28	123
1502	1	416	123
8516	23	2981	123
610	1	416	123
443	1	416	123
717	1	636	123
2729	23	2935	123
473	1	416	123
3233	12	2009	123
2090	6	116	123
9357	20	6012	123
2693	11	3087	123
2754	9	2505	123
1961	6	2009	123
845	1	28	123
2130	6	2009	123
2911	10	2720	123
1394	6	115	123
4504	14	4506	123
6878	23	12520	123
2809	9	2705	123
6414	23	2935	123
2770	9	2540	123
2178	6	30	123
2105	6	30	123
921	6	30	123
178	6	116	123
1644	1	207	123
2530	14	3431	123
2082	15	5057	123
3577	14	3437	123
8301	23	3060	123
2021	6	405	123
2530	14	3711	123
1133	6	30	123
2917	9	2593	123
172	1	402	123
8943	23	2951	123
2511	9	2476	123
742	15	4990	123
2852	23	2952	123
919	1	921	123
1912	6	405	123
2769	9	2476	123
8863	17	5935	123
675	6	405	123
2026	6	30	123
5828	17	5829	123
428	15	5024	123
8863	17	6190	123
588	6	30	123
4428	14	3707	123
381	6	405	123
2894	9	2540	123
25	15	5024	123
17	1	18	123
47	1	48	123
2818	9	2482	123
675	15	4990	123
17	6	30	123
921	1	30	123
2809	17	5818	123
720	1	28	123
711	1	28	123
310	15	5088	123
3040	23	3023	123
4885	17	8813	123
88	6	30	123
2909	9	2720	123
2531	9	2482	123
583	15	5024	123
1975	6	2009	123
2897	9	2482	123
6371	23	3023	123
675	15	5120	123
446	1	405	123
702	1	28	123
2770	9	2482	123
309	15	5088	123
2917	10	2942	123
658	1	173	123
2073	6	2009	123
2102	6	2040	123
25	15	4990	123
25	6	30	123
578	1	28	123
1110	15	5120	123
1429	6	30	123
8385	23	2981	123
2813	9	2482	123
1983	6	405	123
1957	6	405	123
2501	23	2920	123
44	5	25	123
3425	14	3427	123
728	15	4988	123
1958	6	2009	123
1133	15	4990	123
630	6	30	123
2789	9	2705	123
2159	6	30	123
6649	23	3023	123
2135	6	2009	123
2121	6	405	123
1850	23	2951	123
205	1	207	123
2091	6	405	123
8842	23	3023	123
675	1	320	123
2172	6	2009	123
1841	23	2997	123
759	1	28	123
492	15	5088	123
1592	6	30	123
3192	12	2175	123
2629	9	2520	123
2832	9	2606	123
3209	12	30	123
113	6	30	123
9187	20	7092	123
47	6	30	123
1100	6	28	123
3236	23	3023	123
8730	23	2951	123
2030	6	2009	123
2094	6	2040	123
2127	6	171	123
2587	9	2588	123
2809	17	5816	123
2702	9	2705	123
1941	6	2009	123
3086	23	12527	123
5348	15	5088	123
2020	6	2009	123
2836	9	2705	123
3228	12	117	123
2481	9	2482	123
2809	17	5817	123
769	1	28	123
4488	14	3937	123
3130	14	3437	123
169	1	173	123
2119	6	2045	123
191	6	30	123
786	15	5088	123
8863	17	5818	123
3236	23	12520	123
6878	23	12520	123
2909	9	2593	123
2729	23	2966	123
776	15	5088	123
2068	6	405	123
3521	14	3437	123
1912	15	5024	123
5158	15	5088	123
396	6	30	123
2793	9	2476	123
2837	9	2482	123
2164	6	116	123
2124	6	116	123
104	1	107	123
3193	12	2155	123
2034	6	116	123
3040	23	12544	123
1983	15	5024	123
2897	9	2540	123
399	1	405	123
6371	23	3023	123
2693	12	28	123
428	6	405	123
8863	17	5817	123
303	1	416	123
8943	23	3023	123
636	1	479	123
2539	9	2540	123
8730	23	3026	123
3040	23	12544	123
2134	6	29	123
2074	6	405	123
2663	17	5818	123
584	6	405	123
169	6	405	123
1970	6	2040	123
7403	17	5818	123
6529	23	3023	123
2903	11	3089	123
205	15	4990	123
2785	9	2520	123
2011	6	30	123
444	1	405	123
473	6	2040	123
205	6	30	123
3068	23	3027	123
1866	12	170	123
8385	23	3023	123
1863	10	3027	123
3425	14	3426	123
636	1	172	123
509	6	30	123
3143	11	3087	123
1947	6	405	123
114	1	116	123
8824	23	2977	123
1910	14	3956	123
2177	6	405	123
3200	12	2055	123
583	1	584	123
1424	1	479	123
6414	23	2935	123
2785	9	2593	123
100	6	30	123
2069	6	2018	123
7847	23	2966	123
19	6	2009	123
381	1	405	123
142	6	30	123
2583	9	2476	123
607	15	4990	123
2071	6	30	123
8571	23	12518	123
8863	17	5816	123
44	6	30	123
6529	23	2952	123
2911	9	2482	123
4586	17	5817	123
2809	17	5935	123
2979	10	2924	123
1956	6	2009	123
1588	6	30	123
191	1	30	123
8573	20	6780	123
2691	23	3023	123
3215	12	2009	123
6878	23	2966	123
2116	6	2018	123
6726	23	2966	123
2097	6	30	124
206	1	207	124
2156	6	30	124
2046	6	2009	124
2539	9	2482	124
2129	6	30	124
3130	11	3131	124
2521	9	2482	124
2894	9	2482	124
2644	9	2593	124
6006	17	5818	124
12503	23	12520	124
2169	6	29	124
765	6	30	124
492	1	493	124
2877	9	2505	124
3231	12	29	124
2587	9	2476	124
776	1	493	124
7406	23	3023	124
2153	6	30	124
2016	6	116	124
9018	23	3023	124
1850	23	2951	124
1941	5	1943	124
7491	20	6706	124
4586	17	5818	124
2142	6	2009	124
1945	6	405	124
742	1	748	124
702	6	28	124
3227	12	46	124
1894	23	2920	124
1865	4	1839	124
728	1	405	124
3219	12	2027	124
4717	20	6012	124
5141	15	5088	124
1525	6	29	124
494	1	28	124
1502	1	416	124
8516	23	2981	124
610	1	416	124
443	1	416	124
717	1	636	124
2729	23	2935	124
473	1	416	124
3233	12	2009	124
2090	6	116	124
3130	14	3545	124
2693	11	3087	124
2754	9	2505	124
1961	6	2009	124
845	1	28	124
2130	6	2009	124
2911	10	2720	124
1394	6	115	124
4504	14	4506	124
6878	23	12520	124
2809	9	2705	124
6414	23	2935	124
2770	9	2540	124
2178	6	30	124
2105	6	30	124
921	6	30	124
178	6	116	124
1644	1	207	124
2530	14	3431	124
2082	15	5057	124
3577	14	3437	124
8301	23	3060	124
2021	6	405	124
1133	6	30	124
2917	9	2593	124
172	1	402	124
8943	23	2951	124
2511	9	2476	124
742	15	4990	124
2852	23	2952	124
919	1	921	124
1912	6	405	124
2769	9	2476	124
8863	17	5935	124
675	6	405	124
9187	20	7092	124
2026	6	30	124
428	15	5024	124
8863	17	6190	124
588	6	30	124
4428	14	3707	124
381	6	405	124
2894	9	2540	124
25	15	5024	124
17	1	18	124
47	1	48	124
2818	9	2482	124
675	15	4990	124
17	6	30	124
921	1	30	124
2809	17	5818	124
720	1	28	124
711	1	28	124
310	15	5088	124
3040	23	3023	124
4885	17	8813	124
7169	20	6706	124
88	6	30	124
2909	9	2720	124
2531	9	2482	124
583	15	5024	124
1975	6	2009	124
2897	9	2482	124
6371	23	3023	124
675	15	5120	124
446	1	405	124
702	1	28	124
2770	9	2482	124
309	15	5088	124
2917	10	2942	124
658	1	173	124
2073	6	2009	124
2102	6	2040	124
25	15	4990	124
25	6	30	124
578	1	28	124
1110	15	5120	124
1429	6	30	124
8385	23	2981	124
2813	9	2482	124
1983	6	405	124
1957	6	405	124
2501	23	2920	124
44	5	25	124
3425	14	3427	124
728	15	4988	124
1958	6	2009	124
1133	15	4990	124
630	6	30	124
2789	9	2705	124
2159	6	30	124
6649	23	3023	124
2135	6	2009	124
2121	6	405	124
1850	23	2951	124
205	1	207	124
2091	6	405	124
8842	23	3023	124
675	1	320	124
2172	6	2009	124
1841	23	2997	124
759	1	28	124
492	15	5088	124
1592	6	30	124
3192	12	2175	124
2629	9	2520	124
2832	9	2606	124
3209	12	30	124
113	6	30	124
47	6	30	124
1100	6	28	124
3236	23	3023	124
8730	23	2951	124
2030	6	2009	124
2094	6	2040	124
2127	6	171	124
2587	9	2588	124
2809	17	5816	124
2702	9	2705	124
1941	6	2009	124
3086	23	12527	124
5348	15	5088	124
2020	6	2009	124
2836	9	2705	124
3228	12	117	124
2481	9	2482	124
2809	17	5817	124
769	1	28	124
4488	14	3937	124
3130	14	3437	124
169	1	173	124
2119	6	2045	124
191	6	30	124
786	15	5088	124
8863	17	5818	124
3236	23	12520	124
6878	23	12520	124
2909	9	2593	124
2729	23	2966	124
776	15	5088	124
2068	6	405	124
3521	14	3437	124
1912	15	5024	124
5158	15	5088	124
396	6	30	124
2793	9	2476	124
2837	9	2482	124
2164	6	116	124
2124	6	116	124
104	1	107	124
3193	12	2155	124
2034	6	116	124
8573	20	6780	124
3040	23	12544	124
1983	15	5024	124
2897	9	2540	124
399	1	405	124
6371	23	3023	124
2693	12	28	124
428	6	405	124
8863	17	5817	124
303	1	416	124
8943	23	3023	124
636	1	479	124
2539	9	2540	124
3040	23	12544	124
2134	6	29	124
2074	6	405	124
2663	17	5818	124
584	6	405	124
169	6	405	124
1970	6	2040	124
7403	17	5818	124
6529	23	3023	124
2903	11	3089	124
9357	20	6012	124
205	15	4990	124
2785	9	2520	124
2011	6	30	124
444	1	405	124
473	6	2040	124
1851	23	2997	124
6266	17	6110	124
205	6	30	124
3068	23	3027	124
1866	12	170	124
8385	23	3023	124
1863	10	3027	124
3425	14	3426	124
636	1	172	124
4154	20	6012	124
509	6	30	124
3143	11	3087	124
1947	6	405	124
114	1	116	124
8824	23	2977	124
1910	14	3956	124
2177	6	405	124
3200	12	2055	124
583	1	584	124
1424	1	479	124
6414	23	2935	124
2785	9	2593	124
100	6	30	124
2069	6	2018	124
7847	23	2966	124
19	6	2009	124
381	1	405	124
142	6	30	124
2583	9	2476	124
607	15	4990	124
2071	6	30	124
8571	23	12518	124
8583	17	5873	124
8863	17	5816	124
44	6	30	124
6529	23	2952	124
2911	9	2482	124
4586	17	5817	124
2809	17	5935	124
2979	10	2924	124
1956	6	2009	124
1588	6	30	124
191	1	30	124
2691	23	3023	124
3215	12	2009	124
6878	23	2966	124
8573	20	7092	124
2116	6	2018	124
6726	23	2966	124
2097	6	30	125
206	1	207	125
2156	6	30	125
2046	6	2009	125
2539	9	2482	125
2129	6	30	125
3130	11	3131	125
2521	9	2482	125
2894	9	2482	125
2644	9	2593	125
6006	17	5818	125
12503	23	12520	125
2169	6	29	125
765	6	30	125
492	1	493	125
2877	9	2505	125
3231	12	29	125
2587	9	2476	125
776	1	493	125
9237	20	6012	125
7406	23	3023	125
2153	6	30	125
2016	6	116	125
8573	20	7092	125
9018	23	3023	125
1850	23	2951	125
1941	5	1943	125
4586	17	5818	125
2142	6	2009	125
1945	6	405	125
742	1	748	125
702	6	28	125
3227	12	46	125
1894	23	2920	125
728	1	405	125
3219	12	2027	125
5141	15	5088	125
1525	6	29	125
494	1	28	125
1502	1	416	125
8516	23	2981	125
610	1	416	125
443	1	416	125
717	1	636	125
2729	23	2935	125
473	1	416	125
3233	12	2009	125
2090	6	116	125
3130	14	3545	125
2693	11	3087	125
2754	9	2505	125
1961	6	2009	125
845	1	28	125
2130	6	2009	125
8008	20	7092	125
2911	10	2720	125
1394	6	115	125
4504	14	4506	125
6878	23	12520	125
2809	9	2705	125
6414	23	2935	125
2770	9	2540	125
340	1	381	125
2178	6	30	125
2105	6	30	125
921	6	30	125
178	6	116	125
1644	1	207	125
2530	14	3431	125
2082	15	5057	125
3577	14	3437	125
8301	23	3060	125
2021	6	405	125
1133	6	30	125
2917	9	2593	125
172	1	402	125
8943	23	2951	125
2511	9	2476	125
742	15	4990	125
2852	23	2952	125
919	1	921	125
1912	6	405	125
2769	9	2476	125
8863	17	5935	125
675	6	405	125
2026	6	30	125
428	15	5024	125
8863	17	6190	125
588	6	30	125
4428	14	3707	125
381	6	405	125
2894	9	2540	125
7491	20	6706	125
25	15	5024	125
17	1	18	125
47	1	48	125
2818	9	2482	125
675	15	4990	125
17	6	30	125
921	1	30	125
2809	17	5818	125
720	1	28	125
711	1	28	125
310	15	5088	125
3040	23	3023	125
4885	17	8813	125
88	6	30	125
2909	9	2720	125
2531	9	2482	125
583	15	5024	125
1975	6	2009	125
8861	17	8432	125
2897	9	2482	125
6371	23	3023	125
675	15	5120	125
446	1	405	125
702	1	28	125
2770	9	2482	125
309	15	5088	125
2917	10	2942	125
658	1	173	125
2073	6	2009	125
2102	6	2040	125
25	15	4990	125
25	6	30	125
578	1	28	125
1110	15	5120	125
1429	6	30	125
8385	23	2981	125
2813	9	2482	125
1983	6	405	125
1957	6	405	125
44	5	25	125
728	15	4988	125
1958	6	2009	125
1133	15	4990	125
630	6	30	125
2789	9	2705	125
2159	6	30	125
6649	23	3023	125
2135	6	2009	125
2121	6	405	125
1850	23	2951	125
205	1	207	125
4717	20	6012	125
2091	6	405	125
8842	23	3023	125
675	1	320	125
2172	6	2009	125
1841	23	2997	125
759	1	28	125
492	15	5088	125
1592	6	30	125
3192	12	2175	125
3020	23	2981	125
2629	9	2520	125
2726	20	6706	125
2832	9	2606	125
3209	12	30	125
113	6	30	125
47	6	30	125
1100	6	28	125
3236	23	3023	125
8730	23	2951	125
2030	6	2009	125
2094	6	2040	125
2127	6	171	125
2587	9	2588	125
2809	17	5816	125
2702	9	2705	125
1941	6	2009	125
3086	23	12527	125
5348	15	5088	125
2020	6	2009	125
2836	9	2705	125
3228	12	117	125
2481	9	2482	125
2809	17	5817	125
769	1	28	125
4488	14	3937	125
3130	14	3437	125
169	1	173	125
2119	6	2045	125
191	6	30	125
786	15	5088	125
8863	17	5818	125
3236	23	12520	125
6878	23	12520	125
2909	9	2593	125
2729	23	2966	125
776	15	5088	125
2068	6	405	125
3521	14	3437	125
1912	15	5024	125
5158	15	5088	125
396	6	30	125
2793	9	2476	125
2837	9	2482	125
2164	6	116	125
2124	6	116	125
104	1	107	125
3193	12	2155	125
2034	6	116	125
3040	23	12544	125
1983	15	5024	125
2897	9	2540	125
399	1	405	125
6371	23	3023	125
2693	12	28	125
428	6	405	125
8863	17	5817	125
303	1	416	125
8943	23	3023	125
636	1	479	125
2539	9	2540	125
3040	23	12544	125
2134	6	29	125
2074	6	405	125
2663	17	5818	125
584	6	405	125
169	6	405	125
9187	20	7092	125
1970	6	2040	125
7403	17	5818	125
6529	23	3023	125
2903	11	3089	125
205	15	4990	125
2785	9	2520	125
2011	6	30	125
444	1	405	125
473	6	2040	125
1851	23	2997	125
205	6	30	125
3068	23	3027	125
1866	12	170	125
8385	23	3023	125
9357	20	6012	125
1863	10	3027	125
636	1	172	125
509	6	30	125
3143	11	3087	125
9293	20	5762	125
1947	6	405	125
114	1	116	125
8824	23	2977	125
1910	14	3956	125
2177	6	405	125
3200	12	2055	125
583	1	584	125
340	6	405	125
1424	1	479	125
6414	23	2935	125
2785	9	2593	125
100	6	30	125
2069	6	2018	125
7847	23	2966	125
19	6	2009	125
381	1	405	125
142	6	30	125
2583	9	2476	125
607	15	4990	125
2071	6	30	125
8571	23	12518	125
8863	17	5816	125
44	6	30	125
6529	23	2952	125
2911	9	2482	125
4586	17	5817	125
2809	17	5935	125
2979	10	2924	125
1956	6	2009	125
1588	6	30	125
191	1	30	125
2691	23	3023	125
3215	12	2009	125
6878	23	2966	125
2116	6	2018	125
6726	23	2966	125
2097	6	30	126
206	1	207	126
2156	6	30	126
2046	6	2009	126
2539	9	2482	126
2129	6	30	126
3130	11	3131	126
2521	9	2482	126
2894	9	2482	126
9289	20	6706	126
2644	9	2593	126
6006	17	5818	126
12503	23	12520	126
2169	6	29	126
765	6	30	126
492	1	493	126
2877	9	2505	126
3231	12	29	126
2587	9	2476	126
776	1	493	126
7406	23	3023	126
2153	6	30	126
2016	6	116	126
9018	23	3023	126
1850	23	2951	126
1941	5	1943	126
4586	17	5818	126
2629	17	5872	126
2142	6	2009	126
7491	20	6706	126
1945	6	405	126
742	1	748	126
702	6	28	126
3227	12	46	126
1894	23	2920	126
728	1	405	126
3219	12	2027	126
5141	15	5088	126
1525	6	29	126
494	1	28	126
1502	1	416	126
8516	23	2981	126
610	1	416	126
443	1	416	126
717	1	636	126
2729	23	2935	126
473	1	416	126
3233	12	2009	126
2481	9	2482	126
2090	6	116	126
3130	14	3545	126
2693	11	3087	126
2754	9	2505	126
1961	6	2009	126
845	1	28	126
2130	6	2009	126
2911	10	2720	126
1394	6	115	126
4504	14	4506	126
6878	23	12520	126
2809	9	2705	126
6414	23	2935	126
2770	9	2540	126
340	1	381	126
2178	6	30	126
2105	6	30	126
921	6	30	126
178	6	116	126
1644	1	207	126
2530	14	3431	126
2082	15	5057	126
3577	14	3437	126
8301	23	3060	126
2021	6	405	126
9357	20	6012	126
1133	6	30	126
2917	9	2593	126
172	1	402	126
8943	23	2951	126
2511	9	2476	126
742	15	4990	126
2852	23	2952	126
919	1	921	126
1912	6	405	126
2769	9	2476	126
8863	17	5935	126
675	6	405	126
2026	6	30	126
428	15	5024	126
8863	17	6190	126
588	6	30	126
4428	14	3707	126
381	6	405	126
2894	9	2540	126
25	15	5024	126
17	1	18	126
47	1	48	126
2818	9	2482	126
675	15	4990	126
17	6	30	126
921	1	30	126
2809	17	5818	126
4504	14	3937	126
720	1	28	126
711	1	28	126
310	15	5088	126
3040	23	3023	126
8876	17	6403	126
4885	17	8813	126
88	6	30	126
2909	9	2720	126
8420	20	7092	126
9012	17	5816	126
2531	9	2482	126
583	15	5024	126
1975	6	2009	126
2897	9	2482	126
6371	23	3023	126
675	15	5120	126
446	1	405	126
702	1	28	126
2770	9	2482	126
309	15	5088	126
2917	10	2942	126
658	1	173	126
2073	6	2009	126
2102	6	2040	126
25	15	4990	126
25	6	30	126
578	1	28	126
1110	15	5120	126
1429	6	30	126
8385	23	2981	126
2813	9	2482	126
1983	6	405	126
1957	6	405	126
44	5	25	126
728	15	4988	126
1958	6	2009	126
1133	15	4990	126
630	6	30	126
2789	9	2705	126
2159	6	30	126
6649	23	3023	126
2135	6	2009	126
2121	6	405	126
1850	23	2951	126
8420	17	7092	126
205	1	207	126
2091	6	405	126
8842	23	3023	126
675	1	320	126
2172	6	2009	126
1841	23	2997	126
759	1	28	126
492	15	5088	126
1592	6	30	126
3192	12	2175	126
3020	23	2981	126
2726	20	6012	126
2629	9	2520	126
2832	9	2606	126
3209	12	30	126
113	6	30	126
47	6	30	126
1100	6	28	126
3236	23	3023	126
8730	23	2951	126
2030	6	2009	126
2094	6	2040	126
2127	6	171	126
2587	9	2588	126
2809	17	5816	126
2702	9	2705	126
1941	6	2009	126
3086	23	12527	126
5348	15	5088	126
2020	6	2009	126
2836	9	2705	126
3228	12	117	126
2481	9	2482	126
2809	17	5817	126
769	1	28	126
4488	14	3937	126
3130	14	3437	126
169	1	173	126
2119	6	2045	126
191	6	30	126
786	15	5088	126
8863	17	5818	126
3236	23	12520	126
6878	23	12520	126
2909	9	2593	126
2729	23	2966	126
776	15	5088	126
2068	6	405	126
3521	14	3437	126
1912	15	5024	126
5158	15	5088	126
396	6	30	126
2793	9	2476	126
2837	9	2482	126
2164	6	116	126
2124	6	116	126
104	1	107	126
3193	12	2155	126
2034	6	116	126
3040	23	12544	126
1983	15	5024	126
2897	9	2540	126
399	1	405	126
6371	23	3023	126
2693	12	28	126
428	6	405	126
8863	17	5817	126
303	1	416	126
8943	23	3023	126
636	1	479	126
2539	9	2540	126
3040	23	12544	126
2134	6	29	126
2074	6	405	126
2663	17	5818	126
584	6	405	126
169	6	405	126
1970	6	2040	126
7403	17	5818	126
6529	23	3023	126
2903	11	3089	126
205	15	4990	126
2785	9	2520	126
2011	6	30	126
444	1	405	126
473	6	2040	126
1851	23	2997	126
205	6	30	126
3068	23	3027	126
1866	12	170	126
8385	23	3023	126
1863	10	3027	126
636	1	172	126
4717	20	6012	126
509	6	30	126
3143	11	3087	126
1947	6	405	126
114	1	116	126
8824	23	2977	126
1910	14	3956	126
2177	6	405	126
3200	12	2055	126
583	1	584	126
2726	20	6706	126
340	6	405	126
1424	1	479	126
6414	23	2935	126
2785	9	2593	126
100	6	30	126
2069	6	2018	126
7847	23	2966	126
19	6	2009	126
381	1	405	126
142	6	30	126
2583	9	2476	126
607	15	4990	126
2071	6	30	126
8571	23	12518	126
8863	17	5816	126
44	6	30	126
6529	23	2952	126
2911	9	2482	126
4586	17	5817	126
2809	17	5935	126
2979	10	2924	126
1956	6	2009	126
1588	6	30	126
191	1	30	126
2691	23	3023	126
3215	12	2009	126
6878	23	2966	126
2116	6	2018	126
6726	23	2966	126
2097	6	30	127
206	1	207	127
2156	6	30	127
2046	6	2009	127
2539	9	2482	127
2129	6	30	127
3130	11	3131	127
2521	9	2482	127
2894	9	2482	127
2644	9	2593	127
6006	17	5818	127
12503	23	12520	127
2169	6	29	127
765	6	30	127
492	1	493	127
2877	9	2505	127
9293	20	5762	127
3231	12	29	127
2587	9	2476	127
776	1	493	127
7406	23	3023	127
2153	6	30	127
2016	6	116	127
9018	23	3023	127
1850	23	2951	127
1941	5	1943	127
4586	17	5818	127
2142	6	2009	127
2754	20	6706	127
1945	6	405	127
742	1	748	127
702	6	28	127
3227	12	46	127
1894	23	2920	127
728	1	405	127
3219	12	2027	127
5141	15	5088	127
1525	6	29	127
494	1	28	127
1502	1	416	127
8516	23	2981	127
610	1	416	127
443	1	416	127
717	1	636	127
2729	23	2935	127
473	1	416	127
3233	12	2009	127
2481	9	2482	127
2090	6	116	127
3130	14	3545	127
2693	11	3087	127
2754	9	2505	127
1961	6	2009	127
845	1	28	127
2130	6	2009	127
2911	10	2720	127
1394	6	115	127
6878	23	12520	127
2809	9	2705	127
6414	23	2935	127
2770	9	2540	127
340	1	381	127
2178	6	30	127
2105	6	30	127
921	6	30	127
178	6	116	127
1644	1	207	127
2530	14	3431	127
2082	15	5057	127
3577	14	3437	127
8301	23	3060	127
2021	6	405	127
4717	20	6012	127
1133	6	30	127
2917	9	2593	127
172	1	402	127
8943	23	2951	127
2511	9	2476	127
742	15	4990	127
2852	23	2952	127
919	1	921	127
1912	6	405	127
2769	9	2476	127
8863	17	5935	127
675	6	405	127
2026	6	30	127
428	15	5024	127
8863	17	6190	127
588	6	30	127
4428	14	3707	127
381	6	405	127
2894	9	2540	127
25	15	5024	127
17	1	18	127
47	1	48	127
2818	9	2482	127
675	15	4990	127
17	6	30	127
921	1	30	127
2809	17	5818	127
2726	17	6706	127
4504	14	3937	127
720	1	28	127
711	1	28	127
310	15	5088	127
3040	23	3023	127
4885	17	8813	127
88	6	30	127
2909	9	2720	127
2531	9	2482	127
583	15	5024	127
1975	6	2009	127
2897	9	2482	127
6371	23	3023	127
675	15	5120	127
446	1	405	127
702	1	28	127
2770	9	2482	127
309	15	5088	127
2917	10	2942	127
658	1	173	127
2073	6	2009	127
2102	6	2040	127
25	15	4990	127
25	6	30	127
578	1	28	127
1110	15	5120	127
1429	6	30	127
8385	23	2981	127
2813	9	2482	127
1983	6	405	127
1957	6	405	127
44	5	25	127
728	15	4988	127
1958	6	2009	127
1133	15	4990	127
630	6	30	127
2789	9	2705	127
2159	6	30	127
2135	6	2009	127
2121	6	405	127
1850	23	2951	127
2726	20	6706	127
205	1	207	127
2091	6	405	127
8842	23	3023	127
675	1	320	127
2172	6	2009	127
1841	23	2997	127
759	1	28	127
492	15	5088	127
1592	6	30	127
3192	12	2175	127
3020	23	2981	127
2629	9	2520	127
2832	9	2606	127
3209	12	30	127
113	6	30	127
47	6	30	127
1100	6	28	127
3236	23	3023	127
8730	23	2951	127
2030	6	2009	127
2094	6	2040	127
2127	6	171	127
2587	9	2588	127
2809	17	5816	127
2702	9	2705	127
1941	6	2009	127
3086	23	12527	127
5348	15	5088	127
2020	6	2009	127
2836	9	2705	127
3228	12	117	127
2809	17	5817	127
769	1	28	127
3130	14	3437	127
169	1	173	127
2119	6	2045	127
191	6	30	127
786	15	5088	127
8863	17	5818	127
3236	23	12520	127
6878	23	12520	127
2909	9	2593	127
2729	23	2966	127
776	15	5088	127
2068	6	405	127
3521	14	3437	127
1912	15	5024	127
5158	15	5088	127
396	6	30	127
2793	9	2476	127
2837	9	2482	127
2164	6	116	127
2124	6	116	127
104	1	107	127
3193	12	2155	127
2034	6	116	127
3040	23	12544	127
1983	15	5024	127
2897	9	2540	127
399	1	405	127
6371	23	3023	127
2693	12	28	127
428	6	405	127
7491	20	6706	127
8863	17	5817	127
9357	20	6012	127
303	1	416	127
8943	23	3023	127
636	1	479	127
2539	9	2540	127
3040	23	12544	127
2134	6	29	127
2074	6	405	127
2663	17	5818	127
584	6	405	127
169	6	405	127
1970	6	2040	127
7403	17	5818	127
6529	23	3023	127
2655	9	2482	127
2903	11	3089	127
205	15	4990	127
2785	9	2520	127
2011	6	30	127
444	1	405	127
473	6	2040	127
1851	23	2997	127
205	6	30	127
3068	23	3027	127
1866	12	170	127
8385	23	3023	127
1863	10	3027	127
636	1	172	127
509	6	30	127
3143	11	3087	127
1947	6	405	127
114	1	116	127
8824	23	2977	127
1910	14	3956	127
2177	6	405	127
3200	12	2055	127
2726	20	6012	127
583	1	584	127
3130	14	3546	127
340	6	405	127
1424	1	479	127
6414	23	2935	127
2785	9	2593	127
100	6	30	127
2069	6	2018	127
7847	23	2966	127
4886	14	3711	127
19	6	2009	127
381	1	405	127
142	6	30	127
2583	9	2476	127
607	15	4990	127
2071	6	30	127
8571	23	12518	127
8008	20	7092	127
8863	17	5816	127
44	6	30	127
6529	23	2952	127
3233	23	2977	127
2911	9	2482	127
4586	17	5817	127
2809	17	5935	127
2979	10	2924	127
1956	6	2009	127
1588	6	30	127
191	1	30	127
2691	23	3023	127
3215	12	2009	127
6878	23	2966	127
2116	6	2018	127
6726	23	2966	127
2097	6	30	128
206	1	207	128
2156	6	30	128
2046	6	2009	128
2539	9	2482	128
2129	6	30	128
3130	11	3131	128
2521	9	2482	128
2894	9	2482	128
2644	9	2593	128
6006	17	5818	128
12503	23	12520	128
2169	6	29	128
765	6	30	128
492	1	493	128
2877	9	2505	128
3231	12	29	128
2587	9	2476	128
776	1	493	128
7406	23	3023	128
2153	6	30	128
2016	6	116	128
9018	23	3023	128
1850	23	2951	128
1941	5	1943	128
4586	17	5818	128
2142	6	2009	128
3215	12	2048	128
1945	6	405	128
742	1	748	128
702	6	28	128
3227	12	46	128
1894	23	2920	128
728	1	405	128
3219	12	2027	128
5141	15	5088	128
1525	6	29	128
494	1	28	128
1502	1	416	128
8516	23	2981	128
610	1	416	128
443	1	416	128
9263	20	6780	128
717	1	636	128
2729	23	2935	128
473	1	416	128
3233	12	2009	128
2481	9	2482	128
2090	6	116	128
2693	11	3087	128
2754	9	2505	128
1961	6	2009	128
845	1	28	128
2130	6	2009	128
2911	10	2720	128
1394	6	115	128
6878	23	12520	128
2809	9	2705	128
6414	23	2935	128
2770	9	2540	128
340	1	381	128
2178	6	30	128
2105	6	30	128
921	6	30	128
178	6	116	128
1644	1	207	128
2530	14	3431	128
2082	15	5057	128
3577	14	3437	128
8301	23	3060	128
2021	6	405	128
1133	6	30	128
2917	9	2593	128
172	1	402	128
8943	23	2951	128
2511	9	2476	128
742	15	4990	128
2852	23	2952	128
919	1	921	128
1912	6	405	128
2769	9	2476	128
8863	17	5935	128
675	6	405	128
2026	6	30	128
428	15	5024	128
8863	17	6190	128
588	6	30	128
4428	14	3707	128
381	6	405	128
2894	9	2540	128
25	15	5024	128
17	1	18	128
47	1	48	128
2818	9	2482	128
675	15	4990	128
17	6	30	128
921	1	30	128
2809	17	5818	128
4504	14	3937	128
720	1	28	128
711	1	28	128
310	15	5088	128
3040	23	3023	128
4885	17	8813	128
88	6	30	128
2909	9	2720	128
2531	9	2482	128
583	15	5024	128
1975	6	2009	128
2663	17	5817	128
2897	9	2482	128
6371	23	3023	128
675	15	5120	128
446	1	405	128
702	1	28	128
2770	9	2482	128
309	15	5088	128
2917	10	2942	128
658	1	173	128
2073	6	2009	128
8573	20	7092	128
2102	6	2040	128
3186	12	2155	128
25	15	4990	128
7491	20	6706	128
25	6	30	128
578	1	28	128
1110	15	5120	128
1429	6	30	128
8385	23	2981	128
2813	9	2482	128
1983	6	405	128
1957	6	405	128
4717	20	6012	128
44	5	25	128
728	15	4988	128
9272	20	6706	128
1958	6	2009	128
1133	15	4990	128
630	6	30	128
2789	9	2705	128
2159	6	30	128
2135	6	2009	128
2121	6	405	128
1850	23	2951	128
205	1	207	128
2091	6	405	128
8842	23	3023	128
675	1	320	128
2172	6	2009	128
1841	23	2997	128
759	1	28	128
492	15	5088	128
1592	6	30	128
3425	14	3428	128
3192	12	2175	128
3020	23	2981	128
2511	14	3711	128
2629	9	2520	128
2832	9	2606	128
3209	12	30	128
9357	20	6012	128
113	6	30	128
47	6	30	128
1100	6	28	128
3236	23	3023	128
8730	23	2951	128
2030	6	2009	128
2094	6	2040	128
2127	6	171	128
2587	9	2588	128
2809	17	5816	128
2702	9	2705	128
1941	6	2009	128
3086	23	12527	128
5348	15	5088	128
2020	6	2009	128
2836	9	2705	128
3228	12	117	128
2809	17	5817	128
769	1	28	128
3130	14	3437	128
2836	17	5818	128
169	1	173	128
2119	6	2045	128
191	6	30	128
786	15	5088	128
8863	17	5818	128
3236	23	12520	128
2640	9	2482	128
6878	23	12520	128
2909	9	2593	128
2729	23	2966	128
776	15	5088	128
2068	6	405	128
3521	14	3437	128
1912	15	5024	128
5158	15	5088	128
396	6	30	128
2793	9	2476	128
2837	9	2482	128
2164	6	116	128
2124	6	116	128
104	1	107	128
3193	12	2155	128
2034	6	116	128
3040	23	12544	128
1983	15	5024	128
2897	9	2540	128
399	1	405	128
6371	23	3023	128
2693	12	28	128
428	6	405	128
8863	17	5817	128
303	1	416	128
8943	23	3023	128
636	1	479	128
2539	9	2540	128
3040	23	12544	128
2134	6	29	128
2074	6	405	128
2663	17	5818	128
584	6	405	128
169	6	405	128
2583	20	5762	128
1970	6	2040	128
7403	17	5818	128
6529	23	3023	128
2655	9	2482	128
2903	11	3089	128
205	15	4990	128
2785	9	2520	128
2011	6	30	128
444	1	405	128
473	6	2040	128
1851	23	2997	128
205	6	30	128
3068	23	3027	128
1866	12	170	128
8385	23	3023	128
9084	20	6706	128
636	1	172	128
509	6	30	128
3143	11	3087	128
1947	6	405	128
114	1	116	128
8824	23	2977	128
1910	14	3956	128
2177	6	405	128
3200	12	2055	128
583	1	584	128
3130	14	3546	128
340	6	405	128
1424	1	479	128
6414	23	2935	128
2785	9	2593	128
100	6	30	128
2069	6	2018	128
7847	23	2966	128
4886	14	3711	128
19	6	2009	128
381	1	405	128
142	6	30	128
2583	9	2476	128
607	15	4990	128
9211	20	6706	128
2071	6	30	128
8571	23	12518	128
8863	17	5816	128
44	6	30	128
6529	23	2952	128
3233	23	2977	128
2911	9	2482	128
4586	17	5817	128
2726	9	2593	128
2809	17	5935	128
2979	10	2924	128
1956	6	2009	128
1588	6	30	128
191	1	30	128
2691	23	3023	128
3215	12	2009	128
6878	23	2966	128
2116	6	2018	128
6726	23	2966	128
2097	6	30	129
206	1	207	129
2156	6	30	129
2046	6	2009	129
2539	9	2482	129
2129	6	30	129
3130	11	3131	129
2521	9	2482	129
2894	9	2482	129
2644	9	2593	129
6006	17	5818	129
12503	23	12520	129
6266	17	6068	129
2169	6	29	129
765	6	30	129
492	1	493	129
2877	9	2505	129
3231	12	29	129
2587	9	2476	129
776	1	493	129
7406	23	3023	129
2153	6	30	129
2016	6	116	129
9018	23	3023	129
1850	23	2951	129
1941	5	1943	129
4586	17	5818	129
5828	17	6175	129
2142	6	2009	129
3215	12	2048	129
6234	17	6238	129
1945	6	405	129
742	1	748	129
702	6	28	129
3227	12	46	129
1894	23	2920	129
728	1	405	129
3219	12	2027	129
5141	15	5088	129
1525	6	29	129
494	1	28	129
2663	17	5816	129
1502	1	416	129
8516	23	2981	129
610	1	416	129
443	1	416	129
717	1	636	129
2729	23	2935	129
473	1	416	129
3233	12	2009	129
6876	17	5873	129
2481	9	2482	129
2090	6	116	129
2693	11	3087	129
2754	9	2505	129
1961	6	2009	129
845	1	28	129
2130	6	2009	129
2911	10	2720	129
1394	6	115	129
6878	23	12520	129
2809	9	2705	129
6414	23	2935	129
2770	9	2540	129
340	1	381	129
2178	6	30	129
2105	6	30	129
921	6	30	129
178	6	116	129
1644	1	207	129
2530	14	3431	129
2082	15	5057	129
3577	14	3437	129
8301	23	3060	129
2021	6	405	129
1133	6	30	129
2917	9	2593	129
172	1	402	129
8943	23	2951	129
2511	9	2476	129
742	15	4990	129
2852	23	2952	129
919	1	921	129
1912	6	405	129
2769	9	2476	129
8863	17	5935	129
675	6	405	129
2026	6	30	129
428	15	5024	129
8863	17	6190	129
588	6	30	129
4428	14	3707	129
381	6	405	129
2894	9	2540	129
25	15	5024	129
3130	14	3491	129
17	1	18	129
47	1	48	129
2818	9	2482	129
675	15	4990	129
17	6	30	129
921	1	30	129
2809	17	5818	129
720	1	28	129
711	1	28	129
310	15	5088	129
3040	23	3023	129
4885	17	8813	129
88	6	30	129
2909	9	2720	129
2531	9	2482	129
583	15	5024	129
1975	6	2009	129
2663	17	5817	129
2897	9	2482	129
6371	23	3023	129
675	15	5120	129
446	1	405	129
4717	20	6012	129
702	1	28	129
2770	9	2482	129
309	15	5088	129
2877	9	2505	129
2917	10	2942	129
658	1	173	129
2073	6	2009	129
9357	20	6012	129
2102	6	2040	129
3186	12	2155	129
25	15	4990	129
25	6	30	129
578	1	28	129
1110	15	5120	129
1429	6	30	129
8385	23	2981	129
2813	9	2482	129
1983	6	405	129
1957	6	405	129
8949	17	6007	129
44	5	25	129
728	15	4988	129
2583	20	5762	129
1958	6	2009	129
1133	15	4990	129
630	6	30	129
2789	9	2705	129
2159	6	30	129
2135	6	2009	129
2121	6	405	129
1850	23	2951	129
205	1	207	129
2091	6	405	129
8842	23	3023	129
675	1	320	129
2172	6	2009	129
1841	23	2997	129
759	1	28	129
492	15	5088	129
1592	6	30	129
3425	14	3428	129
3192	12	2175	129
3020	23	2981	129
2629	9	2520	129
2832	9	2606	129
3209	12	30	129
113	6	30	129
47	6	30	129
1100	6	28	129
3236	23	3023	129
8730	23	2951	129
2030	6	2009	129
2094	6	2040	129
2127	6	171	129
2587	9	2588	129
2809	17	5816	129
2702	9	2705	129
1941	6	2009	129
3086	23	12527	129
5348	15	5088	129
2020	6	2009	129
2836	9	2705	129
3228	12	117	129
2809	17	5817	129
769	1	28	129
3130	14	3437	129
2836	17	5818	129
169	1	173	129
2119	6	2045	129
191	6	30	129
786	15	5088	129
8863	17	5818	129
3236	23	12520	129
2640	9	2482	129
6878	23	12520	129
2909	9	2593	129
2729	23	2966	129
776	15	5088	129
2068	6	405	129
3521	14	3437	129
1912	15	5024	129
5158	15	5088	129
396	6	30	129
2793	9	2476	129
2837	9	2482	129
2164	6	116	129
1851	4	1842	129
2124	6	116	129
104	1	107	129
3193	12	2155	129
2034	6	116	129
6234	20	7092	129
3040	23	12544	129
1983	15	5024	129
2897	9	2540	129
399	1	405	129
6371	23	3023	129
2693	12	28	129
428	6	405	129
8863	17	5817	129
303	1	416	129
8943	23	3023	129
636	1	479	129
2539	9	2540	129
3040	23	12544	129
2134	6	29	129
2074	6	405	129
2663	17	5818	129
584	6	405	129
169	6	405	129
1970	6	2040	129
7403	17	5818	129
6529	23	3023	129
2655	9	2482	129
2903	11	3089	129
205	15	4990	129
2785	9	2520	129
2011	6	30	129
444	1	405	129
473	6	2040	129
7491	20	6706	129
205	6	30	129
3068	23	3027	129
1866	12	170	129
8385	23	3023	129
636	1	172	129
509	6	30	129
3143	11	3087	129
1947	6	405	129
114	1	116	129
8824	23	2977	129
1910	14	3956	129
2177	6	405	129
3200	12	2055	129
583	1	584	129
3130	14	3546	129
340	6	405	129
1424	1	479	129
6414	23	2935	129
2785	9	2593	129
100	6	30	129
2069	6	2018	129
7847	23	2966	129
19	6	2009	129
381	1	405	129
142	6	30	129
2583	9	2476	129
607	15	4990	129
2071	6	30	129
8571	23	12518	129
8863	17	5816	129
44	6	30	129
6529	23	2952	129
3233	23	2977	129
2911	9	2482	129
4586	17	5817	129
2726	9	2593	129
2809	17	5935	129
2979	10	2924	129
1956	6	2009	129
1588	6	30	129
191	1	30	129
2691	23	3023	129
6878	23	2966	129
2116	6	2018	129
6726	23	2966	129
2097	6	30	130
206	1	207	130
2156	6	30	130
2046	6	2009	130
2539	9	2482	130
2129	6	30	130
3130	11	3131	130
2521	9	2482	130
2894	9	2482	130
2644	9	2593	130
6006	17	5818	130
12503	23	12520	130
2169	6	29	130
765	6	30	130
492	1	493	130
3231	12	29	130
2587	9	2476	130
776	1	493	130
7406	23	3023	130
2153	6	30	130
2016	6	116	130
9018	23	3023	130
1850	23	2951	130
1941	5	1943	130
4586	17	5818	130
2178	6	2111	130
2142	6	2009	130
3215	12	2048	130
1429	6	2111	130
1945	6	405	130
742	1	748	130
702	6	28	130
7491	20	6706	130
3227	12	46	130
1894	23	2920	130
728	1	405	130
3219	12	2027	130
5141	15	5088	130
1525	6	29	130
494	1	28	130
2663	17	5816	130
1502	1	416	130
8516	23	2981	130
610	1	416	130
443	1	416	130
717	1	636	130
2729	23	2935	130
473	1	416	130
3233	12	2009	130
2481	9	2482	130
2090	6	116	130
2693	11	3087	130
2754	9	2505	130
1961	6	2009	130
845	1	28	130
2130	6	2009	130
2911	10	2720	130
1394	6	115	130
6878	23	12520	130
2809	9	2705	130
6414	23	2935	130
2770	9	2540	130
340	1	381	130
2178	6	30	130
2105	6	30	130
921	6	30	130
178	6	116	130
1644	1	207	130
2530	14	3431	130
2082	15	5057	130
3577	14	3437	130
8301	23	3060	130
2021	6	405	130
1133	6	30	130
2917	9	2593	130
172	1	402	130
8943	23	2951	130
2511	9	2476	130
742	15	4990	130
2852	23	2952	130
919	1	921	130
1912	6	405	130
2769	9	2476	130
8863	17	5935	130
675	6	405	130
2026	6	30	130
428	15	5024	130
8863	17	6190	130
588	6	30	130
4428	14	3707	130
381	6	405	130
2894	9	2540	130
25	15	5024	130
3130	14	3491	130
17	1	18	130
47	1	48	130
2818	9	2482	130
675	15	4990	130
17	6	30	130
921	1	30	130
2809	17	5818	130
720	1	28	130
711	1	28	130
310	15	5088	130
3040	23	3023	130
4885	17	8813	130
88	6	30	130
2909	9	2720	130
2531	9	2482	130
9357	20	6012	130
583	15	5024	130
1975	6	2009	130
2663	17	5817	130
2897	9	2482	130
6371	23	3023	130
675	15	5120	130
446	1	405	130
702	1	28	130
2770	9	2482	130
309	15	5088	130
2877	9	2505	130
2917	10	2942	130
658	1	173	130
2073	6	2009	130
2102	6	2040	130
3186	12	2155	130
25	15	4990	130
25	6	30	130
578	1	28	130
1110	15	5120	130
1429	6	30	130
8385	23	2981	130
2813	9	2482	130
1983	6	405	130
1957	6	405	130
44	5	25	130
728	15	4988	130
1958	6	2009	130
1133	15	4990	130
630	6	30	130
2789	9	2705	130
2159	6	30	130
2135	6	2009	130
2121	6	405	130
1850	23	2951	130
205	1	207	130
2091	6	405	130
8842	23	3023	130
675	1	320	130
2172	6	2009	130
1841	23	2997	130
759	1	28	130
492	15	5088	130
1592	6	30	130
3425	14	3428	130
3192	12	2175	130
2629	9	2520	130
2832	9	2606	130
3209	12	30	130
113	6	30	130
47	6	30	130
1100	6	28	130
3236	23	3023	130
8730	23	2951	130
2030	6	2009	130
2094	6	2040	130
2127	6	171	130
2587	9	2588	130
2809	17	5816	130
2702	9	2705	130
1941	6	2009	130
3086	23	12527	130
5348	15	5088	130
2020	6	2009	130
2836	9	2705	130
3228	12	117	130
2809	17	5817	130
769	1	28	130
3130	14	3437	130
2836	17	5818	130
169	1	173	130
2119	6	2045	130
191	6	30	130
786	15	5088	130
8863	17	5818	130
3236	23	12520	130
2640	9	2482	130
6878	23	12520	130
2909	9	2593	130
2729	23	2966	130
776	15	5088	130
2068	6	405	130
1912	15	5024	130
5158	15	5088	130
396	6	30	130
2793	9	2476	130
2837	9	2482	130
2164	6	116	130
2124	6	116	130
104	1	107	130
3193	12	2155	130
2034	6	116	130
3040	23	12544	130
1983	15	5024	130
2897	9	2540	130
399	1	405	130
6371	23	3023	130
2693	12	28	130
428	6	405	130
8863	17	5817	130
2026	6	2111	130
303	1	416	130
8943	23	3023	130
636	1	479	130
2539	9	2540	130
3040	23	12544	130
2134	6	29	130
2074	6	405	130
2663	17	5818	130
584	6	405	130
169	6	405	130
1970	6	2040	130
7403	17	5818	130
6529	23	3023	130
2655	9	2482	130
2903	11	3089	130
205	15	4990	130
2785	9	2520	130
2011	6	30	130
444	1	405	130
473	6	2040	130
205	6	30	130
3068	23	3027	130
1866	12	170	130
8385	23	3023	130
636	1	172	130
4717	20	6012	130
509	6	30	130
3143	11	3087	130
1947	6	405	130
114	1	116	130
8824	23	2977	130
1910	14	3956	130
2177	6	405	130
3200	12	2055	130
583	1	584	130
340	6	405	130
1424	1	479	130
6414	23	2935	130
2785	9	2593	130
2663	17	5935	130
100	6	30	130
2069	6	2018	130
7847	23	2966	130
19	6	2009	130
381	1	405	130
142	6	30	130
2583	9	2476	130
607	15	4990	130
2071	6	30	130
8571	23	12518	130
8863	17	5816	130
44	6	30	130
6529	23	2952	130
3233	23	2977	130
2911	9	2482	130
4586	17	5817	130
2726	9	2593	130
2809	17	5935	130
2979	10	2924	130
1956	6	2009	130
1588	6	30	130
191	1	30	130
2691	23	3023	130
6878	23	2966	130
2116	6	2018	130
6726	23	2966	130
2097	6	30	131
206	1	207	131
2156	6	30	131
2046	6	2009	131
2539	9	2482	131
2129	6	30	131
3130	11	3131	131
2521	9	2482	131
2894	9	2482	131
2644	9	2593	131
6006	17	5818	131
4783	17	8642	131
12503	23	12520	131
2169	6	29	131
765	6	30	131
492	1	493	131
3231	12	29	131
2587	9	2476	131
776	1	493	131
7406	23	3023	131
2153	6	30	131
2016	6	116	131
9018	23	3023	131
1850	23	2951	131
1941	5	1943	131
113	6	550	131
2071	6	28	131
4586	17	5818	131
2178	6	2111	131
2142	6	2009	131
509	6	28	131
3215	12	2048	131
1429	6	2111	131
1945	6	405	131
742	1	748	131
702	6	28	131
3227	12	46	131
1894	23	2920	131
728	1	405	131
3219	12	2027	131
5141	15	5088	131
1525	6	29	131
494	1	28	131
2663	17	5816	131
1502	1	416	131
8516	23	2981	131
610	1	416	131
443	1	416	131
717	1	636	131
2729	23	2935	131
473	1	416	131
3233	12	2009	131
2481	9	2482	131
2090	6	116	131
2693	11	3087	131
2754	9	2505	131
1961	6	2009	131
845	1	28	131
2130	6	2009	131
2911	10	2720	131
1394	6	115	131
6878	23	12520	131
2809	9	2705	131
6414	23	2935	131
2770	9	2540	131
340	1	381	131
28	15	4988	131
2105	6	30	131
921	6	30	131
178	6	116	131
1644	1	207	131
2530	14	3431	131
2082	15	5057	131
3577	14	3437	131
8301	23	3060	131
2021	6	405	131
1133	6	30	131
2917	9	2593	131
172	1	402	131
8943	23	2951	131
2511	9	2476	131
742	15	4990	131
2852	23	2952	131
919	1	921	131
1912	6	405	131
2769	9	2476	131
2530	14	3711	131
8863	17	5935	131
675	6	405	131
428	15	5024	131
8863	17	6190	131
588	6	30	131
4428	14	3707	131
381	6	405	131
47	6	332	131
2894	9	2540	131
25	15	5024	131
191	1	28	131
2655	9	2482	131
25	6	332	131
17	1	18	131
2011	6	332	131
47	1	48	131
2818	9	2482	131
675	15	4990	131
2792	14	3711	131
17	6	30	131
921	1	30	131
2809	17	5818	131
396	6	28	131
720	1	28	131
711	1	28	131
310	15	5088	131
9012	17	5935	131
3040	23	3023	131
4885	17	8813	131
47	6	28	131
88	6	30	131
2909	9	2720	131
2531	9	2482	131
630	6	550	131
583	15	5024	131
1975	6	2009	131
2663	17	5817	131
2897	9	2482	131
6371	23	3023	131
113	6	332	131
675	15	5120	131
446	1	405	131
702	1	28	131
2770	9	2482	131
309	15	5088	131
2877	9	2505	131
2917	10	2942	131
1588	6	550	131
658	1	173	131
2073	6	2009	131
2102	6	2040	131
3186	12	2155	131
25	15	4990	131
25	6	30	131
578	1	28	131
1110	15	5120	131
2071	6	332	131
8385	23	2981	131
9263	20	6780	131
2813	9	2482	131
1983	6	405	131
396	6	332	131
1957	6	405	131
44	5	25	131
728	15	4988	131
1958	6	2009	131
1133	15	4990	131
630	6	30	131
2789	9	2705	131
2159	6	30	131
2135	6	2009	131
2121	6	405	131
1850	23	2951	131
205	1	207	131
2091	6	405	131
8842	23	3023	131
675	1	320	131
88	6	28	131
2172	6	2009	131
1841	23	2997	131
759	1	28	131
492	15	5088	131
509	6	332	131
1592	6	30	131
3425	14	3428	131
3192	12	2175	131
2629	9	2520	131
2832	9	2606	131
3209	12	30	131
2754	20	6706	131
113	6	30	131
47	6	30	131
1100	6	28	131
3236	23	3023	131
8730	23	2951	131
2030	6	2009	131
2094	6	2040	131
2127	6	171	131
2587	9	2588	131
2809	17	5816	131
2702	9	2705	131
1941	6	2009	131
3086	23	12527	131
5348	15	5088	131
2020	6	2009	131
2836	9	2705	131
3228	12	117	131
2809	17	5817	131
769	1	28	131
3130	14	3437	131
2836	17	5818	131
169	1	173	131
2119	6	2045	131
191	6	30	131
100	6	28	131
786	15	5088	131
8863	17	5818	131
3236	23	12520	131
2640	9	2482	131
6878	23	12520	131
6511	20	6012	131
2909	9	2593	131
100	6	332	131
2729	23	2966	131
776	15	5088	131
2068	6	405	131
1912	15	5024	131
5158	15	5088	131
396	6	30	131
2793	9	2476	131
2837	9	2482	131
2164	6	116	131
2124	6	116	131
2663	17	6190	131
104	1	107	131
3193	12	2155	131
2034	6	116	131
3040	23	12544	131
1983	15	5024	131
2897	9	2540	131
399	1	405	131
6371	23	3023	131
2693	12	28	131
428	6	405	131
191	1	332	131
8863	17	5817	131
2026	6	2111	131
303	1	416	131
8943	23	3023	131
921	1	550	131
636	1	479	131
2539	9	2540	131
3040	23	12544	131
2134	6	29	131
2074	6	405	131
2663	17	5818	131
584	6	405	131
169	6	405	131
1970	6	2040	131
7403	17	5818	131
6529	23	3023	131
2655	9	2482	131
2903	11	3089	131
205	15	4990	131
2785	9	2520	131
2011	6	30	131
444	1	405	131
473	6	2040	131
205	6	30	131
3068	23	3027	131
1866	12	170	131
205	6	2019	131
25	6	28	131
8385	23	3023	131
921	1	332	131
636	1	172	131
1588	6	332	131
509	6	30	131
3143	11	3087	131
2011	6	550	131
1947	6	405	131
114	1	116	131
8824	23	2977	131
1910	14	3956	131
921	6	550	131
2177	6	405	131
3200	12	2055	131
583	1	584	131
44	6	332	131
340	6	405	131
765	6	332	131
1424	1	479	131
6414	23	2935	131
765	6	28	131
2785	9	2593	131
2663	17	5935	131
44	6	550	131
100	6	30	131
2069	6	2018	131
2511	14	3711	131
7847	23	2966	131
19	6	2009	131
381	1	405	131
142	6	30	131
2583	9	2476	131
607	15	4990	131
2071	6	30	131
8571	23	12518	131
8863	17	5816	131
44	1	550	131
44	6	30	131
6529	23	2952	131
3233	23	2977	131
2911	9	2482	131
4586	17	5817	131
2726	9	2593	131
2809	17	5935	131
2979	10	2924	131
88	6	332	131
1956	6	2009	131
1588	6	30	131
191	1	30	131
2153	6	332	131
2691	23	3023	131
6878	23	2966	131
630	6	332	131
2116	6	2018	131
6726	23	2966	131
206	1	207	132
2046	6	2009	132
2539	9	2482	132
3130	11	3131	132
2105	6	2027	132
2521	9	2482	132
2894	9	2482	132
2644	9	2593	132
6006	17	5818	132
1851	10	3052	132
12503	23	12520	132
2169	6	29	132
492	1	493	132
3231	12	29	132
2587	9	2476	132
1851	10	3013	132
776	1	493	132
7406	23	3023	132
2016	6	116	132
9018	23	3023	132
1850	23	2951	132
1941	5	1943	132
113	6	550	132
2071	6	28	132
4586	17	5818	132
2178	6	2111	132
2142	6	2009	132
509	6	28	132
3215	12	2048	132
1429	6	2111	132
19	6	2025	132
1945	6	405	132
742	1	748	132
702	6	28	132
3227	12	46	132
1894	23	2920	132
728	1	405	132
3219	12	2027	132
142	6	2044	132
5141	15	5088	132
1525	6	29	132
494	1	28	132
2663	17	5816	132
1502	1	416	132
4154	14	4156	132
8516	23	2981	132
610	1	416	132
443	1	416	132
658	1	172	132
717	1	636	132
2729	23	2935	132
473	1	416	132
3233	12	2009	132
2172	6	2018	132
2481	9	2482	132
2090	6	116	132
2693	11	3087	132
2754	9	2505	132
1961	6	2009	132
845	1	28	132
2130	6	2027	132
2130	6	2009	132
2911	10	2720	132
1394	6	115	132
6878	23	12520	132
2809	9	2705	132
6414	23	2935	132
2770	9	2540	132
340	1	381	132
28	15	4988	132
178	6	116	132
1644	1	207	132
2530	14	3431	132
2082	15	5057	132
3577	14	3437	132
8301	23	3060	132
2021	6	405	132
1133	6	30	132
2917	9	2593	132
172	1	402	132
8943	23	2951	132
2511	9	2476	132
742	15	4990	132
2852	23	2952	132
919	1	921	132
1912	6	405	132
2769	9	2476	132
2530	14	3711	132
8863	17	5935	132
675	6	405	132
428	15	5024	132
8863	17	6190	132
4428	14	3707	132
381	6	405	132
2894	9	2540	132
25	15	5024	132
8413	17	6987	132
191	1	28	132
169	6	402	132
2655	9	2482	132
17	1	18	132
47	1	48	132
172	15	5043	132
2818	9	2482	132
675	15	4990	132
17	6	30	132
2809	17	5818	132
6291	20	7092	132
396	6	28	132
720	1	28	132
711	1	28	132
310	15	5088	132
3040	23	3023	132
4885	17	8813	132
47	6	28	132
2909	9	2720	132
2531	9	2482	132
630	6	550	132
583	15	5024	132
1975	6	2009	132
2663	17	5817	132
2897	9	2482	132
6371	23	3023	132
675	15	5120	132
446	1	405	132
702	1	28	132
2770	9	2482	132
309	15	5088	132
2020	6	2025	132
2877	9	2505	132
2917	10	2942	132
1588	6	550	132
658	1	173	132
2073	6	2009	132
2102	6	2040	132
3186	12	2155	132
25	15	4990	132
578	1	28	132
1110	15	5120	132
8385	23	2981	132
2813	9	2482	132
1983	6	405	132
428	6	402	132
1133	6	592	132
1957	6	405	132
44	5	25	132
169	1	172	132
728	15	4988	132
1958	6	2009	132
1133	15	4990	132
2789	9	2705	132
2159	6	30	132
2135	6	2009	132
2121	6	405	132
1850	23	2951	132
17	6	2044	132
9293	20	5762	132
205	1	207	132
2091	6	405	132
8842	23	3023	132
675	1	320	132
88	6	28	132
2172	6	2009	132
1841	23	2997	132
759	1	28	132
492	15	5088	132
3425	14	3428	132
3192	12	2175	132
2026	6	2027	132
2629	9	2520	132
2832	9	2606	132
1100	6	28	132
3236	23	3023	132
8730	23	2951	132
2030	6	2009	132
2094	6	2040	132
2127	6	171	132
2587	9	2588	132
2809	17	5816	132
2702	9	2705	132
1941	6	2009	132
3086	23	12527	132
5348	15	5088	132
2020	6	2009	132
2836	9	2705	132
3228	12	117	132
4717	20	6012	132
1429	6	2027	132
2809	17	5817	132
769	1	28	132
3130	14	3437	132
2836	17	5818	132
169	1	173	132
2119	6	2045	132
191	6	30	132
44	1	550	132
100	6	28	132
786	15	5088	132
8863	17	5818	132
3236	23	12520	132
2640	9	2482	132
6878	23	12520	132
340	6	402	132
2909	9	2593	132
2729	23	2966	132
776	15	5088	132
2068	6	405	132
1912	15	5024	132
5158	15	5088	132
2793	9	2476	132
2837	9	2482	132
2164	6	116	132
2124	6	116	132
2663	17	6190	132
104	1	107	132
3193	12	2155	132
2034	6	116	132
3040	23	12544	132
1983	15	5024	132
2897	9	2540	132
399	1	405	132
6371	23	3023	132
2693	12	28	132
428	6	405	132
8863	17	5817	132
2026	6	2111	132
303	1	416	132
8943	23	3023	132
921	1	550	132
636	1	479	132
2539	9	2540	132
3040	23	12544	132
2159	6	2019	132
1947	6	2027	132
2134	6	29	132
2074	6	405	132
2663	17	5818	132
584	6	405	132
2073	6	2027	132
2530	9	2476	132
169	6	405	132
1970	6	2040	132
7403	17	5818	132
6529	23	3023	132
2903	11	3089	132
205	15	4990	132
2785	9	2520	132
444	1	405	132
473	6	2040	132
2153	6	550	132
3068	23	3027	132
1866	12	170	132
205	6	2019	132
1941	6	2044	132
25	6	28	132
8385	23	3023	132
636	1	172	132
2142	6	2027	132
1956	6	2040	132
3143	11	3087	132
2011	6	550	132
1947	6	405	132
114	1	116	132
8824	23	2977	132
1975	6	2025	132
1910	14	3956	132
921	6	550	132
2177	6	405	132
3200	12	2055	132
583	1	584	132
340	6	405	132
1424	1	479	132
6414	23	2935	132
765	6	28	132
2785	9	2593	132
2663	17	5935	132
44	6	550	132
2069	6	2018	132
7847	23	2966	132
8573	20	7092	132
19	6	2009	132
381	1	405	132
142	6	30	132
2583	9	2476	132
607	15	4990	132
1961	6	2027	132
8571	23	12518	132
8863	17	5816	132
44	1	550	132
6529	23	2952	132
3233	23	2977	132
2911	9	2482	132
4586	17	5817	132
2726	9	2593	132
2809	17	5935	132
2979	10	2924	132
1956	6	2009	132
2153	6	332	132
2691	23	3023	132
6878	23	2966	132
19	6	2044	132
2116	6	2018	132
6726	23	2966	132
3011	10	3013	133
206	1	207	133
2539	9	2482	133
3130	11	3131	133
2105	6	2027	133
2521	9	2482	133
2894	9	2482	133
2644	9	2593	133
6006	17	5818	133
1851	10	3052	133
12503	23	12520	133
2169	6	29	133
492	1	493	133
3231	12	29	133
2587	9	2476	133
1851	10	3013	133
776	1	493	133
7406	23	3023	133
2016	6	116	133
9018	23	3023	133
1850	23	2951	133
1941	5	1943	133
113	6	550	133
2071	6	28	133
4586	17	5818	133
3215	12	2048	133
1945	6	405	133
742	1	748	133
702	6	28	133
2020	6	2018	133
3227	12	46	133
1894	23	2920	133
3219	12	2027	133
142	6	2044	133
5141	15	5088	133
1525	6	29	133
494	1	28	133
2663	17	5816	133
1502	1	416	133
8516	23	2981	133
610	1	416	133
443	1	416	133
658	1	172	133
717	1	636	133
2729	23	2935	133
473	1	416	133
2172	6	2018	133
2481	9	2482	133
2090	6	116	133
2693	11	3087	133
2754	9	2505	133
845	1	28	133
2130	6	2027	133
2911	10	2720	133
1394	6	115	133
6878	23	12520	133
2809	9	2705	133
6414	23	2935	133
2770	9	2540	133
28	15	4988	133
178	6	116	133
1644	1	207	133
2530	14	3431	133
2082	15	5057	133
3577	14	3437	133
921	1	46	133
8301	23	3060	133
2021	6	405	133
399	6	402	133
2917	9	2593	133
172	1	402	133
8943	23	2951	133
2511	9	2476	133
742	15	4990	133
2852	23	2952	133
919	1	921	133
1983	6	402	133
1912	6	405	133
2769	9	2476	133
2530	14	3711	133
113	6	46	133
8863	17	5935	133
675	6	405	133
428	15	5024	133
8863	17	6190	133
1957	6	402	133
4428	14	3707	133
2894	9	2540	133
25	15	5024	133
191	1	28	133
169	6	402	133
2655	9	2482	133
47	1	48	133
172	15	5043	133
2818	9	2482	133
675	15	4990	133
1910	14	3707	133
2809	17	5818	133
2011	6	46	133
399	1	402	133
396	6	28	133
720	1	28	133
711	1	28	133
310	15	5088	133
3040	23	3023	133
4885	17	8813	133
47	6	28	133
2909	9	2720	133
2693	17	5948	133
2531	9	2482	133
630	6	550	133
583	15	5024	133
2663	17	5817	133
2897	9	2482	133
6371	23	3023	133
675	15	5120	133
702	1	28	133
2770	9	2482	133
309	15	5088	133
2020	6	2025	133
2877	9	2505	133
2917	10	2942	133
1588	6	550	133
2068	6	2027	133
2663	9	2588	133
2102	6	2040	133
3186	12	2155	133
25	15	4990	133
578	1	28	133
1110	15	5120	133
8385	23	2981	133
2813	9	2482	133
1983	6	405	133
428	6	402	133
1133	6	592	133
1957	6	405	133
44	5	25	133
169	1	172	133
44	6	46	133
1133	15	4990	133
2789	9	2705	133
9074	17	6403	133
2121	6	405	133
1850	23	2951	133
17	6	2044	133
675	6	402	133
205	1	207	133
2091	6	405	133
8842	23	3023	133
675	1	320	133
88	6	28	133
1841	23	2997	133
759	1	28	133
492	15	5088	133
3425	14	3428	133
3192	12	2175	133
2026	6	2027	133
2629	9	2520	133
2832	9	2606	133
6683	20	5762	133
1100	6	28	133
3236	23	3023	133
8730	23	2951	133
2094	6	2040	133
2127	6	171	133
3178	11	3087	133
2587	9	2588	133
2809	17	5816	133
2702	9	2705	133
3086	23	12527	133
5348	15	5088	133
2836	9	2705	133
3228	12	117	133
1429	6	2027	133
1910	14	3971	133
2809	17	5817	133
769	1	28	133
2836	17	5818	133
2119	6	2045	133
191	6	30	133
44	1	550	133
100	6	28	133
921	6	46	133
786	15	5088	133
8863	17	5818	133
3236	23	12520	133
2640	9	2482	133
6878	23	12520	133
340	6	402	133
9412	20	6706	133
2909	9	2593	133
2729	23	2966	133
1945	6	402	133
776	15	5088	133
2068	6	405	133
1912	15	5024	133
5158	15	5088	133
2793	9	2476	133
2837	9	2482	133
2164	6	116	133
2124	6	116	133
2663	17	6190	133
630	6	46	133
104	1	107	133
3193	12	2155	133
2034	6	116	133
3040	23	12544	133
1983	15	5024	133
2897	9	2540	133
4717	20	6012	133
6371	23	3023	133
2693	12	28	133
8863	17	5817	133
303	1	416	133
8943	23	3023	133
921	1	550	133
636	1	479	133
2539	9	2540	133
3040	23	12544	133
2159	6	2019	133
1947	6	2027	133
2134	6	29	133
2074	6	405	133
2663	17	5818	133
2530	9	2476	133
1970	6	2040	133
7403	17	5818	133
6529	23	3023	133
2903	11	3089	133
205	15	4990	133
4488	14	3937	133
2021	6	402	133
2785	9	2520	133
473	6	2040	133
4684	14	3707	133
2153	6	550	133
2074	6	402	133
3068	23	3027	133
1866	12	170	133
205	6	2019	133
1941	6	2044	133
25	6	28	133
8385	23	3023	133
636	1	172	133
2142	6	2027	133
1956	6	2040	133
3143	11	3087	133
2011	6	550	133
114	1	116	133
8824	23	2977	133
1975	6	2025	133
1910	14	3956	133
921	6	550	133
2177	6	405	133
3200	12	2055	133
1912	6	402	133
446	1	402	133
1424	1	479	133
6414	23	2935	133
765	6	28	133
2785	9	2593	133
2663	17	5935	133
44	6	550	133
2069	6	2018	133
7847	23	2966	133
2135	6	550	133
2121	6	402	133
381	1	405	133
2583	9	2476	133
607	15	4990	133
1961	6	2027	133
8571	23	12518	133
8863	17	5816	133
6529	23	2952	133
1588	6	46	133
3233	23	2977	133
44	1	46	133
2911	9	2482	133
4586	17	5817	133
2726	9	2593	133
2809	17	5935	133
2979	10	2924	133
7491	20	6706	133
2691	23	3023	133
4805	14	3498	133
6878	23	2966	133
19	6	2044	133
2116	6	2018	133
9357	20	6012	133
6726	23	2966	133
3011	10	3013	134
206	1	207	134
2539	9	2482	134
3130	11	3131	134
2105	6	2027	134
2521	9	2482	134
2894	9	2482	134
2644	9	2593	134
2627	9	2505	134
6006	17	5818	134
1851	10	3052	134
12503	23	12520	134
2169	6	29	134
492	1	493	134
3231	12	29	134
2587	9	2476	134
1851	10	3013	134
776	1	493	134
7406	23	3023	134
2016	6	116	134
9018	23	3023	134
1850	23	2951	134
1941	5	1943	134
2071	6	28	134
4586	17	5818	134
1588	1	1589	134
3215	12	2048	134
742	1	748	134
702	6	28	134
2020	6	2018	134
3227	12	46	134
1894	23	2920	134
3219	12	2027	134
142	6	2044	134
5141	15	5088	134
1525	6	29	134
494	1	28	134
2663	17	5816	134
1502	1	416	134
8516	23	2981	134
610	1	416	134
443	1	416	134
658	1	172	134
717	1	636	134
2729	23	2935	134
473	1	416	134
2172	6	2018	134
2481	9	2482	134
2090	6	116	134
2693	11	3087	134
6167	17	5818	134
2754	9	2505	134
845	1	28	134
2130	6	2027	134
2911	10	2720	134
1394	6	115	134
6878	23	12520	134
2809	9	2705	134
6414	23	2935	134
2770	9	2540	134
28	15	4988	134
178	6	116	134
1644	1	207	134
2530	14	3431	134
2082	15	5057	134
3577	14	3437	134
921	1	46	134
3205	12	2055	134
8301	23	3060	134
399	6	402	134
10636	22	10637	134
2917	9	2593	134
172	1	402	134
8943	23	2951	134
2511	9	2476	134
742	15	4990	134
2852	23	2952	134
919	1	921	134
7156	17	6436	134
1983	6	402	134
2769	9	2476	134
2530	14	3711	134
113	6	46	134
8863	17	5935	134
428	15	5024	134
8863	17	6190	134
1957	6	402	134
4428	14	3707	134
2894	9	2540	134
25	15	5024	134
191	1	28	134
169	6	402	134
2655	9	2482	134
47	1	48	134
172	15	5043	134
2818	9	2482	134
675	15	4990	134
1910	14	3707	134
2809	17	5818	134
2011	6	46	134
399	1	402	134
396	6	28	134
720	1	28	134
711	1	28	134
310	15	5088	134
3040	23	3023	134
4885	17	8813	134
47	6	28	134
2909	9	2720	134
2531	9	2482	134
1851	10	3012	134
583	15	5024	134
2663	17	5817	134
2897	9	2482	134
6371	23	3023	134
3159	23	3012	134
675	15	5120	134
702	1	28	134
2770	9	2482	134
309	15	5088	134
2877	9	2505	134
2917	10	2942	134
2068	6	2027	134
2663	9	2588	134
2102	6	2040	134
3186	12	2155	134
25	15	4990	134
578	1	28	134
1110	15	5120	134
8385	23	2981	134
2813	9	2482	134
428	6	402	134
1133	6	592	134
44	5	25	134
169	1	172	134
44	6	46	134
1133	15	4990	134
2789	9	2705	134
1850	23	2951	134
17	6	2044	134
675	6	402	134
205	1	207	134
8842	23	3023	134
675	1	320	134
6683	20	5762	134
88	6	28	134
1841	23	2997	134
759	1	28	134
492	15	5088	134
7491	20	6706	134
3192	12	2175	134
2026	6	2027	134
2629	9	2520	134
2832	9	2606	134
4717	20	6012	134
1100	6	28	134
3236	23	3023	134
8730	23	2951	134
2094	6	2040	134
2127	6	171	134
3178	11	3087	134
2587	9	2588	134
2809	17	5816	134
2702	9	2705	134
3086	23	12527	134
5348	15	5088	134
2836	9	2705	134
3228	12	117	134
1429	6	2027	134
1910	14	3971	134
2809	17	5817	134
769	1	28	134
2836	17	5818	134
2119	6	2045	134
191	6	30	134
100	6	28	134
3178	17	5948	134
921	6	46	134
8825	17	5817	134
786	15	5088	134
8863	17	5818	134
3236	23	12520	134
2640	9	2482	134
6878	23	12520	134
340	6	402	134
2909	9	2593	134
2729	23	2966	134
1945	6	402	134
776	15	5088	134
1912	15	5024	134
5158	15	5088	134
2793	9	2476	134
2837	9	2482	134
2164	6	116	134
2124	6	116	134
2663	17	6190	134
630	6	46	134
104	1	107	134
3193	12	2155	134
2034	6	116	134
3040	23	12544	134
2583	17	5817	134
1983	15	5024	134
2897	9	2540	134
6371	23	3023	134
2693	12	28	134
8863	17	5817	134
303	1	416	134
8943	23	3023	134
636	1	479	134
4586	14	3475	134
2539	9	2540	134
3040	23	12544	134
2159	6	2019	134
1947	6	2027	134
2134	6	29	134
2663	17	5818	134
2530	9	2476	134
1975	6	625	134
1970	6	2040	134
7403	17	5818	134
6529	23	3023	134
2903	11	3089	134
205	15	4990	134
4488	14	3937	134
2021	6	402	134
2785	9	2520	134
9272	20	6706	134
473	6	2040	134
4684	14	3707	134
2153	6	550	134
8123	17	5818	134
2074	6	402	134
3068	23	3027	134
1866	12	170	134
205	6	2019	134
1941	6	2044	134
3011	10	3012	134
25	6	28	134
8385	23	3023	134
636	1	172	134
2142	6	2027	134
1956	6	2040	134
3143	11	3087	134
2903	12	170	134
114	1	116	134
8824	23	2977	134
588	6	589	134
1910	14	3956	134
3200	12	2055	134
1912	6	402	134
9412	20	6706	134
446	1	402	134
1424	1	479	134
6414	23	2935	134
765	6	28	134
2785	9	2593	134
2663	17	5935	134
2069	6	2018	134
7847	23	2966	134
2121	6	402	134
381	1	405	134
2583	9	2476	134
607	15	4990	134
1961	6	2027	134
8571	23	12518	134
8863	17	5816	134
6529	23	2952	134
1588	6	46	134
3233	23	2977	134
44	1	46	134
2911	9	2482	134
4586	17	5817	134
4717	17	6012	134
2726	9	2593	134
2809	17	5935	134
2979	10	2924	134
1851	10	2997	134
2691	23	3023	134
4805	14	3498	134
6878	23	2966	134
19	6	2044	134
2116	6	2018	134
6726	23	2966	134
206	1	207	135
2539	9	2482	135
3130	11	3131	135
2105	6	2027	135
2521	9	2482	135
2894	9	2482	135
2644	9	2593	135
2627	9	2505	135
6006	17	5818	135
12503	23	12520	135
2169	6	29	135
492	1	493	135
3231	12	29	135
2587	9	2476	135
776	1	493	135
7406	23	3023	135
2016	6	116	135
9018	23	3023	135
1850	23	2951	135
1941	5	1943	135
2071	6	28	135
4586	17	5818	135
1588	1	1589	135
3215	12	2048	135
9412	20	6706	135
742	1	748	135
702	6	28	135
2020	6	2018	135
3227	12	46	135
1894	23	2920	135
3219	12	2027	135
142	6	2044	135
5141	15	5088	135
1525	6	29	135
494	1	28	135
2663	17	5816	135
1502	1	416	135
8516	23	2981	135
610	1	416	135
443	1	416	135
658	1	172	135
717	1	636	135
2729	23	2935	135
473	1	416	135
2172	6	2018	135
2481	9	2482	135
2090	6	116	135
2693	11	3087	135
2754	9	2505	135
845	1	28	135
2130	6	2027	135
2911	10	2720	135
9084	17	5816	135
1394	6	115	135
6878	23	12520	135
2809	9	2705	135
6414	23	2935	135
2770	9	2540	135
28	15	4988	135
178	6	116	135
1644	1	207	135
2530	14	3431	135
2082	15	5057	135
3577	14	3437	135
921	1	46	135
3205	12	2055	135
8301	23	3060	135
399	6	402	135
10636	22	10637	135
2917	9	2593	135
172	1	402	135
8943	23	2951	135
2511	9	2476	135
742	15	4990	135
2852	23	2952	135
919	1	921	135
1983	6	402	135
2769	9	2476	135
113	6	46	135
8863	17	5935	135
428	15	5024	135
8863	17	6190	135
1957	6	402	135
4428	14	3707	135
2894	9	2540	135
25	15	5024	135
191	1	28	135
169	6	402	135
2655	9	2482	135
7491	20	6706	135
47	1	48	135
172	15	5043	135
2818	9	2482	135
675	15	4990	135
7573	20	6706	135
1910	14	3707	135
2809	17	5818	135
2011	6	46	135
9258	20	7092	135
399	1	402	135
396	6	28	135
720	1	28	135
711	1	28	135
310	15	5088	135
3040	23	3023	135
4885	17	8813	135
47	6	28	135
2909	9	2720	135
2531	9	2482	135
1851	10	3012	135
583	15	5024	135
2663	17	5817	135
2897	9	2482	135
6371	23	3023	135
3159	23	3012	135
675	15	5120	135
702	1	28	135
2770	9	2482	135
309	15	5088	135
2877	9	2505	135
2917	10	2942	135
2068	6	2027	135
2663	9	2588	135
2102	6	2040	135
3186	12	2155	135
25	15	4990	135
578	1	28	135
1110	15	5120	135
8385	23	2981	135
2813	9	2482	135
428	6	402	135
1133	6	592	135
44	5	25	135
169	1	172	135
44	6	46	135
1133	15	4990	135
2789	9	2705	135
1850	23	2951	135
17	6	2044	135
675	6	402	135
205	1	207	135
8842	23	3023	135
675	1	320	135
8641	17	8642	135
88	6	28	135
1841	23	2997	135
759	1	28	135
492	15	5088	135
3192	12	2175	135
2026	6	2027	135
2629	9	2520	135
2832	9	2606	135
1100	6	28	135
3236	23	3023	135
8730	23	2951	135
2094	6	2040	135
2127	6	171	135
3178	11	3087	135
2587	9	2588	135
2809	17	5816	135
2702	9	2705	135
3086	23	12527	135
5348	15	5088	135
2836	9	2705	135
3228	12	117	135
1429	6	2027	135
2809	17	5817	135
769	1	28	135
2836	17	5818	135
2119	6	2045	135
191	6	30	135
100	6	28	135
921	6	46	135
786	15	5088	135
8863	17	5818	135
3236	23	12520	135
2640	9	2482	135
6878	23	12520	135
340	6	402	135
2909	9	2593	135
2729	23	2966	135
1945	6	402	135
776	15	5088	135
1912	15	5024	135
5158	15	5088	135
2793	9	2476	135
2837	9	2482	135
2164	6	116	135
2124	6	116	135
2663	17	6190	135
630	6	46	135
104	1	107	135
3193	12	2155	135
2034	6	116	135
3040	23	12544	135
7491	17	7492	135
1983	15	5024	135
2897	9	2540	135
6371	23	3023	135
2693	12	28	135
8863	17	5817	135
3209	12	2027	135
303	1	416	135
8943	23	3023	135
636	1	479	135
4586	14	3475	135
2539	9	2540	135
3040	23	12544	135
2159	6	2019	135
1947	6	2027	135
2134	6	29	135
2663	17	5818	135
2530	9	2476	135
1975	6	625	135
2164	6	115	135
1970	6	2040	135
7403	17	5818	135
6529	23	3023	135
2903	11	3089	135
205	15	4990	135
4488	14	3937	135
2021	6	402	135
2785	9	2520	135
473	6	2040	135
2153	6	2027	135
4684	14	3707	135
2153	6	550	135
2074	6	402	135
3068	23	3027	135
1866	12	170	135
205	6	2019	135
1941	6	2044	135
3011	10	3012	135
25	6	28	135
8385	23	3023	135
636	1	172	135
2142	6	2027	135
1956	6	2040	135
3143	11	3087	135
2903	12	170	135
114	1	116	135
7525	17	6267	135
8824	23	2977	135
588	6	589	135
1910	14	3956	135
3200	12	2055	135
3178	17	5948	135
1912	6	402	135
446	1	402	135
1424	1	479	135
6414	23	2935	135
765	6	28	135
2785	9	2593	135
2663	17	5935	135
2069	6	2018	135
7847	23	2966	135
1910	14	3971	135
2121	6	402	135
381	1	405	135
2583	9	2476	135
607	15	4990	135
1961	6	2027	135
8571	23	12518	135
8863	17	5816	135
6529	23	2952	135
1588	6	46	135
3233	23	2977	135
44	1	46	135
2911	9	2482	135
4586	17	5817	135
2726	9	2593	135
2809	17	5935	135
2979	10	2924	135
1851	10	2997	135
2691	23	3023	135
4805	14	3498	135
6878	23	2966	135
19	6	2044	135
2116	6	2018	135
6726	23	2966	135
206	1	207	136
2539	9	2482	136
3130	11	3131	136
2105	6	2027	136
2521	9	2482	136
2894	9	2482	136
2644	9	2593	136
2016	6	115	136
2627	9	2505	136
6006	17	5818	136
12503	23	12520	136
2169	6	29	136
492	1	493	136
3231	12	29	136
8413	17	6403	136
2587	9	2476	136
776	1	493	136
7406	23	3023	136
2016	6	116	136
9018	23	3023	136
1850	23	2951	136
1941	5	1943	136
2071	6	28	136
4586	17	5818	136
1588	1	1589	136
3215	12	2048	136
702	6	28	136
2020	6	2018	136
88	6	29	136
3227	12	46	136
1894	23	2920	136
630	6	29	136
3219	12	2027	136
142	6	2044	136
5141	15	5088	136
1525	6	29	136
494	1	28	136
2663	17	5816	136
4582	14	3544	136
1502	1	416	136
765	6	29	136
8516	23	2981	136
610	1	416	136
443	1	416	136
658	1	172	136
100	6	29	136
717	1	636	136
2729	23	2935	136
473	1	416	136
2172	6	2018	136
2481	9	2482	136
2090	6	116	136
2693	11	3087	136
2754	9	2505	136
44	6	29	136
845	1	28	136
113	6	29	136
2130	6	2027	136
2911	10	2720	136
1394	6	115	136
6878	23	12520	136
2809	9	2705	136
6414	23	2935	136
2770	9	2540	136
28	15	4988	136
178	6	116	136
7525	17	6242	136
2034	6	115	136
1644	1	207	136
2530	14	3431	136
2082	15	5057	136
3577	14	3437	136
921	1	46	136
3205	12	2055	136
8301	23	3060	136
399	6	402	136
10636	22	10637	136
2917	9	2593	136
1865	20	6706	136
172	1	402	136
3130	14	3437	136
8943	23	2951	136
178	6	115	136
2511	9	2476	136
742	15	4990	136
2852	23	2952	136
919	1	921	136
1983	6	402	136
2769	9	2476	136
113	6	46	136
8863	17	5935	136
588	6	589	136
428	15	5024	136
8863	17	6190	136
1957	6	402	136
4428	14	3707	136
2894	9	2540	136
25	15	5024	136
191	1	28	136
28	6	29	136
169	6	402	136
2655	9	2482	136
742	1	748	136
47	1	48	136
172	15	5043	136
7382	17	6012	136
2818	9	2482	136
675	15	4990	136
28	9	29	136
1910	14	3707	136
1588	6	29	136
2809	17	5818	136
2011	6	46	136
399	1	402	136
396	6	28	136
720	1	28	136
711	1	28	136
310	15	5088	136
3040	23	3023	136
4885	17	8813	136
47	6	28	136
2909	9	2720	136
7382	20	6012	136
83	6	29	136
2531	9	2482	136
1851	10	3012	136
583	15	5024	136
2663	17	5817	136
2897	9	2482	136
6371	23	3023	136
3159	23	3012	136
675	15	5120	136
2124	6	115	136
702	1	28	136
2770	9	2482	136
309	15	5088	136
2877	9	2505	136
2917	10	2942	136
2068	6	2027	136
2663	9	2588	136
2102	6	2040	136
3186	12	2155	136
25	15	4990	136
578	1	28	136
1110	15	5120	136
8385	23	2981	136
2813	9	2482	136
428	6	402	136
1133	6	592	136
2071	6	29	136
44	5	25	136
169	1	172	136
396	6	29	136
44	6	46	136
1133	15	4990	136
2789	9	2705	136
2627	9	2505	136
1850	23	2951	136
17	6	2044	136
675	6	402	136
205	1	207	136
8842	23	3023	136
675	1	320	136
88	6	28	136
1841	23	2997	136
759	1	28	136
492	15	5088	136
3192	12	2175	136
2026	6	2027	136
2629	9	2520	136
2832	9	2606	136
921	6	29	136
1100	6	28	136
3236	23	3023	136
8730	23	2951	136
2094	6	2040	136
2127	6	171	136
3178	11	3087	136
2587	9	2588	136
2809	17	5816	136
2702	9	2705	136
3086	23	12527	136
5348	15	5088	136
2836	9	2705	136
28	1	29	136
3228	12	117	136
1429	6	2027	136
2809	17	5817	136
769	1	28	136
2836	17	5818	136
2119	6	2045	136
191	6	30	136
100	6	28	136
921	6	46	136
786	15	5088	136
8863	17	5818	136
3236	23	12520	136
2640	9	2482	136
6878	23	12520	136
340	6	402	136
2909	9	2593	136
2729	23	2966	136
1945	6	402	136
776	15	5088	136
1912	15	5024	136
5158	15	5088	136
2793	9	2476	136
2837	9	2482	136
2124	6	116	136
2663	17	6190	136
630	6	46	136
104	1	107	136
3193	12	2155	136
2034	6	116	136
3040	23	12544	136
1983	15	5024	136
2897	9	2540	136
6371	23	3023	136
2693	12	28	136
8863	17	5817	136
3209	12	2027	136
303	1	416	136
8943	23	3023	136
1910	14	4329	136
636	1	479	136
4586	14	3475	136
2539	9	2540	136
3040	23	12544	136
2159	6	2019	136
1947	6	2027	136
2134	6	29	136
2663	17	5818	136
2011	6	29	136
2530	9	2476	136
1975	6	625	136
2164	6	115	136
1970	6	2040	136
7403	17	5818	136
6529	23	3023	136
2903	11	3089	136
205	15	4990	136
4488	14	3937	136
2021	6	402	136
2785	9	2520	136
473	6	2040	136
2153	6	2027	136
4684	14	3707	136
7573	20	6706	136
2074	6	402	136
3068	23	3027	136
1866	12	170	136
205	6	2019	136
1941	6	2044	136
3011	10	3012	136
25	6	28	136
8385	23	3023	136
636	1	172	136
2142	6	2027	136
1956	6	2040	136
47	6	29	136
3143	11	3087	136
2903	12	170	136
114	1	116	136
8824	23	2977	136
588	6	589	136
1910	14	3956	136
3200	12	2055	136
2090	6	115	136
25	6	29	136
1912	6	402	136
446	1	402	136
1424	1	479	136
6414	23	2935	136
765	6	28	136
2785	9	2593	136
2663	17	5935	136
7000	17	5948	136
2069	6	2018	136
7847	23	2966	136
1910	14	3971	136
2121	6	402	136
381	1	405	136
2583	9	2476	136
607	15	4990	136
1961	6	2027	136
8571	23	12518	136
8863	17	5816	136
6529	23	2952	136
1588	6	46	136
3233	23	2977	136
44	1	46	136
2911	9	2482	136
4586	17	5817	136
2726	9	2593	136
2809	17	5935	136
2979	10	2924	136
1851	10	2997	136
2691	23	3023	136
4805	14	3498	136
6878	23	2966	136
114	1	115	136
19	6	2044	136
2116	6	2018	136
6726	23	2966	136
7491	20	6706	136
206	1	207	137
2539	9	2482	137
3130	11	3131	137
2105	6	2027	137
2521	9	2482	137
2894	9	2482	137
2644	9	2593	137
2016	6	115	137
6006	17	5818	137
12503	23	12520	137
7573	20	6706	137
2169	6	29	137
492	1	493	137
3231	12	29	137
2587	9	2476	137
776	1	493	137
7406	23	3023	137
9018	23	3023	137
1850	23	2951	137
1941	5	1943	137
4586	17	5818	137
3215	12	2048	137
702	6	28	137
2020	6	2018	137
88	6	29	137
1894	23	2920	137
630	6	29	137
3219	12	2027	137
142	6	2044	137
5141	15	5088	137
1525	6	29	137
494	1	28	137
2663	17	5816	137
4582	14	3544	137
1502	1	416	137
765	6	29	137
8516	23	2981	137
610	1	416	137
443	1	416	137
658	1	172	137
100	6	29	137
717	1	636	137
2729	23	2935	137
473	1	416	137
2172	6	2018	137
2481	9	2482	137
2693	11	3087	137
2754	9	2505	137
44	6	29	137
845	1	28	137
113	6	29	137
2130	6	2027	137
2911	10	2720	137
1394	6	115	137
6878	23	12520	137
2809	9	2705	137
6414	23	2935	137
2770	9	2540	137
2979	17	5817	137
2034	6	115	137
1644	1	207	137
2530	14	3431	137
2082	15	5057	137
3577	14	3437	137
921	1	46	137
3205	12	2055	137
8301	23	3060	137
399	6	402	137
10636	22	10637	137
2917	9	2593	137
172	1	402	137
3130	14	3437	137
8943	23	2951	137
178	6	115	137
2511	9	2476	137
742	15	4990	137
2852	23	2952	137
919	1	921	137
1983	6	402	137
2769	9	2476	137
8863	17	5935	137
588	6	589	137
428	15	5024	137
8863	17	6190	137
1957	6	402	137
4428	14	3707	137
2894	9	2540	137
25	15	5024	137
191	1	28	137
28	6	29	137
169	6	402	137
2655	9	2482	137
742	1	748	137
47	1	48	137
172	15	5043	137
2818	9	2482	137
675	15	4990	137
28	9	29	137
1910	14	3707	137
1588	6	29	137
2809	17	5818	137
3490	14	3439	137
399	1	402	137
720	1	28	137
7491	20	6706	137
711	1	28	137
310	15	5088	137
3040	23	3023	137
4885	17	8813	137
2909	9	2720	137
83	6	29	137
2531	9	2482	137
1851	10	3012	137
583	15	5024	137
2663	17	5817	137
2897	9	2482	137
6371	23	3023	137
3159	23	3012	137
675	15	5120	137
2124	6	115	137
702	1	28	137
2770	9	2482	137
309	15	5088	137
2877	9	2505	137
2917	10	2942	137
2068	6	2027	137
2663	9	2588	137
2102	6	2040	137
3186	12	2155	137
25	15	4990	137
578	1	28	137
3490	14	3492	137
1110	15	5120	137
8385	23	2981	137
2813	9	2482	137
428	6	402	137
1133	6	592	137
2071	6	29	137
44	5	25	137
169	1	172	137
396	6	29	137
1133	15	4990	137
2789	9	2705	137
2627	9	2505	137
1850	23	2951	137
17	6	2044	137
675	6	402	137
205	1	207	137
8842	23	3023	137
675	1	320	137
1841	23	2997	137
759	1	28	137
492	15	5088	137
3192	12	2175	137
2026	6	2027	137
2629	9	2520	137
2832	9	2606	137
921	6	29	137
1100	6	28	137
3236	23	3023	137
8730	23	2951	137
2094	6	2040	137
2127	6	171	137
3178	11	3087	137
2587	9	2588	137
2809	17	5816	137
2702	9	2705	137
3086	23	12527	137
5348	15	5088	137
2836	9	2705	137
28	1	29	137
3228	12	117	137
1429	6	2027	137
2809	17	5817	137
769	1	28	137
2836	17	5818	137
2119	6	2045	137
191	6	30	137
786	15	5088	137
8863	17	5818	137
9258	20	7092	137
3236	23	12520	137
2640	9	2482	137
6878	23	12520	137
340	6	402	137
2909	9	2593	137
2729	23	2966	137
1945	6	402	137
776	15	5088	137
1912	15	5024	137
5158	15	5088	137
2793	9	2476	137
2837	9	2482	137
2663	17	6190	137
104	1	107	137
3193	12	2155	137
3040	23	12544	137
1983	15	5024	137
2897	9	2540	137
6371	23	3023	137
8863	17	5817	137
3209	12	2027	137
303	1	416	137
8943	23	3023	137
1910	14	4329	137
636	1	479	137
2539	9	2540	137
3040	23	12544	137
2159	6	2019	137
1947	6	2027	137
9289	20	6706	137
2134	6	29	137
2663	17	5818	137
2011	6	29	137
2530	9	2476	137
1975	6	625	137
2164	6	115	137
1970	6	2040	137
7403	17	5818	137
6529	23	3023	137
2903	11	3089	137
205	15	4990	137
2655	20	7092	137
4488	14	3937	137
2021	6	402	137
2785	9	2520	137
473	6	2040	137
2153	6	2027	137
4684	14	3707	137
7382	20	6012	137
8759	20	6706	137
2074	6	402	137
3068	23	3027	137
1866	12	170	137
205	6	2019	137
1941	6	2044	137
3011	10	3012	137
8385	23	3023	137
636	1	172	137
2142	6	2027	137
1956	6	2040	137
47	6	29	137
3143	11	3087	137
2903	12	170	137
9074	17	6491	137
8824	23	2977	137
1910	14	3956	137
3200	12	2055	137
2090	6	115	137
25	6	29	137
1912	6	402	137
4582	14	3793	137
446	1	402	137
1424	1	479	137
6414	23	2935	137
2785	9	2593	137
2663	17	5935	137
2069	6	2018	137
7847	23	2966	137
2121	6	402	137
381	1	405	137
2583	9	2476	137
607	15	4990	137
1961	6	2027	137
8571	23	12518	137
8863	17	5816	137
6529	23	2952	137
3233	23	2977	137
44	1	46	137
2911	9	2482	137
4586	17	5817	137
2726	9	2593	137
2809	17	5935	137
2979	10	2924	137
1851	10	2997	137
2691	23	3023	137
4805	14	3498	137
6878	23	2966	137
114	1	115	137
19	6	2044	137
2116	6	2018	137
6726	23	2966	137
206	1	207	138
2539	9	2482	138
3130	11	3131	138
2105	6	2027	138
2521	9	2482	138
2894	9	2482	138
2644	9	2593	138
2016	6	115	138
6006	17	5818	138
12503	23	12520	138
2169	6	29	138
492	1	493	138
3231	12	29	138
2587	9	2476	138
776	1	493	138
7406	23	3023	138
9018	23	3023	138
1850	23	2951	138
1941	5	1943	138
4586	17	5818	138
3215	12	2048	138
3490	14	3491	138
702	6	28	138
2020	6	2018	138
88	6	29	138
1894	23	2920	138
630	6	29	138
3219	12	2027	138
142	6	2044	138
5141	15	5088	138
1525	6	29	138
494	1	28	138
2663	17	5816	138
1502	1	416	138
765	6	29	138
8516	23	2981	138
610	1	416	138
443	1	416	138
658	1	172	138
100	6	29	138
717	1	636	138
2729	23	2935	138
473	1	416	138
2172	6	2018	138
2481	9	2482	138
2693	11	3087	138
2754	9	2505	138
44	6	29	138
845	1	28	138
113	6	29	138
2130	6	2027	138
2726	20	6012	138
2911	10	2720	138
1394	6	115	138
6878	23	12520	138
2809	9	2705	138
6414	23	2935	138
2770	9	2540	138
2034	6	115	138
1644	1	207	138
2530	14	3431	138
2082	15	5057	138
3577	14	3437	138
921	1	46	138
3205	12	2055	138
8301	23	3060	138
399	6	402	138
10636	22	10637	138
4886	14	4560	138
9084	20	6706	138
2917	9	2593	138
172	1	402	138
3130	14	3437	138
8943	23	2951	138
178	6	115	138
2511	9	2476	138
742	15	4990	138
2852	23	2952	138
919	1	921	138
1983	6	402	138
2769	9	2476	138
8863	17	5935	138
588	6	589	138
428	15	5024	138
8863	17	6190	138
1957	6	402	138
4428	14	3707	138
2894	9	2540	138
25	15	5024	138
191	1	28	138
28	6	29	138
169	6	402	138
2655	9	2482	138
1003	1	1005	138
742	1	748	138
47	1	48	138
172	15	5043	138
2818	9	2482	138
675	15	4990	138
28	9	29	138
1910	14	3707	138
1588	6	29	138
2809	17	5818	138
3490	14	3439	138
399	1	402	138
720	1	28	138
711	1	28	138
310	15	5088	138
3040	23	3023	138
4885	17	8813	138
2909	9	2720	138
83	6	29	138
2531	9	2482	138
1851	10	3012	138
583	15	5024	138
2663	17	5817	138
2897	9	2482	138
6371	23	3023	138
3159	23	3012	138
8759	20	6706	138
675	15	5120	138
2124	6	115	138
702	1	28	138
2770	9	2482	138
309	15	5088	138
2877	9	2505	138
2917	10	2942	138
2068	6	2027	138
2663	9	2588	138
2102	6	2040	138
3186	12	2155	138
25	15	4990	138
578	1	28	138
1110	15	5120	138
8973	17	6403	138
8385	23	2981	138
2813	9	2482	138
428	6	402	138
1133	6	592	138
6683	17	6313	138
2071	6	29	138
44	5	25	138
169	1	172	138
396	6	29	138
1133	15	4990	138
2789	9	2705	138
2627	9	2505	138
1567	1	590	138
1850	23	2951	138
17	6	2044	138
675	6	402	138
205	1	207	138
8842	23	3023	138
675	1	320	138
1841	23	2997	138
759	1	28	138
492	15	5088	138
3192	12	2175	138
2026	6	2027	138
2629	9	2520	138
2832	9	2606	138
921	6	29	138
1100	6	28	138
3236	23	3023	138
2094	6	2040	138
2127	6	171	138
3178	11	3087	138
2587	9	2588	138
2809	17	5816	138
9012	17	6190	138
2702	9	2705	138
4886	14	3648	138
3086	23	12527	138
5348	15	5088	138
2836	9	2705	138
28	1	29	138
3228	12	117	138
1429	6	2027	138
2809	17	5817	138
769	1	28	138
7156	17	7157	138
2836	17	5818	138
2119	6	2045	138
191	6	30	138
786	15	5088	138
8863	17	5818	138
3236	23	12520	138
2640	9	2482	138
6878	23	12520	138
340	6	402	138
2909	9	2593	138
2729	23	2966	138
1945	6	402	138
776	15	5088	138
1912	15	5024	138
5158	15	5088	138
2793	9	2476	138
4582	14	3793	138
2837	9	2482	138
2663	17	6190	138
104	1	107	138
3193	12	2155	138
3040	23	12544	138
1983	15	5024	138
2897	9	2540	138
6371	23	3023	138
8863	17	5817	138
3209	12	2027	138
303	1	416	138
8943	23	3023	138
1910	14	4329	138
636	1	479	138
2539	9	2540	138
3040	23	12544	138
2159	6	2019	138
1947	6	2027	138
2134	6	29	138
2655	20	7092	138
2663	17	5818	138
2011	6	29	138
2530	9	2476	138
1975	6	625	138
2164	6	115	138
1970	6	2040	138
7403	17	5818	138
6529	23	3023	138
2903	11	3089	138
205	15	4990	138
4488	14	3937	138
2021	6	402	138
2785	9	2520	138
588	1	590	138
473	6	2040	138
2153	6	2027	138
4684	14	3707	138
2074	6	402	138
3068	23	3027	138
1866	12	170	138
205	6	2019	138
1941	6	2044	138
3011	10	3012	138
8385	23	3023	138
9258	20	7092	138
636	1	172	138
6414	23	3026	138
2142	6	2027	138
1956	6	2040	138
47	6	29	138
3143	11	3087	138
2903	12	170	138
8824	23	2977	138
1910	14	3956	138
1644	15	5088	138
3200	12	2055	138
2090	6	115	138
25	6	29	138
9179	20	5762	138
1912	6	402	138
4582	14	3793	138
446	1	402	138
7491	20	6706	138
1424	1	479	138
6414	23	2935	138
2785	9	2593	138
2663	17	5935	138
2069	6	2018	138
7847	23	2966	138
6929	20	6706	138
2121	6	402	138
381	1	405	138
10636	22	9538	138
2583	9	2476	138
607	15	4990	138
1961	6	2027	138
8571	23	12518	138
8863	17	5816	138
6529	23	2952	138
3233	23	2977	138
44	1	46	138
2911	9	2482	138
4586	17	5817	138
2726	9	2593	138
2809	17	5935	138
2979	10	2924	138
1851	10	2997	138
2691	23	3023	138
3233	23	12521	138
4805	14	3498	138
6878	23	2966	138
114	1	115	138
19	6	2044	138
2116	6	2018	138
6726	23	2966	138
206	1	207	139
2539	9	2482	139
3130	11	3131	139
2105	6	2027	139
2521	9	2482	139
2894	9	2482	139
2644	9	2593	139
2016	6	115	139
6006	17	5818	139
12503	23	12520	139
2169	6	29	139
2640	9	2482	139
492	1	493	139
3231	12	29	139
2587	9	2476	139
776	1	493	139
7406	23	3023	139
9018	23	3023	139
1850	23	2951	139
1941	5	1943	139
4586	17	5818	139
9211	20	6706	139
3215	12	2048	139
3490	14	3491	139
8759	20	6706	139
702	6	28	139
2020	6	2018	139
88	6	29	139
1894	23	2920	139
630	6	29	139
3219	12	2027	139
142	6	2044	139
5141	15	5088	139
1525	6	29	139
494	1	28	139
2663	17	5816	139
1502	1	416	139
765	6	29	139
8516	23	2981	139
610	1	416	139
443	1	416	139
658	1	172	139
100	6	29	139
717	1	636	139
2729	23	2935	139
473	1	416	139
2172	6	2018	139
2481	9	2482	139
2693	11	3087	139
2754	9	2505	139
44	6	29	139
845	1	28	139
113	6	29	139
2130	6	2027	139
2911	10	2720	139
1394	6	115	139
7933	17	7064	139
6878	23	12520	139
9179	20	5762	139
2809	9	2705	139
6414	23	2935	139
2770	9	2540	139
6929	20	6706	139
2034	6	115	139
1644	1	207	139
2530	14	3431	139
2082	15	5057	139
3577	14	3437	139
921	1	46	139
3205	12	2055	139
8301	23	3060	139
399	6	402	139
10636	22	10637	139
4886	14	4560	139
2917	9	2593	139
172	1	402	139
3130	14	3437	139
8943	23	2951	139
178	6	115	139
2511	9	2476	139
6876	20	6706	139
742	15	4990	139
2852	23	2952	139
919	1	921	139
1983	6	402	139
2769	9	2476	139
8863	17	5935	139
588	6	589	139
428	15	5024	139
8863	17	6190	139
1957	6	402	139
4428	14	3707	139
2894	9	2540	139
25	15	5024	139
191	1	28	139
28	6	29	139
169	6	402	139
2655	9	2482	139
1003	1	1005	139
742	1	748	139
47	1	48	139
172	15	5043	139
2818	9	2482	139
675	15	4990	139
28	9	29	139
1910	14	3707	139
1588	6	29	139
2809	17	5818	139
399	1	402	139
720	1	28	139
711	1	28	139
310	15	5088	139
3040	23	3023	139
4885	17	8813	139
2909	9	2720	139
83	6	29	139
2531	9	2482	139
1851	10	3012	139
583	15	5024	139
2663	17	5817	139
2897	9	2482	139
6371	23	3023	139
3159	23	3012	139
675	15	5120	139
2124	6	115	139
702	1	28	139
2770	9	2482	139
309	15	5088	139
2877	9	2505	139
2917	10	2942	139
2068	6	2027	139
2663	9	2588	139
2102	6	2040	139
3186	12	2155	139
25	15	4990	139
578	1	28	139
1110	15	5120	139
8385	23	2981	139
2813	9	2482	139
428	6	402	139
1133	6	592	139
2071	6	29	139
44	5	25	139
169	1	172	139
396	6	29	139
1133	15	4990	139
2789	9	2705	139
2627	9	2505	139
1567	1	590	139
1850	23	2951	139
17	6	2044	139
675	6	402	139
205	1	207	139
8842	23	3023	139
675	1	320	139
1841	23	2997	139
759	1	28	139
492	15	5088	139
3192	12	2175	139
2026	6	2027	139
2629	9	2520	139
2832	9	2606	139
921	6	29	139
1100	6	28	139
3236	23	3023	139
2094	6	2040	139
2127	6	171	139
3178	11	3087	139
2587	9	2588	139
2809	17	5816	139
2702	9	2705	139
4886	14	3648	139
3086	23	12527	139
5348	15	5088	139
2836	9	2705	139
28	1	29	139
3228	12	117	139
1429	6	2027	139
2809	17	5817	139
769	1	28	139
2836	17	5818	139
2119	6	2045	139
191	6	30	139
6929	17	6930	139
786	15	5088	139
8863	17	5818	139
3236	23	12520	139
2640	9	2482	139
6878	23	12520	139
340	6	402	139
2909	9	2593	139
2729	23	2966	139
1945	6	402	139
776	15	5088	139
1912	15	5024	139
5158	15	5088	139
2793	9	2476	139
4582	14	3793	139
2837	9	2482	139
2663	17	6190	139
104	1	107	139
3193	12	2155	139
3040	23	12544	139
1983	15	5024	139
2897	9	2540	139
6371	23	3023	139
8863	17	5817	139
3209	12	2027	139
303	1	416	139
8943	23	3023	139
636	1	479	139
2539	9	2540	139
3040	23	12544	139
2159	6	2019	139
1947	6	2027	139
2134	6	29	139
2663	17	5818	139
2011	6	29	139
2530	9	2476	139
1975	6	625	139
2164	6	115	139
1970	6	2040	139
7403	17	5818	139
6529	23	3023	139
2903	11	3089	139
205	15	4990	139
4488	14	3937	139
2021	6	402	139
2785	9	2520	139
588	1	590	139
473	6	2040	139
2153	6	2027	139
6839	17	6840	139
2792	14	3711	139
4586	17	5816	139
2074	6	402	139
3068	23	3027	139
1866	12	170	139
205	6	2019	139
1941	6	2044	139
3011	10	3012	139
3020	10	2981	139
8385	23	3023	139
636	1	172	139
6414	23	3026	139
2142	6	2027	139
1956	6	2040	139
47	6	29	139
3143	11	3087	139
2903	12	170	139
8824	23	2977	139
1910	14	3956	139
1644	15	5088	139
3200	12	2055	139
2090	6	115	139
25	6	29	139
1912	6	402	139
446	1	402	139
1424	1	479	139
6414	23	2935	139
2785	9	2593	139
2663	17	5935	139
2069	6	2018	139
7847	23	2966	139
2121	6	402	139
381	1	405	139
10636	22	9538	139
2583	9	2476	139
607	15	4990	139
1961	6	2027	139
8571	23	12518	139
8863	17	5816	139
6529	23	2952	139
3233	23	2977	139
44	1	46	139
2911	9	2482	139
4586	17	5817	139
2726	9	2593	139
2809	17	5935	139
1865	20	6706	139
2979	10	2924	139
1851	10	2997	139
2691	23	3023	139
3233	23	12521	139
4805	14	3498	139
6878	23	2966	139
114	1	115	139
19	6	2044	139
2116	6	2018	139
6726	23	2966	139
206	1	207	140
2539	9	2482	140
3130	11	3131	140
2105	6	2027	140
2521	9	2482	140
2894	9	2482	140
2644	9	2593	140
2016	6	115	140
6006	17	5818	140
12503	23	12520	140
2169	6	29	140
2640	9	2482	140
492	1	493	140
4428	14	3971	140
3231	12	29	140
2587	9	2476	140
776	1	493	140
7406	23	3023	140
2898	9	2482	140
9018	23	3023	140
1850	23	2951	140
1941	5	1943	140
4586	17	5818	140
5828	17	6782	140
3215	12	2048	140
3490	14	3491	140
702	6	28	140
2020	6	2018	140
88	6	29	140
1894	23	2920	140
630	6	29	140
3219	12	2027	140
142	6	2044	140
5141	15	5088	140
1525	6	29	140
494	1	28	140
2663	17	5816	140
1502	1	416	140
765	6	29	140
8516	23	2981	140
610	1	416	140
443	1	416	140
658	1	172	140
100	6	29	140
717	1	636	140
2729	23	2935	140
473	1	416	140
2172	6	2018	140
2481	9	2482	140
2693	11	3087	140
2754	9	2505	140
44	6	29	140
845	1	28	140
113	6	29	140
2130	6	2027	140
2911	10	2720	140
1394	6	115	140
9415	20	5762	140
6878	23	12520	140
2809	9	2705	140
6414	23	2935	140
2770	9	2540	140
2034	6	115	140
1644	1	207	140
2530	14	3431	140
2082	15	5057	140
3577	14	3437	140
3205	12	2055	140
8301	23	3060	140
399	6	402	140
10636	22	10637	140
4886	14	4560	140
2917	9	2593	140
172	1	402	140
3130	14	3437	140
8943	23	2951	140
178	6	115	140
2511	9	2476	140
4154	14	4155	140
742	15	4990	140
2852	23	2952	140
9211	20	6780	140
1983	6	402	140
2769	9	2476	140
8863	17	5935	140
588	6	589	140
7573	17	7492	140
428	15	5024	140
8863	17	6190	140
1957	6	402	140
4428	14	3707	140
2894	9	2540	140
25	15	5024	140
191	1	28	140
28	6	29	140
169	6	402	140
2655	9	2482	140
1003	1	1005	140
742	1	748	140
47	1	48	140
172	15	5043	140
2818	9	2482	140
675	15	4990	140
28	9	29	140
1910	14	3707	140
1588	6	29	140
2809	17	5818	140
399	1	402	140
720	1	28	140
711	1	28	140
310	15	5088	140
3040	23	3023	140
4885	17	8813	140
2909	9	2720	140
83	6	29	140
2531	9	2482	140
1851	10	3012	140
583	15	5024	140
2663	17	5817	140
2897	9	2482	140
6371	23	3023	140
675	15	5120	140
2124	6	115	140
2655	17	6987	140
702	1	28	140
2770	9	2482	140
309	15	5088	140
2877	9	2505	140
2917	10	2942	140
2068	6	2027	140
2663	9	2588	140
2102	6	2040	140
3186	12	2155	140
25	15	4990	140
578	1	28	140
1110	15	5120	140
8385	23	2981	140
2813	9	2482	140
428	6	402	140
1133	6	592	140
2071	6	29	140
44	5	25	140
169	1	172	140
396	6	29	140
1893	23	2947	140
1133	15	4990	140
2789	9	2705	140
2627	9	2505	140
1567	1	590	140
1850	23	2951	140
17	6	2044	140
675	6	402	140
205	1	207	140
8842	23	3023	140
675	1	320	140
1841	23	2997	140
759	1	28	140
492	15	5088	140
3192	12	2175	140
2026	6	2027	140
6929	20	6706	140
2629	9	2520	140
2832	9	2606	140
8759	17	5873	140
1100	6	28	140
3236	23	3023	140
2094	6	2040	140
2127	6	171	140
3178	11	3087	140
2587	9	2588	140
2809	17	5816	140
2702	9	2705	140
4886	14	3648	140
3086	23	12527	140
5348	15	5088	140
2836	9	2705	140
28	1	29	140
3228	12	117	140
1429	6	2027	140
2809	17	5817	140
769	1	28	140
2836	17	5818	140
2119	6	2045	140
191	6	30	140
6291	20	7092	140
786	15	5088	140
8863	17	5818	140
3236	23	12520	140
6878	23	12520	140
340	6	402	140
2909	9	2593	140
2729	23	2966	140
1945	6	402	140
776	15	5088	140
1912	15	5024	140
5158	15	5088	140
8759	20	6706	140
2793	9	2476	140
4582	14	3793	140
2837	9	2482	140
2663	17	6190	140
104	1	107	140
3193	12	2155	140
3040	23	12544	140
1983	15	5024	140
2897	9	2540	140
6371	23	3023	140
8863	17	5817	140
3209	12	2027	140
303	1	416	140
8943	23	3023	140
636	1	479	140
2539	9	2540	140
3040	23	12544	140
2159	6	2019	140
1947	6	2027	140
2134	6	29	140
2663	17	5818	140
2011	6	29	140
2530	9	2476	140
1975	6	625	140
2164	6	115	140
1970	6	2040	140
7403	17	5818	140
6167	17	5817	140
6529	23	3023	140
2655	20	7092	140
2903	11	3089	140
205	15	4990	140
4488	14	3937	140
2021	6	402	140
2785	9	2520	140
588	1	590	140
473	6	2040	140
2153	6	2027	140
4586	17	5816	140
2074	6	402	140
3068	23	3027	140
1866	12	170	140
205	6	2019	140
1941	6	2044	140
3020	10	2981	140
8385	23	3023	140
636	1	172	140
6414	23	3026	140
2142	6	2027	140
1956	6	2040	140
47	6	29	140
3143	11	3087	140
2903	12	170	140
8824	23	2977	140
1910	14	3956	140
1644	15	5088	140
3200	12	2055	140
2090	6	115	140
25	6	29	140
1912	6	402	140
446	1	402	140
1424	1	479	140
6414	23	2935	140
2785	9	2593	140
2663	17	5935	140
2069	6	2018	140
7847	23	2966	140
2121	6	402	140
381	1	405	140
10636	22	9538	140
2583	9	2476	140
607	15	4990	140
1961	6	2027	140
8571	23	12518	140
8863	17	5816	140
6529	23	2952	140
3233	23	2977	140
44	1	46	140
2911	9	2482	140
4586	17	5817	140
2726	9	2593	140
2809	17	5935	140
2979	10	2924	140
1851	10	2997	140
2691	23	3023	140
3233	23	12521	140
6878	23	2966	140
114	1	115	140
19	6	2044	140
2116	6	2018	140
6726	23	2966	140
206	1	207	141
2539	9	2482	141
3130	11	3131	141
2105	6	2027	141
2521	9	2482	141
2894	9	2482	141
2644	9	2593	141
2016	6	115	141
6006	17	5818	141
12503	23	12520	141
2169	6	29	141
2640	9	2482	141
492	1	493	141
4428	14	3971	141
3231	12	29	141
2587	9	2476	141
776	1	493	141
7406	23	3023	141
2898	9	2482	141
9018	23	3023	141
1850	23	2951	141
1941	5	1943	141
798	1	1005	141
4586	17	5818	141
3215	12	2048	141
3490	14	3491	141
702	6	28	141
2020	6	2018	141
88	6	29	141
1894	23	2920	141
630	6	29	141
3219	12	2027	141
142	6	2044	141
5141	15	5088	141
1525	6	29	141
494	1	28	141
2663	17	5816	141
1502	1	416	141
765	6	29	141
8516	23	2981	141
610	1	416	141
443	1	416	141
658	1	172	141
100	6	29	141
717	1	636	141
2729	23	2935	141
473	1	416	141
2172	6	2018	141
2481	9	2482	141
2693	11	3087	141
2754	9	2505	141
44	6	29	141
845	1	28	141
113	6	29	141
2130	6	2027	141
2911	10	2720	141
1394	6	115	141
6878	23	12520	141
2809	9	2705	141
6414	23	2935	141
2770	9	2540	141
7156	17	6725	141
2034	6	115	141
1644	1	207	141
2530	14	3431	141
2082	15	5057	141
3577	14	3437	141
3205	12	2055	141
8301	23	3060	141
399	6	402	141
10636	22	10637	141
4886	14	4560	141
2917	9	2593	141
172	1	402	141
3130	14	3437	141
8943	23	2951	141
178	6	115	141
2511	9	2476	141
4154	14	4155	141
742	15	4990	141
2852	23	2952	141
1983	6	402	141
2769	9	2476	141
8863	17	5935	141
588	6	589	141
4684	14	3707	141
428	15	5024	141
8863	17	6190	141
1957	6	402	141
4428	14	3707	141
2894	9	2540	141
25	15	5024	141
191	1	28	141
28	6	29	141
169	6	402	141
2655	9	2482	141
1003	1	1005	141
742	1	748	141
47	1	48	141
172	15	5043	141
2818	9	2482	141
675	15	4990	141
28	9	29	141
1910	14	3707	141
1588	6	29	141
2809	17	5818	141
399	1	402	141
720	1	28	141
711	1	28	141
310	15	5088	141
3040	23	3023	141
4885	17	8813	141
2909	9	2720	141
104	1	106	141
83	6	29	141
2531	9	2482	141
1851	10	3012	141
583	15	5024	141
2663	17	5817	141
2897	9	2482	141
6371	23	3023	141
675	15	5120	141
2124	6	115	141
702	1	28	141
2770	9	2482	141
309	15	5088	141
2877	9	2505	141
2917	10	2942	141
2068	6	2027	141
2663	9	2588	141
2102	6	2040	141
3186	12	2155	141
25	15	4990	141
578	1	28	141
1110	15	5120	141
8385	23	2981	141
2813	9	2482	141
428	6	402	141
1133	6	592	141
2071	6	29	141
44	5	25	141
169	1	172	141
396	6	29	141
1893	23	2947	141
1133	15	4990	141
2789	9	2705	141
2627	9	2505	141
1567	1	590	141
1850	23	2951	141
17	6	2044	141
675	6	402	141
205	1	207	141
7449	17	6399	141
8842	23	3023	141
675	1	320	141
1841	23	2997	141
759	1	28	141
492	15	5088	141
3192	12	2175	141
2026	6	2027	141
2629	9	2520	141
2832	9	2606	141
363	1	74	141
1100	6	28	141
3236	23	3023	141
2094	6	2040	141
2127	6	171	141
3178	11	3087	141
2587	9	2588	141
2809	17	5816	141
2702	9	2705	141
4886	14	3648	141
3086	23	12527	141
5348	15	5088	141
2836	9	2705	141
28	1	29	141
3228	12	117	141
1429	6	2027	141
2809	17	5817	141
769	1	28	141
2836	17	5818	141
2119	6	2045	141
191	6	30	141
786	15	5088	141
8863	17	5818	141
3236	23	12520	141
6878	23	12520	141
6876	20	6706	141
340	6	402	141
2909	9	2593	141
2729	23	2966	141
7449	17	7448	141
1945	6	402	141
776	15	5088	141
8759	20	6780	141
1912	15	5024	141
5158	15	5088	141
2793	9	2476	141
4582	14	3793	141
2837	9	2482	141
2663	17	6190	141
104	1	107	141
3193	12	2155	141
3040	23	12544	141
1983	15	5024	141
2897	9	2540	141
6371	23	3023	141
8863	17	5817	141
3209	12	2027	141
303	1	416	141
8943	23	3023	141
636	1	479	141
2539	9	2540	141
3040	23	12544	141
2159	6	2019	141
1947	6	2027	141
2134	6	29	141
2663	17	5818	141
2011	6	29	141
2530	9	2476	141
1975	6	625	141
2164	6	115	141
1970	6	2040	141
7403	17	5818	141
6529	23	3023	141
2903	11	3089	141
205	15	4990	141
4488	14	3937	141
3193	12	115	141
2021	6	402	141
2785	9	2520	141
588	1	590	141
473	6	2040	141
2153	6	2027	141
4586	17	5816	141
2074	6	402	141
3068	23	3027	141
1866	12	170	141
205	6	2019	141
1941	6	2044	141
3020	10	2981	141
8385	23	3023	141
636	1	172	141
6414	23	3026	141
2142	6	2027	141
1956	6	2040	141
47	6	29	141
3143	11	3087	141
2903	12	170	141
2726	20	6012	141
915	1	590	141
8824	23	2977	141
1910	14	3956	141
1644	15	5088	141
3200	12	2055	141
2090	6	115	141
25	6	29	141
1912	6	402	141
8973	17	6782	141
446	1	402	141
1424	1	479	141
6414	23	2935	141
2785	9	2593	141
2663	17	5935	141
2069	6	2018	141
7847	23	2966	141
2121	6	402	141
381	1	405	141
10636	22	9538	141
2583	9	2476	141
607	15	4990	141
1961	6	2027	141
8571	23	12518	141
8863	17	5816	141
6529	23	2952	141
3233	23	2977	141
44	1	46	141
2911	9	2482	141
4586	17	5817	141
2726	9	2593	141
2809	17	5935	141
2979	10	2924	141
1851	10	2997	141
2691	23	3023	141
3233	23	12521	141
6878	23	2966	141
114	1	115	141
19	6	2044	141
2116	6	2018	141
6726	23	2966	141
206	1	207	142
2539	9	2482	142
3130	11	3131	142
2105	6	2027	142
2521	9	2482	142
2894	9	2482	142
9258	20	7092	142
2644	9	2593	142
2016	6	115	142
6006	17	5818	142
8501	17	6782	142
8123	17	5817	142
12503	23	12520	142
9272	20	6706	142
2169	6	29	142
6234	17	5809	142
2640	9	2482	142
492	1	493	142
3231	12	29	142
2587	9	2476	142
776	1	493	142
7406	23	3023	142
2898	9	2482	142
9018	23	3023	142
1850	23	2951	142
47	1	176	142
1941	5	1943	142
798	1	1005	142
4586	17	5818	142
3215	12	2048	142
3490	14	3491	142
8973	17	6988	142
702	6	28	142
2020	6	2018	142
88	6	29	142
1894	23	2920	142
630	6	29	142
3219	12	2027	142
142	6	2044	142
5141	15	5088	142
1525	6	29	142
494	1	28	142
2663	17	5816	142
1502	1	416	142
765	6	29	142
8516	23	2981	142
610	1	416	142
443	1	416	142
658	1	172	142
100	6	29	142
717	1	636	142
2729	23	2935	142
473	1	416	142
6986	17	6988	142
2172	6	2018	142
2481	9	2482	142
2693	11	3087	142
2754	9	2505	142
44	6	29	142
845	1	28	142
113	6	29	142
2130	6	2027	142
2911	10	2720	142
1394	6	115	142
6878	23	12520	142
2809	9	2705	142
6414	23	2935	142
2770	9	2540	142
2034	6	115	142
1644	1	207	142
2530	14	3431	142
2082	15	5057	142
3577	14	3437	142
3205	12	2055	142
8301	23	3060	142
399	6	402	142
10636	22	10637	142
4886	14	4560	142
2917	9	2593	142
172	1	402	142
3130	14	3437	142
9263	20	6780	142
8943	23	2951	142
178	6	115	142
2511	9	2476	142
10636	22	2157	142
4154	14	4155	142
742	15	4990	142
2852	23	2952	142
1983	6	402	142
2769	9	2476	142
2298	12	2155	142
8863	17	5935	142
588	6	589	142
4684	14	3707	142
428	15	5024	142
8863	17	6190	142
1957	6	402	142
4428	14	3707	142
2894	9	2540	142
25	15	5024	142
191	1	28	142
28	6	29	142
169	6	402	142
2655	9	2482	142
1003	1	1005	142
742	1	748	142
47	1	48	142
172	15	5043	142
2818	9	2482	142
675	15	4990	142
28	9	29	142
1910	14	3707	142
1588	6	29	142
2809	17	5818	142
399	1	402	142
720	1	28	142
711	1	28	142
310	15	5088	142
3040	23	3023	142
4885	17	8813	142
2909	9	2720	142
104	1	106	142
83	6	29	142
2531	9	2482	142
1851	10	3012	142
583	15	5024	142
2663	17	5817	142
2897	9	2482	142
6371	23	3023	142
675	15	5120	142
2124	6	115	142
702	1	28	142
2770	9	2482	142
309	15	5088	142
2877	9	2505	142
8735	17	5948	142
2917	10	2942	142
2068	6	2027	142
2663	9	2588	142
2102	6	2040	142
3186	12	2155	142
25	15	4990	142
578	1	28	142
1110	15	5120	142
8385	23	2981	142
2813	9	2482	142
428	6	402	142
1133	6	592	142
2071	6	29	142
44	5	25	142
169	1	172	142
396	6	29	142
1893	23	2947	142
1133	15	4990	142
2789	9	2705	142
2627	9	2505	142
1567	1	590	142
1850	23	2951	142
17	6	2044	142
675	6	402	142
205	1	207	142
8842	23	3023	142
675	1	320	142
1841	23	2997	142
759	1	28	142
492	15	5088	142
3192	12	2175	142
2026	6	2027	142
2629	9	2520	142
2832	9	2606	142
363	1	74	142
9415	20	5762	142
1100	6	28	142
3236	23	3023	142
2094	6	2040	142
8500	17	7157	142
2127	6	171	142
3178	11	3087	142
2587	9	2588	142
2809	17	5816	142
2702	9	2705	142
4886	14	3648	142
3086	23	12527	142
5348	15	5088	142
2836	9	2705	142
28	1	29	142
3228	12	117	142
1429	6	2027	142
2809	17	5817	142
769	1	28	142
2836	17	5818	142
2119	6	2045	142
191	6	30	142
786	15	5088	142
7573	20	6706	142
8863	17	5818	142
3236	23	12520	142
6878	23	12520	142
340	6	402	142
2909	9	2593	142
2729	23	2966	142
1945	6	402	142
776	15	5088	142
1912	15	5024	142
5158	15	5088	142
2793	9	2476	142
4582	14	3793	142
2837	9	2482	142
2663	17	6190	142
3040	23	12544	142
1983	15	5024	142
2897	9	2540	142
6371	23	3023	142
3205	17	6700	142
8863	17	5817	142
3209	12	2027	142
303	1	416	142
8501	17	6988	142
8943	23	3023	142
636	1	479	142
2539	9	2540	142
3040	23	12544	142
2159	6	2019	142
1947	6	2027	142
2134	6	29	142
2663	17	5818	142
2011	6	29	142
2530	9	2476	142
1975	6	625	142
1893	4	1833	142
2164	6	115	142
1970	6	2040	142
7403	17	5818	142
7222	20	5762	142
6529	23	3023	142
2903	11	3089	142
205	15	4990	142
4488	14	3937	142
3193	12	115	142
2021	6	402	142
2785	9	2520	142
588	1	590	142
473	6	2040	142
2153	6	2027	142
4586	17	5816	142
2074	6	402	142
3068	23	3027	142
1866	12	170	142
205	6	2019	142
1941	6	2044	142
3020	10	2981	142
8385	23	3023	142
636	1	172	142
6414	23	3026	142
8548	17	6169	142
2142	6	2027	142
1956	6	2040	142
47	6	29	142
3143	11	3087	142
2903	12	170	142
915	1	590	142
1866	4	1833	142
8824	23	2977	142
1910	14	3956	142
1644	15	5088	142
3200	12	2055	142
1865	20	6706	142
2090	6	115	142
25	6	29	142
1912	6	402	142
446	1	402	142
1424	1	479	142
6414	23	2935	142
9084	20	6706	142
2785	9	2593	142
2663	17	5935	142
2069	6	2018	142
7847	23	2966	142
9237	20	6012	142
2121	6	402	142
381	1	405	142
10636	22	9538	142
2583	9	2476	142
607	15	4990	142
1961	6	2027	142
8571	23	12518	142
8863	17	5816	142
6529	23	2952	142
3233	23	2977	142
8759	20	6706	142
44	1	46	142
2911	9	2482	142
4586	17	5817	142
2726	9	2593	142
2809	17	5935	142
2979	10	2924	142
1851	10	2997	142
2691	23	3023	142
3233	23	12521	142
6878	23	2966	142
114	1	115	142
19	6	2044	142
2116	6	2018	142
6726	23	2966	142
2541	9	2482	143
206	1	207	143
2539	9	2482	143
3130	11	3131	143
2105	6	2027	143
2521	9	2482	143
2894	9	2482	143
2644	9	2593	143
2016	6	115	143
6006	17	5818	143
12503	23	12520	143
2169	6	29	143
2640	9	2482	143
492	1	493	143
3231	12	29	143
2587	9	2476	143
776	1	493	143
7406	23	3023	143
2898	9	2482	143
9018	23	3023	143
1850	23	2951	143
47	1	176	143
1941	5	1943	143
798	1	1005	143
4586	17	5818	143
3215	12	2048	143
3490	14	3491	143
702	6	28	143
2020	6	2018	143
88	6	29	143
1894	23	2920	143
630	6	29	143
3219	12	2027	143
142	6	2044	143
5141	15	5088	143
1525	6	29	143
494	1	28	143
2663	17	5816	143
1502	1	416	143
765	6	29	143
610	1	416	143
443	1	416	143
658	1	172	143
100	6	29	143
717	1	636	143
2729	23	2935	143
473	1	416	143
9074	20	5762	143
2172	6	2018	143
2481	9	2482	143
2693	11	3087	143
2754	9	2505	143
44	6	29	143
845	1	28	143
113	6	29	143
2130	6	2027	143
8548	17	8549	143
2911	10	2720	143
1394	6	115	143
6878	23	12520	143
2809	9	2705	143
6414	23	2935	143
2770	9	2540	143
2726	20	6012	143
2034	6	115	143
1644	1	207	143
2530	14	3431	143
2082	15	5057	143
3577	14	3437	143
3205	12	2055	143
8301	23	3060	143
399	6	402	143
4886	14	4560	143
2917	9	2593	143
172	1	402	143
3130	14	3437	143
8943	23	2951	143
178	6	115	143
2511	9	2476	143
10636	22	2157	143
4154	14	4155	143
742	15	4990	143
2852	23	2952	143
1983	6	402	143
2769	9	2476	143
2298	12	2155	143
8863	17	5935	143
588	6	589	143
4684	14	3707	143
428	15	5024	143
8863	17	6190	143
1957	6	402	143
4428	14	3707	143
2894	9	2540	143
25	15	5024	143
191	1	28	143
28	6	29	143
169	6	402	143
2655	9	2482	143
1003	1	1005	143
7573	20	6706	143
172	15	5043	143
2818	9	2482	143
675	15	4990	143
28	9	29	143
1910	14	3707	143
1588	6	29	143
2809	17	5818	143
399	1	402	143
720	1	28	143
711	1	28	143
2655	20	7092	143
310	15	5088	143
3040	23	3023	143
4885	17	8813	143
2909	9	2720	143
104	1	106	143
83	6	29	143
2531	9	2482	143
1851	10	3012	143
583	15	5024	143
2663	17	5817	143
2897	9	2482	143
6371	23	3023	143
675	15	5120	143
9228	20	6780	143
2124	6	115	143
2726	20	6706	143
702	1	28	143
2770	9	2482	143
309	15	5088	143
2877	9	2505	143
2917	10	2942	143
2068	6	2027	143
2663	9	2588	143
2102	6	2040	143
3186	12	2155	143
25	15	4990	143
578	1	28	143
1110	15	5120	143
8385	23	2981	143
2813	9	2482	143
428	6	402	143
1133	6	592	143
2071	6	29	143
44	5	25	143
169	1	172	143
396	6	29	143
1893	23	2947	143
363	1	120	143
1133	15	4990	143
2789	9	2705	143
2627	9	2505	143
1567	1	590	143
1850	23	2951	143
4582	14	3512	143
17	6	2044	143
675	6	402	143
205	1	207	143
8842	23	3023	143
675	1	320	143
1841	23	2997	143
759	1	28	143
492	15	5088	143
3192	12	2175	143
2026	6	2027	143
2629	9	2520	143
2832	9	2606	143
10636	22	10030	143
363	1	74	143
1100	6	28	143
3236	23	3023	143
2094	6	2040	143
2127	6	171	143
3178	11	3087	143
2587	9	2588	143
2809	17	5816	143
2702	9	2705	143
4886	14	3648	143
3086	23	12527	143
5348	15	5088	143
9272	20	6706	143
2836	9	2705	143
28	1	29	143
3228	12	117	143
1429	6	2027	143
2809	17	5817	143
769	1	28	143
2836	17	5818	143
2119	6	2045	143
191	6	30	143
786	15	5088	143
8863	17	5818	143
3236	23	12520	143
6878	23	12520	143
340	6	402	143
2909	9	2593	143
2729	23	2966	143
1945	6	402	143
776	15	5088	143
1912	15	5024	143
5158	15	5088	143
8759	20	6706	143
2793	9	2476	143
3434	14	3437	143
4582	14	3793	143
2837	9	2482	143
2663	17	6190	143
3040	23	12544	143
1983	15	5024	143
2897	9	2540	143
6371	23	3023	143
8863	17	5817	143
3209	12	2027	143
303	1	416	143
8943	23	3023	143
636	1	479	143
2539	9	2540	143
3040	23	12544	143
2159	6	2019	143
1947	6	2027	143
2134	6	29	143
2663	17	5818	143
2011	6	29	143
2530	9	2476	143
1975	6	625	143
8759	17	6706	143
2164	6	115	143
1970	6	2040	143
7403	17	5818	143
2663	9	2476	143
6529	23	3023	143
2903	11	3089	143
205	15	4990	143
4488	14	3937	143
3193	12	115	143
2021	6	402	143
2785	9	2520	143
588	1	590	143
7497	20	6780	143
473	6	2040	143
2153	6	2027	143
4586	17	5816	143
2074	6	402	143
3068	23	3027	143
1866	12	170	143
205	6	2019	143
1941	6	2044	143
3020	10	2981	143
8385	23	3023	143
7531	20	6706	143
636	1	172	143
9237	20	6012	143
9425	20	6706	143
2142	6	2027	143
1956	6	2040	143
47	6	29	143
3143	11	3087	143
2903	12	170	143
915	1	590	143
8824	23	2977	143
1910	14	3956	143
1644	15	5088	143
3200	12	2055	143
2090	6	115	143
25	6	29	143
1912	6	402	143
446	1	402	143
1424	1	479	143
6414	23	2935	143
2785	9	2593	143
2663	17	5935	143
2069	6	2018	143
7847	23	2966	143
6929	20	6706	143
2121	6	402	143
381	1	405	143
2583	9	2476	143
607	15	4990	143
1961	6	2027	143
8571	23	12518	143
8863	17	5816	143
6529	23	2952	143
3233	23	2977	143
44	1	46	143
2911	9	2482	143
4586	17	5817	143
2726	9	2593	143
6876	20	6706	143
2809	17	5935	143
2979	10	2924	143
1851	10	2997	143
2691	23	3023	143
3233	23	12521	143
6878	23	2966	143
114	1	115	143
19	6	2044	143
2116	6	2018	143
6726	23	2966	143
2541	9	2482	144
206	1	207	144
2539	9	2482	144
3063	10	2924	144
3130	11	3131	144
2105	6	2027	144
2521	9	2482	144
2894	9	2482	144
955	1	589	144
2644	9	2593	144
2016	6	115	144
6006	17	5818	144
118	1	120	144
12503	23	12520	144
2169	6	29	144
2640	9	2482	144
492	1	493	144
3231	12	29	144
2587	9	2476	144
776	1	493	144
7406	23	3023	144
2898	9	2482	144
8641	17	8343	144
9018	23	3023	144
7878	17	7448	144
1850	23	2951	144
47	1	176	144
1941	5	1943	144
798	1	1005	144
9237	20	6012	144
4586	17	5818	144
1537	1	46	144
3215	12	2048	144
702	6	28	144
2020	6	2018	144
88	6	29	144
1894	23	2920	144
630	6	29	144
3219	12	2027	144
142	6	2044	144
5141	15	5088	144
1525	6	29	144
494	1	28	144
2663	17	5816	144
1502	1	416	144
765	6	29	144
6986	17	6403	144
610	1	416	144
443	1	416	144
658	1	172	144
100	6	29	144
717	1	636	144
2729	23	2935	144
473	1	416	144
2172	6	2018	144
2481	9	2482	144
2693	11	3087	144
2754	9	2505	144
44	6	29	144
845	1	28	144
113	6	29	144
2130	6	2027	144
2911	10	2720	144
1394	6	115	144
6878	23	12520	144
2809	9	2705	144
6414	23	2935	144
2770	9	2540	144
915	1	589	144
2034	6	115	144
1644	1	207	144
2530	14	3431	144
1865	20	6706	144
2082	15	5057	144
3577	14	3437	144
3205	12	2055	144
8301	23	3060	144
399	6	402	144
1588	1	46	144
6839	17	6175	144
4886	14	4560	144
7170	20	7092	144
2917	9	2593	144
172	1	402	144
3130	14	3437	144
8943	23	2951	144
178	6	115	144
2511	9	2476	144
10636	22	2157	144
4154	14	4155	144
742	15	4990	144
2852	23	2952	144
1983	6	402	144
113	1	46	144
396	1	397	144
1894	23	2971	144
2769	9	2476	144
2298	12	2155	144
8863	17	5935	144
588	6	589	144
428	15	5024	144
8863	17	6190	144
1957	6	402	144
4428	14	3707	144
2894	9	2540	144
25	15	5024	144
28	6	29	144
169	6	402	144
2655	9	2482	144
1003	1	1005	144
1003	1	589	144
172	15	5043	144
2818	9	2482	144
675	15	4990	144
28	9	29	144
7497	20	6780	144
1910	14	3707	144
1588	6	29	144
4488	20	6012	144
2809	17	5818	144
399	1	402	144
720	1	28	144
711	1	28	144
310	15	5088	144
3040	23	3023	144
6876	20	6706	144
4885	17	8813	144
2909	9	2720	144
104	1	106	144
83	6	29	144
2531	9	2482	144
1851	10	3012	144
583	15	5024	144
2663	17	5817	144
2897	9	2482	144
6371	23	3023	144
675	15	5120	144
2124	6	115	144
702	1	28	144
2770	9	2482	144
309	15	5088	144
2877	9	2505	144
2917	10	2942	144
2068	6	2027	144
2663	9	2588	144
2102	6	2040	144
3186	12	2155	144
25	15	4990	144
578	1	28	144
1110	15	5120	144
8735	17	5948	144
8385	23	2981	144
588	1	589	144
2813	9	2482	144
428	6	402	144
1133	6	592	144
2071	6	29	144
44	5	25	144
169	1	172	144
396	6	29	144
1893	23	2947	144
363	1	120	144
7531	20	6706	144
1133	15	4990	144
2789	9	2705	144
2627	9	2505	144
1567	1	590	144
1850	23	2951	144
4582	14	3512	144
17	6	2044	144
675	6	402	144
205	1	207	144
8842	23	3023	144
675	1	320	144
1841	23	2997	144
759	1	28	144
492	15	5088	144
2693	17	5948	144
3192	12	2175	144
2026	6	2027	144
2629	9	2520	144
7933	17	8432	144
2832	9	2606	144
10636	22	10030	144
1100	6	28	144
3236	23	3023	144
2094	6	2040	144
2127	6	171	144
3178	11	3087	144
2587	9	2588	144
2809	17	5816	144
2702	9	2705	144
4886	14	3648	144
3086	23	12527	144
5348	15	5088	144
2836	9	2705	144
28	1	29	144
3228	12	117	144
1429	6	2027	144
2809	17	5817	144
769	1	28	144
2836	17	5818	144
3178	17	5948	144
2119	6	2045	144
191	6	30	144
786	15	5088	144
8863	17	5818	144
3236	23	12520	144
6878	23	12520	144
340	6	402	144
4805	14	3711	144
2909	9	2593	144
2729	23	2966	144
1945	6	402	144
776	15	5088	144
1912	15	5024	144
5158	15	5088	144
2793	9	2476	144
3434	14	3437	144
2837	9	2482	144
2663	17	6190	144
47	1	49	144
3040	23	12544	144
1983	15	5024	144
2897	9	2540	144
6371	23	3023	144
1567	1	589	144
8863	17	5817	144
3209	12	2027	144
303	1	416	144
630	1	46	144
8943	23	3023	144
636	1	479	144
2539	9	2540	144
3040	23	12544	144
2159	6	2019	144
1947	6	2027	144
2134	6	29	144
2663	17	5818	144
2011	6	29	144
2530	9	2476	144
1975	6	625	144
2164	6	115	144
1970	6	2040	144
7403	17	5818	144
2663	9	2476	144
6529	23	3023	144
7878	17	6399	144
2903	11	3089	144
205	15	4990	144
4488	14	3937	144
3193	12	115	144
2021	6	402	144
2785	9	2520	144
588	1	590	144
473	6	2040	144
2153	6	2027	144
4586	17	5816	144
2074	6	402	144
3068	23	3027	144
1866	12	170	144
205	6	2019	144
1910	14	3981	144
1941	6	2044	144
3020	10	2981	144
8385	23	3023	144
7573	17	6706	144
798	1	589	144
636	1	172	144
2142	6	2027	144
1956	6	2040	144
47	6	29	144
7573	20	6706	144
3143	11	3087	144
2903	12	170	144
915	1	590	144
8824	23	2977	144
1910	14	3956	144
1644	15	5088	144
3200	12	2055	144
2090	6	115	144
25	6	29	144
1912	6	402	144
3205	20	6012	144
446	1	402	144
1424	1	479	144
6414	23	2935	144
2785	9	2593	144
2663	17	5935	144
2069	6	2018	144
6885	17	6110	144
7847	23	2966	144
2584	20	6780	144
2121	6	402	144
381	1	405	144
2583	9	2476	144
607	15	4990	144
1961	6	2027	144
8571	23	12518	144
6929	20	6706	144
8863	17	5816	144
6529	23	2952	144
3233	23	2977	144
44	1	46	144
2911	9	2482	144
4586	17	5817	144
2726	9	2593	144
2809	17	5935	144
2979	10	2924	144
1851	10	2997	144
2691	23	3023	144
3233	23	12521	144
6878	23	2966	144
114	1	115	144
19	6	2044	144
2116	6	2018	144
6726	23	2966	144
206	1	207	145
2539	9	2482	145
3063	10	2924	145
3130	11	3131	145
2105	6	2027	145
2521	9	2482	145
2894	9	2482	145
955	1	589	145
2644	9	2593	145
2016	6	115	145
6006	17	5818	145
118	1	120	145
12503	23	12520	145
2169	6	29	145
2640	9	2482	145
492	1	493	145
3231	12	29	145
2587	9	2476	145
776	1	493	145
7406	23	3023	145
2898	9	2482	145
9018	23	3023	145
1850	23	2951	145
1941	5	1943	145
4586	17	5818	145
1537	1	46	145
3215	12	2048	145
3814	14	3439	145
702	6	28	145
2020	6	2018	145
88	6	29	145
1894	23	2920	145
630	6	29	145
3219	12	2027	145
7497	20	6780	145
142	6	2044	145
5141	15	5088	145
1525	6	29	145
494	1	28	145
2663	17	5816	145
1502	1	416	145
7573	20	6706	145
765	6	29	145
610	1	416	145
443	1	416	145
658	1	172	145
100	6	29	145
717	1	636	145
2729	23	2935	145
473	1	416	145
2172	6	2018	145
2481	9	2482	145
2693	11	3087	145
2754	9	2505	145
44	6	29	145
845	1	28	145
113	6	29	145
2130	6	2027	145
2911	10	2720	145
1394	6	115	145
6878	23	12520	145
2809	9	2705	145
6414	23	2935	145
2770	9	2540	145
915	1	589	145
2034	6	115	145
1644	1	207	145
2530	14	3431	145
2082	15	5057	145
3577	14	3437	145
3205	12	2055	145
8301	23	3060	145
399	6	402	145
1588	1	46	145
4886	14	4560	145
2917	9	2593	145
172	1	402	145
3130	14	3437	145
8943	23	2951	145
178	6	115	145
2511	9	2476	145
10636	22	2157	145
4154	14	4155	145
742	15	4990	145
2852	23	2952	145
1983	6	402	145
113	1	46	145
3205	20	6012	145
396	1	397	145
1894	23	2971	145
2769	9	2476	145
2298	12	2155	145
8863	17	5935	145
588	6	589	145
428	15	5024	145
8863	17	6190	145
1957	6	402	145
4428	14	3707	145
2894	9	2540	145
25	15	5024	145
28	6	29	145
169	6	402	145
2655	9	2482	145
1003	1	589	145
172	15	5043	145
2818	9	2482	145
675	15	4990	145
28	9	29	145
1588	6	29	145
2809	17	5818	145
399	1	402	145
720	1	28	145
711	1	28	145
310	15	5088	145
3040	23	3023	145
4885	17	8813	145
2909	9	2720	145
104	1	106	145
83	6	29	145
2531	9	2482	145
1851	10	3012	145
583	15	5024	145
2663	17	5817	145
2897	9	2482	145
6371	23	3023	145
675	15	5120	145
2124	6	115	145
702	1	28	145
2770	9	2482	145
309	15	5088	145
2877	9	2505	145
2917	10	2942	145
2068	6	2027	145
25	1	28	145
2663	9	2588	145
2102	6	2040	145
3186	12	2155	145
25	15	4990	145
578	1	28	145
1110	15	5120	145
4582	14	3519	145
8385	23	2981	145
588	1	589	145
2813	9	2482	145
428	6	402	145
1133	6	592	145
2071	6	29	145
44	5	25	145
1865	20	6706	145
169	1	172	145
396	6	29	145
1893	23	2947	145
363	1	120	145
2253	20	5762	145
1133	15	4990	145
2789	9	2705	145
2627	9	2505	145
1850	23	2951	145
4582	14	3512	145
17	6	2044	145
675	6	402	145
205	1	207	145
8842	23	3023	145
675	1	320	145
1841	23	2997	145
759	1	28	145
492	15	5088	145
3192	12	2175	145
6291	17	6292	145
2026	6	2027	145
2629	9	2520	145
2832	9	2606	145
10636	22	10030	145
1100	6	28	145
3236	23	3023	145
2094	6	2040	145
2127	6	171	145
3178	11	3087	145
2587	9	2588	145
2809	17	5816	145
2702	9	2705	145
4886	14	3648	145
3086	23	12527	145
5348	15	5088	145
2836	9	2705	145
28	1	29	145
3228	12	117	145
1429	6	2027	145
2809	17	5817	145
769	1	28	145
7222	17	6700	145
2836	17	5818	145
2119	6	2045	145
191	6	30	145
786	15	5088	145
2726	20	6012	145
8863	17	5818	145
3236	23	12520	145
6878	23	12520	145
3814	14	3544	145
340	6	402	145
2909	9	2593	145
2729	23	2966	145
1945	6	402	145
776	15	5088	145
1912	15	5024	145
5158	15	5088	145
2793	9	2476	145
3434	14	3437	145
2837	9	2482	145
2253	20	6012	145
2663	17	6190	145
47	1	49	145
3130	14	3509	145
3040	23	12544	145
1983	15	5024	145
2897	9	2540	145
6371	23	3023	145
1567	1	589	145
7531	20	6706	145
8863	17	5817	145
3209	12	2027	145
303	1	416	145
8943	23	3023	145
636	1	479	145
2539	9	2540	145
3040	23	12544	145
2159	6	2019	145
1947	6	2027	145
2134	6	29	145
2663	17	5818	145
2011	6	29	145
2072	6	29	145
2530	9	2476	145
1975	6	625	145
2164	6	115	145
1970	6	2040	145
6698	20	5762	145
7403	17	5818	145
2663	9	2476	145
6529	23	3023	145
2903	11	3089	145
205	15	4990	145
3193	12	115	145
2021	6	402	145
2785	9	2520	145
473	6	2040	145
2153	6	2027	145
4586	17	5816	145
2074	6	402	145
3068	23	3027	145
1866	12	170	145
205	6	2019	145
1910	14	3981	145
1941	6	2044	145
3020	10	2981	145
8385	23	3023	145
798	1	589	145
636	1	172	145
2142	6	2027	145
1956	6	2040	145
47	6	29	145
3143	11	3087	145
2903	12	170	145
8824	23	2977	145
6929	20	6706	145
1910	14	3956	145
1644	15	5088	145
3200	12	2055	145
2090	6	115	145
25	6	29	145
1912	6	402	145
446	1	402	145
1424	1	479	145
2785	9	2593	145
2663	17	5935	145
2069	6	2018	145
7847	23	2966	145
2121	6	402	145
381	1	405	145
2583	9	2476	145
607	15	4990	145
1961	6	2027	145
8571	23	12518	145
8863	17	5816	145
6529	23	2952	145
3233	23	2977	145
44	1	46	145
2911	9	2482	145
4586	17	5817	145
2726	9	2593	145
2809	17	5935	145
2979	10	2924	145
1851	10	2997	145
2691	23	3023	145
3233	23	12521	145
6878	23	2966	145
114	1	115	145
19	6	2044	145
2116	6	2018	145
6726	23	2966	145
206	1	207	146
2539	9	2482	146
3063	10	2924	146
2105	6	2027	146
2521	9	2482	146
2894	9	2482	146
955	1	589	146
2644	9	2593	146
2016	6	115	146
6006	17	5818	146
118	1	120	146
12503	23	12520	146
2169	6	29	146
2586	9	2482	146
2640	9	2482	146
492	1	493	146
3231	12	29	146
2587	9	2476	146
776	1	493	146
7406	23	3023	146
2898	9	2482	146
9425	20	6706	146
9228	20	6780	146
9018	23	3023	146
1850	23	2951	146
1941	5	1943	146
4586	17	5818	146
1537	1	46	146
3215	12	2048	146
702	6	28	146
2020	6	2018	146
9381	20	5762	146
9084	20	6706	146
88	6	29	146
1894	23	2920	146
630	6	29	146
3219	12	2027	146
142	6	2044	146
5141	15	5088	146
1525	6	29	146
494	1	28	146
2663	17	5816	146
1502	1	416	146
765	6	29	146
610	1	416	146
443	1	416	146
919	1	920	146
6885	17	5896	146
658	1	172	146
100	6	29	146
717	1	636	146
2729	23	2935	146
473	1	416	146
2172	6	2018	146
2481	9	2482	146
2693	11	3087	146
2754	9	2505	146
44	6	29	146
845	1	28	146
8408	23	12519	146
113	6	29	146
2130	6	2027	146
2911	10	2720	146
1394	6	115	146
1849	4	1839	146
6878	23	12520	146
2809	9	2705	146
6414	23	2935	146
2770	9	2540	146
8825	17	5816	146
1486	6	29	146
915	1	589	146
2034	6	115	146
1644	1	207	146
2530	14	3431	146
2082	15	5057	146
3577	14	3437	146
3205	12	2055	146
8301	23	3060	146
399	6	402	146
1588	1	46	146
2917	9	2593	146
1874	4	1862	146
172	1	402	146
3130	14	3437	146
8943	23	2951	146
178	6	115	146
2511	9	2476	146
10636	22	2157	146
742	15	4990	146
2852	23	2952	146
1983	6	402	146
113	1	46	146
396	1	397	146
1894	23	2971	146
2769	9	2476	146
2298	12	2155	146
8863	17	5935	146
588	6	589	146
428	15	5024	146
8863	17	6190	146
1957	6	402	146
6555	17	5829	146
4428	14	3707	146
2894	9	2540	146
25	15	5024	146
28	6	29	146
7531	20	6706	146
6929	20	6706	146
169	6	402	146
2655	9	2482	146
1003	1	589	146
172	15	5043	146
2818	9	2482	146
675	15	4990	146
28	9	29	146
1588	6	29	146
3205	20	6012	146
2809	17	5818	146
399	1	402	146
720	1	28	146
711	1	28	146
310	15	5088	146
3040	23	3023	146
4885	17	8813	146
2909	9	2720	146
104	1	106	146
83	6	29	146
2531	9	2482	146
1851	10	3012	146
583	15	5024	146
2663	17	5817	146
2897	9	2482	146
6371	23	3023	146
675	15	5120	146
9237	20	6012	146
2124	6	115	146
702	1	28	146
2770	9	2482	146
309	15	5088	146
2877	9	2505	146
2917	10	2942	146
2068	6	2027	146
25	1	28	146
2663	9	2588	146
2102	6	2040	146
3186	12	2155	146
25	15	4990	146
578	1	28	146
1110	15	5120	146
4582	14	3519	146
1547	6	29	146
8385	23	2981	146
588	1	589	146
2813	9	2482	146
428	6	402	146
1133	6	592	146
2071	6	29	146
44	5	25	146
169	1	172	146
396	6	29	146
1893	23	2947	146
363	1	120	146
9351	20	5762	146
1133	15	4990	146
2789	9	2705	146
2627	9	2505	146
1850	23	2951	146
17	6	2044	146
675	6	402	146
205	1	207	146
1537	1	920	146
8842	23	3023	146
675	1	320	146
1841	23	2997	146
759	1	28	146
492	15	5088	146
3192	12	2175	146
2026	6	2027	146
2629	9	2520	146
2832	9	2606	146
2726	20	6012	146
10636	22	10030	146
1100	6	28	146
3236	23	3023	146
2094	6	2040	146
2127	6	171	146
3178	11	3087	146
3205	17	5853	146
2587	9	2588	146
2809	17	5816	146
2702	9	2705	146
3086	23	12527	146
5348	15	5088	146
2836	9	2705	146
28	1	29	146
3228	12	117	146
1486	1	397	146
1429	6	2027	146
2809	17	5817	146
769	1	28	146
2836	17	5818	146
2119	6	2045	146
191	6	30	146
786	15	5088	146
8863	17	5818	146
1588	1	276	146
3236	23	12520	146
6878	23	12520	146
3814	14	3544	146
340	6	402	146
2909	9	2593	146
2729	23	2966	146
1945	6	402	146
776	15	5088	146
1912	15	5024	146
5158	15	5088	146
2793	9	2476	146
3434	14	3437	146
2837	9	2482	146
2663	17	6190	146
47	1	49	146
3130	14	3509	146
3040	23	12544	146
1983	15	5024	146
2897	9	2540	146
6371	23	3023	146
1567	1	589	146
8863	17	5817	146
3209	12	2027	146
303	1	416	146
8943	23	3023	146
636	1	479	146
2539	9	2540	146
3040	23	12544	146
2159	6	2019	146
1947	6	2027	146
2134	6	29	146
2663	17	5818	146
2011	6	29	146
2072	6	29	146
2530	9	2476	146
1975	6	625	146
2164	6	115	146
1970	6	2040	146
7403	17	5818	146
2663	9	2476	146
6529	23	3023	146
2903	11	3089	146
205	15	4990	146
3193	12	115	146
2021	6	402	146
2785	9	2520	146
473	6	2040	146
2153	6	2027	146
4586	17	5816	146
2074	6	402	146
3068	23	3027	146
1866	12	170	146
205	6	2019	146
1941	6	2044	146
3020	10	2981	146
8385	23	3023	146
7497	20	6780	146
798	1	589	146
636	1	172	146
2142	6	2027	146
1956	6	2040	146
47	6	29	146
3143	11	3087	146
2903	12	170	146
8824	23	2977	146
1910	14	3956	146
1644	15	5088	146
3200	12	2055	146
2090	6	115	146
25	6	29	146
1912	6	402	146
446	1	402	146
1424	1	479	146
2785	9	2593	146
2663	17	5935	146
2069	6	2018	146
7847	23	2966	146
2121	6	402	146
381	1	405	146
2583	9	2476	146
607	15	4990	146
1961	6	2027	146
8571	23	12518	146
8863	17	5816	146
6529	23	2952	146
3233	23	2977	146
44	1	46	146
2911	9	2482	146
4586	17	5817	146
2726	9	2593	146
2809	17	5935	146
2979	10	2924	146
1851	10	2997	146
2691	23	3023	146
3233	23	12521	146
6878	23	2966	146
114	1	115	146
19	6	2044	146
2116	6	2018	146
6726	23	2966	146
206	1	207	147
2539	9	2482	147
3063	10	2924	147
2105	6	2027	147
2521	9	2482	147
2894	9	2482	147
955	1	589	147
2644	9	2593	147
2016	6	115	147
6511	20	6012	147
6006	17	5818	147
118	1	120	147
12503	23	12520	147
2169	6	29	147
2586	9	2482	147
2640	9	2482	147
492	1	493	147
3231	12	29	147
2587	9	2476	147
776	1	493	147
7406	23	3023	147
6929	20	6706	147
2898	9	2482	147
9018	23	3023	147
1850	23	2951	147
399	1	171	147
1941	5	1943	147
4586	17	5818	147
3215	12	2048	147
4805	14	3711	147
702	6	28	147
2020	6	2018	147
88	6	29	147
1894	23	2920	147
630	6	29	147
3219	12	2027	147
142	6	2044	147
5141	15	5088	147
1525	6	29	147
494	1	28	147
2663	17	5816	147
1502	1	416	147
765	6	29	147
610	1	416	147
443	1	416	147
919	1	920	147
658	1	172	147
100	6	29	147
717	1	636	147
2729	23	2935	147
473	1	416	147
2172	6	2018	147
2481	9	2482	147
2693	11	3087	147
2754	9	2505	147
44	6	29	147
845	1	28	147
1945	6	171	147
8408	23	12519	147
113	6	29	147
9425	20	6706	147
2130	6	2027	147
2911	10	2720	147
1957	6	171	147
1394	6	115	147
6878	23	12520	147
2809	9	2705	147
169	1	171	147
6414	23	2935	147
2770	9	2540	147
1486	6	29	147
915	1	589	147
2034	6	115	147
1644	1	207	147
2530	14	3431	147
9228	20	6780	147
2082	15	5057	147
3577	14	3437	147
3205	12	2055	147
8301	23	3060	147
7985	20	5762	147
2121	6	171	147
399	6	402	147
2917	9	2593	147
172	1	402	147
2074	6	171	147
3130	14	3437	147
8943	23	2951	147
178	6	115	147
2511	9	2476	147
10636	22	2157	147
742	15	4990	147
2852	23	2952	147
675	6	171	147
1983	6	402	147
2655	17	6719	147
2769	9	2476	147
2298	12	2155	147
8863	17	5935	147
588	6	589	147
1912	6	171	147
428	15	5024	147
8863	17	6190	147
1957	6	402	147
4428	14	3707	147
2894	9	2540	147
25	15	5024	147
9415	20	5762	147
28	6	29	147
169	6	402	147
2655	9	2482	147
8500	17	6725	147
1003	1	589	147
172	15	5043	147
2818	9	2482	147
675	15	4990	147
28	9	29	147
1588	6	29	147
2021	6	171	147
2809	17	5818	147
2715	9	2482	147
399	1	402	147
720	1	28	147
711	1	28	147
310	15	5088	147
3040	23	3023	147
4885	17	8813	147
2909	9	2720	147
104	1	106	147
83	6	29	147
2531	9	2482	147
1851	10	3012	147
583	15	5024	147
2663	17	5817	147
2897	9	2482	147
6371	23	3023	147
675	15	5120	147
2124	6	115	147
702	1	28	147
2770	9	2482	147
309	15	5088	147
2877	9	2505	147
2917	10	2942	147
2068	6	2027	147
25	1	28	147
2663	9	2588	147
2102	6	2040	147
3186	12	2155	147
25	15	4990	147
578	1	28	147
1110	15	5120	147
4582	14	3519	147
1547	6	29	147
8385	23	2981	147
588	1	589	147
2813	9	2482	147
428	6	402	147
1133	6	592	147
446	1	171	147
2071	6	29	147
44	5	25	147
169	1	172	147
396	6	29	147
1893	23	2947	147
363	1	120	147
7531	20	6706	147
1133	15	4990	147
2789	9	2705	147
399	15	5043	147
2627	9	2505	147
1850	23	2951	147
17	6	2044	147
675	6	402	147
205	1	207	147
1537	1	920	147
8842	23	3023	147
675	1	320	147
7985	17	6700	147
1841	23	2997	147
759	1	28	147
492	15	5088	147
3192	12	2175	147
2026	6	2027	147
2629	9	2520	147
2832	9	2606	147
10636	22	10030	147
1100	6	28	147
3236	23	3023	147
2094	6	2040	147
2127	6	171	147
3178	11	3087	147
2587	9	2588	147
2809	17	5816	147
2702	9	2705	147
428	6	171	147
3086	23	12527	147
5348	15	5088	147
2836	9	2705	147
28	1	29	147
3228	12	117	147
1486	1	397	147
1429	6	2027	147
2809	17	5817	147
769	1	28	147
2836	17	5818	147
2119	6	2045	147
191	6	30	147
340	6	171	147
786	15	5088	147
8863	17	5818	147
1588	1	276	147
3236	23	12520	147
6878	23	12520	147
3814	14	3544	147
340	6	402	147
7497	20	6780	147
2909	9	2593	147
2729	23	2966	147
1945	6	402	147
172	1	171	147
776	15	5088	147
1912	15	5024	147
5158	15	5088	147
2793	9	2476	147
3434	14	3437	147
2837	9	2482	147
2663	17	6190	147
47	1	49	147
3130	14	3509	147
3040	23	12544	147
1983	15	5024	147
2897	9	2540	147
6371	23	3023	147
1567	1	589	147
8863	17	5817	147
3209	12	2027	147
303	1	416	147
8943	23	3023	147
636	1	479	147
2539	9	2540	147
3040	23	12544	147
2159	6	2019	147
1947	6	2027	147
2134	6	29	147
2663	17	5818	147
2011	6	29	147
2072	6	29	147
2530	9	2476	147
1975	6	625	147
2164	6	115	147
1970	6	2040	147
7403	17	5818	147
2663	9	2476	147
6529	23	3023	147
1983	6	171	147
2903	11	3089	147
205	15	4990	147
169	6	171	147
3193	12	115	147
2021	6	402	147
2785	9	2520	147
9351	20	5762	147
473	6	2040	147
2153	6	2027	147
4586	17	5816	147
2074	6	402	147
3068	23	3027	147
2726	20	6012	147
1866	12	170	147
205	6	2019	147
1941	6	2044	147
3020	10	2981	147
8385	23	3023	147
798	1	589	147
636	1	172	147
2142	6	2027	147
1956	6	2040	147
47	6	29	147
3143	11	3087	147
2903	12	170	147
8824	23	2977	147
9381	20	5762	147
1910	14	3956	147
1644	15	5088	147
3200	12	2055	147
2090	6	115	147
25	6	29	147
1912	6	402	147
446	1	402	147
1424	1	479	147
2785	9	2593	147
2663	17	5935	147
2069	6	2018	147
7847	23	2966	147
2121	6	402	147
381	1	405	147
2583	9	2476	147
607	15	4990	147
1961	6	2027	147
8571	23	12518	147
8863	17	5816	147
399	6	171	147
6529	23	2952	147
3233	23	2977	147
44	1	46	147
2911	9	2482	147
4586	17	5817	147
2726	9	2593	147
2809	17	5935	147
2979	10	2924	147
1851	10	2997	147
2691	23	3023	147
3233	23	12521	147
6878	23	2966	147
114	1	115	147
19	6	2044	147
2116	6	2018	147
6726	23	2966	147
3205	20	6012	147
206	1	207	148
2539	9	2482	148
3063	10	2924	148
2105	6	2027	148
2521	9	2482	148
2894	9	2482	148
955	1	589	148
2644	9	2593	148
2016	6	115	148
6006	17	5818	148
118	1	120	148
12503	23	12520	148
2169	6	29	148
2586	9	2482	148
2640	9	2482	148
492	1	493	148
3231	12	29	148
2587	9	2476	148
776	1	493	148
7406	23	3023	148
2898	9	2482	148
9018	23	3023	148
4886	14	3649	148
1850	23	2951	148
399	1	171	148
7497	20	6780	148
1941	5	1943	148
4586	17	5818	148
9011	17	7064	148
3215	12	2048	148
7170	20	7092	148
4805	14	3711	148
2715	9	2540	148
4886	14	3711	148
702	6	28	148
2020	6	2018	148
88	6	29	148
1894	23	2920	148
630	6	29	148
3219	12	2027	148
2743	9	2482	148
142	6	2044	148
5141	15	5088	148
1525	6	29	148
494	1	28	148
2663	17	5816	148
1502	1	416	148
765	6	29	148
610	1	416	148
443	1	416	148
919	1	920	148
658	1	172	148
100	6	29	148
717	1	636	148
2729	23	2935	148
473	1	416	148
2172	6	2018	148
2481	9	2482	148
2693	11	3087	148
2754	9	2505	148
44	6	29	148
845	1	28	148
1945	6	171	148
8408	23	12519	148
113	6	29	148
2130	6	2027	148
2911	10	2720	148
1957	6	171	148
1394	6	115	148
6878	23	12520	148
2809	9	2705	148
169	1	171	148
6414	23	2935	148
7531	17	6706	148
2770	9	2540	148
1486	6	29	148
915	1	589	148
2034	6	115	148
1644	1	207	148
2530	14	3431	148
2082	15	5057	148
3577	14	3437	148
3205	12	2055	148
9351	20	5762	148
2121	6	171	148
2917	9	2593	148
2074	6	171	148
3130	14	3437	148
8943	23	2951	148
178	6	115	148
2511	9	2476	148
10636	22	2157	148
742	15	4990	148
2852	23	2952	148
675	6	171	148
2769	9	2476	148
2298	12	2155	148
8863	17	5935	148
588	6	589	148
1912	6	171	148
428	15	5024	148
8863	17	6190	148
4428	14	3707	148
9381	20	5762	148
2894	9	2540	148
25	15	5024	148
28	6	29	148
2655	9	2482	148
1003	1	589	148
172	15	5043	148
2818	9	2482	148
675	15	4990	148
9090	17	6242	148
9425	20	6706	148
28	9	29	148
1588	6	29	148
2021	6	171	148
2809	17	5818	148
2715	9	2482	148
720	1	28	148
711	1	28	148
310	15	5088	148
3040	23	3023	148
4885	17	8813	148
2909	9	2720	148
7531	20	6706	148
104	1	106	148
83	6	29	148
2531	9	2482	148
1851	10	3012	148
583	15	5024	148
2663	17	5817	148
2897	9	2482	148
6371	23	3023	148
675	15	5120	148
2124	6	115	148
702	1	28	148
2770	9	2482	148
309	15	5088	148
2877	9	2505	148
2917	10	2942	148
2068	6	2027	148
25	1	28	148
2663	9	2588	148
2102	6	2040	148
3186	12	2155	148
25	15	4990	148
578	1	28	148
1110	15	5120	148
4582	14	3519	148
1547	6	29	148
8385	23	2981	148
588	1	589	148
2813	9	2482	148
1133	6	592	148
446	1	171	148
6839	17	5872	148
2071	6	29	148
44	5	25	148
6929	20	6706	148
396	6	29	148
1893	23	2947	148
363	1	120	148
1133	15	4990	148
2789	9	2705	148
399	15	5043	148
2627	9	2505	148
1850	23	2951	148
17	6	2044	148
205	1	207	148
1537	1	920	148
8842	23	3023	148
675	1	320	148
1841	23	2997	148
759	1	28	148
492	15	5088	148
3192	12	2175	148
2026	6	2027	148
2629	9	2520	148
2832	9	2606	148
10636	22	10030	148
1100	6	28	148
3236	23	3023	148
2094	6	2040	148
2127	6	171	148
3178	11	3087	148
2587	9	2588	148
2809	17	5816	148
2702	9	2705	148
428	6	171	148
3086	23	12527	148
5348	15	5088	148
1894	4	1839	148
2836	9	2705	148
28	1	29	148
3228	12	117	148
1486	1	397	148
1429	6	2027	148
2809	17	5817	148
769	1	28	148
2836	17	5818	148
7141	17	6700	148
2119	6	2045	148
191	6	30	148
340	6	171	148
786	15	5088	148
8863	17	5818	148
1588	1	276	148
3236	23	12520	148
6878	23	12520	148
3814	14	3544	148
2909	9	2593	148
2729	23	2966	148
172	1	171	148
776	15	5088	148
1912	15	5024	148
5158	15	5088	148
2793	9	2476	148
3434	14	3437	148
2837	9	2482	148
2663	17	6190	148
47	1	49	148
3130	14	3509	148
3040	23	12544	148
1983	15	5024	148
5852	20	5762	148
2897	9	2540	148
6371	23	3023	148
1567	1	589	148
8863	17	5817	148
3209	12	2027	148
303	1	416	148
8943	23	3023	148
636	1	479	148
2539	9	2540	148
3040	23	12544	148
2159	6	2019	148
1947	6	2027	148
2134	6	29	148
2663	17	5818	148
2011	6	29	148
2072	6	29	148
2530	9	2476	148
1975	6	625	148
2164	6	115	148
1970	6	2040	148
7403	17	5818	148
2663	9	2476	148
6529	23	3023	148
1983	6	171	148
2903	11	3089	148
205	15	4990	148
169	6	171	148
3193	12	115	148
2785	9	2520	148
473	6	2040	148
2153	6	2027	148
4586	17	5816	148
3068	23	3027	148
1866	12	170	148
205	6	2019	148
1941	6	2044	148
3020	10	2981	148
8385	23	3023	148
798	1	589	148
636	1	172	148
2142	6	2027	148
1956	6	2040	148
47	6	29	148
3143	11	3087	148
2903	12	170	148
8824	23	2977	148
1910	14	3956	148
1644	15	5088	148
3200	12	2055	148
2090	6	115	148
25	6	29	148
1424	1	479	148
2785	9	2593	148
2663	17	5935	148
2069	6	2018	148
7847	23	2966	148
2584	20	6780	148
7985	20	5762	148
381	1	405	148
2583	9	2476	148
607	15	4990	148
1961	6	2027	148
8571	23	12518	148
8863	17	5816	148
399	6	171	148
3205	20	6012	148
6529	23	2952	148
3233	23	2977	148
44	1	46	148
2911	9	2482	148
4586	17	5817	148
2726	9	2593	148
2809	17	5935	148
2979	10	2924	148
2726	20	6012	148
1851	10	2997	148
2691	23	3023	148
3233	23	12521	148
6878	23	2966	148
114	1	115	148
19	6	2044	148
2116	6	2018	148
6726	23	2966	148
206	1	207	149
2539	9	2482	149
3063	10	2924	149
2105	6	2027	149
2521	9	2482	149
2894	9	2482	149
955	1	589	149
2644	9	2593	149
2016	6	115	149
6006	17	5818	149
118	1	120	149
12503	23	12520	149
2169	6	29	149
2586	9	2482	149
9291	20	6706	149
2640	9	2482	149
492	1	493	149
3231	12	29	149
2587	9	2476	149
776	1	493	149
7406	23	3023	149
2898	9	2482	149
9018	23	3023	149
1850	23	2951	149
399	1	171	149
1941	5	1943	149
4586	17	5818	149
3215	12	2048	149
2715	9	2540	149
702	6	28	149
2020	6	2018	149
88	6	29	149
630	6	29	149
3219	12	2027	149
2743	9	2482	149
142	6	2044	149
5141	15	5088	149
1525	6	29	149
494	1	28	149
2663	17	5816	149
1502	1	416	149
765	6	29	149
3205	20	6012	149
610	1	416	149
443	1	416	149
919	1	920	149
4582	14	3793	149
9090	20	7092	149
658	1	172	149
100	6	29	149
717	1	636	149
2729	23	2935	149
473	1	416	149
2172	6	2018	149
2481	9	2482	149
2693	11	3087	149
2754	9	2505	149
44	6	29	149
845	1	28	149
1945	6	171	149
8408	23	12519	149
113	6	29	149
2130	6	2027	149
2911	10	2720	149
1957	6	171	149
1394	6	115	149
7531	20	6706	149
6724	17	6491	149
2809	9	2705	149
169	1	171	149
2770	9	2540	149
8441	20	7092	149
1486	6	29	149
915	1	589	149
2034	6	115	149
1644	1	207	149
2530	14	3431	149
2082	15	5057	149
3577	14	3437	149
3130	14	3491	149
3205	12	2055	149
2121	6	171	149
7985	20	5762	149
2917	9	2593	149
2074	6	171	149
3130	14	3437	149
8943	23	2951	149
178	6	115	149
2511	9	2476	149
10636	22	2157	149
742	15	4990	149
2852	23	2952	149
675	6	171	149
9351	20	5762	149
2769	9	2476	149
2298	12	2155	149
8863	17	5935	149
588	6	589	149
3034	14	3956	149
1912	6	171	149
428	15	5024	149
8863	17	6190	149
47	1	176	149
4428	14	3707	149
2894	9	2540	149
25	15	5024	149
28	6	29	149
2655	9	2482	149
1003	1	589	149
172	15	5043	149
2818	9	2482	149
675	15	4990	149
28	9	29	149
1588	6	29	149
2021	6	171	149
2809	17	5818	149
2715	9	2482	149
720	1	28	149
711	1	28	149
310	15	5088	149
3040	23	3023	149
4885	17	8813	149
8735	17	5947	149
2909	9	2720	149
104	1	106	149
83	6	29	149
2531	9	2482	149
583	15	5024	149
2663	17	5817	149
2897	9	2482	149
6371	23	3023	149
675	15	5120	149
2124	6	115	149
702	1	28	149
2770	9	2482	149
309	15	5088	149
2877	9	2505	149
2917	10	2942	149
2068	6	2027	149
25	1	28	149
2663	9	2588	149
2102	6	2040	149
3186	12	2155	149
25	15	4990	149
578	1	28	149
118	1	119	149
1110	15	5120	149
4582	14	3519	149
1547	6	29	149
8385	23	2981	149
588	1	589	149
2813	9	2482	149
1133	6	592	149
446	1	171	149
2071	6	29	149
44	5	25	149
396	6	29	149
1893	23	2947	149
363	1	120	149
1133	15	4990	149
2789	9	2705	149
399	15	5043	149
2627	9	2505	149
1850	23	2951	149
17	6	2044	149
205	1	207	149
1537	1	920	149
8842	23	3023	149
675	1	320	149
1841	23	2997	149
759	1	28	149
492	15	5088	149
3192	12	2175	149
2026	6	2027	149
2629	9	2520	149
2832	9	2606	149
10636	22	10030	149
1100	6	28	149
3236	23	3023	149
2094	6	2040	149
2127	6	171	149
3178	11	3087	149
2587	9	2588	149
2809	17	5816	149
2702	9	2705	149
428	6	171	149
3086	23	12527	149
5348	15	5088	149
2836	9	2705	149
28	1	29	149
3228	12	117	149
1486	1	397	149
1429	6	2027	149
2584	9	2482	149
2809	17	5817	149
769	1	28	149
2836	17	5818	149
2119	6	2045	149
191	6	30	149
340	6	171	149
786	15	5088	149
8863	17	5818	149
1588	1	276	149
3236	23	12520	149
6878	23	12520	149
3814	14	3544	149
2909	9	2593	149
2729	23	2966	149
8939	20	6706	149
172	1	171	149
776	15	5088	149
1912	15	5024	149
5158	15	5088	149
10636	22	10637	149
2793	9	2476	149
3434	14	3437	149
2837	9	2482	149
2663	17	6190	149
47	1	49	149
3130	14	3509	149
3040	23	12544	149
1983	15	5024	149
2897	9	2540	149
6371	23	3023	149
1567	1	589	149
8863	17	5817	149
3209	12	2027	149
303	1	416	149
8943	23	3023	149
636	1	479	149
2539	9	2540	149
3040	23	12544	149
2159	6	2019	149
1947	6	2027	149
2134	6	29	149
2663	17	5818	149
2011	6	29	149
2072	6	29	149
2530	9	2476	149
1975	6	625	149
2164	6	115	149
1970	6	2040	149
7403	17	5818	149
3635	17	6059	149
2663	9	2476	149
11580	22	9985	149
6529	23	3023	149
1983	6	171	149
2903	11	3089	149
205	15	4990	149
169	6	171	149
3193	12	115	149
2785	9	2520	149
9425	20	7092	149
473	6	2040	149
2153	6	2027	149
4586	17	5816	149
3068	23	3027	149
1866	12	170	149
205	6	2019	149
1941	6	2044	149
3020	10	2981	149
8385	23	3023	149
798	1	589	149
636	1	172	149
2142	6	2027	149
1956	6	2040	149
47	6	29	149
3143	11	3087	149
2903	12	170	149
8824	23	2977	149
7222	20	5762	149
1910	14	3956	149
1644	15	5088	149
3200	12	2055	149
2090	6	115	149
25	6	29	149
2726	20	6012	149
9228	20	6780	149
1424	1	479	149
2785	9	2593	149
2663	17	5935	149
2069	6	2018	149
7847	23	2966	149
7497	20	6780	149
381	1	405	149
2583	9	2476	149
607	15	4990	149
1961	6	2027	149
8571	23	12518	149
8863	17	5816	149
399	6	171	149
6529	23	2952	149
3233	23	2977	149
44	1	46	149
2911	9	2482	149
4586	17	5817	149
2726	9	2593	149
2809	17	5935	149
2979	10	2924	149
1851	10	2997	149
2691	23	3023	149
3233	23	12521	149
6878	23	2966	149
114	1	115	149
19	6	2044	149
2116	6	2018	149
6726	23	2966	149
206	1	207	150
2539	9	2482	150
3063	10	2924	150
2105	6	2027	150
2521	9	2482	150
2894	9	2482	150
955	1	589	150
2644	9	2593	150
2016	6	115	150
6006	17	5818	150
12503	23	12520	150
2169	6	29	150
2586	9	2482	150
2640	9	2482	150
492	1	493	150
3231	12	29	150
762	1	28	150
2587	9	2476	150
776	1	493	150
7406	23	3023	150
2898	9	2482	150
9018	23	3023	150
1850	23	2951	150
399	1	171	150
1941	5	1943	150
4586	17	5818	150
3215	12	2048	150
88	1	89	150
2715	9	2540	150
702	6	28	150
2020	6	2018	150
88	6	29	150
630	6	29	150
3219	12	2027	150
2743	9	2482	150
7449	17	6566	150
142	6	2044	150
5141	15	5088	150
1525	6	29	150
494	1	28	150
2663	17	5816	150
1502	1	416	150
765	6	29	150
610	1	416	150
443	1	416	150
919	1	920	150
4582	14	3793	150
658	1	172	150
100	6	29	150
717	1	636	150
2729	23	2935	150
473	1	416	150
2172	6	2018	150
2481	9	2482	150
2693	11	3087	150
2754	9	2505	150
44	6	29	150
845	1	28	150
1945	6	171	150
113	6	29	150
2130	6	2027	150
2911	10	2720	150
1957	6	171	150
1394	6	115	150
8408	23	12518	150
7497	17	7286	150
2809	9	2705	150
169	1	171	150
2770	9	2540	150
1486	6	29	150
6698	17	6699	150
2034	6	115	150
1644	1	207	150
2530	14	3431	150
2082	15	5057	150
3577	14	3437	150
3130	14	3491	150
3205	12	2055	150
2121	6	171	150
2917	9	2593	150
10636	22	9856	150
2074	6	171	150
3130	14	3437	150
8943	23	2951	150
178	6	115	150
2511	9	2476	150
742	15	4990	150
2852	23	2952	150
675	6	171	150
2769	9	2476	150
2298	12	2155	150
8863	17	5935	150
588	6	589	150
3034	14	3956	150
1912	6	171	150
428	15	5024	150
8863	17	6190	150
47	1	176	150
4428	14	3707	150
2894	9	2540	150
2979	17	5816	150
25	15	5024	150
28	6	29	150
2655	9	2482	150
1003	1	589	150
172	15	5043	150
2818	9	2482	150
675	15	4990	150
28	9	29	150
1588	6	29	150
2021	6	171	150
2809	17	5818	150
3205	20	6012	150
2715	9	2482	150
720	1	28	150
711	1	28	150
310	15	5088	150
8939	20	6706	150
3040	23	3023	150
4885	17	8813	150
2909	9	2720	150
104	1	106	150
83	6	29	150
2531	9	2482	150
583	15	5024	150
2663	17	5817	150
2897	9	2482	150
6371	23	3023	150
675	15	5120	150
2124	6	115	150
702	1	28	150
2770	9	2482	150
309	15	5088	150
2877	9	2505	150
2917	10	2942	150
11580	22	9538	150
2068	6	2027	150
25	1	28	150
2663	9	2588	150
2102	6	2040	150
3186	12	2155	150
25	15	4990	150
578	1	28	150
118	1	119	150
1110	15	5120	150
1547	6	29	150
8385	23	2981	150
588	1	589	150
2813	9	2482	150
1133	6	592	150
446	1	171	150
2071	6	29	150
44	5	25	150
1874	4	1839	150
9351	20	5762	150
396	6	29	150
1893	23	2947	150
363	1	120	150
1133	15	4990	150
2789	9	2705	150
399	15	5043	150
2627	9	2505	150
1850	23	2951	150
17	6	2044	150
205	1	207	150
1537	1	920	150
8842	23	3023	150
675	1	320	150
1841	23	2997	150
759	1	28	150
492	15	5088	150
3192	12	2175	150
2026	6	2027	150
2629	9	2520	150
2832	9	2606	150
1100	6	28	150
3236	23	3023	150
2094	6	2040	150
2655	20	7092	150
2127	6	171	150
3178	11	3087	150
2587	9	2588	150
10636	22	9538	150
2809	17	5816	150
2702	9	2705	150
428	6	171	150
3086	23	12527	150
5348	15	5088	150
7497	20	6780	150
2836	9	2705	150
28	1	29	150
3228	12	117	150
1486	1	397	150
1429	6	2027	150
2584	9	2482	150
2809	17	5817	150
769	1	28	150
2836	17	5818	150
2119	6	2045	150
191	6	30	150
340	6	171	150
786	15	5088	150
8863	17	5818	150
1588	1	276	150
3236	23	12520	150
3814	14	3544	150
1418	1	885	150
2909	9	2593	150
2729	23	2966	150
172	1	171	150
776	15	5088	150
8447	17	6700	150
1912	15	5024	150
5158	15	5088	150
1547	1	1144	150
2793	9	2476	150
3434	14	3437	150
2837	9	2482	150
883	1	885	150
2663	17	6190	150
3040	23	12544	150
1983	15	5024	150
2897	9	2540	150
6371	23	3023	150
1567	1	589	150
8863	17	5817	150
3209	12	2027	150
758	1	759	150
303	1	416	150
8943	23	3023	150
636	1	479	150
2539	9	2540	150
3040	23	12544	150
2159	6	2019	150
1947	6	2027	150
2134	6	29	150
2663	17	5818	150
2011	6	29	150
2072	6	29	150
2530	9	2476	150
1975	6	625	150
2164	6	115	150
1970	6	2040	150
7403	17	5818	150
2663	9	2476	150
11580	22	9985	150
6529	23	3023	150
1983	6	171	150
2903	11	3089	150
205	15	4990	150
169	6	171	150
3193	12	115	150
2785	9	2520	150
473	6	2040	150
2153	6	2027	150
9090	20	7092	150
4586	17	5816	150
3068	23	3027	150
1866	12	170	150
205	6	2019	150
1941	6	2044	150
3020	10	2981	150
8385	23	3023	150
798	1	589	150
636	1	172	150
7497	17	7197	150
2142	6	2027	150
1956	6	2040	150
47	6	29	150
3143	11	3087	150
2903	12	170	150
8824	23	2977	150
1910	14	3956	150
1644	15	5088	150
3200	12	2055	150
2090	6	115	150
25	6	29	150
1424	1	479	150
2785	9	2593	150
2663	17	5935	150
2069	6	2018	150
7847	23	2966	150
381	1	405	150
2583	9	2476	150
7985	20	5762	150
