3230	12	117	000
2097	6	30	000
206	1	207	000
2156	6	30	000
431	1	189	000
199	1	189	000
215	1	189	000
197	1	189	000
5308	15	5088	000
2169	6	29	000
492	1	493	000
3231	12	29	000
811	1	416	000
776	1	493	000
2047	6	171	000
169	6	173	000
1850	23	2951	000
55	6	30	000
1970	6	2084	000
2015	6	117	000
2079	6	30	000
2080	6	117	000
702	6	28	000
1894	23	2920	000
3219	12	2027	000
229	15	4988	000
494	1	28	000
1502	1	416	000
3242	12	2009	000
213	1	189	000
8516	23	2981	000
610	1	416	000
443	1	416	000
717	1	636	000
473	1	416	000
5133	15	5088	000
831	1	416	000
613	1	416	000
178	6	117	000
845	1	28	000
1133	6	1134	000
1394	6	115	000
6414	23	2935	000
284	1	285	000
846	1	397	000
428	15	5049	000
114	1	117	000
2105	6	30	000
85	6	117	000
1644	1	207	000
2530	14	3431	000
198	1	189	000
178	1	179	000
8301	23	3060	000
3806	14	3715	000
188	1	189	000
172	1	402	000
818	1	416	000
205	6	2038	000
3053	23	12505	000
1975	6	2008	000
598	6	30	000
812	1	416	000
1871	12	2155	000
3172	23	3027	000
25	15	5024	000
2301	23	2951	000
196	1	189	000
3522	14	3524	000
675	15	4990	000
2130	6	2045	000
2207	23	12514	000
2085	15	5057	000
2140	6	2045	000
2113	6	29	000
3522	14	3523	000
810	1	416	000
720	1	28	000
711	1	28	000
310	15	5088	000
284	6	285	000
1912	6	2179	000
88	6	30	000
659	1	341	000
3190	12	2084	000
675	15	5120	000
822	1	416	000
88	1	90	000
702	1	28	000
658	1	173	000
25	15	4990	000
25	6	30	000
578	1	28	000
1110	15	5120	000
3214	12	2082	000
3237	12	117	000
44	5	25	000
3224	12	117	000
260	1	189	000
195	1	189	000
1133	15	4990	000
630	6	30	000
2126	6	2045	000
2159	6	30	000
2301	23	12535	000
734	15	4977	000
800	1	416	000
1850	23	2951	000
3101	11	3102	000
205	1	207	000
759	1	28	000
492	15	5088	000
509	15	4977	000
597	15	5088	000
1133	1	1134	000
3064	23	12505	000
3209	12	30	000
2049	6	30	000
1957	6	2056	000
1930	15	4977	000
3232	12	29	000
1100	6	28	000
19	6	2045	000
8730	23	2951	000
2014	15	5057	000
2082	15	4988	000
5348	15	5088	000
3228	12	117	000
769	1	28	000
415	1	416	000
191	6	30	000
2675	9	2476	000
212	1	189	000
2056	15	4988	000
2090	6	117	000
776	15	5088	000
169	1	173	000
396	6	30	000
211	1	189	000
3193	12	2155	000
1956	6	285	000
2171	6	117	000
2003	6	2038	000
2030	6	2045	000
40	6	2114	000
2693	12	28	000
303	1	416	000
8730	23	3026	000
12552	23	12525	000
588	6	1560	000
2903	11	3089	000
205	15	4990	000
3020	23	12514	000
832	1	416	000
2114	15	4988	000
1592	6	2029	000
636	1	172	000
771	6	30	000
2124	6	117	000
1127	1	846	000
509	6	30	000
3143	11	3087	000
8824	23	2977	000
1478	1	114	000
2089	6	117	000
734	15	4977	000
6414	23	2935	000
100	6	30	000
2207	12	2155	000
2071	6	30	000
44	6	30	000
1588	6	30	000
191	1	30	000
2020	6	2045	000
3230	12	117	001
2097	6	30	001
206	1	207	001
2156	6	30	001
431	1	189	001
199	1	189	001
215	1	189	001
197	1	189	001
5308	15	5088	001
2169	6	29	001
492	1	493	001
3231	12	29	001
811	1	416	001
776	1	493	001
2047	6	171	001
169	6	173	001
1850	23	2951	001
55	6	30	001
1970	6	2084	001
2015	6	117	001
2079	6	30	001
2080	6	117	001
702	6	28	001
1894	23	2920	001
3219	12	2027	001
229	15	4988	001
494	1	28	001
1502	1	416	001
3242	12	2009	001
213	1	189	001
8516	23	2981	001
610	1	416	001
443	1	416	001
717	1	636	001
473	1	416	001
5133	15	5088	001
831	1	416	001
613	1	416	001
178	6	117	001
845	1	28	001
1133	6	1134	001
1394	6	115	001
6414	23	2935	001
284	1	285	001
846	1	397	001
428	15	5049	001
114	1	117	001
2105	6	30	001
85	6	117	001
1644	1	207	001
2530	14	3431	001
198	1	189	001
178	1	179	001
8301	23	3060	001
3806	14	3715	001
188	1	189	001
172	1	402	001
818	1	416	001
205	6	2038	001
3053	23	12505	001
1975	6	2008	001
598	6	30	001
812	1	416	001
1871	12	2155	001
3172	23	3027	001
25	15	5024	001
2301	23	2951	001
196	1	189	001
3522	14	3524	001
675	15	4990	001
2130	6	2045	001
2207	23	12514	001
2085	15	5057	001
2140	6	2045	001
2113	6	29	001
810	1	416	001
720	1	28	001
711	1	28	001
310	15	5088	001
284	6	285	001
1912	6	2179	001
88	6	30	001
659	1	341	001
3190	12	2084	001
675	15	5120	001
822	1	416	001
88	1	90	001
702	1	28	001
658	1	173	001
25	15	4990	001
25	6	30	001
578	1	28	001
1110	15	5120	001
3214	12	2082	001
3237	12	117	001
44	5	25	001
3224	12	117	001
260	1	189	001
195	1	189	001
1133	15	4990	001
630	6	30	001
2126	6	2045	001
2159	6	30	001
2301	23	12535	001
734	15	4977	001
800	1	416	001
1850	23	2951	001
3101	11	3102	001
205	1	207	001
759	1	28	001
492	15	5088	001
509	15	4977	001
597	15	5088	001
1133	1	1134	001
3064	23	12505	001
3209	12	30	001
2049	6	30	001
1957	6	2056	001
1930	15	4977	001
3232	12	29	001
1100	6	28	001
19	6	2045	001
8730	23	2951	001
2014	15	5057	001
2082	15	4988	001
5348	15	5088	001
3228	12	117	001
769	1	28	001
415	1	416	001
191	6	30	001
2675	9	2476	001
212	1	189	001
2056	15	4988	001
2090	6	117	001
776	15	5088	001
169	1	173	001
396	6	30	001
211	1	189	001
3193	12	2155	001
1956	6	285	001
2171	6	117	001
2003	6	2038	001
2030	6	2045	001
40	6	2114	001
2693	12	28	001
303	1	416	001
8730	23	3026	001
12552	23	12525	001
588	6	1560	001
2903	11	3089	001
205	15	4990	001
3020	23	12514	001
832	1	416	001
2114	15	4988	001
1592	6	2029	001
636	1	172	001
771	6	30	001
2124	6	117	001
1127	1	846	001
509	6	30	001
3143	11	3087	001
8824	23	2977	001
1478	1	114	001
2089	6	117	001
734	15	4977	001
6414	23	2935	001
100	6	30	001
2207	12	2155	001
2071	6	30	001
44	6	30	001
1588	6	30	001
191	1	30	001
2020	6	2045	001
3230	12	117	002
2097	6	30	002
206	1	207	002
2156	6	30	002
431	1	189	002
199	1	189	002
215	1	189	002
197	1	189	002
5308	15	5088	002
2169	6	29	002
492	1	493	002
3231	12	29	002
811	1	416	002
776	1	493	002
2047	6	171	002
169	6	173	002
1850	23	2951	002
55	6	30	002
1970	6	2084	002
2015	6	117	002
2079	6	30	002
2080	6	117	002
702	6	28	002
1894	23	2920	002
3219	12	2027	002
229	15	4988	002
494	1	28	002
1502	1	416	002
3242	12	2009	002
213	1	189	002
8516	23	2981	002
610	1	416	002
443	1	416	002
717	1	636	002
473	1	416	002
5133	15	5088	002
831	1	416	002
613	1	416	002
178	6	117	002
845	1	28	002
1133	6	1134	002
1394	6	115	002
6414	23	2935	002
284	1	285	002
846	1	397	002
428	15	5049	002
114	1	117	002
2105	6	30	002
85	6	117	002
1644	1	207	002
2530	14	3431	002
198	1	189	002
178	1	179	002
8301	23	3060	002
3806	14	3715	002
188	1	189	002
172	1	402	002
818	1	416	002
205	6	2038	002
3053	23	12505	002
1975	6	2008	002
598	6	30	002
812	1	416	002
1871	12	2155	002
3172	23	3027	002
25	15	5024	002
2301	23	2951	002
196	1	189	002
3522	14	3524	002
675	15	4990	002
2130	6	2045	002
2207	23	12514	002
2085	15	5057	002
2140	6	2045	002
2113	6	29	002
810	1	416	002
720	1	28	002
711	1	28	002
310	15	5088	002
284	6	285	002
1912	6	2179	002
88	6	30	002
659	1	341	002
3190	12	2084	002
675	15	5120	002
822	1	416	002
88	1	90	002
702	1	28	002
658	1	173	002
25	15	4990	002
25	6	30	002
578	1	28	002
1110	15	5120	002
3214	12	2082	002
3237	12	117	002
44	5	25	002
3224	12	117	002
260	1	189	002
195	1	189	002
1133	15	4990	002
630	6	30	002
2126	6	2045	002
2159	6	30	002
2301	23	12535	002
734	15	4977	002
800	1	416	002
1850	23	2951	002
3101	11	3102	002
205	1	207	002
759	1	28	002
492	15	5088	002
509	15	4977	002
597	15	5088	002
1133	1	1134	002
3064	23	12505	002
3209	12	30	002
2049	6	30	002
1957	6	2056	002
1930	15	4977	002
3232	12	29	002
1100	6	28	002
19	6	2045	002
8730	23	2951	002
2014	15	5057	002
2082	15	4988	002
5348	15	5088	002
3228	12	117	002
769	1	28	002
415	1	416	002
191	6	30	002
2675	9	2476	002
212	1	189	002
2056	15	4988	002
2090	6	117	002
776	15	5088	002
169	1	173	002
396	6	30	002
211	1	189	002
3193	12	2155	002
1956	6	285	002
2171	6	117	002
2003	6	2038	002
2030	6	2045	002
40	6	2114	002
2693	12	28	002
303	1	416	002
8730	23	3026	002
12552	23	12525	002
588	6	1560	002
2903	11	3089	002
205	15	4990	002
3020	23	12514	002
832	1	416	002
2114	15	4988	002
1592	6	2029	002
636	1	172	002
771	6	30	002
2124	6	117	002
1127	1	846	002
509	6	30	002
3143	11	3087	002
8824	23	2977	002
1478	1	114	002
2089	6	117	002
734	15	4977	002
6414	23	2935	002
100	6	30	002
2207	12	2155	002
2071	6	30	002
44	6	30	002
1588	6	30	002
191	1	30	002
2020	6	2045	002
3230	12	117	003
2097	6	30	003
206	1	207	003
2156	6	30	003
431	1	189	003
199	1	189	003
215	1	189	003
197	1	189	003
5308	15	5088	003
2169	6	29	003
492	1	493	003
3231	12	29	003
811	1	416	003
776	1	493	003
2047	6	171	003
169	6	173	003
1850	23	2951	003
55	6	30	003
3806	14	3715	003
1970	6	2084	003
2015	6	117	003
2079	6	30	003
2080	6	117	003
702	6	28	003
1894	23	2920	003
3219	12	2027	003
229	15	4988	003
494	1	28	003
1502	1	416	003
3242	12	2009	003
213	1	189	003
8516	23	2981	003
610	1	416	003
443	1	416	003
717	1	636	003
473	1	416	003
5133	15	5088	003
831	1	416	003
613	1	416	003
178	6	117	003
845	1	28	003
1133	6	1134	003
1394	6	115	003
6414	23	2935	003
284	1	285	003
846	1	397	003
428	15	5049	003
114	1	117	003
2105	6	30	003
85	6	117	003
1644	1	207	003
2530	14	3431	003
198	1	189	003
178	1	179	003
8301	23	3060	003
4046	14	3496	003
3806	14	3715	003
188	1	189	003
172	1	402	003
818	1	416	003
205	6	2038	003
3053	23	12505	003
1975	6	2008	003
598	6	30	003
812	1	416	003
1871	12	2155	003
3172	23	3027	003
25	15	5024	003
2301	23	2951	003
196	1	189	003
3522	14	3524	003
675	15	4990	003
2130	6	2045	003
2207	23	12514	003
2085	15	5057	003
2140	6	2045	003
2113	6	29	003
810	1	416	003
720	1	28	003
711	1	28	003
310	15	5088	003
284	6	285	003
1912	6	2179	003
88	6	30	003
659	1	341	003
3190	12	2084	003
675	15	5120	003
822	1	416	003
88	1	90	003
702	1	28	003
658	1	173	003
25	15	4990	003
25	6	30	003
578	1	28	003
1110	15	5120	003
3214	12	2082	003
3237	12	117	003
44	5	25	003
3224	12	117	003
260	1	189	003
195	1	189	003
1133	15	4990	003
630	6	30	003
2126	6	2045	003
2159	6	30	003
2301	23	12535	003
734	15	4977	003
800	1	416	003
1850	23	2951	003
3101	11	3102	003
205	1	207	003
759	1	28	003
492	15	5088	003
509	15	4977	003
597	15	5088	003
1133	1	1134	003
3064	23	12505	003
3209	12	30	003
2049	6	30	003
1957	6	2056	003
1930	15	4977	003
3232	12	29	003
1100	6	28	003
19	6	2045	003
8730	23	2951	003
2014	15	5057	003
3414	14	3415	003
2082	15	4988	003
5348	15	5088	003
3228	12	117	003
769	1	28	003
415	1	416	003
191	6	30	003
2675	9	2476	003
212	1	189	003
2056	15	4988	003
2090	6	117	003
776	15	5088	003
169	1	173	003
396	6	30	003
211	1	189	003
3193	12	2155	003
1956	6	285	003
2171	6	117	003
2003	6	2038	003
2030	6	2045	003
4723	14	3496	003
40	6	2114	003
2693	12	28	003
303	1	416	003
8730	23	3026	003
12552	23	12525	003
588	6	1560	003
2903	11	3089	003
205	15	4990	003
3020	23	12514	003
832	1	416	003
2114	15	4988	003
1592	6	2029	003
636	1	172	003
771	6	30	003
2124	6	117	003
1127	1	846	003
509	6	30	003
3143	11	3087	003
8824	23	2977	003
1478	1	114	003
2089	6	117	003
734	15	4977	003
6414	23	2935	003
100	6	30	003
2207	12	2155	003
2071	6	30	003
44	6	30	003
1588	6	30	003
191	1	30	003
2020	6	2045	003
3230	12	117	004
2097	6	30	004
206	1	207	004
2156	6	30	004
431	1	189	004
199	1	189	004
215	1	189	004
197	1	189	004
5308	15	5088	004
2169	6	29	004
492	1	493	004
3231	12	29	004
811	1	416	004
776	1	493	004
2047	6	171	004
169	6	173	004
1850	23	2951	004
55	6	30	004
3806	14	3715	004
1970	6	2084	004
2015	6	117	004
2079	6	30	004
2080	6	117	004
702	6	28	004
1894	23	2920	004
3219	12	2027	004
229	15	4988	004
494	1	28	004
1502	1	416	004
3242	12	2009	004
213	1	189	004
8516	23	2981	004
610	1	416	004
443	1	416	004
717	1	636	004
473	1	416	004
5133	15	5088	004
831	1	416	004
613	1	416	004
178	6	117	004
845	1	28	004
1133	6	1134	004
1394	6	115	004
6414	23	2935	004
284	1	285	004
846	1	397	004
428	15	5049	004
114	1	117	004
2105	6	30	004
85	6	117	004
1644	1	207	004
2530	14	3431	004
198	1	189	004
178	1	179	004
8301	23	3060	004
4046	14	3496	004
188	1	189	004
172	1	402	004
818	1	416	004
205	6	2038	004
3053	23	12505	004
1975	6	2008	004
598	6	30	004
812	1	416	004
1871	12	2155	004
3172	23	3027	004
25	15	5024	004
2301	23	2951	004
196	1	189	004
675	15	4990	004
2130	6	2045	004
2207	23	12514	004
2085	15	5057	004
2140	6	2045	004
2113	6	29	004
810	1	416	004
720	1	28	004
711	1	28	004
310	15	5088	004
284	6	285	004
1912	6	2179	004
88	6	30	004
659	1	341	004
3190	12	2084	004
675	15	5120	004
822	1	416	004
88	1	90	004
702	1	28	004
658	1	173	004
25	15	4990	004
25	6	30	004
578	1	28	004
1110	15	5120	004
3214	12	2082	004
3237	12	117	004
44	5	25	004
3224	12	117	004
260	1	189	004
195	1	189	004
1133	15	4990	004
630	6	30	004
2126	6	2045	004
2159	6	30	004
2301	23	12535	004
734	15	4977	004
800	1	416	004
1850	23	2951	004
3101	11	3102	004
205	1	207	004
759	1	28	004
492	15	5088	004
509	15	4977	004
597	15	5088	004
1133	1	1134	004
3064	23	12505	004
3209	12	30	004
2049	6	30	004
1957	6	2056	004
1930	15	4977	004
3232	12	29	004
1100	6	28	004
19	6	2045	004
8730	23	2951	004
2014	15	5057	004
3414	14	3415	004
2082	15	4988	004
5348	15	5088	004
3228	12	117	004
769	1	28	004
415	1	416	004
191	6	30	004
2675	9	2476	004
212	1	189	004
2056	15	4988	004
2090	6	117	004
776	15	5088	004
169	1	173	004
396	6	30	004
211	1	189	004
3193	12	2155	004
1956	6	285	004
2171	6	117	004
2003	6	2038	004
2030	6	2045	004
4723	14	3496	004
40	6	2114	004
2693	12	28	004
303	1	416	004
8730	23	3026	004
12552	23	12525	004
588	6	1560	004
2903	11	3089	004
205	15	4990	004
3020	23	12514	004
832	1	416	004
2114	15	4988	004
1592	6	2029	004
636	1	172	004
771	6	30	004
2124	6	117	004
1127	1	846	004
509	6	30	004
3143	11	3087	004
8824	23	2977	004
1478	1	114	004
2089	6	117	004
734	15	4977	004
6414	23	2935	004
100	6	30	004
2207	12	2155	004
2071	6	30	004
44	6	30	004
1588	6	30	004
191	1	30	004
2020	6	2045	004
3230	12	117	005
2097	6	30	005
206	1	207	005
2156	6	30	005
431	1	189	005
199	1	189	005
215	1	189	005
197	1	189	005
5308	15	5088	005
2169	6	29	005
492	1	493	005
3231	12	29	005
811	1	416	005
776	1	493	005
2047	6	171	005
169	6	173	005
1850	23	2951	005
55	6	30	005
3806	14	3715	005
1970	6	2084	005
2015	6	117	005
2079	6	30	005
2080	6	117	005
702	6	28	005
1894	23	2920	005
3219	12	2027	005
229	15	4988	005
494	1	28	005
1502	1	416	005
3242	12	2009	005
213	1	189	005
8516	23	2981	005
610	1	416	005
443	1	416	005
717	1	636	005
473	1	416	005
5133	15	5088	005
831	1	416	005
613	1	416	005
178	6	117	005
845	1	28	005
1133	6	1134	005
1394	6	115	005
6414	23	2935	005
284	1	285	005
846	1	397	005
428	15	5049	005
114	1	117	005
2105	6	30	005
85	6	117	005
1644	1	207	005
2530	14	3431	005
198	1	189	005
178	1	179	005
8301	23	3060	005
4046	14	3496	005
188	1	189	005
172	1	402	005
818	1	416	005
205	6	2038	005
3053	23	12505	005
1975	6	2008	005
598	6	30	005
812	1	416	005
1871	12	2155	005
3172	23	3027	005
25	15	5024	005
2301	23	2951	005
196	1	189	005
675	15	4990	005
2130	6	2045	005
2207	23	12514	005
2085	15	5057	005
2140	6	2045	005
2113	6	29	005
810	1	416	005
720	1	28	005
711	1	28	005
310	15	5088	005
284	6	285	005
1912	6	2179	005
88	6	30	005
659	1	341	005
3190	12	2084	005
675	15	5120	005
822	1	416	005
88	1	90	005
702	1	28	005
658	1	173	005
25	15	4990	005
25	6	30	005
578	1	28	005
1110	15	5120	005
3214	12	2082	005
3237	12	117	005
44	5	25	005
3224	12	117	005
260	1	189	005
195	1	189	005
1133	15	4990	005
630	6	30	005
2126	6	2045	005
2159	6	30	005
2301	23	12535	005
734	15	4977	005
800	1	416	005
1850	23	2951	005
3101	11	3102	005
205	1	207	005
759	1	28	005
492	15	5088	005
509	15	4977	005
597	15	5088	005
1133	1	1134	005
3064	23	12505	005
3209	12	30	005
2049	6	30	005
1957	6	2056	005
1930	15	4977	005
3232	12	29	005
1100	6	28	005
19	6	2045	005
8730	23	2951	005
2014	15	5057	005
3414	14	3415	005
2082	15	4988	005
5348	15	5088	005
3228	12	117	005
769	1	28	005
415	1	416	005
191	6	30	005
2675	9	2476	005
212	1	189	005
2056	15	4988	005
2090	6	117	005
776	15	5088	005
169	1	173	005
396	6	30	005
211	1	189	005
3193	12	2155	005
1956	6	285	005
2171	6	117	005
2003	6	2038	005
2030	6	2045	005
4723	14	3496	005
40	6	2114	005
2693	12	28	005
303	1	416	005
8730	23	3026	005
12552	23	12525	005
588	6	1560	005
2903	11	3089	005
205	15	4990	005
3020	23	12514	005
832	1	416	005
2114	15	4988	005
1592	6	2029	005
636	1	172	005
771	6	30	005
2124	6	117	005
1127	1	846	005
509	6	30	005
3143	11	3087	005
8824	23	2977	005
1478	1	114	005
2089	6	117	005
734	15	4977	005
6414	23	2935	005
100	6	30	005
2207	12	2155	005
2071	6	30	005
44	6	30	005
1588	6	30	005
191	1	30	005
2020	6	2045	005
3230	12	117	006
2097	6	30	006
206	1	207	006
2156	6	30	006
431	1	189	006
199	1	189	006
215	1	189	006
197	1	189	006
5308	15	5088	006
2169	6	29	006
492	1	493	006
3231	12	29	006
2681	14	4880	006
811	1	416	006
776	1	493	006
2047	6	171	006
169	6	173	006
1850	23	2951	006
55	6	30	006
3806	14	3715	006
1970	6	2084	006
2015	6	117	006
2079	6	30	006
2080	6	117	006
702	6	28	006
1894	23	2920	006
3219	12	2027	006
229	15	4988	006
494	1	28	006
1502	1	416	006
3242	12	2009	006
213	1	189	006
8516	23	2981	006
610	1	416	006
443	1	416	006
717	1	636	006
4046	14	3495	006
473	1	416	006
5133	15	5088	006
831	1	416	006
613	1	416	006
178	6	117	006
845	1	28	006
1133	6	1134	006
1394	6	115	006
6414	23	2935	006
284	1	285	006
846	1	397	006
428	15	5049	006
114	1	117	006
2105	6	30	006
85	6	117	006
1644	1	207	006
2530	14	3431	006
198	1	189	006
178	1	179	006
8301	23	3060	006
4046	14	3496	006
188	1	189	006
172	1	402	006
818	1	416	006
205	6	2038	006
3053	23	12505	006
1975	6	2008	006
598	6	30	006
812	1	416	006
1871	12	2155	006
3172	23	3027	006
25	15	5024	006
2301	23	2951	006
196	1	189	006
675	15	4990	006
2130	6	2045	006
2207	23	12514	006
2085	15	5057	006
2140	6	2045	006
2113	6	29	006
810	1	416	006
720	1	28	006
711	1	28	006
310	15	5088	006
284	6	285	006
1912	6	2179	006
88	6	30	006
659	1	341	006
3190	12	2084	006
675	15	5120	006
822	1	416	006
88	1	90	006
702	1	28	006
658	1	173	006
25	15	4990	006
25	6	30	006
578	1	28	006
1110	15	5120	006
3214	12	2082	006
3237	12	117	006
44	5	25	006
3224	12	117	006
260	1	189	006
195	1	189	006
1133	15	4990	006
630	6	30	006
2126	6	2045	006
2159	6	30	006
2301	23	12535	006
734	15	4977	006
800	1	416	006
1850	23	2951	006
3101	11	3102	006
205	1	207	006
759	1	28	006
492	15	5088	006
509	15	4977	006
597	15	5088	006
1133	1	1134	006
3064	23	12505	006
3209	12	30	006
2049	6	30	006
1957	6	2056	006
1930	15	4977	006
3232	12	29	006
1100	6	28	006
19	6	2045	006
8730	23	2951	006
2014	15	5057	006
3414	14	3415	006
2082	15	4988	006
5348	15	5088	006
3228	12	117	006
769	1	28	006
415	1	416	006
191	6	30	006
2675	9	2476	006
212	1	189	006
2056	15	4988	006
2090	6	117	006
776	15	5088	006
169	1	173	006
396	6	30	006
211	1	189	006
3193	12	2155	006
1956	6	285	006
2171	6	117	006
2003	6	2038	006
2030	6	2045	006
4723	14	3496	006
40	6	2114	006
2693	12	28	006
303	1	416	006
8730	23	3026	006
12552	23	12525	006
588	6	1560	006
2903	11	3089	006
205	15	4990	006
3020	23	12514	006
832	1	416	006
2114	15	4988	006
1592	6	2029	006
636	1	172	006
771	6	30	006
2124	6	117	006
1127	1	846	006
509	6	30	006
3143	11	3087	006
8824	23	2977	006
1478	1	114	006
2089	6	117	006
734	15	4977	006
6414	23	2935	006
100	6	30	006
2207	12	2155	006
2071	6	30	006
44	6	30	006
1588	6	30	006
191	1	30	006
2020	6	2045	006
3230	12	117	007
2097	6	30	007
206	1	207	007
2156	6	30	007
431	1	189	007
199	1	189	007
215	1	189	007
197	1	189	007
5308	15	5088	007
2169	6	29	007
492	1	493	007
3231	12	29	007
2681	14	4880	007
811	1	416	007
776	1	493	007
2047	6	171	007
169	6	173	007
1850	23	2951	007
55	6	30	007
3806	14	3715	007
1970	6	2084	007
2015	6	117	007
2079	6	30	007
2080	6	117	007
702	6	28	007
1894	23	2920	007
3219	12	2027	007
229	15	4988	007
494	1	28	007
1502	1	416	007
3242	12	2009	007
213	1	189	007
8516	23	2981	007
610	1	416	007
443	1	416	007
717	1	636	007
4046	14	3495	007
473	1	416	007
5133	15	5088	007
831	1	416	007
613	1	416	007
178	6	117	007
845	1	28	007
1133	6	1134	007
1394	6	115	007
6414	23	2935	007
284	1	285	007
846	1	397	007
428	15	5049	007
114	1	117	007
2105	6	30	007
85	6	117	007
1644	1	207	007
2530	14	3431	007
198	1	189	007
178	1	179	007
8301	23	3060	007
188	1	189	007
172	1	402	007
818	1	416	007
205	6	2038	007
3053	23	12505	007
1975	6	2008	007
598	6	30	007
812	1	416	007
588	6	30	007
1871	12	2155	007
3172	23	3027	007
25	15	5024	007
2301	23	2951	007
196	1	189	007
675	15	4990	007
2130	6	2045	007
2207	23	12514	007
2085	15	5057	007
2140	6	2045	007
2113	6	29	007
810	1	416	007
720	1	28	007
711	1	28	007
310	15	5088	007
284	6	285	007
1912	6	2179	007
88	6	30	007
659	1	341	007
3190	12	2084	007
675	15	5120	007
822	1	416	007
88	1	90	007
702	1	28	007
658	1	173	007
25	15	4990	007
25	6	30	007
578	1	28	007
1110	15	5120	007
3214	12	2082	007
3237	12	117	007
44	5	25	007
3224	12	117	007
260	1	189	007
195	1	189	007
1133	15	4990	007
630	6	30	007
2126	6	2045	007
2159	6	30	007
2301	23	12535	007
734	15	4977	007
800	1	416	007
1850	23	2951	007
3101	11	3102	007
205	1	207	007
759	1	28	007
492	15	5088	007
509	15	4977	007
597	15	5088	007
1133	1	1134	007
3064	23	12505	007
3209	12	30	007
2049	6	30	007
1957	6	2056	007
1930	15	4977	007
3232	12	29	007
1100	6	28	007
19	6	2045	007
8730	23	2951	007
2014	15	5057	007
3414	14	3415	007
2082	15	4988	007
5348	15	5088	007
3228	12	117	007
769	1	28	007
415	1	416	007
191	6	30	007
2675	9	2476	007
212	1	189	007
2056	15	4988	007
2090	6	117	007
776	15	5088	007
169	1	173	007
396	6	30	007
211	1	189	007
3193	12	2155	007
1956	6	285	007
2171	6	117	007
2003	6	2038	007
2030	6	2045	007
4723	14	3496	007
40	6	2114	007
2693	12	28	007
303	1	416	007
8730	23	3026	007
12552	23	12525	007
588	6	1560	007
2903	11	3089	007
205	15	4990	007
3020	23	12514	007
832	1	416	007
2114	15	4988	007
1592	6	2029	007
636	1	172	007
771	6	30	007
2124	6	117	007
1127	1	846	007
509	6	30	007
3143	11	3087	007
8824	23	2977	007
1478	1	114	007
2089	6	117	007
734	15	4977	007
6414	23	2935	007
100	6	30	007
2207	12	2155	007
2071	6	30	007
44	6	30	007
1588	6	30	007
191	1	30	007
2020	6	2045	007
3230	12	117	008
2097	6	30	008
206	1	207	008
2156	6	30	008
431	1	189	008
199	1	189	008
215	1	189	008
197	1	189	008
5308	15	5088	008
2169	6	29	008
492	1	493	008
3231	12	29	008
2681	14	4880	008
811	1	416	008
776	1	493	008
2047	6	171	008
169	6	173	008
1850	23	2951	008
55	6	30	008
3806	14	3715	008
1970	6	2084	008
2015	6	117	008
2079	6	30	008
2080	6	117	008
702	6	28	008
1894	23	2920	008
3219	12	2027	008
229	15	4988	008
494	1	28	008
1502	1	416	008
3242	12	2009	008
213	1	189	008
8516	23	2981	008
610	1	416	008
443	1	416	008
717	1	636	008
4046	14	3495	008
473	1	416	008
5133	15	5088	008
831	1	416	008
613	1	416	008
178	6	117	008
845	1	28	008
1133	6	1134	008
1394	6	115	008
6414	23	2935	008
284	1	285	008
846	1	397	008
428	15	5049	008
114	1	117	008
2105	6	30	008
85	6	117	008
1644	1	207	008
2530	14	3431	008
198	1	189	008
178	1	179	008
8301	23	3060	008
188	1	189	008
172	1	402	008
818	1	416	008
205	6	2038	008
3053	23	12505	008
1975	6	2008	008
598	6	30	008
812	1	416	008
588	6	30	008
1871	12	2155	008
3172	23	3027	008
25	15	5024	008
2301	23	2951	008
196	1	189	008
675	15	4990	008
2130	6	2045	008
2207	23	12514	008
2085	15	5057	008
2140	6	2045	008
2113	6	29	008
810	1	416	008
720	1	28	008
711	1	28	008
310	15	5088	008
284	6	285	008
1912	6	2179	008
88	6	30	008
659	1	341	008
3190	12	2084	008
675	15	5120	008
822	1	416	008
88	1	90	008
702	1	28	008
658	1	173	008
25	15	4990	008
25	6	30	008
578	1	28	008
1110	15	5120	008
3214	12	2082	008
3237	12	117	008
44	5	25	008
3224	12	117	008
260	1	189	008
195	1	189	008
1133	15	4990	008
630	6	30	008
2126	6	2045	008
2159	6	30	008
2301	23	12535	008
734	15	4977	008
800	1	416	008
1850	23	2951	008
3101	11	3102	008
205	1	207	008
759	1	28	008
492	15	5088	008
509	15	4977	008
597	15	5088	008
3064	23	12505	008
3209	12	30	008
2049	6	30	008
1930	15	4977	008
3232	12	29	008
1100	6	28	008
19	6	2045	008
8730	23	2951	008
2014	15	5057	008
3414	14	3415	008
2082	15	4988	008
5348	15	5088	008
3228	12	117	008
769	1	28	008
415	1	416	008
191	6	30	008
2675	9	2476	008
212	1	189	008
2056	15	4988	008
2090	6	117	008
776	15	5088	008
169	1	173	008
396	6	30	008
211	1	189	008
3193	12	2155	008
1956	6	285	008
2171	6	117	008
2003	6	2038	008
2030	6	2045	008
40	6	2114	008
2693	12	28	008
1957	6	2055	008
303	1	416	008
8730	23	3026	008
12552	23	12525	008
2903	11	3089	008
205	15	4990	008
3020	23	12514	008
832	1	416	008
2114	15	4988	008
1592	6	2029	008
636	1	172	008
771	6	30	008
2124	6	117	008
1127	1	846	008
509	6	30	008
3143	11	3087	008
8824	23	2977	008
1478	1	114	008
2089	6	117	008
734	15	4977	008
6414	23	2935	008
100	6	30	008
2207	12	2155	008
2071	6	30	008
44	6	30	008
1588	6	30	008
191	1	30	008
2020	6	2045	008
3230	12	117	009
2097	6	30	009
206	1	207	009
2156	6	30	009
431	1	189	009
199	1	189	009
215	1	189	009
197	1	189	009
5308	15	5088	009
2169	6	29	009
492	1	493	009
3231	12	29	009
2681	14	4880	009
811	1	416	009
776	1	493	009
2047	6	171	009
169	6	173	009
1850	23	2951	009
55	6	30	009
1970	6	2084	009
2015	6	117	009
2079	6	30	009
2080	6	117	009
702	6	28	009
1894	23	2920	009
3219	12	2027	009
229	15	4988	009
494	1	28	009
1502	1	416	009
3242	12	2009	009
213	1	189	009
8516	23	2981	009
610	1	416	009
443	1	416	009
717	1	636	009
4046	14	3495	009
473	1	416	009
5133	15	5088	009
831	1	416	009
613	1	416	009
178	6	117	009
845	1	28	009
1133	6	1134	009
1394	6	115	009
6414	23	2935	009
284	1	285	009
846	1	397	009
114	1	117	009
2105	6	30	009
85	6	117	009
1644	1	207	009
2530	14	3431	009
198	1	189	009
178	1	179	009
8301	23	3060	009
188	1	189	009
1133	6	30	009
172	1	402	009
818	1	416	009
205	6	2038	009
3053	23	12505	009
1975	6	2008	009
598	6	30	009
812	1	416	009
588	6	30	009
1871	12	2155	009
3172	23	3027	009
25	15	5024	009
2301	23	2951	009
196	1	189	009
675	15	4990	009
2130	6	2045	009
2207	23	12514	009
2085	15	5057	009
2140	6	2045	009
2113	6	29	009
810	1	416	009
720	1	28	009
711	1	28	009
310	15	5088	009
284	6	285	009
1912	6	2179	009
88	6	30	009
659	1	341	009
3190	12	2084	009
675	15	5120	009
822	1	416	009
88	1	90	009
702	1	28	009
658	1	173	009
25	15	4990	009
25	6	30	009
578	1	28	009
1110	15	5120	009
3214	12	2082	009
3237	12	117	009
44	5	25	009
3224	12	117	009
260	1	189	009
195	1	189	009
1133	15	4990	009
630	6	30	009
2126	6	2045	009
2159	6	30	009
2301	23	12535	009
734	15	4977	009
800	1	416	009
1850	23	2951	009
3101	11	3102	009
205	1	207	009
759	1	28	009
492	15	5088	009
509	15	4977	009
1592	6	30	009
597	15	5088	009
3064	23	12505	009
3209	12	30	009
2049	6	30	009
1930	15	4977	009
3232	12	29	009
1100	6	28	009
19	6	2045	009
8730	23	2951	009
2014	15	5057	009
3414	14	3415	009
2082	15	4988	009
2702	9	2705	009
5348	15	5088	009
3228	12	117	009
769	1	28	009
415	1	416	009
191	6	30	009
2675	9	2476	009
212	1	189	009
2056	15	4988	009
2090	6	117	009
776	15	5088	009
169	1	173	009
396	6	30	009
211	1	189	009
3193	12	2155	009
1956	6	285	009
2171	6	117	009
2003	6	2038	009
2030	6	2045	009
40	6	2114	009
2693	12	28	009
1957	6	2055	009
303	1	416	009
8730	23	3026	009
12552	23	12525	009
2681	14	4574	009
2903	11	3089	009
205	15	4990	009
3020	23	12514	009
832	1	416	009
2114	15	4988	009
1592	6	2029	009
636	1	172	009
771	6	30	009
2124	6	117	009
1127	1	846	009
509	6	30	009
3143	11	3087	009
8824	23	2977	009
1478	1	114	009
2089	6	117	009
734	15	4977	009
6414	23	2935	009
100	6	30	009
2207	12	2155	009
2071	6	30	009
44	6	30	009
1588	6	30	009
191	1	30	009
2020	6	2045	009
3230	12	117	010
2097	6	30	010
206	1	207	010
2156	6	30	010
431	1	189	010
199	1	189	010
215	1	189	010
197	1	189	010
5308	15	5088	010
2169	6	29	010
492	1	493	010
3231	12	29	010
811	1	416	010
776	1	493	010
2047	6	171	010
169	6	173	010
1850	23	2951	010
55	6	30	010
1970	6	2084	010
2015	6	117	010
2079	6	30	010
2080	6	117	010
702	6	28	010
1894	23	2920	010
3219	12	2027	010
229	15	4988	010
494	1	28	010
1502	1	416	010
3242	12	2009	010
213	1	189	010
8516	23	2981	010
610	1	416	010
443	1	416	010
717	1	636	010
4046	14	3495	010
473	1	416	010
5133	15	5088	010
831	1	416	010
613	1	416	010
178	6	117	010
845	1	28	010
1394	6	115	010
6414	23	2935	010
284	1	285	010
846	1	397	010
114	1	117	010
2105	6	30	010
921	6	30	010
85	6	117	010
1644	1	207	010
2530	14	3431	010
198	1	189	010
178	1	179	010
8301	23	3060	010
188	1	189	010
1133	6	30	010
172	1	402	010
818	1	416	010
205	6	2038	010
919	1	921	010
3053	23	12505	010
1975	6	2008	010
598	6	30	010
812	1	416	010
588	6	30	010
1871	12	2155	010
3172	23	3027	010
1057	1	30	010
25	15	5024	010
2301	23	2951	010
196	1	189	010
675	15	4990	010
2130	6	2045	010
2207	23	12514	010
2085	15	5057	010
2140	6	2045	010
921	1	30	010
2113	6	29	010
810	1	416	010
720	1	28	010
711	1	28	010
310	15	5088	010
284	6	285	010
1912	6	2179	010
88	6	30	010
659	1	341	010
3190	12	2084	010
675	15	5120	010
822	1	416	010
88	1	90	010
702	1	28	010
658	1	173	010
25	15	4990	010
25	6	30	010
578	1	28	010
1110	15	5120	010
83	1	262	010
3214	12	2082	010
3237	12	117	010
44	5	25	010
3224	12	117	010
260	1	189	010
195	1	189	010
1133	15	4990	010
630	6	30	010
2126	6	2045	010
2159	6	30	010
2301	23	12535	010
734	15	4977	010
800	1	416	010
1850	23	2951	010
3101	11	3102	010
205	1	207	010
759	1	28	010
492	15	5088	010
509	15	4977	010
1592	6	30	010
597	15	5088	010
3064	23	12505	010
3209	12	30	010
2049	6	30	010
1930	15	4977	010
3232	12	29	010
1100	6	28	010
19	6	2045	010
8730	23	2951	010
2014	15	5057	010
3414	14	3415	010
2082	15	4988	010
2702	9	2705	010
5348	15	5088	010
3228	12	117	010
769	1	28	010
415	1	416	010
191	6	30	010
2675	9	2476	010
212	1	189	010
2056	15	4988	010
2090	6	117	010
776	15	5088	010
169	1	173	010
396	6	30	010
211	1	189	010
3193	12	2155	010
1956	6	285	010
2171	6	117	010
2003	6	2038	010
2030	6	2045	010
2693	12	28	010
1957	6	2055	010
303	1	416	010
8730	23	3026	010
12552	23	12525	010
2903	11	3089	010
205	15	4990	010
3020	23	12514	010
832	1	416	010
636	1	172	010
771	6	30	010
2124	6	117	010
1127	1	846	010
509	6	30	010
3143	11	3087	010
8824	23	2977	010
1478	1	114	010
2089	6	117	010
734	15	4977	010
6414	23	2935	010
100	6	30	010
2207	12	2155	010
2071	6	30	010
44	6	30	010
1588	6	30	010
1588	1	262	010
191	1	30	010
2020	6	2045	010
3230	12	117	011
2097	6	30	011
206	1	207	011
2156	6	30	011
431	1	189	011
199	1	189	011
215	1	189	011
197	1	189	011
5308	15	5088	011
2169	6	29	011
492	1	493	011
3231	12	29	011
811	1	416	011
776	1	493	011
2047	6	171	011
169	6	173	011
1850	23	2951	011
55	6	30	011
1970	6	2084	011
2015	6	117	011
2079	6	30	011
2080	6	117	011
702	6	28	011
1894	23	2920	011
3219	12	2027	011
229	15	4988	011
284	6	2055	011
494	1	28	011
1502	1	416	011
3242	12	2009	011
213	1	189	011
8516	23	2981	011
610	1	416	011
443	1	416	011
717	1	636	011
4046	14	3495	011
473	1	416	011
5133	15	5088	011
831	1	416	011
613	1	416	011
178	6	117	011
845	1	28	011
1394	6	115	011
6414	23	2935	011
284	1	285	011
846	1	397	011
114	1	117	011
2105	6	30	011
921	6	30	011
85	6	117	011
1644	1	207	011
2530	14	3431	011
198	1	189	011
178	1	179	011
8301	23	3060	011
188	1	189	011
1133	6	30	011
172	1	402	011
818	1	416	011
205	6	2038	011
919	1	921	011
3053	23	12505	011
1975	6	2008	011
598	6	30	011
812	1	416	011
588	6	30	011
1871	12	2155	011
3172	23	3027	011
1057	1	30	011
25	15	5024	011
2301	23	2951	011
196	1	189	011
675	15	4990	011
2130	6	2045	011
2207	23	12514	011
2085	15	5057	011
2140	6	2045	011
4832	14	4042	011
921	1	30	011
2113	6	29	011
810	1	416	011
720	1	28	011
711	1	28	011
310	15	5088	011
284	6	285	011
1912	6	2179	011
88	6	30	011
659	1	341	011
3190	12	2084	011
675	15	5120	011
822	1	416	011
88	1	90	011
702	1	28	011
658	1	173	011
25	15	4990	011
25	6	30	011
578	1	28	011
1110	15	5120	011
83	1	262	011
3214	12	2082	011
3237	12	117	011
44	5	25	011
3224	12	117	011
260	1	189	011
195	1	189	011
1133	15	4990	011
630	6	30	011
2126	6	2045	011
2681	14	4574	011
2159	6	30	011
2301	23	12535	011
734	15	4977	011
800	1	416	011
1850	23	2951	011
3101	11	3102	011
205	1	207	011
759	1	28	011
492	15	5088	011
509	15	4977	011
1592	6	30	011
597	15	5088	011
1956	6	2045	011
3064	23	12505	011
3209	12	30	011
2049	6	30	011
1930	15	4977	011
3232	12	29	011
1100	6	28	011
19	6	2045	011
8730	23	2951	011
2014	15	5057	011
3414	14	3415	011
2082	15	4988	011
2702	9	2705	011
5348	15	5088	011
3228	12	117	011
769	1	28	011
415	1	416	011
191	6	30	011
2675	9	2476	011
212	1	189	011
284	6	2045	011
2056	15	4988	011
2090	6	117	011
776	15	5088	011
169	1	173	011
396	6	30	011
211	1	189	011
3193	12	2155	011
1956	6	285	011
2171	6	117	011
2003	6	2038	011
2030	6	2045	011
2693	12	28	011
1957	6	2055	011
303	1	416	011
428	6	2055	011
8730	23	3026	011
12552	23	12525	011
2903	11	3089	011
205	15	4990	011
3020	23	12514	011
832	1	416	011
636	1	172	011
771	6	30	011
2124	6	117	011
1127	1	846	011
509	6	30	011
3143	11	3087	011
8824	23	2977	011
1478	1	114	011
2089	6	117	011
734	15	4977	011
6414	23	2935	011
100	6	30	011
2207	12	2155	011
2071	6	30	011
44	6	30	011
1588	6	30	011
1588	1	262	011
191	1	30	011
2020	6	2045	011
3230	12	117	012
2097	6	30	012
206	1	207	012
2156	6	30	012
431	1	189	012
199	1	189	012
215	1	189	012
197	1	189	012
5308	15	5088	012
2169	6	29	012
492	1	493	012
3231	12	29	012
811	1	416	012
776	1	493	012
2047	6	171	012
169	6	173	012
1850	23	2951	012
55	6	30	012
1970	6	2084	012
2015	6	117	012
2079	6	30	012
2080	6	117	012
702	6	28	012
1894	23	2920	012
3219	12	2027	012
229	15	4988	012
494	1	28	012
1502	1	416	012
3242	12	2009	012
213	1	189	012
8516	23	2981	012
610	1	416	012
443	1	416	012
717	1	636	012
4046	14	3495	012
473	1	416	012
5133	15	5088	012
831	1	416	012
613	1	416	012
178	6	117	012
845	1	28	012
1394	6	115	012
6414	23	2935	012
846	1	397	012
114	1	117	012
2105	6	30	012
921	6	30	012
85	6	117	012
1644	1	207	012
2530	14	3431	012
198	1	189	012
178	1	179	012
8301	23	3060	012
188	1	189	012
1133	6	30	012
172	1	402	012
818	1	416	012
205	6	2038	012
919	1	921	012
3053	23	12505	012
1975	6	2008	012
598	6	30	012
812	1	416	012
588	6	30	012
1871	12	2155	012
3172	23	3027	012
1057	1	30	012
25	15	5024	012
2301	23	2951	012
196	1	189	012
675	15	4990	012
2130	6	2045	012
2207	23	12514	012
2085	15	5057	012
2140	6	2045	012
4832	14	4042	012
921	1	30	012
2113	6	29	012
810	1	416	012
720	1	28	012
711	1	28	012
310	15	5088	012
1912	6	2179	012
88	6	30	012
659	1	341	012
3190	12	2084	012
675	15	5120	012
822	1	416	012
88	1	90	012
702	1	28	012
658	1	173	012
25	15	4990	012
25	6	30	012
578	1	28	012
1110	15	5120	012
83	1	262	012
3214	12	2082	012
3237	12	117	012
44	5	25	012
3224	12	117	012
260	1	189	012
195	1	189	012
1133	15	4990	012
630	6	30	012
2126	6	2045	012
2159	6	30	012
2301	23	12535	012
734	15	4977	012
800	1	416	012
1850	23	2951	012
3101	11	3102	012
205	1	207	012
759	1	28	012
492	15	5088	012
509	15	4977	012
1592	6	30	012
597	15	5088	012
1956	6	2045	012
3064	23	12505	012
3209	12	30	012
2049	6	30	012
1930	15	4977	012
3232	12	29	012
1100	6	28	012
19	6	2045	012
8730	23	2951	012
2014	15	5057	012
2082	15	4988	012
2702	9	2705	012
5348	15	5088	012
3228	12	117	012
769	1	28	012
415	1	416	012
191	6	30	012
2675	9	2476	012
212	1	189	012
284	6	2045	012
2056	15	4988	012
2090	6	117	012
776	15	5088	012
169	1	173	012
396	6	30	012
211	1	189	012
3193	12	2155	012
2171	6	117	012
2003	6	2038	012
2030	6	2045	012
2693	12	28	012
1957	6	2055	012
303	1	416	012
428	6	2055	012
8730	23	3026	012
12552	23	12525	012
2903	11	3089	012
205	15	4990	012
3020	23	12514	012
832	1	416	012
636	1	172	012
771	6	30	012
2124	6	117	012
1127	1	846	012
509	6	30	012
3143	11	3087	012
8824	23	2977	012
1478	1	114	012
2089	6	117	012
734	15	4977	012
6414	23	2935	012
100	6	30	012
2207	12	2155	012
2071	6	30	012
44	6	30	012
1588	6	30	012
1588	1	262	012
191	1	30	012
2020	6	2045	012
3230	12	117	013
2097	6	30	013
206	1	207	013
2156	6	30	013
431	1	189	013
199	1	189	013
215	1	189	013
197	1	189	013
5308	15	5088	013
2169	6	29	013
492	1	493	013
3231	12	29	013
811	1	416	013
776	1	493	013
2047	6	171	013
169	6	173	013
1850	23	2951	013
55	6	30	013
1970	6	2084	013
2015	6	117	013
2079	6	30	013
2080	6	117	013
702	6	28	013
1894	23	2920	013
3219	12	2027	013
229	15	4988	013
494	1	28	013
1502	1	416	013
3242	12	2009	013
213	1	189	013
8516	23	2981	013
610	1	416	013
443	1	416	013
717	1	636	013
4046	14	3495	013
473	1	416	013
5133	15	5088	013
831	1	416	013
613	1	416	013
178	6	117	013
845	1	28	013
1394	6	115	013
6414	23	2935	013
846	1	397	013
114	1	117	013
2105	6	30	013
921	6	30	013
85	6	117	013
1644	1	207	013
2530	14	3431	013
198	1	189	013
178	1	179	013
8301	23	3060	013
188	1	189	013
1133	6	30	013
172	1	402	013
818	1	416	013
205	6	2038	013
919	1	921	013
3053	23	12505	013
1975	6	2008	013
598	6	30	013
812	1	416	013
588	6	30	013
1871	12	2155	013
3172	23	3027	013
1057	1	30	013
25	15	5024	013
2301	23	2951	013
196	1	189	013
675	15	4990	013
2130	6	2045	013
2207	23	12514	013
2085	15	5057	013
2140	6	2045	013
4832	14	4042	013
921	1	30	013
2113	6	29	013
810	1	416	013
720	1	28	013
711	1	28	013
310	15	5088	013
1912	6	2179	013
2681	14	4574	013
88	6	30	013
659	1	341	013
3190	12	2084	013
675	15	5120	013
822	1	416	013
88	1	90	013
702	1	28	013
658	1	173	013
25	15	4990	013
25	6	30	013
578	1	28	013
1110	15	5120	013
83	1	262	013
3214	12	2082	013
3237	12	117	013
44	5	25	013
3224	12	117	013
260	1	189	013
195	1	189	013
1133	15	4990	013
630	6	30	013
2126	6	2045	013
2159	6	30	013
2301	23	12535	013
734	15	4977	013
800	1	416	013
1850	23	2951	013
3101	11	3102	013
205	1	207	013
759	1	28	013
492	15	5088	013
509	15	4977	013
1592	6	30	013
597	15	5088	013
1956	6	2045	013
3064	23	12505	013
3209	12	30	013
2049	6	30	013
1930	15	4977	013
3232	12	29	013
1100	6	28	013
19	6	2045	013
8730	23	2951	013
2014	15	5057	013
2082	15	4988	013
2702	9	2705	013
5348	15	5088	013
3228	12	117	013
769	1	28	013
415	1	416	013
191	6	30	013
2675	9	2476	013
212	1	189	013
284	6	2045	013
2056	15	4988	013
2090	6	117	013
776	15	5088	013
169	1	173	013
396	6	30	013
211	1	189	013
3193	12	2155	013
2171	6	117	013
2003	6	2038	013
2030	6	2045	013
2693	12	28	013
1957	6	2055	013
303	1	416	013
428	6	2055	013
8730	23	3026	013
12552	23	12525	013
2903	11	3089	013
205	15	4990	013
3020	23	12514	013
832	1	416	013
636	1	172	013
771	6	30	013
2124	6	117	013
1127	1	846	013
509	6	30	013
3143	11	3087	013
8824	23	2977	013
1478	1	114	013
2089	6	117	013
734	15	4977	013
6414	23	2935	013
100	6	30	013
2207	12	2155	013
2071	6	30	013
44	6	30	013
1588	6	30	013
1588	1	262	013
191	1	30	013
2020	6	2045	013
3230	12	117	014
2097	6	30	014
206	1	207	014
2156	6	30	014
431	1	189	014
199	1	189	014
215	1	189	014
197	1	189	014
5308	15	5088	014
2169	6	29	014
492	1	493	014
3231	12	29	014
811	1	416	014
776	1	493	014
2047	6	171	014
169	6	173	014
1850	23	2951	014
55	6	30	014
1970	6	2084	014
2015	6	117	014
2079	6	30	014
2080	6	117	014
702	6	28	014
1894	23	2920	014
3219	12	2027	014
229	15	4988	014
494	1	28	014
1502	1	416	014
3242	12	2009	014
213	1	189	014
8516	23	2981	014
610	1	416	014
443	1	416	014
717	1	636	014
4046	14	3495	014
473	1	416	014
5133	15	5088	014
831	1	416	014
613	1	416	014
178	6	117	014
845	1	28	014
1394	6	115	014
6414	23	2935	014
846	1	397	014
114	1	117	014
2105	6	30	014
921	6	30	014
85	6	117	014
1644	1	207	014
2530	14	3431	014
198	1	189	014
178	1	179	014
8301	23	3060	014
188	1	189	014
1133	6	30	014
172	1	402	014
818	1	416	014
205	6	2038	014
919	1	921	014
3053	23	12505	014
1975	6	2008	014
598	6	30	014
812	1	416	014
588	6	30	014
1871	12	2155	014
3172	23	3027	014
1057	1	30	014
25	15	5024	014
2301	23	2951	014
196	1	189	014
675	15	4990	014
2130	6	2045	014
2207	23	12514	014
2085	15	5057	014
2140	6	2045	014
4832	14	4042	014
921	1	30	014
2113	6	29	014
810	1	416	014
720	1	28	014
711	1	28	014
310	15	5088	014
1912	6	2179	014
2681	14	4574	014
88	6	30	014
659	1	341	014
3190	12	2084	014
675	15	5120	014
822	1	416	014
88	1	90	014
702	1	28	014
658	1	173	014
25	15	4990	014
25	6	30	014
578	1	28	014
1110	15	5120	014
83	1	262	014
3214	12	2082	014
3237	12	117	014
44	5	25	014
3224	12	117	014
260	1	189	014
195	1	189	014
1133	15	4990	014
630	6	30	014
2126	6	2045	014
2159	6	30	014
2301	23	12535	014
734	15	4977	014
800	1	416	014
1850	23	2951	014
3101	11	3102	014
205	1	207	014
759	1	28	014
492	15	5088	014
509	15	4977	014
1592	6	30	014
597	15	5088	014
1956	6	2045	014
3064	23	12505	014
3209	12	30	014
2049	6	30	014
1930	15	4977	014
3232	12	29	014
1100	6	28	014
19	6	2045	014
8730	23	2951	014
2014	15	5057	014
2082	15	4988	014
2702	9	2705	014
5348	15	5088	014
3228	12	117	014
769	1	28	014
415	1	416	014
191	6	30	014
2675	9	2476	014
212	1	189	014
284	6	2045	014
2056	15	4988	014
2090	6	117	014
776	15	5088	014
169	1	173	014
396	6	30	014
211	1	189	014
3193	12	2155	014
2171	6	117	014
2003	6	2038	014
2030	6	2045	014
2693	12	28	014
1957	6	2055	014
303	1	416	014
428	6	2055	014
8730	23	3026	014
12552	23	12525	014
2903	11	3089	014
205	15	4990	014
3020	23	12514	014
832	1	416	014
636	1	172	014
771	6	30	014
2124	6	117	014
1127	1	846	014
509	6	30	014
3143	11	3087	014
114	1	116	014
8824	23	2977	014
1478	1	114	014
2089	6	117	014
734	15	4977	014
6414	23	2935	014
100	6	30	014
2207	12	2155	014
2071	6	30	014
44	6	30	014
1588	6	30	014
1588	1	262	014
191	1	30	014
2020	6	2045	014
2097	6	30	015
206	1	207	015
2156	6	30	015
431	1	189	015
199	1	189	015
215	1	189	015
197	1	189	015
5308	15	5088	015
2169	6	29	015
492	1	493	015
3231	12	29	015
811	1	416	015
776	1	493	015
2047	6	171	015
169	6	173	015
1850	23	2951	015
55	6	30	015
2089	6	116	015
1970	6	2084	015
3237	12	116	015
2079	6	30	015
702	6	28	015
1894	23	2920	015
3219	12	2027	015
229	15	4988	015
494	1	28	015
1502	1	416	015
3242	12	2009	015
213	1	189	015
8516	23	2981	015
610	1	416	015
443	1	416	015
717	1	636	015
4046	14	3495	015
473	1	416	015
5133	15	5088	015
831	1	416	015
3888	14	3719	015
613	1	416	015
2090	6	116	015
845	1	28	015
2080	6	116	015
1394	6	115	015
6414	23	2935	015
846	1	397	015
2105	6	30	015
921	6	30	015
178	6	116	015
1644	1	207	015
2530	14	3431	015
198	1	189	015
178	1	179	015
8301	23	3060	015
188	1	189	015
1133	6	30	015
172	1	402	015
818	1	416	015
205	6	2038	015
919	1	921	015
3053	23	12505	015
1975	6	2008	015
598	6	30	015
812	1	416	015
588	6	30	015
1871	12	2155	015
3172	23	3027	015
1057	1	30	015
25	15	5024	015
2301	23	2951	015
196	1	189	015
3224	12	116	015
675	15	4990	015
2130	6	2045	015
2207	23	12514	015
2085	15	5057	015
2140	6	2045	015
4832	14	4042	015
921	1	30	015
2113	6	29	015
810	1	416	015
720	1	28	015
711	1	28	015
310	15	5088	015
1912	6	2179	015
88	6	30	015
659	1	341	015
3190	12	2084	015
675	15	5120	015
822	1	416	015
88	1	90	015
702	1	28	015
658	1	173	015
25	15	4990	015
25	6	30	015
578	1	28	015
1110	15	5120	015
83	1	262	015
3214	12	2082	015
3237	12	117	015
44	5	25	015
3224	12	117	015
260	1	189	015
195	1	189	015
1133	15	4990	015
630	6	30	015
2126	6	2045	015
2159	6	30	015
2301	23	12535	015
734	15	4977	015
800	1	416	015
1850	23	2951	015
3101	11	3102	015
205	1	207	015
759	1	28	015
492	15	5088	015
509	15	4977	015
1592	6	30	015
597	15	5088	015
1956	6	2045	015
3064	23	12505	015
3209	12	30	015
2049	6	30	015
3230	12	116	015
1930	15	4977	015
3232	12	29	015
1100	6	28	015
19	6	2045	015
8730	23	2951	015
2014	15	5057	015
2082	15	4988	015
2702	9	2705	015
5348	15	5088	015
3228	12	117	015
769	1	28	015
415	1	416	015
191	6	30	015
2675	9	2476	015
212	1	189	015
2171	6	116	015
284	6	2045	015
2056	15	4988	015
776	15	5088	015
169	1	173	015
396	6	30	015
211	1	189	015
2164	6	116	015
2124	6	116	015
3193	12	2155	015
2003	6	2038	015
2030	6	2045	015
2693	12	28	015
1957	6	2055	015
85	6	116	015
303	1	416	015
428	6	2055	015
8730	23	3026	015
12552	23	12525	015
2903	11	3089	015
205	15	4990	015
3020	23	12514	015
832	1	416	015
636	1	172	015
771	6	30	015
1127	1	846	015
509	6	30	015
3143	11	3087	015
114	1	116	015
8824	23	2977	015
1478	1	114	015
2089	6	117	015
734	15	4977	015
6414	23	2935	015
100	6	30	015
2207	12	2155	015
2071	6	30	015
44	6	30	015
1588	6	30	015
1588	1	262	015
191	1	30	015
2020	6	2045	015
2097	6	30	016
206	1	207	016
2156	6	30	016
431	1	189	016
199	1	189	016
215	1	189	016
197	1	189	016
5308	15	5088	016
2169	6	29	016
492	1	493	016
40	1	41	016
3231	12	29	016
811	1	416	016
776	1	493	016
2047	6	171	016
169	6	173	016
1850	23	2951	016
55	6	30	016
2089	6	116	016
3237	12	116	016
2079	6	30	016
702	6	28	016
1894	23	2920	016
3219	12	2027	016
229	15	4988	016
494	1	28	016
1502	1	416	016
3242	12	2009	016
213	1	189	016
8516	23	2981	016
610	1	416	016
443	1	416	016
717	1	636	016
4046	14	3495	016
473	1	416	016
5133	15	5088	016
831	1	416	016
3888	14	3719	016
613	1	416	016
2090	6	116	016
845	1	28	016
2080	6	116	016
1394	6	115	016
6414	23	2935	016
3888	14	3762	016
846	1	397	016
2105	6	30	016
921	6	30	016
178	6	116	016
1644	1	207	016
2530	14	3431	016
198	1	189	016
178	1	179	016
8301	23	3060	016
188	1	189	016
1133	6	30	016
172	1	402	016
818	1	416	016
205	6	2038	016
919	1	921	016
3053	23	12505	016
1975	6	2008	016
598	6	30	016
812	1	416	016
588	6	30	016
1871	12	2155	016
3172	23	3027	016
1057	1	30	016
25	15	5024	016
2301	23	2951	016
196	1	189	016
3224	12	116	016
675	15	4990	016
2130	6	2045	016
2207	23	12514	016
2085	15	5057	016
2140	6	2045	016
4832	14	4042	016
921	1	30	016
2113	6	29	016
810	1	416	016
720	1	28	016
711	1	28	016
310	15	5088	016
1912	6	2179	016
88	6	30	016
659	1	341	016
3190	12	2084	016
675	15	5120	016
822	1	416	016
88	1	90	016
702	1	28	016
658	1	173	016
25	15	4990	016
25	6	30	016
578	1	28	016
1110	15	5120	016
83	1	262	016
3214	12	2082	016
44	5	25	016
260	1	189	016
195	1	189	016
1133	15	4990	016
630	6	30	016
2126	6	2045	016
2159	6	30	016
2301	23	12535	016
734	15	4977	016
800	1	416	016
1850	23	2951	016
3101	11	3102	016
205	1	207	016
759	1	28	016
492	15	5088	016
509	15	4977	016
1592	6	30	016
597	15	5088	016
1956	6	2045	016
3064	23	12505	016
3209	12	30	016
2049	6	30	016
83	1	809	016
3230	12	116	016
1930	15	4977	016
3232	12	29	016
1100	6	28	016
19	6	2045	016
8730	23	2951	016
2014	15	5057	016
2082	15	4988	016
2702	9	2705	016
5348	15	5088	016
3228	12	117	016
769	1	28	016
415	1	416	016
191	6	30	016
2675	9	2476	016
212	1	189	016
2171	6	116	016
284	6	2045	016
2056	15	4988	016
776	15	5088	016
169	1	173	016
396	6	30	016
211	1	189	016
2164	6	116	016
2124	6	116	016
3193	12	2155	016
2003	6	2038	016
2030	6	2045	016
2693	12	28	016
1957	6	2055	016
85	6	116	016
303	1	416	016
428	6	2055	016
8730	23	3026	016
12552	23	12525	016
2903	11	3089	016
205	15	4990	016
3020	23	12514	016
832	1	416	016
636	1	172	016
771	6	30	016
1127	1	846	016
509	6	30	016
3143	11	3087	016
114	1	116	016
8824	23	2977	016
1478	1	114	016
734	15	4977	016
6414	23	2935	016
100	6	30	016
2207	12	2155	016
2071	6	30	016
44	6	30	016
1588	6	30	016
1588	1	262	016
191	1	30	016
2020	6	2045	016
2097	6	30	017
206	1	207	017
2156	6	30	017
431	1	189	017
199	1	189	017
215	1	189	017
2696	9	2476	017
197	1	189	017
5308	15	5088	017
2074	6	2075	017
2169	6	29	017
492	1	493	017
40	1	41	017
3739	14	3496	017
3231	12	29	017
811	1	416	017
776	1	493	017
2047	6	171	017
169	6	173	017
1850	23	2951	017
55	6	30	017
2089	6	116	017
3237	12	116	017
2079	6	30	017
702	6	28	017
1894	23	2920	017
3219	12	2027	017
229	15	4988	017
494	1	28	017
1502	1	416	017
3242	12	2009	017
213	1	189	017
8516	23	2981	017
610	1	416	017
443	1	416	017
717	1	636	017
4046	14	3495	017
473	1	416	017
5133	15	5088	017
831	1	416	017
613	1	416	017
2090	6	116	017
845	1	28	017
2080	6	116	017
1394	6	115	017
6414	23	2935	017
3888	14	3762	017
846	1	397	017
2105	6	30	017
921	6	30	017
178	6	116	017
1644	1	207	017
2530	14	3431	017
198	1	189	017
178	1	179	017
8301	23	3060	017
188	1	189	017
1133	6	30	017
172	1	402	017
818	1	416	017
205	6	2038	017
919	1	921	017
3053	23	12505	017
1975	6	2008	017
598	6	30	017
812	1	416	017
588	6	30	017
1871	12	2155	017
3172	23	3027	017
1057	1	30	017
25	15	5024	017
2301	23	2951	017
196	1	189	017
3224	12	116	017
675	15	4990	017
2130	6	2045	017
2207	23	12514	017
2085	15	5057	017
2140	6	2045	017
4832	14	4042	017
921	1	30	017
2113	6	29	017
810	1	416	017
720	1	28	017
711	1	28	017
310	15	5088	017
1912	6	2179	017
88	6	30	017
659	1	341	017
3190	12	2084	017
675	15	5120	017
822	1	416	017
88	1	90	017
702	1	28	017
658	1	173	017
25	15	4990	017
25	6	30	017
578	1	28	017
1110	15	5120	017
3214	12	2082	017
44	5	25	017
260	1	189	017
195	1	189	017
1133	15	4990	017
630	6	30	017
2126	6	2045	017
4046	14	3847	017
2159	6	30	017
2301	23	12535	017
734	15	4977	017
800	1	416	017
1850	23	2951	017
3101	11	3102	017
205	1	207	017
759	1	28	017
492	15	5088	017
509	15	4977	017
1592	6	30	017
597	15	5088	017
1956	6	2045	017
3064	23	12505	017
3209	12	30	017
2049	6	30	017
83	1	809	017
3230	12	116	017
1930	15	4977	017
3232	12	29	017
1100	6	28	017
19	6	2045	017
8730	23	2951	017
2014	15	5057	017
2082	15	4988	017
2702	9	2705	017
5348	15	5088	017
3228	12	117	017
769	1	28	017
415	1	416	017
191	6	30	017
2675	9	2476	017
212	1	189	017
2171	6	116	017
284	6	2045	017
2056	15	4988	017
776	15	5088	017
169	1	173	017
396	6	30	017
211	1	189	017
2164	6	116	017
2124	6	116	017
3193	12	2155	017
2003	6	2038	017
2030	6	2045	017
2693	12	28	017
1957	6	2055	017
85	6	116	017
303	1	416	017
428	6	2055	017
8730	23	3026	017
12552	23	12525	017
2903	11	3089	017
205	15	4990	017
3020	23	12514	017
832	1	416	017
636	1	172	017
771	6	30	017
1127	1	846	017
509	6	30	017
3143	11	3087	017
114	1	116	017
8824	23	2977	017
1478	1	114	017
2681	9	2476	017
734	15	4977	017
6414	23	2935	017
100	6	30	017
2207	12	2155	017
2071	6	30	017
44	6	30	017
1588	6	30	017
191	1	30	017
2020	6	2045	017
2097	6	30	018
206	1	207	018
2156	6	30	018
431	1	189	018
199	1	189	018
215	1	189	018
2696	9	2476	018
197	1	189	018
5308	15	5088	018
2074	6	2075	018
2169	6	29	018
492	1	493	018
40	1	41	018
3739	14	3496	018
3231	12	29	018
811	1	416	018
776	1	493	018
2047	6	171	018
169	6	173	018
1850	23	2951	018
55	6	30	018
2089	6	116	018
3237	12	116	018
2079	6	30	018
702	6	28	018
19	6	2008	018
1894	23	2920	018
3219	12	2027	018
229	15	4988	018
494	1	28	018
1502	1	416	018
3242	12	2009	018
213	1	189	018
8516	23	2981	018
610	1	416	018
443	1	416	018
717	1	636	018
4046	14	3495	018
473	1	416	018
5133	15	5088	018
831	1	416	018
613	1	416	018
2090	6	116	018
845	1	28	018
2080	6	116	018
1394	6	115	018
6414	23	2935	018
3888	14	3762	018
846	1	397	018
2105	6	30	018
921	6	30	018
178	6	116	018
1644	1	207	018
2530	14	3431	018
198	1	189	018
178	1	179	018
8301	23	3060	018
188	1	189	018
1133	6	30	018
172	1	402	018
818	1	416	018
205	6	2038	018
919	1	921	018
3053	23	12505	018
1975	6	2008	018
598	6	30	018
2020	6	2008	018
812	1	416	018
588	6	30	018
1871	12	2155	018
2130	6	2008	018
3172	23	3027	018
1057	1	30	018
25	15	5024	018
2301	23	2951	018
196	1	189	018
3224	12	116	018
675	15	4990	018
2130	6	2045	018
2207	23	12514	018
2085	15	5057	018
2140	6	2045	018
4832	14	4042	018
921	1	30	018
2113	6	29	018
810	1	416	018
720	1	28	018
711	1	28	018
310	15	5088	018
1912	6	2179	018
88	6	30	018
659	1	341	018
3190	12	2084	018
675	15	5120	018
822	1	416	018
88	1	90	018
702	1	28	018
658	1	173	018
25	15	4990	018
25	6	30	018
578	1	28	018
1110	15	5120	018
3214	12	2082	018
44	5	25	018
260	1	189	018
2140	6	2008	018
195	1	189	018
1133	15	4990	018
630	6	30	018
2126	6	2045	018
4046	14	3847	018
2159	6	30	018
2301	23	12535	018
734	15	4977	018
800	1	416	018
1850	23	2951	018
3101	11	3102	018
205	1	207	018
759	1	28	018
492	15	5088	018
509	15	4977	018
1592	6	30	018
597	15	5088	018
1956	6	2045	018
3064	23	12505	018
3209	12	30	018
2049	6	30	018
83	1	809	018
3230	12	116	018
1930	15	4977	018
3232	12	29	018
1100	6	28	018
19	6	2045	018
8730	23	2951	018
2014	15	5057	018
2082	15	4988	018
2702	9	2705	018
5348	15	5088	018
3228	12	117	018
769	1	28	018
415	1	416	018
191	6	30	018
2675	9	2476	018
212	1	189	018
2171	6	116	018
284	6	2045	018
2056	15	4988	018
776	15	5088	018
169	1	173	018
396	6	30	018
2126	6	2008	018
211	1	189	018
2164	6	116	018
2124	6	116	018
3193	12	2155	018
2003	6	2038	018
2030	6	2045	018
2693	12	28	018
2030	6	2008	018
1957	6	2055	018
85	6	116	018
303	1	416	018
428	6	2055	018
8730	23	3026	018
12552	23	12525	018
284	6	2008	018
2903	11	3089	018
205	15	4990	018
3020	23	12514	018
832	1	416	018
636	1	172	018
771	6	30	018
1127	1	846	018
509	6	30	018
3143	11	3087	018
114	1	116	018
8824	23	2977	018
1478	1	114	018
2681	9	2476	018
734	15	4977	018
6414	23	2935	018
2008	15	4988	018
100	6	30	018
2207	12	2155	018
2071	6	30	018
44	6	30	018
1588	6	30	018
191	1	30	018
2020	6	2045	018
2097	6	30	019
206	1	207	019
2156	6	30	019
431	1	189	019
199	1	189	019
215	1	189	019
2696	9	2476	019
197	1	189	019
5308	15	5088	019
2074	6	2075	019
2169	6	29	019
492	1	493	019
40	1	41	019
3739	14	3496	019
3231	12	29	019
811	1	416	019
776	1	493	019
2047	6	171	019
169	6	173	019
1850	23	2951	019
55	6	30	019
2089	6	116	019
3237	12	116	019
2079	6	30	019
702	6	28	019
19	6	2008	019
1894	23	2920	019
3219	12	2027	019
229	15	4988	019
494	1	28	019
1502	1	416	019
3242	12	2009	019
213	1	189	019
8516	23	2981	019
610	1	416	019
443	1	416	019
717	1	636	019
4046	14	3495	019
473	1	416	019
5133	15	5088	019
831	1	416	019
613	1	416	019
2090	6	116	019
845	1	28	019
2080	6	116	019
1394	6	115	019
6414	23	2935	019
3888	14	3762	019
846	1	397	019
2105	6	30	019
921	6	30	019
178	6	116	019
1644	1	207	019
2530	14	3431	019
198	1	189	019
178	1	179	019
8301	23	3060	019
188	1	189	019
1133	6	30	019
172	1	402	019
818	1	416	019
205	6	2038	019
919	1	921	019
3053	23	12505	019
1975	6	2008	019
598	6	30	019
2020	6	2008	019
812	1	416	019
588	6	30	019
1871	12	2155	019
2130	6	2008	019
3172	23	3027	019
1057	1	30	019
1956	6	2095	019
25	15	5024	019
2301	23	2951	019
196	1	189	019
3224	12	116	019
675	15	4990	019
2207	23	12514	019
2085	15	5057	019
4832	14	4042	019
921	1	30	019
2113	6	29	019
810	1	416	019
720	1	28	019
711	1	28	019
310	15	5088	019
1912	6	2179	019
88	6	30	019
659	1	341	019
3190	12	2084	019
675	15	5120	019
822	1	416	019
88	1	90	019
702	1	28	019
658	1	173	019
25	15	4990	019
25	6	30	019
578	1	28	019
1110	15	5120	019
3214	12	2082	019
473	6	2055	019
44	5	25	019
260	1	189	019
2140	6	2008	019
195	1	189	019
1133	15	4990	019
630	6	30	019
2159	6	30	019
2301	23	12535	019
734	15	4977	019
800	1	416	019
1850	23	2951	019
3101	11	3102	019
284	6	2095	019
205	1	207	019
759	1	28	019
492	15	5088	019
509	15	4977	019
1592	6	30	019
597	15	5088	019
3064	23	12505	019
3209	12	30	019
2049	6	30	019
83	1	809	019
3230	12	116	019
1930	15	4977	019
3232	12	29	019
1100	6	28	019
8730	23	2951	019
2014	15	5057	019
2082	15	4988	019
2702	9	2705	019
5348	15	5088	019
3228	12	117	019
2094	6	2095	019
769	1	28	019
415	1	416	019
191	6	30	019
2675	9	2476	019
212	1	189	019
2171	6	116	019
2056	15	4988	019
776	15	5088	019
169	1	173	019
396	6	30	019
2126	6	2008	019
211	1	189	019
2164	6	116	019
1983	6	728	019
2124	6	116	019
3193	12	2155	019
2003	6	2038	019
2693	12	28	019
2030	6	2008	019
1957	6	2055	019
85	6	116	019
303	1	416	019
428	6	2055	019
8730	23	3026	019
12552	23	12525	019
284	6	2008	019
2903	11	3089	019
205	15	4990	019
3020	23	12514	019
832	1	416	019
636	1	172	019
771	6	30	019
1127	1	846	019
509	6	30	019
3143	11	3087	019
114	1	116	019
8824	23	2977	019
1478	1	114	019
2681	9	2476	019
734	15	4977	019
6414	23	2935	019
2008	15	4988	019
100	6	30	019
3888	14	3495	019
2207	12	2155	019
2071	6	30	019
44	6	30	019
1588	6	30	019
191	1	30	019
2097	6	30	020
206	1	207	020
2156	6	30	020
431	1	189	020
199	1	189	020
215	1	189	020
2696	9	2476	020
197	1	189	020
5308	15	5088	020
2074	6	2075	020
2169	6	29	020
492	1	493	020
40	1	41	020
3739	14	3496	020
3231	12	29	020
2692	9	2476	020
811	1	416	020
776	1	493	020
2047	6	171	020
169	6	173	020
1850	23	2951	020
55	6	30	020
2089	6	116	020
3237	12	116	020
2079	6	30	020
702	6	28	020
19	6	2008	020
1894	23	2920	020
728	1	405	020
3219	12	2027	020
229	15	4988	020
494	1	28	020
1502	1	416	020
3242	12	2009	020
213	1	189	020
8516	23	2981	020
610	1	416	020
443	1	416	020
717	1	636	020
473	1	416	020
5133	15	5088	020
831	1	416	020
613	1	416	020
2090	6	116	020
845	1	28	020
2080	6	116	020
1394	6	115	020
6414	23	2935	020
846	1	397	020
2105	6	30	020
921	6	30	020
178	6	116	020
1644	1	207	020
2530	14	3431	020
198	1	189	020
178	1	179	020
8301	23	3060	020
188	1	189	020
1133	6	30	020
172	1	402	020
818	1	416	020
205	6	2038	020
919	1	921	020
3053	23	12505	020
1975	6	2008	020
598	6	30	020
2020	6	2008	020
812	1	416	020
588	6	30	020
1871	12	2155	020
2130	6	2008	020
3172	23	3027	020
1057	1	30	020
1956	6	2095	020
25	15	5024	020
2301	23	2951	020
196	1	189	020
3224	12	116	020
675	15	4990	020
2207	23	12514	020
2085	15	5057	020
4832	14	4042	020
921	1	30	020
2113	6	29	020
810	1	416	020
720	1	28	020
711	1	28	020
310	15	5088	020
1912	6	2179	020
88	6	30	020
659	1	341	020
3190	12	2084	020
675	15	5120	020
822	1	416	020
88	1	90	020
702	1	28	020
658	1	173	020
25	15	4990	020
25	6	30	020
578	1	28	020
1110	15	5120	020
3214	12	2082	020
473	6	2055	020
44	5	25	020
260	1	189	020
2140	6	2008	020
195	1	189	020
728	15	4988	020
1133	15	4990	020
630	6	30	020
2159	6	30	020
2301	23	12535	020
734	15	4977	020
800	1	416	020
1850	23	2951	020
3101	11	3102	020
284	6	2095	020
205	1	207	020
759	1	28	020
492	15	5088	020
509	15	4977	020
1592	6	30	020
597	15	5088	020
3064	23	12505	020
3209	12	30	020
2049	6	30	020
83	1	809	020
3230	12	116	020
1930	15	4977	020
3232	12	29	020
1100	6	28	020
8730	23	2951	020
2014	15	5057	020
2082	15	4988	020
2702	9	2705	020
5348	15	5088	020
3228	12	117	020
2094	6	2095	020
769	1	28	020
415	1	416	020
191	6	30	020
2675	9	2476	020
212	1	189	020
2171	6	116	020
2056	15	4988	020
776	15	5088	020
169	1	173	020
396	6	30	020
2126	6	2008	020
211	1	189	020
2164	6	116	020
1983	6	728	020
2124	6	116	020
3193	12	2155	020
2003	6	2038	020
2693	12	28	020
2030	6	2008	020
1957	6	2055	020
85	6	116	020
303	1	416	020
428	6	2055	020
8730	23	3026	020
12552	23	12525	020
2903	11	3089	020
205	15	4990	020
3020	23	12514	020
832	1	416	020
636	1	172	020
771	6	30	020
1127	1	846	020
509	6	30	020
3143	11	3087	020
114	1	116	020
8824	23	2977	020
1478	1	114	020
2681	9	2476	020
734	15	4977	020
6414	23	2935	020
2008	15	4988	020
100	6	30	020
3888	14	3495	020
2207	12	2155	020
2071	6	30	020
44	6	30	020
1588	6	30	020
191	1	30	020
2097	6	30	021
206	1	207	021
2156	6	30	021
431	1	189	021
199	1	189	021
215	1	189	021
2696	9	2476	021
197	1	189	021
3051	10	2924	021
5308	15	5088	021
2074	6	2075	021
2169	6	29	021
492	1	493	021
40	1	41	021
3739	14	3496	021
3231	12	29	021
2692	9	2476	021
811	1	416	021
776	1	493	021
2047	6	171	021
169	6	173	021
1850	23	2951	021
55	6	30	021
3845	14	3495	021
2089	6	116	021
3237	12	116	021
2079	6	30	021
702	6	28	021
19	6	2008	021
1894	23	2920	021
728	1	405	021
3219	12	2027	021
229	15	4988	021
494	1	28	021
1502	1	416	021
3242	12	2009	021
213	1	189	021
8516	23	2981	021
610	1	416	021
443	1	416	021
717	1	636	021
473	1	416	021
5133	15	5088	021
831	1	416	021
613	1	416	021
2090	6	116	021
845	1	28	021
2080	6	116	021
1394	6	115	021
6414	23	2935	021
846	1	397	021
2105	6	30	021
921	6	30	021
178	6	116	021
1644	1	207	021
2530	14	3431	021
198	1	189	021
178	1	179	021
8301	23	3060	021
188	1	189	021
1133	6	30	021
172	1	402	021
818	1	416	021
205	6	2038	021
919	1	921	021
3053	23	12505	021
1975	6	2008	021
598	6	30	021
2020	6	2008	021
812	1	416	021
588	6	30	021
1871	12	2155	021
2130	6	2008	021
3172	23	3027	021
1057	1	30	021
1956	6	2095	021
25	15	5024	021
2301	23	2951	021
196	1	189	021
3224	12	116	021
1970	6	2055	021
675	15	4990	021
2207	23	12514	021
2085	15	5057	021
4832	14	4042	021
921	1	30	021
2113	6	29	021
810	1	416	021
720	1	28	021
711	1	28	021
310	15	5088	021
1912	6	2179	021
88	6	30	021
659	1	341	021
3190	12	2084	021
1912	6	2052	021
675	15	5120	021
822	1	416	021
88	1	90	021
702	1	28	021
658	1	173	021
25	15	4990	021
25	6	30	021
578	1	28	021
1110	15	5120	021
2074	6	2052	021
3214	12	2082	021
473	6	2055	021
44	5	25	021
260	1	189	021
2140	6	2008	021
195	1	189	021
728	15	4988	021
1133	15	4990	021
630	6	30	021
2159	6	30	021
2301	23	12535	021
734	15	4977	021
800	1	416	021
1850	23	2951	021
3101	11	3102	021
284	6	2095	021
205	1	207	021
759	1	28	021
492	15	5088	021
509	15	4977	021
1592	6	30	021
597	15	5088	021
3064	23	12505	021
3209	12	30	021
2049	6	30	021
83	1	809	021
3230	12	116	021
1930	15	4977	021
3232	12	29	021
1100	6	28	021
8730	23	2951	021
2014	15	5057	021
2082	15	4988	021
2702	9	2705	021
5348	15	5088	021
3228	12	117	021
2094	6	2095	021
769	1	28	021
415	1	416	021
191	6	30	021
2675	9	2476	021
212	1	189	021
2171	6	116	021
776	15	5088	021
169	1	173	021
396	6	30	021
2126	6	2008	021
211	1	189	021
2164	6	116	021
1983	6	728	021
2124	6	116	021
3193	12	2155	021
2003	6	2038	021
2693	12	28	021
2030	6	2008	021
1957	6	2055	021
85	6	116	021
303	1	416	021
428	6	2055	021
8730	23	3026	021
12552	23	12525	021
2903	11	3089	021
205	15	4990	021
3020	23	12514	021
832	1	416	021
4613	14	3495	021
636	1	172	021
771	6	30	021
1127	1	846	021
509	6	30	021
3143	11	3087	021
114	1	116	021
8824	23	2977	021
1478	1	114	021
2681	9	2476	021
734	15	4977	021
6414	23	2935	021
2008	15	4988	021
100	6	30	021
675	6	2052	021
3888	14	3495	021
2207	12	2155	021
2071	6	30	021
44	6	30	021
1588	6	30	021
191	1	30	021
2097	6	30	022
206	1	207	022
2156	6	30	022
431	1	189	022
199	1	189	022
215	1	189	022
2696	9	2476	022
197	1	189	022
3051	10	2924	022
5308	15	5088	022
2169	6	29	022
492	1	493	022
3739	14	3496	022
3231	12	29	022
2692	9	2476	022
811	1	416	022
776	1	493	022
2047	6	171	022
169	6	173	022
1850	23	2951	022
55	6	30	022
3845	14	3495	022
2089	6	116	022
3237	12	116	022
2079	6	30	022
702	6	28	022
19	6	2008	022
1894	23	2920	022
728	1	405	022
3219	12	2027	022
229	15	4988	022
494	1	28	022
1502	1	416	022
3242	12	2009	022
213	1	189	022
8516	23	2981	022
610	1	416	022
443	1	416	022
717	1	636	022
473	1	416	022
5133	15	5088	022
831	1	416	022
613	1	416	022
2090	6	116	022
845	1	28	022
2080	6	116	022
1394	6	115	022
6414	23	2935	022
846	1	397	022
2105	6	30	022
921	6	30	022
178	6	116	022
1644	1	207	022
2530	14	3431	022
198	1	189	022
178	1	179	022
8301	23	3060	022
188	1	189	022
1133	6	30	022
172	1	402	022
818	1	416	022
205	6	2038	022
919	1	921	022
3053	23	12505	022
1975	6	2008	022
598	6	30	022
2020	6	2008	022
812	1	416	022
588	6	30	022
1871	12	2155	022
2130	6	2008	022
3172	23	3027	022
1057	1	30	022
1956	6	2095	022
25	15	5024	022
2301	23	2951	022
196	1	189	022
3224	12	116	022
4832	14	4042	022
1970	6	2055	022
675	15	4990	022
2207	23	12514	022
2085	15	5057	022
921	1	30	022
2113	6	29	022
810	1	416	022
720	1	28	022
711	1	28	022
310	15	5088	022
88	6	30	022
659	1	341	022
3190	12	2084	022
1912	6	2052	022
675	15	5120	022
822	1	416	022
88	1	90	022
702	1	28	022
658	1	173	022
25	15	4990	022
25	6	30	022
578	1	28	022
1110	15	5120	022
2074	6	2052	022
4691	14	3495	022
3214	12	2082	022
473	6	2055	022
2671	17	5817	022
44	5	25	022
260	1	189	022
2140	6	2008	022
195	1	189	022
728	15	4988	022
1133	15	4990	022
630	6	30	022
2159	6	30	022
2301	23	12535	022
734	15	4977	022
800	1	416	022
1850	23	2951	022
3101	11	3102	022
284	6	2095	022
205	1	207	022
759	1	28	022
492	15	5088	022
509	15	4977	022
1592	6	30	022
597	15	5088	022
3064	23	12505	022
3209	12	30	022
2049	6	30	022
83	1	809	022
3230	12	116	022
2671	17	6171	022
1930	15	4977	022
3232	12	29	022
1100	6	28	022
8730	23	2951	022
2014	15	5057	022
2082	15	4988	022
2702	9	2705	022
6884	17	5996	022
5348	15	5088	022
3228	12	117	022
2094	6	2095	022
769	1	28	022
415	1	416	022
191	6	30	022
2675	9	2476	022
212	1	189	022
2171	6	116	022
776	15	5088	022
169	1	173	022
396	6	30	022
2126	6	2008	022
211	1	189	022
2164	6	116	022
1983	6	728	022
2124	6	116	022
3193	12	2155	022
2003	6	2038	022
2693	12	28	022
2030	6	2008	022
1957	6	2055	022
85	6	116	022
303	1	416	022
428	6	2055	022
8730	23	3026	022
12552	23	12525	022
2903	11	3089	022
205	15	4990	022
3020	23	12514	022
832	1	416	022
4613	14	3495	022
636	1	172	022
771	6	30	022
1127	1	846	022
509	6	30	022
3143	11	3087	022
114	1	116	022
8824	23	2977	022
1478	1	114	022
2681	9	2476	022
734	15	4977	022
6414	23	2935	022
2008	15	4988	022
100	6	30	022
675	6	2052	022
3888	14	3495	022
2207	12	2155	022
2071	6	30	022
44	6	30	022
1588	6	30	022
191	1	30	022
2097	6	30	023
206	1	207	023
2156	6	30	023
431	1	189	023
199	1	189	023
215	1	189	023
2696	9	2476	023
197	1	189	023
3051	10	2924	023
5308	15	5088	023
2169	6	29	023
492	1	493	023
3739	14	3496	023
3231	12	29	023
2692	9	2476	023
811	1	416	023
776	1	493	023
2047	6	171	023
169	6	173	023
1850	23	2951	023
55	6	30	023
3845	14	3495	023
2089	6	116	023
3237	12	116	023
2079	6	30	023
702	6	28	023
19	6	2008	023
1894	23	2920	023
728	1	405	023
3219	12	2027	023
229	15	4988	023
494	1	28	023
1502	1	416	023
3242	12	2009	023
213	1	189	023
8516	23	2981	023
610	1	416	023
443	1	416	023
717	1	636	023
473	1	416	023
5133	15	5088	023
831	1	416	023
613	1	416	023
2090	6	116	023
845	1	28	023
2080	6	116	023
1394	6	115	023
6414	23	2935	023
846	1	397	023
2105	6	30	023
921	6	30	023
178	6	116	023
1644	1	207	023
2530	14	3431	023
198	1	189	023
178	1	179	023
8301	23	3060	023
188	1	189	023
1133	6	30	023
172	1	402	023
818	1	416	023
205	6	2038	023
919	1	921	023
3053	23	12505	023
1975	6	2008	023
598	6	30	023
2020	6	2008	023
812	1	416	023
588	6	30	023
1871	12	2155	023
2130	6	2008	023
3172	23	3027	023
1057	1	30	023
1956	6	2095	023
25	15	5024	023
2301	23	2951	023
196	1	189	023
3224	12	116	023
4832	14	4042	023
1970	6	2055	023
675	15	4990	023
2207	23	12514	023
2085	15	5057	023
921	1	30	023
2113	6	29	023
810	1	416	023
720	1	28	023
711	1	28	023
310	15	5088	023
88	6	30	023
659	1	341	023
3190	12	2084	023
1912	6	2052	023
675	15	5120	023
822	1	416	023
88	1	90	023
702	1	28	023
658	1	173	023
25	15	4990	023
25	6	30	023
578	1	28	023
1110	15	5120	023
2074	6	2052	023
4691	14	3495	023
3214	12	2082	023
473	6	2055	023
44	5	25	023
260	1	189	023
2140	6	2008	023
195	1	189	023
728	15	4988	023
1133	15	4990	023
630	6	30	023
2159	6	30	023
2301	23	12535	023
734	15	4977	023
800	1	416	023
1850	23	2951	023
3101	11	3102	023
284	6	2095	023
205	1	207	023
759	1	28	023
492	15	5088	023
509	15	4977	023
1592	6	30	023
597	15	5088	023
3064	23	12505	023
3209	12	30	023
2049	6	30	023
83	1	809	023
3230	12	116	023
1930	15	4977	023
3232	12	29	023
1100	6	28	023
8730	23	2951	023
2014	15	5057	023
2082	15	4988	023
2702	9	2705	023
5348	15	5088	023
3228	12	117	023
2094	6	2095	023
769	1	28	023
4722	14	3715	023
415	1	416	023
191	6	30	023
2675	9	2476	023
212	1	189	023
2171	6	116	023
776	15	5088	023
169	1	173	023
396	6	30	023
2126	6	2008	023
211	1	189	023
2164	6	116	023
1983	6	728	023
2124	6	116	023
3193	12	2155	023
2003	6	2038	023
2693	12	28	023
2030	6	2008	023
1957	6	2055	023
85	6	116	023
303	1	416	023
428	6	2055	023
8730	23	3026	023
12552	23	12525	023
2903	11	3089	023
205	15	4990	023
3020	23	12514	023
832	1	416	023
4613	14	3495	023
205	6	30	023
636	1	172	023
771	6	30	023
1127	1	846	023
509	6	30	023
3143	11	3087	023
114	1	116	023
8824	23	2977	023
1478	1	114	023
2681	9	2476	023
734	15	4977	023
6414	23	2935	023
2008	15	4988	023
100	6	30	023
675	6	2052	023
3888	14	3495	023
2207	12	2155	023
2071	6	30	023
44	6	30	023
1588	6	30	023
191	1	30	023
2003	6	30	023
2097	6	30	024
206	1	207	024
2156	6	30	024
9103	17	6245	024
431	1	189	024
199	1	189	024
215	1	189	024
2696	9	2476	024
197	1	189	024
3051	10	2924	024
5308	15	5088	024
2169	6	29	024
492	1	493	024
3739	14	3496	024
3231	12	29	024
2692	9	2476	024
811	1	416	024
776	1	493	024
2047	6	171	024
169	6	173	024
1850	23	2951	024
55	6	30	024
3845	14	3495	024
2089	6	116	024
3237	12	116	024
2079	6	30	024
702	6	28	024
19	6	2008	024
1894	23	2920	024
728	1	405	024
3219	12	2027	024
229	15	4988	024
494	1	28	024
1502	1	416	024
3242	12	2009	024
213	1	189	024
8516	23	2981	024
610	1	416	024
443	1	416	024
717	1	636	024
473	1	416	024
5133	15	5088	024
831	1	416	024
613	1	416	024
2090	6	116	024
845	1	28	024
2080	6	116	024
1394	6	115	024
6414	23	2935	024
846	1	397	024
2105	6	30	024
921	6	30	024
178	6	116	024
1644	1	207	024
2530	14	3431	024
198	1	189	024
178	1	179	024
8301	23	3060	024
188	1	189	024
1133	6	30	024
172	1	402	024
818	1	416	024
919	1	921	024
3053	23	12505	024
1975	6	2008	024
598	6	30	024
2020	6	2008	024
812	1	416	024
9103	17	6242	024
588	6	30	024
1871	12	2155	024
2130	6	2008	024
3172	23	3027	024
1057	1	30	024
1956	6	2095	024
25	15	5024	024
2301	23	2951	024
196	1	189	024
3224	12	116	024
1970	6	2055	024
675	15	4990	024
2207	23	12514	024
2085	15	5057	024
921	1	30	024
2113	6	29	024
810	1	416	024
720	1	28	024
711	1	28	024
310	15	5088	024
88	6	30	024
659	1	341	024
3190	12	2084	024
1912	6	2052	024
675	15	5120	024
822	1	416	024
88	1	90	024
702	1	28	024
658	1	173	024
25	15	4990	024
25	6	30	024
578	1	28	024
1110	15	5120	024
2074	6	2052	024
4691	14	3495	024
3214	12	2082	024
473	6	2055	024
44	5	25	024
260	1	189	024
2140	6	2008	024
195	1	189	024
728	15	4988	024
1133	15	4990	024
630	6	30	024
2159	6	30	024
2301	23	12535	024
734	15	4977	024
800	1	416	024
1850	23	2951	024
3101	11	3102	024
284	6	2095	024
2692	14	4072	024
205	1	207	024
40	6	2055	024
759	1	28	024
492	15	5088	024
509	15	4977	024
1592	6	30	024
597	15	5088	024
3064	23	12505	024
3209	12	30	024
2049	6	30	024
83	1	809	024
3230	12	116	024
1930	15	4977	024
3232	12	29	024
1100	6	28	024
8730	23	2951	024
2014	15	5057	024
2082	15	4988	024
2702	9	2705	024
5348	15	5088	024
3228	12	117	024
2094	6	2095	024
769	1	28	024
4722	14	3715	024
415	1	416	024
191	6	30	024
2675	9	2476	024
212	1	189	024
2171	6	116	024
4691	14	3737	024
776	15	5088	024
169	1	173	024
396	6	30	024
2126	6	2008	024
211	1	189	024
2164	6	116	024
1983	6	728	024
2124	6	116	024
3193	12	2155	024
2693	12	28	024
2030	6	2008	024
1957	6	2055	024
85	6	116	024
303	1	416	024
428	6	2055	024
8730	23	3026	024
4723	14	3733	024
12552	23	12525	024
2903	11	3089	024
205	15	4990	024
3020	23	12514	024
832	1	416	024
4613	14	3495	024
205	6	30	024
636	1	172	024
771	6	30	024
1127	1	846	024
509	6	30	024
3143	11	3087	024
114	1	116	024
8824	23	2977	024
1478	1	114	024
2681	9	2476	024
734	15	4977	024
6414	23	2935	024
2008	15	4988	024
100	6	30	024
675	6	2052	024
3888	14	3495	024
2207	12	2155	024
2071	6	30	024
44	6	30	024
1588	6	30	024
191	1	30	024
2003	6	30	024
2097	6	30	025
206	1	207	025
2156	6	30	025
431	1	189	025
199	1	189	025
215	1	189	025
2696	9	2476	025
197	1	189	025
3051	10	2924	025
5308	15	5088	025
2169	6	29	025
492	1	493	025
3739	14	3496	025
3231	12	29	025
2692	9	2476	025
811	1	416	025
776	1	493	025
2047	6	171	025
169	6	173	025
1850	23	2951	025
55	6	30	025
3845	14	3495	025
2089	6	116	025
3237	12	116	025
2079	6	30	025
702	6	28	025
19	6	2008	025
1894	23	2920	025
728	1	405	025
3219	12	2027	025
229	15	4988	025
494	1	28	025
1502	1	416	025
3242	12	2009	025
213	1	189	025
8516	23	2981	025
610	1	416	025
443	1	416	025
717	1	636	025
473	1	416	025
5133	15	5088	025
831	1	416	025
613	1	416	025
2090	6	116	025
845	1	28	025
2080	6	116	025
1394	6	115	025
6414	23	2935	025
846	1	397	025
2105	6	30	025
921	6	30	025
178	6	116	025
1644	1	207	025
2530	14	3431	025
198	1	189	025
178	1	179	025
8301	23	3060	025
188	1	189	025
1133	6	30	025
172	1	402	025
818	1	416	025
919	1	921	025
3053	23	12505	025
1975	6	2008	025
598	6	30	025
2020	6	2008	025
812	1	416	025
588	6	30	025
1871	12	2155	025
2130	6	2008	025
3172	23	3027	025
1057	1	30	025
1956	6	2095	025
25	15	5024	025
2301	23	2951	025
196	1	189	025
3224	12	116	025
1970	6	2055	025
675	15	4990	025
2207	23	12514	025
2085	15	5057	025
3845	14	3847	025
921	1	30	025
2113	6	29	025
810	1	416	025
720	1	28	025
711	1	28	025
310	15	5088	025
88	6	30	025
659	1	341	025
3190	12	2084	025
1912	6	2052	025
675	15	5120	025
822	1	416	025
88	1	90	025
702	1	28	025
658	1	173	025
25	15	4990	025
25	6	30	025
578	1	28	025
1110	15	5120	025
2074	6	2052	025
3214	12	2082	025
473	6	2055	025
44	5	25	025
260	1	189	025
2140	6	2008	025
195	1	189	025
728	15	4988	025
1133	15	4990	025
630	6	30	025
2159	6	30	025
2301	23	12535	025
734	15	4977	025
4678	14	3496	025
800	1	416	025
1850	23	2951	025
3101	11	3102	025
284	6	2095	025
2692	14	4072	025
205	1	207	025
40	6	2055	025
759	1	28	025
492	15	5088	025
509	15	4977	025
1592	6	30	025
597	15	5088	025
3064	23	12505	025
3209	12	30	025
2049	6	30	025
83	1	809	025
3230	12	116	025
1930	15	4977	025
3232	12	29	025
1100	6	28	025
8730	23	2951	025
2014	15	5057	025
2082	15	4988	025
2702	9	2705	025
5348	15	5088	025
3718	14	3719	025
3228	12	117	025
2094	6	2095	025
769	1	28	025
4722	14	3715	025
415	1	416	025
191	6	30	025
2675	9	2476	025
212	1	189	025
2171	6	116	025
4691	14	3737	025
776	15	5088	025
169	1	173	025
396	6	30	025
2126	6	2008	025
211	1	189	025
2164	6	116	025
1983	6	728	025
2124	6	116	025
3193	12	2155	025
2693	12	28	025
2030	6	2008	025
1957	6	2055	025
85	6	116	025
303	1	416	025
428	6	2055	025
8730	23	3026	025
4723	14	3733	025
12552	23	12525	025
2903	11	3089	025
205	15	4990	025
3020	23	12514	025
832	1	416	025
4613	14	3495	025
205	6	30	025
636	1	172	025
771	6	30	025
1127	1	846	025
509	6	30	025
3143	11	3087	025
114	1	116	025
8824	23	2977	025
1478	1	114	025
2681	9	2476	025
734	15	4977	025
6414	23	2935	025
2008	15	4988	025
100	6	30	025
675	6	2052	025
3888	14	3495	025
2207	12	2155	025
2071	6	30	025
44	6	30	025
1588	6	30	025
191	1	30	025
2003	6	30	025
2097	6	30	026
206	1	207	026
2156	6	30	026
431	1	189	026
199	1	189	026
215	1	189	026
2696	9	2476	026
197	1	189	026
3051	10	2924	026
5308	15	5088	026
2169	6	29	026
492	1	493	026
3739	14	3496	026
3231	12	29	026
2692	9	2476	026
811	1	416	026
776	1	493	026
2047	6	171	026
169	6	173	026
1850	23	2951	026
55	6	30	026
3845	14	3495	026
2089	6	116	026
3237	12	116	026
2079	6	30	026
702	6	28	026
19	6	2008	026
1894	23	2920	026
728	1	405	026
3219	12	2027	026
229	15	4988	026
494	1	28	026
1502	1	416	026
3242	12	2009	026
213	1	189	026
8516	23	2981	026
610	1	416	026
443	1	416	026
717	1	636	026
473	1	416	026
5133	15	5088	026
831	1	416	026
613	1	416	026
2090	6	116	026
845	1	28	026
2080	6	116	026
1394	6	115	026
6414	23	2935	026
846	1	397	026
2105	6	30	026
921	6	30	026
178	6	116	026
1644	1	207	026
2530	14	3431	026
198	1	189	026
178	1	179	026
8301	23	3060	026
2	6	30	026
188	1	189	026
1133	6	30	026
172	1	402	026
818	1	416	026
919	1	921	026
3053	23	12505	026
1975	6	2008	026
598	6	30	026
2020	6	2008	026
812	1	416	026
588	6	30	026
1871	12	2155	026
2130	6	2008	026
3172	23	3027	026
1057	1	30	026
1956	6	2095	026
25	15	5024	026
2301	23	2951	026
196	1	189	026
3224	12	116	026
1970	6	2055	026
675	15	4990	026
2207	23	12514	026
2085	15	5057	026
921	1	30	026
2113	6	29	026
810	1	416	026
720	1	28	026
711	1	28	026
310	15	5088	026
88	6	30	026
659	1	341	026
3190	12	2084	026
1912	6	2052	026
675	15	5120	026
822	1	416	026
88	1	90	026
702	1	28	026
658	1	173	026
25	15	4990	026
25	6	30	026
578	1	28	026
1110	15	5120	026
2074	6	2052	026
3214	12	2082	026
473	6	2055	026
44	5	25	026
260	1	189	026
2140	6	2008	026
195	1	189	026
728	15	4988	026
1133	15	4990	026
630	6	30	026
2159	6	30	026
2301	23	12535	026
734	15	4977	026
4678	14	3496	026
800	1	416	026
1850	23	2951	026
3101	11	3102	026
284	6	2095	026
2692	14	4072	026
205	1	207	026
40	6	2055	026
759	1	28	026
492	15	5088	026
509	15	4977	026
1592	6	30	026
597	15	5088	026
3064	23	12505	026
3209	12	30	026
2049	6	30	026
83	1	809	026
3230	12	116	026
1930	15	4977	026
3232	12	29	026
1100	6	28	026
8730	23	2951	026
2014	15	5057	026
2082	15	4988	026
2702	9	2705	026
5348	15	5088	026
3718	14	3719	026
3228	12	117	026
2094	6	2095	026
769	1	28	026
4613	14	3847	026
4722	14	3715	026
415	1	416	026
191	6	30	026
2675	9	2476	026
212	1	189	026
2171	6	116	026
4691	14	3737	026
776	15	5088	026
169	1	173	026
396	6	30	026
2126	6	2008	026
211	1	189	026
2164	6	116	026
1983	6	728	026
2124	6	116	026
6884	17	5994	026
3193	12	2155	026
2693	12	28	026
2030	6	2008	026
1957	6	2055	026
85	6	116	026
303	1	416	026
428	6	2055	026
8730	23	3026	026
4723	14	3733	026
12552	23	12525	026
2903	11	3089	026
205	15	4990	026
3020	23	12514	026
832	1	416	026
4613	14	3495	026
205	6	30	026
636	1	172	026
771	6	30	026
1127	1	846	026
509	6	30	026
3143	11	3087	026
114	1	116	026
8824	23	2977	026
1478	1	114	026
2681	9	2476	026
734	15	4977	026
6414	23	2935	026
2008	15	4988	026
100	6	30	026
675	6	2052	026
3888	14	3495	026
2207	12	2155	026
2071	6	30	026
44	6	30	026
1588	6	30	026
191	1	30	026
2003	6	30	026
2097	6	30	027
206	1	207	027
2156	6	30	027
431	1	189	027
199	1	189	027
215	1	189	027
2696	9	2476	027
197	1	189	027
3051	10	2924	027
5308	15	5088	027
2169	6	29	027
492	1	493	027
3739	14	3496	027
3231	12	29	027
2692	9	2476	027
811	1	416	027
776	1	493	027
2047	6	171	027
169	6	173	027
1850	23	2951	027
55	6	30	027
3845	14	3495	027
2089	6	116	027
3237	12	116	027
2079	6	30	027
702	6	28	027
19	6	2008	027
1894	23	2920	027
728	1	405	027
3219	12	2027	027
229	15	4988	027
494	1	28	027
1502	1	416	027
3242	12	2009	027
213	1	189	027
8516	23	2981	027
610	1	416	027
443	1	416	027
717	1	636	027
473	1	416	027
5133	15	5088	027
831	1	416	027
613	1	416	027
2090	6	116	027
845	1	28	027
2080	6	116	027
1394	6	115	027
6414	23	2935	027
846	1	397	027
2105	6	30	027
921	6	30	027
178	6	116	027
1644	1	207	027
2530	14	3431	027
198	1	189	027
178	1	179	027
8301	23	3060	027
2	6	30	027
188	1	189	027
1133	6	30	027
172	1	402	027
818	1	416	027
919	1	921	027
3053	23	12505	027
1975	6	2008	027
598	6	30	027
2020	6	2008	027
812	1	416	027
588	6	30	027
1871	12	2155	027
2130	6	2008	027
3172	23	3027	027
1057	1	30	027
1956	6	2095	027
25	15	5024	027
2301	23	2951	027
196	1	189	027
3224	12	116	027
1970	6	2055	027
675	15	4990	027
2207	23	12514	027
1912	6	2179	027
2085	15	5057	027
921	1	30	027
2113	6	29	027
810	1	416	027
720	1	28	027
711	1	28	027
310	15	5088	027
88	6	30	027
659	1	341	027
3190	12	2084	027
1912	6	2052	027
675	15	5120	027
822	1	416	027
88	1	90	027
702	1	28	027
658	1	173	027
25	15	4990	027
25	6	30	027
578	1	28	027
1110	15	5120	027
2074	6	2052	027
3214	12	2082	027
473	6	2055	027
44	5	25	027
260	1	189	027
2140	6	2008	027
195	1	189	027
728	15	4988	027
1133	15	4990	027
630	6	30	027
2159	6	30	027
2301	23	12535	027
734	15	4977	027
4678	14	3496	027
800	1	416	027
1850	23	2951	027
3101	11	3102	027
284	6	2095	027
2692	14	4072	027
205	1	207	027
40	6	2055	027
759	1	28	027
492	15	5088	027
509	15	4977	027
1592	6	30	027
597	15	5088	027
3064	23	12505	027
3209	12	30	027
2049	6	30	027
83	1	809	027
3230	12	116	027
1930	15	4977	027
3232	12	29	027
1100	6	28	027
8730	23	2951	027
2014	15	5057	027
2082	15	4988	027
2702	9	2705	027
5348	15	5088	027
3718	14	3719	027
3228	12	117	027
2094	6	2095	027
769	1	28	027
4613	14	3847	027
4722	14	3715	027
415	1	416	027
191	6	30	027
2675	9	2476	027
212	1	189	027
2171	6	116	027
4691	14	3737	027
776	15	5088	027
169	1	173	027
396	6	30	027
2126	6	2008	027
211	1	189	027
2164	6	116	027
1983	6	728	027
2124	6	116	027
3193	12	2155	027
2693	12	28	027
2030	6	2008	027
1957	6	2055	027
85	6	116	027
303	1	416	027
428	6	2055	027
8730	23	3026	027
12552	23	12525	027
2903	11	3089	027
205	15	4990	027
3020	23	12514	027
832	1	416	027
4613	14	3495	027
205	6	30	027
636	1	172	027
1956	6	2008	027
771	6	30	027
1127	1	846	027
509	6	30	027
3143	11	3087	027
3739	14	3495	027
114	1	116	027
8824	23	2977	027
1478	1	114	027
2681	9	2476	027
734	15	4977	027
6414	23	2935	027
6884	17	5997	027
2008	15	4988	027
100	6	30	027
675	6	2052	027
3888	14	3495	027
2207	12	2155	027
2071	6	30	027
44	6	30	027
4723	14	3835	027
1588	6	30	027
191	1	30	027
2003	6	30	027
2097	6	30	028
206	1	207	028
2156	6	30	028
431	1	189	028
199	1	189	028
215	1	189	028
2696	9	2476	028
197	1	189	028
3051	10	2924	028
5308	15	5088	028
2169	6	29	028
492	1	493	028
3231	12	29	028
2692	9	2476	028
811	1	416	028
776	1	493	028
2047	6	171	028
169	6	173	028
1850	23	2951	028
55	6	30	028
2089	6	116	028
3237	12	116	028
2079	6	30	028
702	6	28	028
19	6	2008	028
1894	23	2920	028
728	1	405	028
3219	12	2027	028
229	15	4988	028
494	1	28	028
1502	1	416	028
3242	12	2009	028
213	1	189	028
8516	23	2981	028
610	1	416	028
443	1	416	028
717	1	636	028
473	1	416	028
5133	15	5088	028
831	1	416	028
613	1	416	028
2090	6	116	028
845	1	28	028
2080	6	116	028
1394	6	115	028
6414	23	2935	028
846	1	397	028
2105	6	30	028
921	6	30	028
178	6	116	028
1644	1	207	028
2530	14	3431	028
198	1	189	028
178	1	179	028
8301	23	3060	028
2	6	30	028
188	1	189	028
1133	6	30	028
172	1	402	028
818	1	416	028
919	1	921	028
3053	23	12505	028
1975	6	2008	028
598	6	30	028
2020	6	2008	028
812	1	416	028
588	6	30	028
1871	12	2155	028
2130	6	2008	028
3172	23	3027	028
1057	1	30	028
25	15	5024	028
2301	23	2951	028
196	1	189	028
3224	12	116	028
1970	6	2055	028
675	15	4990	028
2207	23	12514	028
1912	6	2179	028
2085	15	5057	028
921	1	30	028
2113	6	29	028
810	1	416	028
720	1	28	028
711	1	28	028
310	15	5088	028
88	6	30	028
659	1	341	028
3190	12	2084	028
675	15	5120	028
822	1	416	028
88	1	90	028
702	1	28	028
658	1	173	028
25	15	4990	028
25	6	30	028
578	1	28	028
1110	15	5120	028
2074	6	2052	028
3214	12	2082	028
473	6	2055	028
44	5	25	028
260	1	189	028
2140	6	2008	028
195	1	189	028
728	15	4988	028
1133	15	4990	028
630	6	30	028
2159	6	30	028
2301	23	12535	028
734	15	4977	028
4678	14	3496	028
800	1	416	028
1850	23	2951	028
3101	11	3102	028
284	6	2095	028
2692	14	4072	028
205	1	207	028
40	6	2055	028
759	1	28	028
492	15	5088	028
509	15	4977	028
1592	6	30	028
2074	6	2075	028
597	15	5088	028
3064	23	12505	028
3209	12	30	028
2049	6	30	028
83	1	809	028
3230	12	116	028
1930	15	4977	028
3232	12	29	028
1100	6	28	028
8730	23	2951	028
2014	15	5057	028
2082	15	4988	028
2702	9	2705	028
5348	15	5088	028
3718	14	3719	028
3228	12	117	028
2094	6	2095	028
769	1	28	028
415	1	416	028
191	6	30	028
2675	9	2476	028
212	1	189	028
2171	6	116	028
4691	14	3737	028
776	15	5088	028
169	1	173	028
396	6	30	028
2126	6	2008	028
211	1	189	028
2164	6	116	028
1983	6	728	028
2124	6	116	028
3193	12	2155	028
2693	12	28	028
2030	6	2008	028
1957	6	2055	028
85	6	116	028
303	1	416	028
428	6	2055	028
8730	23	3026	028
12552	23	12525	028
2903	11	3089	028
205	15	4990	028
3020	23	12514	028
832	1	416	028
205	6	30	028
636	1	172	028
1956	6	2008	028
771	6	30	028
1127	1	846	028
509	6	30	028
3143	11	3087	028
3739	14	3495	028
114	1	116	028
8824	23	2977	028
1478	1	114	028
2681	9	2476	028
734	15	4977	028
6414	23	2935	028
2008	15	4988	028
100	6	30	028
3888	14	3495	028
2207	12	2155	028
2071	6	30	028
44	6	30	028
4723	14	3835	028
1588	6	30	028
191	1	30	028
2003	6	30	028
2097	6	30	029
206	1	207	029
2156	6	30	029
431	1	189	029
199	1	189	029
215	1	189	029
2696	9	2476	029
197	1	189	029
3051	10	2924	029
5308	15	5088	029
2169	6	29	029
492	1	493	029
3231	12	29	029
2692	9	2476	029
811	1	416	029
776	1	493	029
2047	6	171	029
169	6	173	029
1850	23	2951	029
284	6	2008	029
55	6	30	029
2089	6	116	029
3237	12	116	029
2079	6	30	029
702	6	28	029
19	6	2008	029
1894	23	2920	029
728	1	405	029
3219	12	2027	029
229	15	4988	029
494	1	28	029
1502	1	416	029
3242	12	2009	029
213	1	189	029
8516	23	2981	029
610	1	416	029
443	1	416	029
3113	17	5975	029
717	1	636	029
473	1	416	029
5133	15	5088	029
831	1	416	029
613	1	416	029
2090	6	116	029
845	1	28	029
2080	6	116	029
1394	6	115	029
6414	23	2935	029
846	1	397	029
6243	17	6245	029
2105	6	30	029
921	6	30	029
178	6	116	029
1644	1	207	029
2530	14	3431	029
198	1	189	029
178	1	179	029
8301	23	3060	029
2	6	30	029
188	1	189	029
1133	6	30	029
172	1	402	029
818	1	416	029
919	1	921	029
3053	23	12505	029
1975	6	2008	029
598	6	30	029
4613	14	3715	029
2020	6	2008	029
812	1	416	029
588	6	30	029
1871	12	2155	029
2130	6	2008	029
428	6	259	029
3172	23	3027	029
1957	6	173	029
1057	1	30	029
25	15	5024	029
2301	23	2951	029
196	1	189	029
3224	12	116	029
1970	6	2055	029
675	15	4990	029
2207	23	12514	029
1912	6	2179	029
2085	15	5057	029
921	1	30	029
4832	14	3495	029
2113	6	29	029
810	1	416	029
720	1	28	029
711	1	28	029
310	15	5088	029
1970	6	2084	029
88	6	30	029
659	1	341	029
3190	12	2084	029
675	15	5120	029
822	1	416	029
88	1	90	029
702	1	28	029
658	1	173	029
25	15	4990	029
25	6	30	029
578	1	28	029
1110	15	5120	029
3214	12	2082	029
473	6	2055	029
44	5	25	029
260	1	189	029
2140	6	2008	029
195	1	189	029
728	15	4988	029
1133	15	4990	029
630	6	30	029
2159	6	30	029
2301	23	12535	029
734	15	4977	029
4678	14	3496	029
800	1	416	029
1850	23	2951	029
3101	11	3102	029
284	6	2095	029
205	1	207	029
40	6	2055	029
759	1	28	029
492	15	5088	029
509	15	4977	029
1592	6	30	029
2074	6	2075	029
597	15	5088	029
3064	23	12505	029
3209	12	30	029
2049	6	30	029
83	1	809	029
3230	12	116	029
728	1	259	029
1930	15	4977	029
3232	12	29	029
1100	6	28	029
4830	14	3496	029
8730	23	2951	029
2014	15	5057	029
2082	15	4988	029
2702	9	2705	029
5348	15	5088	029
2836	9	2705	029
3718	14	3719	029
3228	12	117	029
769	1	28	029
415	1	416	029
191	6	30	029
40	6	1439	029
2675	9	2476	029
212	1	189	029
2171	6	116	029
776	15	5088	029
169	1	173	029
396	6	30	029
2126	6	2008	029
211	1	189	029
2164	6	116	029
1983	6	728	029
2124	6	116	029
3193	12	2155	029
2693	12	28	029
2030	6	2008	029
1957	6	2055	029
85	6	116	029
303	1	416	029
8730	23	3026	029
12552	23	12525	029
2903	11	3089	029
205	15	4990	029
3020	23	12514	029
832	1	416	029
205	6	30	029
2008	9	259	029
636	1	172	029
1956	6	2008	029
771	6	30	029
473	6	2082	029
1127	1	846	029
509	6	30	029
3143	11	3087	029
3739	14	3495	029
114	1	116	029
8824	23	2977	029
1478	1	114	029
2681	9	2476	029
734	15	4977	029
6414	23	2935	029
2008	15	4988	029
100	6	30	029
3888	14	3495	029
2207	12	2155	029
2071	6	30	029
1912	6	259	029
44	6	30	029
1588	6	30	029
191	1	30	029
2003	6	30	029
2097	6	30	030
206	1	207	030
2156	6	30	030
431	1	189	030
199	1	189	030
215	1	189	030
2696	9	2476	030
197	1	189	030
3051	10	2924	030
5308	15	5088	030
2169	6	29	030
492	1	493	030
3231	12	29	030
2692	9	2476	030
811	1	416	030
776	1	493	030
2047	6	171	030
169	6	173	030
1850	23	2951	030
284	6	2008	030
55	6	30	030
2089	6	116	030
3237	12	116	030
2079	6	30	030
702	6	28	030
19	6	2008	030
3839	14	3496	030
1894	23	2920	030
728	1	405	030
3219	12	2027	030
229	15	4988	030
494	1	28	030
1502	1	416	030
3242	12	2009	030
213	1	189	030
8516	23	2981	030
610	1	416	030
443	1	416	030
717	1	636	030
473	1	416	030
5133	15	5088	030
831	1	416	030
613	1	416	030
2090	6	116	030
845	1	28	030
2080	6	116	030
1394	6	115	030
6414	23	2935	030
846	1	397	030
2105	6	30	030
921	6	30	030
178	6	116	030
1644	1	207	030
2530	14	3431	030
198	1	189	030
178	1	179	030
8301	23	3060	030
2	6	30	030
188	1	189	030
1133	6	30	030
172	1	402	030
818	1	416	030
919	1	921	030
3053	23	12505	030
1975	6	2008	030
598	6	30	030
4613	14	3715	030
2020	6	2008	030
812	1	416	030
588	6	30	030
1871	12	2155	030
2130	6	2008	030
428	6	259	030
3172	23	3027	030
1957	6	173	030
1057	1	30	030
25	15	5024	030
2301	23	2951	030
196	1	189	030
3224	12	116	030
675	15	4990	030
2207	23	12514	030
2085	15	5057	030
921	1	30	030
4832	14	3495	030
2113	6	29	030
810	1	416	030
720	1	28	030
711	1	28	030
310	15	5088	030
1970	6	2084	030
88	6	30	030
659	1	341	030
3190	12	2084	030
675	15	5120	030
822	1	416	030
88	1	90	030
702	1	28	030
658	1	173	030
25	15	4990	030
25	6	30	030
578	1	28	030
1110	15	5120	030
3214	12	2082	030
44	5	25	030
260	1	189	030
2140	6	2008	030
195	1	189	030
728	15	4988	030
1133	15	4990	030
630	6	30	030
2159	6	30	030
2301	23	12535	030
734	15	4977	030
4678	14	3496	030
800	1	416	030
1850	23	2951	030
3101	11	3102	030
205	1	207	030
759	1	28	030
492	15	5088	030
509	15	4977	030
1592	6	30	030
2074	6	2075	030
597	15	5088	030
3064	23	12505	030
3209	12	30	030
2049	6	30	030
83	1	809	030
3230	12	116	030
728	1	259	030
1930	15	4977	030
3232	12	29	030
1100	6	28	030
4830	14	3496	030
8730	23	2951	030
2014	15	5057	030
2082	15	4988	030
2702	9	2705	030
5348	15	5088	030
2836	9	2705	030
3718	14	3719	030
3228	12	117	030
769	1	28	030
415	1	416	030
2671	17	6194	030
191	6	30	030
40	6	1439	030
2675	9	2476	030
212	1	189	030
2171	6	116	030
776	15	5088	030
396	6	30	030
2126	6	2008	030
211	1	189	030
2164	6	116	030
1983	6	728	030
2124	6	116	030
3193	12	2155	030
2693	12	28	030
2030	6	2008	030
85	6	116	030
303	1	416	030
8730	23	3026	030
12552	23	12525	030
2903	11	3089	030
205	15	4990	030
3020	23	12514	030
832	1	416	030
205	6	30	030
2008	9	259	030
636	1	172	030
1956	6	2008	030
771	6	30	030
473	6	2082	030
1127	1	846	030
509	6	30	030
3143	11	3087	030
3739	14	3495	030
114	1	116	030
8824	23	2977	030
1478	1	114	030
2681	9	2476	030
734	15	4977	030
6414	23	2935	030
2008	15	4988	030
100	6	30	030
3888	14	3495	030
2207	12	2155	030
2071	6	30	030
1912	6	259	030
44	6	30	030
1588	6	30	030
191	1	30	030
2003	6	30	030
2097	6	30	031
206	1	207	031
2156	6	30	031
431	1	189	031
199	1	189	031
215	1	189	031
2696	9	2476	031
197	1	189	031
3051	10	2924	031
5308	15	5088	031
2169	6	29	031
492	1	493	031
3231	12	29	031
2692	9	2476	031
811	1	416	031
776	1	493	031
2047	6	171	031
169	6	173	031
1850	23	2951	031
284	6	2008	031
55	6	30	031
2089	6	116	031
3237	12	116	031
2079	6	30	031
702	6	28	031
3718	14	3762	031
19	6	2008	031
3839	14	3496	031
1894	23	2920	031
728	1	405	031
3219	12	2027	031
229	15	4988	031
494	1	28	031
1502	1	416	031
3242	12	2009	031
213	1	189	031
8516	23	2981	031
610	1	416	031
443	1	416	031
717	1	636	031
473	1	416	031
5133	15	5088	031
831	1	416	031
613	1	416	031
2090	6	116	031
845	1	28	031
2080	6	116	031
1394	6	115	031
6414	23	2935	031
846	1	397	031
2105	6	30	031
921	6	30	031
178	6	116	031
1644	1	207	031
2530	14	3431	031
198	1	189	031
178	1	179	031
8301	23	3060	031
2	6	30	031
188	1	189	031
1133	6	30	031
172	1	402	031
818	1	416	031
919	1	921	031
3053	23	12505	031
1975	6	2008	031
598	6	30	031
2020	6	2008	031
812	1	416	031
588	6	30	031
1871	12	2155	031
2130	6	2008	031
428	6	259	031
3172	23	3027	031
1957	6	173	031
1057	1	30	031
25	15	5024	031
2301	23	2951	031
196	1	189	031
3224	12	116	031
675	15	4990	031
2207	23	12514	031
2085	15	5057	031
921	1	30	031
4832	14	3495	031
2113	6	29	031
810	1	416	031
720	1	28	031
711	1	28	031
310	15	5088	031
1970	6	2084	031
88	6	30	031
659	1	341	031
3190	12	2084	031
675	15	5120	031
822	1	416	031
88	1	90	031
702	1	28	031
658	1	173	031
25	15	4990	031
25	6	30	031
578	1	28	031
1110	15	5120	031
3214	12	2082	031
44	5	25	031
260	1	189	031
2140	6	2008	031
195	1	189	031
728	15	4988	031
1133	15	4990	031
630	6	30	031
2159	6	30	031
2301	23	12535	031
734	15	4977	031
4678	14	3496	031
800	1	416	031
1850	23	2951	031
3101	11	3102	031
205	1	207	031
759	1	28	031
492	15	5088	031
509	15	4977	031
1592	6	30	031
2074	6	2075	031
597	15	5088	031
3064	23	12505	031
3209	12	30	031
2049	6	30	031
83	1	809	031
3230	12	116	031
728	1	259	031
1930	15	4977	031
3232	12	29	031
1100	6	28	031
8730	23	2951	031
2014	15	5057	031
2082	15	4988	031
2702	9	2705	031
5348	15	5088	031
2836	9	2705	031
3718	14	3719	031
3228	12	117	031
769	1	28	031
415	1	416	031
191	6	30	031
40	6	1439	031
2675	9	2476	031
212	1	189	031
2171	6	116	031
776	15	5088	031
396	6	30	031
2126	6	2008	031
211	1	189	031
2164	6	116	031
1983	6	728	031
2124	6	116	031
3193	12	2155	031
2693	12	28	031
2030	6	2008	031
85	6	116	031
303	1	416	031
8730	23	3026	031
12552	23	12525	031
2903	11	3089	031
205	15	4990	031
3020	23	12514	031
832	1	416	031
205	6	30	031
2008	9	259	031
636	1	172	031
1956	6	2008	031
771	6	30	031
473	6	2082	031
1127	1	846	031
509	6	30	031
3143	11	3087	031
3739	14	3495	031
114	1	116	031
8824	23	2977	031
1478	1	114	031
2681	9	2476	031
4678	14	3715	031
734	15	4977	031
6414	23	2935	031
2008	15	4988	031
100	6	30	031
2207	12	2155	031
2071	6	30	031
1912	6	259	031
44	6	30	031
1588	6	30	031
191	1	30	031
2003	6	30	031
2097	6	30	032
206	1	207	032
2156	6	30	032
431	1	189	032
199	1	189	032
215	1	189	032
2696	9	2476	032
197	1	189	032
3051	10	2924	032
5308	15	5088	032
2169	6	29	032
492	1	493	032
3231	12	29	032
2692	9	2476	032
811	1	416	032
776	1	493	032
2047	6	171	032
169	6	173	032
1850	23	2951	032
284	6	2008	032
55	6	30	032
2089	6	116	032
3237	12	116	032
2079	6	30	032
702	6	28	032
3718	14	3762	032
19	6	2008	032
3839	14	3496	032
1894	23	2920	032
728	1	405	032
3219	12	2027	032
229	15	4988	032
3743	14	3737	032
494	1	28	032
1502	1	416	032
3242	12	2009	032
213	1	189	032
8516	23	2981	032
610	1	416	032
443	1	416	032
717	1	636	032
473	1	416	032
5133	15	5088	032
831	1	416	032
613	1	416	032
2090	6	116	032
845	1	28	032
2080	6	116	032
1394	6	115	032
6414	23	2935	032
846	1	397	032
2105	6	30	032
921	6	30	032
178	6	116	032
1644	1	207	032
2530	14	3431	032
198	1	189	032
178	1	179	032
8301	23	3060	032
2	6	30	032
188	1	189	032
1133	6	30	032
172	1	402	032
818	1	416	032
919	1	921	032
3053	23	12505	032
1975	6	2008	032
598	6	30	032
2020	6	2008	032
812	1	416	032
588	6	30	032
1871	12	2155	032
2130	6	2008	032
428	6	259	032
3172	23	3027	032
1957	6	173	032
1057	1	30	032
25	15	5024	032
2301	23	2951	032
196	1	189	032
3224	12	116	032
675	15	4990	032
2207	23	12514	032
2085	15	5057	032
921	1	30	032
4832	14	3495	032
2113	6	29	032
810	1	416	032
720	1	28	032
711	1	28	032
310	15	5088	032
1970	6	2084	032
88	6	30	032
659	1	341	032
3190	12	2084	032
675	15	5120	032
822	1	416	032
88	1	90	032
702	1	28	032
658	1	173	032
25	15	4990	032
25	6	30	032
578	1	28	032
1110	15	5120	032
3214	12	2082	032
44	5	25	032
260	1	189	032
2140	6	2008	032
195	1	189	032
728	15	4988	032
1133	15	4990	032
630	6	30	032
2159	6	30	032
2301	23	12535	032
734	15	4977	032
800	1	416	032
1850	23	2951	032
3101	11	3102	032
205	1	207	032
759	1	28	032
492	15	5088	032
509	15	4977	032
1592	6	30	032
2074	6	2075	032
597	15	5088	032
3064	23	12505	032
3209	12	30	032
2049	6	30	032
83	1	809	032
3230	12	116	032
728	1	259	032
1930	15	4977	032
3232	12	29	032
1100	6	28	032
8730	23	2951	032
2014	15	5057	032
2082	15	4988	032
2702	9	2705	032
5348	15	5088	032
3713	14	3495	032
2836	9	2705	032
3228	12	117	032
769	1	28	032
415	1	416	032
191	6	30	032
40	6	1439	032
2675	9	2476	032
212	1	189	032
2171	6	116	032
776	15	5088	032
396	6	30	032
2126	6	2008	032
211	1	189	032
2164	6	116	032
1983	6	728	032
2124	6	116	032
3193	12	2155	032
2693	12	28	032
2030	6	2008	032
85	6	116	032
303	1	416	032
8730	23	3026	032
12552	23	12525	032
2903	11	3089	032
205	15	4990	032
3020	23	12514	032
832	1	416	032
205	6	30	032
2008	9	259	032
636	1	172	032
1956	6	2008	032
771	6	30	032
473	6	2082	032
1127	1	846	032
509	6	30	032
3143	11	3087	032
3739	14	3495	032
114	1	116	032
8824	23	2977	032
1478	1	114	032
2681	9	2476	032
4678	14	3715	032
734	15	4977	032
6414	23	2935	032
2008	15	4988	032
100	6	30	032
2207	12	2155	032
2071	6	30	032
1912	6	259	032
44	6	30	032
1588	6	30	032
191	1	30	032
2003	6	30	032
2097	6	30	033
206	1	207	033
2156	6	30	033
431	1	189	033
199	1	189	033
215	1	189	033
2696	9	2476	033
197	1	189	033
3051	10	2924	033
5308	15	5088	033
2169	6	29	033
492	1	493	033
3231	12	29	033
2692	9	2476	033
811	1	416	033
776	1	493	033
2047	6	171	033
169	6	173	033
1850	23	2951	033
284	6	2008	033
55	6	30	033
3766	14	3496	033
2089	6	116	033
3237	12	116	033
2079	6	30	033
702	6	28	033
3718	14	3762	033
19	6	2008	033
3839	14	3496	033
1894	23	2920	033
728	1	405	033
3219	12	2027	033
229	15	4988	033
3743	14	3737	033
494	1	28	033
1502	1	416	033
3242	12	2009	033
213	1	189	033
8516	23	2981	033
610	1	416	033
443	1	416	033
717	1	636	033
473	1	416	033
5133	15	5088	033
831	1	416	033
613	1	416	033
2090	6	116	033
845	1	28	033
2080	6	116	033
1394	6	115	033
6414	23	2935	033
846	1	397	033
2105	6	30	033
921	6	30	033
178	6	116	033
1644	1	207	033
2530	14	3431	033
198	1	189	033
178	1	179	033
8301	23	3060	033
2	6	30	033
188	1	189	033
1133	6	30	033
172	1	402	033
818	1	416	033
919	1	921	033
3053	23	12505	033
1975	6	2008	033
598	6	30	033
2020	6	2008	033
812	1	416	033
588	6	30	033
1871	12	2155	033
2130	6	2008	033
428	6	259	033
3172	23	3027	033
1957	6	173	033
1057	1	30	033
25	15	5024	033
2301	23	2951	033
196	1	189	033
3224	12	116	033
675	15	4990	033
2207	23	12514	033
2085	15	5057	033
921	1	30	033
4832	14	3495	033
2113	6	29	033
810	1	416	033
720	1	28	033
711	1	28	033
310	15	5088	033
1970	6	2084	033
88	6	30	033
659	1	341	033
3190	12	2084	033
675	15	5120	033
822	1	416	033
88	1	90	033
702	1	28	033
658	1	173	033
25	15	4990	033
25	6	30	033
578	1	28	033
1110	15	5120	033
3214	12	2082	033
44	5	25	033
260	1	189	033
2140	6	2008	033
195	1	189	033
728	15	4988	033
1133	15	4990	033
630	6	30	033
2159	6	30	033
2301	23	12535	033
734	15	4977	033
800	1	416	033
1850	23	2951	033
3101	11	3102	033
205	1	207	033
759	1	28	033
492	15	5088	033
509	15	4977	033
1592	6	30	033
2074	6	2075	033
597	15	5088	033
3064	23	12505	033
3209	12	30	033
2049	6	30	033
83	1	809	033
3230	12	116	033
728	1	259	033
1930	15	4977	033
3232	12	29	033
1100	6	28	033
8730	23	2951	033
2014	15	5057	033
2082	15	4988	033
2702	9	2705	033
5348	15	5088	033
3713	14	3495	033
2836	9	2705	033
3228	12	117	033
769	1	28	033
6243	17	5818	033
415	1	416	033
191	6	30	033
40	6	1439	033
2675	9	2476	033
212	1	189	033
2171	6	116	033
776	15	5088	033
396	6	30	033
2126	6	2008	033
211	1	189	033
2164	6	116	033
1983	6	728	033
2124	6	116	033
3193	12	2155	033
2693	12	28	033
2030	6	2008	033
85	6	116	033
303	1	416	033
8730	23	3026	033
12552	23	12525	033
2903	11	3089	033
205	15	4990	033
3020	23	12514	033
832	1	416	033
205	6	30	033
2008	9	259	033
636	1	172	033
1956	6	2008	033
771	6	30	033
473	6	2082	033
1127	1	846	033
509	6	30	033
3143	11	3087	033
3739	14	3495	033
114	1	116	033
8824	23	2977	033
1478	1	114	033
2681	9	2476	033
4678	14	3715	033
734	15	4977	033
6414	23	2935	033
2008	15	4988	033
100	6	30	033
2207	12	2155	033
2071	6	30	033
1912	6	259	033
44	6	30	033
1588	6	30	033
191	1	30	033
2003	6	30	033
2097	6	30	034
206	1	207	034
2156	6	30	034
431	1	189	034
199	1	189	034
215	1	189	034
2696	9	2476	034
197	1	189	034
3051	10	2924	034
5308	15	5088	034
2169	6	29	034
492	1	493	034
3231	12	29	034
2692	9	2476	034
811	1	416	034
776	1	493	034
2047	6	171	034
169	6	173	034
1850	23	2951	034
284	6	2008	034
55	6	30	034
3766	14	3496	034
2089	6	116	034
3237	12	116	034
2079	6	30	034
702	6	28	034
3718	14	3762	034
19	6	2008	034
1894	23	2920	034
728	1	405	034
3219	12	2027	034
229	15	4988	034
3743	14	3737	034
494	1	28	034
1502	1	416	034
3242	12	2009	034
213	1	189	034
8516	23	2981	034
610	1	416	034
443	1	416	034
717	1	636	034
473	1	416	034
5133	15	5088	034
831	1	416	034
613	1	416	034
2090	6	116	034
845	1	28	034
2080	6	116	034
1394	6	115	034
6414	23	2935	034
846	1	397	034
2105	6	30	034
921	6	30	034
178	6	116	034
1644	1	207	034
2530	14	3431	034
198	1	189	034
178	1	179	034
8301	23	3060	034
2	6	30	034
188	1	189	034
1133	6	30	034
172	1	402	034
818	1	416	034
919	1	921	034
3053	23	12505	034
1975	6	2008	034
598	6	30	034
2020	6	2008	034
812	1	416	034
588	6	30	034
1871	12	2155	034
2130	6	2008	034
428	6	259	034
3172	23	3027	034
1957	6	173	034
1057	1	30	034
25	15	5024	034
2301	23	2951	034
196	1	189	034
3224	12	116	034
675	15	4990	034
2207	23	12514	034
2085	15	5057	034
921	1	30	034
4832	14	3495	034
2113	6	29	034
810	1	416	034
720	1	28	034
711	1	28	034
310	15	5088	034
1970	6	2084	034
88	6	30	034
659	1	341	034
3190	12	2084	034
675	15	5120	034
822	1	416	034
88	1	90	034
702	1	28	034
658	1	173	034
25	15	4990	034
25	6	30	034
578	1	28	034
1110	15	5120	034
3214	12	2082	034
44	5	25	034
260	1	189	034
2140	6	2008	034
195	1	189	034
728	15	4988	034
1133	15	4990	034
630	6	30	034
2159	6	30	034
2301	23	12535	034
734	15	4977	034
800	1	416	034
1850	23	2951	034
3101	11	3102	034
205	1	207	034
759	1	28	034
492	15	5088	034
509	15	4977	034
1592	6	30	034
2074	6	2075	034
597	15	5088	034
3064	23	12505	034
3209	12	30	034
2049	6	30	034
83	1	809	034
3230	12	116	034
728	1	259	034
1930	15	4977	034
3232	12	29	034
1100	6	28	034
8730	23	2951	034
2014	15	5057	034
2082	15	4988	034
2702	9	2705	034
5348	15	5088	034
3713	14	3495	034
2836	9	2705	034
3228	12	117	034
769	1	28	034
415	1	416	034
191	6	30	034
40	6	1439	034
2675	9	2476	034
212	1	189	034
2171	6	116	034
776	15	5088	034
396	6	30	034
2126	6	2008	034
211	1	189	034
2164	6	116	034
1983	6	728	034
2124	6	116	034
3193	12	2155	034
2693	12	28	034
2030	6	2008	034
85	6	116	034
303	1	416	034
8730	23	3026	034
12552	23	12525	034
2903	11	3089	034
205	15	4990	034
3020	23	12514	034
832	1	416	034
205	6	30	034
2008	9	259	034
636	1	172	034
1956	6	2008	034
771	6	30	034
473	6	2082	034
1127	1	846	034
509	6	30	034
3143	11	3087	034
114	1	116	034
8824	23	2977	034
1478	1	114	034
2681	9	2476	034
4678	14	3715	034
734	15	4977	034
6414	23	2935	034
2008	15	4988	034
100	6	30	034
2207	12	2155	034
2071	6	30	034
1912	6	259	034
44	6	30	034
1588	6	30	034
191	1	30	034
2003	6	30	034
2097	6	30	035
206	1	207	035
2156	6	30	035
431	1	189	035
2644	9	2593	035
199	1	189	035
215	1	189	035
2696	9	2476	035
197	1	189	035
3051	10	2924	035
5308	15	5088	035
2169	6	29	035
492	1	493	035
3231	12	29	035
2692	9	2476	035
811	1	416	035
776	1	493	035
2047	6	171	035
169	6	173	035
1850	23	2951	035
284	6	2008	035
55	6	30	035
2089	6	116	035
3237	12	116	035
2079	6	30	035
702	6	28	035
19	6	2008	035
1894	23	2920	035
728	1	405	035
3219	12	2027	035
229	15	4988	035
3743	14	3737	035
494	1	28	035
1502	1	416	035
3242	12	2009	035
213	1	189	035
8516	23	2981	035
610	1	416	035
443	1	416	035
717	1	636	035
473	1	416	035
5133	15	5088	035
831	1	416	035
613	1	416	035
2090	6	116	035
845	1	28	035
2080	6	116	035
1394	6	115	035
6414	23	2935	035
846	1	397	035
2105	6	30	035
921	6	30	035
178	6	116	035
1644	1	207	035
2530	14	3431	035
198	1	189	035
178	1	179	035
8301	23	3060	035
2	6	30	035
188	1	189	035
1133	6	30	035
172	1	402	035
818	1	416	035
919	1	921	035
3053	23	12505	035
1975	6	2008	035
598	6	30	035
2020	6	2008	035
812	1	416	035
588	6	30	035
1871	12	2155	035
2130	6	2008	035
428	6	259	035
3172	23	3027	035
1957	6	173	035
1057	1	30	035
25	15	5024	035
2301	23	2951	035
196	1	189	035
3224	12	116	035
675	15	4990	035
2207	23	12514	035
2085	15	5057	035
921	1	30	035
4832	14	3495	035
2113	6	29	035
810	1	416	035
720	1	28	035
711	1	28	035
310	15	5088	035
1970	6	2084	035
88	6	30	035
659	1	341	035
3190	12	2084	035
675	15	5120	035
822	1	416	035
88	1	90	035
702	1	28	035
658	1	173	035
25	15	4990	035
25	6	30	035
578	1	28	035
1110	15	5120	035
3214	12	2082	035
44	5	25	035
260	1	189	035
2140	6	2008	035
195	1	189	035
728	15	4988	035
1133	15	4990	035
3866	17	5873	035
630	6	30	035
2159	6	30	035
2301	23	12535	035
734	15	4977	035
800	1	416	035
4890	14	4228	035
1850	23	2951	035
3101	11	3102	035
205	1	207	035
759	1	28	035
492	15	5088	035
509	15	4977	035
1592	6	30	035
2074	6	2075	035
597	15	5088	035
3064	23	12505	035
3209	12	30	035
2049	6	30	035
83	1	809	035
6884	17	6171	035
3230	12	116	035
728	1	259	035
1930	15	4977	035
3232	12	29	035
1100	6	28	035
8730	23	2951	035
2014	15	5057	035
2082	15	4988	035
2702	9	2705	035
5348	15	5088	035
3713	14	3495	035
2836	9	2705	035
3228	12	117	035
769	1	28	035
415	1	416	035
191	6	30	035
40	6	1439	035
2675	9	2476	035
212	1	189	035
2171	6	116	035
776	15	5088	035
396	6	30	035
2126	6	2008	035
211	1	189	035
2164	6	116	035
1983	6	728	035
2124	6	116	035
3193	12	2155	035
2693	12	28	035
2030	6	2008	035
85	6	116	035
303	1	416	035
8730	23	3026	035
12552	23	12525	035
2903	11	3089	035
205	15	4990	035
3020	23	12514	035
832	1	416	035
205	6	30	035
2008	9	259	035
3914	14	3496	035
636	1	172	035
1956	6	2008	035
771	6	30	035
473	6	2082	035
1127	1	846	035
509	6	30	035
3143	11	3087	035
114	1	116	035
8824	23	2977	035
1478	1	114	035
2681	9	2476	035
4678	14	3715	035
734	15	4977	035
6414	23	2935	035
2008	15	4988	035
100	6	30	035
2207	12	2155	035
2071	6	30	035
1912	6	259	035
44	6	30	035
1588	6	30	035
191	1	30	035
2003	6	30	035
2097	6	30	036
206	1	207	036
2156	6	30	036
431	1	189	036
2644	9	2593	036
199	1	189	036
215	1	189	036
2696	9	2476	036
197	1	189	036
3051	10	2924	036
5308	15	5088	036
2169	6	29	036
492	1	493	036
3231	12	29	036
2692	9	2476	036
811	1	416	036
776	1	493	036
2047	6	171	036
169	6	173	036
1850	23	2951	036
284	6	2008	036
55	6	30	036
2089	6	116	036
3237	12	116	036
2079	6	30	036
702	6	28	036
19	6	2008	036
1894	23	2920	036
728	1	405	036
3219	12	2027	036
229	15	4988	036
3743	14	3737	036
494	1	28	036
1502	1	416	036
3242	12	2009	036
213	1	189	036
8516	23	2981	036
610	1	416	036
443	1	416	036
3739	14	3737	036
717	1	636	036
473	1	416	036
5133	15	5088	036
831	1	416	036
613	1	416	036
2090	6	116	036
845	1	28	036
2080	6	116	036
1394	6	115	036
6414	23	2935	036
846	1	397	036
2671	9	2672	036
2105	6	30	036
921	6	30	036
178	6	116	036
1644	1	207	036
2530	14	3431	036
198	1	189	036
178	1	179	036
8301	23	3060	036
2	6	30	036
188	1	189	036
1133	6	30	036
172	1	402	036
818	1	416	036
919	1	921	036
3053	23	12505	036
1975	6	2008	036
598	6	30	036
2020	6	2008	036
812	1	416	036
588	6	30	036
1871	12	2155	036
2130	6	2008	036
428	6	259	036
3172	23	3027	036
1957	6	173	036
1057	1	30	036
25	15	5024	036
2301	23	2951	036
196	1	189	036
3224	12	116	036
675	15	4990	036
2207	23	12514	036
2085	15	5057	036
921	1	30	036
2113	6	29	036
810	1	416	036
720	1	28	036
711	1	28	036
310	15	5088	036
1970	6	2084	036
88	6	30	036
659	1	341	036
3743	14	3495	036
3190	12	2084	036
675	15	5120	036
822	1	416	036
88	1	90	036
702	1	28	036
658	1	173	036
25	15	4990	036
25	6	30	036
578	1	28	036
1110	15	5120	036
3214	12	2082	036
44	5	25	036
260	1	189	036
2140	6	2008	036
195	1	189	036
728	15	4988	036
1133	15	4990	036
630	6	30	036
2159	6	30	036
2301	23	12535	036
734	15	4977	036
800	1	416	036
4890	14	4228	036
1850	23	2951	036
3101	11	3102	036
205	1	207	036
759	1	28	036
492	15	5088	036
509	15	4977	036
1592	6	30	036
2074	6	2075	036
597	15	5088	036
3064	23	12505	036
3209	12	30	036
2049	6	30	036
83	1	809	036
3230	12	116	036
728	1	259	036
1930	15	4977	036
3232	12	29	036
1100	6	28	036
8730	23	2951	036
2014	15	5057	036
2082	15	4988	036
2702	9	2705	036
5348	15	5088	036
3713	14	3495	036
2836	9	2705	036
3228	12	117	036
769	1	28	036
415	1	416	036
191	6	30	036
40	6	1439	036
2675	9	2476	036
212	1	189	036
2171	6	116	036
776	15	5088	036
396	6	30	036
2126	6	2008	036
211	1	189	036
2164	6	116	036
1983	6	728	036
2124	6	116	036
3193	12	2155	036
2693	12	28	036
2030	6	2008	036
85	6	116	036
303	1	416	036
8730	23	3026	036
12552	23	12525	036
2903	11	3089	036
205	15	4990	036
3020	23	12514	036
832	1	416	036
205	6	30	036
2008	9	259	036
3914	14	3496	036
636	1	172	036
1956	6	2008	036
771	6	30	036
473	6	2082	036
1127	1	846	036
509	6	30	036
3143	11	3087	036
114	1	116	036
8824	23	2977	036
1478	1	114	036
2681	9	2476	036
4678	14	3715	036
734	15	4977	036
6414	23	2935	036
2008	15	4988	036
100	6	30	036
2207	12	2155	036
2071	6	30	036
1912	6	259	036
44	6	30	036
1588	6	30	036
191	1	30	036
2003	6	30	036
2097	6	30	037
206	1	207	037
2156	6	30	037
431	1	189	037
2644	9	2593	037
199	1	189	037
4722	14	3733	037
215	1	189	037
2696	9	2476	037
197	1	189	037
5308	15	5088	037
2169	6	29	037
492	1	493	037
3231	12	29	037
2692	9	2476	037
811	1	416	037
776	1	493	037
2047	6	171	037
169	6	173	037
1850	23	2951	037
284	6	2008	037
55	6	30	037
2089	6	116	037
3237	12	116	037
2079	6	30	037
702	6	28	037
19	6	2008	037
1894	23	2920	037
728	1	405	037
3219	12	2027	037
229	15	4988	037
494	1	28	037
1502	1	416	037
3242	12	2009	037
213	1	189	037
8516	23	2981	037
610	1	416	037
443	1	416	037
3739	14	3737	037
717	1	636	037
473	1	416	037
5133	15	5088	037
831	1	416	037
613	1	416	037
2090	6	116	037
845	1	28	037
2080	6	116	037
1394	6	115	037
6414	23	2935	037
846	1	397	037
2671	9	2672	037
2105	6	30	037
921	6	30	037
178	6	116	037
1644	1	207	037
2530	14	3431	037
198	1	189	037
178	1	179	037
8301	23	3060	037
2	6	30	037
188	1	189	037
1133	6	30	037
172	1	402	037
818	1	416	037
919	1	921	037
3053	23	12505	037
1975	6	2008	037
598	6	30	037
2020	6	2008	037
812	1	416	037
588	6	30	037
1871	12	2155	037
2130	6	2008	037
428	6	259	037
3172	23	3027	037
1957	6	173	037
25	15	5024	037
2301	23	2951	037
196	1	189	037
3224	12	116	037
675	15	4990	037
2207	23	12514	037
2085	15	5057	037
921	1	30	037
2113	6	29	037
810	1	416	037
720	1	28	037
711	1	28	037
310	15	5088	037
1970	6	2084	037
88	6	30	037
659	1	341	037
3743	14	3495	037
3190	12	2084	037
675	15	5120	037
822	1	416	037
88	1	90	037
702	1	28	037
658	1	173	037
25	15	4990	037
25	6	30	037
578	1	28	037
1110	15	5120	037
3214	12	2082	037
44	5	25	037
260	1	189	037
2140	6	2008	037
195	1	189	037
728	15	4988	037
1133	15	4990	037
630	6	30	037
2159	6	30	037
2301	23	12535	037
734	15	4977	037
800	1	416	037
4890	14	4228	037
1850	23	2951	037
3101	11	3102	037
205	1	207	037
759	1	28	037
492	15	5088	037
509	15	4977	037
1592	6	30	037
2074	6	2075	037
597	15	5088	037
3064	23	12505	037
3209	12	30	037
2049	6	30	037
83	1	809	037
3230	12	116	037
728	1	259	037
1930	15	4977	037
3232	12	29	037
1100	6	28	037
8730	23	2951	037
2014	15	5057	037
2082	15	4988	037
2702	9	2705	037
5348	15	5088	037
3713	14	3495	037
2836	9	2705	037
3228	12	117	037
769	1	28	037
415	1	416	037
191	6	30	037
40	6	1439	037
2675	9	2476	037
212	1	189	037
2171	6	116	037
776	15	5088	037
396	6	30	037
2126	6	2008	037
211	1	189	037
2164	6	116	037
1983	6	728	037
2124	6	116	037
3193	12	2155	037
2789	17	6005	037
2693	12	28	037
2030	6	2008	037
85	6	116	037
303	1	416	037
8730	23	3026	037
12552	23	12525	037
2903	11	3089	037
205	15	4990	037
3020	23	12514	037
832	1	416	037
205	6	30	037
2008	9	259	037
3914	14	3496	037
636	1	172	037
1956	6	2008	037
771	6	30	037
473	6	2082	037
1127	1	846	037
509	6	30	037
3143	11	3087	037
114	1	116	037
8824	23	2977	037
1478	1	114	037
2681	9	2476	037
4678	14	3715	037
734	15	4977	037
6414	23	2935	037
2008	15	4988	037
100	6	30	037
2207	12	2155	037
2071	6	30	037
1912	6	259	037
44	6	30	037
3718	14	3495	037
1588	6	30	037
191	1	30	037
2003	6	30	037
2097	6	30	038
206	1	207	038
2156	6	30	038
431	1	189	038
2644	9	2593	038
199	1	189	038
4722	14	3733	038
215	1	189	038
2696	9	2476	038
197	1	189	038
5308	15	5088	038
2169	6	29	038
492	1	493	038
3231	12	29	038
2692	9	2476	038
811	1	416	038
776	1	493	038
2047	6	171	038
169	6	173	038
1850	23	2951	038
284	6	2008	038
55	6	30	038
2089	6	116	038
3237	12	116	038
2079	6	30	038
702	6	28	038
19	6	2008	038
1894	23	2920	038
728	1	405	038
3219	12	2027	038
229	15	4988	038
494	1	28	038
1502	1	416	038
3242	12	2009	038
213	1	189	038
8516	23	2981	038
610	1	416	038
443	1	416	038
3739	14	3737	038
717	1	636	038
473	1	416	038
5133	15	5088	038
831	1	416	038
613	1	416	038
2090	6	116	038
845	1	28	038
2080	6	116	038
1394	6	115	038
6414	23	2935	038
846	1	397	038
2671	9	2672	038
2105	6	30	038
921	6	30	038
178	6	116	038
1644	1	207	038
2530	14	3431	038
198	1	189	038
178	1	179	038
8301	23	3060	038
2	6	30	038
188	1	189	038
1133	6	30	038
172	1	402	038
818	1	416	038
919	1	921	038
3053	23	12505	038
1975	6	2008	038
598	6	30	038
2020	6	2008	038
812	1	416	038
588	6	30	038
1871	12	2155	038
2130	6	2008	038
428	6	259	038
3172	23	3027	038
1957	6	173	038
3732	14	3734	038
25	15	5024	038
2301	23	2951	038
196	1	189	038
3224	12	116	038
675	15	4990	038
2207	23	12514	038
2085	15	5057	038
921	1	30	038
2113	6	29	038
810	1	416	038
720	1	28	038
711	1	28	038
310	15	5088	038
1970	6	2084	038
88	6	30	038
659	1	341	038
3743	14	3495	038
3190	12	2084	038
675	15	5120	038
822	1	416	038
88	1	90	038
702	1	28	038
658	1	173	038
25	15	4990	038
25	6	30	038
578	1	28	038
1110	15	5120	038
3214	12	2082	038
44	5	25	038
260	1	189	038
2140	6	2008	038
195	1	189	038
728	15	4988	038
1133	15	4990	038
630	6	30	038
2159	6	30	038
2301	23	12535	038
734	15	4977	038
800	1	416	038
1850	23	2951	038
3101	11	3102	038
205	1	207	038
759	1	28	038
492	15	5088	038
509	15	4977	038
1592	6	30	038
2074	6	2075	038
597	15	5088	038
3064	23	12505	038
3209	12	30	038
2049	6	30	038
83	1	809	038
3230	12	116	038
728	1	259	038
1930	15	4977	038
3232	12	29	038
1100	6	28	038
8730	23	2951	038
2014	15	5057	038
2082	15	4988	038
2702	9	2705	038
5348	15	5088	038
3713	14	3495	038
2836	9	2705	038
3228	12	117	038
769	1	28	038
415	1	416	038
191	6	30	038
40	6	1439	038
2675	9	2476	038
212	1	189	038
2171	6	116	038
776	15	5088	038
396	6	30	038
2126	6	2008	038
211	1	189	038
2164	6	116	038
1983	6	728	038
2124	6	116	038
3193	12	2155	038
2693	12	28	038
2030	6	2008	038
85	6	116	038
303	1	416	038
8730	23	3026	038
12552	23	12525	038
2903	11	3089	038
205	15	4990	038
3020	23	12514	038
832	1	416	038
205	6	30	038
2008	9	259	038
636	1	172	038
1956	6	2008	038
771	6	30	038
473	6	2082	038
1127	1	846	038
509	6	30	038
3143	11	3087	038
114	1	116	038
8824	23	2977	038
1478	1	114	038
2681	9	2476	038
4678	14	3715	038
734	15	4977	038
6414	23	2935	038
2008	15	4988	038
100	6	30	038
2207	12	2155	038
2071	6	30	038
1912	6	259	038
44	6	30	038
3718	14	3495	038
1588	6	30	038
191	1	30	038
2003	6	30	038
2097	6	30	039
206	1	207	039
2156	6	30	039
431	1	189	039
2644	9	2593	039
199	1	189	039
4722	14	3733	039
215	1	189	039
2696	9	2476	039
197	1	189	039
5308	15	5088	039
2169	6	29	039
492	1	493	039
3839	14	3495	039
3231	12	29	039
2692	9	2476	039
811	1	416	039
776	1	493	039
2047	6	171	039
169	6	173	039
1850	23	2951	039
284	6	2008	039
55	6	30	039
2089	6	116	039
3237	12	116	039
2079	6	30	039
702	6	28	039
19	6	2008	039
1894	23	2920	039
728	1	405	039
3219	12	2027	039
229	15	4988	039
494	1	28	039
1502	1	416	039
3242	12	2009	039
213	1	189	039
8516	23	2981	039
610	1	416	039
443	1	416	039
3739	14	3737	039
717	1	636	039
473	1	416	039
5133	15	5088	039
831	1	416	039
613	1	416	039
2090	6	116	039
845	1	28	039
2080	6	116	039
1394	6	115	039
6414	23	2935	039
846	1	397	039
2671	9	2672	039
2105	6	30	039
921	6	30	039
178	6	116	039
1644	1	207	039
2530	14	3431	039
198	1	189	039
178	1	179	039
8301	23	3060	039
2	6	30	039
188	1	189	039
1133	6	30	039
172	1	402	039
818	1	416	039
919	1	921	039
3053	23	12505	039
1975	6	2008	039
598	6	30	039
2020	6	2008	039
812	1	416	039
588	6	30	039
1871	12	2155	039
2130	6	2008	039
428	6	259	039
3172	23	3027	039
1957	6	173	039
3732	14	3734	039
25	15	5024	039
2301	23	2951	039
196	1	189	039
3224	12	116	039
675	15	4990	039
2207	23	12514	039
2085	15	5057	039
921	1	30	039
2113	6	29	039
810	1	416	039
720	1	28	039
711	1	28	039
310	15	5088	039
1970	6	2084	039
88	6	30	039
659	1	341	039
3743	14	3495	039
3190	12	2084	039
675	15	5120	039
822	1	416	039
88	1	90	039
702	1	28	039
658	1	173	039
25	15	4990	039
25	6	30	039
578	1	28	039
1110	15	5120	039
3214	12	2082	039
44	5	25	039
260	1	189	039
2140	6	2008	039
195	1	189	039
728	15	4988	039
1133	15	4990	039
630	6	30	039
2159	6	30	039
2301	23	12535	039
734	15	4977	039
800	1	416	039
1850	23	2951	039
3101	11	3102	039
205	1	207	039
759	1	28	039
492	15	5088	039
509	15	4977	039
1592	6	30	039
2074	6	2075	039
597	15	5088	039
3064	23	12505	039
3209	12	30	039
6170	17	5994	039
2049	6	30	039
83	1	809	039
3230	12	116	039
728	1	259	039
1930	15	4977	039
3232	12	29	039
4678	14	3835	039
1100	6	28	039
8730	23	2951	039
2014	15	5057	039
2082	15	4988	039
2702	9	2705	039
5348	15	5088	039
3713	14	3495	039
2836	9	2705	039
3228	12	117	039
769	1	28	039
415	1	416	039
191	6	30	039
40	6	1439	039
2675	9	2476	039
212	1	189	039
2171	6	116	039
776	15	5088	039
396	6	30	039
2126	6	2008	039
211	1	189	039
2164	6	116	039
1983	6	728	039
2124	6	116	039
3193	12	2155	039
2693	12	28	039
2030	6	2008	039
85	6	116	039
303	1	416	039
8730	23	3026	039
12552	23	12525	039
2903	11	3089	039
205	15	4990	039
3020	23	12514	039
832	1	416	039
205	6	30	039
2008	9	259	039
636	1	172	039
1956	6	2008	039
771	6	30	039
473	6	2082	039
1127	1	846	039
509	6	30	039
3143	11	3087	039
114	1	116	039
8824	23	2977	039
1478	1	114	039
2681	9	2476	039
4678	14	3715	039
734	15	4977	039
6414	23	2935	039
2008	15	4988	039
100	6	30	039
2207	12	2155	039
2071	6	30	039
1912	6	259	039
44	6	30	039
3718	14	3495	039
1588	6	30	039
191	1	30	039
2003	6	30	039
2097	6	30	040
206	1	207	040
2156	6	30	040
431	1	189	040
2644	9	2593	040
199	1	189	040
215	1	189	040
2696	9	2476	040
197	1	189	040
5308	15	5088	040
2169	6	29	040
492	1	493	040
3839	14	3495	040
3231	12	29	040
2692	9	2476	040
811	1	416	040
776	1	493	040
2047	6	171	040
169	6	173	040
1850	23	2951	040
284	6	2008	040
55	6	30	040
2089	6	116	040
3237	12	116	040
2079	6	30	040
702	6	28	040
19	6	2008	040
1894	23	2920	040
728	1	405	040
3219	12	2027	040
229	15	4988	040
494	1	28	040
1502	1	416	040
3242	12	2009	040
213	1	189	040
8516	23	2981	040
610	1	416	040
443	1	416	040
3739	14	3737	040
717	1	636	040
473	1	416	040
5133	15	5088	040
831	1	416	040
613	1	416	040
2090	6	116	040
845	1	28	040
2080	6	116	040
1394	6	115	040
6414	23	2935	040
846	1	397	040
2671	9	2672	040
2105	6	30	040
921	6	30	040
178	6	116	040
1644	1	207	040
2530	14	3431	040
198	1	189	040
178	1	179	040
8301	23	3060	040
2	6	30	040
188	1	189	040
1133	6	30	040
172	1	402	040
818	1	416	040
919	1	921	040
3053	23	12505	040
1975	6	2008	040
598	6	30	040
2020	6	2008	040
812	1	416	040
588	6	30	040
1871	12	2155	040
2130	6	2008	040
428	6	259	040
3172	23	3027	040
1957	6	173	040
25	15	5024	040
2301	23	2951	040
196	1	189	040
3224	12	116	040
675	15	4990	040
2207	23	12514	040
2085	15	5057	040
921	1	30	040
2113	6	29	040
810	1	416	040
720	1	28	040
711	1	28	040
310	15	5088	040
1970	6	2084	040
88	6	30	040
659	1	341	040
3190	12	2084	040
675	15	5120	040
822	1	416	040
88	1	90	040
702	1	28	040
658	1	173	040
25	15	4990	040
25	6	30	040
578	1	28	040
1110	15	5120	040
3214	12	2082	040
44	5	25	040
260	1	189	040
2140	6	2008	040
195	1	189	040
728	15	4988	040
1133	15	4990	040
630	6	30	040
2159	6	30	040
2301	23	12535	040
734	15	4977	040
800	1	416	040
1850	23	2951	040
3101	11	3102	040
205	1	207	040
759	1	28	040
492	15	5088	040
509	15	4977	040
1592	6	30	040
2074	6	2075	040
597	15	5088	040
3064	23	12505	040
3209	12	30	040
2049	6	30	040
83	1	809	040
3230	12	116	040
728	1	259	040
1930	15	4977	040
3232	12	29	040
4678	14	3835	040
1100	6	28	040
8730	23	2951	040
2014	15	5057	040
2082	15	4988	040
2702	9	2705	040
5348	15	5088	040
3713	14	3495	040
2836	9	2705	040
3228	12	117	040
769	1	28	040
415	1	416	040
191	6	30	040
40	6	1439	040
2675	9	2476	040
212	1	189	040
2171	6	116	040
776	15	5088	040
396	6	30	040
2126	6	2008	040
211	1	189	040
2164	6	116	040
1983	6	728	040
2124	6	116	040
3193	12	2155	040
2693	12	28	040
2030	6	2008	040
85	6	116	040
303	1	416	040
8730	23	3026	040
12552	23	12525	040
2903	11	3089	040
205	15	4990	040
3020	23	12514	040
832	1	416	040
205	6	30	040
2008	9	259	040
636	1	172	040
1956	6	2008	040
771	6	30	040
473	6	2082	040
1127	1	846	040
509	6	30	040
3143	11	3087	040
114	1	116	040
8824	23	2977	040
1478	1	114	040
2681	9	2476	040
734	15	4977	040
6414	23	2935	040
2008	15	4988	040
100	6	30	040
2207	12	2155	040
2071	6	30	040
1912	6	259	040
44	6	30	040
3718	14	3495	040
1588	6	30	040
191	1	30	040
2003	6	30	040
2097	6	30	041
206	1	207	041
2156	6	30	041
431	1	189	041
2644	9	2593	041
199	1	189	041
215	1	189	041
2696	9	2476	041
197	1	189	041
5308	15	5088	041
2169	6	29	041
492	1	493	041
3839	14	3495	041
3231	12	29	041
2692	9	2476	041
811	1	416	041
776	1	493	041
2047	6	171	041
169	6	173	041
1850	23	2951	041
284	6	2008	041
55	6	30	041
2089	6	116	041
3237	12	116	041
2079	6	30	041
702	6	28	041
19	6	2008	041
1894	23	2920	041
728	1	405	041
3219	12	2027	041
229	15	4988	041
494	1	28	041
1502	1	416	041
3242	12	2009	041
213	1	189	041
8516	23	2981	041
610	1	416	041
443	1	416	041
717	1	636	041
473	1	416	041
5133	15	5088	041
831	1	416	041
613	1	416	041
2090	6	116	041
845	1	28	041
2080	6	116	041
1394	6	115	041
6414	23	2935	041
846	1	397	041
2671	9	2672	041
2105	6	30	041
921	6	30	041
178	6	116	041
1644	1	207	041
2530	14	3431	041
198	1	189	041
178	1	179	041
8301	23	3060	041
2	6	30	041
188	1	189	041
1133	6	30	041
172	1	402	041
818	1	416	041
919	1	921	041
3053	23	12505	041
1975	6	2008	041
598	6	30	041
2020	6	2008	041
812	1	416	041
588	6	30	041
1871	12	2155	041
2130	6	2008	041
428	6	259	041
3172	23	3027	041
1957	6	173	041
25	15	5024	041
2301	23	2951	041
196	1	189	041
3224	12	116	041
675	15	4990	041
2207	23	12514	041
2085	15	5057	041
921	1	30	041
2113	6	29	041
810	1	416	041
720	1	28	041
711	1	28	041
310	15	5088	041
1970	6	2084	041
88	6	30	041
659	1	341	041
3190	12	2084	041
675	15	5120	041
822	1	416	041
88	1	90	041
702	1	28	041
658	1	173	041
25	15	4990	041
25	6	30	041
578	1	28	041
1110	15	5120	041
3214	12	2082	041
44	5	25	041
260	1	189	041
2140	6	2008	041
195	1	189	041
728	15	4988	041
1133	15	4990	041
630	6	30	041
2159	6	30	041
2301	23	12535	041
734	15	4977	041
800	1	416	041
1850	23	2951	041
3101	11	3102	041
205	1	207	041
759	1	28	041
492	15	5088	041
509	15	4977	041
1592	6	30	041
2074	6	2075	041
597	15	5088	041
3064	23	12505	041
3209	12	30	041
2049	6	30	041
83	1	809	041
6170	17	5997	041
3230	12	116	041
728	1	259	041
1930	15	4977	041
3232	12	29	041
4678	14	3835	041
1100	6	28	041
8730	23	2951	041
2014	15	5057	041
2082	15	4988	041
2702	9	2705	041
5348	15	5088	041
3713	14	3495	041
2836	9	2705	041
3228	12	117	041
769	1	28	041
415	1	416	041
191	6	30	041
40	6	1439	041
2675	9	2476	041
212	1	189	041
2171	6	116	041
776	15	5088	041
396	6	30	041
2126	6	2008	041
211	1	189	041
2164	6	116	041
1983	6	728	041
2124	6	116	041
3193	12	2155	041
2693	12	28	041
2030	6	2008	041
85	6	116	041
303	1	416	041
8730	23	3026	041
12552	23	12525	041
2903	11	3089	041
205	15	4990	041
3020	23	12514	041
832	1	416	041
205	6	30	041
2008	9	259	041
636	1	172	041
1956	6	2008	041
771	6	30	041
473	6	2082	041
1127	1	846	041
509	6	30	041
3143	11	3087	041
114	1	116	041
8824	23	2977	041
1478	1	114	041
2681	9	2476	041
734	15	4977	041
6414	23	2935	041
2008	15	4988	041
100	6	30	041
2207	12	2155	041
2071	6	30	041
1912	6	259	041
44	6	30	041
3718	14	3495	041
1588	6	30	041
191	1	30	041
2003	6	30	041
2097	6	30	042
206	1	207	042
2156	6	30	042
431	1	189	042
2644	9	2593	042
199	1	189	042
215	1	189	042
2696	9	2476	042
197	1	189	042
5308	15	5088	042
2169	6	29	042
492	1	493	042
3839	14	3495	042
3231	12	29	042
2692	9	2476	042
811	1	416	042
776	1	493	042
2047	6	171	042
169	6	173	042
1850	23	2951	042
284	6	2008	042
55	6	30	042
2089	6	116	042
3237	12	116	042
2079	6	30	042
702	6	28	042
19	6	2008	042
1894	23	2920	042
728	1	405	042
3219	12	2027	042
229	15	4988	042
494	1	28	042
1502	1	416	042
3242	12	2009	042
213	1	189	042
8516	23	2981	042
610	1	416	042
443	1	416	042
6884	17	5996	042
717	1	636	042
473	1	416	042
5133	15	5088	042
831	1	416	042
613	1	416	042
2090	6	116	042
845	1	28	042
2080	6	116	042
1394	6	115	042
6414	23	2935	042
846	1	397	042
2671	9	2672	042
2105	6	30	042
921	6	30	042
178	6	116	042
1644	1	207	042
2530	14	3431	042
198	1	189	042
178	1	179	042
8301	23	3060	042
2	6	30	042
188	1	189	042
1133	6	30	042
172	1	402	042
818	1	416	042
919	1	921	042
3053	23	12505	042
1975	6	2008	042
598	6	30	042
2020	6	2008	042
812	1	416	042
3113	14	3793	042
588	6	30	042
1871	12	2155	042
2130	6	2008	042
428	6	259	042
3172	23	3027	042
1957	6	173	042
25	15	5024	042
2301	23	2951	042
196	1	189	042
3224	12	116	042
675	15	4990	042
2207	23	12514	042
2085	15	5057	042
921	1	30	042
2113	6	29	042
810	1	416	042
720	1	28	042
711	1	28	042
310	15	5088	042
1970	6	2084	042
88	6	30	042
659	1	341	042
3190	12	2084	042
675	15	5120	042
822	1	416	042
88	1	90	042
702	1	28	042
658	1	173	042
25	15	4990	042
25	6	30	042
578	1	28	042
1110	15	5120	042
3214	12	2082	042
44	5	25	042
260	1	189	042
2140	6	2008	042
195	1	189	042
728	15	4988	042
1133	15	4990	042
630	6	30	042
2159	6	30	042
2301	23	12535	042
734	15	4977	042
800	1	416	042
1850	23	2951	042
3101	11	3102	042
205	1	207	042
759	1	28	042
492	15	5088	042
509	15	4977	042
1592	6	30	042
2074	6	2075	042
597	15	5088	042
3064	23	12505	042
3209	12	30	042
2049	6	30	042
83	1	809	042
3230	12	116	042
728	1	259	042
1930	15	4977	042
3232	12	29	042
4678	14	3835	042
1100	6	28	042
8730	23	2951	042
2014	15	5057	042
2082	15	4988	042
2702	9	2705	042
5348	15	5088	042
3713	14	3495	042
2836	9	2705	042
3228	12	117	042
769	1	28	042
415	1	416	042
191	6	30	042
7403	17	6005	042
40	6	1439	042
2675	9	2476	042
212	1	189	042
2171	6	116	042
776	15	5088	042
396	6	30	042
2126	6	2008	042
211	1	189	042
2164	6	116	042
1983	6	728	042
2124	6	116	042
3193	12	2155	042
2693	12	28	042
4259	14	3496	042
2030	6	2008	042
85	6	116	042
303	1	416	042
8730	23	3026	042
12552	23	12525	042
4830	14	3715	042
2903	11	3089	042
205	15	4990	042
3020	23	12514	042
832	1	416	042
205	6	30	042
2008	9	259	042
636	1	172	042
1956	6	2008	042
771	6	30	042
473	6	2082	042
1127	1	846	042
509	6	30	042
3143	11	3087	042
114	1	116	042
8824	23	2977	042
1478	1	114	042
2681	9	2476	042
734	15	4977	042
6414	23	2935	042
2008	15	4988	042
100	6	30	042
2207	12	2155	042
2071	6	30	042
1912	6	259	042
44	6	30	042
3718	14	3495	042
1588	6	30	042
191	1	30	042
2003	6	30	042
3936	14	3937	043
2097	6	30	043
206	1	207	043
2156	6	30	043
431	1	189	043
2644	9	2593	043
199	1	189	043
215	1	189	043
2696	9	2476	043
197	1	189	043
5308	15	5088	043
2169	6	29	043
492	1	493	043
3231	12	29	043
2692	9	2476	043
811	1	416	043
776	1	493	043
2047	6	171	043
169	6	173	043
1850	23	2951	043
284	6	2008	043
55	6	30	043
2089	6	116	043
3237	12	116	043
2079	6	30	043
702	6	28	043
19	6	2008	043
1894	23	2920	043
728	1	405	043
3219	12	2027	043
229	15	4988	043
494	1	28	043
1502	1	416	043
3242	12	2009	043
213	1	189	043
8516	23	2981	043
610	1	416	043
443	1	416	043
717	1	636	043
473	1	416	043
5133	15	5088	043
831	1	416	043
613	1	416	043
2090	6	116	043
845	1	28	043
2080	6	116	043
1394	6	115	043
6414	23	2935	043
846	1	397	043
2671	9	2672	043
2105	6	30	043
921	6	30	043
178	6	116	043
1644	1	207	043
2530	14	3431	043
198	1	189	043
178	1	179	043
8301	23	3060	043
2	6	30	043
188	1	189	043
1133	6	30	043
172	1	402	043
818	1	416	043
919	1	921	043
3053	23	12505	043
1975	6	2008	043
598	6	30	043
2020	6	2008	043
812	1	416	043
3113	14	3793	043
588	6	30	043
1871	12	2155	043
2130	6	2008	043
428	6	259	043
3172	23	3027	043
1957	6	173	043
25	15	5024	043
2301	23	2951	043
196	1	189	043
3224	12	116	043
675	15	4990	043
2207	23	12514	043
2085	15	5057	043
921	1	30	043
6884	17	5995	043
2113	6	29	043
810	1	416	043
720	1	28	043
711	1	28	043
310	15	5088	043
1970	6	2084	043
88	6	30	043
659	1	341	043
3190	12	2084	043
675	15	5120	043
822	1	416	043
88	1	90	043
702	1	28	043
658	1	173	043
25	15	4990	043
25	6	30	043
578	1	28	043
1110	15	5120	043
3214	12	2082	043
44	5	25	043
3718	14	3433	043
260	1	189	043
2140	6	2008	043
195	1	189	043
728	15	4988	043
1133	15	4990	043
630	6	30	043
2159	6	30	043
2301	23	12535	043
734	15	4977	043
800	1	416	043
1850	23	2951	043
3101	11	3102	043
205	1	207	043
759	1	28	043
492	15	5088	043
509	15	4977	043
1592	6	30	043
2074	6	2075	043
597	15	5088	043
3064	23	12505	043
3209	12	30	043
2049	6	30	043
83	1	809	043
3230	12	116	043
728	1	259	043
1930	15	4977	043
3232	12	29	043
4678	14	3835	043
1100	6	28	043
8730	23	2951	043
2014	15	5057	043
2082	15	4988	043
2702	9	2705	043
5348	15	5088	043
3713	14	3495	043
2836	9	2705	043
3228	12	117	043
769	1	28	043
415	1	416	043
191	6	30	043
40	6	1439	043
2675	9	2476	043
212	1	189	043
2171	6	116	043
776	15	5088	043
396	6	30	043
2126	6	2008	043
211	1	189	043
2164	6	116	043
1983	6	728	043
2124	6	116	043
3193	12	2155	043
3845	14	3846	043
2693	12	28	043
4259	14	3496	043
2030	6	2008	043
85	6	116	043
303	1	416	043
8730	23	3026	043
12552	23	12525	043
4830	14	3715	043
2903	11	3089	043
205	15	4990	043
3020	23	12514	043
832	1	416	043
205	6	30	043
2008	9	259	043
636	1	172	043
1956	6	2008	043
771	6	30	043
473	6	2082	043
1127	1	846	043
509	6	30	043
3143	11	3087	043
114	1	116	043
8824	23	2977	043
1478	1	114	043
2681	9	2476	043
734	15	4977	043
6414	23	2935	043
2008	15	4988	043
100	6	30	043
2207	12	2155	043
3713	14	3715	043
2071	6	30	043
1912	6	259	043
44	6	30	043
3718	14	3495	043
1588	6	30	043
191	1	30	043
2003	6	30	043
3936	14	3937	044
2097	6	30	044
206	1	207	044
2156	6	30	044
431	1	189	044
2644	9	2593	044
199	1	189	044
215	1	189	044
2696	9	2476	044
197	1	189	044
5308	15	5088	044
2169	6	29	044
492	1	493	044
3231	12	29	044
2692	9	2476	044
811	1	416	044
776	1	493	044
2047	6	171	044
169	6	173	044
1850	23	2951	044
284	6	2008	044
55	6	30	044
2089	6	116	044
3237	12	116	044
2079	6	30	044
702	6	28	044
19	6	2008	044
1894	23	2920	044
728	1	405	044
3219	12	2027	044
229	15	4988	044
494	1	28	044
1502	1	416	044
3242	12	2009	044
213	1	189	044
8516	23	2981	044
610	1	416	044
443	1	416	044
717	1	636	044
473	1	416	044
5133	15	5088	044
831	1	416	044
613	1	416	044
2090	6	116	044
845	1	28	044
2080	6	116	044
1394	6	115	044
6414	23	2935	044
846	1	397	044
2671	9	2672	044
2105	6	30	044
921	6	30	044
178	6	116	044
1644	1	207	044
2530	14	3431	044
198	1	189	044
178	1	179	044
8301	23	3060	044
2	6	30	044
188	1	189	044
1133	6	30	044
172	1	402	044
818	1	416	044
919	1	921	044
3053	23	12505	044
1975	6	2008	044
598	6	30	044
2020	6	2008	044
812	1	416	044
3113	14	3793	044
588	6	30	044
1871	12	2155	044
2130	6	2008	044
428	6	259	044
3172	23	3027	044
1957	6	173	044
25	15	5024	044
2301	23	2951	044
196	1	189	044
3224	12	116	044
675	15	4990	044
2207	23	12514	044
2085	15	5057	044
921	1	30	044
2113	6	29	044
810	1	416	044
720	1	28	044
711	1	28	044
310	15	5088	044
1970	6	2084	044
88	6	30	044
659	1	341	044
3190	12	2084	044
675	15	5120	044
822	1	416	044
88	1	90	044
702	1	28	044
658	1	173	044
25	15	4990	044
25	6	30	044
578	1	28	044
1110	15	5120	044
3214	12	2082	044
44	5	25	044
3718	14	3433	044
260	1	189	044
2140	6	2008	044
195	1	189	044
728	15	4988	044
1133	15	4990	044
630	6	30	044
2159	6	30	044
2301	23	12535	044
734	15	4977	044
800	1	416	044
1850	23	2951	044
3101	11	3102	044
205	1	207	044
759	1	28	044
492	15	5088	044
509	15	4977	044
1592	6	30	044
2074	6	2075	044
597	15	5088	044
3064	23	12505	044
3209	12	30	044
2049	6	30	044
83	1	809	044
3230	12	116	044
728	1	259	044
1930	15	4977	044
3232	12	29	044
4678	14	3835	044
1100	6	28	044
8730	23	2951	044
2014	15	5057	044
2082	15	4988	044
2702	9	2705	044
5348	15	5088	044
2836	9	2705	044
3228	12	117	044
769	1	28	044
415	1	416	044
191	6	30	044
40	6	1439	044
2675	9	2476	044
212	1	189	044
2171	6	116	044
776	15	5088	044
396	6	30	044
2126	6	2008	044
211	1	189	044
2164	6	116	044
1983	6	728	044
2124	6	116	044
3193	12	2155	044
3845	14	3846	044
2693	12	28	044
4259	14	3496	044
2030	6	2008	044
85	6	116	044
303	1	416	044
8730	23	3026	044
12552	23	12525	044
2903	11	3089	044
205	15	4990	044
3020	23	12514	044
832	1	416	044
205	6	30	044
2008	9	259	044
636	1	172	044
1956	6	2008	044
771	6	30	044
473	6	2082	044
1127	1	846	044
509	6	30	044
3143	11	3087	044
114	1	116	044
8824	23	2977	044
1478	1	114	044
2681	9	2476	044
734	15	4977	044
6414	23	2935	044
2008	15	4988	044
100	6	30	044
2207	12	2155	044
3713	14	3715	044
2071	6	30	044
1912	6	259	044
44	6	30	044
1588	6	30	044
191	1	30	044
2003	6	30	044
3936	14	3937	045
2097	6	30	045
206	1	207	045
2156	6	30	045
431	1	189	045
2644	9	2593	045
199	1	189	045
215	1	189	045
2696	9	2476	045
197	1	189	045
5308	15	5088	045
2169	6	29	045
492	1	493	045
3231	12	29	045
2692	9	2476	045
811	1	416	045
776	1	493	045
2644	10	2924	045
2047	6	171	045
169	6	173	045
1850	23	2951	045
284	6	2008	045
55	6	30	045
3718	14	3496	045
2089	6	116	045
3237	12	116	045
2079	6	30	045
702	6	28	045
19	6	2008	045
1894	23	2920	045
728	1	405	045
3219	12	2027	045
229	15	4988	045
494	1	28	045
1502	1	416	045
3242	12	2009	045
213	1	189	045
8516	23	2981	045
610	1	416	045
443	1	416	045
717	1	636	045
473	1	416	045
5133	15	5088	045
831	1	416	045
613	1	416	045
2090	6	116	045
845	1	28	045
2080	6	116	045
1394	6	115	045
6414	23	2935	045
846	1	397	045
2671	9	2672	045
2105	6	30	045
921	6	30	045
178	6	116	045
1644	1	207	045
2530	14	3431	045
198	1	189	045
178	1	179	045
8301	23	3060	045
2	6	30	045
188	1	189	045
1133	6	30	045
172	1	402	045
818	1	416	045
919	1	921	045
3053	23	12505	045
1975	6	2008	045
598	6	30	045
2020	6	2008	045
812	1	416	045
588	6	30	045
1871	12	2155	045
2130	6	2008	045
428	6	259	045
3172	23	3027	045
1957	6	173	045
25	15	5024	045
2301	23	2951	045
196	1	189	045
3224	12	116	045
675	15	4990	045
2207	23	12514	045
2085	15	5057	045
921	1	30	045
2113	6	29	045
810	1	416	045
720	1	28	045
711	1	28	045
310	15	5088	045
1970	6	2084	045
88	6	30	045
659	1	341	045
3190	12	2084	045
675	15	5120	045
822	1	416	045
88	1	90	045
702	1	28	045
658	1	173	045
25	15	4990	045
25	6	30	045
578	1	28	045
1110	15	5120	045
3214	12	2082	045
44	5	25	045
3718	14	3433	045
260	1	189	045
2140	6	2008	045
195	1	189	045
728	15	4988	045
1133	15	4990	045
630	6	30	045
2159	6	30	045
2301	23	12535	045
734	15	4977	045
800	1	416	045
1850	23	2951	045
3101	11	3102	045
205	1	207	045
759	1	28	045
492	15	5088	045
509	15	4977	045
1592	6	30	045
2074	6	2075	045
597	15	5088	045
3064	23	12505	045
3209	12	30	045
2049	6	30	045
83	1	809	045
3230	12	116	045
728	1	259	045
1930	15	4977	045
3232	12	29	045
4678	14	3835	045
1100	6	28	045
8730	23	2951	045
2014	15	5057	045
2082	15	4988	045
2702	9	2705	045
5348	15	5088	045
2836	9	2705	045
3228	12	117	045
769	1	28	045
415	1	416	045
191	6	30	045
40	6	1439	045
2675	9	2476	045
212	1	189	045
2171	6	116	045
776	15	5088	045
396	6	30	045
2126	6	2008	045
211	1	189	045
2164	6	116	045
1983	6	728	045
2124	6	116	045
3193	12	2155	045
3845	14	3846	045
2693	12	28	045
4259	14	3496	045
2030	6	2008	045
85	6	116	045
303	1	416	045
8730	23	3026	045
12552	23	12525	045
2903	11	3089	045
205	15	4990	045
3020	23	12514	045
832	1	416	045
205	6	30	045
2008	9	259	045
636	1	172	045
1956	6	2008	045
771	6	30	045
473	6	2082	045
1127	1	846	045
509	6	30	045
3143	11	3087	045
114	1	116	045
8824	23	2977	045
1478	1	114	045
2681	9	2476	045
734	15	4977	045
6414	23	2935	045
2008	15	4988	045
100	6	30	045
2207	12	2155	045
3713	14	3715	045
2071	6	30	045
1912	6	259	045
44	6	30	045
1588	6	30	045
191	1	30	045
2003	6	30	045
3936	14	3937	046
2097	6	30	046
206	1	207	046
2156	6	30	046
431	1	189	046
2644	9	2593	046
199	1	189	046
215	1	189	046
2696	9	2476	046
197	1	189	046
5308	15	5088	046
2169	6	29	046
492	1	493	046
3231	12	29	046
2692	9	2476	046
2587	9	2476	046
811	1	416	046
776	1	493	046
2644	10	2924	046
2047	6	171	046
169	6	173	046
1850	23	2951	046
284	6	2008	046
55	6	30	046
3718	14	3496	046
2089	6	116	046
3237	12	116	046
2079	6	30	046
702	6	28	046
19	6	2008	046
1894	23	2920	046
728	1	405	046
3219	12	2027	046
229	15	4988	046
494	1	28	046
1502	1	416	046
3242	12	2009	046
213	1	189	046
8516	23	2981	046
610	1	416	046
443	1	416	046
717	1	636	046
473	1	416	046
5133	15	5088	046
831	1	416	046
613	1	416	046
2090	6	116	046
845	1	28	046
2080	6	116	046
1394	6	115	046
6414	23	2935	046
846	1	397	046
2671	9	2672	046
2105	6	30	046
921	6	30	046
178	6	116	046
1644	1	207	046
2530	14	3431	046
198	1	189	046
178	1	179	046
8301	23	3060	046
2	6	30	046
188	1	189	046
1133	6	30	046
172	1	402	046
818	1	416	046
919	1	921	046
3053	23	12505	046
1975	6	2008	046
598	6	30	046
2020	6	2008	046
812	1	416	046
588	6	30	046
1871	12	2155	046
2130	6	2008	046
428	6	259	046
3172	23	3027	046
1957	6	173	046
25	15	5024	046
2301	23	2951	046
196	1	189	046
3224	12	116	046
675	15	4990	046
2207	23	12514	046
2085	15	5057	046
921	1	30	046
2113	6	29	046
810	1	416	046
720	1	28	046
711	1	28	046
310	15	5088	046
1970	6	2084	046
88	6	30	046
659	1	341	046
3190	12	2084	046
675	15	5120	046
822	1	416	046
88	1	90	046
702	1	28	046
658	1	173	046
25	15	4990	046
25	6	30	046
578	1	28	046
1110	15	5120	046
3214	12	2082	046
44	5	25	046
260	1	189	046
2140	6	2008	046
195	1	189	046
728	15	4988	046
1133	15	4990	046
630	6	30	046
2159	6	30	046
2301	23	12535	046
734	15	4977	046
800	1	416	046
1850	23	2951	046
3101	11	3102	046
205	1	207	046
759	1	28	046
492	15	5088	046
509	15	4977	046
1592	6	30	046
2074	6	2075	046
597	15	5088	046
3064	23	12505	046
3209	12	30	046
2049	6	30	046
83	1	809	046
3230	12	116	046
728	1	259	046
1930	15	4977	046
3232	12	29	046
4678	14	3835	046
1100	6	28	046
8730	23	2951	046
2014	15	5057	046
2587	9	2588	046
2082	15	4988	046
2702	9	2705	046
5348	15	5088	046
2836	9	2705	046
3228	12	117	046
769	1	28	046
415	1	416	046
191	6	30	046
40	6	1439	046
2675	9	2476	046
212	1	189	046
2171	6	116	046
776	15	5088	046
396	6	30	046
2126	6	2008	046
211	1	189	046
2164	6	116	046
1983	6	728	046
2124	6	116	046
3193	12	2155	046
6241	17	5873	046
3845	14	3846	046
2693	12	28	046
4259	14	3496	046
2030	6	2008	046
85	6	116	046
303	1	416	046
8730	23	3026	046
12552	23	12525	046
2903	11	3089	046
205	15	4990	046
3020	23	12514	046
832	1	416	046
205	6	30	046
2008	9	259	046
636	1	172	046
1956	6	2008	046
771	6	30	046
473	6	2082	046
1127	1	846	046
509	6	30	046
3143	11	3087	046
114	1	116	046
8824	23	2977	046
1478	1	114	046
2681	9	2476	046
734	15	4977	046
6414	23	2935	046
2008	15	4988	046
100	6	30	046
2207	12	2155	046
2071	6	30	046
1912	6	259	046
44	6	30	046
1588	6	30	046
191	1	30	046
2003	6	30	046
3936	14	3937	047
2097	6	30	047
206	1	207	047
2156	6	30	047
431	1	189	047
2644	9	2593	047
199	1	189	047
215	1	189	047
2696	9	2476	047
197	1	189	047
5308	15	5088	047
2169	6	29	047
492	1	493	047
3231	12	29	047
2692	9	2476	047
2587	9	2476	047
811	1	416	047
776	1	493	047
2644	10	2924	047
2047	6	171	047
169	6	173	047
1850	23	2951	047
284	6	2008	047
55	6	30	047
3718	14	3496	047
2089	6	116	047
3237	12	116	047
2079	6	30	047
702	6	28	047
19	6	2008	047
1894	23	2920	047
728	1	405	047
3219	12	2027	047
229	15	4988	047
494	1	28	047
1502	1	416	047
3242	12	2009	047
213	1	189	047
8516	23	2981	047
610	1	416	047
443	1	416	047
717	1	636	047
473	1	416	047
5133	15	5088	047
831	1	416	047
613	1	416	047
2090	6	116	047
845	1	28	047
2080	6	116	047
1394	6	115	047
6414	23	2935	047
846	1	397	047
2671	9	2672	047
2105	6	30	047
921	6	30	047
178	6	116	047
1644	1	207	047
2530	14	3431	047
198	1	189	047
178	1	179	047
8301	23	3060	047
2	6	30	047
188	1	189	047
1133	6	30	047
172	1	402	047
818	1	416	047
3778	14	3496	047
919	1	921	047
3053	23	12505	047
1975	6	2008	047
598	6	30	047
2020	6	2008	047
812	1	416	047
588	6	30	047
1871	12	2155	047
2130	6	2008	047
428	6	259	047
3172	23	3027	047
1957	6	173	047
25	15	5024	047
2301	23	2951	047
196	1	189	047
3224	12	116	047
675	15	4990	047
2207	23	12514	047
2085	15	5057	047
921	1	30	047
2113	6	29	047
810	1	416	047
720	1	28	047
711	1	28	047
310	15	5088	047
1970	6	2084	047
88	6	30	047
659	1	341	047
3190	12	2084	047
675	15	5120	047
822	1	416	047
88	1	90	047
702	1	28	047
658	1	173	047
25	15	4990	047
25	6	30	047
578	1	28	047
1110	15	5120	047
3214	12	2082	047
44	5	25	047
260	1	189	047
2140	6	2008	047
195	1	189	047
728	15	4988	047
1133	15	4990	047
630	6	30	047
2159	6	30	047
2301	23	12535	047
734	15	4977	047
800	1	416	047
1850	23	2951	047
3101	11	3102	047
205	1	207	047
759	1	28	047
492	15	5088	047
509	15	4977	047
1592	6	30	047
2074	6	2075	047
597	15	5088	047
3064	23	12505	047
3209	12	30	047
2049	6	30	047
83	1	809	047
3230	12	116	047
728	1	259	047
1930	15	4977	047
3232	12	29	047
1100	6	28	047
8730	23	2951	047
2014	15	5057	047
2587	9	2588	047
2082	15	4988	047
2702	9	2705	047
5348	15	5088	047
2836	9	2705	047
3228	12	117	047
769	1	28	047
415	1	416	047
191	6	30	047
40	6	1439	047
2675	9	2476	047
212	1	189	047
2171	6	116	047
776	15	5088	047
396	6	30	047
2126	6	2008	047
211	1	189	047
2164	6	116	047
1983	6	728	047
2124	6	116	047
3193	12	2155	047
3845	14	3846	047
2693	12	28	047
4259	14	3496	047
2030	6	2008	047
85	6	116	047
303	1	416	047
8730	23	3026	047
12552	23	12525	047
2903	11	3089	047
205	15	4990	047
3020	23	12514	047
832	1	416	047
205	6	30	047
2008	9	259	047
636	1	172	047
1956	6	2008	047
771	6	30	047
473	6	2082	047
1127	1	846	047
509	6	30	047
3143	11	3087	047
114	1	116	047
8824	23	2977	047
1478	1	114	047
2681	9	2476	047
734	15	4977	047
6414	23	2935	047
2008	15	4988	047
100	6	30	047
2207	12	2155	047
2071	6	30	047
1912	6	259	047
44	6	30	047
1588	6	30	047
191	1	30	047
2003	6	30	047
2097	6	30	048
6884	17	7815	048
206	1	207	048
2156	6	30	048
431	1	189	048
2644	9	2593	048
199	1	189	048
215	1	189	048
2696	14	3649	048
2696	9	2476	048
197	1	189	048
5308	15	5088	048
2169	6	29	048
492	1	493	048
3231	12	29	048
2692	9	2476	048
2587	9	2476	048
811	1	416	048
776	1	493	048
2644	10	2924	048
2047	6	171	048
169	6	173	048
1850	23	2951	048
284	6	2008	048
55	6	30	048
3113	14	3491	048
3113	14	3509	048
3113	11	3102	048
2089	6	116	048
3237	12	116	048
2079	6	30	048
702	6	28	048
19	6	2008	048
1894	23	2920	048
728	1	405	048
3219	12	2027	048
229	15	4988	048
494	1	28	048
1502	1	416	048
3242	12	2009	048
213	1	189	048
8516	23	2981	048
610	1	416	048
443	1	416	048
717	1	636	048
473	1	416	048
5133	15	5088	048
831	1	416	048
613	1	416	048
2090	6	116	048
845	1	28	048
2080	6	116	048
1394	6	115	048
6414	23	2935	048
846	1	397	048
2671	9	2672	048
2105	6	30	048
921	6	30	048
178	6	116	048
1644	1	207	048
2530	14	3431	048
198	1	189	048
178	1	179	048
8301	23	3060	048
2	6	30	048
188	1	189	048
1133	6	30	048
172	1	402	048
818	1	416	048
3778	14	3496	048
919	1	921	048
3053	23	12505	048
1975	6	2008	048
598	6	30	048
2020	6	2008	048
812	1	416	048
588	6	30	048
1871	12	2155	048
2130	6	2008	048
428	6	259	048
3172	23	3027	048
1957	6	173	048
25	15	5024	048
2301	23	2951	048
196	1	189	048
3224	12	116	048
675	15	4990	048
2207	23	12514	048
2085	15	5057	048
921	1	30	048
2113	6	29	048
810	1	416	048
720	1	28	048
711	1	28	048
310	15	5088	048
1970	6	2084	048
88	6	30	048
659	1	341	048
3190	12	2084	048
675	15	5120	048
822	1	416	048
88	1	90	048
702	1	28	048
658	1	173	048
25	15	4990	048
25	6	30	048
578	1	28	048
1110	15	5120	048
3214	12	2082	048
44	5	25	048
260	1	189	048
2140	6	2008	048
195	1	189	048
728	15	4988	048
1133	15	4990	048
630	6	30	048
2159	6	30	048
2301	23	12535	048
734	15	4977	048
800	1	416	048
1850	23	2951	048
3101	11	3102	048
205	1	207	048
759	1	28	048
492	15	5088	048
509	15	4977	048
1592	6	30	048
2074	6	2075	048
597	15	5088	048
3064	23	12505	048
3209	12	30	048
2049	6	30	048
83	1	809	048
3230	12	116	048
728	1	259	048
1930	15	4977	048
3232	12	29	048
1100	6	28	048
8730	23	2951	048
2014	15	5057	048
2587	9	2588	048
2082	15	4988	048
2702	9	2705	048
5348	15	5088	048
2836	9	2705	048
3228	12	117	048
769	1	28	048
415	1	416	048
191	6	30	048
40	6	1439	048
2675	9	2476	048
212	1	189	048
2171	6	116	048
776	15	5088	048
396	6	30	048
2126	6	2008	048
211	1	189	048
2164	6	116	048
1983	6	728	048
2124	6	116	048
3193	12	2155	048
3845	14	3846	048
2693	12	28	048
4259	14	3496	048
2030	6	2008	048
85	6	116	048
303	1	416	048
8730	23	3026	048
12552	23	12525	048
2903	11	3089	048
205	15	4990	048
3020	23	12514	048
832	1	416	048
2696	14	3690	048
205	6	30	048
2008	9	259	048
3032	23	3060	048
636	1	172	048
1956	6	2008	048
771	6	30	048
473	6	2082	048
1127	1	846	048
509	6	30	048
3143	11	3087	048
114	1	116	048
8824	23	2977	048
1478	1	114	048
2681	9	2476	048
734	15	4977	048
6414	23	2935	048
2008	15	4988	048
100	6	30	048
2207	12	2155	048
2071	6	30	048
8571	23	12518	048
1912	6	259	048
44	6	30	048
1588	6	30	048
191	1	30	048
2003	6	30	048
2097	6	30	049
206	1	207	049
2156	6	30	049
431	1	189	049
2644	9	2593	049
199	1	189	049
215	1	189	049
2696	9	2476	049
197	1	189	049
5308	15	5088	049
2169	6	29	049
492	1	493	049
3231	12	29	049
2692	9	2476	049
2587	9	2476	049
811	1	416	049
776	1	493	049
2644	10	2924	049
2047	6	171	049
169	6	173	049
1850	23	2951	049
284	6	2008	049
55	6	30	049
3113	14	3509	049
3113	11	3102	049
2089	6	116	049
3237	12	116	049
2079	6	30	049
702	6	28	049
19	6	2008	049
1894	23	2920	049
728	1	405	049
3219	12	2027	049
229	15	4988	049
494	1	28	049
1502	1	416	049
3242	12	2009	049
213	1	189	049
8516	23	2981	049
610	1	416	049
443	1	416	049
717	1	636	049
473	1	416	049
5133	15	5088	049
831	1	416	049
613	1	416	049
2090	6	116	049
845	1	28	049
2080	6	116	049
1394	6	115	049
6414	23	2935	049
3833	14	3719	049
846	1	397	049
2671	9	2672	049
2105	6	30	049
921	6	30	049
178	6	116	049
1644	1	207	049
2530	14	3431	049
198	1	189	049
178	1	179	049
8301	23	3060	049
2	6	30	049
188	1	189	049
1133	6	30	049
172	1	402	049
818	1	416	049
3778	14	3496	049
919	1	921	049
3053	23	12505	049
1975	6	2008	049
598	6	30	049
2020	6	2008	049
812	1	416	049
588	6	30	049
1871	12	2155	049
2130	6	2008	049
428	6	259	049
3172	23	3027	049
1957	6	173	049
25	15	5024	049
2301	23	2951	049
196	1	189	049
3224	12	116	049
675	15	4990	049
2207	23	12514	049
2085	15	5057	049
921	1	30	049
2113	6	29	049
810	1	416	049
720	1	28	049
711	1	28	049
310	15	5088	049
1970	6	2084	049
88	6	30	049
659	1	341	049
3190	12	2084	049
675	15	5120	049
822	1	416	049
88	1	90	049
702	1	28	049
658	1	173	049
25	15	4990	049
25	6	30	049
578	1	28	049
1110	15	5120	049
3214	12	2082	049
3778	14	3779	049
44	5	25	049
260	1	189	049
2140	6	2008	049
195	1	189	049
728	15	4988	049
1133	15	4990	049
630	6	30	049
2159	6	30	049
2301	23	12535	049
734	15	4977	049
800	1	416	049
1850	23	2951	049
3101	11	3102	049
205	1	207	049
759	1	28	049
492	15	5088	049
509	15	4977	049
1592	6	30	049
2074	6	2075	049
597	15	5088	049
3064	23	12505	049
3209	12	30	049
2049	6	30	049
83	1	809	049
3230	12	116	049
728	1	259	049
1930	15	4977	049
3232	12	29	049
1100	6	28	049
8730	23	2951	049
2014	15	5057	049
2587	9	2588	049
2082	15	4988	049
2702	9	2705	049
5348	15	5088	049
2836	9	2705	049
3228	12	117	049
769	1	28	049
415	1	416	049
191	6	30	049
40	6	1439	049
2675	9	2476	049
212	1	189	049
2171	6	116	049
776	15	5088	049
396	6	30	049
2126	6	2008	049
211	1	189	049
2164	6	116	049
1983	6	728	049
2124	6	116	049
3193	12	2155	049
3845	14	3846	049
2693	12	28	049
4259	14	3496	049
2030	6	2008	049
85	6	116	049
303	1	416	049
8730	23	3026	049
12552	23	12525	049
2903	11	3089	049
205	15	4990	049
3020	23	12514	049
832	1	416	049
205	6	30	049
2008	9	259	049
3032	23	3060	049
636	1	172	049
1956	6	2008	049
771	6	30	049
473	6	2082	049
1127	1	846	049
509	6	30	049
3143	11	3087	049
114	1	116	049
8824	23	2977	049
1478	1	114	049
2681	9	2476	049
734	15	4977	049
6414	23	2935	049
2008	15	4988	049
100	6	30	049
3142	14	3491	049
2207	12	2155	049
2071	6	30	049
8571	23	12518	049
1912	6	259	049
44	6	30	049
4111	14	4112	049
1588	6	30	049
191	1	30	049
2003	6	30	049
2097	6	30	050
206	1	207	050
2156	6	30	050
431	1	189	050
2644	9	2593	050
199	1	189	050
215	1	189	050
2696	9	2476	050
197	1	189	050
5308	15	5088	050
2169	6	29	050
492	1	493	050
3231	12	29	050
2692	9	2476	050
2587	9	2476	050
811	1	416	050
776	1	493	050
2644	10	2924	050
2047	6	171	050
169	6	173	050
1850	23	2951	050
284	6	2008	050
55	6	30	050
3113	11	3102	050
2089	6	116	050
3237	12	116	050
2079	6	30	050
702	6	28	050
19	6	2008	050
1894	23	2920	050
728	1	405	050
3219	12	2027	050
229	15	4988	050
494	1	28	050
1502	1	416	050
3242	12	2009	050
213	1	189	050
8516	23	2981	050
610	1	416	050
443	1	416	050
717	1	636	050
473	1	416	050
5133	15	5088	050
831	1	416	050
613	1	416	050
2090	6	116	050
3866	17	6066	050
845	1	28	050
2080	6	116	050
1394	6	115	050
6414	23	2935	050
3833	14	3719	050
846	1	397	050
4890	14	3785	050
2671	9	2672	050
2105	6	30	050
921	6	30	050
178	6	116	050
1644	1	207	050
2530	14	3431	050
198	1	189	050
178	1	179	050
8301	23	3060	050
2	6	30	050
188	1	189	050
1133	6	30	050
172	1	402	050
818	1	416	050
919	1	921	050
3053	23	12505	050
1975	6	2008	050
598	6	30	050
2020	6	2008	050
812	1	416	050
588	6	30	050
1871	12	2155	050
2130	6	2008	050
428	6	259	050
3172	23	3027	050
1957	6	173	050
25	15	5024	050
2301	23	2951	050
196	1	189	050
3224	12	116	050
675	15	4990	050
2207	23	12514	050
2085	15	5057	050
921	1	30	050
2113	6	29	050
810	1	416	050
720	1	28	050
711	1	28	050
310	15	5088	050
1970	6	2084	050
88	6	30	050
659	1	341	050
3190	12	2084	050
675	15	5120	050
822	1	416	050
88	1	90	050
702	1	28	050
658	1	173	050
25	15	4990	050
25	6	30	050
3914	14	3737	050
578	1	28	050
1110	15	5120	050
3214	12	2082	050
3778	14	3779	050
44	5	25	050
260	1	189	050
2140	6	2008	050
195	1	189	050
728	15	4988	050
1133	15	4990	050
630	6	30	050
2159	6	30	050
2301	23	12535	050
734	15	4977	050
800	1	416	050
1850	23	2951	050
3101	11	3102	050
205	1	207	050
759	1	28	050
492	15	5088	050
509	15	4977	050
1592	6	30	050
2074	6	2075	050
597	15	5088	050
3064	23	12505	050
3209	12	30	050
2049	6	30	050
83	1	809	050
4057	14	3733	050
3230	12	116	050
728	1	259	050
1930	15	4977	050
3232	12	29	050
1100	6	28	050
8730	23	2951	050
2014	15	5057	050
2587	9	2588	050
2082	15	4988	050
2702	9	2705	050
5348	15	5088	050
2836	9	2705	050
3228	12	117	050
769	1	28	050
415	1	416	050
191	6	30	050
40	6	1439	050
2675	9	2476	050
212	1	189	050
2171	6	116	050
776	15	5088	050
396	6	30	050
2126	6	2008	050
211	1	189	050
2164	6	116	050
1983	6	728	050
2124	6	116	050
3193	12	2155	050
2693	12	28	050
4259	14	3496	050
2030	6	2008	050
85	6	116	050
303	1	416	050
8730	23	3026	050
12552	23	12525	050
2903	11	3089	050
205	15	4990	050
3020	23	12514	050
832	1	416	050
205	6	30	050
2008	9	259	050
3032	23	3060	050
636	1	172	050
1956	6	2008	050
771	6	30	050
473	6	2082	050
1127	1	846	050
509	6	30	050
3143	11	3087	050
114	1	116	050
8824	23	2977	050
1478	1	114	050
2681	9	2476	050
734	15	4977	050
6414	23	2935	050
2008	15	4988	050
100	6	30	050
3142	14	3491	050
2207	12	2155	050
2071	6	30	050
8571	23	12518	050
1912	6	259	050
44	6	30	050
4111	14	4112	050
1588	6	30	050
191	1	30	050
2003	6	30	050
2097	6	30	051
206	1	207	051
2156	6	30	051
3036	10	2924	051
431	1	189	051
2644	9	2593	051
199	1	189	051
215	1	189	051
2696	9	2476	051
197	1	189	051
5308	15	5088	051
2169	6	29	051
492	1	493	051
3231	12	29	051
2692	9	2476	051
2587	9	2476	051
811	1	416	051
776	1	493	051
2644	10	2924	051
2047	6	171	051
169	6	173	051
1850	23	2951	051
284	6	2008	051
55	6	30	051
3113	11	3102	051
2089	6	116	051
3237	12	116	051
2079	6	30	051
702	6	28	051
19	6	2008	051
1894	23	2920	051
728	1	405	051
3219	12	2027	051
229	15	4988	051
494	1	28	051
1502	1	416	051
3242	12	2009	051
213	1	189	051
8516	23	2981	051
610	1	416	051
443	1	416	051
717	1	636	051
473	1	416	051
5133	15	5088	051
831	1	416	051
613	1	416	051
2090	6	116	051
845	1	28	051
2080	6	116	051
1394	6	115	051
6414	23	2935	051
3833	14	3719	051
846	1	397	051
4890	14	3785	051
2671	9	2672	051
2105	6	30	051
921	6	30	051
178	6	116	051
1644	1	207	051
2530	14	3431	051
198	1	189	051
178	1	179	051
8301	23	3060	051
2	6	30	051
188	1	189	051
1133	6	30	051
172	1	402	051
818	1	416	051
919	1	921	051
3053	23	12505	051
1975	6	2008	051
598	6	30	051
2020	6	2008	051
812	1	416	051
588	6	30	051
1871	12	2155	051
2130	6	2008	051
428	6	259	051
3172	23	3027	051
1957	6	173	051
25	15	5024	051
2301	23	2951	051
196	1	189	051
3224	12	116	051
675	15	4990	051
2207	23	12514	051
2085	15	5057	051
921	1	30	051
2113	6	29	051
810	1	416	051
720	1	28	051
711	1	28	051
310	15	5088	051
1970	6	2084	051
88	6	30	051
659	1	341	051
3190	12	2084	051
675	15	5120	051
822	1	416	051
88	1	90	051
702	1	28	051
658	1	173	051
25	15	4990	051
25	6	30	051
3914	14	3737	051
578	1	28	051
1110	15	5120	051
3214	12	2082	051
3778	14	3779	051
44	5	25	051
260	1	189	051
2140	6	2008	051
195	1	189	051
728	15	4988	051
1133	15	4990	051
630	6	30	051
3062	17	5818	051
2159	6	30	051
2301	23	12535	051
734	15	4977	051
800	1	416	051
1850	23	2951	051
3101	11	3102	051
205	1	207	051
8571	17	6005	051
759	1	28	051
492	15	5088	051
509	15	4977	051
1592	6	30	051
2074	6	2075	051
597	15	5088	051
3064	23	12505	051
3209	12	30	051
2049	6	30	051
83	1	809	051
4057	14	3733	051
3230	12	116	051
728	1	259	051
1930	15	4977	051
3232	12	29	051
1100	6	28	051
8730	23	2951	051
2014	15	5057	051
2587	9	2588	051
2082	15	4988	051
2702	9	2705	051
5348	15	5088	051
2836	9	2705	051
3228	12	117	051
769	1	28	051
415	1	416	051
191	6	30	051
40	6	1439	051
2675	9	2476	051
212	1	189	051
2171	6	116	051
776	15	5088	051
396	6	30	051
2126	6	2008	051
211	1	189	051
2164	6	116	051
1983	6	728	051
2124	6	116	051
3193	12	2155	051
2693	12	28	051
2030	6	2008	051
85	6	116	051
303	1	416	051
8730	23	3026	051
12552	23	12525	051
2903	11	3089	051
205	15	4990	051
3020	23	12514	051
832	1	416	051
205	6	30	051
2008	9	259	051
3032	23	3060	051
3845	14	3496	051
636	1	172	051
1956	6	2008	051
771	6	30	051
473	6	2082	051
1127	1	846	051
509	6	30	051
3143	11	3087	051
114	1	116	051
8824	23	2977	051
1478	1	114	051
2681	9	2476	051
734	15	4977	051
6414	23	2935	051
2008	15	4988	051
100	6	30	051
3142	14	3491	051
2207	12	2155	051
2071	6	30	051
8571	23	12518	051
1912	6	259	051
44	6	30	051
1588	6	30	051
191	1	30	051
2003	6	30	051
6884	17	6194	052
2097	6	30	052
206	1	207	052
2156	6	30	052
3036	10	2924	052
431	1	189	052
2644	9	2593	052
199	1	189	052
215	1	189	052
2696	9	2476	052
197	1	189	052
5308	15	5088	052
2169	6	29	052
492	1	493	052
3231	12	29	052
2692	9	2476	052
2587	9	2476	052
811	1	416	052
776	1	493	052
2644	10	2924	052
2047	6	171	052
6241	17	5873	052
169	6	173	052
1850	23	2951	052
284	6	2008	052
55	6	30	052
3113	11	3102	052
2089	6	116	052
3237	12	116	052
2079	6	30	052
702	6	28	052
19	6	2008	052
1894	23	2920	052
728	1	405	052
3219	12	2027	052
229	15	4988	052
494	1	28	052
1502	1	416	052
3242	12	2009	052
213	1	189	052
8516	23	2981	052
610	1	416	052
443	1	416	052
717	1	636	052
473	1	416	052
5133	15	5088	052
831	1	416	052
613	1	416	052
2090	6	116	052
845	1	28	052
2080	6	116	052
1394	6	115	052
6414	23	2935	052
3833	14	3719	052
846	1	397	052
4890	14	3785	052
2671	9	2672	052
2105	6	30	052
921	6	30	052
178	6	116	052
1644	1	207	052
2530	14	3431	052
198	1	189	052
178	1	179	052
8301	23	3060	052
2	6	30	052
188	1	189	052
1133	6	30	052
172	1	402	052
818	1	416	052
919	1	921	052
6884	17	6741	052
3053	23	12505	052
1975	6	2008	052
598	6	30	052
2020	6	2008	052
812	1	416	052
588	6	30	052
1871	12	2155	052
2130	6	2008	052
428	6	259	052
3172	23	3027	052
1957	6	173	052
25	15	5024	052
2301	23	2951	052
196	1	189	052
3224	12	116	052
675	15	4990	052
2207	23	12514	052
2085	15	5057	052
921	1	30	052
3032	23	3027	052
2113	6	29	052
810	1	416	052
720	1	28	052
711	1	28	052
310	15	5088	052
1970	6	2084	052
88	6	30	052
659	1	341	052
3190	12	2084	052
675	15	5120	052
822	1	416	052
88	1	90	052
702	1	28	052
658	1	173	052
25	15	4990	052
25	6	30	052
3914	14	3737	052
578	1	28	052
1110	15	5120	052
3214	12	2082	052
44	5	25	052
260	1	189	052
2140	6	2008	052
195	1	189	052
728	15	4988	052
1133	15	4990	052
630	6	30	052
2159	6	30	052
2301	23	12535	052
734	15	4977	052
800	1	416	052
1850	23	2951	052
3101	11	3102	052
205	1	207	052
759	1	28	052
492	15	5088	052
509	15	4977	052
1592	6	30	052
2074	6	2075	052
597	15	5088	052
3064	23	12505	052
3209	12	30	052
2049	6	30	052
83	1	809	052
4057	14	3733	052
3230	12	116	052
728	1	259	052
1930	15	4977	052
3232	12	29	052
1100	6	28	052
8730	23	2951	052
2014	15	5057	052
2587	9	2588	052
2082	15	4988	052
2702	9	2705	052
5348	15	5088	052
2836	9	2705	052
3228	12	117	052
769	1	28	052
415	1	416	052
191	6	30	052
40	6	1439	052
2675	9	2476	052
212	1	189	052
2171	6	116	052
776	15	5088	052
396	6	30	052
2126	6	2008	052
211	1	189	052
2164	6	116	052
1983	6	728	052
2124	6	116	052
3193	12	2155	052
2693	12	28	052
2030	6	2008	052
85	6	116	052
303	1	416	052
8730	23	3026	052
12552	23	12525	052
2903	11	3089	052
205	15	4990	052
3020	23	12514	052
832	1	416	052
3844	14	3737	052
205	6	30	052
2008	9	259	052
3032	23	3060	052
3845	14	3496	052
636	1	172	052
1956	6	2008	052
771	6	30	052
473	6	2082	052
1127	1	846	052
509	6	30	052
3143	11	3087	052
114	1	116	052
8824	23	2977	052
1478	1	114	052
2681	9	2476	052
734	15	4977	052
6414	23	2935	052
2008	15	4988	052
100	6	30	052
3142	14	3491	052
2207	12	2155	052
2071	6	30	052
8571	23	12518	052
1912	6	259	052
44	6	30	052
1588	6	30	052
191	1	30	052
2003	6	30	052
2097	6	30	053
206	1	207	053
2156	6	30	053
3036	10	2924	053
431	1	189	053
2644	9	2593	053
199	1	189	053
215	1	189	053
2696	9	2476	053
197	1	189	053
5308	15	5088	053
2169	6	29	053
492	1	493	053
3231	12	29	053
2692	9	2476	053
2587	9	2476	053
811	1	416	053
776	1	493	053
2644	10	2924	053
2047	6	171	053
169	6	173	053
1850	23	2951	053
284	6	2008	053
55	6	30	053
3113	11	3102	053
2089	6	116	053
3936	14	3937	053
3237	12	116	053
2079	6	30	053
702	6	28	053
19	6	2008	053
1894	23	2920	053
728	1	405	053
3219	12	2027	053
229	15	4988	053
494	1	28	053
1502	1	416	053
3242	12	2009	053
213	1	189	053
8516	23	2981	053
610	1	416	053
443	1	416	053
717	1	636	053
473	1	416	053
8571	17	6791	053
5133	15	5088	053
831	1	416	053
613	1	416	053
2090	6	116	053
845	1	28	053
2080	6	116	053
1394	6	115	053
6414	23	2935	053
3833	14	3719	053
846	1	397	053
4890	14	3785	053
2671	9	2672	053
2105	6	30	053
921	6	30	053
178	6	116	053
1644	1	207	053
2530	14	3431	053
198	1	189	053
178	1	179	053
8301	23	3060	053
2	6	30	053
188	1	189	053
1133	6	30	053
172	1	402	053
818	1	416	053
919	1	921	053
3053	23	12505	053
1975	6	2008	053
598	6	30	053
2020	6	2008	053
812	1	416	053
588	6	30	053
1871	12	2155	053
2130	6	2008	053
428	6	259	053
3172	23	3027	053
1957	6	173	053
25	15	5024	053
2301	23	2951	053
196	1	189	053
3224	12	116	053
675	15	4990	053
2207	23	12514	053
2085	15	5057	053
921	1	30	053
3032	23	3027	053
2113	6	29	053
810	1	416	053
720	1	28	053
711	1	28	053
310	15	5088	053
1970	6	2084	053
88	6	30	053
659	1	341	053
3190	12	2084	053
675	15	5120	053
822	1	416	053
88	1	90	053
702	1	28	053
658	1	173	053
25	15	4990	053
25	6	30	053
578	1	28	053
1110	15	5120	053
3214	12	2082	053
44	5	25	053
260	1	189	053
2140	6	2008	053
195	1	189	053
728	15	4988	053
1133	15	4990	053
630	6	30	053
2159	6	30	053
2301	23	12535	053
734	15	4977	053
800	1	416	053
1850	23	2951	053
3101	11	3102	053
205	1	207	053
759	1	28	053
492	15	5088	053
509	15	4977	053
1592	6	30	053
2074	6	2075	053
597	15	5088	053
3064	23	12505	053
3209	12	30	053
2049	6	30	053
83	1	809	053
4057	14	3733	053
3230	12	116	053
728	1	259	053
1930	15	4977	053
3232	12	29	053
1100	6	28	053
8730	23	2951	053
2014	15	5057	053
2587	9	2588	053
2082	15	4988	053
2702	9	2705	053
5348	15	5088	053
2836	9	2705	053
3228	12	117	053
769	1	28	053
415	1	416	053
191	6	30	053
40	6	1439	053
2675	9	2476	053
212	1	189	053
2171	6	116	053
776	15	5088	053
396	6	30	053
2126	6	2008	053
211	1	189	053
2164	6	116	053
1983	6	728	053
2124	6	116	053
3193	12	2155	053
2693	12	28	053
2030	6	2008	053
85	6	116	053
303	1	416	053
8730	23	3026	053
12552	23	12525	053
2903	11	3089	053
205	15	4990	053
3020	23	12514	053
832	1	416	053
3844	14	3737	053
205	6	30	053
2008	9	259	053
3845	14	3496	053
636	1	172	053
1956	6	2008	053
771	6	30	053
473	6	2082	053
1127	1	846	053
509	6	30	053
3143	11	3087	053
114	1	116	053
8824	23	2977	053
1478	1	114	053
2681	9	2476	053
734	15	4977	053
6414	23	2935	053
2008	15	4988	053
100	6	30	053
3142	14	3491	053
2207	12	2155	053
2071	6	30	053
8571	23	12518	053
1912	6	259	053
44	6	30	053
1588	6	30	053
191	1	30	053
2003	6	30	053
2097	6	30	054
206	1	207	054
2156	6	30	054
3036	10	2924	054
431	1	189	054
2644	9	2593	054
199	1	189	054
215	1	189	054
2696	9	2476	054
197	1	189	054
5308	15	5088	054
2169	6	29	054
492	1	493	054
3231	12	29	054
2692	9	2476	054
2587	9	2476	054
811	1	416	054
776	1	493	054
2644	10	2924	054
2047	6	171	054
169	6	173	054
1850	23	2951	054
284	6	2008	054
55	6	30	054
3113	11	3102	054
2089	6	116	054
3936	14	3937	054
3237	12	116	054
2079	6	30	054
702	6	28	054
19	6	2008	054
1894	23	2920	054
728	1	405	054
3219	12	2027	054
229	15	4988	054
494	1	28	054
1502	1	416	054
3242	12	2009	054
213	1	189	054
8516	23	2981	054
610	1	416	054
443	1	416	054
717	1	636	054
473	1	416	054
8571	17	6791	054
5133	15	5088	054
831	1	416	054
613	1	416	054
2090	6	116	054
845	1	28	054
2080	6	116	054
1394	6	115	054
6414	23	2935	054
3833	14	3719	054
846	1	397	054
4890	14	3785	054
2671	9	2672	054
2105	6	30	054
921	6	30	054
178	6	116	054
1644	1	207	054
2530	14	3431	054
198	1	189	054
178	1	179	054
8301	23	3060	054
2	6	30	054
3766	14	3764	054
188	1	189	054
1133	6	30	054
172	1	402	054
818	1	416	054
919	1	921	054
3053	23	12505	054
1975	6	2008	054
598	6	30	054
2020	6	2008	054
812	1	416	054
588	6	30	054
1871	12	2155	054
2130	6	2008	054
428	6	259	054
3172	23	3027	054
1957	6	173	054
25	15	5024	054
2301	23	2951	054
196	1	189	054
3224	12	116	054
675	15	4990	054
2207	23	12514	054
2085	15	5057	054
921	1	30	054
3032	23	3027	054
2113	6	29	054
810	1	416	054
720	1	28	054
711	1	28	054
310	15	5088	054
1970	6	2084	054
88	6	30	054
659	1	341	054
3190	12	2084	054
675	15	5120	054
822	1	416	054
88	1	90	054
702	1	28	054
658	1	173	054
25	15	4990	054
25	6	30	054
578	1	28	054
1110	15	5120	054
3214	12	2082	054
44	5	25	054
260	1	189	054
2140	6	2008	054
195	1	189	054
728	15	4988	054
1133	15	4990	054
630	6	30	054
2159	6	30	054
2301	23	12535	054
734	15	4977	054
800	1	416	054
1850	23	2951	054
3101	11	3102	054
205	1	207	054
759	1	28	054
492	15	5088	054
509	15	4977	054
1592	6	30	054
2074	6	2075	054
597	15	5088	054
3064	23	12505	054
3209	12	30	054
2049	6	30	054
83	1	809	054
4057	14	3733	054
3230	12	116	054
728	1	259	054
1930	15	4977	054
3232	12	29	054
1100	6	28	054
8730	23	2951	054
2014	15	5057	054
2587	9	2588	054
2082	15	4988	054
2702	9	2705	054
5348	15	5088	054
2836	9	2705	054
3228	12	117	054
769	1	28	054
415	1	416	054
191	6	30	054
40	6	1439	054
2675	9	2476	054
212	1	189	054
2171	6	116	054
776	15	5088	054
396	6	30	054
2126	6	2008	054
211	1	189	054
2164	6	116	054
1983	6	728	054
2124	6	116	054
3193	12	2155	054
2693	12	28	054
2030	6	2008	054
85	6	116	054
303	1	416	054
8730	23	3026	054
3187	23	12518	054
12552	23	12525	054
2903	11	3089	054
205	15	4990	054
3020	23	12514	054
832	1	416	054
3844	14	3737	054
205	6	30	054
2008	9	259	054
3845	14	3496	054
636	1	172	054
1956	6	2008	054
771	6	30	054
473	6	2082	054
1127	1	846	054
509	6	30	054
3143	11	3087	054
114	1	116	054
8824	23	2977	054
1478	1	114	054
2681	9	2476	054
734	15	4977	054
6414	23	2935	054
2008	15	4988	054
100	6	30	054
2207	12	2155	054
2071	6	30	054
8571	23	12518	054
1912	6	259	054
44	6	30	054
1588	6	30	054
191	1	30	054
2003	6	30	054
2097	6	30	055
206	1	207	055
2156	6	30	055
3036	10	2924	055
431	1	189	055
2644	9	2593	055
199	1	189	055
215	1	189	055
2696	9	2476	055
197	1	189	055
5308	15	5088	055
2169	6	29	055
492	1	493	055
3231	12	29	055
2692	9	2476	055
2587	9	2476	055
811	1	416	055
776	1	493	055
2644	10	2924	055
2047	6	171	055
169	6	173	055
1850	23	2951	055
284	6	2008	055
55	6	30	055
3113	11	3102	055
2089	6	116	055
3936	14	3937	055
3237	12	116	055
2079	6	30	055
702	6	28	055
19	6	2008	055
1894	23	2920	055
728	1	405	055
3219	12	2027	055
229	15	4988	055
494	1	28	055
1502	1	416	055
3242	12	2009	055
213	1	189	055
8516	23	2981	055
610	1	416	055
443	1	416	055
717	1	636	055
473	1	416	055
8571	17	6791	055
5133	15	5088	055
831	1	416	055
613	1	416	055
2090	6	116	055
845	1	28	055
2080	6	116	055
1394	6	115	055
6414	23	2935	055
3833	14	3719	055
846	1	397	055
4890	14	3785	055
2671	9	2672	055
2105	6	30	055
921	6	30	055
178	6	116	055
1644	1	207	055
2530	14	3431	055
198	1	189	055
178	1	179	055
8301	23	3060	055
2	6	30	055
3766	14	3764	055
188	1	189	055
1133	6	30	055
172	1	402	055
818	1	416	055
919	1	921	055
3053	23	12505	055
3839	14	3415	055
1975	6	2008	055
598	6	30	055
2020	6	2008	055
812	1	416	055
588	6	30	055
1871	12	2155	055
2130	6	2008	055
428	6	259	055
3172	23	3027	055
1957	6	173	055
25	15	5024	055
2301	23	2951	055
196	1	189	055
3224	12	116	055
675	15	4990	055
2207	23	12514	055
2085	15	5057	055
921	1	30	055
2113	6	29	055
810	1	416	055
720	1	28	055
711	1	28	055
310	15	5088	055
1970	6	2084	055
88	6	30	055
659	1	341	055
3190	12	2084	055
675	15	5120	055
822	1	416	055
88	1	90	055
702	1	28	055
658	1	173	055
25	15	4990	055
25	6	30	055
578	1	28	055
1110	15	5120	055
3214	12	2082	055
3113	14	3524	055
44	5	25	055
260	1	189	055
2140	6	2008	055
195	1	189	055
728	15	4988	055
1133	15	4990	055
630	6	30	055
2159	6	30	055
2301	23	12535	055
734	15	4977	055
800	1	416	055
1850	23	2951	055
3101	11	3102	055
205	1	207	055
759	1	28	055
492	15	5088	055
509	15	4977	055
1592	6	30	055
2074	6	2075	055
597	15	5088	055
2832	9	2606	055
3064	23	12505	055
3209	12	30	055
2049	6	30	055
83	1	809	055
3230	12	116	055
728	1	259	055
1930	15	4977	055
3232	12	29	055
1100	6	28	055
8730	23	2951	055
2014	15	5057	055
2587	9	2588	055
2082	15	4988	055
2702	9	2705	055
5348	15	5088	055
2836	9	2705	055
3228	12	117	055
769	1	28	055
415	1	416	055
191	6	30	055
40	6	1439	055
2675	9	2476	055
212	1	189	055
2171	6	116	055
776	15	5088	055
396	6	30	055
2126	6	2008	055
211	1	189	055
2164	6	116	055
1983	6	728	055
2124	6	116	055
3193	12	2155	055
2693	12	28	055
2030	6	2008	055
85	6	116	055
303	1	416	055
8730	23	3026	055
3187	23	12518	055
12552	23	12525	055
2903	11	3089	055
205	15	4990	055
3020	23	12514	055
832	1	416	055
205	6	30	055
2008	9	259	055
3845	14	3496	055
3766	14	3495	055
636	1	172	055
1956	6	2008	055
771	6	30	055
473	6	2082	055
1127	1	846	055
509	6	30	055
3143	11	3087	055
114	1	116	055
8824	23	2977	055
1478	1	114	055
2681	9	2476	055
734	15	4977	055
6414	23	2935	055
2008	15	4988	055
100	6	30	055
2207	12	2155	055
2071	6	30	055
8571	23	12518	055
1912	6	259	055
44	6	30	055
1588	6	30	055
191	1	30	055
2003	6	30	055
2097	6	30	056
206	1	207	056
2156	6	30	056
3036	10	2924	056
431	1	189	056
2644	9	2593	056
199	1	189	056
215	1	189	056
2696	9	2476	056
197	1	189	056
5308	15	5088	056
2169	6	29	056
492	1	493	056
3231	12	29	056
2692	9	2476	056
2587	9	2476	056
811	1	416	056
776	1	493	056
2644	10	2924	056
2047	6	171	056
169	6	173	056
1850	23	2951	056
284	6	2008	056
55	6	30	056
3113	11	3102	056
2089	6	116	056
3237	12	116	056
2079	6	30	056
702	6	28	056
19	6	2008	056
1894	23	2920	056
728	1	405	056
3219	12	2027	056
229	15	4988	056
494	1	28	056
1502	1	416	056
3242	12	2009	056
213	1	189	056
8516	23	2981	056
610	1	416	056
443	1	416	056
717	1	636	056
473	1	416	056
8571	17	6791	056
5133	15	5088	056
831	1	416	056
613	1	416	056
2090	6	116	056
845	1	28	056
2080	6	116	056
1394	6	115	056
6414	23	2935	056
3833	14	3719	056
846	1	397	056
2671	9	2672	056
2105	6	30	056
921	6	30	056
178	6	116	056
1644	1	207	056
2530	14	3431	056
198	1	189	056
178	1	179	056
8301	23	3060	056
2	6	30	056
188	1	189	056
1133	6	30	056
172	1	402	056
818	1	416	056
919	1	921	056
3053	23	12505	056
1975	6	2008	056
598	6	30	056
2020	6	2008	056
812	1	416	056
588	6	30	056
1871	12	2155	056
2130	6	2008	056
428	6	259	056
3172	23	3027	056
1957	6	173	056
25	15	5024	056
2301	23	2951	056
196	1	189	056
3224	12	116	056
675	15	4990	056
2207	23	12514	056
2085	15	5057	056
921	1	30	056
2113	6	29	056
810	1	416	056
720	1	28	056
711	1	28	056
310	15	5088	056
1970	6	2084	056
88	6	30	056
659	1	341	056
3190	12	2084	056
675	15	5120	056
822	1	416	056
88	1	90	056
702	1	28	056
658	1	173	056
25	15	4990	056
25	6	30	056
578	1	28	056
1110	15	5120	056
3214	12	2082	056
3113	14	3524	056
44	5	25	056
260	1	189	056
2140	6	2008	056
195	1	189	056
728	15	4988	056
1133	15	4990	056
630	6	30	056
2159	6	30	056
2301	23	12535	056
734	15	4977	056
800	1	416	056
1850	23	2951	056
3101	11	3102	056
205	1	207	056
759	1	28	056
492	15	5088	056
509	15	4977	056
1592	6	30	056
2074	6	2075	056
597	15	5088	056
2832	9	2606	056
3064	23	12505	056
3209	12	30	056
2049	6	30	056
83	1	809	056
3230	12	116	056
728	1	259	056
1930	15	4977	056
3232	12	29	056
1100	6	28	056
8730	23	2951	056
2014	15	5057	056
2587	9	2588	056
2082	15	4988	056
2702	9	2705	056
5348	15	5088	056
2836	9	2705	056
3228	12	117	056
769	1	28	056
415	1	416	056
191	6	30	056
40	6	1439	056
2675	9	2476	056
212	1	189	056
2171	6	116	056
776	15	5088	056
396	6	30	056
2126	6	2008	056
211	1	189	056
2164	6	116	056
1983	6	728	056
2124	6	116	056
3193	12	2155	056
2693	12	28	056
2030	6	2008	056
85	6	116	056
303	1	416	056
8730	23	3026	056
3187	23	12518	056
12552	23	12525	056
2903	11	3089	056
205	15	4990	056
3020	23	12514	056
832	1	416	056
205	6	30	056
2008	9	259	056
3845	14	3496	056
3766	14	3495	056
636	1	172	056
1956	6	2008	056
771	6	30	056
473	6	2082	056
1127	1	846	056
509	6	30	056
3143	11	3087	056
114	1	116	056
8824	23	2977	056
1478	1	114	056
2681	9	2476	056
734	15	4977	056
6414	23	2935	056
2008	15	4988	056
100	6	30	056
2207	12	2155	056
2071	6	30	056
8571	23	12518	056
1912	6	259	056
44	6	30	056
1588	6	30	056
191	1	30	056
2003	6	30	056
2097	6	30	057
206	1	207	057
2156	6	30	057
3036	10	2924	057
431	1	189	057
2644	9	2593	057
199	1	189	057
215	1	189	057
2696	9	2476	057
197	1	189	057
5308	15	5088	057
2169	6	29	057
492	1	493	057
3231	12	29	057
2692	9	2476	057
2587	9	2476	057
811	1	416	057
776	1	493	057
2644	10	2924	057
2047	6	171	057
169	6	173	057
1850	23	2951	057
284	6	2008	057
55	6	30	057
3113	11	3102	057
2089	6	116	057
3237	12	116	057
2079	6	30	057
3905	14	3495	057
702	6	28	057
19	6	2008	057
1894	23	2920	057
728	1	405	057
3219	12	2027	057
229	15	4988	057
494	1	28	057
1502	1	416	057
3242	12	2009	057
213	1	189	057
8516	23	2981	057
610	1	416	057
443	1	416	057
717	1	636	057
473	1	416	057
8571	17	6791	057
5133	15	5088	057
831	1	416	057
613	1	416	057
2090	6	116	057
845	1	28	057
2080	6	116	057
1394	6	115	057
6414	23	2935	057
846	1	397	057
2671	9	2672	057
2105	6	30	057
921	6	30	057
178	6	116	057
1644	1	207	057
2530	14	3431	057
198	1	189	057
178	1	179	057
8301	23	3060	057
2	6	30	057
188	1	189	057
1133	6	30	057
172	1	402	057
818	1	416	057
919	1	921	057
3053	23	12505	057
1975	6	2008	057
598	6	30	057
2020	6	2008	057
812	1	416	057
588	6	30	057
1871	12	2155	057
2130	6	2008	057
428	6	259	057
3172	23	3027	057
1957	6	173	057
25	15	5024	057
2301	23	2951	057
196	1	189	057
3224	12	116	057
675	15	4990	057
2207	23	12514	057
2085	15	5057	057
921	1	30	057
4736	14	3496	057
2113	6	29	057
810	1	416	057
720	1	28	057
711	1	28	057
310	15	5088	057
1970	6	2084	057
88	6	30	057
659	1	341	057
3190	12	2084	057
675	15	5120	057
3732	14	3733	057
822	1	416	057
88	1	90	057
702	1	28	057
658	1	173	057
25	15	4990	057
25	6	30	057
578	1	28	057
1110	15	5120	057
3214	12	2082	057
3113	14	3524	057
44	5	25	057
260	1	189	057
2140	6	2008	057
195	1	189	057
728	15	4988	057
1133	15	4990	057
630	6	30	057
2159	6	30	057
2301	23	12535	057
734	15	4977	057
800	1	416	057
1850	23	2951	057
3101	11	3102	057
205	1	207	057
759	1	28	057
492	15	5088	057
509	15	4977	057
1592	6	30	057
2074	6	2075	057
597	15	5088	057
2832	9	2606	057
3064	23	12505	057
3209	12	30	057
2049	6	30	057
83	1	809	057
3230	12	116	057
728	1	259	057
1930	15	4977	057
3232	12	29	057
1100	6	28	057
8730	23	2951	057
2014	15	5057	057
2587	9	2588	057
2082	15	4988	057
2702	9	2705	057
5348	15	5088	057
2836	9	2705	057
3228	12	117	057
769	1	28	057
415	1	416	057
191	6	30	057
40	6	1439	057
2675	9	2476	057
212	1	189	057
2171	6	116	057
776	15	5088	057
396	6	30	057
2126	6	2008	057
211	1	189	057
2164	6	116	057
1983	6	728	057
2124	6	116	057
3193	12	2155	057
2693	12	28	057
2030	6	2008	057
85	6	116	057
303	1	416	057
8730	23	3026	057
3187	23	12518	057
12552	23	12525	057
3833	14	3496	057
7403	17	5818	057
2903	11	3089	057
205	15	4990	057
3020	23	12514	057
832	1	416	057
205	6	30	057
2008	9	259	057
3845	14	3496	057
3766	14	3495	057
636	1	172	057
1956	6	2008	057
771	6	30	057
473	6	2082	057
1127	1	846	057
509	6	30	057
3143	11	3087	057
114	1	116	057
8824	23	2977	057
1478	1	114	057
2681	9	2476	057
734	15	4977	057
6414	23	2935	057
2008	15	4988	057
100	6	30	057
2207	12	2155	057
2071	6	30	057
8571	23	12518	057
1912	6	259	057
44	6	30	057
1588	6	30	057
191	1	30	057
2003	6	30	057
2097	6	30	058
206	1	207	058
2156	6	30	058
3036	10	2924	058
431	1	189	058
2644	9	2593	058
199	1	189	058
215	1	189	058
2696	9	2476	058
197	1	189	058
5308	15	5088	058
2169	6	29	058
492	1	493	058
3231	12	29	058
2692	9	2476	058
2587	9	2476	058
811	1	416	058
776	1	493	058
2644	10	2924	058
2047	6	171	058
169	6	173	058
1850	23	2951	058
284	6	2008	058
55	6	30	058
3113	11	3102	058
2089	6	116	058
3237	12	116	058
2079	6	30	058
3905	14	3495	058
702	6	28	058
19	6	2008	058
1894	23	2920	058
728	1	405	058
3219	12	2027	058
229	15	4988	058
494	1	28	058
1502	1	416	058
3242	12	2009	058
213	1	189	058
8516	23	2981	058
610	1	416	058
443	1	416	058
717	1	636	058
473	1	416	058
5133	15	5088	058
831	1	416	058
613	1	416	058
2090	6	116	058
845	1	28	058
2080	6	116	058
1394	6	115	058
6414	23	2935	058
846	1	397	058
2671	9	2672	058
2105	6	30	058
921	6	30	058
178	6	116	058
1644	1	207	058
2530	14	3431	058
198	1	189	058
178	1	179	058
8301	23	3060	058
2	6	30	058
188	1	189	058
1133	6	30	058
172	1	402	058
818	1	416	058
919	1	921	058
3053	23	12505	058
1975	6	2008	058
598	6	30	058
2020	6	2008	058
812	1	416	058
588	6	30	058
1871	12	2155	058
2130	6	2008	058
428	6	259	058
3172	23	3027	058
1957	6	173	058
25	15	5024	058
2301	23	2951	058
196	1	189	058
3224	12	116	058
675	15	4990	058
2207	23	12514	058
2085	15	5057	058
921	1	30	058
4736	14	3496	058
2113	6	29	058
810	1	416	058
720	1	28	058
711	1	28	058
310	15	5088	058
1970	6	2084	058
88	6	30	058
659	1	341	058
6884	17	5976	058
3190	12	2084	058
675	15	5120	058
3732	14	3733	058
822	1	416	058
88	1	90	058
702	1	28	058
658	1	173	058
25	15	4990	058
25	6	30	058
578	1	28	058
1110	15	5120	058
3214	12	2082	058
3113	14	3524	058
44	5	25	058
260	1	189	058
2140	6	2008	058
195	1	189	058
728	15	4988	058
1133	15	4990	058
630	6	30	058
2159	6	30	058
2301	23	12535	058
734	15	4977	058
800	1	416	058
1850	23	2951	058
3101	11	3102	058
205	1	207	058
759	1	28	058
492	15	5088	058
509	15	4977	058
1592	6	30	058
2074	6	2075	058
597	15	5088	058
2832	9	2606	058
3064	23	12505	058
3209	12	30	058
2049	6	30	058
83	1	809	058
3230	12	116	058
728	1	259	058
1930	15	4977	058
3232	12	29	058
1100	6	28	058
8730	23	2951	058
2014	15	5057	058
2587	9	2588	058
2082	15	4988	058
2702	9	2705	058
5348	15	5088	058
2836	9	2705	058
3228	12	117	058
769	1	28	058
415	1	416	058
4678	14	4044	058
191	6	30	058
40	6	1439	058
2675	9	2476	058
212	1	189	058
2171	6	116	058
776	15	5088	058
396	6	30	058
2126	6	2008	058
211	1	189	058
2164	6	116	058
1983	6	728	058
2124	6	116	058
3193	12	2155	058
2693	12	28	058
2030	6	2008	058
85	6	116	058
303	1	416	058
8730	23	3026	058
3187	23	12518	058
12552	23	12525	058
3833	14	3496	058
7403	17	5818	058
2903	11	3089	058
205	15	4990	058
3020	23	12514	058
832	1	416	058
205	6	30	058
2008	9	259	058
3766	14	3495	058
636	1	172	058
1956	6	2008	058
771	6	30	058
473	6	2082	058
1127	1	846	058
509	6	30	058
3143	11	3087	058
114	1	116	058
8824	23	2977	058
1478	1	114	058
2681	9	2476	058
734	15	4977	058
6414	23	2935	058
2008	15	4988	058
100	6	30	058
2207	12	2155	058
2071	6	30	058
8571	23	12518	058
1912	6	259	058
44	6	30	058
1588	6	30	058
191	1	30	058
2003	6	30	058
2097	6	30	059
206	1	207	059
2156	6	30	059
3036	10	2924	059
431	1	189	059
2644	9	2593	059
199	1	189	059
215	1	189	059
2696	9	2476	059
197	1	189	059
5308	15	5088	059
2169	6	29	059
492	1	493	059
3231	12	29	059
2692	9	2476	059
2587	9	2476	059
811	1	416	059
776	1	493	059
2644	10	2924	059
2047	6	171	059
169	6	173	059
1850	23	2951	059
284	6	2008	059
55	6	30	059
3113	11	3102	059
2089	6	116	059
3237	12	116	059
2079	6	30	059
3905	14	3495	059
702	6	28	059
19	6	2008	059
1894	23	2920	059
728	1	405	059
3219	12	2027	059
229	15	4988	059
494	1	28	059
1502	1	416	059
3242	12	2009	059
213	1	189	059
8516	23	2981	059
610	1	416	059
443	1	416	059
717	1	636	059
473	1	416	059
5133	15	5088	059
831	1	416	059
613	1	416	059
2090	6	116	059
845	1	28	059
2080	6	116	059
1394	6	115	059
6414	23	2935	059
846	1	397	059
2671	9	2672	059
2105	6	30	059
921	6	30	059
178	6	116	059
1644	1	207	059
2530	14	3431	059
198	1	189	059
178	1	179	059
8301	23	3060	059
2	6	30	059
188	1	189	059
1133	6	30	059
172	1	402	059
818	1	416	059
919	1	921	059
3053	23	12505	059
1975	6	2008	059
598	6	30	059
2020	6	2008	059
812	1	416	059
588	6	30	059
1871	12	2155	059
2130	6	2008	059
428	6	259	059
3172	23	3027	059
1957	6	173	059
25	15	5024	059
2301	23	2951	059
196	1	189	059
3224	12	116	059
675	15	4990	059
2207	23	12514	059
2085	15	5057	059
921	1	30	059
4736	14	3496	059
2113	6	29	059
810	1	416	059
720	1	28	059
711	1	28	059
310	15	5088	059
1970	6	2084	059
88	6	30	059
659	1	341	059
3190	12	2084	059
4259	14	3847	059
675	15	5120	059
822	1	416	059
88	1	90	059
702	1	28	059
658	1	173	059
25	15	4990	059
25	6	30	059
578	1	28	059
1110	15	5120	059
3214	12	2082	059
3113	14	3524	059
44	5	25	059
260	1	189	059
2140	6	2008	059
195	1	189	059
728	15	4988	059
1133	15	4990	059
630	6	30	059
2159	6	30	059
2301	23	12535	059
734	15	4977	059
800	1	416	059
1850	23	2951	059
3101	11	3102	059
205	1	207	059
759	1	28	059
492	15	5088	059
509	15	4977	059
1592	6	30	059
2074	6	2075	059
597	15	5088	059
2832	9	2606	059
3064	23	12505	059
3209	12	30	059
2049	6	30	059
83	1	809	059
3230	12	116	059
728	1	259	059
1930	15	4977	059
3232	12	29	059
1100	6	28	059
8730	23	2951	059
2014	15	5057	059
2587	9	2588	059
2082	15	4988	059
2702	9	2705	059
5348	15	5088	059
4678	14	3495	059
2836	9	2705	059
3228	12	117	059
769	1	28	059
415	1	416	059
4678	14	4044	059
191	6	30	059
40	6	1439	059
2675	9	2476	059
212	1	189	059
2171	6	116	059
776	15	5088	059
396	6	30	059
2126	6	2008	059
211	1	189	059
2164	6	116	059
1983	6	728	059
2124	6	116	059
3193	12	2155	059
2693	12	28	059
2030	6	2008	059
85	6	116	059
303	1	416	059
8730	23	3026	059
3187	23	12518	059
12552	23	12525	059
3833	14	3496	059
7403	17	5818	059
2903	11	3089	059
205	15	4990	059
3020	23	12514	059
832	1	416	059
205	6	30	059
2008	9	259	059
3766	14	3495	059
636	1	172	059
1956	6	2008	059
771	6	30	059
473	6	2082	059
1127	1	846	059
509	6	30	059
3143	11	3087	059
114	1	116	059
8824	23	2977	059
1478	1	114	059
2681	9	2476	059
734	15	4977	059
6414	23	2935	059
2008	15	4988	059
100	6	30	059
2207	12	2155	059
2071	6	30	059
8571	23	12518	059
1912	6	259	059
44	6	30	059
1588	6	30	059
191	1	30	059
2003	6	30	059
2097	6	30	060
206	1	207	060
2156	6	30	060
3036	10	2924	060
3763	14	3765	060
431	1	189	060
2644	9	2593	060
199	1	189	060
215	1	189	060
2696	9	2476	060
197	1	189	060
5308	15	5088	060
2169	6	29	060
492	1	493	060
3231	12	29	060
2692	9	2476	060
2587	9	2476	060
811	1	416	060
776	1	493	060
2644	10	2924	060
2047	6	171	060
169	6	173	060
1850	23	2951	060
284	6	2008	060
55	6	30	060
3113	11	3102	060
2089	6	116	060
3237	12	116	060
2079	6	30	060
3905	14	3495	060
702	6	28	060
19	6	2008	060
1894	23	2920	060
728	1	405	060
3219	12	2027	060
229	15	4988	060
3905	14	3847	060
494	1	28	060
1502	1	416	060
3242	12	2009	060
213	1	189	060
8516	23	2981	060
610	1	416	060
443	1	416	060
717	1	636	060
473	1	416	060
5133	15	5088	060
831	1	416	060
613	1	416	060
2090	6	116	060
845	1	28	060
2080	6	116	060
1394	6	115	060
6414	23	2935	060
846	1	397	060
2671	9	2672	060
2105	6	30	060
921	6	30	060
178	6	116	060
1644	1	207	060
2530	14	3431	060
198	1	189	060
178	1	179	060
8301	23	3060	060
2	6	30	060
188	1	189	060
1133	6	30	060
172	1	402	060
818	1	416	060
919	1	921	060
3053	23	12505	060
1975	6	2008	060
598	6	30	060
2020	6	2008	060
812	1	416	060
588	6	30	060
1871	12	2155	060
2130	6	2008	060
428	6	259	060
3172	23	3027	060
1957	6	173	060
25	15	5024	060
2301	23	2951	060
196	1	189	060
3224	12	116	060
675	15	4990	060
2207	23	12514	060
2085	15	5057	060
921	1	30	060
2113	6	29	060
810	1	416	060
720	1	28	060
711	1	28	060
310	15	5088	060
1970	6	2084	060
88	6	30	060
659	1	341	060
3190	12	2084	060
675	15	5120	060
822	1	416	060
88	1	90	060
702	1	28	060
658	1	173	060
25	15	4990	060
25	6	30	060
578	1	28	060
1110	15	5120	060
3214	12	2082	060
3113	14	3524	060
47	1	30	060
44	5	25	060
260	1	189	060
2140	6	2008	060
195	1	189	060
728	15	4988	060
1133	15	4990	060
4659	14	3509	060
630	6	30	060
2159	6	30	060
2301	23	12535	060
734	15	4977	060
800	1	416	060
1850	23	2951	060
3101	11	3102	060
205	1	207	060
759	1	28	060
492	15	5088	060
509	15	4977	060
1592	6	30	060
2074	6	2075	060
597	15	5088	060
2832	9	2606	060
3064	23	12505	060
3209	12	30	060
2049	6	30	060
83	1	809	060
3230	12	116	060
728	1	259	060
1930	15	4977	060
3232	12	29	060
47	6	30	060
1100	6	28	060
8730	23	2951	060
2014	15	5057	060
2587	9	2588	060
2082	15	4988	060
2702	9	2705	060
5348	15	5088	060
4678	14	3495	060
2836	9	2705	060
3228	12	117	060
769	1	28	060
415	1	416	060
191	6	30	060
40	6	1439	060
2675	9	2476	060
3142	14	3793	060
212	1	189	060
2171	6	116	060
776	15	5088	060
396	6	30	060
2126	6	2008	060
211	1	189	060
2164	6	116	060
1983	6	728	060
2124	6	116	060
3193	12	2155	060
2693	12	28	060
2030	6	2008	060
85	6	116	060
303	1	416	060
8730	23	3026	060
3187	23	12518	060
12552	23	12525	060
3833	14	3496	060
7403	17	5818	060
2903	11	3089	060
205	15	4990	060
3020	23	12514	060
832	1	416	060
205	6	30	060
2008	9	259	060
3766	14	3495	060
636	1	172	060
1956	6	2008	060
771	6	30	060
473	6	2082	060
1127	1	846	060
509	6	30	060
3143	11	3087	060
114	1	116	060
8824	23	2977	060
1478	1	114	060
2681	9	2476	060
6241	17	6242	060
734	15	4977	060
6414	23	2935	060
2008	15	4988	060
100	6	30	060
2207	12	2155	060
2071	6	30	060
8571	23	12518	060
1912	6	259	060
44	6	30	060
1588	6	30	060
191	1	30	060
2003	6	30	060
2097	6	30	061
206	1	207	061
2156	6	30	061
3036	10	2924	061
3763	14	3765	061
431	1	189	061
2644	9	2593	061
199	1	189	061
215	1	189	061
2696	9	2476	061
197	1	189	061
5308	15	5088	061
2169	6	29	061
3036	14	3922	061
492	1	493	061
3231	12	29	061
2692	9	2476	061
2587	9	2476	061
811	1	416	061
776	1	493	061
2644	10	2924	061
2047	6	171	061
169	6	173	061
1850	23	2951	061
284	6	2008	061
55	6	30	061
3113	11	3102	061
2089	6	116	061
3237	12	116	061
2079	6	30	061
3905	14	3495	061
702	6	28	061
19	6	2008	061
1894	23	2920	061
728	1	405	061
3219	12	2027	061
229	15	4988	061
3905	14	3847	061
494	1	28	061
1502	1	416	061
3242	12	2009	061
213	1	189	061
8516	23	2981	061
610	1	416	061
443	1	416	061
717	1	636	061
473	1	416	061
5133	15	5088	061
831	1	416	061
613	1	416	061
2090	6	116	061
845	1	28	061
2080	6	116	061
1394	6	115	061
6414	23	2935	061
846	1	397	061
2671	9	2672	061
2105	6	30	061
921	6	30	061
178	6	116	061
1644	1	207	061
2530	14	3431	061
198	1	189	061
178	1	179	061
8301	23	3060	061
2	6	30	061
188	1	189	061
1133	6	30	061
172	1	402	061
818	1	416	061
919	1	921	061
3053	23	12505	061
1975	6	2008	061
598	6	30	061
2020	6	2008	061
812	1	416	061
588	6	30	061
1871	12	2155	061
2130	6	2008	061
428	6	259	061
3172	23	3027	061
1957	6	173	061
25	15	5024	061
2301	23	2951	061
196	1	189	061
3224	12	116	061
675	15	4990	061
2207	23	12514	061
2085	15	5057	061
921	1	30	061
2113	6	29	061
810	1	416	061
720	1	28	061
711	1	28	061
310	15	5088	061
1970	6	2084	061
88	6	30	061
659	1	341	061
3190	12	2084	061
675	15	5120	061
822	1	416	061
88	1	90	061
702	1	28	061
658	1	173	061
25	15	4990	061
25	6	30	061
578	1	28	061
3866	17	5873	061
1110	15	5120	061
3763	14	3764	061
3214	12	2082	061
47	1	30	061
44	5	25	061
260	1	189	061
2140	6	2008	061
195	1	189	061
728	15	4988	061
1133	15	4990	061
4659	14	3509	061
630	6	30	061
2159	6	30	061
2301	23	12535	061
734	15	4977	061
800	1	416	061
1850	23	2951	061
3101	11	3102	061
205	1	207	061
759	1	28	061
492	15	5088	061
509	15	4977	061
1592	6	30	061
2074	6	2075	061
597	15	5088	061
2832	9	2606	061
3640	14	3636	061
3064	23	12505	061
3209	12	30	061
2049	6	30	061
83	1	809	061
3230	12	116	061
728	1	259	061
1930	15	4977	061
3232	12	29	061
47	6	30	061
1100	6	28	061
8730	23	2951	061
2014	15	5057	061
2587	9	2588	061
2082	15	4988	061
2702	9	2705	061
5348	15	5088	061
4678	14	3495	061
2836	9	2705	061
3228	12	117	061
769	1	28	061
415	1	416	061
191	6	30	061
40	6	1439	061
2675	9	2476	061
3142	14	3793	061
212	1	189	061
2171	6	116	061
776	15	5088	061
396	6	30	061
2126	6	2008	061
211	1	189	061
2164	6	116	061
1983	6	728	061
2124	6	116	061
3193	12	2155	061
2693	12	28	061
2030	6	2008	061
85	6	116	061
303	1	416	061
8730	23	3026	061
3187	23	12518	061
12552	23	12525	061
3833	14	3496	061
7403	17	5818	061
2903	11	3089	061
205	15	4990	061
3020	23	12514	061
832	1	416	061
205	6	30	061
2008	9	259	061
3766	14	3495	061
636	1	172	061
1956	6	2008	061
771	6	30	061
473	6	2082	061
1127	1	846	061
509	6	30	061
3143	11	3087	061
114	1	116	061
8824	23	2977	061
1478	1	114	061
2681	9	2476	061
734	15	4977	061
6414	23	2935	061
2008	15	4988	061
100	6	30	061
2207	12	2155	061
2071	6	30	061
8571	23	12518	061
1912	6	259	061
44	6	30	061
1588	6	30	061
191	1	30	061
2003	6	30	061
2097	6	30	062
206	1	207	062
2156	6	30	062
3036	10	2924	062
431	1	189	062
2644	9	2593	062
199	1	189	062
215	1	189	062
2696	9	2476	062
197	1	189	062
5308	15	5088	062
2169	6	29	062
3036	14	3922	062
492	1	493	062
3231	12	29	062
2692	9	2476	062
2587	9	2476	062
811	1	416	062
776	1	493	062
2644	10	2924	062
2047	6	171	062
169	6	173	062
1850	23	2951	062
284	6	2008	062
55	6	30	062
3113	11	3102	062
2089	6	116	062
3237	12	116	062
2079	6	30	062
3905	14	3495	062
702	6	28	062
19	6	2008	062
1894	23	2920	062
728	1	405	062
3219	12	2027	062
229	15	4988	062
3905	14	3847	062
494	1	28	062
1502	1	416	062
3242	12	2009	062
213	1	189	062
8516	23	2981	062
610	1	416	062
443	1	416	062
717	1	636	062
473	1	416	062
5133	15	5088	062
831	1	416	062
613	1	416	062
2090	6	116	062
845	1	28	062
2080	6	116	062
1394	6	115	062
6414	23	2935	062
846	1	397	062
2671	9	2672	062
2105	6	30	062
921	6	30	062
178	6	116	062
1644	1	207	062
2530	14	3431	062
198	1	189	062
178	1	179	062
8301	23	3060	062
2	6	30	062
188	1	189	062
1133	6	30	062
172	1	402	062
818	1	416	062
919	1	921	062
3053	23	12505	062
1975	6	2008	062
598	6	30	062
2020	6	2008	062
812	1	416	062
588	6	30	062
1871	12	2155	062
2130	6	2008	062
428	6	259	062
3172	23	3027	062
1957	6	173	062
25	15	5024	062
2301	23	2951	062
196	1	189	062
3224	12	116	062
675	15	4990	062
2207	23	12514	062
2085	15	5057	062
921	1	30	062
2113	6	29	062
810	1	416	062
720	1	28	062
711	1	28	062
310	15	5088	062
1970	6	2084	062
88	6	30	062
659	1	341	062
3190	12	2084	062
675	15	5120	062
822	1	416	062
88	1	90	062
702	1	28	062
658	1	173	062
25	15	4990	062
25	6	30	062
578	1	28	062
1110	15	5120	062
3763	14	3764	062
3214	12	2082	062
47	1	30	062
44	5	25	062
260	1	189	062
2140	6	2008	062
195	1	189	062
728	15	4988	062
1133	15	4990	062
4659	14	3509	062
630	6	30	062
2159	6	30	062
2301	23	12535	062
734	15	4977	062
800	1	416	062
1850	23	2951	062
3101	11	3102	062
205	1	207	062
759	1	28	062
492	15	5088	062
509	15	4977	062
1592	6	30	062
2074	6	2075	062
597	15	5088	062
2832	9	2606	062
3640	14	3636	062
3064	23	12505	062
3209	12	30	062
2049	6	30	062
83	1	809	062
3230	12	116	062
728	1	259	062
1930	15	4977	062
3232	12	29	062
47	6	30	062
1100	6	28	062
8730	23	2951	062
2014	15	5057	062
2587	9	2588	062
2082	15	4988	062
2702	9	2705	062
5348	15	5088	062
4678	14	3495	062
2836	9	2705	062
3228	12	117	062
769	1	28	062
415	1	416	062
191	6	30	062
40	6	1439	062
2675	9	2476	062
3142	14	3793	062
212	1	189	062
2171	6	116	062
776	15	5088	062
396	6	30	062
2126	6	2008	062
211	1	189	062
2164	6	116	062
1983	6	728	062
2124	6	116	062
3193	12	2155	062
2693	12	28	062
2030	6	2008	062
85	6	116	062
303	1	416	062
8730	23	3026	062
3187	23	12518	062
12552	23	12525	062
7403	17	5818	062
2903	11	3089	062
205	15	4990	062
3020	23	12514	062
832	1	416	062
3214	14	4350	062
205	6	30	062
2008	9	259	062
636	1	172	062
1956	6	2008	062
771	6	30	062
473	6	2082	062
1127	1	846	062
509	6	30	062
3143	11	3087	062
114	1	116	062
8824	23	2977	062
1478	1	114	062
2681	9	2476	062
734	15	4977	062
6414	23	2935	062
2008	15	4988	062
100	6	30	062
2207	12	2155	062
2071	6	30	062
8571	23	12518	062
1912	6	259	062
44	6	30	062
1588	6	30	062
191	1	30	062
2003	6	30	062
2097	6	30	063
206	1	207	063
2156	6	30	063
3214	14	4350	063
431	1	189	063
2644	9	2593	063
199	1	189	063
215	1	189	063
2696	9	2476	063
197	1	189	063
5308	15	5088	063
2169	6	29	063
492	1	493	063
3231	12	29	063
2692	9	2476	063
2587	9	2476	063
811	1	416	063
776	1	493	063
2644	10	2924	063
6243	17	6244	063
2047	6	171	063
169	6	173	063
1850	23	2951	063
284	6	2008	063
55	6	30	063
3113	11	3102	063
2089	6	116	063
3237	12	116	063
2079	6	30	063
3905	14	3495	063
702	6	28	063
19	6	2008	063
1894	23	2920	063
728	1	405	063
3219	12	2027	063
229	15	4988	063
3905	14	3847	063
494	1	28	063
1502	1	416	063
3242	12	2009	063
213	1	189	063
8516	23	2981	063
610	1	416	063
443	1	416	063
717	1	636	063
473	1	416	063
5133	15	5088	063
831	1	416	063
613	1	416	063
2090	6	116	063
845	1	28	063
2080	6	116	063
1394	6	115	063
6414	23	2935	063
846	1	397	063
2671	9	2672	063
2105	6	30	063
921	6	30	063
178	6	116	063
6170	17	6171	063
1644	1	207	063
2530	14	3431	063
198	1	189	063
178	1	179	063
8301	23	3060	063
2	6	30	063
188	1	189	063
1133	6	30	063
172	1	402	063
818	1	416	063
919	1	921	063
3062	10	2924	063
3053	23	12505	063
1975	6	2008	063
598	6	30	063
2020	6	2008	063
812	1	416	063
588	6	30	063
1871	12	2155	063
2130	6	2008	063
428	6	259	063
3172	23	3027	063
1957	6	173	063
25	15	5024	063
2301	23	2951	063
196	1	189	063
3224	12	116	063
675	15	4990	063
2207	23	12514	063
2085	15	5057	063
921	1	30	063
2113	6	29	063
810	1	416	063
720	1	28	063
711	1	28	063
310	15	5088	063
1970	6	2084	063
88	6	30	063
659	1	341	063
3190	12	2084	063
675	15	5120	063
822	1	416	063
88	1	90	063
702	1	28	063
658	1	173	063
25	15	4990	063
25	6	30	063
578	1	28	063
1110	15	5120	063
3214	12	2082	063
47	1	30	063
44	5	25	063
260	1	189	063
2140	6	2008	063
195	1	189	063
4884	14	3495	063
728	15	4988	063
1133	15	4990	063
4659	14	3509	063
630	6	30	063
2159	6	30	063
2301	23	12535	063
734	15	4977	063
800	1	416	063
1850	23	2951	063
3101	11	3102	063
205	1	207	063
759	1	28	063
492	15	5088	063
509	15	4977	063
1592	6	30	063
2074	6	2075	063
597	15	5088	063
2832	9	2606	063
3640	14	3636	063
3064	23	12505	063
3209	12	30	063
2049	6	30	063
83	1	809	063
2837	9	2482	063
3230	12	116	063
728	1	259	063
1930	15	4977	063
3232	12	29	063
47	6	30	063
1100	6	28	063
8730	23	2951	063
2014	15	5057	063
2587	9	2588	063
2082	15	4988	063
2702	9	2705	063
5348	15	5088	063
4678	14	3495	063
2836	9	2705	063
3228	12	117	063
769	1	28	063
415	1	416	063
2718	9	2482	063
191	6	30	063
5993	17	5994	063
40	6	1439	063
2675	9	2476	063
3142	14	3793	063
212	1	189	063
2171	6	116	063
776	15	5088	063
4736	14	3717	063
396	6	30	063
2126	6	2008	063
211	1	189	063
2164	6	116	063
1983	6	728	063
2124	6	116	063
3193	12	2155	063
8571	17	5818	063
2693	12	28	063
2030	6	2008	063
85	6	116	063
303	1	416	063
8730	23	3026	063
3187	23	12518	063
12552	23	12525	063
7403	17	5818	063
2903	11	3089	063
205	15	4990	063
3020	23	12514	063
832	1	416	063
205	6	30	063
2008	9	259	063
636	1	172	063
1956	6	2008	063
771	6	30	063
473	6	2082	063
1127	1	846	063
509	6	30	063
3143	11	3087	063
114	1	116	063
8824	23	2977	063
1478	1	114	063
2681	9	2476	063
734	15	4977	063
6414	23	2935	063
2008	15	4988	063
100	6	30	063
2207	12	2155	063
2071	6	30	063
8571	23	12518	063
1912	6	259	063
44	6	30	063
2911	9	2482	063
1588	6	30	063
191	1	30	063
2003	6	30	063
2097	6	30	064
206	1	207	064
2156	6	30	064
3214	14	4350	064
431	1	189	064
2644	9	2593	064
199	1	189	064
215	1	189	064
2696	9	2476	064
197	1	189	064
5308	15	5088	064
2169	6	29	064
492	1	493	064
3231	12	29	064
2692	9	2476	064
2587	9	2476	064
811	1	416	064
776	1	493	064
2644	10	2924	064
2047	6	171	064
169	6	173	064
1850	23	2951	064
284	6	2008	064
55	6	30	064
3113	11	3102	064
2089	6	116	064
3237	12	116	064
2079	6	30	064
3905	14	3495	064
702	6	28	064
19	6	2008	064
1894	23	2920	064
728	1	405	064
3219	12	2027	064
229	15	4988	064
494	1	28	064
1502	1	416	064
3242	12	2009	064
213	1	189	064
8516	23	2981	064
610	1	416	064
443	1	416	064
717	1	636	064
473	1	416	064
5133	15	5088	064
831	1	416	064
613	1	416	064
2090	6	116	064
845	1	28	064
2080	6	116	064
1394	6	115	064
6414	23	2935	064
846	1	397	064
2671	9	2672	064
2105	6	30	064
921	6	30	064
178	6	116	064
1644	1	207	064
2530	14	3431	064
198	1	189	064
178	1	179	064
8301	23	3060	064
2	6	30	064
188	1	189	064
1133	6	30	064
172	1	402	064
818	1	416	064
919	1	921	064
3062	10	2924	064
3053	23	12505	064
1975	6	2008	064
598	6	30	064
2020	6	2008	064
812	1	416	064
4111	14	4112	064
588	6	30	064
1871	12	2155	064
2130	6	2008	064
428	6	259	064
3172	23	3027	064
1957	6	173	064
25	15	5024	064
2301	23	2951	064
196	1	189	064
3224	12	116	064
675	15	4990	064
2207	23	12514	064
2085	15	5057	064
921	1	30	064
2113	6	29	064
810	1	416	064
720	1	28	064
711	1	28	064
310	15	5088	064
1970	6	2084	064
88	6	30	064
659	1	341	064
3190	12	2084	064
675	15	5120	064
822	1	416	064
88	1	90	064
702	1	28	064
658	1	173	064
25	15	4990	064
25	6	30	064
578	1	28	064
1110	15	5120	064
3214	12	2082	064
47	1	30	064
44	5	25	064
260	1	189	064
2140	6	2008	064
195	1	189	064
4884	14	3495	064
728	15	4988	064
1133	15	4990	064
4659	14	3509	064
630	6	30	064
3866	14	3487	064
2159	6	30	064
2301	23	12535	064
734	15	4977	064
800	1	416	064
1850	23	2951	064
3101	11	3102	064
205	1	207	064
759	1	28	064
492	15	5088	064
509	15	4977	064
1592	6	30	064
2074	6	2075	064
597	15	5088	064
2832	9	2606	064
3640	14	3636	064
3064	23	12505	064
3209	12	30	064
2049	6	30	064
83	1	809	064
2837	9	2482	064
3230	12	116	064
728	1	259	064
1930	15	4977	064
3232	12	29	064
47	6	30	064
1100	6	28	064
8730	23	2951	064
2014	15	5057	064
2587	9	2588	064
2082	15	4988	064
2702	9	2705	064
5348	15	5088	064
4678	14	3495	064
2836	9	2705	064
3228	12	117	064
769	1	28	064
415	1	416	064
2718	9	2482	064
191	6	30	064
40	6	1439	064
2675	9	2476	064
3142	14	3793	064
212	1	189	064
2171	6	116	064
776	15	5088	064
4736	14	3717	064
396	6	30	064
2126	6	2008	064
211	1	189	064
2164	6	116	064
1983	6	728	064
2124	6	116	064
3193	12	2155	064
2693	12	28	064
2030	6	2008	064
85	6	116	064
303	1	416	064
8730	23	3026	064
3187	23	12518	064
12552	23	12525	064
7403	17	5818	064
2903	11	3089	064
205	15	4990	064
3020	23	12514	064
832	1	416	064
205	6	30	064
2008	9	259	064
636	1	172	064
1956	6	2008	064
771	6	30	064
473	6	2082	064
1127	1	846	064
509	6	30	064
3143	11	3087	064
114	1	116	064
8824	23	2977	064
1478	1	114	064
2681	9	2476	064
734	15	4977	064
6414	23	2935	064
2008	15	4988	064
100	6	30	064
2207	12	2155	064
2071	6	30	064
8571	23	12518	064
1912	6	259	064
44	6	30	064
2911	9	2482	064
1588	6	30	064
191	1	30	064
2003	6	30	064
2097	6	30	065
206	1	207	065
2156	6	30	065
3214	14	4350	065
431	1	189	065
2644	9	2593	065
199	1	189	065
215	1	189	065
2696	9	2476	065
197	1	189	065
5308	15	5088	065
2169	6	29	065
492	1	493	065
3231	12	29	065
2692	9	2476	065
2587	9	2476	065
811	1	416	065
776	1	493	065
2644	10	2924	065
2047	6	171	065
169	6	173	065
1850	23	2951	065
284	6	2008	065
55	6	30	065
3113	11	3102	065
2089	6	116	065
3237	12	116	065
2079	6	30	065
3905	14	3495	065
702	6	28	065
19	6	2008	065
1894	23	2920	065
728	1	405	065
3219	12	2027	065
229	15	4988	065
494	1	28	065
1502	1	416	065
3242	12	2009	065
213	1	189	065
8516	23	2981	065
610	1	416	065
443	1	416	065
717	1	636	065
473	1	416	065
5133	15	5088	065
831	1	416	065
613	1	416	065
2090	6	116	065
845	1	28	065
2080	6	116	065
1394	6	115	065
6414	23	2935	065
846	1	397	065
2671	9	2672	065
2105	6	30	065
921	6	30	065
178	6	116	065
1644	1	207	065
2530	14	3431	065
198	1	189	065
178	1	179	065
8301	23	3060	065
2	6	30	065
188	1	189	065
1133	6	30	065
172	1	402	065
818	1	416	065
919	1	921	065
3062	10	2924	065
3053	23	12505	065
1975	6	2008	065
598	6	30	065
2020	6	2008	065
812	1	416	065
4111	14	4112	065
588	6	30	065
1871	12	2155	065
2130	6	2008	065
428	6	259	065
3172	23	3027	065
1957	6	173	065
25	15	5024	065
2301	23	2951	065
196	1	189	065
3224	12	116	065
675	15	4990	065
2207	23	12514	065
2085	15	5057	065
921	1	30	065
2113	6	29	065
810	1	416	065
720	1	28	065
711	1	28	065
310	15	5088	065
1970	6	2084	065
88	6	30	065
659	1	341	065
3190	12	2084	065
4736	14	3495	065
675	15	5120	065
822	1	416	065
88	1	90	065
702	1	28	065
658	1	173	065
25	15	4990	065
25	6	30	065
578	1	28	065
1110	15	5120	065
3214	12	2082	065
47	1	30	065
44	5	25	065
260	1	189	065
2140	6	2008	065
195	1	189	065
4884	14	3495	065
728	15	4988	065
1133	15	4990	065
4659	14	3509	065
630	6	30	065
3866	14	3487	065
2159	6	30	065
2301	23	12535	065
734	15	4977	065
800	1	416	065
1850	23	2951	065
3101	11	3102	065
205	1	207	065
759	1	28	065
492	15	5088	065
509	15	4977	065
1592	6	30	065
2074	6	2075	065
597	15	5088	065
2832	9	2606	065
3640	14	3636	065
3064	23	12505	065
3209	12	30	065
2049	6	30	065
83	1	809	065
2837	9	2482	065
3230	12	116	065
728	1	259	065
1930	15	4977	065
3232	12	29	065
47	6	30	065
1100	6	28	065
8730	23	2951	065
2014	15	5057	065
2587	9	2588	065
2082	15	4988	065
2702	9	2705	065
5348	15	5088	065
2836	9	2705	065
3228	12	117	065
769	1	28	065
415	1	416	065
2718	9	2482	065
191	6	30	065
3833	14	3762	065
40	6	1439	065
2675	9	2476	065
3142	14	3793	065
212	1	189	065
2171	6	116	065
776	15	5088	065
396	6	30	065
2126	6	2008	065
211	1	189	065
2164	6	116	065
1983	6	728	065
2124	6	116	065
3193	12	2155	065
2693	12	28	065
2030	6	2008	065
85	6	116	065
303	1	416	065
8730	23	3026	065
3187	23	12518	065
12552	23	12525	065
7403	17	5818	065
2903	11	3089	065
205	15	4990	065
3020	23	12514	065
832	1	416	065
205	6	30	065
2008	9	259	065
488	1	30	065
636	1	172	065
1956	6	2008	065
771	6	30	065
473	6	2082	065
1127	1	846	065
509	6	30	065
3143	11	3087	065
114	1	116	065
8824	23	2977	065
1478	1	114	065
2681	9	2476	065
734	15	4977	065
6414	23	2935	065
2008	15	4988	065
100	6	30	065
2207	12	2155	065
2071	6	30	065
8571	23	12518	065
1912	6	259	065
44	6	30	065
2911	9	2482	065
1588	6	30	065
191	1	30	065
2003	6	30	065
2097	6	30	066
206	1	207	066
2156	6	30	066
3214	14	4350	066
431	1	189	066
2644	9	2593	066
199	1	189	066
215	1	189	066
2696	9	2476	066
197	1	189	066
5308	15	5088	066
2169	6	29	066
492	1	493	066
3231	12	29	066
2692	9	2476	066
2587	9	2476	066
811	1	416	066
776	1	493	066
2644	10	2924	066
2047	6	171	066
169	6	173	066
1850	23	2951	066
284	6	2008	066
55	6	30	066
4057	14	4044	066
3113	11	3102	066
2089	6	116	066
3237	12	116	066
2079	6	30	066
3905	14	3495	066
702	6	28	066
19	6	2008	066
1894	23	2920	066
728	1	405	066
3219	12	2027	066
229	15	4988	066
494	1	28	066
1502	1	416	066
3242	12	2009	066
213	1	189	066
8516	23	2981	066
610	1	416	066
443	1	416	066
717	1	636	066
473	1	416	066
5133	15	5088	066
831	1	416	066
613	1	416	066
2090	6	116	066
845	1	28	066
2080	6	116	066
1394	6	115	066
6414	23	2935	066
846	1	397	066
2671	9	2672	066
2105	6	30	066
921	6	30	066
178	6	116	066
1644	1	207	066
2530	14	3431	066
198	1	189	066
178	1	179	066
8301	23	3060	066
2	6	30	066
188	1	189	066
1133	6	30	066
172	1	402	066
818	1	416	066
919	1	921	066
3062	10	2924	066
3053	23	12505	066
1975	6	2008	066
598	6	30	066
2020	6	2008	066
812	1	416	066
588	6	30	066
1871	12	2155	066
2130	6	2008	066
428	6	259	066
3172	23	3027	066
1957	6	173	066
25	15	5024	066
2301	23	2951	066
196	1	189	066
3224	12	116	066
675	15	4990	066
2207	23	12514	066
2085	15	5057	066
921	1	30	066
2113	6	29	066
810	1	416	066
720	1	28	066
711	1	28	066
310	15	5088	066
1970	6	2084	066
88	6	30	066
659	1	341	066
3190	12	2084	066
4736	14	3495	066
675	15	5120	066
822	1	416	066
88	1	90	066
702	1	28	066
658	1	173	066
25	15	4990	066
25	6	30	066
578	1	28	066
1110	15	5120	066
3214	12	2082	066
47	1	30	066
44	5	25	066
260	1	189	066
2140	6	2008	066
195	1	189	066
4884	14	3495	066
728	15	4988	066
1133	15	4990	066
630	6	30	066
3866	14	3487	066
2159	6	30	066
2301	23	12535	066
734	15	4977	066
800	1	416	066
1850	23	2951	066
3101	11	3102	066
205	1	207	066
759	1	28	066
492	15	5088	066
509	15	4977	066
1592	6	30	066
2074	6	2075	066
597	15	5088	066
2832	9	2606	066
3640	14	3636	066
3064	23	12505	066
3209	12	30	066
2049	6	30	066
83	1	809	066
2837	9	2482	066
3230	12	116	066
728	1	259	066
1930	15	4977	066
3232	12	29	066
47	6	30	066
1100	6	28	066
8730	23	2951	066
2014	15	5057	066
2587	9	2588	066
2082	15	4988	066
2702	9	2705	066
5348	15	5088	066
2836	9	2705	066
4659	14	3491	066
3228	12	117	066
769	1	28	066
415	1	416	066
2718	9	2482	066
191	6	30	066
3833	14	3762	066
40	6	1439	066
2675	9	2476	066
3142	14	3793	066
212	1	189	066
2171	6	116	066
776	15	5088	066
396	6	30	066
2126	6	2008	066
211	1	189	066
2164	6	116	066
1983	6	728	066
2124	6	116	066
3193	12	2155	066
2693	12	28	066
2030	6	2008	066
85	6	116	066
303	1	416	066
8730	23	3026	066
3187	23	12518	066
12552	23	12525	066
7403	17	5818	066
2903	11	3089	066
205	15	4990	066
3020	23	12514	066
832	1	416	066
205	6	30	066
2008	9	259	066
488	1	30	066
636	1	172	066
1956	6	2008	066
771	6	30	066
473	6	2082	066
1127	1	846	066
509	6	30	066
3143	11	3087	066
114	1	116	066
8824	23	2977	066
1478	1	114	066
2681	9	2476	066
734	15	4977	066
6414	23	2935	066
2008	15	4988	066
100	6	30	066
2207	12	2155	066
2071	6	30	066
8571	23	12518	066
1912	6	259	066
44	6	30	066
2911	9	2482	066
1588	6	30	066
191	1	30	066
2003	6	30	066
2097	6	30	067
206	1	207	067
2156	6	30	067
3214	14	4350	067
431	1	189	067
2644	9	2593	067
199	1	189	067
215	1	189	067
2696	9	2476	067
197	1	189	067
5308	15	5088	067
2169	6	29	067
492	1	493	067
3231	12	29	067
2692	9	2476	067
2587	9	2476	067
811	1	416	067
776	1	493	067
2644	10	2924	067
2047	6	171	067
169	6	173	067
1850	23	2951	067
284	6	2008	067
55	6	30	067
4057	14	4044	067
3113	11	3102	067
2089	6	116	067
3237	12	116	067
2079	6	30	067
3905	14	3495	067
702	6	28	067
19	6	2008	067
1894	23	2920	067
728	1	405	067
3219	12	2027	067
229	15	4988	067
494	1	28	067
1502	1	416	067
3242	12	2009	067
213	1	189	067
8516	23	2981	067
610	1	416	067
443	1	416	067
717	1	636	067
473	1	416	067
5133	15	5088	067
831	1	416	067
613	1	416	067
2090	6	116	067
845	1	28	067
2080	6	116	067
1394	6	115	067
6414	23	2935	067
846	1	397	067
2671	9	2672	067
2105	6	30	067
921	6	30	067
178	6	116	067
1644	1	207	067
2530	14	3431	067
198	1	189	067
178	1	179	067
8301	23	3060	067
2	6	30	067
188	1	189	067
1133	6	30	067
172	1	402	067
818	1	416	067
919	1	921	067
3062	10	2924	067
3053	23	12505	067
1975	6	2008	067
598	6	30	067
2020	6	2008	067
812	1	416	067
3844	14	3496	067
588	6	30	067
1871	12	2155	067
2130	6	2008	067
428	6	259	067
3172	23	3027	067
1957	6	173	067
25	15	5024	067
2301	23	2951	067
196	1	189	067
3224	12	116	067
675	15	4990	067
2207	23	12514	067
2085	15	5057	067
921	1	30	067
2113	6	29	067
810	1	416	067
720	1	28	067
711	1	28	067
310	15	5088	067
1970	6	2084	067
88	6	30	067
659	1	341	067
3190	12	2084	067
4736	14	3495	067
675	15	5120	067
822	1	416	067
88	1	90	067
702	1	28	067
658	1	173	067
25	15	4990	067
25	6	30	067
578	1	28	067
1110	15	5120	067
3214	12	2082	067
47	1	30	067
44	5	25	067
260	1	189	067
2140	6	2008	067
195	1	189	067
4884	14	3495	067
728	15	4988	067
1133	15	4990	067
630	6	30	067
3866	14	3487	067
2159	6	30	067
2301	23	12535	067
734	15	4977	067
800	1	416	067
1850	23	2951	067
3101	11	3102	067
205	1	207	067
759	1	28	067
492	15	5088	067
509	15	4977	067
1592	6	30	067
2074	6	2075	067
597	15	5088	067
2832	9	2606	067
3640	14	3636	067
3064	23	12505	067
3209	12	30	067
2049	6	30	067
83	1	809	067
2837	9	2482	067
3230	12	116	067
728	1	259	067
4057	14	3495	067
1930	15	4977	067
3232	12	29	067
47	6	30	067
1100	6	28	067
8730	23	2951	067
2014	15	5057	067
2587	9	2588	067
2082	15	4988	067
2702	9	2705	067
5348	15	5088	067
2836	9	2705	067
4659	14	3491	067
3228	12	117	067
769	1	28	067
415	1	416	067
2718	9	2482	067
191	6	30	067
3833	14	3762	067
40	6	1439	067
2675	9	2476	067
212	1	189	067
2171	6	116	067
776	15	5088	067
396	6	30	067
2126	6	2008	067
211	1	189	067
2164	6	116	067
1983	6	728	067
2124	6	116	067
3193	12	2155	067
2693	12	28	067
2030	6	2008	067
85	6	116	067
303	1	416	067
8730	23	3026	067
3187	23	12518	067
12552	23	12525	067
7403	17	5818	067
2903	11	3089	067
205	15	4990	067
3020	23	12514	067
832	1	416	067
205	6	30	067
2008	9	259	067
488	1	30	067
636	1	172	067
1956	6	2008	067
771	6	30	067
473	6	2082	067
1127	1	846	067
509	6	30	067
3143	11	3087	067
114	1	116	067
8824	23	2977	067
1478	1	114	067
2681	9	2476	067
734	15	4977	067
6414	23	2935	067
2008	15	4988	067
100	6	30	067
2207	12	2155	067
2071	6	30	067
8571	23	12518	067
1912	6	259	067
44	6	30	067
2911	9	2482	067
1588	6	30	067
191	1	30	067
2003	6	30	067
2097	6	30	068
206	1	207	068
2156	6	30	068
3214	14	4350	068
431	1	189	068
2644	9	2593	068
199	1	189	068
215	1	189	068
2696	9	2476	068
197	1	189	068
5308	15	5088	068
2169	6	29	068
2832	14	3922	068
492	1	493	068
3231	12	29	068
2692	9	2476	068
2587	9	2476	068
811	1	416	068
776	1	493	068
2644	10	2924	068
2047	6	171	068
169	6	173	068
1850	23	2951	068
284	6	2008	068
55	6	30	068
3113	11	3102	068
2089	6	116	068
3237	12	116	068
2079	6	30	068
3905	14	3495	068
702	6	28	068
19	6	2008	068
1894	23	2920	068
728	1	405	068
3219	12	2027	068
229	15	4988	068
494	1	28	068
1502	1	416	068
3242	12	2009	068
213	1	189	068
8516	23	2981	068
610	1	416	068
443	1	416	068
717	1	636	068
473	1	416	068
5133	15	5088	068
831	1	416	068
613	1	416	068
2090	6	116	068
845	1	28	068
2080	6	116	068
1394	6	115	068
6414	23	2935	068
846	1	397	068
2671	9	2672	068
2105	6	30	068
921	6	30	068
178	6	116	068
1644	1	207	068
2530	14	3431	068
198	1	189	068
178	1	179	068
8301	23	3060	068
2	6	30	068
188	1	189	068
1133	6	30	068
172	1	402	068
818	1	416	068
919	1	921	068
3062	10	2924	068
3053	23	12505	068
1975	6	2008	068
598	6	30	068
2020	6	2008	068
3833	14	3495	068
812	1	416	068
3844	14	3496	068
588	6	30	068
1871	12	2155	068
2130	6	2008	068
428	6	259	068
3172	23	3027	068
1957	6	173	068
25	15	5024	068
2301	23	2951	068
196	1	189	068
3224	12	116	068
675	15	4990	068
2207	23	12514	068
2085	15	5057	068
921	1	30	068
5993	17	5996	068
2113	6	29	068
810	1	416	068
720	1	28	068
711	1	28	068
310	15	5088	068
1970	6	2084	068
88	6	30	068
659	1	341	068
3190	12	2084	068
4736	14	3495	068
675	15	5120	068
822	1	416	068
88	1	90	068
702	1	28	068
658	1	173	068
25	15	4990	068
25	6	30	068
578	1	28	068
1110	15	5120	068
3214	12	2082	068
47	1	30	068
44	5	25	068
260	1	189	068
2140	6	2008	068
195	1	189	068
4884	14	3495	068
728	15	4988	068
1133	15	4990	068
630	6	30	068
2789	9	2705	068
3866	14	3487	068
2159	6	30	068
2301	23	12535	068
734	15	4977	068
800	1	416	068
1850	23	2951	068
3101	11	3102	068
205	1	207	068
8983	17	6005	068
759	1	28	068
492	15	5088	068
509	15	4977	068
1592	6	30	068
2074	6	2075	068
597	15	5088	068
2832	9	2606	068
3142	14	3519	068
3640	14	3636	068
3064	23	12505	068
3209	12	30	068
2049	6	30	068
83	1	809	068
2837	9	2482	068
3230	12	116	068
728	1	259	068
4057	14	3495	068
1930	15	4977	068
3232	12	29	068
47	6	30	068
1100	6	28	068
8730	23	2951	068
2014	15	5057	068
2587	9	2588	068
2082	15	4988	068
2702	9	2705	068
5348	15	5088	068
2836	9	2705	068
4659	14	3491	068
3228	12	117	068
769	1	28	068
415	1	416	068
2718	9	2482	068
191	6	30	068
3833	14	3762	068
40	6	1439	068
2675	9	2476	068
212	1	189	068
2171	6	116	068
776	15	5088	068
396	6	30	068
2126	6	2008	068
211	1	189	068
2164	6	116	068
1983	6	728	068
2124	6	116	068
3193	12	2155	068
2693	12	28	068
2030	6	2008	068
85	6	116	068
303	1	416	068
8730	23	3026	068
3187	23	12518	068
12552	23	12525	068
7403	17	5818	068
5993	17	5997	068
2903	11	3089	068
205	15	4990	068
3020	23	12514	068
832	1	416	068
2582	9	2520	068
205	6	30	068
2008	9	259	068
488	1	30	068
636	1	172	068
1956	6	2008	068
771	6	30	068
473	6	2082	068
1127	1	846	068
509	6	30	068
3143	11	3087	068
114	1	116	068
8824	23	2977	068
1478	1	114	068
2681	9	2476	068
734	15	4977	068
6414	23	2935	068
2008	15	4988	068
100	6	30	068
2207	12	2155	068
2071	6	30	068
8571	23	12518	068
1912	6	259	068
44	6	30	068
2911	9	2482	068
1588	6	30	068
191	1	30	068
2003	6	30	068
2097	6	30	069
206	1	207	069
2156	6	30	069
3214	14	4350	069
431	1	189	069
2644	9	2593	069
199	1	189	069
215	1	189	069
2696	9	2476	069
197	1	189	069
5308	15	5088	069
2169	6	29	069
2832	14	3922	069
492	1	493	069
3231	12	29	069
2692	9	2476	069
2587	9	2476	069
811	1	416	069
776	1	493	069
2644	10	2924	069
2047	6	171	069
169	6	173	069
1850	23	2951	069
284	6	2008	069
55	6	30	069
3113	11	3102	069
2089	6	116	069
3237	12	116	069
2079	6	30	069
3905	14	3495	069
702	6	28	069
19	6	2008	069
1894	23	2920	069
728	1	405	069
3219	12	2027	069
229	15	4988	069
4111	14	3496	069
494	1	28	069
1502	1	416	069
3242	12	2009	069
213	1	189	069
8516	23	2981	069
610	1	416	069
443	1	416	069
717	1	636	069
473	1	416	069
5133	15	5088	069
831	1	416	069
613	1	416	069
2090	6	116	069
845	1	28	069
2080	6	116	069
1394	6	115	069
6414	23	2935	069
846	1	397	069
2671	9	2672	069
2105	6	30	069
921	6	30	069
178	6	116	069
1644	1	207	069
2530	14	3431	069
198	1	189	069
178	1	179	069
8301	23	3060	069
2	6	30	069
188	1	189	069
1133	6	30	069
172	1	402	069
818	1	416	069
919	1	921	069
3062	10	2924	069
3053	23	12505	069
1975	6	2008	069
598	6	30	069
2020	6	2008	069
3833	14	3495	069
812	1	416	069
3844	14	3496	069
588	6	30	069
1871	12	2155	069
2130	6	2008	069
428	6	259	069
3172	23	3027	069
1957	6	173	069
25	15	5024	069
2301	23	2951	069
196	1	189	069
3224	12	116	069
675	15	4990	069
2207	23	12514	069
2085	15	5057	069
921	1	30	069
2113	6	29	069
810	1	416	069
720	1	28	069
711	1	28	069
310	15	5088	069
1970	6	2084	069
88	6	30	069
659	1	341	069
3190	12	2084	069
4736	14	3495	069
675	15	5120	069
822	1	416	069
88	1	90	069
702	1	28	069
658	1	173	069
25	15	4990	069
25	6	30	069
578	1	28	069
1110	15	5120	069
3214	12	2082	069
47	1	30	069
44	5	25	069
260	1	189	069
2140	6	2008	069
195	1	189	069
4884	14	3495	069
728	15	4988	069
1133	15	4990	069
630	6	30	069
2789	9	2705	069
3866	14	3487	069
2159	6	30	069
2301	23	12535	069
734	15	4977	069
800	1	416	069
1850	23	2951	069
3101	11	3102	069
205	1	207	069
759	1	28	069
492	15	5088	069
509	15	4977	069
1592	6	30	069
2074	6	2075	069
597	15	5088	069
2832	9	2606	069
3142	14	3519	069
3064	23	12505	069
3209	12	30	069
2049	6	30	069
83	1	809	069
2837	9	2482	069
3230	12	116	069
728	1	259	069
1930	15	4977	069
3232	12	29	069
47	6	30	069
1100	6	28	069
8730	23	2951	069
2014	15	5057	069
2587	9	2588	069
2082	15	4988	069
2702	9	2705	069
5348	15	5088	069
2836	9	2705	069
4659	14	3491	069
3228	12	117	069
769	1	28	069
415	1	416	069
2718	9	2482	069
191	6	30	069
40	6	1439	069
2675	9	2476	069
212	1	189	069
2171	6	116	069
776	15	5088	069
396	6	30	069
2126	6	2008	069
211	1	189	069
2164	6	116	069
1983	6	728	069
2124	6	116	069
3193	12	2155	069
2693	12	28	069
2030	6	2008	069
85	6	116	069
303	1	416	069
8730	23	3026	069
3187	23	12518	069
12552	23	12525	069
7403	17	5818	069
2903	11	3089	069
205	15	4990	069
3020	23	12514	069
832	1	416	069
2582	9	2520	069
205	6	30	069
2008	9	259	069
488	1	30	069
636	1	172	069
4659	14	3793	069
1956	6	2008	069
771	6	30	069
473	6	2082	069
1127	1	846	069
509	6	30	069
3143	11	3087	069
114	1	116	069
8824	23	2977	069
1478	1	114	069
2681	9	2476	069
734	15	4977	069
6414	23	2935	069
2008	15	4988	069
100	6	30	069
2207	12	2155	069
2071	6	30	069
8571	23	12518	069
1912	6	259	069
8983	17	6791	069
44	6	30	069
2911	9	2482	069
1588	6	30	069
191	1	30	069
2003	6	30	069
2097	6	30	070
206	1	207	070
2156	6	30	070
3214	14	4350	070
431	1	189	070
2644	9	2593	070
199	1	189	070
215	1	189	070
2696	9	2476	070
197	1	189	070
5308	15	5088	070
2169	6	29	070
2832	14	3922	070
492	1	493	070
3231	12	29	070
2692	9	2476	070
2587	9	2476	070
811	1	416	070
776	1	493	070
2047	6	171	070
169	6	173	070
1850	23	2951	070
284	6	2008	070
55	6	30	070
3113	11	3102	070
2089	6	116	070
3237	12	116	070
2079	6	30	070
702	6	28	070
19	6	2008	070
1894	23	2920	070
728	1	405	070
3219	12	2027	070
229	15	4988	070
4111	14	3496	070
494	1	28	070
1502	1	416	070
3242	12	2009	070
213	1	189	070
8516	23	2981	070
610	1	416	070
443	1	416	070
717	1	636	070
473	1	416	070
5133	15	5088	070
831	1	416	070
613	1	416	070
2090	6	116	070
845	1	28	070
2080	6	116	070
1394	6	115	070
6414	23	2935	070
846	1	397	070
2671	9	2672	070
2105	6	30	070
921	6	30	070
178	6	116	070
1644	1	207	070
2530	14	3431	070
198	1	189	070
178	1	179	070
8301	23	3060	070
2	6	30	070
188	1	189	070
1133	6	30	070
6884	17	6190	070
172	1	402	070
818	1	416	070
919	1	921	070
3062	10	2924	070
3053	23	12505	070
1975	6	2008	070
598	6	30	070
2020	6	2008	070
3833	14	3495	070
812	1	416	070
588	6	30	070
1871	12	2155	070
2130	6	2008	070
428	6	259	070
3172	23	3027	070
1957	6	173	070
25	15	5024	070
2301	23	2951	070
196	1	189	070
3224	12	116	070
675	15	4990	070
2207	23	12514	070
2085	15	5057	070
921	1	30	070
2113	6	29	070
810	1	416	070
720	1	28	070
711	1	28	070
310	15	5088	070
1970	6	2084	070
88	6	30	070
659	1	341	070
3190	12	2084	070
4736	14	3495	070
675	15	5120	070
822	1	416	070
88	1	90	070
702	1	28	070
658	1	173	070
25	15	4990	070
25	6	30	070
578	1	28	070
1110	15	5120	070
3214	12	2082	070
47	1	30	070
44	5	25	070
260	1	189	070
2140	6	2008	070
195	1	189	070
728	15	4988	070
1133	15	4990	070
630	6	30	070
2789	9	2705	070
3866	14	3487	070
2159	6	30	070
2301	23	12535	070
734	15	4977	070
800	1	416	070
1850	23	2951	070
3101	11	3102	070
205	1	207	070
759	1	28	070
492	15	5088	070
509	15	4977	070
1592	6	30	070
2074	6	2075	070
597	15	5088	070
2832	9	2606	070
3064	23	12505	070
3209	12	30	070
2049	6	30	070
83	1	809	070
2837	9	2482	070
3230	12	116	070
728	1	259	070
1930	15	4977	070
3232	12	29	070
47	6	30	070
1100	6	28	070
8730	23	2951	070
2014	15	5057	070
2587	9	2588	070
2082	15	4988	070
2702	9	2705	070
5348	15	5088	070
2836	9	2705	070
3228	12	117	070
769	1	28	070
415	1	416	070
2718	9	2482	070
191	6	30	070
40	6	1439	070
2675	9	2476	070
212	1	189	070
2171	6	116	070
776	15	5088	070
396	6	30	070
2126	6	2008	070
211	1	189	070
2164	6	116	070
1983	6	728	070
2124	6	116	070
3193	12	2155	070
2693	12	28	070
2030	6	2008	070
85	6	116	070
303	1	416	070
8730	23	3026	070
3187	23	12518	070
12552	23	12525	070
7403	17	5818	070
2903	11	3089	070
205	15	4990	070
3020	23	12514	070
832	1	416	070
2582	9	2520	070
205	6	30	070
2008	9	259	070
488	1	30	070
636	1	172	070
4659	14	3793	070
1956	6	2008	070
771	6	30	070
473	6	2082	070
1127	1	846	070
509	6	30	070
3143	11	3087	070
114	1	116	070
8824	23	2977	070
1478	1	114	070
2681	9	2476	070
734	15	4977	070
6414	23	2935	070
2008	15	4988	070
100	6	30	070
2207	12	2155	070
2071	6	30	070
8571	23	12518	070
1912	6	259	070
8983	17	6791	070
44	6	30	070
2911	9	2482	070
1588	6	30	070
191	1	30	070
2003	6	30	070
2097	6	30	071
206	1	207	071
2156	6	30	071
3214	14	4350	071
431	1	189	071
2644	9	2593	071
199	1	189	071
215	1	189	071
2696	9	2476	071
197	1	189	071
5308	15	5088	071
2169	6	29	071
2832	14	3922	071
492	1	493	071
3231	12	29	071
2692	9	2476	071
2587	9	2476	071
811	1	416	071
776	1	493	071
2047	6	171	071
169	6	173	071
1850	23	2951	071
284	6	2008	071
55	6	30	071
3113	11	3102	071
2089	6	116	071
3237	12	116	071
2079	6	30	071
702	6	28	071
19	6	2008	071
1894	23	2920	071
728	1	405	071
3219	12	2027	071
229	15	4988	071
4111	14	3496	071
494	1	28	071
1502	1	416	071
3242	12	2009	071
213	1	189	071
8516	23	2981	071
610	1	416	071
443	1	416	071
717	1	636	071
473	1	416	071
5133	15	5088	071
831	1	416	071
613	1	416	071
2090	6	116	071
845	1	28	071
2080	6	116	071
1394	6	115	071
6414	23	2935	071
846	1	397	071
2671	9	2672	071
2105	6	30	071
921	6	30	071
178	6	116	071
1644	1	207	071
2530	14	3431	071
198	1	189	071
178	1	179	071
8301	23	3060	071
2	6	30	071
188	1	189	071
1133	6	30	071
172	1	402	071
818	1	416	071
919	1	921	071
3062	10	2924	071
3053	23	12505	071
1975	6	2008	071
598	6	30	071
2020	6	2008	071
3833	14	3495	071
812	1	416	071
588	6	30	071
1871	12	2155	071
2130	6	2008	071
428	6	259	071
3172	23	3027	071
1957	6	173	071
25	15	5024	071
2301	23	2951	071
196	1	189	071
3224	12	116	071
675	15	4990	071
2207	23	12514	071
2085	15	5057	071
921	1	30	071
2113	6	29	071
810	1	416	071
720	1	28	071
711	1	28	071
310	15	5088	071
1970	6	2084	071
88	6	30	071
659	1	341	071
3190	12	2084	071
4736	14	3495	071
675	15	5120	071
822	1	416	071
88	1	90	071
702	1	28	071
658	1	173	071
25	15	4990	071
25	6	30	071
578	1	28	071
1110	15	5120	071
3214	12	2082	071
47	1	30	071
44	5	25	071
260	1	189	071
2140	6	2008	071
195	1	189	071
728	15	4988	071
1133	15	4990	071
630	6	30	071
2789	9	2705	071
3866	14	3487	071
2159	6	30	071
2301	23	12535	071
734	15	4977	071
800	1	416	071
1850	23	2951	071
3101	11	3102	071
205	1	207	071
759	1	28	071
492	15	5088	071
509	15	4977	071
1592	6	30	071
2074	6	2075	071
597	15	5088	071
2832	9	2606	071
3064	23	12505	071
3209	12	30	071
2049	6	30	071
83	1	809	071
2837	9	2482	071
3230	12	116	071
728	1	259	071
1930	15	4977	071
3232	12	29	071
47	6	30	071
1100	6	28	071
8730	23	2951	071
2014	15	5057	071
2587	9	2588	071
2082	15	4988	071
2702	9	2705	071
5348	15	5088	071
2836	9	2705	071
3228	12	117	071
769	1	28	071
415	1	416	071
2718	9	2482	071
191	6	30	071
3815	14	3779	071
40	6	1439	071
2675	9	2476	071
212	1	189	071
2171	6	116	071
776	15	5088	071
396	6	30	071
2126	6	2008	071
211	1	189	071
2164	6	116	071
1983	6	728	071
2124	6	116	071
3193	12	2155	071
2693	12	28	071
2030	6	2008	071
85	6	116	071
303	1	416	071
8730	23	3026	071
3187	23	12518	071
12552	23	12525	071
7403	17	5818	071
2903	11	3089	071
205	15	4990	071
3020	23	12514	071
832	1	416	071
2582	9	2520	071
205	6	30	071
2008	9	259	071
488	1	30	071
636	1	172	071
4659	14	3793	071
1956	6	2008	071
771	6	30	071
473	6	2082	071
1127	1	846	071
509	6	30	071
3143	11	3087	071
114	1	116	071
8824	23	2977	071
1478	1	114	071
2681	9	2476	071
734	15	4977	071
6414	23	2935	071
2008	15	4988	071
100	6	30	071
2207	12	2155	071
2071	6	30	071
8571	23	12518	071
1912	6	259	071
8983	17	6791	071
44	6	30	071
2911	9	2482	071
1588	6	30	071
191	1	30	071
2003	6	30	071
2097	6	30	072
206	1	207	072
2156	6	30	072
431	1	189	072
2644	9	2593	072
199	1	189	072
215	1	189	072
2696	9	2476	072
197	1	189	072
5308	15	5088	072
2169	6	29	072
492	1	493	072
3231	12	29	072
2692	9	2476	072
2587	9	2476	072
811	1	416	072
776	1	493	072
2047	6	171	072
169	6	173	072
1850	23	2951	072
284	6	2008	072
55	6	30	072
3113	11	3102	072
2089	6	116	072
3237	12	116	072
2079	6	30	072
702	6	28	072
19	6	2008	072
1894	23	2920	072
728	1	405	072
3219	12	2027	072
229	15	4988	072
4111	14	3496	072
4659	14	3512	072
494	1	28	072
1502	1	416	072
3242	12	2009	072
213	1	189	072
8516	23	2981	072
610	1	416	072
443	1	416	072
717	1	636	072
473	1	416	072
5133	15	5088	072
831	1	416	072
613	1	416	072
2090	6	116	072
845	1	28	072
2080	6	116	072
1394	6	115	072
6414	23	2935	072
846	1	397	072
4884	14	3495	072
2671	9	2672	072
2105	6	30	072
921	6	30	072
2809	17	6005	072
178	6	116	072
1644	1	207	072
2530	14	3431	072
198	1	189	072
178	1	179	072
8301	23	3060	072
2	6	30	072
188	1	189	072
1133	6	30	072
172	1	402	072
818	1	416	072
919	1	921	072
3062	10	2924	072
3053	23	12505	072
1975	6	2008	072
598	6	30	072
2020	6	2008	072
3833	14	3495	072
812	1	416	072
588	6	30	072
1871	12	2155	072
2130	6	2008	072
428	6	259	072
3172	23	3027	072
1957	6	173	072
25	15	5024	072
2301	23	2951	072
196	1	189	072
3224	12	116	072
675	15	4990	072
2207	23	12514	072
2085	15	5057	072
921	1	30	072
2113	6	29	072
810	1	416	072
720	1	28	072
711	1	28	072
310	15	5088	072
1970	6	2084	072
88	6	30	072
659	1	341	072
3190	12	2084	072
675	15	5120	072
822	1	416	072
88	1	90	072
702	1	28	072
658	1	173	072
25	15	4990	072
25	6	30	072
578	1	28	072
1110	15	5120	072
3214	12	2082	072
47	1	30	072
44	5	25	072
260	1	189	072
2140	6	2008	072
195	1	189	072
728	15	4988	072
1133	15	4990	072
630	6	30	072
2789	9	2705	072
3866	14	3487	072
2159	6	30	072
2301	23	12535	072
734	15	4977	072
800	1	416	072
1850	23	2951	072
3101	11	3102	072
205	1	207	072
759	1	28	072
492	15	5088	072
509	15	4977	072
1592	6	30	072
2074	6	2075	072
597	15	5088	072
2832	9	2606	072
3064	23	12505	072
3209	12	30	072
2049	6	30	072
83	1	809	072
2837	9	2482	072
3230	12	116	072
728	1	259	072
1930	15	4977	072
3232	12	29	072
47	6	30	072
1100	6	28	072
8730	23	2951	072
2014	15	5057	072
2587	9	2588	072
2082	15	4988	072
2702	9	2705	072
5348	15	5088	072
2836	9	2705	072
3228	12	117	072
769	1	28	072
415	1	416	072
2718	9	2482	072
191	6	30	072
3815	14	3779	072
40	6	1439	072
2675	9	2476	072
212	1	189	072
2171	6	116	072
776	15	5088	072
396	6	30	072
2126	6	2008	072
211	1	189	072
2164	6	116	072
1983	6	728	072
2124	6	116	072
3193	12	2155	072
2693	12	28	072
2030	6	2008	072
85	6	116	072
303	1	416	072
8730	23	3026	072
3187	23	12518	072
12552	23	12525	072
7403	17	5818	072
2903	11	3089	072
205	15	4990	072
3020	23	12514	072
832	1	416	072
2582	9	2520	072
205	6	30	072
2008	9	259	072
488	1	30	072
636	1	172	072
4659	14	3793	072
1956	6	2008	072
771	6	30	072
473	6	2082	072
1127	1	846	072
509	6	30	072
3143	11	3087	072
114	1	116	072
8824	23	2977	072
1478	1	114	072
2681	9	2476	072
734	15	4977	072
6414	23	2935	072
2008	15	4988	072
100	6	30	072
2207	12	2155	072
2071	6	30	072
8571	23	12518	072
1912	6	259	072
8983	17	6791	072
44	6	30	072
2911	9	2482	072
1588	6	30	072
191	1	30	072
2003	6	30	072
2097	6	30	073
206	1	207	073
2156	6	30	073
431	1	189	073
2644	9	2593	073
199	1	189	073
215	1	189	073
2696	9	2476	073
197	1	189	073
5308	15	5088	073
2169	6	29	073
492	1	493	073
3231	12	29	073
2692	9	2476	073
2587	9	2476	073
811	1	416	073
776	1	493	073
2047	6	171	073
169	6	173	073
1850	23	2951	073
284	6	2008	073
55	6	30	073
3113	11	3102	073
2089	6	116	073
3237	12	116	073
2079	6	30	073
702	6	28	073
19	6	2008	073
1894	23	2920	073
728	1	405	073
3219	12	2027	073
229	15	4988	073
4659	14	3512	073
494	1	28	073
1502	1	416	073
3242	12	2009	073
213	1	189	073
8516	23	2981	073
610	1	416	073
443	1	416	073
717	1	636	073
473	1	416	073
5133	15	5088	073
831	1	416	073
613	1	416	073
2090	6	116	073
845	1	28	073
7436	17	5818	073
2080	6	116	073
1394	6	115	073
6414	23	2935	073
846	1	397	073
4884	14	3495	073
2671	9	2672	073
2105	6	30	073
921	6	30	073
178	6	116	073
1644	1	207	073
2530	14	3431	073
198	1	189	073
178	1	179	073
8301	23	3060	073
2	6	30	073
188	1	189	073
1133	6	30	073
172	1	402	073
818	1	416	073
919	1	921	073
3062	10	2924	073
3053	23	12505	073
1975	6	2008	073
598	6	30	073
2020	6	2008	073
3833	14	3495	073
812	1	416	073
588	6	30	073
1871	12	2155	073
2130	6	2008	073
428	6	259	073
3172	23	3027	073
1957	6	173	073
25	15	5024	073
3142	14	3509	073
2301	23	2951	073
196	1	189	073
3224	12	116	073
675	15	4990	073
2207	23	12514	073
2085	15	5057	073
921	1	30	073
2113	6	29	073
810	1	416	073
720	1	28	073
711	1	28	073
310	15	5088	073
1970	6	2084	073
88	6	30	073
659	1	341	073
3190	12	2083	073
3190	12	2084	073
675	15	5120	073
822	1	416	073
88	1	90	073
702	1	28	073
658	1	173	073
25	15	4990	073
25	6	30	073
578	1	28	073
1110	15	5120	073
3214	12	2082	073
47	1	30	073
44	5	25	073
260	1	189	073
2140	6	2008	073
195	1	189	073
728	15	4988	073
1133	15	4990	073
630	6	30	073
2789	9	2705	073
3866	14	3487	073
2159	6	30	073
2301	23	12535	073
734	15	4977	073
800	1	416	073
1850	23	2951	073
3101	11	3102	073
205	1	207	073
759	1	28	073
492	15	5088	073
509	15	4977	073
1592	6	30	073
2074	6	2075	073
597	15	5088	073
2880	17	6758	073
2832	9	2606	073
3064	23	12505	073
3209	12	30	073
2049	6	30	073
83	1	809	073
2837	9	2482	073
3230	12	116	073
728	1	259	073
1930	15	4977	073
3232	12	29	073
47	6	30	073
1100	6	28	073
8730	23	2951	073
2014	15	5057	073
2587	9	2588	073
2082	15	4988	073
2702	9	2705	073
5348	15	5088	073
2836	9	2705	073
3228	12	117	073
769	1	28	073
415	1	416	073
2718	9	2482	073
191	6	30	073
4659	14	3793	073
3815	14	3779	073
40	6	1439	073
2675	9	2476	073
212	1	189	073
2171	6	116	073
776	15	5088	073
2094	6	2083	073
396	6	30	073
2126	6	2008	073
211	1	189	073
2164	6	116	073
1983	6	728	073
2124	6	116	073
3193	12	2155	073
2693	12	28	073
2030	6	2008	073
85	6	116	073
303	1	416	073
8730	23	3026	073
3187	23	12518	073
12552	23	12525	073
7403	17	5818	073
2903	11	3089	073
205	15	4990	073
3020	23	12514	073
832	1	416	073
2582	9	2520	073
205	6	30	073
2008	9	259	073
488	1	30	073
636	1	172	073
1956	6	2008	073
771	6	30	073
473	6	2082	073
1127	1	846	073
509	6	30	073
3143	11	3087	073
114	1	116	073
8824	23	2977	073
1478	1	114	073
2681	9	2476	073
734	15	4977	073
6414	23	2935	073
2008	15	4988	073
100	6	30	073
2207	12	2155	073
2071	6	30	073
8571	23	12518	073
1912	6	259	073
1970	6	2083	073
44	6	30	073
2911	9	2482	073
1588	6	30	073
191	1	30	073
2003	6	30	073
2097	6	30	074
206	1	207	074
2156	6	30	074
431	1	189	074
2644	9	2593	074
199	1	189	074
215	1	189	074
2696	9	2476	074
197	1	189	074
5308	15	5088	074
2169	6	29	074
492	1	493	074
3231	12	29	074
2692	9	2476	074
2587	9	2476	074
811	1	416	074
776	1	493	074
2047	6	171	074
169	6	173	074
1850	23	2951	074
284	6	2008	074
55	6	30	074
2761	17	6758	074
3113	11	3102	074
2089	6	116	074
3237	12	116	074
2079	6	30	074
702	6	28	074
19	6	2008	074
1894	23	2920	074
728	1	405	074
3219	12	2027	074
229	15	4988	074
494	1	28	074
1502	1	416	074
3242	12	2009	074
1970	6	2082	074
213	1	189	074
8516	23	2981	074
610	1	416	074
443	1	416	074
717	1	636	074
473	1	416	074
5133	15	5088	074
831	1	416	074
613	1	416	074
2090	6	116	074
845	1	28	074
2080	6	116	074
1394	6	115	074
3190	12	2082	074
6414	23	2935	074
846	1	397	074
2671	9	2672	074
2105	6	30	074
921	6	30	074
178	6	116	074
1644	1	207	074
2530	14	3431	074
198	1	189	074
178	1	179	074
8301	23	3060	074
2	6	30	074
188	1	189	074
1133	6	30	074
172	1	402	074
818	1	416	074
919	1	921	074
2744	9	2593	074
3053	23	12505	074
1975	6	2008	074
598	6	30	074
2020	6	2008	074
812	1	416	074
588	6	30	074
1871	12	2155	074
2130	6	2008	074
428	6	259	074
3172	23	3027	074
1957	6	173	074
25	15	5024	074
3142	14	3509	074
2301	23	2951	074
196	1	189	074
3224	12	116	074
675	15	4990	074
2207	23	12514	074
2085	15	5057	074
921	1	30	074
2113	6	29	074
810	1	416	074
720	1	28	074
711	1	28	074
310	15	5088	074
88	6	30	074
659	1	341	074
3190	12	2083	074
675	15	5120	074
822	1	416	074
88	1	90	074
702	1	28	074
658	1	173	074
25	15	4990	074
25	6	30	074
578	1	28	074
1110	15	5120	074
3214	12	2082	074
47	1	30	074
44	5	25	074
260	1	189	074
2140	6	2008	074
195	1	189	074
728	15	4988	074
1133	15	4990	074
630	6	30	074
2789	9	2705	074
3866	14	3487	074
2159	6	30	074
2301	23	12535	074
734	15	4977	074
800	1	416	074
1850	23	2951	074
3101	11	3102	074
205	1	207	074
759	1	28	074
492	15	5088	074
509	15	4977	074
1592	6	30	074
2074	6	2075	074
597	15	5088	074
2880	17	6758	074
2832	9	2606	074
3064	23	12505	074
3209	12	30	074
2049	6	30	074
83	1	809	074
2837	9	2482	074
3230	12	116	074
728	1	259	074
1930	15	4977	074
3232	12	29	074
47	6	30	074
1100	6	28	074
8730	23	2951	074
2094	6	2040	074
2014	15	5057	074
2587	9	2588	074
2082	15	4988	074
2702	9	2705	074
5348	15	5088	074
2836	9	2705	074
3228	12	117	074
769	1	28	074
415	1	416	074
2718	9	2482	074
191	6	30	074
4659	14	3793	074
3815	14	3779	074
40	6	1439	074
2675	9	2476	074
212	1	189	074
2171	6	116	074
776	15	5088	074
2094	6	2083	074
396	6	30	074
2126	6	2008	074
211	1	189	074
2164	6	116	074
1983	6	728	074
2124	6	116	074
3193	12	2155	074
2693	12	28	074
2030	6	2008	074
4160	14	3757	074
85	6	116	074
303	1	416	074
8730	23	3026	074
3187	23	12518	074
12552	23	12525	074
7403	17	5818	074
2903	11	3089	074
205	15	4990	074
3020	23	12514	074
832	1	416	074
2582	9	2520	074
205	6	30	074
2008	9	259	074
488	1	30	074
636	1	172	074
1956	6	2008	074
771	6	30	074
473	6	2082	074
1127	1	846	074
509	6	30	074
3143	11	3087	074
114	1	116	074
8824	23	2977	074
1478	1	114	074
2681	9	2476	074
734	15	4977	074
6414	23	2935	074
2785	9	2593	074
2008	15	4988	074
100	6	30	074
2207	12	2155	074
2071	6	30	074
8571	23	12518	074
1912	6	259	074
1970	6	2083	074
44	6	30	074
2911	9	2482	074
1588	6	30	074
191	1	30	074
2003	6	30	074
2097	6	30	075
206	1	207	075
2156	6	30	075
431	1	189	075
2644	9	2593	075
199	1	189	075
215	1	189	075
2696	9	2476	075
197	1	189	075
5308	15	5088	075
2169	6	29	075
492	1	493	075
4395	14	3771	075
3231	12	29	075
2692	9	2476	075
2587	9	2476	075
811	1	416	075
776	1	493	075
2047	6	171	075
169	6	173	075
1850	23	2951	075
284	6	2008	075
55	6	30	075
2761	17	6758	075
3113	11	3102	075
2089	6	116	075
3237	12	116	075
2079	6	30	075
702	6	28	075
2744	10	2924	075
19	6	2008	075
1894	23	2920	075
728	1	405	075
3219	12	2027	075
229	15	4988	075
494	1	28	075
1502	1	416	075
3242	12	2009	075
1970	6	2082	075
213	1	189	075
8516	23	2981	075
610	1	416	075
443	1	416	075
717	1	636	075
473	1	416	075
5133	15	5088	075
831	1	416	075
613	1	416	075
2090	6	116	075
845	1	28	075
2080	6	116	075
1394	6	115	075
3190	12	2082	075
6414	23	2935	075
3190	14	4363	075
846	1	397	075
2671	9	2672	075
2105	6	30	075
921	6	30	075
178	6	116	075
1644	1	207	075
2530	14	3431	075
198	1	189	075
178	1	179	075
2082	15	5057	075
8301	23	3060	075
2	6	30	075
188	1	189	075
1133	6	30	075
172	1	402	075
818	1	416	075
919	1	921	075
2744	9	2593	075
3053	23	12505	075
1975	6	2008	075
598	6	30	075
2020	6	2008	075
812	1	416	075
588	6	30	075
1871	12	2155	075
2130	6	2008	075
428	6	259	075
3172	23	3027	075
1957	6	173	075
25	15	5024	075
3142	14	3509	075
2301	23	2951	075
196	1	189	075
3224	12	116	075
3214	12	2120	075
675	15	4990	075
2207	23	12514	075
2085	15	5057	075
921	1	30	075
2113	6	29	075
810	1	416	075
720	1	28	075
711	1	28	075
310	15	5088	075
88	6	30	075
659	1	341	075
675	15	5120	075
822	1	416	075
88	1	90	075
702	1	28	075
658	1	173	075
25	15	4990	075
25	6	30	075
578	1	28	075
1110	15	5120	075
3214	12	2082	075
47	1	30	075
44	5	25	075
260	1	189	075
2140	6	2008	075
195	1	189	075
728	15	4988	075
3190	14	4350	075
1133	15	4990	075
630	6	30	075
2789	9	2705	075
3866	14	3487	075
2159	6	30	075
2301	23	12535	075
734	15	4977	075
800	1	416	075
1850	23	2951	075
3101	11	3102	075
205	1	207	075
759	1	28	075
492	15	5088	075
509	15	4977	075
1592	6	30	075
2074	6	2075	075
597	15	5088	075
2832	9	2606	075
3064	23	12505	075
3209	12	30	075
2049	6	30	075
83	1	809	075
2837	9	2482	075
3230	12	116	075
728	1	259	075
1930	15	4977	075
3232	12	29	075
47	6	30	075
1100	6	28	075
8730	23	2951	075
2094	6	2040	075
2014	15	5057	075
2587	9	2588	075
2082	15	4988	075
2702	9	2705	075
5348	15	5088	075
2836	9	2705	075
3228	12	117	075
769	1	28	075
415	1	416	075
2718	9	2482	075
191	6	30	075
4659	14	3793	075
3815	14	3779	075
40	6	1439	075
2675	9	2476	075
212	1	189	075
2171	6	116	075
776	15	5088	075
396	6	30	075
2126	6	2008	075
3190	12	2120	075
211	1	189	075
2164	6	116	075
1983	6	728	075
2124	6	116	075
3193	12	2155	075
2693	12	28	075
2030	6	2008	075
4160	14	3757	075
85	6	116	075
303	1	416	075
8730	23	3026	075
3187	23	12518	075
12552	23	12525	075
1970	6	2040	075
7403	17	5818	075
2903	11	3089	075
205	15	4990	075
3020	23	12514	075
832	1	416	075
473	6	2040	075
2582	9	2520	075
205	6	30	075
2008	9	259	075
488	1	30	075
636	1	172	075
1956	6	2008	075
771	6	30	075
473	6	2082	075
1127	1	846	075
509	6	30	075
3143	11	3087	075
114	1	116	075
8824	23	2977	075
1478	1	114	075
2681	9	2476	075
734	15	4977	075
6414	23	2935	075
2785	9	2593	075
2008	15	4988	075
100	6	30	075
2207	12	2155	075
2071	6	30	075
8571	23	12518	075
1912	6	259	075
44	6	30	075
2911	9	2482	075
1588	6	30	075
191	1	30	075
2003	6	30	075
2097	6	30	076
206	1	207	076
2156	6	30	076
431	1	189	076
2644	9	2593	076
199	1	189	076
215	1	189	076
2696	9	2476	076
197	1	189	076
5308	15	5088	076
2169	6	29	076
492	1	493	076
4395	14	3771	076
3231	12	29	076
2692	9	2476	076
2587	9	2476	076
811	1	416	076
776	1	493	076
2047	6	171	076
169	6	173	076
1850	23	2951	076
284	6	2008	076
55	6	30	076
2761	17	6758	076
3190	14	3429	076
3113	11	3102	076
2089	6	116	076
3237	12	116	076
2079	6	30	076
702	6	28	076
2744	10	2924	076
19	6	2008	076
1894	23	2920	076
728	1	405	076
3219	12	2027	076
229	15	4988	076
3640	14	3641	076
494	1	28	076
1502	1	416	076
3242	12	2009	076
213	1	189	076
8516	23	2981	076
610	1	416	076
443	1	416	076
717	1	636	076
473	1	416	076
5133	15	5088	076
831	1	416	076
613	1	416	076
2090	6	116	076
845	1	28	076
2080	6	116	076
1394	6	115	076
6414	23	2935	076
3190	14	4363	076
4160	14	3715	076
846	1	397	076
2671	9	2672	076
2105	6	30	076
921	6	30	076
178	6	116	076
1644	1	207	076
2530	14	3431	076
198	1	189	076
178	1	179	076
2082	15	5057	076
8301	23	3060	076
2	6	30	076
188	1	189	076
1133	6	30	076
172	1	402	076
818	1	416	076
919	1	921	076
2744	9	2593	076
3053	23	12505	076
1975	6	2008	076
2793	10	2924	076
598	6	30	076
2020	6	2008	076
812	1	416	076
588	6	30	076
1871	12	2155	076
2130	6	2008	076
428	6	259	076
3172	23	3027	076
1957	6	173	076
25	15	5024	076
3142	14	3509	076
2301	23	2951	076
196	1	189	076
3224	12	116	076
3214	12	2120	076
675	15	4990	076
2207	23	12514	076
2085	15	5057	076
921	1	30	076
2113	6	29	076
810	1	416	076
720	1	28	076
711	1	28	076
310	15	5088	076
88	6	30	076
659	1	341	076
675	15	5120	076
822	1	416	076
88	1	90	076
702	1	28	076
658	1	173	076
25	15	4990	076
25	6	30	076
578	1	28	076
1110	15	5120	076
47	1	30	076
44	5	25	076
260	1	189	076
2140	6	2008	076
195	1	189	076
728	15	4988	076
1133	15	4990	076
630	6	30	076
2789	9	2705	076
3866	14	3487	076
2159	6	30	076
2301	23	12535	076
734	15	4977	076
800	1	416	076
1850	23	2951	076
3101	11	3102	076
205	1	207	076
1860	23	3060	076
759	1	28	076
492	15	5088	076
509	15	4977	076
3190	14	3427	076
1592	6	30	076
2074	6	2075	076
597	15	5088	076
2832	9	2606	076
3064	23	12505	076
3209	12	30	076
2049	6	30	076
83	1	809	076
2837	9	2482	076
3230	12	116	076
728	1	259	076
1930	15	4977	076
3232	12	29	076
47	6	30	076
1100	6	28	076
8730	23	2951	076
2094	6	2040	076
2014	15	5057	076
2587	9	2588	076
2702	9	2705	076
5348	15	5088	076
2836	9	2705	076
3228	12	117	076
769	1	28	076
415	1	416	076
2718	9	2482	076
191	6	30	076
4659	14	3793	076
3815	14	3779	076
40	6	1439	076
2675	9	2476	076
212	1	189	076
2171	6	116	076
776	15	5088	076
396	6	30	076
2126	6	2008	076
3190	12	2120	076
211	1	189	076
2164	6	116	076
1983	6	728	076
2124	6	116	076
3193	12	2155	076
2693	12	28	076
2030	6	2008	076
85	6	116	076
303	1	416	076
8730	23	3026	076
3187	23	12518	076
12552	23	12525	076
1970	6	2040	076
7403	17	5818	076
2903	11	3089	076
205	15	4990	076
3020	23	12514	076
832	1	416	076
473	6	2040	076
2582	9	2520	076
205	6	30	076
2008	9	259	076
488	1	30	076
636	1	172	076
1956	6	2008	076
771	6	30	076
1127	1	846	076
509	6	30	076
3143	11	3087	076
114	1	116	076
8824	23	2977	076
1478	1	114	076
2681	9	2476	076
734	15	4977	076
6414	23	2935	076
2785	9	2593	076
2008	15	4988	076
100	6	30	076
2207	12	2155	076
2071	6	30	076
8571	23	12518	076
1912	6	259	076
44	6	30	076
2911	9	2482	076
1588	6	30	076
191	1	30	076
2003	6	30	076
2097	6	30	077
206	1	207	077
2156	6	30	077
431	1	189	077
2644	9	2593	077
199	1	189	077
215	1	189	077
2696	9	2476	077
197	1	189	077
5308	15	5088	077
2169	6	29	077
492	1	493	077
4395	14	3771	077
3231	12	29	077
2692	9	2476	077
2587	9	2476	077
811	1	416	077
776	1	493	077
2047	6	171	077
169	6	173	077
1850	23	2951	077
284	6	2008	077
55	6	30	077
3113	11	3102	077
2089	6	116	077
3237	12	116	077
2079	6	30	077
702	6	28	077
2744	10	2924	077
19	6	2008	077
1894	23	2920	077
728	1	405	077
3219	12	2027	077
229	15	4988	077
3640	14	3641	077
494	1	28	077
1502	1	416	077
3242	12	2009	077
213	1	189	077
8516	23	2981	077
610	1	416	077
443	1	416	077
717	1	636	077
473	1	416	077
5133	15	5088	077
831	1	416	077
613	1	416	077
2090	6	116	077
845	1	28	077
2080	6	116	077
1394	6	115	077
6414	23	2935	077
4160	14	3715	077
846	1	397	077
2671	9	2672	077
2105	6	30	077
921	6	30	077
178	6	116	077
1644	1	207	077
2530	14	3431	077
198	1	189	077
178	1	179	077
2082	15	5057	077
8301	23	3060	077
2	6	30	077
188	1	189	077
1133	6	30	077
172	1	402	077
818	1	416	077
919	1	921	077
2744	9	2593	077
3053	23	12505	077
1975	6	2008	077
2793	10	2924	077
598	6	30	077
2020	6	2008	077
812	1	416	077
588	6	30	077
1871	12	2155	077
2130	6	2008	077
428	6	259	077
3172	23	3027	077
1957	6	173	077
25	15	5024	077
3142	14	3509	077
2301	23	2951	077
196	1	189	077
3224	12	116	077
3214	12	2120	077
675	15	4990	077
2207	23	12514	077
2085	15	5057	077
921	1	30	077
2113	6	29	077
810	1	416	077
720	1	28	077
711	1	28	077
310	15	5088	077
88	6	30	077
659	1	341	077
675	15	5120	077
822	1	416	077
88	1	90	077
702	1	28	077
658	1	173	077
25	15	4990	077
25	6	30	077
578	1	28	077
1110	15	5120	077
47	1	30	077
44	5	25	077
260	1	189	077
2140	6	2008	077
195	1	189	077
728	15	4988	077
1133	15	4990	077
2837	9	2482	077
630	6	30	077
2789	9	2705	077
3866	14	3487	077
2159	6	30	077
2301	23	12535	077
734	15	4977	077
800	1	416	077
1850	23	2951	077
3101	11	3102	077
205	1	207	077
1860	23	3060	077
759	1	28	077
492	15	5088	077
509	15	4977	077
3190	14	3427	077
1592	6	30	077
2074	6	2075	077
597	15	5088	077
2832	9	2606	077
3064	23	12505	077
3209	12	30	077
2049	6	30	077
83	1	809	077
2837	9	2482	077
3230	12	116	077
728	1	259	077
1930	15	4977	077
3232	12	29	077
47	6	30	077
1100	6	28	077
8730	23	2951	077
2094	6	2040	077
2014	15	5057	077
2587	9	2588	077
2702	9	2705	077
5348	15	5088	077
2836	9	2705	077
3228	12	117	077
769	1	28	077
415	1	416	077
2718	9	2482	077
191	6	30	077
4659	14	3793	077
3815	14	3779	077
40	6	1439	077
2675	9	2476	077
212	1	189	077
2171	6	116	077
776	15	5088	077
396	6	30	077
2126	6	2008	077
3190	12	2120	077
211	1	189	077
2164	6	116	077
1983	6	728	077
2124	6	116	077
3193	12	2155	077
2693	12	28	077
2030	6	2008	077
85	6	116	077
303	1	416	077
8730	23	3026	077
3187	23	12518	077
12552	23	12525	077
1970	6	2040	077
7403	17	5818	077
2903	11	3089	077
205	15	4990	077
3020	23	12514	077
832	1	416	077
473	6	2040	077
2582	9	2520	077
205	6	30	077
2008	9	259	077
488	1	30	077
636	1	172	077
1956	6	2008	077
771	6	30	077
1127	1	846	077
509	6	30	077
3143	11	3087	077
114	1	116	077
8824	23	2977	077
1478	1	114	077
2681	9	2476	077
734	15	4977	077
6414	23	2935	077
2785	9	2593	077
2008	15	4988	077
100	6	30	077
2207	12	2155	077
2071	6	30	077
8571	23	12518	077
1912	6	259	077
44	6	30	077
2911	9	2482	077
1588	6	30	077
191	1	30	077
2003	6	30	077
2097	6	30	078
206	1	207	078
2156	6	30	078
431	1	189	078
2644	9	2593	078
199	1	189	078
215	1	189	078
2696	9	2476	078
197	1	189	078
5308	15	5088	078
2169	6	29	078
492	1	493	078
4395	14	3771	078
3231	12	29	078
2692	9	2476	078
2587	9	2476	078
811	1	416	078
776	1	493	078
2047	6	171	078
169	6	173	078
1850	23	2951	078
284	6	2008	078
55	6	30	078
3113	11	3102	078
2089	6	116	078
3237	12	116	078
2079	6	30	078
702	6	28	078
2744	10	2924	078
19	6	2008	078
1894	23	2920	078
728	1	405	078
3219	12	2027	078
229	15	4988	078
494	1	28	078
1502	1	416	078
3242	12	2009	078
213	1	189	078
8516	23	2981	078
610	1	416	078
443	1	416	078
717	1	636	078
473	1	416	078
5133	15	5088	078
831	1	416	078
613	1	416	078
2090	6	116	078
845	1	28	078
2080	6	116	078
1394	6	115	078
6414	23	2935	078
4160	14	3715	078
846	1	397	078
2671	9	2672	078
2105	6	30	078
921	6	30	078
178	6	116	078
1644	1	207	078
2530	14	3431	078
198	1	189	078
178	1	179	078
2082	15	5057	078
8301	23	3060	078
2	6	30	078
188	1	189	078
1133	6	30	078
172	1	402	078
818	1	416	078
919	1	921	078
2744	9	2593	078
3053	23	12505	078
1975	6	2008	078
2793	10	2924	078
598	6	30	078
2020	6	2008	078
812	1	416	078
588	6	30	078
1871	12	2155	078
2130	6	2008	078
428	6	259	078
3172	23	3027	078
1957	6	173	078
25	15	5024	078
3142	14	3509	078
2301	23	2951	078
196	1	189	078
3224	12	116	078
3214	12	2120	078
675	15	4990	078
2207	23	12514	078
2085	15	5057	078
921	1	30	078
2113	6	29	078
810	1	416	078
720	1	28	078
711	1	28	078
310	15	5088	078
88	6	30	078
659	1	341	078
675	15	5120	078
822	1	416	078
88	1	90	078
702	1	28	078
658	1	173	078
25	15	4990	078
25	6	30	078
578	1	28	078
1110	15	5120	078
47	1	30	078
44	5	25	078
260	1	189	078
2140	6	2008	078
2837	9	2482	078
195	1	189	078
728	15	4988	078
1133	15	4990	078
2837	9	2482	078
630	6	30	078
2789	9	2705	078
3866	14	3487	078
2159	6	30	078
2301	23	12535	078
734	15	4977	078
800	1	416	078
1850	23	2951	078
3101	11	3102	078
205	1	207	078
759	1	28	078
492	15	5088	078
509	15	4977	078
3190	14	3427	078
1592	6	30	078
2074	6	2075	078
597	15	5088	078
2832	9	2606	078
3064	23	12505	078
3209	12	30	078
2049	6	30	078
83	1	809	078
3230	12	116	078
728	1	259	078
1930	15	4977	078
3232	12	29	078
47	6	30	078
1100	6	28	078
8730	23	2951	078
2094	6	2040	078
2014	15	5057	078
2587	9	2588	078
2702	9	2705	078
5348	15	5088	078
2836	9	2705	078
3228	12	117	078
769	1	28	078
415	1	416	078
2718	9	2482	078
191	6	30	078
4659	14	3793	078
3815	14	3779	078
40	6	1439	078
2675	9	2476	078
212	1	189	078
2171	6	116	078
776	15	5088	078
396	6	30	078
2126	6	2008	078
3190	12	2120	078
211	1	189	078
2164	6	116	078
1983	6	728	078
2124	6	116	078
3193	12	2155	078
2693	12	28	078
2030	6	2008	078
85	6	116	078
303	1	416	078
8730	23	3026	078
3187	23	12518	078
12552	23	12525	078
1970	6	2040	078
7403	17	5818	078
2903	11	3089	078
205	15	4990	078
3020	23	12514	078
832	1	416	078
473	6	2040	078
2582	9	2520	078
205	6	30	078
2008	9	259	078
488	1	30	078
636	1	172	078
1956	6	2008	078
771	6	30	078
1127	1	846	078
509	6	30	078
3143	11	3087	078
114	1	116	078
8824	23	2977	078
1478	1	114	078
2681	9	2476	078
734	15	4977	078
6414	23	2935	078
2785	9	2593	078
2008	15	4988	078
100	6	30	078
2207	12	2155	078
2071	6	30	078
8571	23	12518	078
1912	6	259	078
44	6	30	078
2911	9	2482	078
1588	6	30	078
191	1	30	078
2003	6	30	078
2097	6	30	079
206	1	207	079
2156	6	30	079
431	1	189	079
2644	9	2593	079
199	1	189	079
215	1	189	079
2696	9	2476	079
197	1	189	079
3735	14	3737	079
5308	15	5088	079
2169	6	29	079
492	1	493	079
4395	14	3771	079
3025	10	3026	079
3231	12	29	079
2692	9	2476	079
2587	9	2476	079
811	1	416	079
776	1	493	079
2047	6	171	079
169	6	173	079
1850	23	2951	079
284	6	2008	079
55	6	30	079
3113	11	3102	079
2089	6	116	079
3237	12	116	079
2079	6	30	079
702	6	28	079
2744	10	2924	079
19	6	2008	079
1894	23	2920	079
728	1	405	079
3219	12	2027	079
229	15	4988	079
5324	15	5088	079
494	1	28	079
1502	1	416	079
3242	12	2009	079
213	1	189	079
8516	23	2981	079
610	1	416	079
443	1	416	079
717	1	636	079
473	1	416	079
5133	15	5088	079
831	1	416	079
613	1	416	079
2090	6	116	079
845	1	28	079
2080	6	116	079
1394	6	115	079
6414	23	2935	079
4160	14	3715	079
846	1	397	079
2671	9	2672	079
2105	6	30	079
921	6	30	079
178	6	116	079
1644	1	207	079
2530	14	3431	079
198	1	189	079
178	1	179	079
2082	15	5057	079
8301	23	3060	079
2	6	30	079
2845	10	2977	079
188	1	189	079
1133	6	30	079
172	1	402	079
818	1	416	079
919	1	921	079
2744	9	2593	079
3053	23	12505	079
1975	6	2008	079
2793	10	2924	079
598	6	30	079
2020	6	2008	079
812	1	416	079
588	6	30	079
1871	12	2155	079
2130	6	2008	079
428	6	259	079
3172	23	3027	079
1957	6	173	079
25	15	5024	079
3142	14	3509	079
2301	23	2951	079
196	1	189	079
3224	12	116	079
3214	12	2120	079
1860	4	1833	079
675	15	4990	079
2207	23	12514	079
2085	15	5057	079
921	1	30	079
2113	6	29	079
810	1	416	079
720	1	28	079
711	1	28	079
310	15	5088	079
88	6	30	079
659	1	341	079
675	15	5120	079
822	1	416	079
88	1	90	079
702	1	28	079
309	15	5088	079
658	1	173	079
25	15	4990	079
25	6	30	079
578	1	28	079
1110	15	5120	079
47	1	30	079
44	5	25	079
260	1	189	079
2140	6	2008	079
2837	9	2482	079
195	1	189	079
728	15	4988	079
1133	15	4990	079
630	6	30	079
2789	9	2705	079
3866	14	3487	079
2159	6	30	079
2301	23	12535	079
734	15	4977	079
800	1	416	079
1850	23	2951	079
3101	11	3102	079
205	1	207	079
759	1	28	079
492	15	5088	079
509	15	4977	079
1592	6	30	079
2074	6	2075	079
597	15	5088	079
2832	9	2606	079
3064	23	12505	079
3209	12	30	079
2049	6	30	079
83	1	809	079
3230	12	116	079
728	1	259	079
1930	15	4977	079
3232	12	29	079
47	6	30	079
1100	6	28	079
8730	23	2951	079
2094	6	2040	079
2014	15	5057	079
2587	9	2588	079
2702	9	2705	079
5348	15	5088	079
2836	9	2705	079
3228	12	117	079
769	1	28	079
415	1	416	079
2718	9	2482	079
191	6	30	079
4659	14	3793	079
3815	14	3779	079
40	6	1439	079
2675	9	2476	079
212	1	189	079
2171	6	116	079
776	15	5088	079
396	6	30	079
2126	6	2008	079
3190	12	2120	079
211	1	189	079
2164	6	116	079
1983	6	728	079
2124	6	116	079
3193	12	2155	079
2693	12	28	079
2030	6	2008	079
85	6	116	079
303	1	416	079
8730	23	3026	079
3187	23	12518	079
12552	23	12525	079
1970	6	2040	079
7403	17	5818	079
2903	11	3089	079
205	15	4990	079
3020	23	12514	079
832	1	416	079
473	6	2040	079
2582	9	2520	079
205	6	30	079
2008	9	259	079
488	1	30	079
636	1	172	079
1956	6	2008	079
3142	14	3793	079
771	6	30	079
1127	1	846	079
509	6	30	079
3143	11	3087	079
114	1	116	079
827	15	5088	079
8824	23	2977	079
1478	1	114	079
2681	9	2476	079
734	15	4977	079
6414	23	2935	079
2785	9	2593	079
2008	15	4988	079
100	6	30	079
2207	12	2155	079
2071	6	30	079
8571	23	12518	079
1912	6	259	079
44	6	30	079
2911	9	2482	079
1588	6	30	079
191	1	30	079
2003	6	30	079
2097	6	30	080
206	1	207	080
2156	6	30	080
431	1	189	080
2644	9	2593	080
199	1	189	080
215	1	189	080
2696	9	2476	080
197	1	189	080
3735	14	3737	080
5308	15	5088	080
2169	6	29	080
492	1	493	080
4395	14	3771	080
3025	10	3026	080
3231	12	29	080
2692	9	2476	080
2587	9	2476	080
811	1	416	080
776	1	493	080
2047	6	171	080
169	6	173	080
1850	23	2951	080
284	6	2008	080
55	6	30	080
3113	11	3102	080
2089	6	116	080
3237	12	116	080
2079	6	30	080
702	6	28	080
2744	10	2924	080
19	6	2008	080
1894	23	2920	080
728	1	405	080
3219	12	2027	080
229	15	4988	080
5324	15	5088	080
494	1	28	080
1502	1	416	080
3242	12	2009	080
213	1	189	080
8516	23	2981	080
610	1	416	080
443	1	416	080
717	1	636	080
473	1	416	080
5133	15	5088	080
831	1	416	080
613	1	416	080
2090	6	116	080
845	1	28	080
2080	6	116	080
1394	6	115	080
6414	23	2935	080
4160	14	3715	080
846	1	397	080
2671	9	2672	080
2105	6	30	080
921	6	30	080
178	6	116	080
1644	1	207	080
2530	14	3431	080
198	1	189	080
178	1	179	080
2082	15	5057	080
8301	23	3060	080
2	6	30	080
2845	10	2977	080
188	1	189	080
1133	6	30	080
172	1	402	080
818	1	416	080
919	1	921	080
2744	9	2593	080
3053	23	12505	080
1975	6	2008	080
2793	10	2924	080
598	6	30	080
2020	6	2008	080
812	1	416	080
588	6	30	080
1871	12	2155	080
2130	6	2008	080
428	6	259	080
3172	23	3027	080
1957	6	173	080
25	15	5024	080
2301	23	2951	080
196	1	189	080
3224	12	116	080
3214	12	2120	080
284	1	189	080
675	15	4990	080
2207	23	12514	080
2085	15	5057	080
921	1	30	080
2113	6	29	080
810	1	416	080
720	1	28	080
711	1	28	080
310	15	5088	080
88	6	30	080
659	1	341	080
675	15	5120	080
822	1	416	080
88	1	90	080
702	1	28	080
309	15	5088	080
658	1	173	080
25	15	4990	080
25	6	30	080
578	1	28	080
1110	15	5120	080
47	1	30	080
44	5	25	080
260	1	189	080
675	6	173	080
2140	6	2008	080
2837	9	2482	080
195	1	189	080
728	15	4988	080
1133	15	4990	080
630	6	30	080
2789	9	2705	080
3866	14	3487	080
2159	6	30	080
2301	23	12535	080
734	15	4977	080
800	1	416	080
1850	23	2951	080
3101	11	3102	080
205	1	207	080
759	1	28	080
492	15	5088	080
509	15	4977	080
1592	6	30	080
2074	6	2075	080
597	15	5088	080
2832	9	2606	080
3064	23	12505	080
3209	12	30	080
2049	6	30	080
83	1	809	080
3230	12	116	080
728	1	259	080
1930	15	4977	080
3232	12	29	080
47	6	30	080
1100	6	28	080
8730	23	2951	080
2094	6	2040	080
2014	15	5057	080
2587	9	2588	080
2702	9	2705	080
5348	15	5088	080
2836	9	2705	080
3228	12	117	080
769	1	28	080
415	1	416	080
2718	9	2482	080
191	6	30	080
40	6	1439	080
2675	9	2476	080
212	1	189	080
2785	17	6242	080
2171	6	116	080
776	15	5088	080
396	6	30	080
2126	6	2008	080
3190	12	2120	080
211	1	189	080
2164	6	116	080
1983	6	728	080
2124	6	116	080
3193	12	2155	080
2693	12	28	080
2030	6	2008	080
85	6	116	080
303	1	416	080
284	6	2040	080
8730	23	3026	080
3187	23	12518	080
12552	23	12525	080
3142	14	3512	080
1970	6	2040	080
7403	17	5818	080
2903	11	3089	080
205	15	4990	080
3020	23	12514	080
832	1	416	080
473	6	2040	080
2582	9	2520	080
205	6	30	080
2008	9	259	080
488	1	30	080
636	1	172	080
1956	6	2008	080
3142	14	3793	080
4615	14	3737	080
771	6	30	080
1127	1	846	080
509	6	30	080
3143	11	3087	080
114	1	116	080
827	15	5088	080
8824	23	2977	080
1478	1	114	080
2681	9	2476	080
734	15	4977	080
6414	23	2935	080
2785	9	2593	080
2008	15	4988	080
100	6	30	080
2074	6	173	080
2207	12	2155	080
2071	6	30	080
8571	23	12518	080
1912	6	259	080
44	6	30	080
2911	9	2482	080
1588	6	30	080
191	1	30	080
2003	6	30	080
2097	6	30	081
206	1	207	081
2156	6	30	081
431	1	189	081
2644	9	2593	081
199	1	189	081
215	1	189	081
2696	9	2476	081
197	1	189	081
5308	15	5088	081
2169	6	29	081
492	1	493	081
4395	14	3771	081
3025	10	3026	081
3231	12	29	081
2692	9	2476	081
2587	9	2476	081
811	1	416	081
776	1	493	081
2047	6	171	081
1850	23	2951	081
55	6	30	081
3113	11	3102	081
2089	6	116	081
3237	12	116	081
2079	6	30	081
702	6	28	081
2744	10	2924	081
19	6	2008	081
1894	23	2920	081
8983	17	5818	081
728	1	405	081
3219	12	2027	081
229	15	4988	081
5324	15	5088	081
494	1	28	081
1502	1	416	081
3242	12	2009	081
213	1	189	081
8516	23	2981	081
610	1	416	081
443	1	416	081
717	1	636	081
473	1	416	081
5133	15	5088	081
831	1	416	081
613	1	416	081
2090	6	116	081
845	1	28	081
2130	6	2009	081
2080	6	116	081
1394	6	115	081
6414	23	2935	081
4160	14	3715	081
846	1	397	081
2671	9	2672	081
2105	6	30	081
921	6	30	081
178	6	116	081
1644	1	207	081
2530	14	3431	081
198	1	189	081
178	1	179	081
2082	15	5057	081
8301	23	3060	081
2	6	30	081
2845	10	2977	081
188	1	189	081
1133	6	30	081
172	1	402	081
818	1	416	081
2140	6	2009	081
919	1	921	081
2744	9	2593	081
3053	23	12505	081
1975	6	2008	081
2793	10	2924	081
598	6	30	081
2020	6	2008	081
812	1	416	081
588	6	30	081
1871	12	2155	081
2130	6	2008	081
2037	6	2009	081
3172	23	3027	081
1957	6	173	081
25	15	5024	081
2301	23	2951	081
196	1	189	081
3224	12	116	081
3214	12	2120	081
284	1	189	081
675	15	4990	081
2207	23	12514	081
2085	15	5057	081
921	1	30	081
2113	6	29	081
810	1	416	081
720	1	28	081
711	1	28	081
310	15	5088	081
88	6	30	081
659	1	341	081
1975	6	2009	081
675	15	5120	081
822	1	416	081
88	1	90	081
702	1	28	081
309	15	5088	081
658	1	173	081
25	15	4990	081
25	6	30	081
578	1	28	081
1110	15	5120	081
47	1	30	081
44	5	25	081
260	1	189	081
675	6	173	081
2140	6	2008	081
2837	9	2482	081
195	1	189	081
728	15	4988	081
1133	15	4990	081
630	6	30	081
2789	9	2705	081
3866	14	3487	081
2159	6	30	081
2301	23	12535	081
734	15	4977	081
800	1	416	081
1850	23	2951	081
3101	11	3102	081
205	1	207	081
759	1	28	081
492	15	5088	081
509	15	4977	081
1592	6	30	081
597	15	5088	081
2832	9	2606	081
3064	23	12505	081
2126	6	2009	081
3209	12	30	081
2049	6	30	081
83	1	809	081
3230	12	116	081
1930	15	4977	081
3232	12	29	081
47	6	30	081
1100	6	28	081
8730	23	2951	081
2030	6	2009	081
2094	6	2040	081
2014	15	5057	081
2587	9	2588	081
2702	9	2705	081
5148	15	5088	081
5348	15	5088	081
2020	6	2009	081
2836	9	2705	081
3228	12	117	081
769	1	28	081
415	1	416	081
2718	9	2482	081
191	6	30	081
40	6	1439	081
2675	9	2476	081
212	1	189	081
2171	6	116	081
776	15	5088	081
396	6	30	081
2125	6	2009	081
2126	6	2008	081
3190	12	2120	081
211	1	189	081
2164	6	116	081
1983	6	728	081
2124	6	116	081
3193	12	2155	081
2693	12	28	081
2030	6	2008	081
85	6	116	081
303	1	416	081
284	6	2040	081
8730	23	3026	081
3187	23	12518	081
2035	6	2009	081
12552	23	12525	081
3142	14	3512	081
1970	6	2040	081
7403	17	5818	081
2903	11	3089	081
205	15	4990	081
3020	23	12514	081
832	1	416	081
473	6	2040	081
2582	9	2520	081
205	6	30	081
488	1	30	081
636	1	172	081
1956	6	2008	081
4615	14	3737	081
771	6	30	081
1127	1	846	081
509	6	30	081
3143	11	3087	081
114	1	116	081
827	15	5088	081
8824	23	2977	081
1478	1	114	081
2681	9	2476	081
734	15	4977	081
6414	23	2935	081
2785	9	2593	081
2008	15	4988	081
100	6	30	081
2074	6	173	081
19	6	2009	081
2207	12	2155	081
2071	6	30	081
8571	23	12518	081
1912	6	259	081
44	6	30	081
2911	9	2482	081
1956	6	2009	081
1588	6	30	081
191	1	30	081
2003	6	30	081
2097	6	30	082
206	1	207	082
2156	6	30	082
431	1	189	082
2845	14	3956	082
2644	9	2593	082
199	1	189	082
215	1	189	082
2696	9	2476	082
197	1	189	082
5308	15	5088	082
2169	6	29	082
492	1	493	082
3025	10	3026	082
3231	12	29	082
2692	9	2476	082
2587	9	2476	082
811	1	416	082
776	1	493	082
2047	6	171	082
1850	23	2951	082
55	6	30	082
3113	11	3102	082
2089	6	116	082
3237	12	116	082
2079	6	30	082
702	6	28	082
2744	10	2924	082
1894	23	2920	082
728	1	405	082
3219	12	2027	082
229	15	4988	082
5324	15	5088	082
494	1	28	082
1502	1	416	082
3242	12	2009	082
213	1	189	082
8516	23	2981	082
610	1	416	082
443	1	416	082
717	1	636	082
473	1	416	082
5133	15	5088	082
831	1	416	082
613	1	416	082
2090	6	116	082
5159	15	5088	082
845	1	28	082
2130	6	2009	082
2080	6	116	082
1394	6	115	082
6414	23	2935	082
4160	14	3715	082
846	1	397	082
2671	9	2672	082
2105	6	30	082
921	6	30	082
178	6	116	082
1644	1	207	082
2530	14	3431	082
198	1	189	082
178	1	179	082
2082	15	5057	082
8301	23	3060	082
2	6	30	082
2845	10	2977	082
188	1	189	082
1133	6	30	082
172	1	402	082
818	1	416	082
2140	6	2009	082
919	1	921	082
2744	9	2593	082
3053	23	12505	082
2793	10	2924	082
598	6	30	082
812	1	416	082
588	6	30	082
1871	12	2155	082
2037	6	2009	082
3172	23	3027	082
1957	6	173	082
25	15	5024	082
2301	23	2951	082
196	1	189	082
3224	12	116	082
3214	12	2120	082
284	1	189	082
675	15	4990	082
2207	23	12514	082
2085	15	5057	082
921	1	30	082
2113	6	29	082
810	1	416	082
720	1	28	082
711	1	28	082
310	15	5088	082
88	6	30	082
659	1	341	082
1975	6	2009	082
675	15	5120	082
822	1	416	082
88	1	90	082
702	1	28	082
309	15	5088	082
658	1	173	082
25	15	4990	082
25	6	30	082
578	1	28	082
1110	15	5120	082
3142	11	3131	082
44	5	25	082
260	1	189	082
675	6	173	082
2837	9	2482	082
195	1	189	082
728	15	4988	082
1133	15	4990	082
630	6	30	082
2789	9	2705	082
3866	14	3487	082
2159	6	30	082
2301	23	12535	082
734	15	4977	082
800	1	416	082
1850	23	2951	082
3101	11	3102	082
205	1	207	082
759	1	28	082
492	15	5088	082
509	15	4977	082
1592	6	30	082
597	15	5088	082
2832	9	2606	082
3064	23	12505	082
2126	6	2009	082
3209	12	30	082
2049	6	30	082
83	1	809	082
3230	12	116	082
1930	15	4977	082
3232	12	29	082
47	6	30	082
1100	6	28	082
8730	23	2951	082
2030	6	2009	082
2094	6	2040	082
2014	15	5057	082
2587	9	2588	082
2702	9	2705	082
5148	15	5088	082
5348	15	5088	082
2020	6	2009	082
2836	9	2705	082
3228	12	117	082
769	1	28	082
415	1	416	082
2718	9	2482	082
191	6	30	082
40	6	1439	082
2675	9	2476	082
212	1	189	082
2171	6	116	082
776	15	5088	082
396	6	30	082
2125	6	2009	082
3190	12	2120	082
211	1	189	082
2164	6	116	082
1983	6	728	082
2124	6	116	082
3193	12	2155	082
2693	12	28	082
85	6	116	082
303	1	416	082
284	6	2040	082
3848	14	3846	082
8730	23	3026	082
3187	23	12518	082
2035	6	2009	082
12552	23	12525	082
3142	14	3512	082
1970	6	2040	082
7403	17	5818	082
2903	11	3089	082
205	15	4990	082
3020	23	12514	082
832	1	416	082
473	6	2040	082
2582	9	2520	082
205	6	30	082
488	1	30	082
636	1	172	082
2832	17	5817	082
4615	14	3737	082
771	6	30	082
1127	1	846	082
509	6	30	082
3143	11	3087	082
114	1	116	082
827	15	5088	082
8824	23	2977	082
1478	1	114	082
2681	9	2476	082
857	15	5088	082
734	15	4977	082
6414	23	2935	082
2785	9	2593	082
100	6	30	082
2074	6	173	082
19	6	2009	082
2207	12	2155	082
2071	6	30	082
8571	23	12518	082
1912	6	259	082
44	6	30	082
2911	9	2482	082
1956	6	2009	082
1588	6	30	082
191	1	30	082
2003	6	30	082
2097	6	30	083
206	1	207	083
2156	6	30	083
431	1	189	083
2845	14	3956	083
2644	9	2593	083
199	1	189	083
215	1	189	083
2696	9	2476	083
197	1	189	083
5308	15	5088	083
2169	6	29	083
492	1	493	083
3025	10	3026	083
3231	12	29	083
2692	9	2476	083
2587	9	2476	083
811	1	416	083
776	1	493	083
2047	6	171	083
1850	23	2951	083
2911	9	2484	083
55	6	30	083
3113	11	3102	083
1860	4	1829	083
2089	6	116	083
3237	12	116	083
2079	6	30	083
702	6	28	083
2744	10	2924	083
1894	23	2920	083
728	1	405	083
3219	12	2027	083
229	15	4988	083
5324	15	5088	083
494	1	28	083
1502	1	416	083
3242	12	2009	083
213	1	189	083
8516	23	2981	083
600	15	5088	083
610	1	416	083
443	1	416	083
717	1	636	083
473	1	416	083
5133	15	5088	083
831	1	416	083
613	1	416	083
2090	6	116	083
5159	15	5088	083
845	1	28	083
2130	6	2009	083
2080	6	116	083
1394	6	115	083
6414	23	2935	083
846	1	397	083
2671	9	2672	083
2105	6	30	083
921	6	30	083
178	6	116	083
1644	1	207	083
2530	14	3431	083
198	1	189	083
178	1	179	083
2082	15	5057	083
8301	23	3060	083
2	6	30	083
2845	10	2977	083
188	1	189	083
1133	6	30	083
172	1	402	083
818	1	416	083
2140	6	2009	083
919	1	921	083
2744	9	2593	083
3053	23	12505	083
2793	10	2924	083
598	6	30	083
812	1	416	083
588	6	30	083
1871	12	2155	083
2037	6	2009	083
3172	23	3027	083
1957	6	173	083
25	15	5024	083
2301	23	2951	083
196	1	189	083
3224	12	116	083
3214	12	2120	083
284	1	189	083
675	15	4990	083
2207	23	12514	083
2085	15	5057	083
921	1	30	083
2113	6	29	083
810	1	416	083
720	1	28	083
711	1	28	083
310	15	5088	083
88	6	30	083
659	1	341	083
1975	6	2009	083
675	15	5120	083
822	1	416	083
88	1	90	083
702	1	28	083
309	15	5088	083
658	1	173	083
25	15	4990	083
25	6	30	083
578	1	28	083
1110	15	5120	083
3142	11	3131	083
44	5	25	083
260	1	189	083
675	6	173	083
2837	9	2482	083
195	1	189	083
728	15	4988	083
4736	14	4044	083
1133	15	4990	083
630	6	30	083
2789	9	2705	083
3866	14	3487	083
2159	6	30	083
2301	23	12535	083
734	15	4977	083
800	1	416	083
1850	23	2951	083
3101	11	3102	083
205	1	207	083
759	1	28	083
492	15	5088	083
509	15	4977	083
1592	6	30	083
597	15	5088	083
2832	9	2606	083
3064	23	12505	083
2126	6	2009	083
3209	12	30	083
2049	6	30	083
83	1	809	083
3230	12	116	083
1930	15	4977	083
3232	12	29	083
47	6	30	083
1100	6	28	083
8730	23	2951	083
2030	6	2009	083
2094	6	2040	083
2014	15	5057	083
2587	9	2588	083
2702	9	2705	083
5148	15	5088	083
5348	15	5088	083
2020	6	2009	083
2836	9	2705	083
3228	12	117	083
769	1	28	083
415	1	416	083
2718	9	2482	083
191	6	30	083
40	6	1439	083
2675	9	2476	083
212	1	189	083
2171	6	116	083
776	15	5088	083
5158	15	5088	083
396	6	30	083
2125	6	2009	083
3190	12	2120	083
211	1	189	083
2164	6	116	083
1983	6	728	083
2124	6	116	083
3193	12	2155	083
2693	12	28	083
2978	10	2924	083
85	6	116	083
303	1	416	083
284	6	2040	083
3848	14	3846	083
8730	23	3026	083
3187	23	12518	083
2035	6	2009	083
12552	23	12525	083
4689	14	3431	083
1970	6	2040	083
7403	17	5818	083
2903	11	3089	083
205	15	4990	083
3020	23	12514	083
832	1	416	083
473	6	2040	083
2582	9	2520	083
205	6	30	083
488	1	30	083
636	1	172	083
771	6	30	083
1127	1	846	083
509	6	30	083
3143	11	3087	083
114	1	116	083
827	15	5088	083
8824	23	2977	083
1478	1	114	083
2681	9	2476	083
857	15	5088	083
734	15	4977	083
6414	23	2935	083
2785	9	2593	083
100	6	30	083
2074	6	173	083
19	6	2009	083
2207	12	2155	083
2071	6	30	083
8571	23	12518	083
1912	6	259	083
44	6	30	083
2911	9	2482	083
1956	6	2009	083
1588	6	30	083
191	1	30	083
2003	6	30	083
2097	6	30	084
206	1	207	084
2156	6	30	084
431	1	189	084
2845	14	3956	084
2644	9	2593	084
199	1	189	084
215	1	189	084
2696	9	2476	084
197	1	189	084
5308	15	5088	084
2169	6	29	084
492	1	493	084
3025	10	3026	084
3231	12	29	084
2692	9	2476	084
2587	9	2476	084
811	1	416	084
776	1	493	084
2047	6	171	084
1850	23	2951	084
2911	9	2484	084
55	6	30	084
3113	11	3102	084
2089	6	116	084
3237	12	116	084
2079	6	30	084
702	6	28	084
2744	10	2924	084
1894	23	2920	084
728	1	405	084
3219	12	2027	084
229	15	4988	084
5324	15	5088	084
494	1	28	084
1502	1	416	084
3242	12	2009	084
213	1	189	084
8516	23	2981	084
600	15	5088	084
610	1	416	084
443	1	416	084
717	1	636	084
473	1	416	084
5133	15	5088	084
831	1	416	084
613	1	416	084
2090	6	116	084
5159	15	5088	084
845	1	28	084
2130	6	2009	084
2080	6	116	084
1394	6	115	084
6414	23	2935	084
846	1	397	084
2671	9	2672	084
2105	6	30	084
921	6	30	084
178	6	116	084
1644	1	207	084
2530	14	3431	084
198	1	189	084
178	1	179	084
2082	15	5057	084
8301	23	3060	084
2	6	30	084
2845	10	2977	084
188	1	189	084
1133	6	30	084
172	1	402	084
818	1	416	084
2140	6	2009	084
919	1	921	084
2744	9	2593	084
3053	23	12505	084
2793	10	2924	084
598	6	30	084
812	1	416	084
588	6	30	084
1871	12	2155	084
2037	6	2009	084
3172	23	3027	084
1957	6	173	084
25	15	5024	084
2301	23	2951	084
196	1	189	084
3224	12	116	084
3214	12	2120	084
284	1	189	084
675	15	4990	084
2207	23	12514	084
2085	15	5057	084
921	1	30	084
2113	6	29	084
810	1	416	084
720	1	28	084
711	1	28	084
310	15	5088	084
88	6	30	084
659	1	341	084
1975	6	2009	084
675	15	5120	084
822	1	416	084
88	1	90	084
702	1	28	084
309	15	5088	084
658	1	173	084
25	15	4990	084
25	6	30	084
578	1	28	084
1110	15	5120	084
3142	11	3131	084
44	5	25	084
260	1	189	084
675	6	173	084
2837	9	2482	084
195	1	189	084
728	15	4988	084
4736	14	4044	084
1133	15	4990	084
630	6	30	084
2789	9	2705	084
3866	14	3487	084
2159	6	30	084
2301	23	12535	084
734	15	4977	084
800	1	416	084
1850	23	2951	084
3101	11	3102	084
205	1	207	084
759	1	28	084
492	15	5088	084
509	15	4977	084
1592	6	30	084
597	15	5088	084
2832	9	2606	084
3064	23	12505	084
2126	6	2009	084
3209	12	30	084
2049	6	30	084
83	1	809	084
3230	12	116	084
1930	15	4977	084
3232	12	29	084
47	6	30	084
1100	6	28	084
8730	23	2951	084
2030	6	2009	084
2094	6	2040	084
2014	15	5057	084
2587	9	2588	084
2702	9	2705	084
5148	15	5088	084
5348	15	5088	084
2020	6	2009	084
2836	9	2705	084
3228	12	117	084
769	1	28	084
415	1	416	084
2718	9	2482	084
191	6	30	084
40	6	1439	084
2675	9	2476	084
212	1	189	084
2171	6	116	084
776	15	5088	084
5158	15	5088	084
396	6	30	084
2125	6	2009	084
3190	12	2120	084
211	1	189	084
2164	6	116	084
1983	6	728	084
2124	6	116	084
229	15	5057	084
3193	12	2155	084
2693	12	28	084
2978	10	2924	084
85	6	116	084
303	1	416	084
284	6	2040	084
3848	14	3846	084
8730	23	3026	084
3187	23	12518	084
2035	6	2009	084
12552	23	12525	084
4689	14	3431	084
1970	6	2040	084
7403	17	5818	084
2903	11	3089	084
205	15	4990	084
3020	23	12514	084
832	1	416	084
473	6	2040	084
2582	9	2520	084
205	6	30	084
488	1	30	084
2845	9	2518	084
636	1	172	084
771	6	30	084
1127	1	846	084
509	6	30	084
3143	11	3087	084
114	1	116	084
827	15	5088	084
8824	23	2977	084
1478	1	114	084
2681	9	2476	084
857	15	5088	084
734	15	4977	084
6414	23	2935	084
2785	9	2593	084
100	6	30	084
2074	6	173	084
19	6	2009	084
2207	12	2155	084
2071	6	30	084
8571	23	12518	084
1912	6	259	084
44	6	30	084
2911	9	2482	084
1956	6	2009	084
1588	6	30	084
191	1	30	084
2003	6	30	084
2097	6	30	085
206	1	207	085
2156	6	30	085
431	1	189	085
2845	14	3956	085
2644	9	2593	085
199	1	189	085
215	1	189	085
2696	9	2476	085
197	1	189	085
5308	15	5088	085
2169	6	29	085
492	1	493	085
3025	10	3026	085
3231	12	29	085
2692	9	2476	085
2587	9	2476	085
811	1	416	085
776	1	493	085
2047	6	171	085
1850	23	2951	085
2911	9	2484	085
55	6	30	085
3113	11	3102	085
2089	6	116	085
3237	12	116	085
2079	6	30	085
702	6	28	085
2744	10	2924	085
1894	23	2920	085
728	1	405	085
3219	12	2027	085
5324	15	5088	085
494	1	28	085
1502	1	416	085
3242	12	2009	085
213	1	189	085
8516	23	2981	085
600	15	5088	085
610	1	416	085
443	1	416	085
717	1	636	085
473	1	416	085
5133	15	5088	085
831	1	416	085
613	1	416	085
2090	6	116	085
5159	15	5088	085
845	1	28	085
2130	6	2009	085
2080	6	116	085
1394	6	115	085
6414	23	2935	085
846	1	397	085
2671	9	2672	085
2105	6	30	085
921	6	30	085
178	6	116	085
1644	1	207	085
2530	14	3431	085
198	1	189	085
178	1	179	085
2082	15	5057	085
8301	23	3060	085
3197	12	2120	085
2	6	30	085
2845	10	2977	085
188	1	189	085
1133	6	30	085
172	1	402	085
818	1	416	085
2140	6	2009	085
919	1	921	085
2744	9	2593	085
4918	14	3431	085
3053	23	12505	085
1912	6	405	085
2793	10	2924	085
598	6	30	085
675	6	405	085
812	1	416	085
588	6	30	085
1871	12	2155	085
2037	6	2009	085
3172	23	3027	085
1957	6	173	085
25	15	5024	085
2301	23	2951	085
196	1	189	085
3224	12	116	085
3214	12	2120	085
284	1	189	085
675	15	4990	085
2207	23	12514	085
2085	15	5057	085
921	1	30	085
2113	6	29	085
810	1	416	085
720	1	28	085
711	1	28	085
310	15	5088	085
88	6	30	085
659	1	341	085
1975	6	2009	085
675	15	5120	085
3848	14	3495	085
822	1	416	085
88	1	90	085
702	1	28	085
309	15	5088	085
658	1	173	085
25	15	4990	085
25	6	30	085
578	1	28	085
1110	15	5120	085
1983	6	405	085
1957	6	405	085
3142	11	3131	085
44	5	25	085
260	1	189	085
675	6	173	085
2837	9	2482	085
195	1	189	085
728	15	4988	085
4736	14	4044	085
1133	15	4990	085
630	6	30	085
2789	9	2705	085
3866	14	3487	085
2159	6	30	085
2301	23	12535	085
734	15	4977	085
800	1	416	085
1850	23	2951	085
3101	11	3102	085
205	1	207	085
759	1	28	085
492	15	5088	085
509	15	4977	085
1592	6	30	085
597	15	5088	085
2832	9	2606	085
3064	23	12505	085
2126	6	2009	085
3209	12	30	085
2049	6	30	085
83	1	809	085
3230	12	116	085
1930	15	4977	085
3232	12	29	085
47	6	30	085
1100	6	28	085
8730	23	2951	085
2030	6	2009	085
2094	6	2040	085
2014	15	5057	085
2587	9	2588	085
2702	9	2705	085
5148	15	5088	085
5348	15	5088	085
2020	6	2009	085
2836	9	2705	085
3228	12	117	085
769	1	28	085
415	1	416	085
2718	9	2482	085
191	6	30	085
786	15	5088	085
40	6	1439	085
2675	9	2476	085
212	1	189	085
2171	6	116	085
776	15	5088	085
5158	15	5088	085
396	6	30	085
2125	6	2009	085
3190	12	2120	085
211	1	189	085
2164	6	116	085
1983	6	728	085
2124	6	116	085
229	15	5057	085
3193	12	2155	085
399	1	405	085
2693	12	28	085
428	6	405	085
2978	10	2924	085
85	6	116	085
303	1	416	085
284	6	2040	085
3848	14	3846	085
8730	23	3026	085
2074	6	405	085
3187	23	12518	085
2035	6	2009	085
12552	23	12525	085
169	6	405	085
4689	14	3431	085
1970	6	2040	085
7403	17	5818	085
2903	11	3089	085
205	15	4990	085
3020	23	12514	085
832	1	416	085
444	1	405	085
473	6	2040	085
2582	9	2520	085
205	6	30	085
488	1	30	085
2845	9	2518	085
636	1	172	085
771	6	30	085
1127	1	846	085
509	6	30	085
3143	11	3087	085
114	1	116	085
827	15	5088	085
8824	23	2977	085
1478	1	114	085
2681	9	2476	085
857	15	5088	085
734	15	4977	085
6414	23	2935	085
2785	9	2593	085
100	6	30	085
2074	6	173	085
19	6	2009	085
607	15	4990	085
2207	12	2155	085
2071	6	30	085
8571	23	12518	085
1912	6	259	085
44	6	30	085
2911	9	2482	085
1956	6	2009	085
1588	6	30	085
191	1	30	085
2003	6	30	085
2097	6	30	086
206	1	207	086
2156	6	30	086
431	1	189	086
2845	14	3956	086
2644	9	2593	086
199	1	189	086
215	1	189	086
2696	9	2476	086
197	1	189	086
5308	15	5088	086
2169	6	29	086
492	1	493	086
3025	10	3026	086
3231	12	29	086
2692	9	2476	086
2587	9	2476	086
811	1	416	086
776	1	493	086
2047	6	171	086
1850	23	2951	086
2911	9	2484	086
55	6	30	086
3113	11	3102	086
2089	6	116	086
3237	12	116	086
2079	6	30	086
702	6	28	086
2744	10	2924	086
1894	23	2920	086
728	1	405	086
3219	12	2027	086
5324	15	5088	086
494	1	28	086
1502	1	416	086
3242	12	2009	086
213	1	189	086
8516	23	2981	086
600	15	5088	086
610	1	416	086
443	1	416	086
717	1	636	086
473	1	416	086
5133	15	5088	086
831	1	416	086
613	1	416	086
2090	6	116	086
5159	15	5088	086
845	1	28	086
2130	6	2009	086
2080	6	116	086
1394	6	115	086
6414	23	2935	086
846	1	397	086
2671	9	2672	086
2105	6	30	086
921	6	30	086
178	6	116	086
1644	1	207	086
2530	14	3431	086
198	1	189	086
178	1	179	086
2082	15	5057	086
8301	23	3060	086
3197	12	2120	086
2	6	30	086
2845	10	2977	086
188	1	189	086
1133	6	30	086
172	1	402	086
818	1	416	086
2140	6	2009	086
919	1	921	086
2744	9	2593	086
4918	14	3431	086
3053	23	12505	086
1912	6	405	086
2793	10	2924	086
598	6	30	086
675	6	405	086
812	1	416	086
588	6	30	086
1871	12	2155	086
2037	6	2009	086
3172	23	3027	086
25	15	5024	086
4751	14	3937	086
2301	23	2951	086
196	1	189	086
3224	12	116	086
3214	12	2120	086
284	1	189	086
675	15	4990	086
2207	23	12514	086
2085	15	5057	086
921	1	30	086
2113	6	29	086
810	1	416	086
720	1	28	086
711	1	28	086
310	15	5088	086
88	6	30	086
659	1	341	086
8209	17	6372	086
1975	6	2009	086
675	15	5120	086
3848	14	3495	086
822	1	416	086
88	1	90	086
702	1	28	086
309	15	5088	086
658	1	173	086
25	15	4990	086
25	6	30	086
578	1	28	086
1110	15	5120	086
1983	6	405	086
1957	6	405	086
3142	11	3131	086
44	5	25	086
260	1	189	086
2837	9	2482	086
195	1	189	086
728	15	4988	086
4736	14	4044	086
1133	15	4990	086
630	6	30	086
2789	9	2705	086
3866	14	3487	086
2159	6	30	086
2301	23	12535	086
734	15	4977	086
800	1	416	086
1850	23	2951	086
3101	11	3102	086
205	1	207	086
759	1	28	086
492	15	5088	086
509	15	4977	086
1592	6	30	086
597	15	5088	086
2832	9	2606	086
3064	23	12505	086
2126	6	2009	086
3209	12	30	086
2049	6	30	086
83	1	809	086
3230	12	116	086
1930	15	4977	086
3232	12	29	086
47	6	30	086
1100	6	28	086
8730	23	2951	086
2030	6	2009	086
2094	6	2040	086
2014	15	5057	086
2587	9	2588	086
2702	9	2705	086
5148	15	5088	086
5348	15	5088	086
2020	6	2009	086
2836	9	2705	086
3228	12	117	086
769	1	28	086
415	1	416	086
2718	9	2482	086
191	6	30	086
786	15	5088	086
40	6	1439	086
2675	9	2476	086
212	1	189	086
2171	6	116	086
776	15	5088	086
5158	15	5088	086
396	6	30	086
2125	6	2009	086
3190	12	2120	086
2837	9	2482	086
211	1	189	086
2164	6	116	086
2124	6	116	086
229	15	5057	086
3193	12	2155	086
399	1	405	086
2693	12	28	086
428	6	405	086
2978	10	2924	086
1417	15	5088	086
85	6	116	086
303	1	416	086
284	6	2040	086
8730	23	3026	086
2074	6	405	086
3187	23	12518	086
2035	6	2009	086
12552	23	12525	086
169	6	405	086
1970	6	2040	086
7403	17	5818	086
2903	11	3089	086
205	15	4990	086
3020	23	12514	086
832	1	416	086
444	1	405	086
473	6	2040	086
2582	9	2520	086
205	6	30	086
488	1	30	086
2845	9	2518	086
636	1	172	086
2773	14	3636	086
771	6	30	086
1127	1	846	086
509	6	30	086
3143	11	3087	086
114	1	116	086
827	15	5088	086
8824	23	2977	086
1478	1	114	086
2681	9	2476	086
857	15	5088	086
734	15	4977	086
6414	23	2935	086
2785	9	2593	086
100	6	30	086
19	6	2009	086
607	15	4990	086
2207	12	2155	086
2071	6	30	086
8571	23	12518	086
44	6	30	086
2911	9	2482	086
1956	6	2009	086
1588	6	30	086
191	1	30	086
2003	6	30	086
2097	6	30	087
206	1	207	087
2156	6	30	087
431	1	189	087
2845	14	3956	087
2644	9	2593	087
199	1	189	087
215	1	189	087
2696	9	2476	087
197	1	189	087
5308	15	5088	087
2169	6	29	087
492	1	493	087
3025	10	3026	087
3231	12	29	087
2692	9	2476	087
2587	9	2476	087
811	1	416	087
776	1	493	087
2047	6	171	087
1850	23	2951	087
2911	9	2484	087
55	6	30	087
3113	11	3102	087
2089	6	116	087
3237	12	116	087
2079	6	30	087
702	6	28	087
2744	10	2924	087
1894	23	2920	087
728	1	405	087
3219	12	2027	087
5324	15	5088	087
494	1	28	087
1502	1	416	087
3242	12	2009	087
213	1	189	087
8516	23	2981	087
600	15	5088	087
610	1	416	087
443	1	416	087
717	1	636	087
473	1	416	087
5133	15	5088	087
831	1	416	087
613	1	416	087
2090	6	116	087
5159	15	5088	087
845	1	28	087
2130	6	2009	087
2080	6	116	087
1394	6	115	087
6414	23	2935	087
846	1	397	087
2671	9	2672	087
2105	6	30	087
921	6	30	087
178	6	116	087
1644	1	207	087
2530	14	3431	087
198	1	189	087
178	1	179	087
2082	15	5057	087
8301	23	3060	087
3197	12	2120	087
2	6	30	087
2845	10	2977	087
188	1	189	087
1133	6	30	087
172	1	402	087
818	1	416	087
2140	6	2009	087
919	1	921	087
2744	9	2593	087
4918	14	3431	087
3053	23	12505	087
1912	6	405	087
2793	10	2924	087
598	6	30	087
675	6	405	087
812	1	416	087
588	6	30	087
1871	12	2155	087
2037	6	2009	087
3172	23	3027	087
25	15	5024	087
4751	14	3937	087
2301	23	2951	087
196	1	189	087
3224	12	116	087
3214	12	2120	087
284	1	189	087
675	15	4990	087
2207	23	12514	087
2085	15	5057	087
921	1	30	087
2809	17	5818	087
2113	6	29	087
810	1	416	087
720	1	28	087
711	1	28	087
310	15	5088	087
88	6	30	087
659	1	341	087
1975	6	2009	087
675	15	5120	087
3848	14	3495	087
822	1	416	087
88	1	90	087
702	1	28	087
309	15	5088	087
658	1	173	087
25	15	4990	087
25	6	30	087
578	1	28	087
1110	15	5120	087
1983	6	405	087
1957	6	405	087
3142	11	3131	087
44	5	25	087
260	1	189	087
195	1	189	087
728	15	4988	087
4736	14	4044	087
1133	15	4990	087
630	6	30	087
2789	9	2705	087
3866	14	3487	087
2159	6	30	087
2301	23	12535	087
734	15	4977	087
800	1	416	087
1850	23	2951	087
3101	11	3102	087
205	1	207	087
759	1	28	087
492	15	5088	087
509	15	4977	087
1592	6	30	087
597	15	5088	087
2832	9	2606	087
3064	23	12505	087
2126	6	2009	087
3209	12	30	087
2049	6	30	087
83	1	809	087
83	1	84	087
3230	12	116	087
1930	15	4977	087
3232	12	29	087
47	6	30	087
1100	6	28	087
8730	23	2951	087
2030	6	2009	087
2094	6	2040	087
2014	15	5057	087
2587	9	2588	087
2702	9	2705	087
5148	15	5088	087
5348	15	5088	087
2020	6	2009	087
2836	9	2705	087
3228	12	117	087
769	1	28	087
415	1	416	087
2718	9	2482	087
191	6	30	087
786	15	5088	087
40	6	1439	087
2675	9	2476	087
212	1	189	087
2171	6	116	087
776	15	5088	087
5158	15	5088	087
396	6	30	087
2125	6	2009	087
3190	12	2120	087
2837	9	2482	087
211	1	189	087
4227	14	3496	087
2164	6	116	087
2124	6	116	087
229	15	5057	087
3193	12	2155	087
399	1	405	087
2693	12	28	087
428	6	405	087
3590	14	3591	087
2978	10	2924	087
1417	15	5088	087
85	6	116	087
303	1	416	087
284	6	2040	087
8730	23	3026	087
2074	6	405	087
3187	23	12518	087
2035	6	2009	087
12552	23	12525	087
169	6	405	087
1970	6	2040	087
7403	17	5818	087
2903	11	3089	087
205	15	4990	087
3020	23	12514	087
832	1	416	087
444	1	405	087
473	6	2040	087
2582	9	2520	087
205	6	30	087
488	1	30	087
2845	9	2518	087
636	1	172	087
2773	14	3636	087
771	6	30	087
1127	1	846	087
509	6	30	087
3143	11	3087	087
114	1	116	087
827	15	5088	087
8824	23	2977	087
1478	1	114	087
2681	9	2476	087
857	15	5088	087
734	15	4977	087
6414	23	2935	087
2785	9	2593	087
100	6	30	087
19	6	2009	087
607	15	4990	087
2207	12	2155	087
2071	6	30	087
8571	23	12518	087
44	6	30	087
2911	9	2482	087
1956	6	2009	087
1588	6	30	087
191	1	30	087
2003	6	30	087
2097	6	30	088
206	1	207	088
2156	6	30	088
431	1	189	088
2845	14	3956	088
2644	9	2593	088
199	1	189	088
215	1	189	088
2696	9	2476	088
197	1	189	088
5308	15	5088	088
2718	9	2540	088
2169	6	29	088
492	1	493	088
3025	10	3026	088
3231	12	29	088
2692	9	2476	088
2587	9	2476	088
811	1	416	088
776	1	493	088
2047	6	171	088
1850	23	2951	088
2911	9	2484	088
55	6	30	088
3113	11	3102	088
2089	6	116	088
3237	12	116	088
2079	6	30	088
702	6	28	088
2744	10	2924	088
1894	23	2920	088
728	1	405	088
3219	12	2027	088
5324	15	5088	088
494	1	28	088
1502	1	416	088
3242	12	2009	088
213	1	189	088
8516	23	2981	088
600	15	5088	088
610	1	416	088
443	1	416	088
717	1	636	088
473	1	416	088
5133	15	5088	088
831	1	416	088
613	1	416	088
2090	6	116	088
5159	15	5088	088
845	1	28	088
2130	6	2009	088
2080	6	116	088
1394	6	115	088
6414	23	2935	088
846	1	397	088
2671	9	2672	088
2105	6	30	088
921	6	30	088
178	6	116	088
1644	1	207	088
2530	14	3431	088
198	1	189	088
178	1	179	088
2082	15	5057	088
2558	9	2482	088
8301	23	3060	088
3197	12	2120	088
2	6	30	088
2845	10	2977	088
188	1	189	088
1133	6	30	088
172	1	402	088
818	1	416	088
2140	6	2009	088
919	1	921	088
2744	9	2593	088
4918	14	3431	088
3053	23	12505	088
1912	6	405	088
2793	10	2924	088
598	6	30	088
675	6	405	088
812	1	416	088
588	6	30	088
1871	12	2155	088
2037	6	2009	088
3172	23	3027	088
25	15	5024	088
4751	14	3937	088
2301	23	2951	088
196	1	189	088
3224	12	116	088
3214	12	2120	088
284	1	189	088
675	15	4990	088
2207	23	12514	088
2085	15	5057	088
921	1	30	088
2809	17	5818	088
2113	6	29	088
810	1	416	088
720	1	28	088
711	1	28	088
310	15	5088	088
88	6	30	088
659	1	341	088
1975	6	2009	088
675	15	5120	088
3848	14	3495	088
822	1	416	088
88	1	90	088
702	1	28	088
309	15	5088	088
658	1	173	088
25	15	4990	088
25	6	30	088
578	1	28	088
1110	15	5120	088
1983	6	405	088
1957	6	405	088
3142	11	3131	088
44	5	25	088
2818	17	6758	088
260	1	189	088
195	1	189	088
728	15	4988	088
4736	14	4044	088
1133	15	4990	088
630	6	30	088
2789	9	2705	088
3866	14	3487	088
2159	6	30	088
2301	23	12535	088
734	15	4977	088
800	1	416	088
1850	23	2951	088
3101	11	3102	088
205	1	207	088
759	1	28	088
492	15	5088	088
509	15	4977	088
1592	6	30	088
597	15	5088	088
2832	9	2606	088
3064	23	12505	088
2126	6	2009	088
3209	12	30	088
2049	6	30	088
83	1	84	088
3230	12	116	088
1930	15	4977	088
3232	12	29	088
47	6	30	088
1100	6	28	088
8730	23	2951	088
2030	6	2009	088
2094	6	2040	088
2014	15	5057	088
2587	9	2588	088
2702	9	2705	088
5148	15	5088	088
5348	15	5088	088
2020	6	2009	088
2836	9	2705	088
3228	12	117	088
769	1	28	088
415	1	416	088
2718	9	2482	088
191	6	30	088
786	15	5088	088
40	6	1439	088
2675	9	2476	088
212	1	189	088
2171	6	116	088
776	15	5088	088
1860	10	2932	088
5158	15	5088	088
396	6	30	088
2125	6	2009	088
3190	12	2120	088
2837	9	2482	088
211	1	189	088
4227	14	3496	088
2164	6	116	088
2124	6	116	088
229	15	5057	088
3193	12	2155	088
399	1	405	088
2693	12	28	088
428	6	405	088
3590	14	3591	088
2978	10	2924	088
1417	15	5088	088
85	6	116	088
303	1	416	088
284	6	2040	088
8730	23	3026	088
2074	6	405	088
3187	23	12518	088
2035	6	2009	088
12552	23	12525	088
169	6	405	088
1970	6	2040	088
7403	17	5818	088
2903	11	3089	088
205	15	4990	088
3020	23	12514	088
832	1	416	088
444	1	405	088
473	6	2040	088
2582	9	2520	088
205	6	30	088
488	1	30	088
2845	9	2518	088
636	1	172	088
2773	14	3636	088
771	6	30	088
1127	1	846	088
509	6	30	088
3143	11	3087	088
114	1	116	088
827	15	5088	088
8824	23	2977	088
1478	1	114	088
2681	9	2476	088
857	15	5088	088
734	15	4977	088
6414	23	2935	088
2785	9	2593	088
100	6	30	088
19	6	2009	088
607	15	4990	088
2207	12	2155	088
2071	6	30	088
8571	23	12518	088
44	6	30	088
2911	9	2482	088
1956	6	2009	088
1588	6	30	088
191	1	30	088
2003	6	30	088
2097	6	30	089
206	1	207	089
2156	6	30	089
431	1	189	089
2845	14	3956	089
2644	9	2593	089
199	1	189	089
215	1	189	089
2696	9	2476	089
197	1	189	089
5308	15	5088	089
2718	9	2540	089
2169	6	29	089
492	1	493	089
3025	10	3026	089
3231	12	29	089
2692	9	2476	089
2587	9	2476	089
811	1	416	089
776	1	493	089
2047	6	171	089
1850	23	2951	089
2911	9	2484	089
55	6	30	089
3113	11	3102	089
2089	6	116	089
3237	12	116	089
2079	6	30	089
702	6	28	089
2744	10	2924	089
1894	23	2920	089
728	1	405	089
3219	12	2027	089
5324	15	5088	089
494	1	28	089
1502	1	416	089
3242	12	2009	089
213	1	189	089
8516	23	2981	089
600	15	5088	089
610	1	416	089
443	1	416	089
717	1	636	089
473	1	416	089
5133	15	5088	089
831	1	416	089
613	1	416	089
2090	6	116	089
5159	15	5088	089
845	1	28	089
2130	6	2009	089
2080	6	116	089
1394	6	115	089
6414	23	2935	089
846	1	397	089
2671	9	2672	089
2105	6	30	089
921	6	30	089
178	6	116	089
1644	1	207	089
2530	14	3431	089
198	1	189	089
178	1	179	089
2082	15	5057	089
2558	9	2482	089
8301	23	3060	089
3197	12	2120	089
2	6	30	089
2845	10	2977	089
188	1	189	089
1133	6	30	089
172	1	402	089
818	1	416	089
2140	6	2009	089
919	1	921	089
2744	9	2593	089
4918	14	3431	089
3053	23	12505	089
1912	6	405	089
2793	10	2924	089
598	6	30	089
675	6	405	089
812	1	416	089
588	6	30	089
1871	12	2155	089
2037	6	2009	089
3172	23	3027	089
25	15	5024	089
4751	14	3937	089
2301	23	2951	089
196	1	189	089
3224	12	116	089
3214	12	2120	089
284	1	189	089
675	15	4990	089
2207	23	12514	089
2085	15	5057	089
921	1	30	089
2809	17	5818	089
2113	6	29	089
810	1	416	089
720	1	28	089
711	1	28	089
310	15	5088	089
88	6	30	089
659	1	341	089
1975	6	2009	089
675	15	5120	089
3848	14	3495	089
822	1	416	089
88	1	90	089
702	1	28	089
309	15	5088	089
658	1	173	089
25	15	4990	089
25	6	30	089
578	1	28	089
1110	15	5120	089
1983	6	405	089
1957	6	405	089
3142	11	3131	089
44	5	25	089
2818	17	6758	089
260	1	189	089
195	1	189	089
728	15	4988	089
4736	14	4044	089
1133	15	4990	089
630	6	30	089
2789	9	2705	089
3866	14	3487	089
2159	6	30	089
2301	23	12535	089
734	15	4977	089
800	1	416	089
1850	23	2951	089
3101	11	3102	089
205	1	207	089
759	1	28	089
492	15	5088	089
509	15	4977	089
1592	6	30	089
597	15	5088	089
2832	9	2606	089
3064	23	12505	089
2126	6	2009	089
3209	12	30	089
2049	6	30	089
83	1	84	089
3230	12	116	089
1930	15	4977	089
3232	12	29	089
47	6	30	089
1100	6	28	089
8730	23	2951	089
2030	6	2009	089
2094	6	2040	089
2014	15	5057	089
2587	9	2588	089
2702	9	2705	089
5148	15	5088	089
5348	15	5088	089
2020	6	2009	089
2836	9	2705	089
3228	12	117	089
769	1	28	089
415	1	416	089
2718	9	2482	089
191	6	30	089
3050	10	2924	089
786	15	5088	089
40	6	1439	089
2675	9	2476	089
212	1	189	089
2171	6	116	089
776	15	5088	089
1860	10	2932	089
5158	15	5088	089
396	6	30	089
2125	6	2009	089
3190	12	2120	089
2837	9	2482	089
211	1	189	089
4227	14	3496	089
2164	6	116	089
2124	6	116	089
229	15	5057	089
3193	12	2155	089
1983	15	5024	089
399	1	405	089
2693	12	28	089
428	6	405	089
2978	10	2924	089
1417	15	5088	089
85	6	116	089
303	1	416	089
284	6	2040	089
8730	23	3026	089
2074	6	405	089
3187	23	12518	089
2035	6	2009	089
12552	23	12525	089
169	6	405	089
1970	6	2040	089
7403	17	5818	089
2903	11	3089	089
205	15	4990	089
3020	23	12514	089
832	1	416	089
2785	9	2520	089
444	1	405	089
473	6	2040	089
2582	9	2520	089
205	6	30	089
488	1	30	089
2845	9	2518	089
636	1	172	089
2773	14	3636	089
771	6	30	089
1127	1	846	089
509	6	30	089
3143	11	3087	089
114	1	116	089
827	15	5088	089
8824	23	2977	089
1478	1	114	089
2681	9	2476	089
857	15	5088	089
734	15	4977	089
6414	23	2935	089
2785	9	2593	089
100	6	30	089
19	6	2009	089
607	15	4990	089
2207	12	2155	089
2071	6	30	089
8571	23	12518	089
44	6	30	089
2911	9	2482	089
1956	6	2009	089
1588	6	30	089
191	1	30	089
2003	6	30	089
2097	6	30	090
206	1	207	090
2156	6	30	090
431	1	189	090
2845	14	3956	090
2644	9	2593	090
199	1	189	090
215	1	189	090
2696	9	2476	090
197	1	189	090
5308	15	5088	090
2718	9	2540	090
2169	6	29	090
492	1	493	090
3025	10	3026	090
3231	12	29	090
2692	9	2476	090
2587	9	2476	090
811	1	416	090
776	1	493	090
2047	6	171	090
1850	23	2951	090
2911	9	2484	090
55	6	30	090
3113	11	3102	090
2089	6	116	090
3237	12	116	090
2079	6	30	090
702	6	28	090
2744	10	2924	090
5993	17	5995	090
1894	23	2920	090
728	1	405	090
3219	12	2027	090
5324	15	5088	090
494	1	28	090
1502	1	416	090
3242	12	2009	090
213	1	189	090
8516	23	2981	090
600	15	5088	090
610	1	416	090
443	1	416	090
717	1	636	090
473	1	416	090
5133	15	5088	090
831	1	416	090
613	1	416	090
2090	6	116	090
5159	15	5088	090
845	1	28	090
2130	6	2009	090
2080	6	116	090
1394	6	115	090
6414	23	2935	090
846	1	397	090
2530	14	3431	090
2671	9	2672	090
2105	6	30	090
921	6	30	090
178	6	116	090
1644	1	207	090
2530	14	3431	090
198	1	189	090
178	1	179	090
2082	15	5057	090
2558	9	2482	090
8301	23	3060	090
3197	12	2120	090
2	6	30	090
2845	10	2977	090
188	1	189	090
1133	6	30	090
172	1	402	090
818	1	416	090
2140	6	2009	090
919	1	921	090
2744	9	2593	090
4918	14	3431	090
3053	23	12505	090
1912	6	405	090
2793	10	2924	090
598	6	30	090
675	6	405	090
812	1	416	090
588	6	30	090
1871	12	2155	090
2037	6	2009	090
3172	23	3027	090
25	15	5024	090
4751	14	3937	090
2301	23	2951	090
196	1	189	090
3224	12	116	090
3214	12	2120	090
284	1	189	090
675	15	4990	090
2207	23	12514	090
2085	15	5057	090
921	1	30	090
2809	17	5818	090
2113	6	29	090
810	1	416	090
720	1	28	090
711	1	28	090
310	15	5088	090
88	6	30	090
659	1	341	090
1975	6	2009	090
675	15	5120	090
3848	14	3495	090
822	1	416	090
88	1	90	090
702	1	28	090
309	15	5088	090
658	1	173	090
25	15	4990	090
25	6	30	090
578	1	28	090
1110	15	5120	090
1983	6	405	090
1957	6	405	090
3142	11	3131	090
44	5	25	090
260	1	189	090
195	1	189	090
728	15	4988	090
4736	14	4044	090
1133	15	4990	090
630	6	30	090
2789	9	2705	090
3866	14	3487	090
2159	6	30	090
2301	23	12535	090
734	15	4977	090
800	1	416	090
1850	23	2951	090
3101	11	3102	090
205	1	207	090
1841	23	2997	090
759	1	28	090
492	15	5088	090
509	15	4977	090
1592	6	30	090
597	15	5088	090
2832	9	2606	090
3064	23	12505	090
2126	6	2009	090
3209	12	30	090
2049	6	30	090
83	1	84	090
3230	12	116	090
4685	14	3715	090
1930	15	4977	090
3232	12	29	090
47	6	30	090
1100	6	28	090
8730	23	2951	090
2030	6	2009	090
2094	6	2040	090
2014	15	5057	090
2587	9	2588	090
2702	9	2705	090
4685	14	3757	090
5148	15	5088	090
5348	15	5088	090
2020	6	2009	090
2836	9	2705	090
3228	12	117	090
769	1	28	090
415	1	416	090
2718	9	2482	090
191	6	30	090
3050	10	2924	090
786	15	5088	090
40	6	1439	090
2675	9	2476	090
212	1	189	090
2171	6	116	090
776	15	5088	090
1860	10	2932	090
5158	15	5088	090
396	6	30	090
2125	6	2009	090
3190	12	2120	090
2837	9	2482	090
211	1	189	090
4227	14	3496	090
2164	6	116	090
2124	6	116	090
229	15	5057	090
3193	12	2155	090
1983	15	5024	090
399	1	405	090
2693	12	28	090
428	6	405	090
6490	17	6491	090
2978	10	2924	090
1417	15	5088	090
85	6	116	090
303	1	416	090
284	6	2040	090
8730	23	3026	090
2074	6	405	090
3187	23	12518	090
2035	6	2009	090
12552	23	12525	090
8550	17	6175	090
169	6	405	090
1970	6	2040	090
7403	17	5818	090
2903	11	3089	090
205	15	4990	090
3020	23	12514	090
832	1	416	090
2785	9	2520	090
444	1	405	090
473	6	2040	090
2582	9	2520	090
205	6	30	090
488	1	30	090
2845	9	2518	090
636	1	172	090
2773	14	3636	090
771	6	30	090
1127	1	846	090
509	6	30	090
3143	11	3087	090
114	1	116	090
827	15	5088	090
8824	23	2977	090
1478	1	114	090
2681	9	2476	090
857	15	5088	090
734	15	4977	090
6414	23	2935	090
2785	9	2593	090
100	6	30	090
19	6	2009	090
607	15	4990	090
2207	12	2155	090
2071	6	30	090
8571	23	12518	090
44	6	30	090
2911	9	2482	090
1956	6	2009	090
1588	6	30	090
191	1	30	090
2003	6	30	090
2097	6	30	091
206	1	207	091
2156	6	30	091
431	1	189	091
2845	14	3956	091
2644	9	2593	091
199	1	189	091
215	1	189	091
2696	9	2476	091
197	1	189	091
5308	15	5088	091
2718	9	2540	091
2169	6	29	091
492	1	493	091
3025	10	3026	091
3231	12	29	091
2692	9	2476	091
2587	9	2476	091
811	1	416	091
776	1	493	091
6490	17	5819	091
2047	6	171	091
1850	23	2951	091
2911	9	2484	091
55	6	30	091
3113	11	3102	091
2089	6	116	091
3237	12	116	091
2079	6	30	091
702	6	28	091
2744	10	2924	091
1894	23	2920	091
728	1	405	091
3219	12	2027	091
5324	15	5088	091
494	1	28	091
1502	1	416	091
3242	12	2009	091
213	1	189	091
8516	23	2981	091
600	15	5088	091
610	1	416	091
443	1	416	091
717	1	636	091
473	1	416	091
5133	15	5088	091
831	1	416	091
613	1	416	091
2090	6	116	091
5159	15	5088	091
845	1	28	091
2130	6	2009	091
2080	6	116	091
1394	6	115	091
6414	23	2935	091
846	1	397	091
2530	14	3431	091
2671	9	2672	091
2105	6	30	091
921	6	30	091
178	6	116	091
1644	1	207	091
2530	14	3431	091
198	1	189	091
178	1	179	091
2082	15	5057	091
2558	9	2482	091
8301	23	3060	091
3197	12	2120	091
2	6	30	091
2845	10	2977	091
188	1	189	091
1133	6	30	091
172	1	402	091
818	1	416	091
2140	6	2009	091
919	1	921	091
2744	9	2593	091
4918	14	3431	091
3053	23	12505	091
1912	6	405	091
2793	10	2924	091
598	6	30	091
675	6	405	091
812	1	416	091
588	6	30	091
1871	12	2155	091
2037	6	2009	091
3172	23	3027	091
25	15	5024	091
2301	23	2951	091
196	1	189	091
3224	12	116	091
3214	12	2120	091
284	1	189	091
675	15	4990	091
2207	23	12514	091
4615	14	3496	091
2085	15	5057	091
921	1	30	091
2809	17	5818	091
2113	6	29	091
810	1	416	091
720	1	28	091
711	1	28	091
310	15	5088	091
88	6	30	091
659	1	341	091
1975	6	2009	091
675	15	5120	091
3848	14	3495	091
822	1	416	091
88	1	90	091
702	1	28	091
309	15	5088	091
658	1	173	091
25	15	4990	091
25	6	30	091
578	1	28	091
1110	15	5120	091
1983	6	405	091
1957	6	405	091
3142	11	3131	091
44	5	25	091
260	1	189	091
195	1	189	091
728	15	4988	091
4736	14	4044	091
1133	15	4990	091
630	6	30	091
2789	9	2705	091
3866	14	3487	091
2159	6	30	091
2301	23	12535	091
734	15	4977	091
800	1	416	091
7436	17	5817	091
1850	23	2951	091
3101	11	3102	091
205	1	207	091
1841	23	2997	091
759	1	28	091
492	15	5088	091
509	15	4977	091
1592	6	30	091
597	15	5088	091
2832	9	2606	091
3064	23	12505	091
2126	6	2009	091
3209	12	30	091
2049	6	30	091
83	1	84	091
3230	12	116	091
1930	15	4977	091
3232	12	29	091
47	6	30	091
1100	6	28	091
8730	23	2951	091
2030	6	2009	091
2094	6	2040	091
2014	15	5057	091
2587	9	2588	091
2702	9	2705	091
4685	14	3757	091
5148	15	5088	091
5348	15	5088	091
2020	6	2009	091
2836	9	2705	091
3228	12	117	091
769	1	28	091
415	1	416	091
2718	9	2482	091
191	6	30	091
3050	10	2924	091
786	15	5088	091
40	6	1439	091
2675	9	2476	091
212	1	189	091
2171	6	116	091
776	15	5088	091
2895	17	5912	091
1860	10	2932	091
5158	15	5088	091
396	6	30	091
2125	6	2009	091
3190	12	2120	091
2837	9	2482	091
211	1	189	091
4227	14	3496	091
2164	6	116	091
2124	6	116	091
229	15	5057	091
3193	12	2155	091
1983	15	5024	091
399	1	405	091
2693	12	28	091
428	6	405	091
2978	10	2924	091
1417	15	5088	091
85	6	116	091
303	1	416	091
284	6	2040	091
8730	23	3026	091
2074	6	405	091
3187	23	12518	091
2035	6	2009	091
12552	23	12525	091
169	6	405	091
1970	6	2040	091
7403	17	5818	091
2903	11	3089	091
205	15	4990	091
3020	23	12514	091
832	1	416	091
2785	9	2520	091
444	1	405	091
473	6	2040	091
2582	9	2520	091
205	6	30	091
488	1	30	091
2845	9	2518	091
636	1	172	091
2773	14	3636	091
771	6	30	091
1127	1	846	091
509	6	30	091
3143	11	3087	091
114	1	116	091
827	15	5088	091
8824	23	2977	091
1478	1	114	091
2681	9	2476	091
857	15	5088	091
734	15	4977	091
6414	23	2935	091
2785	9	2593	091
100	6	30	091
19	6	2009	091
607	15	4990	091
2207	12	2155	091
2071	6	30	091
8571	23	12518	091
44	6	30	091
2911	9	2482	091
1956	6	2009	091
1588	6	30	091
191	1	30	091
2003	6	30	091
2097	6	30	092
206	1	207	092
2156	6	30	092
431	1	189	092
2845	14	3956	092
2644	9	2593	092
199	1	189	092
215	1	189	092
2696	9	2476	092
197	1	189	092
5308	15	5088	092
2718	9	2540	092
2169	6	29	092
492	1	493	092
3025	10	3026	092
3231	12	29	092
2692	9	2476	092
2587	9	2476	092
811	1	416	092
776	1	493	092
2047	6	171	092
1850	23	2951	092
2911	9	2484	092
55	6	30	092
2077	6	2060	092
3113	11	3102	092
2089	6	116	092
3237	12	116	092
2079	6	30	092
702	6	28	092
2744	10	2924	092
1894	23	2920	092
728	1	405	092
3219	12	2027	092
5324	15	5088	092
494	1	28	092
1502	1	416	092
3242	12	2009	092
213	1	189	092
8516	23	2981	092
600	15	5088	092
610	1	416	092
443	1	416	092
717	1	636	092
473	1	416	092
5133	15	5088	092
831	1	416	092
613	1	416	092
2090	6	116	092
5159	15	5088	092
845	1	28	092
2130	6	2009	092
2080	6	116	092
1394	6	115	092
6414	23	2935	092
846	1	397	092
2530	14	3431	092
2671	9	2672	092
2105	6	30	092
921	6	30	092
178	6	116	092
1644	1	207	092
2530	14	3431	092
198	1	189	092
178	1	179	092
2082	15	5057	092
2558	9	2482	092
8301	23	3060	092
3197	12	2120	092
2	6	30	092
2845	10	2977	092
188	1	189	092
1133	6	30	092
172	1	402	092
818	1	416	092
2140	6	2009	092
919	1	921	092
2744	9	2593	092
4918	14	3431	092
3053	23	12505	092
1912	6	405	092
2793	10	2924	092
598	6	30	092
675	6	405	092
812	1	416	092
588	6	30	092
1871	12	2155	092
2037	6	2009	092
3172	23	3027	092
25	15	5024	092
2301	23	2951	092
196	1	189	092
3224	12	116	092
3214	12	2120	092
284	1	189	092
675	15	4990	092
2207	23	12514	092
4615	14	3496	092
2085	15	5057	092
921	1	30	092
2809	17	5818	092
2113	6	29	092
810	1	416	092
720	1	28	092
711	1	28	092
310	15	5088	092
88	6	30	092
659	1	341	092
1975	6	2009	092
675	15	5120	092
822	1	416	092
88	1	90	092
702	1	28	092
309	15	5088	092
658	1	173	092
25	15	4990	092
25	6	30	092
578	1	28	092
1110	15	5120	092
1983	6	405	092
1957	6	405	092
3142	11	3131	092
44	5	25	092
260	1	189	092
195	1	189	092
728	15	4988	092
1958	6	2009	092
1133	15	4990	092
630	6	30	092
2789	9	2705	092
3866	14	3487	092
2159	6	30	092
2301	23	12535	092
734	15	4977	092
800	1	416	092
1850	23	2951	092
3101	11	3102	092
205	1	207	092
1841	23	2997	092
759	1	28	092
492	15	5088	092
509	15	4977	092
1592	6	30	092
597	15	5088	092
2832	9	2606	092
3064	23	12505	092
2126	6	2009	092
3209	12	30	092
2049	6	30	092
83	1	84	092
3230	12	116	092
1930	15	4977	092
3232	12	29	092
47	6	30	092
1100	6	28	092
8730	23	2951	092
2030	6	2009	092
2094	6	2040	092
2014	15	5057	092
2587	9	2588	092
2702	9	2705	092
5148	15	5088	092
5348	15	5088	092
2020	6	2009	092
2836	9	2705	092
3228	12	117	092
2809	17	5817	092
769	1	28	092
415	1	416	092
2718	9	2482	092
191	6	30	092
3050	10	2924	092
786	15	5088	092
40	6	1439	092
2675	9	2476	092
212	1	189	092
2171	6	116	092
776	15	5088	092
1860	10	2932	092
5158	15	5088	092
396	6	30	092
2125	6	2009	092
3190	12	2120	092
2837	9	2482	092
211	1	189	092
4227	14	3496	092
2164	6	116	092
2124	6	116	092
229	15	5057	092
3193	12	2155	092
1983	15	5024	092
399	1	405	092
2693	12	28	092
428	6	405	092
2978	10	2924	092
1417	15	5088	092
85	6	116	092
303	1	416	092
284	6	2040	092
8730	23	3026	092
2074	6	405	092
3187	23	12518	092
2035	6	2009	092
12552	23	12525	092
169	6	405	092
1970	6	2040	092
7403	17	5818	092
2903	11	3089	092
205	15	4990	092
3020	23	12514	092
832	1	416	092
2785	9	2520	092
444	1	405	092
473	6	2040	092
2582	9	2520	092
205	6	30	092
488	1	30	092
2845	9	2518	092
636	1	172	092
2773	14	3636	092
771	6	30	092
1127	1	846	092
509	6	30	092
3143	11	3087	092
2059	6	2060	092
114	1	116	092
827	15	5088	092
8824	23	2977	092
1478	1	114	092
2681	9	2476	092
857	15	5088	092
734	15	4977	092
6414	23	2935	092
2785	9	2593	092
100	6	30	092
19	6	2009	092
607	15	4990	092
2207	12	2155	092
2071	6	30	092
8571	23	12518	092
44	6	30	092
2911	9	2482	092
1956	6	2009	092
1588	6	30	092
191	1	30	092
2003	6	30	092
2097	6	30	093
206	1	207	093
2156	6	30	093
1844	9	2506	093
431	1	189	093
2845	14	3956	093
2644	9	2593	093
199	1	189	093
215	1	189	093
2696	9	2476	093
197	1	189	093
5308	15	5088	093
2718	9	2540	093
2169	6	29	093
492	1	493	093
3025	10	3026	093
3231	12	29	093
2692	9	2476	093
2587	9	2476	093
811	1	416	093
776	1	493	093
2047	6	171	093
1850	23	2951	093
2911	9	2484	093
55	6	30	093
2077	6	2060	093
3113	11	3102	093
2089	6	116	093
3237	12	116	093
2079	6	30	093
702	6	28	093
2744	10	2924	093
1894	23	2920	093
728	1	405	093
3219	12	2027	093
5324	15	5088	093
494	1	28	093
1502	1	416	093
3242	12	2009	093
213	1	189	093
8516	23	2981	093
600	15	5088	093
610	1	416	093
443	1	416	093
717	1	636	093
473	1	416	093
5133	15	5088	093
831	1	416	093
613	1	416	093
2090	6	116	093
5159	15	5088	093
845	1	28	093
2130	6	2009	093
2080	6	116	093
1394	6	115	093
6414	23	2935	093
846	1	397	093
2530	14	3431	093
2671	9	2672	093
2105	6	30	093
921	6	30	093
178	6	116	093
1644	1	207	093
2530	14	3431	093
198	1	189	093
178	1	179	093
2082	15	5057	093
2558	9	2482	093
8301	23	3060	093
3197	12	2120	093
2	6	30	093
2845	10	2977	093
188	1	189	093
1133	6	30	093
172	1	402	093
818	1	416	093
2140	6	2009	093
919	1	921	093
2744	9	2593	093
4918	14	3431	093
3053	23	12505	093
1912	6	405	093
2793	10	2924	093
598	6	30	093
675	6	405	093
812	1	416	093
588	6	30	093
1871	12	2155	093
2037	6	2009	093
3172	23	3027	093
25	15	5024	093
2301	23	2951	093
196	1	189	093
3224	12	116	093
3214	12	2120	093
284	1	189	093
675	15	4990	093
2207	23	12514	093
4615	14	3496	093
2085	15	5057	093
921	1	30	093
2809	17	5818	093
2113	6	29	093
810	1	416	093
720	1	28	093
711	1	28	093
310	15	5088	093
88	6	30	093
659	1	341	093
1975	6	2009	093
675	15	5120	093
822	1	416	093
88	1	90	093
702	1	28	093
309	15	5088	093
658	1	173	093
25	15	4990	093
25	6	30	093
578	1	28	093
1110	15	5120	093
2582	17	6372	093
1983	6	405	093
1957	6	405	093
44	5	25	093
260	1	189	093
195	1	189	093
728	15	4988	093
1958	6	2009	093
1133	15	4990	093
630	6	30	093
2789	9	2705	093
3866	14	3487	093
2159	6	30	093
2301	23	12535	093
734	15	4977	093
800	1	416	093
1850	23	2951	093
3101	11	3102	093
205	1	207	093
1841	23	2997	093
759	1	28	093
492	15	5088	093
509	15	4977	093
1592	6	30	093
597	15	5088	093
2832	9	2606	093
3064	23	12505	093
2126	6	2009	093
3209	12	30	093
2049	6	30	093
83	1	84	093
3230	12	116	093
1930	15	4977	093
3232	12	29	093
47	6	30	093
1100	6	28	093
8730	23	2951	093
2030	6	2009	093
2094	6	2040	093
2014	15	5057	093
2587	9	2588	093
2702	9	2705	093
5148	15	5088	093
5348	15	5088	093
2020	6	2009	093
2836	9	2705	093
3228	12	117	093
2809	17	5817	093
769	1	28	093
415	1	416	093
2718	9	2482	093
191	6	30	093
3050	10	2924	093
786	15	5088	093
40	6	1439	093
2675	9	2476	093
212	1	189	093
2171	6	116	093
776	15	5088	093
1860	10	2932	093
5158	15	5088	093
396	6	30	093
2125	6	2009	093
3190	12	2120	093
2837	9	2482	093
211	1	189	093
4227	14	3496	093
2164	6	116	093
2124	6	116	093
229	15	5057	093
3193	12	2155	093
1983	15	5024	093
399	1	405	093
2693	12	28	093
428	6	405	093
2978	10	2924	093
1417	15	5088	093
85	6	116	093
303	1	416	093
284	6	2040	093
8730	23	3026	093
2074	6	405	093
3187	23	12518	093
2035	6	2009	093
12552	23	12525	093
169	6	405	093
1970	6	2040	093
7403	17	5818	093
2903	11	3089	093
205	15	4990	093
3020	23	12514	093
832	1	416	093
2785	9	2520	093
444	1	405	093
473	6	2040	093
2582	9	2520	093
205	6	30	093
488	1	30	093
2845	9	2518	093
636	1	172	093
771	6	30	093
1127	1	846	093
509	6	30	093
3143	11	3087	093
2059	6	2060	093
114	1	116	093
827	15	5088	093
8824	23	2977	093
1478	1	114	093
2681	9	2476	093
857	15	5088	093
734	15	4977	093
6414	23	2935	093
2785	9	2593	093
100	6	30	093
4884	14	3495	093
19	6	2009	093
607	15	4990	093
2207	12	2155	093
2071	6	30	093
8571	23	12518	093
44	6	30	093
2911	9	2482	093
1956	6	2009	093
1588	6	30	093
191	1	30	093
2003	6	30	093
2097	6	30	094
8883	17	6175	094
206	1	207	094
2156	6	30	094
1844	9	2506	094
431	1	189	094
2845	14	3956	094
2644	9	2593	094
199	1	189	094
215	1	189	094
2696	9	2476	094
197	1	189	094
5308	15	5088	094
2718	9	2540	094
2169	6	29	094
492	1	493	094
3025	10	3026	094
3231	12	29	094
2692	9	2476	094
2587	9	2476	094
811	1	416	094
776	1	493	094
2047	6	171	094
1850	23	2951	094
2911	9	2484	094
55	6	30	094
2077	6	2060	094
3113	11	3102	094
2089	6	116	094
3237	12	116	094
2079	6	30	094
702	6	28	094
2744	10	2924	094
1894	23	2920	094
728	1	405	094
3219	12	2027	094
5324	15	5088	094
494	1	28	094
1502	1	416	094
3242	12	2009	094
213	1	189	094
8516	23	2981	094
600	15	5088	094
610	1	416	094
443	1	416	094
717	1	636	094
473	1	416	094
5133	15	5088	094
831	1	416	094
613	1	416	094
2090	6	116	094
5159	15	5088	094
845	1	28	094
2130	6	2009	094
2080	6	116	094
1394	6	115	094
6414	23	2935	094
846	1	397	094
2530	14	3431	094
2671	9	2672	094
2105	6	30	094
921	6	30	094
178	6	116	094
1644	1	207	094
2530	14	3431	094
198	1	189	094
178	1	179	094
2082	15	5057	094
2558	9	2482	094
8301	23	3060	094
3197	12	2120	094
2	6	30	094
2845	10	2977	094
188	1	189	094
1133	6	30	094
172	1	402	094
818	1	416	094
2140	6	2009	094
919	1	921	094
2744	9	2593	094
4918	14	3431	094
3053	23	12505	094
1912	6	405	094
2793	10	2924	094
598	6	30	094
675	6	405	094
812	1	416	094
3815	14	3495	094
588	6	30	094
1871	12	2155	094
2037	6	2009	094
3172	23	3027	094
25	15	5024	094
2301	23	2951	094
196	1	189	094
3224	12	116	094
3214	12	2120	094
284	1	189	094
4953	14	3523	094
675	15	4990	094
2207	23	12514	094
2085	15	5057	094
921	1	30	094
2809	17	5818	094
2113	6	29	094
810	1	416	094
720	1	28	094
711	1	28	094
310	15	5088	094
88	6	30	094
659	1	341	094
1975	6	2009	094
675	15	5120	094
822	1	416	094
88	1	90	094
702	1	28	094
309	15	5088	094
658	1	173	094
25	15	4990	094
25	6	30	094
578	1	28	094
1110	15	5120	094
1983	6	405	094
1957	6	405	094
44	5	25	094
260	1	189	094
195	1	189	094
728	15	4988	094
1958	6	2009	094
1133	15	4990	094
630	6	30	094
2789	9	2705	094
3866	14	3487	094
2159	6	30	094
2301	23	12535	094
734	15	4977	094
800	1	416	094
1850	23	2951	094
3101	11	3102	094
205	1	207	094
1841	23	2997	094
759	1	28	094
492	15	5088	094
509	15	4977	094
1592	6	30	094
597	15	5088	094
2832	9	2606	094
3064	23	12505	094
2126	6	2009	094
3209	12	30	094
2049	6	30	094
83	1	84	094
3230	12	116	094
1930	15	4977	094
3232	12	29	094
47	6	30	094
1100	6	28	094
8730	23	2951	094
2030	6	2009	094
2094	6	2040	094
2014	15	5057	094
2587	9	2588	094
2702	9	2705	094
4654	14	3786	094
5148	15	5088	094
5348	15	5088	094
2020	6	2009	094
2836	9	2705	094
3228	12	117	094
2809	17	5817	094
769	1	28	094
415	1	416	094
2718	9	2482	094
191	6	30	094
3050	10	2924	094
786	15	5088	094
40	6	1439	094
2675	9	2476	094
212	1	189	094
2171	6	116	094
776	15	5088	094
1860	10	2932	094
5158	15	5088	094
396	6	30	094
2125	6	2009	094
3190	12	2120	094
2837	9	2482	094
211	1	189	094
4227	14	3496	094
2164	6	116	094
2124	6	116	094
229	15	5057	094
3193	12	2155	094
1983	15	5024	094
399	1	405	094
2693	12	28	094
428	6	405	094
2978	10	2924	094
1417	15	5088	094
85	6	116	094
303	1	416	094
284	6	2040	094
8730	23	3026	094
2074	6	405	094
3187	23	12518	094
2035	6	2009	094
12552	23	12525	094
169	6	405	094
1970	6	2040	094
7403	17	5818	094
2903	11	3089	094
205	15	4990	094
3020	23	12514	094
832	1	416	094
2785	9	2520	094
444	1	405	094
473	6	2040	094
2582	9	2520	094
205	6	30	094
488	1	30	094
2845	9	2518	094
636	1	172	094
771	6	30	094
1127	1	846	094
509	6	30	094
3143	11	3087	094
2059	6	2060	094
114	1	116	094
827	15	5088	094
8824	23	2977	094
1478	1	114	094
2681	9	2476	094
857	15	5088	094
734	15	4977	094
6414	23	2935	094
2785	9	2593	094
100	6	30	094
19	6	2009	094
607	15	4990	094
2207	12	2155	094
2071	6	30	094
8571	23	12518	094
44	6	30	094
3590	14	3592	094
2911	9	2482	094
1956	6	2009	094
1588	6	30	094
191	1	30	094
2003	6	30	094
2097	6	30	095
206	1	207	095
2156	6	30	095
1844	9	2506	095
431	1	189	095
2845	14	3956	095
2644	9	2593	095
199	1	189	095
215	1	189	095
2696	9	2476	095
197	1	189	095
5308	15	5088	095
2718	9	2540	095
2169	6	29	095
492	1	493	095
3025	10	3026	095
3231	12	29	095
2692	9	2476	095
2587	9	2476	095
811	1	416	095
776	1	493	095
2047	6	171	095
1850	23	2951	095
2911	9	2484	095
55	6	30	095
2077	6	2060	095
3113	11	3102	095
2089	6	116	095
3237	12	116	095
2079	6	30	095
702	6	28	095
2773	9	2517	095
2744	10	2924	095
1894	23	2920	095
728	1	405	095
3219	12	2027	095
5324	15	5088	095
494	1	28	095
1502	1	416	095
3242	12	2009	095
213	1	189	095
8516	23	2981	095
600	15	5088	095
610	1	416	095
443	1	416	095
717	1	636	095
473	1	416	095
5133	15	5088	095
831	1	416	095
613	1	416	095
2090	6	116	095
5159	15	5088	095
845	1	28	095
2130	6	2009	095
2080	6	116	095
1394	6	115	095
6414	23	2935	095
846	1	397	095
2530	14	3431	095
2671	9	2672	095
2105	6	30	095
921	6	30	095
178	6	116	095
1644	1	207	095
2530	14	3431	095
198	1	189	095
178	1	179	095
2082	15	5057	095
2558	9	2482	095
8301	23	3060	095
3197	12	2120	095
2	6	30	095
2845	10	2977	095
188	1	189	095
1133	6	30	095
172	1	402	095
818	1	416	095
2140	6	2009	095
919	1	921	095
2744	9	2593	095
4918	14	3431	095
3053	23	12505	095
1912	6	405	095
2793	10	2924	095
598	6	30	095
675	6	405	095
812	1	416	095
3815	14	3495	095
588	6	30	095
1871	12	2155	095
2037	6	2009	095
3172	23	3027	095
25	15	5024	095
2301	23	2951	095
196	1	189	095
3224	12	116	095
3214	12	2120	095
284	1	189	095
4953	14	3523	095
4395	14	3496	095
675	15	4990	095
2207	23	12514	095
2085	15	5057	095
921	1	30	095
2809	17	5818	095
2113	6	29	095
810	1	416	095
720	1	28	095
711	1	28	095
310	15	5088	095
88	6	30	095
659	1	341	095
1975	6	2009	095
675	15	5120	095
822	1	416	095
88	1	90	095
702	1	28	095
309	15	5088	095
658	1	173	095
25	15	4990	095
25	6	30	095
578	1	28	095
1110	15	5120	095
1983	6	405	095
1957	6	405	095
44	5	25	095
260	1	189	095
195	1	189	095
728	15	4988	095
1958	6	2009	095
1133	15	4990	095
630	6	30	095
2789	9	2705	095
3866	14	3487	095
2159	6	30	095
2582	17	5873	095
2301	23	12535	095
734	15	4977	095
800	1	416	095
1850	23	2951	095
3101	11	3102	095
205	1	207	095
1841	23	2997	095
759	1	28	095
492	15	5088	095
509	15	4977	095
1592	6	30	095
597	15	5088	095
2832	9	2606	095
3064	23	12505	095
2126	6	2009	095
3209	12	30	095
2049	6	30	095
83	1	84	095
3230	12	116	095
1930	15	4977	095
3232	12	29	095
47	6	30	095
1100	6	28	095
8730	23	2951	095
2030	6	2009	095
2094	6	2040	095
2014	15	5057	095
2587	9	2588	095
2702	9	2705	095
4654	14	3786	095
5148	15	5088	095
5348	15	5088	095
2020	6	2009	095
2836	9	2705	095
3228	12	117	095
2809	17	5817	095
769	1	28	095
415	1	416	095
169	1	173	095
2718	9	2482	095
191	6	30	095
3050	10	2924	095
786	15	5088	095
40	6	1439	095
2675	9	2476	095
212	1	189	095
2171	6	116	095
776	15	5088	095
1860	10	2932	095
5158	15	5088	095
396	6	30	095
2125	6	2009	095
3190	12	2120	095
2837	9	2482	095
211	1	189	095
4227	14	3496	095
2164	6	116	095
2124	6	116	095
229	15	5057	095
3193	12	2155	095
1983	15	5024	095
399	1	405	095
2693	12	28	095
428	6	405	095
2978	10	2924	095
1417	15	5088	095
85	6	116	095
303	1	416	095
284	6	2040	095
8730	23	3026	095
2074	6	405	095
3187	23	12518	095
2035	6	2009	095
12552	23	12525	095
169	6	405	095
1970	6	2040	095
7403	17	5818	095
2903	11	3089	095
205	15	4990	095
3020	23	12514	095
832	1	416	095
2785	9	2520	095
444	1	405	095
473	6	2040	095
2582	9	2520	095
205	6	30	095
488	1	30	095
2845	9	2518	095
636	1	172	095
771	6	30	095
1127	1	846	095
509	6	30	095
3143	11	3087	095
2059	6	2060	095
114	1	116	095
827	15	5088	095
8824	23	2977	095
1478	1	114	095
2681	9	2476	095
857	15	5088	095
734	15	4977	095
6414	23	2935	095
2895	9	2517	095
2785	9	2593	095
100	6	30	095
19	6	2009	095
607	15	4990	095
2207	12	2155	095
2071	6	30	095
8571	23	12518	095
44	6	30	095
3590	14	3592	095
2911	9	2482	095
1956	6	2009	095
1588	6	30	095
191	1	30	095
2003	6	30	095
2097	6	30	096
206	1	207	096
2156	6	30	096
431	1	189	096
2845	14	3956	096
2644	9	2593	096
199	1	189	096
215	1	189	096
2696	9	2476	096
197	1	189	096
5308	15	5088	096
2718	9	2540	096
2169	6	29	096
492	1	493	096
3025	10	3026	096
3231	12	29	096
2692	9	2476	096
2587	9	2476	096
811	1	416	096
776	1	493	096
2047	6	171	096
1850	23	2951	096
2911	9	2484	096
55	6	30	096
2077	6	2060	096
3113	11	3102	096
2089	6	116	096
3237	12	116	096
2079	6	30	096
702	6	28	096
2773	9	2517	096
2744	10	2924	096
1894	23	2920	096
728	1	405	096
3219	12	2027	096
5324	15	5088	096
494	1	28	096
1502	1	416	096
3242	12	2009	096
213	1	189	096
8516	23	2981	096
600	15	5088	096
610	1	416	096
443	1	416	096
717	1	636	096
473	1	416	096
5133	15	5088	096
831	1	416	096
613	1	416	096
2090	6	116	096
5159	15	5088	096
845	1	28	096
2130	6	2009	096
2080	6	116	096
1394	6	115	096
6414	23	2935	096
846	1	397	096
2530	14	3431	096
2671	9	2672	096
2105	6	30	096
921	6	30	096
178	6	116	096
1644	1	207	096
2530	14	3431	096
198	1	189	096
178	1	179	096
2082	15	5057	096
2558	9	2482	096
8301	23	3060	096
3197	12	2120	096
2	6	30	096
2845	10	2977	096
188	1	189	096
1133	6	30	096
172	1	402	096
818	1	416	096
2140	6	2009	096
919	1	921	096
2744	9	2593	096
4918	14	3431	096
2516	9	2484	096
3053	23	12505	096
1912	6	405	096
2793	10	2924	096
598	6	30	096
675	6	405	096
812	1	416	096
3815	14	3495	096
588	6	30	096
1871	12	2155	096
2037	6	2009	096
3172	23	3027	096
2894	9	2540	096
25	15	5024	096
2301	23	2951	096
196	1	189	096
3224	12	116	096
3214	12	2120	096
284	1	189	096
4953	14	3523	096
4395	14	3496	096
675	15	4990	096
2207	23	12514	096
2085	15	5057	096
921	1	30	096
2809	17	5818	096
2113	6	29	096
810	1	416	096
720	1	28	096
711	1	28	096
310	15	5088	096
88	6	30	096
659	1	341	096
1975	6	2009	096
675	15	5120	096
822	1	416	096
88	1	90	096
702	1	28	096
309	15	5088	096
658	1	173	096
25	15	4990	096
25	6	30	096
578	1	28	096
1110	15	5120	096
1983	6	405	096
8983	17	5817	096
1957	6	405	096
44	5	25	096
260	1	189	096
195	1	189	096
728	15	4988	096
1958	6	2009	096
1133	15	4990	096
630	6	30	096
2789	9	2705	096
3866	14	3487	096
2159	6	30	096
2301	23	12535	096
734	15	4977	096
800	1	416	096
1850	23	2951	096
3101	11	3102	096
205	1	207	096
1841	23	2997	096
759	1	28	096
492	15	5088	096
509	15	4977	096
1592	6	30	096
597	15	5088	096
2832	9	2606	096
3064	23	12505	096
2126	6	2009	096
3209	12	30	096
2049	6	30	096
83	1	84	096
3230	12	116	096
1930	15	4977	096
3232	12	29	096
47	6	30	096
1100	6	28	096
8730	23	2951	096
2030	6	2009	096
2094	6	2040	096
2014	15	5057	096
2587	9	2588	096
2702	9	2705	096
4654	14	3786	096
5148	15	5088	096
5348	15	5088	096
2020	6	2009	096
2836	9	2705	096
3228	12	117	096
2809	17	5817	096
769	1	28	096
415	1	416	096
169	1	173	096
2718	9	2482	096
191	6	30	096
3050	10	2924	096
786	15	5088	096
40	6	1439	096
2675	9	2476	096
212	1	189	096
2171	6	116	096
776	15	5088	096
1860	10	2932	096
5158	15	5088	096
396	6	30	096
2125	6	2009	096
3190	12	2120	096
2837	9	2482	096
211	1	189	096
4227	14	3496	096
2164	6	116	096
2124	6	116	096
229	15	5057	096
3193	12	2155	096
1983	15	5024	096
399	1	405	096
2693	12	28	096
428	6	405	096
2978	10	2924	096
1417	15	5088	096
85	6	116	096
303	1	416	096
284	6	2040	096
8730	23	3026	096
2074	6	405	096
3187	23	12518	096
2035	6	2009	096
12552	23	12525	096
169	6	405	096
1970	6	2040	096
7403	17	5818	096
2903	11	3089	096
205	15	4990	096
3020	23	12514	096
832	1	416	096
2785	9	2520	096
444	1	405	096
473	6	2040	096
2582	9	2520	096
205	6	30	096
488	1	30	096
2845	9	2518	096
636	1	172	096
771	6	30	096
1127	1	846	096
509	6	30	096
3143	11	3087	096
2059	6	2060	096
114	1	116	096
827	15	5088	096
8824	23	2977	096
1478	1	114	096
2681	9	2476	096
857	15	5088	096
734	15	4977	096
6414	23	2935	096
2895	9	2517	096
2785	9	2593	096
100	6	30	096
19	6	2009	096
607	15	4990	096
2207	12	2155	096
2071	6	30	096
8571	23	12518	096
44	6	30	096
3590	14	3592	096
2911	9	2482	096
1956	6	2009	096
1588	6	30	096
191	1	30	096
2558	9	2540	096
2003	6	30	096
2097	6	30	097
206	1	207	097
2156	6	30	097
431	1	189	097
2845	14	3956	097
2644	9	2593	097
199	1	189	097
215	1	189	097
2696	9	2476	097
197	1	189	097
5308	15	5088	097
2718	9	2540	097
2169	6	29	097
492	1	493	097
3025	10	3026	097
3231	12	29	097
2692	9	2476	097
2587	9	2476	097
811	1	416	097
776	1	493	097
2047	6	171	097
1850	23	2951	097
2911	9	2484	097
55	6	30	097
2077	6	2060	097
3113	11	3102	097
2089	6	116	097
3237	12	116	097
2079	6	30	097
702	6	28	097
2773	9	2517	097
2744	10	2924	097
1894	23	2920	097
728	1	405	097
3219	12	2027	097
5324	15	5088	097
494	1	28	097
1502	1	416	097
3242	12	2009	097
213	1	189	097
8516	23	2981	097
600	15	5088	097
610	1	416	097
443	1	416	097
717	1	636	097
473	1	416	097
5133	15	5088	097
831	1	416	097
613	1	416	097
2090	6	116	097
5159	15	5088	097
845	1	28	097
2130	6	2009	097
2080	6	116	097
1394	6	115	097
6414	23	2935	097
846	1	397	097
2530	14	3431	097
2671	9	2672	097
2105	6	30	097
921	6	30	097
178	6	116	097
1644	1	207	097
2530	14	3431	097
198	1	189	097
178	1	179	097
2082	15	5057	097
2558	9	2482	097
8301	23	3060	097
3197	12	2120	097
2	6	30	097
2845	10	2977	097
188	1	189	097
1133	6	30	097
172	1	402	097
818	1	416	097
2140	6	2009	097
919	1	921	097
2744	9	2593	097
4918	14	3431	097
2516	9	2484	097
3053	23	12505	097
1912	6	405	097
2793	10	2924	097
598	6	30	097
675	6	405	097
812	1	416	097
3815	14	3495	097
588	6	30	097
1871	12	2155	097
2037	6	2009	097
3172	23	3027	097
2894	9	2540	097
25	15	5024	097
2301	23	2951	097
196	1	189	097
3224	12	116	097
3214	12	2120	097
284	1	189	097
4953	14	3523	097
4395	14	3496	097
675	15	4990	097
2207	23	12514	097
2085	15	5057	097
921	1	30	097
2809	17	5818	097
2113	6	29	097
2605	23	3268	097
810	1	416	097
720	1	28	097
711	1	28	097
310	15	5088	097
88	6	30	097
659	1	341	097
1975	6	2009	097
675	15	5120	097
822	1	416	097
88	1	90	097
702	1	28	097
309	15	5088	097
658	1	173	097
25	15	4990	097
25	6	30	097
578	1	28	097
1110	15	5120	097
1983	6	405	097
1957	6	405	097
44	5	25	097
260	1	189	097
195	1	189	097
728	15	4988	097
1958	6	2009	097
1133	15	4990	097
630	6	30	097
2789	9	2705	097
3866	14	3487	097
2159	6	30	097
2301	23	12535	097
734	15	4977	097
800	1	416	097
1850	23	2951	097
3101	11	3102	097
205	1	207	097
1841	23	2997	097
759	1	28	097
492	15	5088	097
509	15	4977	097
1592	6	30	097
597	15	5088	097
2832	9	2606	097
3064	23	12505	097
2126	6	2009	097
3209	12	30	097
2049	6	30	097
83	1	84	097
3230	12	116	097
1930	15	4977	097
7436	17	5816	097
3232	12	29	097
47	6	30	097
1100	6	28	097
8730	23	2951	097
2030	6	2009	097
2094	6	2040	097
2014	15	5057	097
2587	9	2588	097
2702	9	2705	097
4654	14	3786	097
5148	15	5088	097
5348	15	5088	097
2020	6	2009	097
2836	9	2705	097
3228	12	117	097
2809	17	5817	097
769	1	28	097
415	1	416	097
169	1	173	097
2718	9	2482	097
191	6	30	097
3050	10	2924	097
786	15	5088	097
40	6	1439	097
2675	9	2476	097
212	1	189	097
2171	6	116	097
776	15	5088	097
1860	10	2932	097
5158	15	5088	097
396	6	30	097
2125	6	2009	097
3190	12	2120	097
2837	9	2482	097
211	1	189	097
4227	14	3496	097
2164	6	116	097
2124	6	116	097
229	15	5057	097
3193	12	2155	097
1983	15	5024	097
399	1	405	097
2693	12	28	097
428	6	405	097
2978	10	2924	097
1417	15	5088	097
85	6	116	097
303	1	416	097
284	6	2040	097
8730	23	3026	097
2074	6	405	097
3187	23	12518	097
2035	6	2009	097
12552	23	12525	097
169	6	405	097
1970	6	2040	097
7403	17	5818	097
2903	11	3089	097
205	15	4990	097
3020	23	12514	097
832	1	416	097
2785	9	2520	097
444	1	405	097
473	6	2040	097
2582	9	2520	097
205	6	30	097
488	1	30	097
2845	9	2518	097
636	1	172	097
771	6	30	097
1127	1	846	097
509	6	30	097
3143	11	3087	097
2059	6	2060	097
114	1	116	097
827	15	5088	097
8824	23	2977	097
1478	1	114	097
2681	9	2476	097
857	15	5088	097
734	15	4977	097
6414	23	2935	097
2895	9	2517	097
2785	9	2593	097
100	6	30	097
19	6	2009	097
607	15	4990	097
2207	12	2155	097
2071	6	30	097
8571	23	12518	097
44	6	30	097
3590	14	3592	097
2911	9	2482	097
1956	6	2009	097
1588	6	30	097
191	1	30	097
2558	9	2540	097
2003	6	30	097
2773	14	3641	098
2097	6	30	098
206	1	207	098
2156	6	30	098
431	1	189	098
2845	14	3956	098
2644	9	2593	098
199	1	189	098
215	1	189	098
2696	9	2476	098
197	1	189	098
5308	15	5088	098
2718	9	2540	098
2169	6	29	098
492	1	493	098
3025	10	3026	098
3231	12	29	098
2692	9	2476	098
2587	9	2476	098
811	1	416	098
776	1	493	098
2047	6	171	098
1850	23	2951	098
2911	9	2484	098
55	6	30	098
2077	6	2060	098
3113	11	3102	098
2089	6	116	098
3237	12	116	098
2079	6	30	098
702	6	28	098
2773	9	2517	098
2744	10	2924	098
1894	23	2920	098
728	1	405	098
3219	12	2027	098
5324	15	5088	098
494	1	28	098
1502	1	416	098
3242	12	2009	098
213	1	189	098
8516	23	2981	098
600	15	5088	098
610	1	416	098
443	1	416	098
717	1	636	098
473	1	416	098
5133	15	5088	098
831	1	416	098
613	1	416	098
2090	6	116	098
5159	15	5088	098
845	1	28	098
2130	6	2009	098
2080	6	116	098
1394	6	115	098
6414	23	2935	098
846	1	397	098
2530	14	3431	098
2671	9	2672	098
2105	6	30	098
921	6	30	098
178	6	116	098
1644	1	207	098
2530	14	3431	098
198	1	189	098
178	1	179	098
2082	15	5057	098
2558	9	2482	098
8301	23	3060	098
3197	12	2120	098
2	6	30	098
2845	10	2977	098
188	1	189	098
1133	6	30	098
172	1	402	098
818	1	416	098
2140	6	2009	098
919	1	921	098
2744	9	2593	098
4918	14	3431	098
2516	9	2484	098
3053	23	12505	098
1912	6	405	098
2793	10	2924	098
598	6	30	098
675	6	405	098
812	1	416	098
3815	14	3495	098
588	6	30	098
1871	12	2155	098
2037	6	2009	098
3172	23	3027	098
2894	9	2540	098
25	15	5024	098
2301	23	2951	098
196	1	189	098
3224	12	116	098
3214	12	2120	098
284	1	189	098
4953	14	3523	098
4395	14	3496	098
675	15	4990	098
2207	23	12514	098
2085	15	5057	098
921	1	30	098
2809	17	5818	098
2113	6	29	098
2605	23	3268	098
810	1	416	098
720	1	28	098
711	1	28	098
310	15	5088	098
88	6	30	098
659	1	341	098
1975	6	2009	098
675	15	5120	098
822	1	416	098
88	1	90	098
702	1	28	098
309	15	5088	098
658	1	173	098
25	15	4990	098
25	6	30	098
578	1	28	098
1110	15	5120	098
1983	6	405	098
1957	6	405	098
44	5	25	098
260	1	189	098
195	1	189	098
728	15	4988	098
1958	6	2009	098
1133	15	4990	098
630	6	30	098
2789	9	2705	098
3866	14	3487	098
2159	6	30	098
2301	23	12535	098
734	15	4977	098
800	1	416	098
1850	23	2951	098
3101	11	3102	098
205	1	207	098
1841	23	2997	098
759	1	28	098
492	15	5088	098
509	15	4977	098
1592	6	30	098
597	15	5088	098
2832	9	2606	098
3064	23	12505	098
2126	6	2009	098
3209	12	30	098
2049	6	30	098
83	1	84	098
3230	12	116	098
1930	15	4977	098
3232	12	29	098
47	6	30	098
1100	6	28	098
8730	23	2951	098
2030	6	2009	098
2094	6	2040	098
2014	15	5057	098
2587	9	2588	098
2702	9	2705	098
5148	15	5088	098
5348	15	5088	098
2020	6	2009	098
2836	9	2705	098
3228	12	117	098
2809	17	5817	098
769	1	28	098
415	1	416	098
169	1	173	098
2718	9	2482	098
191	6	30	098
3050	10	2924	098
786	15	5088	098
40	6	1439	098
2675	9	2476	098
212	1	189	098
2171	6	116	098
776	15	5088	098
1860	10	2932	098
5158	15	5088	098
396	6	30	098
2125	6	2009	098
2793	9	2476	098
3190	12	2120	098
2837	9	2482	098
211	1	189	098
2164	6	116	098
2124	6	116	098
229	15	5057	098
3193	12	2155	098
1983	15	5024	098
399	1	405	098
2693	12	28	098
428	6	405	098
2978	10	2924	098
1417	15	5088	098
85	6	116	098
303	1	416	098
284	6	2040	098
8730	23	3026	098
1844	4	1833	098
2074	6	405	098
3187	23	12518	098
2035	6	2009	098
12552	23	12525	098
169	6	405	098
1970	6	2040	098
7403	17	5818	098
2903	11	3089	098
205	15	4990	098
3020	23	12514	098
832	1	416	098
2785	9	2520	098
444	1	405	098
473	6	2040	098
1911	23	12505	098
2582	9	2520	098
205	6	30	098
488	1	30	098
2845	9	2518	098
636	1	172	098
771	6	30	098
1127	1	846	098
509	6	30	098
3143	11	3087	098
2059	6	2060	098
114	1	116	098
827	15	5088	098
8824	23	2977	098
1478	1	114	098
2681	9	2476	098
857	15	5088	098
734	15	4977	098
6414	23	2935	098
2895	9	2517	098
2785	9	2593	098
100	6	30	098
19	6	2009	098
607	15	4990	098
2207	12	2155	098
2071	6	30	098
8571	23	12518	098
44	6	30	098
2911	9	2482	098
1956	6	2009	098
1588	6	30	098
191	1	30	098
2558	9	2540	098
2003	6	30	098
2773	14	3641	099
2097	6	30	099
206	1	207	099
2156	6	30	099
431	1	189	099
2845	14	3956	099
2644	9	2593	099
199	1	189	099
215	1	189	099
2696	9	2476	099
197	1	189	099
5308	15	5088	099
2718	9	2540	099
2169	6	29	099
492	1	493	099
3025	10	3026	099
3231	12	29	099
2692	9	2476	099
2587	9	2476	099
811	1	416	099
776	1	493	099
2047	6	171	099
1850	23	2951	099
2911	9	2484	099
55	6	30	099
2077	6	2060	099
3113	11	3102	099
2089	6	116	099
3237	12	116	099
2079	6	30	099
702	6	28	099
2773	9	2517	099
2744	10	2924	099
1894	23	2920	099
728	1	405	099
3219	12	2027	099
5324	15	5088	099
494	1	28	099
1502	1	416	099
3242	12	2009	099
213	1	189	099
8516	23	2981	099
600	15	5088	099
610	1	416	099
443	1	416	099
717	1	636	099
473	1	416	099
5133	15	5088	099
831	1	416	099
613	1	416	099
2090	6	116	099
5159	15	5088	099
845	1	28	099
2130	6	2009	099
2080	6	116	099
1394	6	115	099
6414	23	2935	099
846	1	397	099
2530	14	3431	099
2671	9	2672	099
2105	6	30	099
921	6	30	099
178	6	116	099
1644	1	207	099
2530	14	3431	099
198	1	189	099
178	1	179	099
2082	15	5057	099
2558	9	2482	099
8301	23	3060	099
3197	12	2120	099
2	6	30	099
2845	10	2977	099
188	1	189	099
1133	6	30	099
172	1	402	099
818	1	416	099
2140	6	2009	099
919	1	921	099
2744	9	2593	099
4918	14	3431	099
2516	9	2484	099
3053	23	12505	099
1912	6	405	099
2793	10	2924	099
598	6	30	099
675	6	405	099
812	1	416	099
3815	14	3495	099
1841	4	1842	099
588	6	30	099
1871	12	2155	099
2037	6	2009	099
3172	23	3027	099
2894	9	2540	099
25	15	5024	099
2301	23	2951	099
196	1	189	099
3224	12	116	099
3214	12	2120	099
284	1	189	099
4953	14	3523	099
4395	14	3496	099
675	15	4990	099
2207	23	12514	099
2085	15	5057	099
921	1	30	099
2809	17	5818	099
2113	6	29	099
2605	23	3268	099
810	1	416	099
720	1	28	099
711	1	28	099
310	15	5088	099
88	6	30	099
659	1	341	099
1975	6	2009	099
2883	9	2482	099
675	15	5120	099
2516	9	2517	099
822	1	416	099
88	1	90	099
702	1	28	099
309	15	5088	099
658	1	173	099
25	15	4990	099
25	6	30	099
578	1	28	099
1110	15	5120	099
1983	6	405	099
1957	6	405	099
44	5	25	099
260	1	189	099
195	1	189	099
728	15	4988	099
1958	6	2009	099
1133	15	4990	099
630	6	30	099
2789	9	2705	099
3866	14	3487	099
2159	6	30	099
2301	23	12535	099
734	15	4977	099
800	1	416	099
1850	23	2951	099
3101	11	3102	099
205	1	207	099
1841	23	2997	099
2761	9	2517	099
759	1	28	099
492	15	5088	099
509	15	4977	099
1592	6	30	099
597	15	5088	099
2832	9	2606	099
3064	23	12505	099
2126	6	2009	099
3209	12	30	099
2049	6	30	099
83	1	84	099
3230	12	116	099
1930	15	4977	099
3232	12	29	099
47	6	30	099
1100	6	28	099
8730	23	2951	099
2030	6	2009	099
2094	6	2040	099
2014	15	5057	099
2587	9	2588	099
2702	9	2705	099
5148	15	5088	099
5348	15	5088	099
2020	6	2009	099
2836	9	2705	099
3228	12	117	099
2809	17	5817	099
769	1	28	099
415	1	416	099
169	1	173	099
2718	9	2482	099
191	6	30	099
3050	10	2924	099
786	15	5088	099
40	6	1439	099
2675	9	2476	099
212	1	189	099
2171	6	116	099
776	15	5088	099
1860	10	2932	099
5158	15	5088	099
396	6	30	099
2125	6	2009	099
4689	14	3431	099
2793	9	2476	099
3190	12	2120	099
2837	9	2482	099
211	1	189	099
2164	6	116	099
2124	6	116	099
229	15	5057	099
3193	12	2155	099
2883	9	2517	099
1983	15	5024	099
399	1	405	099
2693	12	28	099
428	6	405	099
2978	10	2924	099
1417	15	5088	099
85	6	116	099
303	1	416	099
284	6	2040	099
636	1	479	099
8730	23	3026	099
2074	6	405	099
3187	23	12518	099
2035	6	2009	099
12552	23	12525	099
169	6	405	099
2880	9	2517	099
1970	6	2040	099
7403	17	5818	099
2903	11	3089	099
205	15	4990	099
3020	23	12514	099
832	1	416	099
2785	9	2520	099
444	1	405	099
473	6	2040	099
1911	23	12505	099
2582	9	2520	099
205	6	30	099
488	1	30	099
2845	9	2518	099
636	1	172	099
771	6	30	099
1127	1	846	099
509	6	30	099
3143	11	3087	099
2059	6	2060	099
114	1	116	099
827	15	5088	099
8824	23	2977	099
1478	1	114	099
2681	9	2476	099
857	15	5088	099
734	15	4977	099
1424	1	479	099
6414	23	2935	099
2895	9	2517	099
2785	9	2593	099
100	6	30	099
19	6	2009	099
607	15	4990	099
2207	12	2155	099
2071	6	30	099
8571	23	12518	099
1860	9	2517	099
44	6	30	099
2911	9	2482	099
1956	6	2009	099
1588	6	30	099
191	1	30	099
2558	9	2540	099
2003	6	30	099
2773	14	3641	100
2097	6	30	100
206	1	207	100
2156	6	30	100
431	1	189	100
2845	14	3956	100
2644	9	2593	100
199	1	189	100
215	1	189	100
2696	9	2476	100
197	1	189	100
5308	15	5088	100
2718	9	2540	100
2169	6	29	100
492	1	493	100
3025	10	3026	100
3231	12	29	100
2692	9	2476	100
3754	14	3737	100
2587	9	2476	100
811	1	416	100
776	1	493	100
2047	6	171	100
1850	23	2951	100
2911	9	2484	100
55	6	30	100
2077	6	2060	100
3113	11	3102	100
2089	6	116	100
3237	12	116	100
2079	6	30	100
702	6	28	100
2773	9	2517	100
1894	23	2920	100
728	1	405	100
3219	12	2027	100
5324	15	5088	100
494	1	28	100
1502	1	416	100
3242	12	2009	100
213	1	189	100
8516	23	2981	100
600	15	5088	100
610	1	416	100
443	1	416	100
717	1	636	100
473	1	416	100
5133	15	5088	100
831	1	416	100
613	1	416	100
2090	6	116	100
5159	15	5088	100
845	1	28	100
2130	6	2009	100
2080	6	116	100
1394	6	115	100
6414	23	2935	100
846	1	397	100
2671	9	2672	100
2105	6	30	100
921	6	30	100
178	6	116	100
1644	1	207	100
2530	14	3431	100
198	1	189	100
178	1	179	100
2082	15	5057	100
2558	9	2482	100
8301	23	3060	100
3197	12	2120	100
2	6	30	100
2845	10	2977	100
188	1	189	100
1133	6	30	100
172	1	402	100
818	1	416	100
2140	6	2009	100
919	1	921	100
2744	9	2593	100
4918	14	3431	100
2516	9	2484	100
3053	23	12505	100
1912	6	405	100
2793	10	2924	100
598	6	30	100
675	6	405	100
812	1	416	100
3815	14	3495	100
588	6	30	100
1871	12	2155	100
2037	6	2009	100
3172	23	3027	100
2894	9	2540	100
25	15	5024	100
2301	23	2951	100
196	1	189	100
3224	12	116	100
3214	12	2120	100
284	1	189	100
4395	14	3496	100
675	15	4990	100
2207	23	12514	100
2085	15	5057	100
921	1	30	100
2809	17	5818	100
2113	6	29	100
2605	23	3268	100
810	1	416	100
720	1	28	100
711	1	28	100
310	15	5088	100
88	6	30	100
659	1	341	100
1975	6	2009	100
2883	9	2482	100
675	15	5120	100
2516	9	2517	100
822	1	416	100
88	1	90	100
702	1	28	100
309	15	5088	100
658	1	173	100
25	15	4990	100
25	6	30	100
578	1	28	100
1110	15	5120	100
1983	6	405	100
1957	6	405	100
44	5	25	100
260	1	189	100
195	1	189	100
728	15	4988	100
1958	6	2009	100
1133	15	4990	100
630	6	30	100
2789	9	2705	100
3866	14	3487	100
2159	6	30	100
2301	23	12535	100
734	15	4977	100
800	1	416	100
1850	23	2951	100
3101	11	3102	100
205	1	207	100
1841	23	2997	100
2761	9	2517	100
759	1	28	100
492	15	5088	100
509	15	4977	100
1592	6	30	100
597	15	5088	100
2832	9	2606	100
3064	23	12505	100
2126	6	2009	100
3209	12	30	100
2049	6	30	100
83	1	84	100
3230	12	116	100
1930	15	4977	100
3232	12	29	100
47	6	30	100
1100	6	28	100
8730	23	2951	100
2030	6	2009	100
2094	6	2040	100
3590	14	3506	100
2014	15	5057	100
2587	9	2588	100
2702	9	2705	100
5148	15	5088	100
5348	15	5088	100
2020	6	2009	100
2836	9	2705	100
3228	12	117	100
8950	17	6245	100
2809	17	5817	100
769	1	28	100
415	1	416	100
169	1	173	100
2718	9	2482	100
191	6	30	100
3050	10	2924	100
786	15	5088	100
40	6	1439	100
2675	9	2476	100
212	1	189	100
2171	6	116	100
776	15	5088	100
1860	10	2932	100
5158	15	5088	100
396	6	30	100
2125	6	2009	100
4689	14	3431	100
2793	9	2476	100
3190	12	2120	100
2837	9	2482	100
211	1	189	100
2164	6	116	100
4435	14	3523	100
2124	6	116	100
229	15	5057	100
3193	12	2155	100
2883	9	2517	100
1983	15	5024	100
399	1	405	100
2693	12	28	100
428	6	405	100
2978	10	2924	100
1417	15	5088	100
85	6	116	100
303	1	416	100
284	6	2040	100
636	1	479	100
8730	23	3026	100
2074	6	405	100
2831	9	2506	100
3187	23	12518	100
2035	6	2009	100
12552	23	12525	100
169	6	405	100
2880	9	2517	100
1970	6	2040	100
7403	17	5818	100
3187	12	2055	100
2903	11	3089	100
205	15	4990	100
3020	23	12514	100
832	1	416	100
2785	9	2520	100
444	1	405	100
473	6	2040	100
1911	23	12505	100
2582	9	2520	100
205	6	30	100
488	1	30	100
2845	9	2518	100
636	1	172	100
771	6	30	100
1127	1	846	100
509	6	30	100
3143	11	3087	100
2059	6	2060	100
114	1	116	100
827	15	5088	100
8824	23	2977	100
1478	1	114	100
2681	9	2476	100
857	15	5088	100
734	15	4977	100
1424	1	479	100
6414	23	2935	100
2895	9	2517	100
2785	9	2593	100
100	6	30	100
19	6	2009	100
607	15	4990	100
2207	12	2155	100
2071	6	30	100
8571	23	12518	100
1860	9	2517	100
44	6	30	100
2911	9	2482	100
1956	6	2009	100
1588	6	30	100
191	1	30	100
2558	9	2540	100
3215	12	2009	100
2003	6	30	100
2773	14	3641	101
2097	6	30	101
206	1	207	101
2156	6	30	101
431	1	189	101
2845	14	3956	101
2644	9	2593	101
199	1	189	101
215	1	189	101
2696	9	2476	101
197	1	189	101
5308	15	5088	101
2718	9	2540	101
2169	6	29	101
492	1	493	101
3025	10	3026	101
3231	12	29	101
2692	9	2476	101
3754	14	3737	101
2587	9	2476	101
811	1	416	101
776	1	493	101
2047	6	171	101
1850	23	2951	101
2911	9	2484	101
55	6	30	101
2077	6	2060	101
3113	11	3102	101
2089	6	116	101
3237	12	116	101
2079	6	30	101
702	6	28	101
2773	9	2517	101
1894	23	2920	101
728	1	405	101
3219	12	2027	101
5324	15	5088	101
494	1	28	101
1502	1	416	101
3242	12	2009	101
213	1	189	101
8516	23	2981	101
600	15	5088	101
610	1	416	101
443	1	416	101
3032	17	5912	101
717	1	636	101
473	1	416	101
5133	15	5088	101
831	1	416	101
613	1	416	101
2090	6	116	101
5159	15	5088	101
845	1	28	101
2130	6	2009	101
2080	6	116	101
1394	6	115	101
6414	23	2935	101
846	1	397	101
2671	9	2672	101
2105	6	30	101
921	6	30	101
178	6	116	101
1644	1	207	101
2530	14	3431	101
198	1	189	101
178	1	179	101
2082	15	5057	101
2558	9	2482	101
8301	23	3060	101
3197	12	2120	101
2	6	30	101
2845	10	2977	101
188	1	189	101
1133	6	30	101
172	1	402	101
818	1	416	101
2140	6	2009	101
919	1	921	101
2744	9	2593	101
4918	14	3431	101
2516	9	2484	101
3053	23	12505	101
1912	6	405	101
2793	10	2924	101
598	6	30	101
675	6	405	101
812	1	416	101
3815	14	3495	101
588	6	30	101
1871	12	2155	101
2037	6	2009	101
3172	23	3027	101
2894	9	2540	101
25	15	5024	101
2301	23	2951	101
196	1	189	101
3224	12	116	101
3214	12	2120	101
284	1	189	101
4395	14	3496	101
675	15	4990	101
2207	23	12514	101
2085	15	5057	101
921	1	30	101
2809	17	5818	101
2113	6	29	101
810	1	416	101
720	1	28	101
711	1	28	101
310	15	5088	101
88	6	30	101
659	1	341	101
1975	6	2009	101
2883	9	2482	101
675	15	5120	101
2516	9	2517	101
822	1	416	101
88	1	90	101
702	1	28	101
309	15	5088	101
658	1	173	101
25	15	4990	101
25	6	30	101
578	1	28	101
1110	15	5120	101
1983	6	405	101
1957	6	405	101
44	5	25	101
260	1	189	101
195	1	189	101
728	15	4988	101
1958	6	2009	101
1133	15	4990	101
630	6	30	101
2789	9	2705	101
3866	14	3487	101
2159	6	30	101
2301	23	12535	101
734	15	4977	101
800	1	416	101
1850	23	2951	101
3101	11	3102	101
205	1	207	101
1841	23	2997	101
2761	9	2517	101
759	1	28	101
492	15	5088	101
509	15	4977	101
1592	6	30	101
597	15	5088	101
2832	9	2606	101
3064	23	12505	101
2126	6	2009	101
3209	12	30	101
2049	6	30	101
83	1	84	101
3230	12	116	101
1930	15	4977	101
3232	12	29	101
47	6	30	101
1100	6	28	101
8730	23	2951	101
2030	6	2009	101
2094	6	2040	101
2014	15	5057	101
2587	9	2588	101
2702	9	2705	101
5148	15	5088	101
5348	15	5088	101
2020	6	2009	101
2836	9	2705	101
3228	12	117	101
2809	17	5817	101
769	1	28	101
415	1	416	101
169	1	173	101
2718	9	2482	101
191	6	30	101
3050	10	2924	101
786	15	5088	101
40	6	1439	101
2675	9	2476	101
212	1	189	101
2171	6	116	101
776	15	5088	101
1860	10	2932	101
5158	15	5088	101
396	6	30	101
2125	6	2009	101
2793	9	2476	101
3190	12	2120	101
2837	9	2482	101
211	1	189	101
2164	6	116	101
4435	14	3523	101
2124	6	116	101
229	15	5057	101
3193	12	2155	101
2883	9	2517	101
1983	15	5024	101
399	1	405	101
2693	12	28	101
428	6	405	101
2978	10	2924	101
1417	15	5088	101
85	6	116	101
303	1	416	101
284	6	2040	101
636	1	479	101
8730	23	3026	101
2074	6	405	101
2831	9	2506	101
3187	23	12518	101
2035	6	2009	101
12552	23	12525	101
169	6	405	101
2880	9	2517	101
1970	6	2040	101
7403	17	5818	101
3187	12	2055	101
2903	11	3089	101
205	15	4990	101
3020	23	12514	101
832	1	416	101
2785	9	2520	101
444	1	405	101
473	6	2040	101
1911	23	12505	101
2582	9	2520	101
205	6	30	101
488	1	30	101
2845	9	2518	101
636	1	172	101
771	6	30	101
1127	1	846	101
509	6	30	101
3143	11	3087	101
2059	6	2060	101
114	1	116	101
827	15	5088	101
8824	23	2977	101
1478	1	114	101
2681	9	2476	101
857	15	5088	101
734	15	4977	101
1424	1	479	101
6414	23	2935	101
2895	9	2517	101
2785	9	2593	101
100	6	30	101
19	6	2009	101
607	15	4990	101
2207	12	2155	101
2071	6	30	101
8571	23	12518	101
1860	9	2517	101
44	6	30	101
2911	9	2482	101
1956	6	2009	101
1588	6	30	101
191	1	30	101
2558	9	2540	101
3215	12	2009	101
2003	6	30	101
2773	14	3641	102
2097	6	30	102
206	1	207	102
2156	6	30	102
431	1	189	102
2845	14	3956	102
2644	9	2593	102
199	1	189	102
215	1	189	102
2696	9	2476	102
197	1	189	102
5308	15	5088	102
2718	9	2540	102
2169	6	29	102
492	1	493	102
3025	10	3026	102
3231	12	29	102
2692	9	2476	102
3754	14	3737	102
2587	9	2476	102
811	1	416	102
776	1	493	102
2047	6	171	102
1850	23	2951	102
2911	9	2484	102
55	6	30	102
2077	6	2060	102
3113	11	3102	102
2089	6	116	102
3237	12	116	102
2079	6	30	102
702	6	28	102
2773	9	2517	102
1894	23	2920	102
728	1	405	102
3219	12	2027	102
5324	15	5088	102
494	1	28	102
1502	1	416	102
8550	17	5873	102
3242	12	2009	102
213	1	189	102
8516	23	2981	102
600	15	5088	102
610	1	416	102
443	1	416	102
717	1	636	102
473	1	416	102
5133	15	5088	102
831	1	416	102
613	1	416	102
2090	6	116	102
5159	15	5088	102
845	1	28	102
2130	6	2009	102
2080	6	116	102
1394	6	115	102
6414	23	2935	102
846	1	397	102
2671	9	2672	102
2105	6	30	102
921	6	30	102
178	6	116	102
1644	1	207	102
2530	14	3431	102
198	1	189	102
178	1	179	102
2082	15	5057	102
2558	9	2482	102
8301	23	3060	102
3197	12	2120	102
2	6	30	102
2845	10	2977	102
188	1	189	102
1133	6	30	102
172	1	402	102
818	1	416	102
2140	6	2009	102
919	1	921	102
2744	9	2593	102
4918	14	3431	102
2516	9	2484	102
3053	23	12505	102
1912	6	405	102
2793	10	2924	102
598	6	30	102
675	6	405	102
812	1	416	102
3815	14	3495	102
588	6	30	102
1871	12	2155	102
2037	6	2009	102
3172	23	3027	102
2894	9	2540	102
25	15	5024	102
2301	23	2951	102
196	1	189	102
3224	12	116	102
3214	12	2120	102
284	1	189	102
675	15	4990	102
2207	23	12514	102
2085	15	5057	102
921	1	30	102
2809	17	5818	102
2113	6	29	102
810	1	416	102
720	1	28	102
711	1	28	102
310	15	5088	102
88	6	30	102
659	1	341	102
1975	6	2009	102
2883	9	2482	102
675	15	5120	102
2516	9	2517	102
822	1	416	102
88	1	90	102
702	1	28	102
309	15	5088	102
658	1	173	102
25	15	4990	102
25	6	30	102
578	1	28	102
1110	15	5120	102
8475	17	6242	102
1983	6	405	102
1957	6	405	102
44	5	25	102
260	1	189	102
195	1	189	102
728	15	4988	102
1958	6	2009	102
1133	15	4990	102
630	6	30	102
2789	9	2705	102
3866	14	3487	102
2159	6	30	102
2301	23	12535	102
734	15	4977	102
800	1	416	102
1850	23	2951	102
3101	11	3102	102
205	1	207	102
1841	23	2997	102
2761	9	2517	102
759	1	28	102
492	15	5088	102
509	15	4977	102
1592	6	30	102
597	15	5088	102
2832	9	2606	102
3064	23	12505	102
2126	6	2009	102
3209	12	30	102
8008	17	5912	102
2049	6	30	102
83	1	84	102
3230	12	116	102
1871	4	1839	102
1930	15	4977	102
3232	12	29	102
47	6	30	102
1100	6	28	102
8730	23	2951	102
2030	6	2009	102
2094	6	2040	102
2014	15	5057	102
2587	9	2588	102
2702	9	2705	102
5148	15	5088	102
5348	15	5088	102
2020	6	2009	102
2836	9	2705	102
3228	12	117	102
2809	17	5817	102
769	1	28	102
415	1	416	102
169	1	173	102
2718	9	2482	102
191	6	30	102
3050	10	2924	102
786	15	5088	102
40	6	1439	102
2675	9	2476	102
212	1	189	102
2171	6	116	102
776	15	5088	102
1860	10	2932	102
5158	15	5088	102
396	6	30	102
4435	14	3636	102
2125	6	2009	102
2793	9	2476	102
3190	12	2120	102
2837	9	2482	102
211	1	189	102
2164	6	116	102
4435	14	3523	102
2124	6	116	102
229	15	5057	102
3193	12	2155	102
2883	9	2517	102
1983	15	5024	102
399	1	405	102
2693	12	28	102
428	6	405	102
2978	10	2924	102
1417	15	5088	102
85	6	116	102
303	1	416	102
284	6	2040	102
636	1	479	102
8730	23	3026	102
2074	6	405	102
2831	9	2506	102
3187	23	12518	102
2035	6	2009	102
12552	23	12525	102
169	6	405	102
2880	9	2517	102
1970	6	2040	102
7403	17	5818	102
3187	12	2055	102
2903	11	3089	102
205	15	4990	102
3020	23	12514	102
832	1	416	102
2785	9	2520	102
444	1	405	102
473	6	2040	102
2582	9	2520	102
205	6	30	102
488	1	30	102
2845	9	2518	102
636	1	172	102
771	6	30	102
1127	1	846	102
509	6	30	102
3143	11	3087	102
2059	6	2060	102
114	1	116	102
827	15	5088	102
8824	23	2977	102
1478	1	114	102
2681	9	2476	102
857	15	5088	102
734	15	4977	102
1424	1	479	102
6414	23	2935	102
2895	9	2517	102
2785	9	2593	102
100	6	30	102
19	6	2009	102
607	15	4990	102
2207	12	2155	102
2071	6	30	102
8571	23	12518	102
1860	9	2517	102
44	6	30	102
2911	9	2482	102
1956	6	2009	102
1588	6	30	102
191	1	30	102
2558	9	2540	102
3215	12	2009	102
2003	6	30	102
2097	6	30	103
206	1	207	103
2156	6	30	103
431	1	189	103
2845	14	3956	103
2644	9	2593	103
199	1	189	103
215	1	189	103
2696	9	2476	103
197	1	189	103
5308	15	5088	103
2718	9	2540	103
2169	6	29	103
492	1	493	103
3231	12	29	103
2692	9	2476	103
3754	14	3737	103
2587	9	2476	103
811	1	416	103
776	1	493	103
2047	6	171	103
1850	23	2951	103
2911	9	2484	103
55	6	30	103
2077	6	2060	103
3113	11	3102	103
2089	6	116	103
3237	12	116	103
2079	6	30	103
702	6	28	103
2773	9	2517	103
1894	23	2920	103
728	1	405	103
3219	12	2027	103
5324	15	5088	103
494	1	28	103
1502	1	416	103
3242	12	2009	103
213	1	189	103
8516	23	2981	103
600	15	5088	103
610	1	416	103
443	1	416	103
717	1	636	103
473	1	416	103
5133	15	5088	103
831	1	416	103
613	1	416	103
2090	6	116	103
5159	15	5088	103
845	1	28	103
2130	6	2009	103
2080	6	116	103
1394	6	115	103
2809	9	2705	103
6414	23	2935	103
846	1	397	103
2671	9	2672	103
2105	6	30	103
921	6	30	103
178	6	116	103
1644	1	207	103
2530	14	3431	103
198	1	189	103
178	1	179	103
2082	15	5057	103
2558	9	2482	103
8301	23	3060	103
3197	12	2120	103
2	6	30	103
2845	10	2977	103
188	1	189	103
1133	6	30	103
172	1	402	103
818	1	416	103
2140	6	2009	103
919	1	921	103
2744	9	2593	103
4918	14	3431	103
2516	9	2484	103
3053	23	12505	103
1912	6	405	103
2793	10	2924	103
598	6	30	103
675	6	405	103
812	1	416	103
3815	14	3495	103
588	6	30	103
1871	12	2155	103
2037	6	2009	103
3172	23	3027	103
2894	9	2540	103
25	15	5024	103
2301	23	2951	103
196	1	189	103
3224	12	116	103
3214	12	2120	103
284	1	189	103
7382	17	6403	103
675	15	4990	103
2207	23	12514	103
2085	15	5057	103
921	1	30	103
2809	17	5818	103
2113	6	29	103
810	1	416	103
720	1	28	103
711	1	28	103
310	15	5088	103
88	6	30	103
659	1	341	103
1975	6	2009	103
2883	9	2482	103
675	15	5120	103
2516	9	2517	103
822	1	416	103
88	1	90	103
702	1	28	103
309	15	5088	103
658	1	173	103
25	15	4990	103
25	6	30	103
578	1	28	103
1110	15	5120	103
1983	6	405	103
1957	6	405	103
44	5	25	103
260	1	189	103
195	1	189	103
728	15	4988	103
1958	6	2009	103
1133	15	4990	103
630	6	30	103
2789	9	2705	103
3866	14	3487	103
2159	6	30	103
2301	23	12535	103
734	15	4977	103
800	1	416	103
1850	23	2951	103
3101	11	3102	103
205	1	207	103
1841	23	2997	103
2761	9	2517	103
759	1	28	103
492	15	5088	103
509	15	4977	103
1592	6	30	103
597	15	5088	103
2832	9	2606	103
3064	23	12505	103
2126	6	2009	103
7382	17	6988	103
3209	12	30	103
2049	6	30	103
83	1	84	103
3230	12	116	103
1930	15	4977	103
3232	12	29	103
47	6	30	103
1100	6	28	103
8730	23	2951	103
2030	6	2009	103
2094	6	2040	103
2014	15	5057	103
2587	9	2588	103
2702	9	2705	103
5148	15	5088	103
5348	15	5088	103
2020	6	2009	103
2836	9	2705	103
3228	12	117	103
2809	17	5817	103
769	1	28	103
415	1	416	103
169	1	173	103
2718	9	2482	103
191	6	30	103
3050	10	2924	103
786	15	5088	103
40	6	1439	103
8950	17	6623	103
2675	9	2476	103
212	1	189	103
2171	6	116	103
776	15	5088	103
1860	10	2932	103
5158	15	5088	103
396	6	30	103
4435	14	3636	103
2125	6	2009	103
2793	9	2476	103
3190	12	2120	103
2837	9	2482	103
211	1	189	103
2164	6	116	103
2124	6	116	103
229	15	5057	103
3193	12	2155	103
2883	9	2517	103
1983	15	5024	103
399	1	405	103
2693	12	28	103
428	6	405	103
2978	10	2924	103
1417	15	5088	103
85	6	116	103
303	1	416	103
284	6	2040	103
636	1	479	103
8730	23	3026	103
7382	17	6685	103
2074	6	405	103
2831	9	2506	103
3187	23	12518	103
2035	6	2009	103
12552	23	12525	103
169	6	405	103
2880	9	2517	103
1970	6	2040	103
7403	17	5818	103
3187	12	2055	103
2903	11	3089	103
205	15	4990	103
3020	23	12514	103
832	1	416	103
2785	9	2520	103
444	1	405	103
473	6	2040	103
2582	9	2520	103
205	6	30	103
488	1	30	103
2845	9	2518	103
636	1	172	103
771	6	30	103
1127	1	846	103
509	6	30	103
3143	11	3087	103
2059	6	2060	103
114	1	116	103
827	15	5088	103
8824	23	2977	103
1478	1	114	103
2681	9	2476	103
857	15	5088	103
734	15	4977	103
1424	1	479	103
6414	23	2935	103
2895	9	2517	103
2785	9	2593	103
100	6	30	103
19	6	2009	103
607	15	4990	103
2207	12	2155	103
2071	6	30	103
8571	23	12518	103
1860	9	2517	103
44	6	30	103
2911	9	2482	103
1956	6	2009	103
1588	6	30	103
191	1	30	103
2558	9	2540	103
3215	12	2009	103
2003	6	30	103
2097	6	30	104
206	1	207	104
2156	6	30	104
431	1	189	104
2845	14	3956	104
2644	9	2593	104
199	1	189	104
215	1	189	104
2696	9	2476	104
197	1	189	104
5308	15	5088	104
2718	9	2540	104
2169	6	29	104
492	1	493	104
3231	12	29	104
2692	9	2476	104
3754	14	3737	104
2587	9	2476	104
811	1	416	104
776	1	493	104
2047	6	171	104
1850	23	2951	104
2911	9	2484	104
55	6	30	104
7203	17	6491	104
2077	6	2060	104
3113	11	3102	104
2089	6	116	104
3237	12	116	104
2079	6	30	104
702	6	28	104
2773	9	2517	104
1894	23	2920	104
728	1	405	104
3219	12	2027	104
5324	15	5088	104
494	1	28	104
1502	1	416	104
3242	12	2009	104
213	1	189	104
8516	23	2981	104
600	15	5088	104
610	1	416	104
443	1	416	104
717	1	636	104
473	1	416	104
5133	15	5088	104
831	1	416	104
613	1	416	104
2090	6	116	104
5159	15	5088	104
845	1	28	104
2130	6	2009	104
2080	6	116	104
1394	6	115	104
2809	9	2705	104
6414	23	2935	104
846	1	397	104
2671	9	2672	104
2105	6	30	104
921	6	30	104
178	6	116	104
1644	1	207	104
2530	14	3431	104
198	1	189	104
2082	15	5057	104
2558	9	2482	104
8301	23	3060	104
3197	12	2120	104
2	6	30	104
2845	10	2977	104
188	1	189	104
1133	6	30	104
172	1	402	104
818	1	416	104
2140	6	2009	104
919	1	921	104
2744	9	2593	104
4918	14	3431	104
2516	9	2484	104
3053	23	12505	104
1912	6	405	104
2793	10	2924	104
598	6	30	104
675	6	405	104
812	1	416	104
3815	14	3495	104
428	15	5024	104
588	6	30	104
1871	12	2155	104
2037	6	2009	104
3172	23	3027	104
2894	9	2540	104
25	15	5024	104
2301	23	2951	104
2481	9	2482	104
196	1	189	104
3224	12	116	104
3214	12	2120	104
284	1	189	104
675	15	4990	104
2207	23	12514	104
2085	15	5057	104
921	1	30	104
2809	17	5818	104
2113	6	29	104
810	1	416	104
720	1	28	104
711	1	28	104
310	15	5088	104
88	6	30	104
659	1	341	104
1975	6	2009	104
2883	9	2482	104
675	15	5120	104
2516	9	2517	104
822	1	416	104
88	1	90	104
702	1	28	104
309	15	5088	104
658	1	173	104
25	15	4990	104
25	6	30	104
578	1	28	104
1110	15	5120	104
1983	6	405	104
1957	6	405	104
44	5	25	104
260	1	189	104
195	1	189	104
728	15	4988	104
1958	6	2009	104
1133	15	4990	104
630	6	30	104
2789	9	2705	104
3866	14	3487	104
2159	6	30	104
2301	23	12535	104
734	15	4977	104
800	1	416	104
1850	23	2951	104
3101	11	3102	104
205	1	207	104
1841	23	2997	104
2761	9	2517	104
759	1	28	104
492	15	5088	104
509	15	4977	104
1592	6	30	104
597	15	5088	104
2832	9	2606	104
3064	23	12505	104
2126	6	2009	104
3209	12	30	104
2049	6	30	104
83	1	84	104
3230	12	116	104
1930	15	4977	104
3232	12	29	104
47	6	30	104
1100	6	28	104
8730	23	2951	104
2030	6	2009	104
2094	6	2040	104
2014	15	5057	104
2587	9	2588	104
2702	9	2705	104
5148	15	5088	104
5348	15	5088	104
8550	17	5862	104
2020	6	2009	104
2836	9	2705	104
3228	12	117	104
2809	17	5817	104
769	1	28	104
415	1	416	104
169	1	173	104
2718	9	2482	104
191	6	30	104
3050	10	2924	104
786	15	5088	104
40	6	1439	104
2675	9	2476	104
212	1	189	104
2171	6	116	104
776	15	5088	104
1912	15	5024	104
5158	15	5088	104
396	6	30	104
4435	14	3636	104
2125	6	2009	104
2793	9	2476	104
3190	12	2120	104
2837	9	2482	104
211	1	189	104
2164	6	116	104
2124	6	116	104
229	15	5057	104
3193	12	2155	104
2883	9	2517	104
1983	15	5024	104
399	1	405	104
2693	12	28	104
428	6	405	104
2978	10	2924	104
1417	15	5088	104
85	6	116	104
303	1	416	104
284	6	2040	104
636	1	479	104
8730	23	3026	104
2074	6	405	104
2831	9	2506	104
3187	23	12518	104
7203	17	6403	104
2035	6	2009	104
12552	23	12525	104
169	6	405	104
2880	9	2517	104
1970	6	2040	104
7403	17	5818	104
3187	12	2055	104
2903	11	3089	104
205	15	4990	104
3020	23	12514	104
832	1	416	104
2785	9	2520	104
444	1	405	104
473	6	2040	104
2582	9	2520	104
205	6	30	104
488	1	30	104
2845	9	2518	104
636	1	172	104
771	6	30	104
1127	1	846	104
509	6	30	104
3143	11	3087	104
2059	6	2060	104
114	1	116	104
827	15	5088	104
8824	23	2977	104
1478	1	114	104
2681	9	2476	104
857	15	5088	104
734	15	4977	104
1424	1	479	104
6414	23	2935	104
2895	9	2517	104
2785	9	2593	104
100	6	30	104
19	6	2009	104
7203	17	6685	104
607	15	4990	104
2207	12	2155	104
2071	6	30	104
8571	23	12518	104
1860	9	2517	104
44	6	30	104
2911	9	2482	104
1956	6	2009	104
1588	6	30	104
191	1	30	104
2558	9	2540	104
3215	12	2009	104
2003	6	30	104
2097	6	30	105
206	1	207	105
2156	6	30	105
431	1	189	105
2845	14	3956	105
2644	9	2593	105
199	1	189	105
215	1	189	105
2696	9	2476	105
197	1	189	105
5308	15	5088	105
2718	9	2540	105
2169	6	29	105
492	1	493	105
3231	12	29	105
2692	9	2476	105
2587	9	2476	105
811	1	416	105
776	1	493	105
2047	6	171	105
1850	23	2951	105
2911	9	2484	105
55	6	30	105
2077	6	2060	105
3113	11	3102	105
2089	6	116	105
3237	12	116	105
2079	6	30	105
8209	17	5873	105
702	6	28	105
2773	9	2517	105
1894	23	2920	105
728	1	405	105
3219	12	2027	105
5324	15	5088	105
494	1	28	105
1502	1	416	105
3242	12	2009	105
213	1	189	105
8516	23	2981	105
600	15	5088	105
610	1	416	105
443	1	416	105
1911	4	1839	105
717	1	636	105
473	1	416	105
5133	15	5088	105
831	1	416	105
613	1	416	105
2090	6	116	105
5159	15	5088	105
845	1	28	105
2130	6	2009	105
2080	6	116	105
1394	6	115	105
2809	9	2705	105
6414	23	2935	105
846	1	397	105
2671	9	2672	105
2105	6	30	105
921	6	30	105
178	6	116	105
1644	1	207	105
2530	14	3431	105
198	1	189	105
2082	15	5057	105
2740	9	2482	105
2558	9	2482	105
8301	23	3060	105
3197	12	2120	105
2	6	30	105
2845	10	2977	105
188	1	189	105
1133	6	30	105
172	1	402	105
818	1	416	105
2140	6	2009	105
919	1	921	105
2744	9	2593	105
4918	14	3431	105
2516	9	2484	105
3053	23	12505	105
1912	6	405	105
2793	10	2924	105
598	6	30	105
675	6	405	105
812	1	416	105
3815	14	3495	105
428	15	5024	105
588	6	30	105
1871	12	2155	105
2037	6	2009	105
3172	23	3027	105
2894	9	2540	105
25	15	5024	105
2301	23	2951	105
2481	9	2482	105
196	1	189	105
3224	12	116	105
3214	12	2120	105
284	1	189	105
2818	9	2482	105
675	15	4990	105
2207	23	12514	105
2085	15	5057	105
921	1	30	105
2809	17	5818	105
2113	6	29	105
810	1	416	105
720	1	28	105
711	1	28	105
310	15	5088	105
88	6	30	105
659	1	341	105
1975	6	2009	105
2883	9	2482	105
675	15	5120	105
2516	9	2517	105
822	1	416	105
88	1	90	105
702	1	28	105
309	15	5088	105
658	1	173	105
25	15	4990	105
25	6	30	105
578	1	28	105
1110	15	5120	105
2813	9	2482	105
1983	6	405	105
1957	6	405	105
44	5	25	105
260	1	189	105
1863	4	1839	105
195	1	189	105
2813	9	2482	105
728	15	4988	105
1958	6	2009	105
1133	15	4990	105
630	6	30	105
2789	9	2705	105
3866	14	3487	105
2159	6	30	105
2301	23	12535	105
734	15	4977	105
800	1	416	105
1850	23	2951	105
3101	11	3102	105
205	1	207	105
1841	23	2997	105
2761	9	2517	105
759	1	28	105
492	15	5088	105
509	15	4977	105
1592	6	30	105
597	15	5088	105
2832	9	2606	105
3064	23	12505	105
2126	6	2009	105
3209	12	30	105
2049	6	30	105
83	1	84	105
3230	12	116	105
1930	15	4977	105
3232	12	29	105
47	6	30	105
1100	6	28	105
8730	23	2951	105
2030	6	2009	105
2094	6	2040	105
2014	15	5057	105
2587	9	2588	105
2702	9	2705	105
5148	15	5088	105
5348	15	5088	105
2020	6	2009	105
2836	9	2705	105
7382	17	6782	105
3228	12	117	105
2809	17	5817	105
4673	14	3496	105
769	1	28	105
415	1	416	105
169	1	173	105
2718	9	2482	105
191	6	30	105
3050	10	2924	105
786	15	5088	105
40	6	1439	105
2675	9	2476	105
212	1	189	105
2171	6	116	105
776	15	5088	105
1912	15	5024	105
5158	15	5088	105
396	6	30	105
4435	14	3636	105
2125	6	2009	105
2793	9	2476	105
3190	12	2120	105
2837	9	2482	105
211	1	189	105
2164	6	116	105
2124	6	116	105
229	15	5057	105
3193	12	2155	105
2883	9	2517	105
3830	14	3762	105
1983	15	5024	105
399	1	405	105
2693	12	28	105
428	6	405	105
2978	10	2924	105
1417	15	5088	105
85	6	116	105
303	1	416	105
284	6	2040	105
636	1	479	105
8730	23	3026	105
2074	6	405	105
3187	23	12518	105
2035	6	2009	105
12552	23	12525	105
169	6	405	105
2880	9	2517	105
1970	6	2040	105
7403	17	5818	105
3187	12	2055	105
2903	11	3089	105
205	15	4990	105
3020	23	12514	105
832	1	416	105
2785	9	2520	105
444	1	405	105
473	6	2040	105
2582	9	2520	105
205	6	30	105
488	1	30	105
2845	9	2518	105
636	1	172	105
771	6	30	105
1127	1	846	105
509	6	30	105
3143	11	3087	105
2059	6	2060	105
114	1	116	105
827	15	5088	105
8824	23	2977	105
1478	1	114	105
2681	9	2476	105
857	15	5088	105
734	15	4977	105
1424	1	479	105
6414	23	2935	105
2895	9	2517	105
2785	9	2593	105
100	6	30	105
19	6	2009	105
607	15	4990	105
2207	12	2155	105
2071	6	30	105
8571	23	12518	105
1860	9	2517	105
44	6	30	105
2911	9	2482	105
1956	6	2009	105
1588	6	30	105
191	1	30	105
2558	9	2540	105
3215	12	2009	105
2003	6	30	105
2097	6	30	106
206	1	207	106
2156	6	30	106
431	1	189	106
2845	14	3956	106
2644	9	2593	106
199	1	189	106
215	1	189	106
2696	9	2476	106
197	1	189	106
5308	15	5088	106
2718	9	2540	106
2169	6	29	106
492	1	493	106
3231	12	29	106
2692	9	2476	106
2587	9	2476	106
811	1	416	106
776	1	493	106
2047	6	171	106
1850	23	2951	106
2911	9	2484	106
55	6	30	106
2077	6	2060	106
3113	11	3102	106
2089	6	116	106
3237	12	116	106
2079	6	30	106
702	6	28	106
2773	9	2517	106
1894	23	2920	106
728	1	405	106
3219	12	2027	106
5324	15	5088	106
494	1	28	106
1502	1	416	106
3242	12	2009	106
213	1	189	106
8516	23	2981	106
600	15	5088	106
610	1	416	106
443	1	416	106
717	1	636	106
473	1	416	106
5133	15	5088	106
831	1	416	106
613	1	416	106
2090	6	116	106
5159	15	5088	106
845	1	28	106
2130	6	2009	106
2080	6	116	106
1394	6	115	106
2809	9	2705	106
6414	23	2935	106
846	1	397	106
2671	9	2672	106
2105	6	30	106
921	6	30	106
178	6	116	106
1644	1	207	106
2530	14	3431	106
198	1	189	106
2082	15	5057	106
2740	9	2482	106
2558	9	2482	106
8301	23	3060	106
3197	12	2120	106
2	6	30	106
2845	10	2977	106
188	1	189	106
1133	6	30	106
172	1	402	106
818	1	416	106
2140	6	2009	106
919	1	921	106
2744	9	2593	106
4918	14	3431	106
2516	9	2484	106
3053	23	12505	106
1912	6	405	106
2793	10	2924	106
598	6	30	106
675	6	405	106
812	1	416	106
428	15	5024	106
588	6	30	106
1871	12	2155	106
2037	6	2009	106
3172	23	3027	106
2894	9	2540	106
25	15	5024	106
2301	23	2951	106
196	1	189	106
3224	12	116	106
3214	12	2120	106
284	1	189	106
2818	9	2482	106
675	15	4990	106
2207	23	12514	106
2085	15	5057	106
921	1	30	106
2809	17	5818	106
2113	6	29	106
810	1	416	106
720	1	28	106
711	1	28	106
310	15	5088	106
88	6	30	106
659	1	341	106
1975	6	2009	106
2883	9	2482	106
675	15	5120	106
2516	9	2517	106
822	1	416	106
88	1	90	106
702	1	28	106
309	15	5088	106
658	1	173	106
25	15	4990	106
25	6	30	106
578	1	28	106
1110	15	5120	106
2813	9	2482	106
1983	6	405	106
1957	6	405	106
44	5	25	106
260	1	189	106
195	1	189	106
728	15	4988	106
1841	4	1843	106
1958	6	2009	106
1133	15	4990	106
630	6	30	106
2789	9	2705	106
3866	14	3487	106
2159	6	30	106
2301	23	12535	106
734	15	4977	106
800	1	416	106
1850	23	2951	106
3101	11	3102	106
205	1	207	106
1841	23	2997	106
2761	9	2517	106
759	1	28	106
492	15	5088	106
509	15	4977	106
1592	6	30	106
597	15	5088	106
2832	9	2606	106
3064	23	12505	106
2126	6	2009	106
3209	12	30	106
1863	23	3060	106
2049	6	30	106
83	1	84	106
3230	12	116	106
1930	15	4977	106
3232	12	29	106
47	6	30	106
1100	6	28	106
8730	23	2951	106
2030	6	2009	106
2094	6	2040	106
2014	15	5057	106
2587	9	2588	106
2702	9	2705	106
5148	15	5088	106
5348	15	5088	106
2020	6	2009	106
2836	9	2705	106
3228	12	117	106
2809	17	5817	106
4673	14	3496	106
769	1	28	106
415	1	416	106
169	1	173	106
2718	9	2482	106
191	6	30	106
3050	10	2924	106
786	15	5088	106
40	6	1439	106
2675	9	2476	106
212	1	189	106
2171	6	116	106
776	15	5088	106
1912	15	5024	106
5158	15	5088	106
396	6	30	106
4435	14	3636	106
2125	6	2009	106
2793	9	2476	106
3190	12	2120	106
2837	9	2482	106
211	1	189	106
2164	6	116	106
2124	6	116	106
229	15	5057	106
3193	12	2155	106
2883	9	2517	106
3830	14	3762	106
1983	15	5024	106
399	1	405	106
2693	12	28	106
428	6	405	106
2978	10	2924	106
1417	15	5088	106
85	6	116	106
303	1	416	106
284	6	2040	106
636	1	479	106
8730	23	3026	106
2074	6	405	106
3187	23	12518	106
2035	6	2009	106
12552	23	12525	106
169	6	405	106
2880	9	2517	106
1970	6	2040	106
7403	17	5818	106
3187	12	2055	106
2903	11	3089	106
205	15	4990	106
3020	23	12514	106
832	1	416	106
2785	9	2520	106
444	1	405	106
473	6	2040	106
2582	9	2520	106
205	6	30	106
488	1	30	106
2845	9	2518	106
636	1	172	106
771	6	30	106
1127	1	846	106
509	6	30	106
3143	11	3087	106
2059	6	2060	106
114	1	116	106
827	15	5088	106
8824	23	2977	106
1478	1	114	106
2681	9	2476	106
857	15	5088	106
734	15	4977	106
1424	1	479	106
6414	23	2935	106
2895	9	2517	106
2785	9	2593	106
100	6	30	106
3032	17	7129	106
19	6	2009	106
607	15	4990	106
2207	12	2155	106
2071	6	30	106
8571	23	12518	106
1860	9	2517	106
2979	17	6245	106
44	6	30	106
2911	9	2482	106
1956	6	2009	106
1588	6	30	106
191	1	30	106
2558	9	2540	106
3215	12	2009	106
2003	6	30	106
2097	6	30	107
206	1	207	107
2156	6	30	107
431	1	189	107
2845	14	3956	107
2644	9	2593	107
199	1	189	107
3425	14	3429	107
215	1	189	107
2696	9	2476	107
197	1	189	107
5308	15	5088	107
2718	9	2540	107
2169	6	29	107
492	1	493	107
3231	12	29	107
2692	9	2476	107
2587	9	2476	107
811	1	416	107
776	1	493	107
2047	6	171	107
1850	23	2951	107
2911	9	2484	107
55	6	30	107
2077	6	2060	107
3113	11	3102	107
2089	6	116	107
3237	12	116	107
2079	6	30	107
702	6	28	107
2773	9	2517	107
1894	23	2920	107
728	1	405	107
3219	12	2027	107
5324	15	5088	107
494	1	28	107
1502	1	416	107
3242	12	2009	107
213	1	189	107
8516	23	2981	107
600	15	5088	107
610	1	416	107
443	1	416	107
717	1	636	107
473	1	416	107
5133	15	5088	107
831	1	416	107
613	1	416	107
2090	6	116	107
5159	15	5088	107
845	1	28	107
2130	6	2009	107
8550	17	6436	107
2080	6	116	107
1394	6	115	107
2809	9	2705	107
6414	23	2935	107
846	1	397	107
2671	9	2672	107
2105	6	30	107
921	6	30	107
178	6	116	107
1644	1	207	107
2530	14	3431	107
198	1	189	107
2082	15	5057	107
2740	9	2482	107
2558	9	2482	107
8301	23	3060	107
3197	12	2120	107
2	6	30	107
2845	10	2977	107
188	1	189	107
1133	6	30	107
172	1	402	107
818	1	416	107
2140	6	2009	107
919	1	921	107
2744	9	2593	107
4918	14	3431	107
2516	9	2484	107
3053	23	12505	107
1912	6	405	107
2793	10	2924	107
598	6	30	107
675	6	405	107
812	1	416	107
428	15	5024	107
588	6	30	107
1871	12	2155	107
2037	6	2009	107
3172	23	3027	107
2894	9	2540	107
25	15	5024	107
2301	23	2951	107
196	1	189	107
3224	12	116	107
3214	12	2120	107
284	1	189	107
8008	17	6719	107
2818	9	2482	107
675	15	4990	107
2207	23	12514	107
2085	15	5057	107
921	1	30	107
2809	17	5818	107
2113	6	29	107
810	1	416	107
720	1	28	107
711	1	28	107
310	15	5088	107
88	6	30	107
659	1	341	107
1975	6	2009	107
2883	9	2482	107
675	15	5120	107
2516	9	2517	107
822	1	416	107
88	1	90	107
702	1	28	107
309	15	5088	107
658	1	173	107
25	15	4990	107
25	6	30	107
578	1	28	107
1110	15	5120	107
2813	9	2482	107
1983	6	405	107
1957	6	405	107
44	5	25	107
260	1	189	107
195	1	189	107
728	15	4988	107
1958	6	2009	107
1133	15	4990	107
630	6	30	107
2789	9	2705	107
3866	14	3487	107
2159	6	30	107
2301	23	12535	107
734	15	4977	107
800	1	416	107
1850	23	2951	107
3101	11	3102	107
205	1	207	107
1841	23	2997	107
2761	9	2517	107
759	1	28	107
492	15	5088	107
509	15	4977	107
1592	6	30	107
597	15	5088	107
2832	9	2606	107
3064	23	12505	107
2126	6	2009	107
3209	12	30	107
2049	6	30	107
83	1	84	107
3230	12	116	107
1930	15	4977	107
3232	12	29	107
47	6	30	107
1100	6	28	107
8730	23	2951	107
2030	6	2009	107
2094	6	2040	107
2014	15	5057	107
2587	9	2588	107
2702	9	2705	107
5148	15	5088	107
5348	15	5088	107
2020	6	2009	107
2836	9	2705	107
3228	12	117	107
2809	17	5817	107
4673	14	3496	107
769	1	28	107
415	1	416	107
169	1	173	107
2718	9	2482	107
191	6	30	107
3050	10	2924	107
786	15	5088	107
40	6	1439	107
2675	9	2476	107
212	1	189	107
2171	6	116	107
776	15	5088	107
1912	15	5024	107
5158	15	5088	107
396	6	30	107
4435	14	3636	107
2125	6	2009	107
2793	9	2476	107
3190	12	2120	107
2837	9	2482	107
211	1	189	107
2164	6	116	107
2124	6	116	107
229	15	5057	107
3193	12	2155	107
2883	9	2517	107
3830	14	3762	107
1983	15	5024	107
399	1	405	107
2693	12	28	107
428	6	405	107
2978	10	2924	107
1417	15	5088	107
85	6	116	107
303	1	416	107
284	6	2040	107
636	1	479	107
8730	23	3026	107
2074	6	405	107
3187	23	12518	107
2035	6	2009	107
12552	23	12525	107
169	6	405	107
2880	9	2517	107
1970	6	2040	107
7403	17	5818	107
3187	12	2055	107
2903	11	3089	107
205	15	4990	107
3020	23	12514	107
832	1	416	107
2785	9	2520	107
2740	9	2482	107
444	1	405	107
473	6	2040	107
2582	9	2520	107
205	6	30	107
488	1	30	107
2845	9	2518	107
636	1	172	107
771	6	30	107
1127	1	846	107
509	6	30	107
3143	11	3087	107
2059	6	2060	107
114	1	116	107
827	15	5088	107
8824	23	2977	107
1478	1	114	107
2681	9	2476	107
857	15	5088	107
734	15	4977	107
1424	1	479	107
6414	23	2935	107
2895	9	2517	107
2785	9	2593	107
100	6	30	107
19	6	2009	107
607	15	4990	107
2207	12	2155	107
2071	6	30	107
8571	23	12518	107
1860	9	2517	107
44	6	30	107
2911	9	2482	107
1956	6	2009	107
1588	6	30	107
191	1	30	107
2558	9	2540	107
3215	12	2009	107
2003	6	30	107
2097	6	30	108
206	1	207	108
2156	6	30	108
431	1	189	108
2845	14	3956	108
2644	9	2593	108
199	1	189	108
3425	14	3429	108
215	1	189	108
2696	9	2476	108
197	1	189	108
5308	15	5088	108
2718	9	2540	108
2169	6	29	108
492	1	493	108
3231	12	29	108
2692	9	2476	108
2587	9	2476	108
811	1	416	108
776	1	493	108
2047	6	171	108
1850	23	2951	108
2911	9	2484	108
55	6	30	108
2077	6	2060	108
3113	11	3102	108
2089	6	116	108
3237	12	116	108
2079	6	30	108
702	6	28	108
2773	9	2517	108
1894	23	2920	108
728	1	405	108
3219	12	2027	108
5324	15	5088	108
494	1	28	108
1502	1	416	108
3242	12	2009	108
213	1	189	108
8516	23	2981	108
600	15	5088	108
610	1	416	108
443	1	416	108
717	1	636	108
473	1	416	108
5133	15	5088	108
831	1	416	108
613	1	416	108
2090	6	116	108
1863	4	1829	108
5159	15	5088	108
845	1	28	108
2130	6	2009	108
2080	6	116	108
1394	6	115	108
2809	9	2705	108
6414	23	2935	108
846	1	397	108
2671	9	2672	108
2105	6	30	108
921	6	30	108
178	6	116	108
1644	1	207	108
2530	14	3431	108
198	1	189	108
2082	15	5057	108
2558	9	2482	108
8301	23	3060	108
3197	12	2120	108
2	6	30	108
2845	10	2977	108
188	1	189	108
1133	6	30	108
172	1	402	108
818	1	416	108
2140	6	2009	108
919	1	921	108
2744	9	2593	108
4918	14	3431	108
8550	17	5872	108
2516	9	2484	108
3053	23	12505	108
1912	6	405	108
2793	10	2924	108
598	6	30	108
675	6	405	108
812	1	416	108
428	15	5024	108
588	6	30	108
1871	12	2155	108
2037	6	2009	108
3172	23	3027	108
2894	9	2540	108
25	15	5024	108
2301	23	2951	108
196	1	189	108
3224	12	116	108
3214	12	2120	108
284	1	189	108
2818	9	2482	108
675	15	4990	108
2207	23	12514	108
8883	17	6436	108
2085	15	5057	108
921	1	30	108
2809	17	5818	108
2113	6	29	108
810	1	416	108
720	1	28	108
711	1	28	108
310	15	5088	108
88	6	30	108
659	1	341	108
1975	6	2009	108
2883	9	2482	108
675	15	5120	108
2516	9	2517	108
822	1	416	108
88	1	90	108
702	1	28	108
309	15	5088	108
658	1	173	108
25	15	4990	108
25	6	30	108
578	1	28	108
1110	15	5120	108
2813	9	2482	108
1983	6	405	108
1957	6	405	108
44	5	25	108
260	1	189	108
195	1	189	108
728	15	4988	108
1958	6	2009	108
1133	15	4990	108
630	6	30	108
2789	9	2705	108
3866	14	3487	108
2159	6	30	108
2301	23	12535	108
734	15	4977	108
800	1	416	108
1850	23	2951	108
3101	11	3102	108
205	1	207	108
1841	23	2997	108
2761	9	2517	108
759	1	28	108
492	15	5088	108
509	15	4977	108
7249	17	6175	108
1592	6	30	108
597	15	5088	108
2832	9	2606	108
3064	23	12505	108
2126	6	2009	108
3209	12	30	108
2049	6	30	108
83	1	84	108
3230	12	116	108
1930	15	4977	108
3232	12	29	108
47	6	30	108
1100	6	28	108
8730	23	2951	108
2030	6	2009	108
2094	6	2040	108
2014	15	5057	108
2587	9	2588	108
2702	9	2705	108
5148	15	5088	108
5348	15	5088	108
2020	6	2009	108
2836	9	2705	108
3228	12	117	108
2809	17	5817	108
4673	14	3496	108
769	1	28	108
415	1	416	108
169	1	173	108
2718	9	2482	108
191	6	30	108
3050	10	2924	108
786	15	5088	108
40	6	1439	108
2675	9	2476	108
212	1	189	108
2171	6	116	108
776	15	5088	108
1912	15	5024	108
5158	15	5088	108
396	6	30	108
2125	6	2009	108
2793	9	2476	108
3190	12	2120	108
2837	9	2482	108
211	1	189	108
2164	6	116	108
2124	6	116	108
229	15	5057	108
3193	12	2155	108
2883	9	2517	108
1983	15	5024	108
399	1	405	108
2693	12	28	108
428	6	405	108
2978	10	2924	108
1417	15	5088	108
85	6	116	108
303	1	416	108
284	6	2040	108
636	1	479	108
8730	23	3026	108
2632	9	2476	108
2074	6	405	108
3187	23	12518	108
2035	6	2009	108
12552	23	12525	108
169	6	405	108
2880	9	2517	108
1970	6	2040	108
7403	17	5818	108
3187	12	2055	108
2903	11	3089	108
205	15	4990	108
3020	23	12514	108
832	1	416	108
2785	9	2520	108
2740	9	2482	108
444	1	405	108
473	6	2040	108
2582	9	2520	108
205	6	30	108
488	1	30	108
2845	9	2518	108
636	1	172	108
771	6	30	108
1127	1	846	108
509	6	30	108
3143	11	3087	108
2059	6	2060	108
114	1	116	108
827	15	5088	108
8824	23	2977	108
1478	1	114	108
2681	9	2476	108
857	15	5088	108
734	15	4977	108
1424	1	479	108
6414	23	2935	108
2895	9	2517	108
2785	9	2593	108
100	6	30	108
19	6	2009	108
607	15	4990	108
2207	12	2155	108
2071	6	30	108
8571	23	12518	108
1860	9	2517	108
44	6	30	108
2911	9	2482	108
1956	6	2009	108
1588	6	30	108
191	1	30	108
2558	9	2540	108
3215	12	2009	108
2003	6	30	108
2097	6	30	109
206	1	207	109
2156	6	30	109
431	1	189	109
2845	14	3956	109
2644	9	2593	109
199	1	189	109
215	1	189	109
2696	9	2476	109
197	1	189	109
5308	15	5088	109
2718	9	2540	109
2169	6	29	109
492	1	493	109
3231	12	29	109
2692	9	2476	109
2587	9	2476	109
811	1	416	109
776	1	493	109
2047	6	171	109
1850	23	2951	109
2911	9	2484	109
55	6	30	109
2077	6	2060	109
3113	11	3102	109
2089	6	116	109
3237	12	116	109
2079	6	30	109
702	6	28	109
2773	9	2517	109
1894	23	2920	109
728	1	405	109
3219	12	2027	109
5324	15	5088	109
494	1	28	109
1502	1	416	109
3242	12	2009	109
213	1	189	109
8516	23	2981	109
600	15	5088	109
610	1	416	109
443	1	416	109
717	1	636	109
473	1	416	109
5133	15	5088	109
831	1	416	109
613	1	416	109
2090	6	116	109
5159	15	5088	109
845	1	28	109
2130	6	2009	109
2080	6	116	109
1394	6	115	109
2809	9	2705	109
6414	23	2935	109
846	1	397	109
2671	9	2672	109
2105	6	30	109
921	6	30	109
178	6	116	109
1644	1	207	109
2530	14	3431	109
198	1	189	109
2082	15	5057	109
2558	9	2482	109
8301	23	3060	109
3197	12	2120	109
2	6	30	109
2845	10	2977	109
188	1	189	109
1133	6	30	109
172	1	402	109
6234	17	6235	109
818	1	416	109
2140	6	2009	109
919	1	921	109
2744	9	2593	109
4918	14	3431	109
2516	9	2484	109
3053	23	12505	109
1912	6	405	109
2793	10	2924	109
598	6	30	109
675	6	405	109
812	1	416	109
428	15	5024	109
588	6	30	109
1871	12	2155	109
2037	6	2009	109
3172	23	3027	109
2894	9	2540	109
25	15	5024	109
2301	23	2951	109
196	1	189	109
3224	12	116	109
3214	12	2120	109
284	1	189	109
2818	9	2482	109
675	15	4990	109
2207	23	12514	109
2085	15	5057	109
921	1	30	109
2809	17	5818	109
2113	6	29	109
810	1	416	109
720	1	28	109
711	1	28	109
310	15	5088	109
88	6	30	109
659	1	341	109
1975	6	2009	109
2883	9	2482	109
675	15	5120	109
2516	9	2517	109
822	1	416	109
88	1	90	109
702	1	28	109
309	15	5088	109
658	1	173	109
25	15	4990	109
25	6	30	109
578	1	28	109
1110	15	5120	109
2813	9	2482	109
3032	17	5873	109
1983	6	405	109
1957	6	405	109
44	5	25	109
260	1	189	109
195	1	189	109
728	15	4988	109
1958	6	2009	109
1133	15	4990	109
630	6	30	109
2789	9	2705	109
3866	14	3487	109
2159	6	30	109
2301	23	12535	109
734	15	4977	109
800	1	416	109
1850	23	2951	109
3101	11	3102	109
205	1	207	109
1841	23	2997	109
2761	9	2517	109
759	1	28	109
492	15	5088	109
509	15	4977	109
1592	6	30	109
7249	17	6436	109
597	15	5088	109
2832	9	2606	109
3064	23	12505	109
2126	6	2009	109
3209	12	30	109
2049	6	30	109
83	1	84	109
3230	12	116	109
1930	15	4977	109
3232	12	29	109
47	6	30	109
1100	6	28	109
8730	23	2951	109
2030	6	2009	109
2094	6	2040	109
2014	15	5057	109
2587	9	2588	109
2702	9	2705	109
5148	15	5088	109
5348	15	5088	109
2020	6	2009	109
2836	9	2705	109
3228	12	117	109
2809	17	5817	109
4673	14	3496	109
769	1	28	109
415	1	416	109
169	1	173	109
2718	9	2482	109
191	6	30	109
3050	10	2924	109
786	15	5088	109
40	6	1439	109
2675	9	2476	109
212	1	189	109
2171	6	116	109
776	15	5088	109
1912	15	5024	109
5158	15	5088	109
396	6	30	109
2125	6	2009	109
2793	9	2476	109
3190	12	2120	109
2837	9	2482	109
211	1	189	109
2164	6	116	109
2124	6	116	109
6435	17	6224	109
229	15	5057	109
3193	12	2155	109
2883	9	2517	109
1983	15	5024	109
399	1	405	109
7436	17	5935	109
2693	12	28	109
428	6	405	109
2978	10	2924	109
1417	15	5088	109
85	6	116	109
303	1	416	109
284	6	2040	109
636	1	479	109
8730	23	3026	109
2632	9	2476	109
2074	6	405	109
3187	23	12518	109
2035	6	2009	109
12552	23	12525	109
169	6	405	109
2880	9	2517	109
1970	6	2040	109
7403	17	5818	109
3187	12	2055	109
2903	11	3089	109
205	15	4990	109
3020	23	12514	109
832	1	416	109
2785	9	2520	109
2740	9	2482	109
444	1	405	109
473	6	2040	109
2582	9	2520	109
205	6	30	109
488	1	30	109
2845	9	2518	109
636	1	172	109
771	6	30	109
1127	1	846	109
509	6	30	109
3143	11	3087	109
2059	6	2060	109
114	1	116	109
827	15	5088	109
8824	23	2977	109
1478	1	114	109
2681	9	2476	109
857	15	5088	109
734	15	4977	109
1424	1	479	109
6414	23	2935	109
2895	9	2517	109
2785	9	2593	109
100	6	30	109
19	6	2009	109
607	15	4990	109
2207	12	2155	109
2071	6	30	109
8571	23	12518	109
1860	9	2517	109
44	6	30	109
2911	9	2482	109
1956	6	2009	109
1588	6	30	109
191	1	30	109
2558	9	2540	109
3215	12	2009	109
2003	6	30	109
2097	6	30	110
206	1	207	110
2156	6	30	110
431	1	189	110
2845	14	3956	110
2644	9	2593	110
199	1	189	110
215	1	189	110
2696	9	2476	110
197	1	189	110
5308	15	5088	110
2718	9	2540	110
2169	6	29	110
492	1	493	110
3231	12	29	110
2692	9	2476	110
2587	9	2476	110
811	1	416	110
776	1	493	110
2047	6	171	110
1850	23	2951	110
2911	9	2484	110
55	6	30	110
2077	6	2060	110
3113	11	3102	110
2089	6	116	110
3237	12	116	110
2079	6	30	110
702	6	28	110
2773	9	2517	110
1894	23	2920	110
728	1	405	110
3219	12	2027	110
5324	15	5088	110
5141	15	5088	110
494	1	28	110
1502	1	416	110
3242	12	2009	110
213	1	189	110
8516	23	2981	110
600	15	5088	110
610	1	416	110
443	1	416	110
717	1	636	110
473	1	416	110
5133	15	5088	110
831	1	416	110
613	1	416	110
2090	6	116	110
5159	15	5088	110
845	1	28	110
2130	6	2009	110
2080	6	116	110
1394	6	115	110
2809	9	2705	110
6414	23	2935	110
846	1	397	110
2671	9	2672	110
2105	6	30	110
921	6	30	110
178	6	116	110
1644	1	207	110
2530	14	3431	110
198	1	189	110
2082	15	5057	110
2558	9	2482	110
8301	23	3060	110
3197	12	2120	110
2	6	30	110
2845	10	2977	110
188	1	189	110
1133	6	30	110
172	1	402	110
818	1	416	110
2140	6	2009	110
919	1	921	110
2744	9	2593	110
4918	14	3431	110
2516	9	2484	110
3053	23	12505	110
1912	6	405	110
2793	10	2924	110
598	6	30	110
675	6	405	110
812	1	416	110
428	15	5024	110
588	6	30	110
1871	12	2155	110
2037	6	2009	110
3172	23	3027	110
2894	9	2540	110
25	15	5024	110
2301	23	2951	110
196	1	189	110
3224	12	116	110
3214	12	2120	110
284	1	189	110
2818	9	2482	110
675	15	4990	110
2207	23	12514	110
2085	15	5057	110
921	1	30	110
2809	17	5818	110
2113	6	29	110
810	1	416	110
720	1	28	110
711	1	28	110
310	15	5088	110
88	6	30	110
659	1	341	110
1975	6	2009	110
2883	9	2482	110
675	15	5120	110
2516	9	2517	110
822	1	416	110
88	1	90	110
702	1	28	110
309	15	5088	110
658	1	173	110
25	15	4990	110
25	6	30	110
578	1	28	110
1110	15	5120	110
2813	9	2482	110
1983	6	405	110
1957	6	405	110
44	5	25	110
260	1	189	110
195	1	189	110
728	15	4988	110
1958	6	2009	110
1133	15	4990	110
630	6	30	110
2789	9	2705	110
3866	14	3487	110
2159	6	30	110
2301	23	12535	110
734	15	4977	110
800	1	416	110
1850	23	2951	110
3101	11	3102	110
205	1	207	110
1841	23	2997	110
2761	9	2517	110
759	1	28	110
492	15	5088	110
509	15	4977	110
1592	6	30	110
597	15	5088	110
2832	9	2606	110
3064	23	12505	110
2126	6	2009	110
3209	12	30	110
2049	6	30	110
83	1	84	110
3230	12	116	110
1930	15	4977	110
3232	12	29	110
47	6	30	110
1100	6	28	110
8730	23	2951	110
2030	6	2009	110
2094	6	2040	110
2014	15	5057	110
2587	9	2588	110
2702	9	2705	110
5148	15	5088	110
5348	15	5088	110
2020	6	2009	110
2836	9	2705	110
3228	12	117	110
2809	17	5817	110
769	1	28	110
415	1	416	110
169	1	173	110
2718	9	2482	110
191	6	30	110
3050	10	2924	110
786	15	5088	110
40	6	1439	110
2675	9	2476	110
212	1	189	110
2171	6	116	110
776	15	5088	110
1912	15	5024	110
5158	15	5088	110
396	6	30	110
2125	6	2009	110
2793	9	2476	110
3190	12	2120	110
2837	9	2482	110
211	1	189	110
2164	6	116	110
2124	6	116	110
229	15	5057	110
3193	12	2155	110
2883	9	2517	110
1983	15	5024	110
399	1	405	110
2693	12	28	110
428	6	405	110
2978	10	2924	110
1417	15	5088	110
85	6	116	110
303	1	416	110
284	6	2040	110
636	1	479	110
8730	23	3026	110
2632	9	2476	110
2074	6	405	110
3187	23	12518	110
2035	6	2009	110
12552	23	12525	110
169	6	405	110
2880	9	2517	110
1970	6	2040	110
7403	17	5818	110
3187	12	2055	110
2903	11	3089	110
205	15	4990	110
3020	23	12514	110
832	1	416	110
2785	9	2520	110
2740	9	2482	110
444	1	405	110
473	6	2040	110
2582	9	2520	110
205	6	30	110
488	1	30	110
2845	9	2518	110
636	1	172	110
771	6	30	110
1127	1	846	110
509	6	30	110
3143	11	3087	110
2059	6	2060	110
114	1	116	110
827	15	5088	110
8824	23	2977	110
1478	1	114	110
2681	9	2476	110
857	15	5088	110
734	15	4977	110
1424	1	479	110
6414	23	2935	110
2895	9	2517	110
2785	9	2593	110
100	6	30	110
19	6	2009	110
607	15	4990	110
2207	12	2155	110
2071	6	30	110
8571	23	12518	110
1860	9	2517	110
44	6	30	110
2911	9	2482	110
1956	6	2009	110
1588	6	30	110
191	1	30	110
2558	9	2540	110
3215	12	2009	110
2003	6	30	110
2097	6	30	111
206	1	207	111
2156	6	30	111
431	1	189	111
2845	14	3956	111
2644	9	2593	111
199	1	189	111
215	1	189	111
2696	9	2476	111
197	1	189	111
5308	15	5088	111
2718	9	2540	111
2169	6	29	111
492	1	493	111
3231	12	29	111
2692	9	2476	111
2587	9	2476	111
811	1	416	111
776	1	493	111
2047	6	171	111
1850	23	2951	111
2911	9	2484	111
55	6	30	111
2077	6	2060	111
3113	11	3102	111
4131	14	4044	111
2089	6	116	111
3237	12	116	111
2079	6	30	111
702	6	28	111
2773	9	2517	111
1894	23	2920	111
728	1	405	111
3219	12	2027	111
5324	15	5088	111
5141	15	5088	111
494	1	28	111
1502	1	416	111
3242	12	2009	111
213	1	189	111
8516	23	2981	111
600	15	5088	111
610	1	416	111
443	1	416	111
717	1	636	111
473	1	416	111
5133	15	5088	111
831	1	416	111
7382	17	5819	111
613	1	416	111
2090	6	116	111
5159	15	5088	111
845	1	28	111
2130	6	2009	111
2080	6	116	111
1394	6	115	111
2809	9	2705	111
6414	23	2935	111
846	1	397	111
2671	9	2672	111
2105	6	30	111
921	6	30	111
178	6	116	111
1644	1	207	111
2530	14	3431	111
198	1	189	111
2082	15	5057	111
2558	9	2482	111
8301	23	3060	111
3197	12	2120	111
2	6	30	111
2845	10	2977	111
188	1	189	111
1133	6	30	111
172	1	402	111
818	1	416	111
2140	6	2009	111
919	1	921	111
2744	9	2593	111
4918	14	3431	111
2516	9	2484	111
3053	23	12505	111
1912	6	405	111
2793	10	2924	111
598	6	30	111
675	6	405	111
812	1	416	111
428	15	5024	111
588	6	30	111
1871	12	2155	111
2037	6	2009	111
3172	23	3027	111
2894	9	2540	111
25	15	5024	111
2301	23	2951	111
196	1	189	111
3224	12	116	111
3214	12	2120	111
284	1	189	111
2818	9	2482	111
675	15	4990	111
2207	23	12514	111
2085	15	5057	111
921	1	30	111
2809	17	5818	111
2113	6	29	111
810	1	416	111
720	1	28	111
711	1	28	111
310	15	5088	111
8167	17	5873	111
88	6	30	111
659	1	341	111
3754	14	3495	111
1975	6	2009	111
2883	9	2482	111
675	15	5120	111
2516	9	2517	111
822	1	416	111
88	1	90	111
702	1	28	111
309	15	5088	111
658	1	173	111
4654	14	3786	111
25	15	4990	111
25	6	30	111
578	1	28	111
1110	15	5120	111
2813	9	2482	111
1983	6	405	111
1957	6	405	111
7382	17	7383	111
44	5	25	111
260	1	189	111
195	1	189	111
728	15	4988	111
1958	6	2009	111
1133	15	4990	111
630	6	30	111
2789	9	2705	111
3866	14	3487	111
2159	6	30	111
2301	23	12535	111
734	15	4977	111
800	1	416	111
1850	23	2951	111
3101	11	3102	111
205	1	207	111
1841	23	2997	111
2761	9	2517	111
759	1	28	111
492	15	5088	111
509	15	4977	111
1592	6	30	111
597	15	5088	111
2832	9	2606	111
3064	23	12505	111
2126	6	2009	111
3209	12	30	111
2049	6	30	111
83	1	84	111
3230	12	116	111
1930	15	4977	111
3232	12	29	111
47	6	30	111
1100	6	28	111
8730	23	2951	111
2030	6	2009	111
2094	6	2040	111
2014	15	5057	111
2587	9	2588	111
2702	9	2705	111
5148	15	5088	111
5348	15	5088	111
2020	6	2009	111
2836	9	2705	111
3228	12	117	111
2822	9	2529	111
2809	17	5817	111
769	1	28	111
415	1	416	111
169	1	173	111
2718	9	2482	111
191	6	30	111
3050	10	2924	111
786	15	5088	111
40	6	1439	111
2675	9	2476	111
212	1	189	111
2171	6	116	111
776	15	5088	111
1912	15	5024	111
5158	15	5088	111
396	6	30	111
2125	6	2009	111
2793	9	2476	111
3190	12	2120	111
2837	9	2482	111
211	1	189	111
2164	6	116	111
2124	6	116	111
229	15	5057	111
3193	12	2155	111
2883	9	2517	111
1983	15	5024	111
399	1	405	111
2693	12	28	111
428	6	405	111
2978	10	2924	111
1417	15	5088	111
85	6	116	111
303	1	416	111
284	6	2040	111
636	1	479	111
8730	23	3026	111
2632	9	2476	111
2074	6	405	111
3187	23	12518	111
2035	6	2009	111
12552	23	12525	111
169	6	405	111
2880	9	2517	111
1970	6	2040	111
7403	17	5818	111
3187	12	2055	111
2903	11	3089	111
205	15	4990	111
3020	23	12514	111
832	1	416	111
2785	9	2520	111
2740	9	2482	111
444	1	405	111
473	6	2040	111
2582	9	2520	111
205	6	30	111
488	1	30	111
2845	9	2518	111
636	1	172	111
771	6	30	111
1127	1	846	111
509	6	30	111
3143	11	3087	111
8167	17	5912	111
2059	6	2060	111
114	1	116	111
827	15	5088	111
8824	23	2977	111
1478	1	114	111
2681	9	2476	111
857	15	5088	111
734	15	4977	111
1424	1	479	111
6414	23	2935	111
2895	9	2517	111
2785	9	2593	111
2157	6	2120	111
100	6	30	111
19	6	2009	111
607	15	4990	111
2207	12	2155	111
2071	6	30	111
8571	23	12518	111
1860	9	2517	111
44	6	30	111
2911	9	2482	111
1956	6	2009	111
1588	6	30	111
191	1	30	111
2558	9	2540	111
3215	12	2009	111
2003	6	30	111
2097	6	30	112
206	1	207	112
2156	6	30	112
2894	9	2482	112
431	1	189	112
2845	14	3956	112
2644	9	2593	112
199	1	189	112
215	1	189	112
2696	9	2476	112
197	1	189	112
5308	15	5088	112
2718	9	2540	112
2169	6	29	112
492	1	493	112
3231	12	29	112
2692	9	2476	112
2587	9	2476	112
811	1	416	112
776	1	493	112
2047	6	171	112
1850	23	2951	112
2911	9	2484	112
55	6	30	112
2077	6	2060	112
3113	11	3102	112
4131	14	4044	112
2089	6	116	112
4823	14	4044	112
3237	12	116	112
2079	6	30	112
702	6	28	112
2773	9	2517	112
1894	23	2920	112
728	1	405	112
3219	12	2027	112
5324	15	5088	112
5141	15	5088	112
494	1	28	112
1502	1	416	112
3242	12	2009	112
213	1	189	112
8516	23	2981	112
600	15	5088	112
610	1	416	112
443	1	416	112
717	1	636	112
473	1	416	112
5133	15	5088	112
831	1	416	112
613	1	416	112
2090	6	116	112
2693	11	3087	112
5159	15	5088	112
845	1	28	112
2130	6	2009	112
2080	6	116	112
1394	6	115	112
2809	9	2705	112
6414	23	2935	112
846	1	397	112
2671	9	2672	112
2105	6	30	112
921	6	30	112
178	6	116	112
2558	17	6175	112
1644	1	207	112
2530	14	3431	112
198	1	189	112
2082	15	5057	112
2558	9	2482	112
8301	23	3060	112
3197	12	2120	112
2	6	30	112
2845	10	2977	112
188	1	189	112
1133	6	30	112
172	1	402	112
818	1	416	112
2140	6	2009	112
919	1	921	112
2744	9	2593	112
4918	14	3431	112
2516	9	2484	112
3053	23	12505	112
1912	6	405	112
2793	10	2924	112
598	6	30	112
675	6	405	112
812	1	416	112
428	15	5024	112
588	6	30	112
1871	12	2155	112
2037	6	2009	112
3172	23	3027	112
2894	9	2540	112
25	15	5024	112
2301	23	2951	112
196	1	189	112
3224	12	116	112
3214	12	2120	112
284	1	189	112
2818	9	2482	112
675	15	4990	112
2207	23	12514	112
2085	15	5057	112
921	1	30	112
2809	17	5818	112
2113	6	29	112
810	1	416	112
720	1	28	112
711	1	28	112
310	15	5088	112
1979	6	30	112
88	6	30	112
659	1	341	112
2979	17	6623	112
3754	14	3495	112
1975	6	2009	112
2883	9	2482	112
675	15	5120	112
2516	9	2517	112
822	1	416	112
88	1	90	112
702	1	28	112
309	15	5088	112
658	1	173	112
4654	14	3786	112
25	15	4990	112
25	6	30	112
578	1	28	112
1110	15	5120	112
2813	9	2482	112
1983	6	405	112
1957	6	405	112
44	5	25	112
260	1	189	112
195	1	189	112
728	15	4988	112
1958	6	2009	112
1133	15	4990	112
630	6	30	112
2789	9	2705	112
3866	14	3487	112
2159	6	30	112
2301	23	12535	112
734	15	4977	112
800	1	416	112
1850	23	2951	112
3101	11	3102	112
205	1	207	112
1841	23	2997	112
2761	9	2517	112
759	1	28	112
492	15	5088	112
509	15	4977	112
1592	6	30	112
597	15	5088	112
2832	9	2606	112
3064	23	12505	112
2126	6	2009	112
3209	12	30	112
2049	6	30	112
83	1	84	112
3230	12	116	112
1930	15	4977	112
3232	12	29	112
47	6	30	112
1100	6	28	112
8730	23	2951	112
2030	6	2009	112
2094	6	2040	112
2014	15	5057	112
2587	9	2588	112
2809	17	5816	112
2702	9	2705	112
5148	15	5088	112
5348	15	5088	112
2020	6	2009	112
2836	9	2705	112
3228	12	117	112
2481	9	2482	112
2822	9	2529	112
2809	17	5817	112
769	1	28	112
415	1	416	112
169	1	173	112
2718	9	2482	112
191	6	30	112
3050	10	2924	112
786	15	5088	112
40	6	1439	112
2675	9	2476	112
212	1	189	112
2171	6	116	112
776	15	5088	112
1912	15	5024	112
5158	15	5088	112
396	6	30	112
2125	6	2009	112
2793	9	2476	112
3190	12	2120	112
2837	9	2482	112
211	1	189	112
2164	6	116	112
2124	6	116	112
229	15	5057	112
3193	12	2155	112
2883	9	2517	112
1983	15	5024	112
399	1	405	112
2693	12	28	112
428	6	405	112
2978	10	2924	112
1417	15	5088	112
85	6	116	112
303	1	416	112
284	6	2040	112
636	1	479	112
8730	23	3026	112
2632	9	2476	112
2074	6	405	112
3187	23	12518	112
2035	6	2009	112
12552	23	12525	112
169	6	405	112
2880	9	2517	112
1970	6	2040	112
7403	17	5818	112
3187	12	2055	112
2903	11	3089	112
205	15	4990	112
3020	23	12514	112
832	1	416	112
2785	9	2520	112
2740	9	2482	112
444	1	405	112
473	6	2040	112
2582	9	2520	112
205	6	30	112
488	1	30	112
2845	9	2518	112
636	1	172	112
771	6	30	112
1127	1	846	112
509	6	30	112
3143	11	3087	112
2059	6	2060	112
114	1	116	112
827	15	5088	112
8824	23	2977	112
1478	1	114	112
2681	9	2476	112
857	15	5088	112
734	15	4977	112
1424	1	479	112
6414	23	2935	112
2895	9	2517	112
2785	9	2593	112
2157	6	2120	112
100	6	30	112
19	6	2009	112
607	15	4990	112
2207	12	2155	112
2071	6	30	112
8571	23	12518	112
1860	9	2517	112
44	6	30	112
2911	9	2482	112
1956	6	2009	112
1588	6	30	112
191	1	30	112
2558	9	2540	112
3215	12	2009	112
2003	6	30	112
2097	6	30	113
206	1	207	113
2156	6	30	113
2894	9	2482	113
431	1	189	113
2845	14	3956	113
2644	9	2593	113
199	1	189	113
215	1	189	113
2696	9	2476	113
197	1	189	113
5308	15	5088	113
2718	9	2540	113
2169	6	29	113
492	1	493	113
3231	12	29	113
2692	9	2476	113
2587	9	2476	113
811	1	416	113
776	1	493	113
2047	6	171	113
1850	23	2951	113
2911	9	2484	113
55	6	30	113
2077	6	2060	113
3113	11	3102	113
2089	6	116	113
3237	12	116	113
2079	6	30	113
702	6	28	113
2773	9	2517	113
1894	23	2920	113
728	1	405	113
3219	12	2027	113
5324	15	5088	113
5141	15	5088	113
494	1	28	113
1502	1	416	113
3242	12	2009	113
213	1	189	113
8516	23	2981	113
600	15	5088	113
610	1	416	113
443	1	416	113
717	1	636	113
473	1	416	113
5133	15	5088	113
831	1	416	113
613	1	416	113
2090	6	116	113
2693	11	3087	113
5159	15	5088	113
845	1	28	113
2130	6	2009	113
2080	6	116	113
1394	6	115	113
2809	9	2705	113
6414	23	2935	113
846	1	397	113
2671	9	2672	113
2105	6	30	113
921	6	30	113
178	6	116	113
1644	1	207	113
2530	14	3431	113
198	1	189	113
2082	15	5057	113
2558	9	2482	113
8301	23	3060	113
3197	12	2120	113
2	6	30	113
2845	10	2977	113
188	1	189	113
1133	6	30	113
8949	23	12518	113
172	1	402	113
818	1	416	113
2140	6	2009	113
919	1	921	113
2744	9	2593	113
4918	14	3431	113
2516	9	2484	113
3053	23	12505	113
1912	6	405	113
2793	10	2924	113
598	6	30	113
675	6	405	113
812	1	416	113
428	15	5024	113
588	6	30	113
1871	12	2155	113
2037	6	2009	113
3172	23	3027	113
2894	9	2540	113
25	15	5024	113
2301	23	2951	113
196	1	189	113
3224	12	116	113
3214	12	2120	113
284	1	189	113
2818	9	2482	113
675	15	4990	113
2207	23	12514	113
2085	15	5057	113
921	1	30	113
2809	17	5818	113
2113	6	29	113
810	1	416	113
720	1	28	113
711	1	28	113
310	15	5088	113
1979	6	30	113
88	6	30	113
659	1	341	113
3754	14	3495	113
1975	6	2009	113
2883	9	2482	113
675	15	5120	113
2516	9	2517	113
822	1	416	113
88	1	90	113
702	1	28	113
309	15	5088	113
658	1	173	113
25	15	4990	113
25	6	30	113
578	1	28	113
1110	15	5120	113
2813	9	2482	113
1983	6	405	113
1957	6	405	113
44	5	25	113
2558	17	5912	113
260	1	189	113
195	1	189	113
728	15	4988	113
1958	6	2009	113
1133	15	4990	113
630	6	30	113
2789	9	2705	113
3866	14	3487	113
2159	6	30	113
2301	23	12535	113
734	15	4977	113
800	1	416	113
1850	23	2951	113
3101	11	3102	113
205	1	207	113
1841	23	2997	113
2761	9	2517	113
759	1	28	113
492	15	5088	113
509	15	4977	113
1592	6	30	113
597	15	5088	113
2832	9	2606	113
3064	23	12505	113
2126	6	2009	113
3209	12	30	113
2049	6	30	113
83	1	84	113
3230	12	116	113
1930	15	4977	113
3232	12	29	113
47	6	30	113
1100	6	28	113
8730	23	2951	113
2030	6	2009	113
2094	6	2040	113
2014	15	5057	113
2587	9	2588	113
2809	17	5816	113
2702	9	2705	113
5148	15	5088	113
5348	15	5088	113
2020	6	2009	113
2836	9	2705	113
3228	12	117	113
2481	9	2482	113
2822	9	2529	113
2809	17	5817	113
769	1	28	113
415	1	416	113
169	1	173	113
2718	9	2482	113
191	6	30	113
3050	10	2924	113
786	15	5088	113
40	6	1439	113
2675	9	2476	113
212	1	189	113
2171	6	116	113
776	15	5088	113
1912	15	5024	113
5158	15	5088	113
4003	14	3717	113
396	6	30	113
2125	6	2009	113
2793	9	2476	113
3190	12	2120	113
2837	9	2482	113
211	1	189	113
2164	6	116	113
2124	6	116	113
229	15	5057	113
3193	12	2155	113
2883	9	2517	113
1983	15	5024	113
399	1	405	113
2693	12	28	113
428	6	405	113
2978	10	2924	113
1417	15	5088	113
85	6	116	113
303	1	416	113
284	6	2040	113
636	1	479	113
8730	23	3026	113
2632	9	2476	113
2074	6	405	113
3187	23	12518	113
2035	6	2009	113
12552	23	12525	113
169	6	405	113
2880	9	2517	113
1970	6	2040	113
7403	17	5818	113
3187	12	2055	113
2903	11	3089	113
205	15	4990	113
3020	23	12514	113
832	1	416	113
2785	9	2520	113
2740	9	2482	113
444	1	405	113
473	6	2040	113
2582	9	2520	113
2632	9	2517	113
205	6	30	113
488	1	30	113
2845	9	2518	113
636	1	172	113
771	6	30	113
1127	1	846	113
509	6	30	113
3143	11	3087	113
2059	6	2060	113
114	1	116	113
827	15	5088	113
8824	23	2977	113
1478	1	114	113
2681	9	2476	113
857	15	5088	113
734	15	4977	113
1424	1	479	113
6414	23	2935	113
2895	9	2517	113
2785	9	2593	113
2157	6	2120	113
100	6	30	113
19	6	2009	113
607	15	4990	113
2207	12	2155	113
2071	6	30	113
8571	23	12518	113
1860	9	2517	113
44	6	30	113
2911	9	2482	113
1956	6	2009	113
1588	6	30	113
191	1	30	113
2558	9	2540	113
3215	12	2009	113
2003	6	30	113
2097	6	30	114
206	1	207	114
2156	6	30	114
2894	9	2482	114
431	1	189	114
2845	14	3956	114
2644	9	2593	114
199	1	189	114
215	1	189	114
2696	9	2476	114
197	1	189	114
5308	15	5088	114
2718	9	2540	114
2169	6	29	114
492	1	493	114
3231	12	29	114
2692	9	2476	114
2587	9	2476	114
811	1	416	114
776	1	493	114
2047	6	171	114
1850	23	2951	114
2911	9	2484	114
55	6	30	114
2077	6	2060	114
3113	11	3102	114
2089	6	116	114
3237	12	116	114
2079	6	30	114
702	6	28	114
2773	9	2517	114
1894	23	2920	114
728	1	405	114
3219	12	2027	114
5324	15	5088	114
8983	17	5816	114
5141	15	5088	114
494	1	28	114
1502	1	416	114
3242	12	2009	114
213	1	189	114
8516	23	2981	114
600	15	5088	114
610	1	416	114
443	1	416	114
717	1	636	114
473	1	416	114
5133	15	5088	114
831	1	416	114
613	1	416	114
2090	6	116	114
2693	11	3087	114
5159	15	5088	114
845	1	28	114
2130	6	2009	114
2080	6	116	114
1394	6	115	114
2809	9	2705	114
6414	23	2935	114
846	1	397	114
2671	9	2672	114
2105	6	30	114
921	6	30	114
178	6	116	114
1644	1	207	114
2530	14	3431	114
198	1	189	114
2082	15	5057	114
2558	9	2482	114
8301	23	3060	114
3197	12	2120	114
2	6	30	114
2845	10	2977	114
188	1	189	114
1133	6	30	114
7436	17	4313	114
8949	23	12518	114
172	1	402	114
818	1	416	114
2140	6	2009	114
919	1	921	114
2744	9	2593	114
4918	14	3431	114
2516	9	2484	114
3053	23	12505	114
1912	6	405	114
2793	10	2924	114
598	6	30	114
675	6	405	114
812	1	416	114
428	15	5024	114
588	6	30	114
1871	12	2155	114
2037	6	2009	114
3172	23	3027	114
2894	9	2540	114
25	15	5024	114
2301	23	2951	114
196	1	189	114
3224	12	116	114
3214	12	2120	114
284	1	189	114
2818	9	2482	114
675	15	4990	114
2207	23	12514	114
2085	15	5057	114
921	1	30	114
2809	17	5818	114
2113	6	29	114
810	1	416	114
720	1	28	114
711	1	28	114
310	15	5088	114
6876	17	6877	114
1979	6	30	114
88	6	30	114
659	1	341	114
3754	14	3495	114
1975	6	2009	114
2883	9	2482	114
675	15	5120	114
2516	9	2517	114
822	1	416	114
88	1	90	114
702	1	28	114
309	15	5088	114
658	1	173	114
25	15	4990	114
25	6	30	114
578	1	28	114
1110	15	5120	114
2813	9	2482	114
1983	6	405	114
1957	6	405	114
44	5	25	114
260	1	189	114
195	1	189	114
728	15	4988	114
1958	6	2009	114
1133	15	4990	114
630	6	30	114
2789	9	2705	114
3866	14	3487	114
2159	6	30	114
2301	23	12535	114
734	15	4977	114
800	1	416	114
1850	23	2951	114
3101	11	3102	114
205	1	207	114
1841	23	2997	114
2761	9	2517	114
759	1	28	114
492	15	5088	114
509	15	4977	114
1592	6	30	114
8440	17	6685	114
597	15	5088	114
2832	9	2606	114
3064	23	12505	114
2126	6	2009	114
3209	12	30	114
2049	6	30	114
83	1	84	114
3230	12	116	114
1930	15	4977	114
3232	12	29	114
47	6	30	114
1100	6	28	114
8730	23	2951	114
2030	6	2009	114
2094	6	2040	114
2014	15	5057	114
2587	9	2588	114
2809	17	5816	114
2702	9	2705	114
5148	15	5088	114
5348	15	5088	114
2020	6	2009	114
2836	9	2705	114
3228	12	117	114
2481	9	2482	114
2822	9	2529	114
2809	17	5817	114
769	1	28	114
415	1	416	114
169	1	173	114
2718	9	2482	114
191	6	30	114
3050	10	2924	114
786	15	5088	114
40	6	1439	114
2675	9	2476	114
212	1	189	114
2171	6	116	114
8440	17	6403	114
776	15	5088	114
1912	15	5024	114
5158	15	5088	114
4003	14	3717	114
396	6	30	114
2125	6	2009	114
2793	9	2476	114
3190	12	2120	114
2837	9	2482	114
211	1	189	114
2164	6	116	114
2124	6	116	114
229	15	5057	114
3193	12	2155	114
2883	9	2517	114
1983	15	5024	114
399	1	405	114
2693	12	28	114
428	6	405	114
2978	10	2924	114
1417	15	5088	114
85	6	116	114
303	1	416	114
284	6	2040	114
636	1	479	114
8730	23	3026	114
2632	9	2476	114
2074	6	405	114
3187	23	12518	114
2035	6	2009	114
12552	23	12525	114
169	6	405	114
2880	9	2517	114
1970	6	2040	114
7403	17	5818	114
3187	12	2055	114
2903	11	3089	114
205	15	4990	114
3020	23	12514	114
832	1	416	114
2785	9	2520	114
2740	9	2482	114
444	1	405	114
473	6	2040	114
6831	17	6833	114
2582	9	2520	114
2632	9	2517	114
205	6	30	114
488	1	30	114
2845	9	2518	114
636	1	172	114
771	6	30	114
1127	1	846	114
509	6	30	114
3143	11	3087	114
2059	6	2060	114
114	1	116	114
827	15	5088	114
8824	23	2977	114
1478	1	114	114
2681	9	2476	114
857	15	5088	114
734	15	4977	114
1424	1	479	114
6414	23	2935	114
2895	9	2517	114
2785	9	2593	114
2157	6	2120	114
100	6	30	114
19	6	2009	114
607	15	4990	114
2207	12	2155	114
2071	6	30	114
8571	23	12518	114
1860	9	2517	114
44	6	30	114
2911	9	2482	114
1956	6	2009	114
1588	6	30	114
191	1	30	114
2558	9	2540	114
3215	12	2009	114
2003	6	30	114
2097	6	30	115
206	1	207	115
2156	6	30	115
2894	9	2482	115
431	1	189	115
2845	14	3956	115
2644	9	2593	115
199	1	189	115
215	1	189	115
2696	9	2476	115
197	1	189	115
5308	15	5088	115
2718	9	2540	115
2169	6	29	115
9412	20	6706	115
492	1	493	115
3231	12	29	115
2692	9	2476	115
2587	9	2476	115
811	1	416	115
776	1	493	115
2047	6	171	115
1850	23	2951	115
2911	9	2484	115
55	6	30	115
9239	20	5762	115
2077	6	2060	115
3113	11	3102	115
2089	6	116	115
3237	12	116	115
2079	6	30	115
702	6	28	115
2773	9	2517	115
1894	23	2920	115
728	1	405	115
3219	12	2027	115
5324	15	5088	115
5141	15	5088	115
494	1	28	115
1502	1	416	115
3242	12	2009	115
213	1	189	115
8516	23	2981	115
600	15	5088	115
610	1	416	115
443	1	416	115
717	1	636	115
473	1	416	115
5133	15	5088	115
831	1	416	115
613	1	416	115
2090	6	116	115
2693	11	3087	115
5159	15	5088	115
845	1	28	115
2130	6	2009	115
2080	6	116	115
1394	6	115	115
2809	9	2705	115
6414	23	2935	115
846	1	397	115
2671	9	2672	115
6876	20	6706	115
2105	6	30	115
921	6	30	115
178	6	116	115
1644	1	207	115
2530	14	3431	115
198	1	189	115
2082	15	5057	115
2558	9	2482	115
8301	23	3060	115
3197	12	2120	115
2	6	30	115
2845	10	2977	115
188	1	189	115
1133	6	30	115
9379	20	5762	115
8949	23	12518	115
8167	20	6706	115
172	1	402	115
818	1	416	115
2140	6	2009	115
919	1	921	115
2744	9	2593	115
4918	14	3431	115
2516	9	2484	115
3053	23	12505	115
1912	6	405	115
598	6	30	115
675	6	405	115
812	1	416	115
3197	12	2055	115
428	15	5024	115
588	6	30	115
1871	12	2155	115
2037	6	2009	115
3172	23	3027	115
2894	9	2540	115
25	15	5024	115
2301	23	2951	115
196	1	189	115
3224	12	116	115
3214	12	2120	115
284	1	189	115
2818	9	2482	115
675	15	4990	115
2207	23	12514	115
2085	15	5057	115
921	1	30	115
2809	17	5818	115
2113	6	29	115
810	1	416	115
720	1	28	115
711	1	28	115
310	15	5088	115
1979	6	30	115
88	6	30	115
659	1	341	115
9342	20	6012	115
3754	14	3495	115
6266	20	7092	115
1975	6	2009	115
2883	9	2482	115
675	15	5120	115
2516	9	2517	115
822	1	416	115
88	1	90	115
702	1	28	115
309	15	5088	115
658	1	173	115
25	15	4990	115
25	6	30	115
578	1	28	115
1110	15	5120	115
2813	9	2482	115
1983	6	405	115
1957	6	405	115
44	5	25	115
260	1	189	115
195	1	189	115
728	15	4988	115
9337	20	5762	115
1958	6	2009	115
1133	15	4990	115
630	6	30	115
2789	9	2705	115
3866	14	3487	115
2159	6	30	115
2301	23	12535	115
734	15	4977	115
800	1	416	115
1850	23	2951	115
4003	14	3415	115
3101	11	3102	115
205	1	207	115
1841	23	2997	115
2761	9	2517	115
759	1	28	115
492	15	5088	115
509	15	4977	115
1592	6	30	115
597	15	5088	115
2832	9	2606	115
3064	23	12505	115
2126	6	2009	115
3209	12	30	115
2049	6	30	115
83	1	84	115
3230	12	116	115
1930	15	4977	115
3232	12	29	115
2923	10	2924	115
47	6	30	115
1100	6	28	115
8730	23	2951	115
2030	6	2009	115
2094	6	2040	115
2014	15	5057	115
2587	9	2588	115
2809	17	5816	115
2702	9	2705	115
5148	15	5088	115
5348	15	5088	115
2020	6	2009	115
2836	9	2705	115
3228	12	117	115
2481	9	2482	115
2822	9	2529	115
2809	17	5817	115
769	1	28	115
415	1	416	115
169	1	173	115
2718	9	2482	115
191	6	30	115
3050	10	2924	115
786	15	5088	115
40	6	1439	115
2675	9	2476	115
212	1	189	115
2171	6	116	115
4003	14	3835	115
7525	20	7092	115
776	15	5088	115
1912	15	5024	115
5158	15	5088	115
396	6	30	115
2125	6	2009	115
2793	9	2476	115
2895	20	6706	115
3190	12	2120	115
2837	9	2482	115
211	1	189	115
2164	6	116	115
2124	6	116	115
229	15	5057	115
3193	12	2155	115
2883	9	2517	115
1983	15	5024	115
399	1	405	115
2693	12	28	115
428	6	405	115
2978	10	2924	115
1417	15	5088	115
85	6	116	115
303	1	416	115
284	6	2040	115
636	1	479	115
8730	23	3026	115
2632	9	2476	115
2074	6	405	115
3187	23	12518	115
2035	6	2009	115
12552	23	12525	115
169	6	405	115
2880	9	2517	115
1970	6	2040	115
7403	17	5818	115
3187	12	2055	115
2903	11	3089	115
205	15	4990	115
3020	23	12514	115
832	1	416	115
2785	9	2520	115
2740	9	2482	115
444	1	405	115
473	6	2040	115
2582	9	2520	115
2632	9	2517	115
205	6	30	115
488	1	30	115
2845	9	2518	115
636	1	172	115
771	6	30	115
1127	1	846	115
509	6	30	115
3143	11	3087	115
2059	6	2060	115
114	1	116	115
827	15	5088	115
8824	23	2977	115
1478	1	114	115
2681	9	2476	115
857	15	5088	115
734	15	4977	115
1424	1	479	115
6414	23	2935	115
2895	9	2517	115
2785	9	2593	115
2157	6	2120	115
100	6	30	115
2822	20	6706	115
19	6	2009	115
607	15	4990	115
2207	12	2155	115
2071	6	30	115
8571	23	12518	115
1860	9	2517	115
44	6	30	115
2911	9	2482	115
1956	6	2009	115
1588	6	30	115
191	1	30	115
2558	9	2540	115
3215	12	2009	115
2003	6	30	115
2097	6	30	116
206	1	207	116
2156	6	30	116
2894	9	2482	116
431	1	189	116
2845	14	3956	116
2644	9	2593	116
199	1	189	116
215	1	189	116
2696	9	2476	116
4646	14	3591	116
197	1	189	116
5308	15	5088	116
2718	9	2540	116
2169	6	29	116
492	1	493	116
3231	12	29	116
2692	9	2476	116
2587	9	2476	116
811	1	416	116
776	1	493	116
2047	6	171	116
1850	23	2951	116
2911	9	2484	116
55	6	30	116
2077	6	2060	116
3113	11	3102	116
2089	6	116	116
3237	12	116	116
2079	6	30	116
702	6	28	116
2773	9	2517	116
1894	23	2920	116
728	1	405	116
3219	12	2027	116
5324	15	5088	116
5141	15	5088	116
494	1	28	116
1502	1	416	116
3242	12	2009	116
2895	20	6706	116
213	1	189	116
8516	23	2981	116
2911	17	5762	116
7207	20	7092	116
600	15	5088	116
610	1	416	116
443	1	416	116
717	1	636	116
473	1	416	116
5133	15	5088	116
831	1	416	116
613	1	416	116
2090	6	116	116
2693	11	3087	116
5159	15	5088	116
845	1	28	116
2130	6	2009	116
2080	6	116	116
1394	6	115	116
2809	9	2705	116
6414	23	2935	116
846	1	397	116
7125	20	6780	116
2671	9	2672	116
2105	6	30	116
921	6	30	116
178	6	116	116
1644	1	207	116
2530	14	3431	116
198	1	189	116
2082	15	5057	116
7525	17	7092	116
2558	9	2482	116
8301	23	3060	116
2	6	30	116
2845	10	2977	116
188	1	189	116
1133	6	30	116
6876	20	6706	116
8949	23	12518	116
172	1	402	116
818	1	416	116
2140	6	2009	116
919	1	921	116
2744	9	2593	116
4918	14	3431	116
2516	9	2484	116
3053	23	12505	116
1912	6	405	116
598	6	30	116
675	6	405	116
812	1	416	116
3197	12	2055	116
428	15	5024	116
588	6	30	116
1871	12	2155	116
2037	6	2009	116
3172	23	3027	116
2894	9	2540	116
25	15	5024	116
2301	23	2951	116
196	1	189	116
3224	12	116	116
3214	12	2120	116
284	1	189	116
2818	9	2482	116
675	15	4990	116
2207	23	12514	116
2085	15	5057	116
921	1	30	116
2809	17	5818	116
2113	6	29	116
810	1	416	116
720	1	28	116
711	1	28	116
310	15	5088	116
1979	6	30	116
88	6	30	116
659	1	341	116
3754	14	3495	116
1975	6	2009	116
2883	9	2482	116
675	15	5120	116
2516	9	2517	116
822	1	416	116
88	1	90	116
702	1	28	116
309	15	5088	116
4528	17	6059	116
658	1	173	116
25	15	4990	116
25	6	30	116
578	1	28	116
1110	15	5120	116
2813	9	2482	116
1983	6	405	116
1957	6	405	116
44	5	25	116
260	1	189	116
195	1	189	116
728	15	4988	116
2911	20	5762	116
1958	6	2009	116
1133	15	4990	116
630	6	30	116
2789	9	2705	116
3866	14	3487	116
2159	6	30	116
2301	23	12535	116
734	15	4977	116
800	1	416	116
1850	23	2951	116
4003	14	3415	116
3101	11	3102	116
205	1	207	116
1841	23	2997	116
2761	9	2517	116
759	1	28	116
492	15	5088	116
509	15	4977	116
1592	6	30	116
597	15	5088	116
2832	9	2606	116
2895	17	5873	116
3064	23	12505	116
2126	6	2009	116
3209	12	30	116
2049	6	30	116
83	1	84	116
3230	12	116	116
1930	15	4977	116
3232	12	29	116
2923	10	2924	116
47	6	30	116
2822	20	6706	116
1100	6	28	116
8730	23	2951	116
2030	6	2009	116
2094	6	2040	116
2014	15	5057	116
2587	9	2588	116
2809	17	5816	116
2702	9	2705	116
5148	15	5088	116
5348	15	5088	116
2020	6	2009	116
2836	9	2705	116
3228	12	117	116
2481	9	2482	116
2822	9	2529	116
2809	17	5817	116
769	1	28	116
415	1	416	116
169	1	173	116
2718	9	2482	116
191	6	30	116
3050	10	2924	116
8583	17	5872	116
786	15	5088	116
40	6	1439	116
2675	9	2476	116
212	1	189	116
2171	6	116	116
776	15	5088	116
9337	20	5762	116
1912	15	5024	116
5158	15	5088	116
396	6	30	116
2125	6	2009	116
2793	9	2476	116
3190	12	2120	116
2837	9	2482	116
211	1	189	116
2164	6	116	116
2124	6	116	116
229	15	5057	116
3193	12	2155	116
2883	9	2517	116
1983	15	5024	116
399	1	405	116
9239	20	5762	116
2693	12	28	116
428	6	405	116
2978	10	2924	116
1417	15	5088	116
85	6	116	116
303	1	416	116
284	6	2040	116
636	1	479	116
8730	23	3026	116
2632	9	2476	116
2074	6	405	116
3187	23	12518	116
2035	6	2009	116
12552	23	12525	116
169	6	405	116
2880	9	2517	116
7863	20	6780	116
1970	6	2040	116
7403	17	5818	116
3187	12	2055	116
2903	11	3089	116
205	15	4990	116
3020	23	12514	116
832	1	416	116
2785	9	2520	116
2740	9	2482	116
444	1	405	116
473	6	2040	116
2582	9	2520	116
2632	9	2517	116
8167	17	5862	116
205	6	30	116
488	1	30	116
2845	9	2518	116
636	1	172	116
771	6	30	116
1127	1	846	116
509	6	30	116
3143	11	3087	116
6831	20	6780	116
2059	6	2060	116
114	1	116	116
827	15	5088	116
8824	23	2977	116
1478	1	114	116
2681	9	2476	116
857	15	5088	116
734	15	4977	116
1424	1	479	116
6414	23	2935	116
2895	9	2517	116
2785	9	2593	116
2157	6	2120	116
100	6	30	116
19	6	2009	116
607	15	4990	116
2207	12	2155	116
2071	6	30	116
8571	23	12518	116
1860	9	2517	116
7525	20	7092	116
44	6	30	116
2911	9	2482	116
1956	6	2009	116
1588	6	30	116
191	1	30	116
2558	9	2540	116
3215	12	2009	116
2003	6	30	116
2097	6	30	117
206	1	207	117
2156	6	30	117
2894	9	2482	117
431	1	189	117
2845	14	3956	117
2644	9	2593	117
199	1	189	117
215	1	189	117
2696	9	2476	117
4646	14	3591	117
197	1	189	117
5308	15	5088	117
2718	9	2540	117
2169	6	29	117
4227	14	4228	117
492	1	493	117
3231	12	29	117
2692	9	2476	117
2587	9	2476	117
811	1	416	117
776	1	493	117
2047	6	171	117
1850	23	2951	117
2911	9	2484	117
55	6	30	117
6831	17	6287	117
2077	6	2060	117
3113	11	3102	117
2089	6	116	117
3237	12	116	117
2079	6	30	117
702	6	28	117
2773	9	2517	117
1894	23	2920	117
728	1	405	117
3219	12	2027	117
5324	15	5088	117
5141	15	5088	117
494	1	28	117
1502	1	416	117
3242	12	2009	117
213	1	189	117
8516	23	2981	117
600	15	5088	117
610	1	416	117
443	1	416	117
717	1	636	117
473	1	416	117
5133	15	5088	117
831	1	416	117
9239	20	5762	117
613	1	416	117
2090	6	116	117
2693	11	3087	117
5159	15	5088	117
845	1	28	117
2130	6	2009	117
2080	6	116	117
1394	6	115	117
4823	14	3785	117
2809	9	2705	117
6414	23	2935	117
846	1	397	117
2671	9	2672	117
2105	6	30	117
921	6	30	117
6876	17	5912	117
178	6	116	117
1644	1	207	117
2530	14	3431	117
1910	4	1839	117
198	1	189	117
2082	15	5057	117
2558	9	2482	117
8301	23	3060	117
2	6	30	117
2845	10	2977	117
188	1	189	117
1133	6	30	117
8949	23	12518	117
172	1	402	117
818	1	416	117
2140	6	2009	117
919	1	921	117
2744	9	2593	117
4918	14	3431	117
2516	9	2484	117
3053	23	12505	117
1912	6	405	117
598	6	30	117
675	6	405	117
812	1	416	117
3197	12	2055	117
428	15	5024	117
588	6	30	117
1871	12	2155	117
2037	6	2009	117
3172	23	3027	117
2894	9	2540	117
9337	20	5762	117
25	15	5024	117
2301	23	2951	117
196	1	189	117
3224	12	116	117
3214	12	2120	117
284	1	189	117
2818	9	2482	117
675	15	4990	117
2207	23	12514	117
7207	17	6465	117
2085	15	5057	117
921	1	30	117
2809	17	5818	117
2113	6	29	117
810	1	416	117
720	1	28	117
711	1	28	117
310	15	5088	117
1979	6	30	117
88	6	30	117
659	1	341	117
3754	14	3495	117
7125	17	7126	117
1975	6	2009	117
2883	9	2482	117
675	15	5120	117
2516	9	2517	117
822	1	416	117
88	1	90	117
702	1	28	117
309	15	5088	117
658	1	173	117
25	15	4990	117
25	6	30	117
578	1	28	117
1110	15	5120	117
2813	9	2482	117
1983	6	405	117
7125	20	6780	117
1957	6	405	117
44	5	25	117
7207	20	7092	117
260	1	189	117
195	1	189	117
728	15	4988	117
1958	6	2009	117
1133	15	4990	117
630	6	30	117
2789	9	2705	117
3866	14	3487	117
2159	6	30	117
2301	23	12535	117
734	15	4977	117
800	1	416	117
1850	23	2951	117
4003	14	3415	117
3101	11	3102	117
205	1	207	117
1841	23	2997	117
2761	9	2517	117
759	1	28	117
492	15	5088	117
509	15	4977	117
1592	6	30	117
597	15	5088	117
2832	9	2606	117
3064	23	12505	117
2126	6	2009	117
3209	12	30	117
2049	6	30	117
83	1	84	117
3230	12	116	117
1930	15	4977	117
3232	12	29	117
2923	10	2924	117
47	6	30	117
1100	6	28	117
8730	23	2951	117
2030	6	2009	117
2094	6	2040	117
2014	15	5057	117
2587	9	2588	117
2809	17	5816	117
2702	9	2705	117
5148	15	5088	117
5348	15	5088	117
2020	6	2009	117
2836	9	2705	117
3228	12	117	117
2481	9	2482	117
2822	9	2529	117
2809	17	5817	117
769	1	28	117
415	1	416	117
169	1	173	117
2718	9	2482	117
191	6	30	117
3050	10	2924	117
786	15	5088	117
40	6	1439	117
2675	9	2476	117
2895	20	6706	117
212	1	189	117
2171	6	116	117
776	15	5088	117
1912	15	5024	117
5158	15	5088	117
396	6	30	117
2125	6	2009	117
2793	9	2476	117
3190	12	2120	117
2837	9	2482	117
211	1	189	117
2164	6	116	117
2124	6	116	117
229	15	5057	117
3193	12	2155	117
2883	9	2517	117
1983	15	5024	117
399	1	405	117
2693	12	28	117
428	6	405	117
2978	10	2924	117
1417	15	5088	117
85	6	116	117
303	1	416	117
284	6	2040	117
2822	20	6706	117
636	1	479	117
8730	23	3026	117
2632	9	2476	117
2074	6	405	117
3187	23	12518	117
2035	6	2009	117
12552	23	12525	117
169	6	405	117
2880	9	2517	117
1970	6	2040	117
7403	17	5818	117
3187	12	2055	117
2903	11	3089	117
205	15	4990	117
3020	23	12514	117
832	1	416	117
2785	9	2520	117
2740	9	2482	117
444	1	405	117
473	6	2040	117
2582	9	2520	117
2632	9	2517	117
205	6	30	117
488	1	30	117
2845	9	2518	117
636	1	172	117
771	6	30	117
1127	1	846	117
509	6	30	117
3143	11	3087	117
2059	6	2060	117
114	1	116	117
827	15	5088	117
8824	23	2977	117
1478	1	114	117
2681	9	2476	117
857	15	5088	117
734	15	4977	117
1424	1	479	117
6414	23	2935	117
2895	9	2517	117
2785	9	2593	117
2157	6	2120	117
100	6	30	117
2978	20	6706	117
19	6	2009	117
6831	20	6780	117
607	15	4990	117
2207	12	2155	117
2071	6	30	117
8571	23	12518	117
1860	9	2517	117
44	6	30	117
6876	20	6706	117
2911	9	2482	117
2809	17	5935	117
1956	6	2009	117
1588	6	30	117
191	1	30	117
2558	9	2540	117
3215	12	2009	117
2003	6	30	117
2097	6	30	118
206	1	207	118
2156	6	30	118
2894	9	2482	118
431	1	189	118
2845	14	3956	118
2644	9	2593	118
199	1	189	118
215	1	189	118
2696	9	2476	118
197	1	189	118
5308	15	5088	118
2718	9	2540	118
2169	6	29	118
4227	14	4228	118
492	1	493	118
3231	12	29	118
2692	9	2476	118
2587	9	2476	118
811	1	416	118
776	1	493	118
2047	6	171	118
1850	23	2951	118
2911	9	2484	118
55	6	30	118
2077	6	2060	118
3113	11	3102	118
2089	6	116	118
3237	12	116	118
2079	6	30	118
702	6	28	118
2773	9	2517	118
1894	23	2920	118
728	1	405	118
3219	12	2027	118
5324	15	5088	118
5141	15	5088	118
494	1	28	118
1502	1	416	118
2978	20	6706	118
3242	12	2009	118
213	1	189	118
8516	23	2981	118
600	15	5088	118
610	1	416	118
443	1	416	118
717	1	636	118
473	1	416	118
5133	15	5088	118
831	1	416	118
613	1	416	118
2090	6	116	118
2693	11	3087	118
5159	15	5088	118
845	1	28	118
2130	6	2009	118
2080	6	116	118
1394	6	115	118
4823	14	3785	118
2809	9	2705	118
6414	23	2935	118
846	1	397	118
2671	9	2672	118
2105	6	30	118
921	6	30	118
178	6	116	118
1644	1	207	118
2530	14	3431	118
198	1	189	118
2082	15	5057	118
2558	9	2482	118
8301	23	3060	118
2	6	30	118
2845	10	2977	118
188	1	189	118
1133	6	30	118
7125	20	6780	118
8949	23	12518	118
172	1	402	118
818	1	416	118
2140	6	2009	118
919	1	921	118
2744	9	2593	118
4918	14	3431	118
2516	9	2484	118
3053	23	12505	118
1912	6	405	118
598	6	30	118
675	6	405	118
812	1	416	118
3197	12	2055	118
428	15	5024	118
588	6	30	118
1871	12	2155	118
6876	20	6706	118
2037	6	2009	118
3172	23	3027	118
2894	9	2540	118
25	15	5024	118
2301	23	2951	118
196	1	189	118
3224	12	116	118
3214	12	2120	118
284	1	189	118
2818	9	2482	118
675	15	4990	118
2207	23	12514	118
2085	15	5057	118
921	1	30	118
2809	17	5818	118
2113	6	29	118
6831	20	7092	118
810	1	416	118
720	1	28	118
711	1	28	118
310	15	5088	118
1979	6	30	118
88	6	30	118
659	1	341	118
7863	17	7126	118
9411	20	7092	118
3754	14	3495	118
1975	6	2009	118
2883	9	2482	118
675	15	5120	118
2516	9	2517	118
822	1	416	118
88	1	90	118
702	1	28	118
309	15	5088	118
6876	17	6706	118
658	1	173	118
25	15	4990	118
25	6	30	118
578	1	28	118
1110	15	5120	118
2813	9	2482	118
1983	6	405	118
1957	6	405	118
44	5	25	118
260	1	189	118
195	1	189	118
728	15	4988	118
1958	6	2009	118
1133	15	4990	118
630	6	30	118
2789	9	2705	118
3866	14	3487	118
6831	17	6780	118
2159	6	30	118
2301	23	12535	118
734	15	4977	118
800	1	416	118
1850	23	2951	118
4003	14	3415	118
3101	11	3102	118
205	1	207	118
1841	23	2997	118
2761	9	2517	118
759	1	28	118
492	15	5088	118
6831	20	6780	118
509	15	4977	118
1592	6	30	118
597	15	5088	118
2832	9	2606	118
3064	23	12505	118
2126	6	2009	118
3209	12	30	118
2049	6	30	118
83	1	84	118
3230	12	116	118
1930	15	4977	118
3232	12	29	118
2923	10	2924	118
47	6	30	118
1100	6	28	118
8730	23	2951	118
2030	6	2009	118
2094	6	2040	118
2014	15	5057	118
2587	9	2588	118
2809	17	5816	118
2702	9	2705	118
5148	15	5088	118
5348	15	5088	118
2020	6	2009	118
2836	9	2705	118
3228	12	117	118
2481	9	2482	118
7207	20	7092	118
2822	9	2529	118
2809	17	5817	118
769	1	28	118
415	1	416	118
169	1	173	118
2718	9	2482	118
191	6	30	118
3050	10	2924	118
2822	20	6706	118
786	15	5088	118
40	6	1439	118
2675	9	2476	118
212	1	189	118
2171	6	116	118
776	15	5088	118
1912	15	5024	118
5158	15	5088	118
396	6	30	118
2125	6	2009	118
2793	9	2476	118
3190	12	2120	118
2837	9	2482	118
211	1	189	118
2164	6	116	118
2124	6	116	118
229	15	5057	118
3193	12	2155	118
2883	9	2517	118
1983	15	5024	118
399	1	405	118
2693	12	28	118
428	6	405	118
2978	10	2924	118
1417	15	5088	118
85	6	116	118
303	1	416	118
284	6	2040	118
636	1	479	118
8730	23	3026	118
2632	9	2476	118
2074	6	405	118
3187	23	12518	118
2035	6	2009	118
12552	23	12525	118
169	6	405	118
2880	9	2517	118
1970	6	2040	118
7403	17	5818	118
3187	12	2055	118
2903	11	3089	118
205	15	4990	118
3020	23	12514	118
832	1	416	118
2785	9	2520	118
2740	9	2482	118
444	1	405	118
473	6	2040	118
2582	9	2520	118
2632	9	2517	118
8440	17	5860	118
205	6	30	118
488	1	30	118
2845	9	2518	118
636	1	172	118
771	6	30	118
1127	1	846	118
509	6	30	118
3143	11	3087	118
2059	6	2060	118
1979	6	2148	118
114	1	116	118
827	15	5088	118
8824	23	2977	118
1478	1	114	118
2681	9	2476	118
2822	17	7129	118
857	15	5088	118
734	15	4977	118
1424	1	479	118
6414	23	2935	118
2895	9	2517	118
2785	9	2593	118
2157	6	2120	118
100	6	30	118
19	6	2009	118
607	15	4990	118
2207	12	2155	118
2071	6	30	118
2895	20	6706	118
8571	23	12518	118
1860	9	2517	118
44	6	30	118
2911	9	2482	118
2809	17	5935	118
1956	6	2009	118
1588	6	30	118
191	1	30	118
2558	9	2540	118
3215	12	2009	118
2003	6	30	118
2097	6	30	119
206	1	207	119
2156	6	30	119
2894	9	2482	119
431	1	189	119
2845	14	3956	119
2644	9	2593	119
199	1	189	119
215	1	189	119
2696	9	2476	119
197	1	189	119
5308	15	5088	119
2718	9	2540	119
2169	6	29	119
4227	14	4228	119
492	1	493	119
3231	12	29	119
2692	9	2476	119
2587	9	2476	119
811	1	416	119
776	1	493	119
2047	6	171	119
1850	23	2951	119
2911	9	2484	119
55	6	30	119
2077	6	2060	119
3113	11	3102	119
2089	6	116	119
3237	12	116	119
2079	6	30	119
702	6	28	119
2773	9	2517	119
1894	23	2920	119
728	1	405	119
3219	12	2027	119
5324	15	5088	119
5141	15	5088	119
494	1	28	119
1502	1	416	119
3242	12	2009	119
213	1	189	119
8516	23	2981	119
600	15	5088	119
610	1	416	119
443	1	416	119
717	1	636	119
473	1	416	119
5133	15	5088	119
831	1	416	119
613	1	416	119
2090	6	116	119
2693	11	3087	119
5159	15	5088	119
845	1	28	119
2130	6	2009	119
2080	6	116	119
1394	6	115	119
4823	14	3785	119
2809	9	2705	119
6414	23	2935	119
846	1	397	119
2671	9	2672	119
2105	6	30	119
921	6	30	119
178	6	116	119
1644	1	207	119
2530	14	3431	119
198	1	189	119
2082	15	5057	119
2558	9	2482	119
8301	23	3060	119
2	6	30	119
2822	20	6706	119
2845	10	2977	119
188	1	189	119
1133	6	30	119
172	1	402	119
818	1	416	119
8167	20	6706	119
2140	6	2009	119
919	1	921	119
2744	9	2593	119
4918	14	3431	119
2516	9	2484	119
3053	23	12505	119
1912	6	405	119
598	6	30	119
675	6	405	119
812	1	416	119
3197	12	2055	119
6435	17	6436	119
428	15	5024	119
588	6	30	119
1871	12	2155	119
2037	6	2009	119
3172	23	3027	119
2894	9	2540	119
25	15	5024	119
2301	23	2951	119
196	1	189	119
3224	12	116	119
3214	12	2120	119
284	1	189	119
2818	9	2482	119
675	15	4990	119
2207	23	12514	119
2085	15	5057	119
921	1	30	119
2809	17	5818	119
2113	6	29	119
810	1	416	119
720	1	28	119
711	1	28	119
310	15	5088	119
88	6	30	119
659	1	341	119
3754	14	3495	119
1975	6	2009	119
2883	9	2482	119
675	15	5120	119
2516	9	2517	119
822	1	416	119
88	1	90	119
702	1	28	119
309	15	5088	119
658	1	173	119
25	15	4990	119
25	6	30	119
578	1	28	119
1110	15	5120	119
2813	9	2482	119
1983	6	405	119
1957	6	405	119
44	5	25	119
260	1	189	119
195	1	189	119
728	15	4988	119
1958	6	2009	119
1133	15	4990	119
630	6	30	119
2789	9	2705	119
3866	14	3487	119
2159	6	30	119
2301	23	12535	119
734	15	4977	119
800	1	416	119
1850	23	2951	119
4003	14	3415	119
3101	11	3102	119
205	1	207	119
1841	23	2997	119
2761	9	2517	119
759	1	28	119
492	15	5088	119
509	15	4977	119
1592	6	30	119
597	15	5088	119
2832	9	2606	119
3064	23	12505	119
2126	6	2009	119
3209	12	30	119
2049	6	30	119
83	1	84	119
3230	12	116	119
1930	15	4977	119
3232	12	29	119
2923	10	2924	119
47	6	30	119
1100	6	28	119
8730	23	2951	119
2030	6	2009	119
2094	6	2040	119
2014	15	5057	119
2587	9	2588	119
2809	17	5816	119
2702	9	2705	119
5148	15	5088	119
5348	15	5088	119
2020	6	2009	119
2836	9	2705	119
3228	12	117	119
2481	9	2482	119
2822	9	2529	119
2809	17	5817	119
769	1	28	119
415	1	416	119
169	1	173	119
2718	9	2482	119
191	6	30	119
3050	10	2924	119
786	15	5088	119
40	6	1439	119
2675	9	2476	119
212	1	189	119
2171	6	116	119
776	15	5088	119
1912	15	5024	119
5158	15	5088	119
396	6	30	119
2125	6	2009	119
1911	20	7092	119
2793	9	2476	119
3190	12	2120	119
2837	9	2482	119
211	1	189	119
2164	6	116	119
2124	6	116	119
229	15	5057	119
3193	12	2155	119
2883	9	2517	119
1983	15	5024	119
399	1	405	119
2693	12	28	119
428	6	405	119
1417	15	5088	119
85	6	116	119
303	1	416	119
284	6	2040	119
636	1	479	119
7125	17	6780	119
8730	23	3026	119
2632	9	2476	119
2074	6	405	119
3187	23	12518	119
2035	6	2009	119
12552	23	12525	119
169	6	405	119
2880	9	2517	119
1970	6	2040	119
7403	17	5818	119
3187	12	2055	119
2903	11	3089	119
205	15	4990	119
3020	23	12514	119
832	1	416	119
2785	9	2520	119
2740	9	2482	119
444	1	405	119
473	6	2040	119
2582	9	2520	119
2632	9	2517	119
6511	17	6059	119
205	6	30	119
488	1	30	119
2845	9	2518	119
7169	17	5862	119
636	1	172	119
771	6	30	119
1127	1	846	119
509	6	30	119
3143	11	3087	119
2059	6	2060	119
1979	6	2148	119
114	1	116	119
827	15	5088	119
8824	23	2977	119
1478	1	114	119
7125	20	6780	119
2681	9	2476	119
857	15	5088	119
734	15	4977	119
1424	1	479	119
6414	23	2935	119
2895	9	2517	119
2785	9	2593	119
2157	6	2120	119
100	6	30	119
19	6	2009	119
607	15	4990	119
2207	12	2155	119
2071	6	30	119
8571	23	12518	119
1860	9	2517	119
44	6	30	119
2911	9	2482	119
2809	17	5935	119
1956	6	2009	119
1588	6	30	119
191	1	30	119
2558	9	2540	119
3215	12	2009	119
2003	6	30	119
2097	6	30	120
206	1	207	120
2156	6	30	120
2894	9	2482	120
431	1	189	120
2845	14	3956	120
2644	9	2593	120
199	1	189	120
215	1	189	120
2696	9	2476	120
197	1	189	120
5308	15	5088	120
2718	9	2540	120
2169	6	29	120
4227	14	4228	120
4953	14	3512	120
492	1	493	120
3231	12	29	120
2692	9	2476	120
2587	9	2476	120
811	1	416	120
776	1	493	120
2047	6	171	120
1850	23	2951	120
2911	9	2484	120
55	6	30	120
2077	6	2060	120
3113	11	3102	120
2089	6	116	120
3237	12	116	120
2079	6	30	120
2895	20	6706	120
702	6	28	120
2773	9	2517	120
2822	17	6706	120
1894	23	2920	120
728	1	405	120
3219	12	2027	120
5324	15	5088	120
5141	15	5088	120
494	1	28	120
1502	1	416	120
3242	12	2009	120
213	1	189	120
8516	23	2981	120
600	15	5088	120
610	1	416	120
443	1	416	120
717	1	636	120
473	1	416	120
5133	15	5088	120
831	1	416	120
613	1	416	120
2090	6	116	120
2693	11	3087	120
5159	15	5088	120
845	1	28	120
2130	6	2009	120
2080	6	116	120
1394	6	115	120
4823	14	3785	120
2809	9	2705	120
6414	23	2935	120
846	1	397	120
2671	9	2672	120
2105	6	30	120
6266	17	6066	120
921	6	30	120
178	6	116	120
1644	1	207	120
2530	14	3431	120
198	1	189	120
2082	15	5057	120
2558	9	2482	120
8301	23	3060	120
2	6	30	120
2530	14	3711	120
2845	10	2977	120
188	1	189	120
1133	6	30	120
172	1	402	120
818	1	416	120
2140	6	2009	120
919	1	921	120
2744	9	2593	120
4918	14	3431	120
2516	9	2484	120
3053	23	12505	120
1912	6	405	120
598	6	30	120
675	6	405	120
812	1	416	120
3197	12	2055	120
428	15	5024	120
588	6	30	120
1871	12	2155	120
2037	6	2009	120
3172	23	3027	120
2894	9	2540	120
25	15	5024	120
2301	23	2951	120
196	1	189	120
3224	12	116	120
3214	12	2120	120
284	1	189	120
2818	9	2482	120
675	15	4990	120
2207	23	12514	120
2085	15	5057	120
921	1	30	120
2809	17	5818	120
2113	6	29	120
810	1	416	120
720	1	28	120
711	1	28	120
310	15	5088	120
88	6	30	120
659	1	341	120
3754	14	3495	120
1975	6	2009	120
2883	9	2482	120
675	15	5120	120
2516	9	2517	120
822	1	416	120
88	1	90	120
702	1	28	120
3425	14	3427	120
309	15	5088	120
658	1	173	120
25	15	4990	120
25	6	30	120
578	1	28	120
1110	15	5120	120
2813	9	2482	120
1983	6	405	120
1957	6	405	120
44	5	25	120
260	1	189	120
195	1	189	120
728	15	4988	120
1958	6	2009	120
1133	15	4990	120
630	6	30	120
2789	9	2705	120
3866	14	3487	120
2159	6	30	120
2301	23	12535	120
734	15	4977	120
800	1	416	120
1850	23	2951	120
4003	14	3415	120
3101	11	3102	120
205	1	207	120
1841	23	2997	120
2761	9	2517	120
4003	20	6012	120
759	1	28	120
492	15	5088	120
509	15	4977	120
1592	6	30	120
597	15	5088	120
2832	9	2606	120
3064	23	12505	120
2126	6	2009	120
3209	12	30	120
2049	6	30	120
83	1	84	120
3230	12	116	120
1930	15	4977	120
3232	12	29	120
2923	10	2924	120
47	6	30	120
1100	6	28	120
8730	23	2951	120
2030	6	2009	120
2094	6	2040	120
2014	15	5057	120
2587	9	2588	120
2809	17	5816	120
2702	9	2705	120
5148	15	5088	120
5348	15	5088	120
2020	6	2009	120
2836	9	2705	120
3228	12	117	120
2481	9	2482	120
2822	9	2529	120
2809	17	5817	120
769	1	28	120
8861	17	6236	120
415	1	416	120
169	1	173	120
2718	9	2482	120
191	6	30	120
3050	10	2924	120
786	15	5088	120
40	6	1439	120
2675	9	2476	120
212	1	189	120
2171	6	116	120
776	15	5088	120
1912	15	5024	120
5158	15	5088	120
396	6	30	120
2125	6	2009	120
2793	9	2476	120
3190	12	2120	120
2837	9	2482	120
211	1	189	120
2164	6	116	120
2124	6	116	120
229	15	5057	120
3193	12	2155	120
2883	9	2517	120
1983	15	5024	120
399	1	405	120
2693	12	28	120
428	6	405	120
1417	15	5088	120
85	6	116	120
303	1	416	120
284	6	2040	120
636	1	479	120
8730	23	3026	120
2632	9	2476	120
2074	6	405	120
3187	23	12518	120
2035	6	2009	120
12552	23	12525	120
169	6	405	120
2880	9	2517	120
6266	17	6267	120
1970	6	2040	120
7403	17	5818	120
3187	12	2055	120
2903	11	3089	120
205	15	4990	120
3020	23	12514	120
832	1	416	120
2785	9	2520	120
2740	9	2482	120
444	1	405	120
473	6	2040	120
2582	9	2520	120
2632	9	2517	120
205	6	30	120
488	1	30	120
1863	10	3027	120
2845	9	2518	120
636	1	172	120
771	6	30	120
1127	1	846	120
509	6	30	120
3143	11	3087	120
2059	6	2060	120
1979	6	2148	120
114	1	116	120
827	15	5088	120
8824	23	2977	120
4003	17	6012	120
1478	1	114	120
2681	9	2476	120
857	15	5088	120
8008	20	7092	120
734	15	4977	120
1424	1	479	120
6414	23	2935	120
2895	9	2517	120
2785	9	2593	120
2157	6	2120	120
100	6	30	120
19	6	2009	120
607	15	4990	120
2207	12	2155	120
2071	6	30	120
8571	23	12518	120
1860	9	2517	120
2822	20	6706	120
44	6	30	120
2911	9	2482	120
2809	17	5935	120
1956	6	2009	120
1588	6	30	120
191	1	30	120
2558	9	2540	120
3215	12	2009	120
2003	6	30	120
2097	6	30	121
206	1	207	121
2156	6	30	121
2894	9	2482	121
431	1	189	121
2845	14	3956	121
2644	9	2593	121
199	1	189	121
215	1	189	121
2696	9	2476	121
197	1	189	121
5308	15	5088	121
2718	9	2540	121
2169	6	29	121
4227	14	4228	121
492	1	493	121
3231	12	29	121
2692	9	2476	121
2587	9	2476	121
811	1	416	121
776	1	493	121
2047	6	171	121
1850	23	2951	121
2911	9	2484	121
55	6	30	121
9427	20	6780	121
2077	6	2060	121
3113	11	3102	121
2089	6	116	121
3237	12	116	121
2079	6	30	121
702	6	28	121
2773	9	2517	121
1894	23	2920	121
728	1	405	121
3219	12	2027	121
5324	15	5088	121
5141	15	5088	121
494	1	28	121
2530	9	2517	121
1502	1	416	121
3242	12	2009	121
213	1	189	121
8516	23	2981	121
600	15	5088	121
610	1	416	121
443	1	416	121
717	1	636	121
473	1	416	121
5133	15	5088	121
831	1	416	121
613	1	416	121
2090	6	116	121
2693	11	3087	121
12536	23	2935	121
5159	15	5088	121
845	1	28	121
2130	6	2009	121
2080	6	116	121
1394	6	115	121
4823	14	3785	121
2809	9	2705	121
6414	23	2935	121
846	1	397	121
2671	9	2672	121
2105	6	30	121
921	6	30	121
178	6	116	121
1644	1	207	121
2530	14	3431	121
198	1	189	121
2082	15	5057	121
2558	9	2482	121
8301	23	3060	121
2	6	30	121
2530	14	3711	121
2845	10	2977	121
188	1	189	121
1133	6	30	121
172	1	402	121
818	1	416	121
2140	6	2009	121
919	1	921	121
2744	9	2593	121
4918	14	3431	121
2516	9	2484	121
3053	23	12505	121
1912	6	405	121
598	6	30	121
675	6	405	121
812	1	416	121
3197	12	2055	121
428	15	5024	121
588	6	30	121
1871	12	2155	121
2037	6	2009	121
3172	23	3027	121
2894	9	2540	121
25	15	5024	121
2301	23	2951	121
7260	17	7126	121
196	1	189	121
3224	12	116	121
3214	12	2120	121
284	1	189	121
2818	9	2482	121
675	15	4990	121
2207	23	12514	121
2085	15	5057	121
921	1	30	121
2809	17	5818	121
2113	6	29	121
810	1	416	121
720	1	28	121
711	1	28	121
310	15	5088	121
88	6	30	121
659	1	341	121
3754	14	3495	121
1975	6	2009	121
2883	9	2482	121
675	15	5120	121
2516	9	2517	121
822	1	416	121
88	1	90	121
702	1	28	121
309	15	5088	121
658	1	173	121
25	15	4990	121
25	6	30	121
578	1	28	121
1110	15	5120	121
2813	9	2482	121
1983	6	405	121
1957	6	405	121
44	5	25	121
260	1	189	121
195	1	189	121
728	15	4988	121
1958	6	2009	121
1133	15	4990	121
630	6	30	121
2789	9	2705	121
3866	14	3487	121
2159	6	30	121
2301	23	12535	121
734	15	4977	121
800	1	416	121
1850	23	2951	121
4003	14	3415	121
3101	11	3102	121
205	1	207	121
1841	23	2997	121
2761	9	2517	121
759	1	28	121
492	15	5088	121
509	15	4977	121
1592	6	30	121
597	15	5088	121
2832	9	2606	121
3064	23	12505	121
2126	6	2009	121
3209	12	30	121
2049	6	30	121
83	1	84	121
3230	12	116	121
1930	15	4977	121
3232	12	29	121
2923	10	2924	121
47	6	30	121
1100	6	28	121
8730	23	2951	121
2030	6	2009	121
2094	6	2040	121
2014	15	5057	121
2587	9	2588	121
2809	17	5816	121
2702	9	2705	121
5148	15	5088	121
5348	15	5088	121
2020	6	2009	121
2836	9	2705	121
3228	12	117	121
2481	9	2482	121
2822	9	2529	121
2809	17	5817	121
769	1	28	121
415	1	416	121
169	1	173	121
2718	9	2482	121
191	6	30	121
3050	10	2924	121
8209	20	6780	121
786	15	5088	121
40	6	1439	121
2822	14	3475	121
2675	9	2476	121
212	1	189	121
2171	6	116	121
776	15	5088	121
1912	15	5024	121
5158	15	5088	121
396	6	30	121
2125	6	2009	121
2793	9	2476	121
3190	12	2120	121
2837	9	2482	121
211	1	189	121
2164	6	116	121
2124	6	116	121
229	15	5057	121
3193	12	2155	121
2883	9	2517	121
1983	15	5024	121
399	1	405	121
2693	12	28	121
428	6	405	121
1417	15	5088	121
85	6	116	121
303	1	416	121
284	6	2040	121
636	1	479	121
8730	23	3026	121
2632	9	2476	121
2074	6	405	121
3187	23	12518	121
2035	6	2009	121
12552	23	12525	121
169	6	405	121
2880	9	2517	121
1970	6	2040	121
7403	17	5818	121
3187	12	2055	121
2903	11	3089	121
205	15	4990	121
3020	23	12514	121
832	1	416	121
2785	9	2520	121
2740	9	2482	121
444	1	405	121
473	6	2040	121
2582	9	2520	121
2632	9	2517	121
205	6	30	121
2822	20	6706	121
488	1	30	121
1863	10	3027	121
2845	9	2518	121
636	1	172	121
771	6	30	121
1127	1	846	121
509	6	30	121
3143	11	3087	121
2059	6	2060	121
1979	6	2148	121
114	1	116	121
827	15	5088	121
8824	23	2977	121
1478	1	114	121
7260	20	6780	121
2681	9	2476	121
857	15	5088	121
734	15	4977	121
1424	1	479	121
6414	23	2935	121
2895	9	2517	121
2785	9	2593	121
2157	6	2120	121
100	6	30	121
19	6	2009	121
607	15	4990	121
2207	12	2155	121
2071	6	30	121
8571	23	12518	121
1860	9	2517	121
44	6	30	121
2911	9	2482	121
2809	17	5935	121
1956	6	2009	121
1588	6	30	121
191	1	30	121
2558	9	2540	121
3215	12	2009	121
2003	6	30	121
2097	6	30	122
206	1	207	122
2156	6	30	122
2894	9	2482	122
431	1	189	122
2845	14	3956	122
2644	9	2593	122
199	1	189	122
215	1	189	122
2696	9	2476	122
197	1	189	122
5308	15	5088	122
2718	9	2540	122
2169	6	29	122
4227	14	4228	122
492	1	493	122
3231	12	29	122
2692	9	2476	122
2587	9	2476	122
811	1	416	122
776	1	493	122
2047	6	171	122
1850	23	2951	122
2911	9	2484	122
55	6	30	122
2077	6	2060	122
3113	11	3102	122
2089	6	116	122
3237	12	116	122
2079	6	30	122
702	6	28	122
2773	9	2517	122
1894	23	2920	122
728	1	405	122
3219	12	2027	122
5324	15	5088	122
5141	15	5088	122
494	1	28	122
2530	9	2517	122
1502	1	416	122
3242	12	2009	122
213	1	189	122
8516	23	2981	122
600	15	5088	122
610	1	416	122
443	1	416	122
717	1	636	122
473	1	416	122
5133	15	5088	122
831	1	416	122
613	1	416	122
2090	6	116	122
2693	11	3087	122
12536	23	2935	122
5159	15	5088	122
845	1	28	122
2130	6	2009	122
2080	6	116	122
1394	6	115	122
4823	14	3785	122
2809	9	2705	122
6414	23	2935	122
846	1	397	122
2671	9	2672	122
2105	6	30	122
921	6	30	122
178	6	116	122
1644	1	207	122
2530	14	3431	122
198	1	189	122
2082	15	5057	122
2558	9	2482	122
8301	23	3060	122
2	6	30	122
2530	14	3711	122
2845	10	2977	122
188	1	189	122
1133	6	30	122
8708	23	12505	122
172	1	402	122
818	1	416	122
2140	6	2009	122
919	1	921	122
2744	9	2593	122
4918	14	3431	122
2516	9	2484	122
3053	23	12505	122
1912	6	405	122
598	6	30	122
675	6	405	122
812	1	416	122
3197	12	2055	122
428	15	5024	122
588	6	30	122
1871	12	2155	122
2037	6	2009	122
3172	23	3027	122
2894	9	2540	122
25	15	5024	122
2301	23	2951	122
196	1	189	122
3224	12	116	122
3214	12	2120	122
284	1	189	122
2818	9	2482	122
675	15	4990	122
2207	23	12514	122
2085	15	5057	122
921	1	30	122
2809	17	5818	122
2113	6	29	122
810	1	416	122
720	1	28	122
711	1	28	122
310	15	5088	122
88	6	30	122
659	1	341	122
3754	14	3495	122
1975	6	2009	122
2883	9	2482	122
675	15	5120	122
2516	9	2517	122
822	1	416	122
88	1	90	122
702	1	28	122
309	15	5088	122
658	1	173	122
25	15	4990	122
25	6	30	122
578	1	28	122
1110	15	5120	122
2813	9	2482	122
1983	6	405	122
7169	17	5876	122
1957	6	405	122
2501	23	2920	122
44	5	25	122
260	1	189	122
195	1	189	122
728	15	4988	122
1958	6	2009	122
1133	15	4990	122
630	6	30	122
2789	9	2705	122
3866	14	3487	122
2159	6	30	122
2301	23	12535	122
734	15	4977	122
800	1	416	122
1850	23	2951	122
4003	14	3415	122
3101	11	3102	122
205	1	207	122
1841	23	2997	122
2761	9	2517	122
759	1	28	122
492	15	5088	122
509	15	4977	122
1592	6	30	122
597	15	5088	122
2832	9	2606	122
3064	23	12505	122
2126	6	2009	122
3209	12	30	122
2049	6	30	122
83	1	84	122
3230	12	116	122
1930	15	4977	122
3232	12	29	122
2923	10	2924	122
47	6	30	122
1100	6	28	122
8730	23	2951	122
2030	6	2009	122
2094	6	2040	122
2014	15	5057	122
2587	9	2588	122
2809	17	5816	122
2702	9	2705	122
5148	15	5088	122
5348	15	5088	122
2020	6	2009	122
2836	9	2705	122
3228	12	117	122
2481	9	2482	122
2822	9	2529	122
2809	17	5817	122
769	1	28	122
4488	14	3937	122
415	1	416	122
169	1	173	122
2718	9	2482	122
191	6	30	122
3050	10	2924	122
786	15	5088	122
40	6	1439	122
2822	14	3475	122
2675	9	2476	122
212	1	189	122
2171	6	116	122
776	15	5088	122
1912	15	5024	122
5158	15	5088	122
396	6	30	122
2125	6	2009	122
2793	9	2476	122
3190	12	2120	122
2837	9	2482	122
211	1	189	122
2164	6	116	122
2124	6	116	122
229	15	5057	122
3193	12	2155	122
2883	9	2517	122
1983	15	5024	122
399	1	405	122
2693	12	28	122
428	6	405	122
1417	15	5088	122
85	6	116	122
303	1	416	122
8583	17	5876	122
284	6	2040	122
636	1	479	122
8730	23	3026	122
2632	9	2476	122
2074	6	405	122
3187	23	12518	122
2035	6	2009	122
12552	23	12525	122
169	6	405	122
2880	9	2517	122
1970	6	2040	122
7403	17	5818	122
3187	12	2055	122
2903	11	3089	122
205	15	4990	122
3020	23	12514	122
832	1	416	122
2785	9	2520	122
3242	23	12525	122
2740	9	2482	122
444	1	405	122
473	6	2040	122
2582	9	2520	122
2632	9	2517	122
205	6	30	122
6234	17	6236	122
488	1	30	122
1863	10	3027	122
2845	9	2518	122
636	1	172	122
771	6	30	122
1127	1	846	122
509	6	30	122
3143	11	3087	122
2059	6	2060	122
1979	6	2148	122
114	1	116	122
827	15	5088	122
8824	23	2977	122
1478	1	114	122
1910	14	3956	122
2681	9	2476	122
2655	17	6109	122
857	15	5088	122
734	15	4977	122
1424	1	479	122
6414	23	2935	122
2895	9	2517	122
2785	9	2593	122
2157	6	2120	122
100	6	30	122
19	6	2009	122
607	15	4990	122
2207	12	2155	122
2071	6	30	122
8571	23	12518	122
1860	9	2517	122
44	6	30	122
2911	9	2482	122
2809	17	5935	122
1956	6	2009	122
1588	6	30	122
191	1	30	122
2558	9	2540	122
3215	12	2009	122
2003	6	30	122
2097	6	30	123
206	1	207	123
2156	6	30	123
2894	9	2482	123
431	1	189	123
2845	14	3956	123
2644	9	2593	123
199	1	189	123
215	1	189	123
2696	9	2476	123
9379	20	5762	123
197	1	189	123
5308	15	5088	123
2718	9	2540	123
2169	6	29	123
4227	14	4228	123
492	1	493	123
3231	12	29	123
2692	9	2476	123
2587	9	2476	123
811	1	416	123
776	1	493	123
2047	6	171	123
1850	23	2951	123
2911	9	2484	123
55	6	30	123
3242	23	3072	123
2077	6	2060	123
3113	11	3102	123
2089	6	116	123
3237	12	116	123
2079	6	30	123
702	6	28	123
2773	9	2517	123
1894	23	2920	123
728	1	405	123
3219	12	2027	123
5324	15	5088	123
9341	20	6780	123
5141	15	5088	123
494	1	28	123
2530	9	2517	123
1502	1	416	123
3242	12	2009	123
213	1	189	123
8516	23	2981	123
600	15	5088	123
610	1	416	123
443	1	416	123
717	1	636	123
473	1	416	123
5133	15	5088	123
831	1	416	123
613	1	416	123
2090	6	116	123
2693	11	3087	123
12536	23	2935	123
5159	15	5088	123
845	1	28	123
2130	6	2009	123
2080	6	116	123
1394	6	115	123
4823	14	3785	123
2809	9	2705	123
6414	23	2935	123
846	1	397	123
2671	9	2672	123
2105	6	30	123
921	6	30	123
2648	9	2505	123
178	6	116	123
1644	1	207	123
2530	14	3431	123
198	1	189	123
2082	15	5057	123
2558	9	2482	123
8301	23	3060	123
2	6	30	123
2530	14	3711	123
2845	10	2977	123
188	1	189	123
1133	6	30	123
8708	23	12505	123
172	1	402	123
818	1	416	123
2140	6	2009	123
919	1	921	123
2744	9	2593	123
4918	14	3431	123
2516	9	2484	123
3053	23	12505	123
1912	6	405	123
598	6	30	123
675	6	405	123
812	1	416	123
3197	12	2055	123
428	15	5024	123
588	6	30	123
1871	12	2155	123
2037	6	2009	123
3172	23	3027	123
2894	9	2540	123
25	15	5024	123
2301	23	2951	123
196	1	189	123
3224	12	116	123
3214	12	2120	123
284	1	189	123
2818	9	2482	123
675	15	4990	123
2207	23	12514	123
8583	17	5987	123
2085	15	5057	123
921	1	30	123
2809	17	5818	123
2113	6	29	123
810	1	416	123
720	1	28	123
711	1	28	123
310	15	5088	123
2895	20	6706	123
88	6	30	123
659	1	341	123
3754	14	3495	123
1975	6	2009	123
2883	9	2482	123
675	15	5120	123
8431	17	8432	123
2516	9	2517	123
822	1	416	123
88	1	90	123
702	1	28	123
309	15	5088	123
658	1	173	123
25	15	4990	123
25	6	30	123
578	1	28	123
1110	15	5120	123
9411	20	7092	123
2813	9	2482	123
1983	6	405	123
1957	6	405	123
2501	23	2920	123
44	5	25	123
260	1	189	123
195	1	189	123
3425	14	3427	123
728	15	4988	123
1958	6	2009	123
1133	15	4990	123
630	6	30	123
2789	9	2705	123
3866	14	3487	123
2159	6	30	123
2301	23	12535	123
734	15	4977	123
800	1	416	123
1850	23	2951	123
4003	14	3415	123
3101	11	3102	123
205	1	207	123
1841	23	2997	123
2761	9	2517	123
759	1	28	123
492	15	5088	123
509	15	4977	123
1592	6	30	123
597	15	5088	123
2832	9	2606	123
3064	23	12505	123
2126	6	2009	123
3209	12	30	123
2049	6	30	123
83	1	84	123
3230	12	116	123
1930	15	4977	123
3232	12	29	123
2923	10	2924	123
47	6	30	123
1100	6	28	123
8730	23	2951	123
2030	6	2009	123
2094	6	2040	123
2014	15	5057	123
2587	9	2588	123
2809	17	5816	123
2702	9	2705	123
2558	9	2482	123
5148	15	5088	123
5348	15	5088	123
2020	6	2009	123
2836	9	2705	123
3228	12	117	123
2481	9	2482	123
2822	9	2529	123
2809	17	5817	123
769	1	28	123
4488	14	3937	123
415	1	416	123
169	1	173	123
2718	9	2482	123
191	6	30	123
3050	10	2924	123
786	15	5088	123
40	6	1439	123
2822	14	3475	123
2675	9	2476	123
212	1	189	123
2171	6	116	123
776	15	5088	123
1912	15	5024	123
5158	15	5088	123
396	6	30	123
2125	6	2009	123
2793	9	2476	123
3190	12	2120	123
2837	9	2482	123
211	1	189	123
2164	6	116	123
2124	6	116	123
229	15	5057	123
3193	12	2155	123
2883	9	2517	123
1983	15	5024	123
399	1	405	123
2693	12	28	123
428	6	405	123
1417	15	5088	123
85	6	116	123
303	1	416	123
284	6	2040	123
636	1	479	123
8730	23	3026	123
2632	9	2476	123
2074	6	405	123
3187	23	12518	123
2035	6	2009	123
12552	23	12525	123
169	6	405	123
2880	9	2517	123
1970	6	2040	123
7403	17	5818	123
3187	12	2055	123
2903	11	3089	123
205	15	4990	123
3020	23	12514	123
832	1	416	123
2785	9	2520	123
2740	9	2482	123
444	1	405	123
473	6	2040	123
2582	9	2520	123
2632	9	2517	123
205	6	30	123
488	1	30	123
1863	10	3027	123
2845	9	2518	123
636	1	172	123
771	6	30	123
1127	1	846	123
509	6	30	123
3143	11	3087	123
2059	6	2060	123
1979	6	2148	123
114	1	116	123
827	15	5088	123
8824	23	2977	123
1478	1	114	123
1910	14	3956	123
2681	9	2476	123
857	15	5088	123
734	15	4977	123
1424	1	479	123
6414	23	2935	123
2895	9	2517	123
2785	9	2593	123
2157	6	2120	123
100	6	30	123
19	6	2009	123
607	15	4990	123
2207	12	2155	123
2071	6	30	123
8571	23	12518	123
1860	9	2517	123
44	6	30	123
2911	9	2482	123
2809	17	5935	123
2979	10	2924	123
1956	6	2009	123
1588	6	30	123
191	1	30	123
2558	9	2540	123
3215	12	2009	123
2003	6	30	123
2097	6	30	124
206	1	207	124
2156	6	30	124
2894	9	2482	124
431	1	189	124
2845	14	3956	124
2644	9	2593	124
199	1	189	124
215	1	189	124
2696	9	2476	124
197	1	189	124
5308	15	5088	124
2718	9	2540	124
2169	6	29	124
4227	14	4228	124
492	1	493	124
3231	12	29	124
2692	9	2476	124
2587	9	2476	124
811	1	416	124
776	1	493	124
2047	6	171	124
1850	23	2951	124
2911	9	2484	124
55	6	30	124
3242	23	3045	124
2077	6	2060	124
3113	11	3102	124
2089	6	116	124
3237	12	116	124
2079	6	30	124
702	6	28	124
2773	9	2517	124
1894	23	2920	124
1865	4	1839	124
728	1	405	124
3219	12	2027	124
5324	15	5088	124
5141	15	5088	124
494	1	28	124
2530	9	2517	124
1502	1	416	124
3242	12	2009	124
213	1	189	124
8516	23	2981	124
600	15	5088	124
610	1	416	124
443	1	416	124
717	1	636	124
473	1	416	124
5133	15	5088	124
831	1	416	124
613	1	416	124
2090	6	116	124
2693	11	3087	124
12536	23	2935	124
5159	15	5088	124
845	1	28	124
2130	6	2009	124
2080	6	116	124
1394	6	115	124
4823	14	3785	124
2809	9	2705	124
6414	23	2935	124
846	1	397	124
2671	9	2672	124
2105	6	30	124
921	6	30	124
2648	9	2505	124
178	6	116	124
1644	1	207	124
2530	14	3431	124
198	1	189	124
2082	15	5057	124
8301	23	3060	124
2	6	30	124
2845	10	2977	124
188	1	189	124
1133	6	30	124
8708	23	12505	124
172	1	402	124
818	1	416	124
2140	6	2009	124
919	1	921	124
2744	9	2593	124
4918	14	3431	124
2516	9	2484	124
3053	23	12505	124
1912	6	405	124
598	6	30	124
675	6	405	124
812	1	416	124
3197	12	2055	124
428	15	5024	124
588	6	30	124
1871	12	2155	124
2037	6	2009	124
3172	23	3027	124
2894	9	2540	124
25	15	5024	124
2301	23	2951	124
196	1	189	124
3224	12	116	124
3214	12	2120	124
284	1	189	124
2818	9	2482	124
675	15	4990	124
2207	23	12514	124
2085	15	5057	124
921	1	30	124
2809	17	5818	124
2113	6	29	124
810	1	416	124
720	1	28	124
711	1	28	124
310	15	5088	124
7169	20	6706	124
88	6	30	124
659	1	341	124
9341	20	6780	124
1975	6	2009	124
2883	9	2482	124
675	15	5120	124
2516	9	2517	124
822	1	416	124
88	1	90	124
702	1	28	124
309	15	5088	124
658	1	173	124
25	15	4990	124
25	6	30	124
578	1	28	124
1110	15	5120	124
2813	9	2482	124
1983	6	405	124
1957	6	405	124
2501	23	2920	124
44	5	25	124
260	1	189	124
195	1	189	124
3425	14	3427	124
728	15	4988	124
1958	6	2009	124
1133	15	4990	124
630	6	30	124
2789	9	2705	124
3866	14	3487	124
2159	6	30	124
2301	23	12535	124
734	15	4977	124
800	1	416	124
1850	23	2951	124
3101	11	3102	124
205	1	207	124
1841	23	2997	124
2761	9	2517	124
759	1	28	124
492	15	5088	124
509	15	4977	124
1592	6	30	124
597	15	5088	124
2832	9	2606	124
3064	23	12505	124
2126	6	2009	124
3209	12	30	124
2049	6	30	124
83	1	84	124
3230	12	116	124
1930	15	4977	124
3232	12	29	124
2923	10	2924	124
47	6	30	124
1100	6	28	124
8730	23	2951	124
2030	6	2009	124
2094	6	2040	124
2014	15	5057	124
2587	9	2588	124
2809	17	5816	124
2702	9	2705	124
2558	9	2482	124
5148	15	5088	124
5348	15	5088	124
2020	6	2009	124
2836	9	2705	124
3228	12	117	124
2481	9	2482	124
12536	23	2951	124
2822	9	2529	124
2809	17	5817	124
769	1	28	124
4488	14	3937	124
415	1	416	124
169	1	173	124
2718	9	2482	124
191	6	30	124
3050	10	2924	124
786	15	5088	124
40	6	1439	124
2822	14	3475	124
2675	9	2476	124
212	1	189	124
2171	6	116	124
8210	17	6465	124
776	15	5088	124
1912	15	5024	124
5158	15	5088	124
396	6	30	124
2125	6	2009	124
2793	9	2476	124
3190	12	2120	124
2837	9	2482	124
211	1	189	124
2164	6	116	124
2124	6	116	124
229	15	5057	124
3193	12	2155	124
2883	9	2517	124
1983	15	5024	124
399	1	405	124
2693	12	28	124
428	6	405	124
1417	15	5088	124
85	6	116	124
303	1	416	124
284	6	2040	124
7260	20	6780	124
636	1	479	124
2632	9	2476	124
2074	6	405	124
3187	23	12518	124
2035	6	2009	124
12552	23	12525	124
169	6	405	124
2880	9	2517	124
1970	6	2040	124
7403	17	5818	124
3187	12	2055	124
2903	11	3089	124
205	15	4990	124
3020	23	12514	124
832	1	416	124
2785	9	2520	124
2740	9	2482	124
444	1	405	124
473	6	2040	124
2582	9	2520	124
2632	9	2517	124
1851	23	2997	124
205	6	30	124
488	1	30	124
1863	10	3027	124
2845	9	2518	124
636	1	172	124
6108	17	6109	124
3242	12	115	124
771	6	30	124
1127	1	846	124
509	6	30	124
3143	11	3087	124
2059	6	2060	124
1979	6	2148	124
114	1	116	124
827	15	5088	124
8824	23	2977	124
1478	1	114	124
1910	14	3956	124
2681	9	2476	124
857	15	5088	124
734	15	4977	124
1424	1	479	124
6414	23	2935	124
2895	9	2517	124
2785	9	2593	124
2157	6	2120	124
100	6	30	124
19	6	2009	124
607	15	4990	124
2207	12	2155	124
2071	6	30	124
8571	23	12518	124
8583	17	5873	124
1860	9	2517	124
44	6	30	124
2911	9	2482	124
2809	17	5935	124
2979	10	2924	124
1956	6	2009	124
1588	6	30	124
191	1	30	124
2558	9	2540	124
3215	12	2009	124
2003	6	30	124
2097	6	30	125
206	1	207	125
2156	6	30	125
2894	9	2482	125
431	1	189	125
2845	14	3956	125
2644	9	2593	125
199	1	189	125
215	1	189	125
2696	9	2476	125
197	1	189	125
5308	15	5088	125
2718	9	2540	125
2169	6	29	125
4227	14	4228	125
492	1	493	125
3231	12	29	125
2692	9	2476	125
2587	9	2476	125
811	1	416	125
776	1	493	125
2047	6	171	125
1850	23	2951	125
2911	9	2484	125
55	6	30	125
2077	6	2060	125
3113	11	3102	125
2089	6	116	125
3237	12	116	125
2079	6	30	125
702	6	28	125
2773	9	2517	125
1894	23	2920	125
728	1	405	125
3219	12	2027	125
5324	15	5088	125
5141	15	5088	125
494	1	28	125
2530	9	2517	125
1502	1	416	125
213	1	189	125
8516	23	2981	125
600	15	5088	125
610	1	416	125
443	1	416	125
717	1	636	125
473	1	416	125
5133	15	5088	125
831	1	416	125
613	1	416	125
2090	6	116	125
2693	11	3087	125
5159	15	5088	125
845	1	28	125
2130	6	2009	125
8008	20	7092	125
2080	6	116	125
1394	6	115	125
4823	14	3785	125
2809	9	2705	125
6414	23	2935	125
846	1	397	125
2671	9	2672	125
2105	6	30	125
921	6	30	125
2648	9	2505	125
178	6	116	125
1644	1	207	125
2530	14	3431	125
198	1	189	125
2082	15	5057	125
7446	20	6780	125
8301	23	3060	125
2	6	30	125
2845	10	2977	125
188	1	189	125
1133	6	30	125
8708	23	12505	125
172	1	402	125
818	1	416	125
2140	6	2009	125
919	1	921	125
2744	9	2593	125
4918	14	3431	125
2516	9	2484	125
3053	23	12505	125
1912	6	405	125
598	6	30	125
675	6	405	125
812	1	416	125
3197	12	2055	125
428	15	5024	125
588	6	30	125
1871	12	2155	125
2037	6	2009	125
3172	23	3027	125
2894	9	2540	125
25	15	5024	125
2301	23	2951	125
196	1	189	125
3224	12	116	125
3214	12	2120	125
284	1	189	125
2818	9	2482	125
675	15	4990	125
2207	23	12514	125
2085	15	5057	125
921	1	30	125
2809	17	5818	125
2113	6	29	125
810	1	416	125
720	1	28	125
711	1	28	125
310	15	5088	125
88	6	30	125
659	1	341	125
1975	6	2009	125
2883	9	2482	125
8861	17	8432	125
675	15	5120	125
2516	9	2517	125
822	1	416	125
88	1	90	125
702	1	28	125
309	15	5088	125
658	1	173	125
25	15	4990	125
25	6	30	125
578	1	28	125
1110	15	5120	125
2813	9	2482	125
1983	6	405	125
1957	6	405	125
44	5	25	125
260	1	189	125
195	1	189	125
728	15	4988	125
1958	6	2009	125
1133	15	4990	125
630	6	30	125
2789	9	2705	125
3866	14	3487	125
2159	6	30	125
2301	23	12535	125
734	15	4977	125
800	1	416	125
1850	23	2951	125
3101	11	3102	125
205	1	207	125
1841	23	2997	125
2761	9	2517	125
759	1	28	125
492	15	5088	125
509	15	4977	125
1592	6	30	125
3020	23	2981	125
597	15	5088	125
2832	9	2606	125
3064	23	12505	125
2126	6	2009	125
3209	12	30	125
2049	6	30	125
83	1	84	125
3230	12	116	125
1930	15	4977	125
3232	12	29	125
2923	10	2924	125
47	6	30	125
1100	6	28	125
8730	23	2951	125
2030	6	2009	125
2094	6	2040	125
2014	15	5057	125
2587	9	2588	125
2809	17	5816	125
2702	9	2705	125
2558	9	2482	125
2501	23	3072	125
5148	15	5088	125
5348	15	5088	125
2020	6	2009	125
2836	9	2705	125
3228	12	117	125
2481	9	2482	125
12536	23	2951	125
2822	9	2529	125
2809	17	5817	125
769	1	28	125
4488	14	3937	125
415	1	416	125
169	1	173	125
2718	9	2482	125
191	6	30	125
3050	10	2924	125
786	15	5088	125
40	6	1439	125
2822	14	3475	125
2675	9	2476	125
212	1	189	125
2171	6	116	125
776	15	5088	125
1912	15	5024	125
5158	15	5088	125
396	6	30	125
2125	6	2009	125
2793	9	2476	125
3190	12	2120	125
2837	9	2482	125
211	1	189	125
2164	6	116	125
2124	6	116	125
229	15	5057	125
3193	12	2155	125
2883	9	2517	125
1983	15	5024	125
399	1	405	125
2693	12	28	125
428	6	405	125
1417	15	5088	125
85	6	116	125
303	1	416	125
284	6	2040	125
636	1	479	125
2632	9	2476	125
2074	6	405	125
3187	23	12518	125
2035	6	2009	125
12552	23	12525	125
169	6	405	125
2880	9	2517	125
1970	6	2040	125
7403	17	5818	125
3187	12	2055	125
2903	11	3089	125
205	15	4990	125
3020	23	12514	125
832	1	416	125
2785	9	2520	125
2740	9	2482	125
444	1	405	125
473	6	2040	125
2582	9	2520	125
2632	9	2517	125
1851	23	2997	125
205	6	30	125
488	1	30	125
1863	10	3027	125
2845	9	2518	125
636	1	172	125
3242	12	115	125
771	6	30	125
1127	1	846	125
509	6	30	125
3143	11	3087	125
2059	6	2060	125
1979	6	2148	125
114	1	116	125
827	15	5088	125
8824	23	2977	125
1478	1	114	125
1910	14	3956	125
2681	9	2476	125
857	15	5088	125
734	15	4977	125
1424	1	479	125
6414	23	2935	125
2895	9	2517	125
2785	9	2593	125
2157	6	2120	125
100	6	30	125
19	6	2009	125
607	15	4990	125
2207	12	2155	125
2071	6	30	125
8571	23	12518	125
1860	9	2517	125
44	6	30	125
2911	9	2482	125
2809	17	5935	125
2979	10	2924	125
1956	6	2009	125
1588	6	30	125
191	1	30	125
2558	9	2540	125
3215	12	2009	125
2003	6	30	125
2097	6	30	126
206	1	207	126
2156	6	30	126
2894	9	2482	126
431	1	189	126
2845	14	3956	126
2644	9	2593	126
199	1	189	126
215	1	189	126
2696	9	2476	126
197	1	189	126
5308	15	5088	126
2718	9	2540	126
2169	6	29	126
492	1	493	126
3231	12	29	126
2692	9	2476	126
2587	9	2476	126
811	1	416	126
776	1	493	126
2047	6	171	126
1850	23	2951	126
2911	9	2484	126
55	6	30	126
2077	6	2060	126
3113	11	3102	126
2089	6	116	126
3237	12	116	126
2079	6	30	126
702	6	28	126
2773	9	2517	126
1894	23	2920	126
728	1	405	126
3219	12	2027	126
5324	15	5088	126
5141	15	5088	126
494	1	28	126
2530	9	2517	126
1502	1	416	126
213	1	189	126
8516	23	2981	126
600	15	5088	126
610	1	416	126
443	1	416	126
717	1	636	126
473	1	416	126
5133	15	5088	126
831	1	416	126
613	1	416	126
2481	9	2482	126
2090	6	116	126
2693	11	3087	126
5159	15	5088	126
845	1	28	126
2130	6	2009	126
2080	6	116	126
1394	6	115	126
3050	20	6706	126
4823	14	3785	126
2809	9	2705	126
6414	23	2935	126
2923	17	6406	126
846	1	397	126
2671	9	2672	126
2105	6	30	126
921	6	30	126
2648	9	2505	126
178	6	116	126
1644	1	207	126
2530	14	3431	126
198	1	189	126
2082	15	5057	126
2831	10	2924	126
8301	23	3060	126
1911	20	7092	126
2	6	30	126
2845	10	2977	126
188	1	189	126
1133	6	30	126
8708	23	12505	126
172	1	402	126
818	1	416	126
2140	6	2009	126
919	1	921	126
2744	9	2593	126
4918	14	3431	126
2516	9	2484	126
3053	23	12505	126
1912	6	405	126
598	6	30	126
675	6	405	126
812	1	416	126
3197	12	2055	126
428	15	5024	126
588	6	30	126
1871	12	2155	126
2037	6	2009	126
3172	23	3027	126
2894	9	2540	126
25	15	5024	126
2301	23	2951	126
196	1	189	126
3224	12	116	126
3214	12	2120	126
284	1	189	126
2818	9	2482	126
675	15	4990	126
2207	23	12514	126
2085	15	5057	126
921	1	30	126
2809	17	5818	126
2113	6	29	126
4504	14	3937	126
810	1	416	126
720	1	28	126
711	1	28	126
310	15	5088	126
88	6	30	126
659	1	341	126
1975	6	2009	126
2883	9	2482	126
675	15	5120	126
2516	9	2517	126
822	1	416	126
88	1	90	126
702	1	28	126
309	15	5088	126
658	1	173	126
25	15	4990	126
25	6	30	126
578	1	28	126
1110	15	5120	126
2813	9	2482	126
1983	6	405	126
1957	6	405	126
44	5	25	126
260	1	189	126
195	1	189	126
728	15	4988	126
1958	6	2009	126
1133	15	4990	126
630	6	30	126
2789	9	2705	126
3866	14	3487	126
2159	6	30	126
2301	23	12535	126
734	15	4977	126
800	1	416	126
1850	23	2951	126
3101	11	3102	126
205	1	207	126
1841	23	2997	126
2761	9	2517	126
759	1	28	126
492	15	5088	126
509	15	4977	126
1592	6	30	126
3020	23	2981	126
597	15	5088	126
2832	9	2606	126
3064	23	12505	126
2126	6	2009	126
3209	12	30	126
2049	6	30	126
83	1	84	126
3230	12	116	126
1930	15	4977	126
3232	12	29	126
2923	10	2924	126
47	6	30	126
1100	6	28	126
8730	23	2951	126
2030	6	2009	126
2094	6	2040	126
2014	15	5057	126
2587	9	2588	126
2809	17	5816	126
2702	9	2705	126
2558	9	2482	126
2501	23	3072	126
5148	15	5088	126
5348	15	5088	126
2020	6	2009	126
2836	9	2705	126
3228	12	117	126
2481	9	2482	126
12536	23	2951	126
2822	9	2529	126
2809	17	5817	126
769	1	28	126
4488	14	3937	126
415	1	416	126
169	1	173	126
2718	9	2482	126
191	6	30	126
786	15	5088	126
40	6	1439	126
2822	14	3475	126
2675	9	2476	126
212	1	189	126
2171	6	116	126
776	15	5088	126
1912	15	5024	126
5158	15	5088	126
396	6	30	126
2125	6	2009	126
2793	9	2476	126
3190	12	2120	126
2837	9	2482	126
211	1	189	126
2164	6	116	126
2124	6	116	126
229	15	5057	126
3193	12	2155	126
2883	9	2517	126
1983	15	5024	126
399	1	405	126
2693	12	28	126
428	6	405	126
1417	15	5088	126
85	6	116	126
303	1	416	126
284	6	2040	126
636	1	479	126
2632	9	2476	126
2074	6	405	126
3187	23	12518	126
2035	6	2009	126
12552	23	12525	126
169	6	405	126
2880	9	2517	126
1970	6	2040	126
7403	17	5818	126
3187	12	2055	126
2903	11	3089	126
205	15	4990	126
3020	23	12514	126
832	1	416	126
2785	9	2520	126
2740	9	2482	126
444	1	405	126
473	6	2040	126
2582	9	2520	126
2632	9	2517	126
1851	23	2997	126
205	6	30	126
488	1	30	126
1863	10	3027	126
2845	9	2518	126
636	1	172	126
3242	12	115	126
771	6	30	126
1127	1	846	126
509	6	30	126
3143	11	3087	126
2059	6	2060	126
1979	6	2148	126
114	1	116	126
827	15	5088	126
8824	23	2977	126
1478	1	114	126
1910	14	3956	126
2681	9	2476	126
857	15	5088	126
734	15	4977	126
1424	1	479	126
6414	23	2935	126
2895	9	2517	126
2785	9	2593	126
2157	6	2120	126
100	6	30	126
19	6	2009	126
9427	20	6780	126
607	15	4990	126
2207	12	2155	126
2071	6	30	126
8571	23	12518	126
1860	9	2517	126
44	6	30	126
2911	9	2482	126
2809	17	5935	126
2979	10	2924	126
1956	6	2009	126
1588	6	30	126
191	1	30	126
2558	9	2540	126
3215	12	2009	126
2003	6	30	126
2097	6	30	127
206	1	207	127
2156	6	30	127
2894	9	2482	127
431	1	189	127
2845	14	3956	127
2644	9	2593	127
199	1	189	127
215	1	189	127
2696	9	2476	127
197	1	189	127
5308	15	5088	127
2718	9	2540	127
2169	6	29	127
492	1	493	127
3831	14	3762	127
3231	12	29	127
2692	9	2476	127
2587	9	2476	127
811	1	416	127
776	1	493	127
2047	6	171	127
1850	23	2951	127
2911	9	2484	127
55	6	30	127
2077	6	2060	127
3113	11	3102	127
2089	6	116	127
3237	12	116	127
2079	6	30	127
702	6	28	127
2773	9	2517	127
1894	23	2920	127
728	1	405	127
3219	12	2027	127
5324	15	5088	127
2059	6	2018	127
5141	15	5088	127
494	1	28	127
2530	9	2517	127
1502	1	416	127
213	1	189	127
8516	23	2981	127
600	15	5088	127
610	1	416	127
443	1	416	127
717	1	636	127
473	1	416	127
5133	15	5088	127
831	1	416	127
613	1	416	127
2481	9	2482	127
2090	6	116	127
2693	11	3087	127
5159	15	5088	127
845	1	28	127
2130	6	2009	127
2080	6	116	127
1394	6	115	127
4823	14	3785	127
2809	9	2705	127
6414	23	2935	127
1863	9	2672	127
846	1	397	127
2671	9	2672	127
2105	6	30	127
921	6	30	127
2648	9	2505	127
178	6	116	127
1644	1	207	127
2530	14	3431	127
198	1	189	127
2082	15	5057	127
2831	10	2924	127
8301	23	3060	127
2	6	30	127
2845	10	2977	127
188	1	189	127
1133	6	30	127
8708	23	12505	127
172	1	402	127
818	1	416	127
2140	6	2009	127
919	1	921	127
2744	9	2593	127
4918	14	3431	127
2516	9	2484	127
3053	23	12505	127
1912	6	405	127
598	6	30	127
675	6	405	127
812	1	416	127
3197	12	2055	127
428	15	5024	127
588	6	30	127
1871	12	2155	127
2037	6	2009	127
3172	23	3027	127
2894	9	2540	127
25	15	5024	127
2301	23	2951	127
196	1	189	127
3224	12	116	127
3214	12	2120	127
284	1	189	127
2818	9	2482	127
675	15	4990	127
2207	23	12514	127
2085	15	5057	127
921	1	30	127
2809	17	5818	127
2113	6	29	127
4504	14	3937	127
810	1	416	127
720	1	28	127
711	1	28	127
310	15	5088	127
88	6	30	127
659	1	341	127
1975	6	2009	127
2883	9	2482	127
675	15	5120	127
2516	9	2517	127
822	1	416	127
88	1	90	127
702	1	28	127
309	15	5088	127
658	1	173	127
25	15	4990	127
25	6	30	127
578	1	28	127
1110	15	5120	127
2813	9	2482	127
1983	6	405	127
1957	6	405	127
44	5	25	127
260	1	189	127
195	1	189	127
728	15	4988	127
1958	6	2009	127
1133	15	4990	127
630	6	30	127
2789	9	2705	127
3866	14	3487	127
2159	6	30	127
2301	23	12535	127
734	15	4977	127
800	1	416	127
1850	23	2951	127
3101	11	3102	127
205	1	207	127
1841	23	2997	127
2761	9	2517	127
759	1	28	127
492	15	5088	127
509	15	4977	127
1592	6	30	127
3020	23	2981	127
597	15	5088	127
2832	9	2606	127
3064	23	12505	127
2126	6	2009	127
3209	12	30	127
2049	6	30	127
83	1	84	127
3230	12	116	127
1930	15	4977	127
3232	12	29	127
2923	10	2924	127
47	6	30	127
1100	6	28	127
8730	23	2951	127
2030	6	2009	127
2094	6	2040	127
2014	15	5057	127
2587	9	2588	127
2809	17	5816	127
2702	9	2705	127
2558	9	2482	127
2501	23	3072	127
5148	15	5088	127
5348	15	5088	127
2020	6	2009	127
2836	9	2705	127
3228	12	117	127
12536	23	2951	127
2822	9	2529	127
2809	17	5817	127
769	1	28	127
415	1	416	127
169	1	173	127
2718	9	2482	127
191	6	30	127
786	15	5088	127
40	6	1439	127
2822	14	3475	127
2675	9	2476	127
212	1	189	127
2171	6	116	127
776	15	5088	127
1912	15	5024	127
5158	15	5088	127
396	6	30	127
2125	6	2009	127
2793	9	2476	127
3190	12	2120	127
2837	9	2482	127
211	1	189	127
2164	6	116	127
2124	6	116	127
229	15	5057	127
3193	12	2155	127
2883	9	2517	127
1983	15	5024	127
399	1	405	127
2693	12	28	127
428	6	405	127
1417	15	5088	127
85	6	116	127
303	1	416	127
284	6	2040	127
636	1	479	127
2632	9	2476	127
2074	6	405	127
3187	23	12518	127
4673	14	4044	127
2035	6	2009	127
12552	23	12525	127
169	6	405	127
2880	9	2517	127
1970	6	2040	127
7403	17	5818	127
2655	9	2482	127
3187	12	2055	127
2903	11	3089	127
205	15	4990	127
3020	23	12514	127
9342	20	6012	127
832	1	416	127
2785	9	2520	127
2740	9	2482	127
444	1	405	127
473	6	2040	127
2582	9	2520	127
2632	9	2517	127
1851	23	2997	127
205	6	30	127
488	1	30	127
1863	10	3027	127
2845	9	2518	127
636	1	172	127
3242	12	115	127
771	6	30	127
1127	1	846	127
509	6	30	127
3143	11	3087	127
2059	6	2060	127
1979	6	2148	127
114	1	116	127
827	15	5088	127
2077	6	2018	127
8824	23	2977	127
1478	1	114	127
1910	14	3956	127
2681	9	2476	127
857	15	5088	127
734	15	4977	127
1424	1	479	127
6414	23	2935	127
2895	9	2517	127
2785	9	2593	127
2157	6	2120	127
100	6	30	127
19	6	2009	127
607	15	4990	127
2207	12	2155	127
2071	6	30	127
8571	23	12518	127
8008	20	7092	127
1860	9	2517	127
44	6	30	127
2911	9	2482	127
2809	17	5935	127
2979	10	2924	127
1956	6	2009	127
1588	6	30	127
191	1	30	127
2558	9	2540	127
3215	12	2009	127
2003	6	30	127
2097	6	30	128
206	1	207	128
2156	6	30	128
2894	9	2482	128
431	1	189	128
2845	14	3956	128
2644	9	2593	128
199	1	189	128
215	1	189	128
2696	9	2476	128
197	1	189	128
5308	15	5088	128
2718	9	2540	128
2169	6	29	128
492	1	493	128
3831	14	3762	128
3231	12	29	128
2692	9	2476	128
2587	9	2476	128
811	1	416	128
776	1	493	128
2047	6	171	128
1850	23	2951	128
2911	9	2484	128
55	6	30	128
3215	12	2048	128
3113	11	3102	128
2089	6	116	128
3237	12	116	128
2079	6	30	128
702	6	28	128
2773	9	2517	128
1894	23	2920	128
728	1	405	128
3219	12	2027	128
5324	15	5088	128
9342	20	6012	128
2059	6	2018	128
5141	15	5088	128
494	1	28	128
2530	9	2517	128
1502	1	416	128
213	1	189	128
8516	23	2981	128
600	15	5088	128
610	1	416	128
443	1	416	128
9263	20	6780	128
717	1	636	128
473	1	416	128
5133	15	5088	128
831	1	416	128
613	1	416	128
2481	9	2482	128
2090	6	116	128
2693	11	3087	128
5252	15	5088	128
5159	15	5088	128
845	1	28	128
2130	6	2009	128
2080	6	116	128
1394	6	115	128
4823	14	3785	128
2809	9	2705	128
6414	23	2935	128
1863	9	2672	128
846	1	397	128
2671	9	2672	128
2105	6	30	128
921	6	30	128
2648	9	2505	128
178	6	116	128
1644	1	207	128
2530	14	3431	128
198	1	189	128
2082	15	5057	128
2831	10	2924	128
8301	23	3060	128
2	6	30	128
2845	10	2977	128
188	1	189	128
1133	6	30	128
8708	23	12505	128
172	1	402	128
818	1	416	128
2140	6	2009	128
919	1	921	128
2744	9	2593	128
4918	14	3431	128
2516	9	2484	128
3053	23	12505	128
1912	6	405	128
598	6	30	128
675	6	405	128
812	1	416	128
3197	12	2055	128
428	15	5024	128
588	6	30	128
1871	12	2155	128
2037	6	2009	128
3172	23	3027	128
2894	9	2540	128
25	15	5024	128
2301	23	2951	128
196	1	189	128
3224	12	116	128
3214	12	2120	128
284	1	189	128
2818	9	2482	128
675	15	4990	128
2207	23	12514	128
2085	15	5057	128
921	1	30	128
2809	17	5818	128
2113	6	29	128
4504	14	3937	128
810	1	416	128
720	1	28	128
711	1	28	128
310	15	5088	128
88	6	30	128
659	1	341	128
1975	6	2009	128
2883	9	2482	128
675	15	5120	128
2516	9	2517	128
822	1	416	128
88	1	90	128
702	1	28	128
309	15	5088	128
658	1	173	128
25	15	4990	128
25	6	30	128
578	1	28	128
1110	15	5120	128
2813	9	2482	128
1983	6	405	128
1957	6	405	128
44	5	25	128
260	1	189	128
195	1	189	128
728	15	4988	128
1958	6	2009	128
1133	15	4990	128
630	6	30	128
2789	9	2705	128
3866	14	3487	128
2159	6	30	128
2301	23	12535	128
734	15	4977	128
800	1	416	128
1850	23	2951	128
3101	11	3102	128
205	1	207	128
1841	23	2997	128
2761	9	2517	128
759	1	28	128
492	15	5088	128
509	15	4977	128
1592	6	30	128
3020	23	2981	128
597	15	5088	128
2832	9	2606	128
3064	23	12505	128
2126	6	2009	128
3209	12	30	128
2049	6	30	128
83	1	84	128
3230	12	116	128
1930	15	4977	128
3232	12	29	128
2923	10	2924	128
47	6	30	128
1100	6	28	128
8730	23	2951	128
2030	6	2009	128
2094	6	2040	128
2014	15	5057	128
2587	9	2588	128
2809	17	5816	128
2702	9	2705	128
2558	9	2482	128
2501	23	3072	128
5148	15	5088	128
5348	15	5088	128
2020	6	2009	128
2836	9	2705	128
3228	12	117	128
12536	23	2951	128
2822	9	2529	128
2809	17	5817	128
769	1	28	128
2836	17	5818	128
415	1	416	128
169	1	173	128
2718	9	2482	128
191	6	30	128
786	15	5088	128
40	6	1439	128
2822	14	3475	128
2675	9	2476	128
212	1	189	128
2171	6	116	128
776	15	5088	128
1912	15	5024	128
5158	15	5088	128
396	6	30	128
2125	6	2009	128
2793	9	2476	128
3190	12	2120	128
2837	9	2482	128
211	1	189	128
2164	6	116	128
2124	6	116	128
229	15	5057	128
3193	12	2155	128
2883	9	2517	128
1983	15	5024	128
399	1	405	128
2693	12	28	128
428	6	405	128
1417	15	5088	128
85	6	116	128
303	1	416	128
284	6	2040	128
636	1	479	128
2632	9	2476	128
2074	6	405	128
3187	23	12518	128
4673	14	4044	128
2035	6	2009	128
12552	23	12525	128
169	6	405	128
2880	9	2517	128
1970	6	2040	128
7403	17	5818	128
2655	9	2482	128
3187	12	2055	128
2903	11	3089	128
205	15	4990	128
3020	23	12514	128
832	1	416	128
2785	9	2520	128
2740	9	2482	128
444	1	405	128
473	6	2040	128
2582	9	2520	128
2632	9	2517	128
1851	23	2997	128
205	6	30	128
488	1	30	128
2845	9	2518	128
636	1	172	128
3242	12	115	128
771	6	30	128
1127	1	846	128
509	6	30	128
3143	11	3087	128
1979	6	2148	128
114	1	116	128
827	15	5088	128
2077	6	2018	128
8824	23	2977	128
1478	1	114	128
1910	14	3956	128
2681	9	2476	128
857	15	5088	128
734	15	4977	128
1424	1	479	128
6414	23	2935	128
2895	9	2517	128
2785	9	2593	128
2157	6	2120	128
100	6	30	128
19	6	2009	128
607	15	4990	128
2207	12	2155	128
2071	6	30	128
8571	23	12518	128
1860	9	2517	128
44	6	30	128
2911	9	2482	128
2809	17	5935	128
2979	10	2924	128
1956	6	2009	128
1588	6	30	128
191	1	30	128
2558	9	2540	128
2648	9	2505	128
3215	12	2009	128
2003	6	30	128
2097	6	30	129
206	1	207	129
2156	6	30	129
2894	9	2482	129
431	1	189	129
2845	14	3956	129
2644	9	2593	129
199	1	189	129
215	1	189	129
2696	9	2476	129
197	1	189	129
6266	17	6068	129
5308	15	5088	129
2718	9	2540	129
2169	6	29	129
492	1	493	129
3831	14	3762	129
3231	12	29	129
2692	9	2476	129
2587	9	2476	129
811	1	416	129
776	1	493	129
2047	6	171	129
1850	23	2951	129
2911	9	2484	129
55	6	30	129
3215	12	2048	129
3113	11	3102	129
2089	6	116	129
3237	12	116	129
2079	6	30	129
702	6	28	129
2773	9	2517	129
1894	23	2920	129
728	1	405	129
3219	12	2027	129
5324	15	5088	129
2059	6	2018	129
5141	15	5088	129
494	1	28	129
2530	9	2517	129
1502	1	416	129
213	1	189	129
8516	23	2981	129
600	15	5088	129
610	1	416	129
443	1	416	129
717	1	636	129
473	1	416	129
5133	15	5088	129
831	1	416	129
6876	17	5873	129
613	1	416	129
2481	9	2482	129
2090	6	116	129
2693	11	3087	129
5252	15	5088	129
5159	15	5088	129
845	1	28	129
2130	6	2009	129
2080	6	116	129
1394	6	115	129
4823	14	3785	129
2809	9	2705	129
6414	23	2935	129
1863	9	2672	129
846	1	397	129
2671	9	2672	129
2105	6	30	129
921	6	30	129
2465	14	3495	129
178	6	116	129
1644	1	207	129
2530	14	3431	129
198	1	189	129
2082	15	5057	129
2831	10	2924	129
8301	23	3060	129
2	6	30	129
2845	10	2977	129
188	1	189	129
1133	6	30	129
8708	23	12505	129
172	1	402	129
818	1	416	129
2140	6	2009	129
919	1	921	129
2744	9	2593	129
4918	14	3431	129
2516	9	2484	129
3053	23	12505	129
1912	6	405	129
598	6	30	129
675	6	405	129
812	1	416	129
3197	12	2055	129
428	15	5024	129
588	6	30	129
1871	12	2155	129
2037	6	2009	129
3172	23	3027	129
2894	9	2540	129
25	15	5024	129
2301	23	2951	129
196	1	189	129
3224	12	116	129
3214	12	2120	129
284	1	189	129
2818	9	2482	129
675	15	4990	129
2207	23	12514	129
2085	15	5057	129
3867	14	3750	129
921	1	30	129
2809	17	5818	129
2113	6	29	129
810	1	416	129
720	1	28	129
711	1	28	129
310	15	5088	129
88	6	30	129
659	1	341	129
1975	6	2009	129
2883	9	2482	129
675	15	5120	129
2516	9	2517	129
822	1	416	129
88	1	90	129
702	1	28	129
309	15	5088	129
658	1	173	129
25	15	4990	129
25	6	30	129
578	1	28	129
1110	15	5120	129
2813	9	2482	129
1983	6	405	129
1957	6	405	129
8949	17	6007	129
44	5	25	129
260	1	189	129
195	1	189	129
728	15	4988	129
1958	6	2009	129
1133	15	4990	129
630	6	30	129
2789	9	2705	129
3866	14	3487	129
2159	6	30	129
2301	23	12535	129
734	15	4977	129
800	1	416	129
1850	23	2951	129
3101	11	3102	129
205	1	207	129
1841	23	2997	129
2761	9	2517	129
759	1	28	129
492	15	5088	129
509	15	4977	129
1592	6	30	129
3020	23	2981	129
597	15	5088	129
2832	9	2606	129
3064	23	12505	129
2126	6	2009	129
3209	12	30	129
2049	6	30	129
83	1	84	129
3230	12	116	129
1930	15	4977	129
3232	12	29	129
2923	10	2924	129
47	6	30	129
1100	6	28	129
8730	23	2951	129
2030	6	2009	129
2094	6	2040	129
2014	15	5057	129
2587	9	2588	129
2809	17	5816	129
2702	9	2705	129
2558	9	2482	129
5148	15	5088	129
5348	15	5088	129
2020	6	2009	129
2836	9	2705	129
3228	12	117	129
2822	9	2529	129
2809	17	5817	129
769	1	28	129
2836	17	5818	129
415	1	416	129
169	1	173	129
2718	9	2482	129
191	6	30	129
786	15	5088	129
40	6	1439	129
2822	14	3475	129
2675	9	2476	129
212	1	189	129
2171	6	116	129
776	15	5088	129
1912	15	5024	129
5158	15	5088	129
396	6	30	129
2125	6	2009	129
2793	9	2476	129
3190	12	2120	129
2837	9	2482	129
211	1	189	129
2164	6	116	129
1851	4	1842	129
2124	6	116	129
229	15	5057	129
3193	12	2155	129
6234	20	7092	129
2883	9	2517	129
1983	15	5024	129
399	1	405	129
2693	12	28	129
428	6	405	129
9411	20	6780	129
1417	15	5088	129
85	6	116	129
303	1	416	129
284	6	2040	129
636	1	479	129
2632	9	2476	129
2074	6	405	129
3187	23	12518	129
4673	14	4044	129
2035	6	2009	129
12552	23	12525	129
169	6	405	129
2880	9	2517	129
1970	6	2040	129
7403	17	5818	129
2655	9	2482	129
3187	12	2055	129
2903	11	3089	129
205	15	4990	129
3020	23	12514	129
832	1	416	129
2785	9	2520	129
2740	9	2482	129
444	1	405	129
473	6	2040	129
2582	9	2520	129
2632	9	2517	129
205	6	30	129
488	1	30	129
2845	9	2518	129
636	1	172	129
3242	12	115	129
771	6	30	129
1127	1	846	129
509	6	30	129
3143	11	3087	129
1979	6	2148	129
114	1	116	129
827	15	5088	129
2077	6	2018	129
8824	23	2977	129
1478	1	114	129
1910	14	3956	129
2681	9	2476	129
857	15	5088	129
734	15	4977	129
1424	1	479	129
6414	23	2935	129
2895	9	2517	129
2785	9	2593	129
2157	6	2120	129
100	6	30	129
19	6	2009	129
607	15	4990	129
2207	12	2155	129
2071	6	30	129
8571	23	12518	129
6108	20	7092	129
1860	9	2517	129
44	6	30	129
7446	20	6780	129
2911	9	2482	129
2809	17	5935	129
2979	10	2924	129
1956	6	2009	129
1588	6	30	129
191	1	30	129
2558	9	2540	129
2648	9	2505	129
2003	6	30	129
2097	6	30	130
206	1	207	130
2156	6	30	130
2894	9	2482	130
431	1	189	130
2845	14	3956	130
2644	9	2593	130
199	1	189	130
215	1	189	130
2696	9	2476	130
197	1	189	130
5308	15	5088	130
2718	9	2540	130
2169	6	29	130
492	1	493	130
3831	14	3762	130
3231	12	29	130
2692	9	2476	130
2587	9	2476	130
811	1	416	130
776	1	493	130
2047	6	171	130
1850	23	2951	130
2911	9	2484	130
55	6	30	130
3215	12	2048	130
3113	11	3102	130
2089	6	116	130
7260	20	6780	130
3237	12	116	130
2079	6	30	130
702	6	28	130
2773	9	2517	130
1894	23	2920	130
728	1	405	130
3219	12	2027	130
5324	15	5088	130
2059	6	2018	130
5141	15	5088	130
494	1	28	130
2530	9	2517	130
1502	1	416	130
213	1	189	130
8516	23	2981	130
600	15	5088	130
610	1	416	130
443	1	416	130
717	1	636	130
473	1	416	130
5133	15	5088	130
831	1	416	130
613	1	416	130
2481	9	2482	130
2090	6	116	130
2693	11	3087	130
5252	15	5088	130
5159	15	5088	130
845	1	28	130
2130	6	2009	130
2080	6	116	130
1394	6	115	130
4823	14	3785	130
2809	9	2705	130
6414	23	2935	130
1863	9	2672	130
846	1	397	130
2671	9	2672	130
2105	6	30	130
921	6	30	130
2465	14	3495	130
178	6	116	130
1644	1	207	130
2530	14	3431	130
198	1	189	130
2082	15	5057	130
2831	10	2924	130
8301	23	3060	130
2	6	30	130
2845	10	2977	130
188	1	189	130
1133	6	30	130
8708	23	12505	130
172	1	402	130
818	1	416	130
2140	6	2009	130
919	1	921	130
2744	9	2593	130
4918	14	3431	130
2516	9	2484	130
3053	23	12505	130
1912	6	405	130
598	6	30	130
675	6	405	130
812	1	416	130
3197	12	2055	130
428	15	5024	130
588	6	30	130
1871	12	2155	130
2037	6	2009	130
3172	23	3027	130
2894	9	2540	130
25	15	5024	130
2301	23	2951	130
196	1	189	130
3224	12	116	130
3214	12	2120	130
284	1	189	130
2818	9	2482	130
675	15	4990	130
2207	23	12514	130
2085	15	5057	130
3867	14	3750	130
921	1	30	130
2809	17	5818	130
2113	6	29	130
810	1	416	130
720	1	28	130
711	1	28	130
310	15	5088	130
88	6	30	130
659	1	341	130
1975	6	2009	130
2883	9	2482	130
675	15	5120	130
2516	9	2517	130
822	1	416	130
88	1	90	130
702	1	28	130
309	15	5088	130
658	1	173	130
25	15	4990	130
25	6	30	130
578	1	28	130
1110	15	5120	130
2813	9	2482	130
1983	6	405	130
1957	6	405	130
44	5	25	130
260	1	189	130
195	1	189	130
728	15	4988	130
1958	6	2009	130
1133	15	4990	130
630	6	30	130
2789	9	2705	130
3866	14	3487	130
2159	6	30	130
2301	23	12535	130
734	15	4977	130
800	1	416	130
1850	23	2951	130
3101	11	3102	130
205	1	207	130
1841	23	2997	130
2761	9	2517	130
759	1	28	130
492	15	5088	130
509	15	4977	130
1592	6	30	130
597	15	5088	130
2832	9	2606	130
3064	23	12505	130
2126	6	2009	130
3209	12	30	130
2049	6	30	130
83	1	84	130
3230	12	116	130
1930	15	4977	130
3232	12	29	130
2923	10	2924	130
47	6	30	130
1100	6	28	130
8730	23	2951	130
2030	6	2009	130
2094	6	2040	130
2014	15	5057	130
2587	9	2588	130
2809	17	5816	130
2702	9	2705	130
2558	9	2482	130
5148	15	5088	130
5348	15	5088	130
2020	6	2009	130
2836	9	2705	130
3228	12	117	130
2822	9	2529	130
2809	17	5817	130
769	1	28	130
2836	17	5818	130
415	1	416	130
169	1	173	130
2718	9	2482	130
191	6	30	130
9427	20	6780	130
786	15	5088	130
40	6	1439	130
2822	14	3475	130
2675	9	2476	130
212	1	189	130
2171	6	116	130
6108	20	7092	130
776	15	5088	130
1912	15	5024	130
5158	15	5088	130
396	6	30	130
2125	6	2009	130
2793	9	2476	130
3190	12	2120	130
2837	9	2482	130
211	1	189	130
2164	6	116	130
2124	6	116	130
229	15	5057	130
3193	12	2155	130
2883	9	2517	130
1983	15	5024	130
399	1	405	130
2693	12	28	130
428	6	405	130
1417	15	5088	130
85	6	116	130
303	1	416	130
284	6	2040	130
636	1	479	130
2632	9	2476	130
2074	6	405	130
3187	23	12518	130
2035	6	2009	130
12552	23	12525	130
169	6	405	130
2880	9	2517	130
1970	6	2040	130
7403	17	5818	130
2655	9	2482	130
3187	12	2055	130
2903	11	3089	130
205	15	4990	130
832	1	416	130
2785	9	2520	130
2740	9	2482	130
444	1	405	130
473	6	2040	130
2582	9	2520	130
2632	9	2517	130
205	6	30	130
488	1	30	130
2845	9	2518	130
636	1	172	130
8431	17	6465	130
3242	12	115	130
771	6	30	130
1127	1	846	130
509	6	30	130
3143	11	3087	130
1979	6	2148	130
114	1	116	130
827	15	5088	130
2077	6	2018	130
8824	23	2977	130
1478	1	114	130
1910	14	3956	130
2681	9	2476	130
857	15	5088	130
734	15	4977	130
1424	1	479	130
6414	23	2935	130
2895	9	2517	130
2785	9	2593	130
2157	6	2120	130
100	6	30	130
19	6	2009	130
607	15	4990	130
2207	12	2155	130
2071	6	30	130
8571	23	12518	130
1860	9	2517	130
44	6	30	130
2911	9	2482	130
2809	17	5935	130
2979	10	2924	130
1956	6	2009	130
1588	6	30	130
191	1	30	130
2558	9	2540	130
2648	9	2505	130
8559	20	5762	130
2003	6	30	130
2097	6	30	131
206	1	207	131
2156	6	30	131
2894	9	2482	131
431	1	189	131
2845	14	3956	131
2644	9	2593	131
199	1	189	131
215	1	189	131
2696	9	2476	131
197	1	189	131
5308	15	5088	131
2718	9	2540	131
2169	6	29	131
492	1	493	131
3831	14	3762	131
3231	12	29	131
2692	9	2476	131
2587	9	2476	131
83	1	809	131
811	1	416	131
776	1	493	131
2047	6	171	131
1850	23	2951	131
2911	9	2484	131
488	1	28	131
55	6	30	131
2071	6	28	131
509	6	28	131
3215	12	2048	131
3113	11	3102	131
2089	6	116	131
3237	12	116	131
2079	6	30	131
702	6	28	131
2773	9	2517	131
2049	6	28	131
1894	23	2920	131
728	1	405	131
3219	12	2027	131
5324	15	5088	131
2059	6	2018	131
5141	15	5088	131
494	1	28	131
2530	9	2517	131
1502	1	416	131
2079	6	332	131
213	1	189	131
8516	23	2981	131
600	15	5088	131
610	1	416	131
443	1	416	131
717	1	636	131
2003	6	28	131
473	1	416	131
5133	15	5088	131
831	1	416	131
613	1	416	131
2481	9	2482	131
2090	6	116	131
2693	11	3087	131
5252	15	5088	131
5159	15	5088	131
845	1	28	131
2130	6	2009	131
2080	6	116	131
1394	6	115	131
4823	14	3785	131
2809	9	2705	131
6414	23	2935	131
1863	9	2672	131
846	1	397	131
2671	9	2672	131
28	15	4988	131
2105	6	30	131
921	6	30	131
2465	14	3495	131
178	6	116	131
1644	1	207	131
2530	14	3431	131
198	1	189	131
2082	15	5057	131
2831	10	2924	131
8301	23	3060	131
2	6	30	131
2845	10	2977	131
188	1	189	131
1133	6	30	131
8708	23	12505	131
172	1	402	131
818	1	416	131
2140	6	2009	131
919	1	921	131
2744	9	2593	131
4918	14	3431	131
2516	9	2484	131
3053	23	12505	131
1057	1	28	131
1912	6	405	131
2530	14	3711	131
598	6	30	131
675	6	405	131
812	1	416	131
3197	12	2055	131
2049	6	332	131
428	15	5024	131
588	6	30	131
1871	12	2155	131
2037	6	2009	131
47	6	332	131
3172	23	3027	131
2894	9	2540	131
25	15	5024	131
2301	23	2951	131
191	1	28	131
196	1	189	131
2655	9	2482	131
25	6	332	131
3224	12	116	131
3214	12	2120	131
284	1	189	131
2818	9	2482	131
675	15	4990	131
2207	23	12514	131
2085	15	5057	131
3867	14	3750	131
921	1	30	131
2809	17	5818	131
2113	6	29	131
396	6	28	131
810	1	416	131
720	1	28	131
711	1	28	131
310	15	5088	131
47	6	28	131
88	6	30	131
659	1	341	131
630	6	550	131
1975	6	2009	131
2883	9	2482	131
675	15	5120	131
2516	9	2517	131
822	1	416	131
88	1	90	131
702	1	28	131
309	15	5088	131
1588	6	550	131
658	1	173	131
25	15	4990	131
25	6	30	131
578	1	28	131
1110	15	5120	131
2071	6	332	131
9263	20	6780	131
2813	9	2482	131
1983	6	405	131
396	6	332	131
1957	6	405	131
44	5	25	131
260	1	189	131
195	1	189	131
728	15	4988	131
1958	6	2009	131
1133	15	4990	131
630	6	30	131
2789	9	2705	131
3866	14	3487	131
2159	6	30	131
2301	23	12535	131
734	15	4977	131
800	1	416	131
1850	23	2951	131
3101	11	3102	131
2798	9	2505	131
205	1	207	131
88	6	28	131
1841	23	2997	131
2761	9	2517	131
759	1	28	131
492	15	5088	131
509	15	4977	131
509	6	332	131
1592	6	30	131
597	15	5088	131
2832	9	2606	131
3064	23	12505	131
2126	6	2009	131
3209	12	30	131
2049	6	30	131
83	1	84	131
3230	12	116	131
1930	15	4977	131
3232	12	29	131
2923	10	2924	131
47	6	30	131
1100	6	28	131
8730	23	2951	131
2030	6	2009	131
2094	6	2040	131
2014	15	5057	131
2587	9	2588	131
2809	17	5816	131
2702	9	2705	131
2558	9	2482	131
5148	15	5088	131
5348	15	5088	131
2020	6	2009	131
2836	9	2705	131
3228	12	117	131
2822	9	2529	131
2809	17	5817	131
769	1	28	131
2836	17	5818	131
415	1	416	131
169	1	173	131
2718	9	2482	131
191	6	30	131
100	6	28	131
786	15	5088	131
40	6	1439	131
2822	14	3475	131
2675	9	2476	131
212	1	189	131
6511	20	6012	131
2171	6	116	131
100	6	332	131
776	15	5088	131
1912	15	5024	131
5158	15	5088	131
396	6	30	131
2125	6	2009	131
2793	9	2476	131
3190	12	2120	131
2837	9	2482	131
211	1	189	131
2164	6	116	131
2124	6	116	131
1057	1	30	131
229	15	5057	131
3193	12	2155	131
2883	9	2517	131
6108	20	7092	131
1983	15	5024	131
399	1	405	131
2693	12	28	131
428	6	405	131
191	1	332	131
1417	15	5088	131
2079	6	28	131
85	6	116	131
303	1	416	131
284	6	2040	131
921	1	550	131
636	1	479	131
2632	9	2476	131
2074	6	405	131
3187	23	12518	131
2035	6	2009	131
12552	23	12525	131
169	6	405	131
2880	9	2517	131
1970	6	2040	131
7403	17	5818	131
2655	9	2482	131
3187	12	2055	131
2903	11	3089	131
205	15	4990	131
832	1	416	131
2785	9	2520	131
2740	9	2482	131
444	1	405	131
473	6	2040	131
2582	9	2520	131
2632	9	2517	131
771	6	332	131
1057	1	332	131
205	6	30	131
25	6	28	131
488	1	30	131
921	1	332	131
2845	9	2518	131
636	1	172	131
2	6	332	131
1588	6	332	131
3242	12	115	131
771	6	30	131
1127	1	846	131
509	6	30	131
3143	11	3087	131
1979	6	2148	131
114	1	116	131
827	15	5088	131
2077	6	2018	131
8824	23	2977	131
1478	1	114	131
1910	14	3956	131
2681	9	2476	131
921	6	550	131
44	6	332	131
857	15	5088	131
734	15	4977	131
1424	1	479	131
6414	23	2935	131
2895	9	2517	131
2785	9	2593	131
771	6	28	131
2157	6	2120	131
44	6	550	131
100	6	30	131
1871	12	170	131
2003	6	332	131
19	6	2009	131
607	15	4990	131
2207	12	2155	131
2071	6	30	131
8571	23	12518	131
1860	9	2517	131
44	1	550	131
44	6	30	131
2911	9	2482	131
2809	17	5935	131
2979	10	2924	131
88	6	332	131
1956	6	2009	131
1588	6	30	131
191	1	30	131
2558	9	2540	131
2648	9	2505	131
630	6	332	131
2003	6	30	131
206	1	207	132
2105	6	2027	132
2894	9	2482	132
431	1	189	132
2845	14	3956	132
2644	9	2593	132
199	1	189	132
215	1	189	132
2696	9	2476	132
197	1	189	132
5308	15	5088	132
2718	9	2540	132
2169	6	29	132
492	1	493	132
3231	12	29	132
2692	9	2476	132
2587	9	2476	132
83	1	809	132
1851	10	3013	132
811	1	416	132
776	1	493	132
2047	6	171	132
1850	23	2951	132
2911	9	2484	132
488	1	28	132
55	6	30	132
2071	6	28	132
509	6	28	132
3215	12	2048	132
3113	11	3102	132
2089	6	116	132
3237	12	116	132
19	6	2025	132
702	6	28	132
2773	9	2517	132
2049	6	28	132
1894	23	2920	132
728	1	405	132
3219	12	2027	132
5324	15	5088	132
2059	6	2018	132
5141	15	5088	132
494	1	28	132
2530	9	2517	132
1502	1	416	132
213	1	189	132
8516	23	2981	132
600	15	5088	132
610	1	416	132
443	1	416	132
658	1	172	132
717	1	636	132
473	1	416	132
5133	15	5088	132
831	1	416	132
613	1	416	132
2481	9	2482	132
2090	6	116	132
2693	11	3087	132
5252	15	5088	132
5159	15	5088	132
845	1	28	132
2130	6	2027	132
2130	6	2009	132
8590	17	6639	132
2080	6	116	132
1394	6	115	132
4823	14	3785	132
2809	9	2705	132
6414	23	2935	132
1863	9	2672	132
846	1	397	132
2671	9	2672	132
2605	9	2606	132
28	15	4988	132
2465	14	3495	132
178	6	116	132
1644	1	207	132
2530	14	3431	132
198	1	189	132
2082	15	5057	132
2831	10	2924	132
8301	23	3060	132
2845	10	2977	132
188	1	189	132
1133	6	30	132
8708	23	12505	132
172	1	402	132
818	1	416	132
2140	6	2009	132
919	1	921	132
2744	9	2593	132
4918	14	3431	132
2516	9	2484	132
3053	23	12505	132
1057	1	28	132
1912	6	405	132
2530	14	3711	132
598	6	30	132
2117	6	2032	132
675	6	405	132
812	1	416	132
3197	12	2055	132
428	15	5024	132
2037	6	2009	132
3172	23	3027	132
2894	9	2540	132
25	15	5024	132
509	6	510	132
2301	23	2951	132
191	1	28	132
169	6	402	132
196	1	189	132
2655	9	2482	132
3224	12	116	132
3214	12	2120	132
284	1	189	132
1958	6	2170	132
172	15	5043	132
2818	9	2482	132
675	15	4990	132
2207	23	12514	132
2035	6	2025	132
3220	12	2170	132
2085	15	5057	132
2809	17	5818	132
2113	6	29	132
396	6	28	132
810	1	416	132
720	1	28	132
711	1	28	132
310	15	5088	132
47	6	28	132
659	1	341	132
630	6	550	132
1975	6	2009	132
2883	9	2482	132
675	15	5120	132
2516	9	2517	132
822	1	416	132
88	1	90	132
702	1	28	132
309	15	5088	132
2020	6	2025	132
1588	6	550	132
658	1	173	132
25	15	4990	132
578	1	28	132
1110	15	5120	132
2059	6	2018	132
2813	9	2482	132
1983	6	405	132
428	6	402	132
1133	6	592	132
1957	6	405	132
44	5	25	132
260	1	189	132
169	1	172	132
195	1	189	132
728	15	4988	132
1958	6	2009	132
1133	15	4990	132
2789	9	2705	132
3866	14	3487	132
2159	6	30	132
2301	23	12535	132
734	15	4977	132
800	1	416	132
1850	23	2951	132
3101	11	3102	132
2798	9	2505	132
205	1	207	132
88	6	28	132
1841	23	2997	132
2761	9	2517	132
759	1	28	132
492	15	5088	132
509	15	4977	132
597	15	5088	132
2832	9	2606	132
3064	23	12505	132
2126	6	2009	132
3230	12	116	132
1930	15	4977	132
3232	12	29	132
2923	10	2924	132
1100	6	28	132
8730	23	2951	132
2030	6	2009	132
2094	6	2040	132
2014	15	5057	132
2587	9	2588	132
2809	17	5816	132
2702	9	2705	132
2558	9	2482	132
5148	15	5088	132
5348	15	5088	132
2020	6	2009	132
2836	9	2705	132
3228	12	117	132
2822	9	2529	132
2809	17	5817	132
769	1	28	132
2836	17	5818	132
415	1	416	132
169	1	173	132
2718	9	2482	132
191	6	30	132
44	1	550	132
100	6	28	132
786	15	5088	132
40	6	1439	132
2822	14	3475	132
2675	9	2476	132
2140	6	2018	132
212	1	189	132
2171	6	116	132
776	15	5088	132
1912	15	5024	132
5158	15	5088	132
2125	6	2009	132
2793	9	2476	132
3190	12	2120	132
2837	9	2482	132
211	1	189	132
2164	6	116	132
2124	6	116	132
2030	6	2032	132
229	15	5057	132
3193	12	2155	132
2883	9	2517	132
2126	6	2025	132
1983	15	5024	132
399	1	405	132
2693	12	28	132
428	6	405	132
1417	15	5088	132
2079	6	28	132
85	6	116	132
303	1	416	132
284	6	2040	132
921	1	550	132
636	1	479	132
2632	9	2476	132
2074	6	405	132
3187	23	12518	132
2035	6	2009	132
12552	23	12525	132
2530	9	2476	132
169	6	405	132
2880	9	2517	132
1970	6	2040	132
7403	17	5818	132
3187	12	2055	132
2903	11	3089	132
205	15	4990	132
832	1	416	132
2785	9	2520	132
2740	9	2482	132
444	1	405	132
473	6	2040	132
990	1	510	132
2582	9	2520	132
2632	9	2517	132
2059	6	2060	132
25	6	28	132
2	6	2018	132
2845	9	2518	132
636	1	172	132
1956	6	2040	132
3242	12	115	132
1127	1	846	132
3143	11	3087	132
1979	6	2148	132
114	1	116	132
827	15	5088	132
2077	6	2018	132
8824	23	2977	132
1975	6	2025	132
1478	1	114	132
1910	14	3956	132
2681	9	2476	132
921	6	550	132
6435	17	6175	132
857	15	5088	132
734	15	4977	132
1424	1	479	132
6414	23	2935	132
2895	9	2517	132
2785	9	2593	132
771	6	28	132
2157	6	2120	132
44	6	550	132
1871	12	170	132
19	6	2009	132
607	15	4990	132
2207	12	2155	132
8571	23	12518	132
1860	9	2517	132
44	1	550	132
2911	9	2482	132
2809	17	5935	132
2979	10	2924	132
1956	6	2009	132
2558	9	2540	132
2648	9	2505	132
2140	6	2025	132
19	6	2044	132
3011	10	3013	133
206	1	207	133
2105	6	2027	133
2894	9	2482	133
431	1	189	133
2845	14	3956	133
4733	14	3496	133
2644	9	2593	133
199	1	189	133
215	1	189	133
2696	9	2476	133
197	1	189	133
5308	15	5088	133
2718	9	2540	133
2169	6	29	133
492	1	493	133
2035	6	2088	133
3231	12	29	133
2692	9	2476	133
2587	9	2476	133
83	1	809	133
1851	10	3013	133
811	1	416	133
776	1	493	133
2047	6	171	133
1850	23	2951	133
2911	9	2484	133
488	1	28	133
55	6	30	133
2071	6	28	133
3215	12	2048	133
3113	11	3102	133
2089	6	116	133
3237	12	116	133
702	6	28	133
2773	9	2517	133
2126	6	2088	133
2020	6	2018	133
2049	6	28	133
1894	23	2920	133
9074	17	6685	133
3219	12	2027	133
5324	15	5088	133
5141	15	5088	133
494	1	28	133
2530	9	2517	133
1502	1	416	133
213	1	189	133
8516	23	2981	133
600	15	5088	133
610	1	416	133
443	1	416	133
658	1	172	133
717	1	636	133
473	1	416	133
5133	15	5088	133
831	1	416	133
613	1	416	133
2481	9	2482	133
2090	6	116	133
2693	11	3087	133
5252	15	5088	133
5159	15	5088	133
845	1	28	133
2130	6	2027	133
2080	6	116	133
1394	6	115	133
4823	14	3785	133
2809	9	2705	133
6414	23	2935	133
1863	9	2672	133
846	1	397	133
2671	9	2672	133
2605	9	2606	133
28	15	4988	133
2465	14	3495	133
178	6	116	133
1644	1	207	133
2530	14	3431	133
198	1	189	133
2082	15	5057	133
2831	10	2924	133
921	1	46	133
8301	23	3060	133
399	6	402	133
2845	10	2977	133
188	1	189	133
172	1	402	133
818	1	416	133
919	1	921	133
2744	9	2593	133
1983	6	402	133
4918	14	3431	133
2516	9	2484	133
3053	23	12505	133
1057	1	28	133
1912	6	405	133
2530	14	3711	133
2117	6	2032	133
675	6	405	133
812	1	416	133
3197	12	2055	133
428	15	5024	133
1957	6	402	133
3172	23	3027	133
2894	9	2540	133
25	15	5024	133
509	6	510	133
2301	23	2951	133
191	1	28	133
169	6	402	133
196	1	189	133
2655	9	2482	133
3224	12	116	133
3214	12	2120	133
284	1	189	133
1958	6	2170	133
172	15	5043	133
2818	9	2482	133
675	15	4990	133
2207	23	12514	133
2035	6	2025	133
3220	12	2170	133
2085	15	5057	133
2809	17	5818	133
2113	6	29	133
399	1	402	133
396	6	28	133
810	1	416	133
720	1	28	133
711	1	28	133
310	15	5088	133
47	6	28	133
659	1	341	133
2693	17	5948	133
630	6	550	133
2883	9	2482	133
675	15	5120	133
2516	9	2517	133
822	1	416	133
88	1	90	133
702	1	28	133
309	15	5088	133
2020	6	2025	133
1588	6	550	133
25	15	4990	133
578	1	28	133
1110	15	5120	133
2059	6	2018	133
2813	9	2482	133
1983	6	405	133
428	6	402	133
1133	6	592	133
1957	6	405	133
44	5	25	133
260	1	189	133
169	1	172	133
195	1	189	133
44	6	46	133
1133	15	4990	133
2789	9	2705	133
9074	17	6403	133
3866	14	3487	133
2301	23	12535	133
734	15	4977	133
800	1	416	133
1850	23	2951	133
3101	11	3102	133
2798	9	2505	133
675	6	402	133
205	1	207	133
88	6	28	133
1841	23	2997	133
2761	9	2517	133
759	1	28	133
492	15	5088	133
509	15	4977	133
9225	20	6706	133
597	15	5088	133
2832	9	2606	133
3064	23	12505	133
3230	12	116	133
1930	15	4977	133
588	6	2145	133
3232	12	29	133
2923	10	2924	133
1100	6	28	133
8730	23	2951	133
2094	6	2040	133
2014	15	5057	133
3178	11	3087	133
2587	9	2588	133
2809	17	5816	133
2702	9	2705	133
2558	9	2482	133
5148	15	5088	133
5348	15	5088	133
2836	9	2705	133
3228	12	117	133
2822	9	2529	133
2809	17	5817	133
769	1	28	133
2836	17	5818	133
415	1	416	133
2718	9	2482	133
191	6	30	133
44	1	550	133
100	6	28	133
921	6	46	133
786	15	5088	133
40	6	1439	133
2822	14	3475	133
9427	20	6780	133
2675	9	2476	133
4557	14	3436	133
2140	6	2018	133
212	1	189	133
2171	6	116	133
9412	20	6706	133
776	15	5088	133
1912	15	5024	133
5158	15	5088	133
2793	9	2476	133
3190	12	2120	133
2837	9	2482	133
211	1	189	133
2164	6	116	133
2124	6	116	133
2030	6	2032	133
630	6	46	133
229	15	5057	133
3193	12	2155	133
2883	9	2517	133
2126	6	2025	133
1983	15	5024	133
8559	20	5762	133
2693	12	28	133
1417	15	5088	133
2079	6	28	133
85	6	116	133
303	1	416	133
284	6	2040	133
921	1	550	133
636	1	479	133
2632	9	2476	133
2074	6	405	133
3187	23	12518	133
12552	23	12525	133
2530	9	2476	133
2880	9	2517	133
1970	6	2040	133
7403	17	5818	133
3187	12	2055	133
2903	11	3089	133
205	15	4990	133
4488	14	3937	133
832	1	416	133
2785	9	2520	133
2740	9	2482	133
473	6	2040	133
990	1	510	133
2582	9	2520	133
2632	9	2517	133
2074	6	402	133
2126	6	2036	133
25	6	28	133
2	6	2018	133
2845	9	2518	133
636	1	172	133
1956	6	2040	133
3242	12	115	133
1127	1	846	133
3143	11	3087	133
1979	6	2148	133
114	1	116	133
827	15	5088	133
1975	6	2088	133
2077	6	2018	133
8824	23	2977	133
1975	6	2025	133
1478	1	114	133
1910	14	3956	133
2681	9	2476	133
2035	6	2036	133
921	6	550	133
1912	6	402	133
857	15	5088	133
734	15	4977	133
1424	1	479	133
6414	23	2935	133
2895	9	2517	133
2785	9	2593	133
771	6	28	133
2157	6	2120	133
44	6	550	133
1871	12	170	133
1975	6	2036	133
607	15	4990	133
2207	12	2155	133
8571	23	12518	133
1860	9	2517	133
1588	6	46	133
44	1	46	133
2911	9	2482	133
2809	17	5935	133
2979	10	2924	133
2558	9	2540	133
2648	9	2505	133
19	6	2044	133
3011	10	3013	134
206	1	207	134
2105	6	2027	134
2894	9	2482	134
431	1	189	134
2845	14	3956	134
4733	14	3496	134
2644	9	2593	134
199	1	189	134
215	1	189	134
2696	9	2476	134
197	1	189	134
5308	15	5088	134
2718	9	2540	134
2169	6	29	134
492	1	493	134
2035	6	2088	134
3231	12	29	134
2692	9	2476	134
2587	9	2476	134
83	1	809	134
1851	10	3013	134
811	1	416	134
776	1	493	134
2047	6	171	134
1850	23	2951	134
2911	9	2484	134
488	1	28	134
55	6	30	134
2071	6	28	134
9427	20	6780	134
3215	12	2048	134
3113	11	3102	134
2089	6	116	134
3237	12	116	134
702	6	28	134
2773	9	2517	134
2126	6	2088	134
2020	6	2018	134
2049	6	28	134
1894	23	2920	134
3219	12	2027	134
5324	15	5088	134
5141	15	5088	134
494	1	28	134
2530	9	2517	134
1502	1	416	134
213	1	189	134
8516	23	2981	134
600	15	5088	134
610	1	416	134
443	1	416	134
2901	9	2505	134
658	1	172	134
717	1	636	134
473	1	416	134
5133	15	5088	134
831	1	416	134
1396	1	510	134
613	1	416	134
2481	9	2482	134
2090	6	116	134
2693	11	3087	134
6167	17	5818	134
5252	15	5088	134
5159	15	5088	134
845	1	28	134
2130	6	2027	134
2080	6	116	134
1394	6	115	134
3090	11	3087	134
4823	14	3785	134
2809	9	2705	134
6414	23	2935	134
1863	9	2672	134
846	1	397	134
2671	9	2672	134
2605	9	2606	134
28	15	4988	134
2465	14	3495	134
178	6	116	134
1644	1	207	134
2530	14	3431	134
198	1	189	134
2082	15	5057	134
2831	10	2924	134
921	1	46	134
3205	12	2055	134
8301	23	3060	134
399	6	402	134
2845	10	2977	134
188	1	189	134
172	1	402	134
818	1	416	134
919	1	921	134
2744	9	2593	134
7156	17	6436	134
1983	6	402	134
4918	14	3431	134
2516	9	2484	134
3053	23	12505	134
1057	1	28	134
2530	14	3711	134
2117	6	2032	134
812	1	416	134
3197	12	2055	134
428	15	5024	134
1957	6	402	134
3172	23	3027	134
2894	9	2540	134
25	15	5024	134
509	6	510	134
2301	23	2951	134
191	1	28	134
169	6	402	134
196	1	189	134
2655	9	2482	134
3224	12	116	134
3214	12	2120	134
284	1	189	134
1958	6	2170	134
172	15	5043	134
2818	9	2482	134
675	15	4990	134
2207	23	12514	134
3220	12	2170	134
2085	15	5057	134
2809	17	5818	134
2113	6	29	134
399	1	402	134
396	6	28	134
810	1	416	134
720	1	28	134
711	1	28	134
310	15	5088	134
47	6	28	134
659	1	341	134
1851	10	3012	134
2883	9	2482	134
3159	23	3012	134
675	15	5120	134
2516	9	2517	134
4557	14	3523	134
822	1	416	134
88	1	90	134
702	1	28	134
309	15	5088	134
25	15	4990	134
578	1	28	134
1110	15	5120	134
2059	6	2018	134
2813	9	2482	134
428	6	402	134
1133	6	592	134
44	5	25	134
260	1	189	134
169	1	172	134
195	1	189	134
44	6	46	134
2798	9	2505	134
1133	15	4990	134
2789	9	2705	134
3866	14	3487	134
2301	23	12535	134
734	15	4977	134
800	1	416	134
1850	23	2951	134
3101	11	3102	134
2798	9	2505	134
675	6	402	134
205	1	207	134
88	6	28	134
1841	23	2997	134
2761	9	2517	134
759	1	28	134
492	15	5088	134
509	15	4977	134
597	15	5088	134
2832	9	2606	134
3064	23	12505	134
3230	12	116	134
1930	15	4977	134
588	6	2145	134
3232	12	29	134
2923	10	2924	134
1100	6	28	134
8730	23	2951	134
2094	6	2040	134
2014	15	5057	134
3178	11	3087	134
2587	9	2588	134
2809	17	5816	134
2702	9	2705	134
2558	9	2482	134
5148	15	5088	134
5348	15	5088	134
2836	9	2705	134
3228	12	117	134
2822	9	2529	134
2809	17	5817	134
769	1	28	134
2836	17	5818	134
415	1	416	134
2718	9	2482	134
191	6	30	134
100	6	28	134
3178	17	5948	134
921	6	46	134
786	15	5088	134
40	6	1439	134
2822	14	3475	134
2675	9	2476	134
4557	14	3436	134
2140	6	2018	134
212	1	189	134
2171	6	116	134
776	15	5088	134
1912	15	5024	134
5158	15	5088	134
2793	9	2476	134
3190	12	2120	134
2837	9	2482	134
211	1	189	134
2164	6	116	134
2124	6	116	134
2030	6	2032	134
630	6	46	134
229	15	5057	134
3193	12	2155	134
2883	9	2517	134
1983	15	5024	134
2693	12	28	134
1417	15	5088	134
2079	6	28	134
85	6	116	134
303	1	416	134
284	6	2040	134
636	1	479	134
2632	9	2476	134
3187	23	12518	134
12552	23	12525	134
2530	9	2476	134
2880	9	2517	134
1975	6	625	134
1970	6	2040	134
7403	17	5818	134
3187	12	2055	134
2903	11	3089	134
205	15	4990	134
4488	14	3937	134
832	1	416	134
2785	9	2520	134
2740	9	2482	134
473	6	2040	134
990	1	510	134
2126	6	625	134
2582	9	2520	134
2632	9	2517	134
2074	6	402	134
3011	10	3012	134
25	6	28	134
2	6	2018	134
2845	9	2518	134
636	1	172	134
1956	6	2040	134
3242	12	115	134
1127	1	846	134
3143	11	3087	134
2903	12	170	134
1979	6	2148	134
114	1	116	134
827	15	5088	134
1975	6	2088	134
2077	6	2018	134
8824	23	2977	134
588	6	589	134
1478	1	114	134
1910	14	3956	134
7621	17	7142	134
2681	9	2476	134
2035	6	625	134
1912	6	402	134
857	15	5088	134
9412	20	6706	134
734	15	4977	134
1424	1	479	134
6414	23	2935	134
2895	9	2517	134
2785	9	2593	134
771	6	28	134
2157	6	2120	134
1871	12	170	134
607	15	4990	134
2207	12	2155	134
8571	23	12518	134
1860	9	2517	134
1588	6	46	134
44	1	46	134
2911	9	2482	134
2809	17	5935	134
2979	10	2924	134
1851	10	2997	134
2558	9	2540	134
2648	9	2505	134
19	6	2044	134
206	1	207	135
2105	6	2027	135
2894	9	2482	135
431	1	189	135
2845	14	3956	135
4733	14	3496	135
2644	9	2593	135
199	1	189	135
215	1	189	135
2696	9	2476	135
197	1	189	135
5308	15	5088	135
2718	9	2540	135
2169	6	29	135
492	1	493	135
3231	12	29	135
2692	9	2476	135
2587	9	2476	135
83	1	809	135
811	1	416	135
776	1	493	135
2047	6	171	135
1850	23	2951	135
2911	9	2484	135
488	1	28	135
55	6	30	135
2071	6	28	135
3215	12	2048	135
3113	11	3102	135
7553	20	5762	135
2089	6	116	135
9412	20	6706	135
3237	12	116	135
702	6	28	135
2773	9	2517	135
2020	6	2018	135
2049	6	28	135
1894	23	2920	135
3219	12	2027	135
5324	15	5088	135
5141	15	5088	135
494	1	28	135
2530	9	2517	135
1502	1	416	135
213	1	189	135
8516	23	2981	135
600	15	5088	135
610	1	416	135
443	1	416	135
2901	9	2505	135
658	1	172	135
717	1	636	135
473	1	416	135
5133	15	5088	135
831	1	416	135
1396	1	510	135
613	1	416	135
2481	9	2482	135
2090	6	116	135
2693	11	3087	135
5252	15	5088	135
5159	15	5088	135
845	1	28	135
2130	6	2027	135
2080	6	116	135
1394	6	115	135
3090	11	3087	135
4823	14	3785	135
2809	9	2705	135
6414	23	2935	135
1863	9	2672	135
7446	20	6780	135
846	1	397	135
2671	9	2672	135
2605	9	2606	135
28	15	4988	135
1592	6	2145	135
2465	14	3495	135
178	6	116	135
1644	1	207	135
2530	14	3431	135
198	1	189	135
2082	15	5057	135
2831	10	2924	135
921	1	46	135
3205	12	2055	135
8301	23	3060	135
4775	14	3496	135
399	6	402	135
2845	10	2977	135
188	1	189	135
172	1	402	135
55	6	29	135
818	1	416	135
2149	6	29	135
919	1	921	135
2744	9	2593	135
1983	6	402	135
4918	14	3431	135
2516	9	2484	135
3053	23	12505	135
1057	1	28	135
2117	6	2032	135
812	1	416	135
3197	12	2055	135
428	15	5024	135
1957	6	402	135
3172	23	3027	135
2894	9	2540	135
25	15	5024	135
509	6	510	135
2301	23	2951	135
191	1	28	135
169	6	402	135
196	1	189	135
2655	9	2482	135
3224	12	116	135
3214	12	2120	135
284	1	189	135
1958	6	2170	135
172	15	5043	135
2818	9	2482	135
675	15	4990	135
7573	20	6706	135
2207	23	12514	135
3220	12	2170	135
2085	15	5057	135
2809	17	5818	135
2113	6	29	135
399	1	402	135
396	6	28	135
810	1	416	135
720	1	28	135
711	1	28	135
310	15	5088	135
47	6	28	135
659	1	341	135
1851	10	3012	135
2883	9	2482	135
3159	23	3012	135
675	15	5120	135
2516	9	2517	135
4557	14	3523	135
822	1	416	135
88	1	90	135
702	1	28	135
309	15	5088	135
25	15	4990	135
578	1	28	135
1110	15	5120	135
2059	6	2018	135
2813	9	2482	135
7621	17	6566	135
428	6	402	135
1133	6	592	135
44	5	25	135
260	1	189	135
169	1	172	135
195	1	189	135
44	6	46	135
2798	9	2505	135
1133	15	4990	135
2789	9	2705	135
3866	14	3487	135
2301	23	12535	135
734	15	4977	135
800	1	416	135
1850	23	2951	135
3101	11	3102	135
675	6	402	135
205	1	207	135
4582	14	3523	135
88	6	28	135
1841	23	2997	135
2761	9	2517	135
759	1	28	135
492	15	5088	135
12345	22	11202	135
509	15	4977	135
597	15	5088	135
2832	9	2606	135
3064	23	12505	135
3230	12	116	135
1930	15	4977	135
3232	12	29	135
2923	10	2924	135
1100	6	28	135
8730	23	2951	135
2094	6	2040	135
2014	15	5057	135
3178	11	3087	135
2587	9	2588	135
2809	17	5816	135
2702	9	2705	135
2558	9	2482	135
5148	15	5088	135
5348	15	5088	135
2836	9	2705	135
3228	12	117	135
2822	9	2529	135
2809	17	5817	135
769	1	28	135
2836	17	5818	135
415	1	416	135
2718	9	2482	135
9427	20	6780	135
191	6	30	135
100	6	28	135
921	6	46	135
786	15	5088	135
40	6	1439	135
2822	14	3475	135
2675	9	2476	135
2140	6	2018	135
212	1	189	135
7446	17	7197	135
2171	6	116	135
776	15	5088	135
55	1	58	135
1912	15	5024	135
5158	15	5088	135
2793	9	2476	135
3190	12	2120	135
2837	9	2482	135
211	1	189	135
2164	6	116	135
2124	6	116	135
2030	6	2032	135
630	6	46	135
229	15	5057	135
3193	12	2155	135
2883	9	2517	135
1983	15	5024	135
4630	17	6059	135
2693	12	28	135
3209	12	2027	135
1417	15	5088	135
2079	6	28	135
85	6	116	135
303	1	416	135
284	6	2040	135
636	1	479	135
2632	9	2476	135
3187	23	12518	135
12552	23	12525	135
2530	9	2476	135
2880	9	2517	135
1975	6	625	135
2164	6	115	135
1970	6	2040	135
7403	17	5818	135
4646	14	3510	135
3187	12	2055	135
2903	11	3089	135
205	15	4990	135
4488	14	3937	135
832	1	416	135
2785	9	2520	135
2740	9	2482	135
473	6	2040	135
990	1	510	135
2126	6	625	135
2582	9	2520	135
2632	9	2517	135
2074	6	402	135
3011	10	3012	135
25	6	28	135
2	6	2018	135
2845	9	2518	135
636	1	172	135
83	1	58	135
1956	6	2040	135
3242	12	115	135
1127	1	846	135
3143	11	3087	135
2903	12	170	135
1979	6	2148	135
114	1	116	135
827	15	5088	135
2077	6	2018	135
7525	17	6267	135
8824	23	2977	135
588	6	589	135
1478	1	114	135
1910	14	3956	135
2681	9	2476	135
2035	6	625	135
3178	17	5948	135
1912	6	402	135
857	15	5088	135
734	15	4977	135
1424	1	479	135
6414	23	2935	135
2895	9	2517	135
2785	9	2593	135
771	6	28	135
2157	6	2120	135
1871	12	170	135
2465	14	3415	135
3867	14	3495	135
607	15	4990	135
2207	12	2155	135
8571	23	12518	135
1860	9	2517	135
1588	6	46	135
44	1	46	135
2911	9	2482	135
2809	17	5935	135
2979	10	2924	135
1851	10	2997	135
2558	9	2540	135
2648	9	2505	135
19	6	2044	135
206	1	207	136
2105	6	2027	136
2894	9	2482	136
431	1	189	136
2845	14	3956	136
4733	14	3496	136
2015	6	115	136
2644	9	2593	136
199	1	189	136
215	1	189	136
2696	9	2476	136
2089	6	115	136
197	1	189	136
5308	15	5088	136
2718	9	2540	136
2169	6	29	136
9105	17	6066	136
492	1	493	136
3231	12	29	136
2692	9	2476	136
2587	9	2476	136
811	1	416	136
776	1	493	136
7553	20	5762	136
2047	6	171	136
1850	23	2951	136
2911	9	2484	136
488	1	28	136
2071	6	28	136
3215	12	2048	136
3113	11	3102	136
2089	6	116	136
3237	12	116	136
702	6	28	136
2773	9	2517	136
2020	6	2018	136
2049	6	28	136
88	6	29	136
1894	23	2920	136
630	6	29	136
3219	12	2027	136
5324	15	5088	136
5141	15	5088	136
494	1	28	136
2530	9	2517	136
1502	1	416	136
213	1	189	136
8516	23	2981	136
600	15	5088	136
610	1	416	136
443	1	416	136
2080	6	115	136
2901	9	2505	136
658	1	172	136
100	6	29	136
717	1	636	136
473	1	416	136
5133	15	5088	136
831	1	416	136
1396	1	510	136
613	1	416	136
2481	9	2482	136
2090	6	116	136
9427	20	6780	136
2693	11	3087	136
5252	15	5088	136
5159	15	5088	136
44	6	29	136
845	1	28	136
2130	6	2027	136
2080	6	116	136
1394	6	115	136
3090	11	3087	136
4823	14	3785	136
2809	9	2705	136
6414	23	2935	136
1863	9	2672	136
846	1	397	136
2671	9	2672	136
2605	9	2606	136
28	15	4988	136
1592	6	2145	136
178	6	116	136
7525	17	6242	136
1644	1	207	136
2530	14	3431	136
198	1	189	136
2082	15	5057	136
2831	10	2924	136
921	1	46	136
3205	12	2055	136
8301	23	3060	136
4775	14	3496	136
399	6	402	136
2845	10	2977	136
188	1	189	136
1865	20	6706	136
172	1	402	136
55	6	29	136
818	1	416	136
178	6	115	136
2149	6	29	136
919	1	921	136
2744	9	2593	136
1983	6	402	136
4918	14	3431	136
2516	9	2484	136
3053	23	12505	136
1057	1	28	136
2117	6	2032	136
812	1	416	136
3197	12	2055	136
588	6	589	136
428	15	5024	136
1957	6	402	136
3172	23	3027	136
2894	9	2540	136
25	15	5024	136
509	6	510	136
2301	23	2951	136
191	1	28	136
28	6	29	136
169	6	402	136
196	1	189	136
2655	9	2482	136
3224	12	116	136
3214	12	2120	136
284	1	189	136
1958	6	2170	136
172	15	5043	136
7382	17	6012	136
2818	9	2482	136
675	15	4990	136
2207	23	12514	136
28	9	29	136
1588	6	29	136
3220	12	2170	136
2085	15	5057	136
2809	17	5818	136
2113	6	29	136
399	1	402	136
396	6	28	136
810	1	416	136
720	1	28	136
711	1	28	136
310	15	5088	136
47	6	28	136
659	1	341	136
7382	20	6012	136
83	6	29	136
1851	10	3012	136
2901	9	2505	136
2883	9	2482	136
3159	23	3012	136
675	15	5120	136
2171	6	115	136
2124	6	115	136
2516	9	2517	136
822	1	416	136
88	1	90	136
702	1	28	136
309	15	5088	136
25	15	4990	136
578	1	28	136
1110	15	5120	136
2059	6	2018	136
2813	9	2482	136
428	6	402	136
1133	6	592	136
2071	6	29	136
44	5	25	136
260	1	189	136
169	1	172	136
396	6	29	136
195	1	189	136
7621	20	6780	136
44	6	46	136
2798	9	2505	136
1133	15	4990	136
2789	9	2705	136
3866	14	3487	136
2301	23	12535	136
734	15	4977	136
800	1	416	136
1850	23	2951	136
3101	11	3102	136
675	6	402	136
205	1	207	136
4582	14	3523	136
88	6	28	136
1841	23	2997	136
2761	9	2517	136
759	1	28	136
492	15	5088	136
12345	22	11202	136
509	15	4977	136
597	15	5088	136
2832	9	2606	136
3064	23	12505	136
921	6	29	136
3230	12	116	136
1930	15	4977	136
3232	12	29	136
2923	10	2924	136
1100	6	28	136
8730	23	2951	136
2094	6	2040	136
2014	15	5057	136
8767	20	7092	136
3178	11	3087	136
2587	9	2588	136
2809	17	5816	136
2702	9	2705	136
2558	9	2482	136
5148	15	5088	136
5348	15	5088	136
2836	9	2705	136
28	1	29	136
3228	12	117	136
2822	9	2529	136
2809	17	5817	136
769	1	28	136
2836	17	5818	136
415	1	416	136
2718	9	2482	136
191	6	30	136
100	6	28	136
921	6	46	136
786	15	5088	136
40	6	1439	136
2822	14	3475	136
2675	9	2476	136
2140	6	2018	136
212	1	189	136
2171	6	116	136
776	15	5088	136
55	1	58	136
1912	15	5024	136
5158	15	5088	136
2793	9	2476	136
3190	12	2120	136
2837	9	2482	136
211	1	189	136
2124	6	116	136
2030	6	2032	136
630	6	46	136
229	15	5057	136
3193	12	2155	136
2883	9	2517	136
1983	15	5024	136
2693	12	28	136
3209	12	2027	136
1417	15	5088	136
2079	6	28	136
85	6	116	136
303	1	416	136
284	6	2040	136
636	1	479	136
2632	9	2476	136
3187	23	12518	136
12552	23	12525	136
2530	9	2476	136
2880	9	2517	136
1975	6	625	136
2164	6	115	136
1970	6	2040	136
7403	17	5818	136
4646	14	3510	136
3187	12	2055	136
2903	11	3089	136
205	15	4990	136
4488	14	3937	136
85	6	115	136
832	1	416	136
2785	9	2520	136
2740	9	2482	136
473	6	2040	136
990	1	510	136
2126	6	625	136
2582	9	2520	136
2632	9	2517	136
7573	20	6706	136
2465	20	6012	136
2074	6	402	136
3011	10	3012	136
7446	20	6780	136
25	6	28	136
2	6	2018	136
2845	9	2518	136
636	1	172	136
83	1	58	136
1956	6	2040	136
47	6	29	136
3242	12	115	136
1127	1	846	136
3143	11	3087	136
2903	12	170	136
1979	6	2148	136
114	1	116	136
827	15	5088	136
2077	6	2018	136
8824	23	2977	136
588	6	589	136
1478	1	114	136
1910	14	3956	136
2681	9	2476	136
2035	6	625	136
2090	6	115	136
25	6	29	136
1912	6	402	136
857	15	5088	136
734	15	4977	136
1424	1	479	136
6414	23	2935	136
2895	9	2517	136
2785	9	2593	136
771	6	28	136
2157	6	2120	136
7000	17	5948	136
771	6	29	136
1871	12	170	136
2465	14	3415	136
3867	14	3495	136
607	15	4990	136
2207	12	2155	136
8571	23	12518	136
1860	9	2517	136
7553	17	5762	136
1588	6	46	136
44	1	46	136
2911	9	2482	136
2809	17	5935	136
2979	10	2924	136
1851	10	2997	136
2558	9	2540	136
2648	9	2505	136
114	1	115	136
19	6	2044	136
206	1	207	137
2105	6	2027	137
2894	9	2482	137
431	1	189	137
2845	14	3956	137
4733	14	3496	137
2015	6	115	137
2644	9	2593	137
199	1	189	137
215	1	189	137
2696	9	2476	137
2089	6	115	137
197	1	189	137
7573	20	6706	137
5308	15	5088	137
2718	9	2540	137
2169	6	29	137
492	1	493	137
3231	12	29	137
2692	9	2476	137
2587	9	2476	137
811	1	416	137
776	1	493	137
2047	6	171	137
1850	23	2951	137
2911	9	2484	137
488	1	28	137
3215	12	2048	137
3113	11	3102	137
3237	12	116	137
702	6	28	137
2773	9	2517	137
2020	6	2018	137
2049	6	28	137
88	6	29	137
1894	23	2920	137
630	6	29	137
3219	12	2027	137
5324	15	5088	137
5141	15	5088	137
494	1	28	137
2530	9	2517	137
1502	1	416	137
213	1	189	137
8516	23	2981	137
600	15	5088	137
610	1	416	137
443	1	416	137
2080	6	115	137
658	1	172	137
100	6	29	137
717	1	636	137
473	1	416	137
5133	15	5088	137
831	1	416	137
1396	1	510	137
613	1	416	137
2481	9	2482	137
2693	11	3087	137
5252	15	5088	137
5159	15	5088	137
44	6	29	137
845	1	28	137
2130	6	2027	137
1394	6	115	137
3090	11	3087	137
2809	9	2705	137
6414	23	2935	137
1863	9	2672	137
846	1	397	137
2979	17	5817	137
2671	9	2672	137
2605	9	2606	137
1592	6	2145	137
2465	20	6012	137
1644	1	207	137
2530	14	3431	137
198	1	189	137
2082	15	5057	137
2831	10	2924	137
921	1	46	137
3205	12	2055	137
8301	23	3060	137
4775	14	3496	137
399	6	402	137
2845	10	2977	137
188	1	189	137
172	1	402	137
55	6	29	137
818	1	416	137
178	6	115	137
2149	6	29	137
919	1	921	137
2744	9	2593	137
1983	6	402	137
4918	14	3431	137
2516	9	2484	137
3053	23	12505	137
1057	1	28	137
2117	6	2032	137
812	1	416	137
3197	12	2055	137
588	6	589	137
428	15	5024	137
1957	6	402	137
3172	23	3027	137
2894	9	2540	137
25	15	5024	137
509	6	510	137
2301	23	2951	137
191	1	28	137
28	6	29	137
169	6	402	137
196	1	189	137
2655	9	2482	137
3224	12	116	137
3214	12	2120	137
284	1	189	137
1958	6	2170	137
172	15	5043	137
2818	9	2482	137
675	15	4990	137
2207	23	12514	137
28	9	29	137
1588	6	29	137
3220	12	2170	137
2085	15	5057	137
2809	17	5818	137
2113	6	29	137
399	1	402	137
810	1	416	137
720	1	28	137
711	1	28	137
310	15	5088	137
659	1	341	137
83	6	29	137
1851	10	3012	137
2901	9	2505	137
2883	9	2482	137
3159	23	3012	137
675	15	5120	137
2171	6	115	137
2124	6	115	137
2516	9	2517	137
822	1	416	137
88	1	90	137
702	1	28	137
309	15	5088	137
25	15	4990	137
578	1	28	137
1110	15	5120	137
2059	6	2018	137
7621	20	6780	137
2813	9	2482	137
428	6	402	137
1133	6	592	137
2071	6	29	137
44	5	25	137
260	1	189	137
169	1	172	137
396	6	29	137
195	1	189	137
2798	9	2505	137
1133	15	4990	137
2789	9	2705	137
3866	14	3487	137
2301	23	12535	137
734	15	4977	137
800	1	416	137
1850	23	2951	137
3101	11	3102	137
675	6	402	137
205	1	207	137
1841	23	2997	137
2761	9	2517	137
759	1	28	137
492	15	5088	137
12345	22	11202	137
509	15	4977	137
597	15	5088	137
2832	9	2606	137
3064	23	12505	137
921	6	29	137
3230	12	116	137
1930	15	4977	137
3232	12	29	137
2923	10	2924	137
1100	6	28	137
8730	23	2951	137
2094	6	2040	137
2014	15	5057	137
3178	11	3087	137
2587	9	2588	137
2809	17	5816	137
2702	9	2705	137
2558	9	2482	137
5148	15	5088	137
5348	15	5088	137
2836	9	2705	137
28	1	29	137
3228	12	117	137
2822	9	2529	137
2809	17	5817	137
769	1	28	137
2836	17	5818	137
415	1	416	137
2718	9	2482	137
191	6	30	137
786	15	5088	137
40	6	1439	137
2822	14	3475	137
2675	9	2476	137
2140	6	2018	137
212	1	189	137
776	15	5088	137
55	1	58	137
1912	15	5024	137
5158	15	5088	137
1437	6	29	137
2793	9	2476	137
3190	12	2120	137
2837	9	2482	137
211	1	189	137
9427	20	6780	137
2030	6	2032	137
229	15	5057	137
3193	12	2155	137
2883	9	2517	137
1983	15	5024	137
3209	12	2027	137
1417	15	5088	137
2079	6	28	137
303	1	416	137
284	6	2040	137
636	1	479	137
2632	9	2476	137
3187	23	12518	137
12552	23	12525	137
2530	9	2476	137
2880	9	2517	137
1975	6	625	137
2164	6	115	137
1970	6	2040	137
7403	17	5818	137
3187	12	2055	137
2903	11	3089	137
205	15	4990	137
2655	20	7092	137
4488	14	3937	137
85	6	115	137
832	1	416	137
2785	9	2520	137
2740	9	2482	137
473	6	2040	137
990	1	510	137
2126	6	625	137
2582	9	2520	137
2632	9	2517	137
7382	20	6012	137
2074	6	402	137
3011	10	3012	137
2	6	2018	137
2845	9	2518	137
636	1	172	137
83	1	58	137
1956	6	2040	137
47	6	29	137
3242	12	115	137
1127	1	846	137
3143	11	3087	137
7446	20	6780	137
2903	12	170	137
1979	6	2148	137
827	15	5088	137
9074	17	6491	137
2077	6	2018	137
8824	23	2977	137
1478	1	114	137
1910	14	3956	137
2681	9	2476	137
2035	6	625	137
9225	20	6706	137
2090	6	115	137
25	6	29	137
1912	6	402	137
857	15	5088	137
11201	22	11202	137
4582	14	3793	137
734	15	4977	137
1424	1	479	137
6414	23	2935	137
2895	9	2517	137
2785	9	2593	137
2157	6	2120	137
771	6	29	137
1871	12	170	137
2465	14	3415	137
3867	14	3495	137
607	15	4990	137
2207	12	2155	137
8571	23	12518	137
1860	9	2517	137
44	1	46	137
2911	9	2482	137
2809	17	5935	137
2979	10	2924	137
1851	10	2997	137
2558	9	2540	137
2648	9	2505	137
114	1	115	137
19	6	2044	137
206	1	207	138
2105	6	2027	138
2894	9	2482	138
431	1	189	138
2845	14	3956	138
2015	6	115	138
2644	9	2593	138
199	1	189	138
215	1	189	138
2696	9	2476	138
2089	6	115	138
197	1	189	138
5308	15	5088	138
2718	9	2540	138
2169	6	29	138
492	1	493	138
3231	12	29	138
2692	9	2476	138
2587	9	2476	138
811	1	416	138
776	1	493	138
2047	6	171	138
1850	23	2951	138
2911	9	2484	138
488	1	28	138
7621	20	6780	138
3215	12	2048	138
3113	11	3102	138
3237	12	116	138
702	6	28	138
2773	9	2517	138
2020	6	2018	138
2049	6	28	138
88	6	29	138
1894	23	2920	138
630	6	29	138
3219	12	2027	138
5324	15	5088	138
5141	15	5088	138
494	1	28	138
2530	9	2517	138
1502	1	416	138
213	1	189	138
8516	23	2981	138
600	15	5088	138
610	1	416	138
443	1	416	138
2080	6	115	138
658	1	172	138
100	6	29	138
717	1	636	138
473	1	416	138
5133	15	5088	138
831	1	416	138
1396	1	510	138
613	1	416	138
2481	9	2482	138
2693	11	3087	138
5252	15	5088	138
5159	15	5088	138
44	6	29	138
845	1	28	138
2130	6	2027	138
1394	6	115	138
3090	11	3087	138
2809	9	2705	138
6414	23	2935	138
1863	9	2672	138
846	1	397	138
2671	9	2672	138
2605	9	2606	138
1592	6	2145	138
1644	1	207	138
2530	14	3431	138
198	1	189	138
2082	15	5057	138
2831	10	2924	138
921	1	46	138
3205	12	2055	138
8301	23	3060	138
4775	14	3496	138
399	6	402	138
2845	10	2977	138
9427	20	6780	138
188	1	189	138
172	1	402	138
55	6	29	138
818	1	416	138
178	6	115	138
2149	6	29	138
919	1	921	138
2744	9	2593	138
1983	6	402	138
4918	14	3431	138
2516	9	2484	138
3053	23	12505	138
1057	1	28	138
2117	6	2032	138
812	1	416	138
3197	12	2055	138
588	6	589	138
428	15	5024	138
1957	6	402	138
3172	23	3027	138
2894	9	2540	138
25	15	5024	138
509	6	510	138
2301	23	2951	138
191	1	28	138
28	6	29	138
169	6	402	138
196	1	189	138
2655	9	2482	138
8973	17	6685	138
3224	12	116	138
3214	12	2120	138
284	1	189	138
1958	6	2170	138
172	15	5043	138
2818	9	2482	138
675	15	4990	138
2207	23	12514	138
28	9	29	138
1588	6	29	138
3220	12	2170	138
2085	15	5057	138
2809	17	5818	138
915	1	1503	138
2113	6	29	138
399	1	402	138
810	1	416	138
720	1	28	138
711	1	28	138
310	15	5088	138
659	1	341	138
83	6	29	138
1851	10	3012	138
2901	9	2505	138
2883	9	2482	138
3159	23	3012	138
675	15	5120	138
2171	6	115	138
2124	6	115	138
2516	9	2517	138
822	1	416	138
88	1	90	138
702	1	28	138
309	15	5088	138
25	15	4990	138
578	1	28	138
1110	15	5120	138
8973	17	6403	138
2059	6	2018	138
2813	9	2482	138
428	6	402	138
1133	6	592	138
2071	6	29	138
44	5	25	138
260	1	189	138
169	1	172	138
396	6	29	138
195	1	189	138
2798	9	2505	138
1133	15	4990	138
2789	9	2705	138
3866	14	3487	138
2301	23	12535	138
734	15	4977	138
800	1	416	138
1567	1	590	138
798	1	1503	138
1850	23	2951	138
3101	11	3102	138
675	6	402	138
205	1	207	138
1841	23	2997	138
2761	9	2517	138
759	1	28	138
492	15	5088	138
12345	22	11202	138
509	15	4977	138
597	15	5088	138
2832	9	2606	138
3064	23	12505	138
921	6	29	138
3230	12	116	138
1930	15	4977	138
3232	12	29	138
2923	10	2924	138
1100	6	28	138
2094	6	2040	138
2014	15	5057	138
3178	11	3087	138
2587	9	2588	138
2809	17	5816	138
2702	9	2705	138
2558	9	2482	138
5148	15	5088	138
5348	15	5088	138
2836	9	2705	138
28	1	29	138
3228	12	117	138
2822	9	2529	138
2809	17	5817	138
769	1	28	138
7156	17	7157	138
2836	17	5818	138
415	1	416	138
2718	9	2482	138
191	6	30	138
786	15	5088	138
40	6	1439	138
2822	14	3475	138
2675	9	2476	138
2140	6	2018	138
212	1	189	138
776	15	5088	138
55	1	58	138
1912	15	5024	138
5158	15	5088	138
1437	6	29	138
2793	9	2476	138
4582	14	3793	138
3190	12	2120	138
2837	9	2482	138
211	1	189	138
2030	6	2032	138
229	15	5057	138
3193	12	2155	138
2883	9	2517	138
4646	14	3509	138
1983	15	5024	138
3209	12	2027	138
1417	15	5088	138
2079	6	28	138
303	1	416	138
284	6	2040	138
2600	17	7538	138
636	1	479	138
2632	9	2476	138
2655	20	7092	138
3187	23	12518	138
12552	23	12525	138
2530	9	2476	138
7446	20	6780	138
2880	9	2517	138
1975	6	625	138
2164	6	115	138
12345	22	11586	138
1970	6	2040	138
7403	17	5818	138
3187	12	2055	138
2903	11	3089	138
205	15	4990	138
4488	14	3937	138
9166	20	6012	138
85	6	115	138
832	1	416	138
2785	9	2520	138
588	1	590	138
2740	9	2482	138
473	6	2040	138
990	1	510	138
2126	6	625	138
2582	9	2520	138
2632	9	2517	138
2074	6	402	138
3011	10	3012	138
2	6	2018	138
2845	9	2518	138
636	1	172	138
6414	23	3026	138
83	1	58	138
1956	6	2040	138
47	6	29	138
3242	12	115	138
1127	1	846	138
3143	11	3087	138
2903	12	170	138
1979	6	2148	138
827	15	5088	138
2077	6	2018	138
8824	23	2977	138
1478	1	114	138
1910	14	3956	138
2681	9	2476	138
1644	15	5088	138
2035	6	625	138
2090	6	115	138
25	6	29	138
1912	6	402	138
857	15	5088	138
11201	22	11202	138
4582	14	3793	138
734	15	4977	138
1424	1	479	138
6414	23	2935	138
2895	9	2517	138
2785	9	2593	138
2157	6	2120	138
771	6	29	138
1871	12	170	138
3867	14	3495	138
607	15	4990	138
2207	12	2155	138
8571	23	12518	138
1860	9	2517	138
44	1	46	138
2911	9	2482	138
2809	17	5935	138
2979	10	2924	138
1851	10	2997	138
2558	9	2540	138
2648	9	2505	138
114	1	115	138
19	6	2044	138
206	1	207	139
2105	6	2027	139
2894	9	2482	139
431	1	189	139
2845	14	3956	139
2015	6	115	139
2644	9	2593	139
199	1	189	139
215	1	189	139
2696	9	2476	139
2089	6	115	139
197	1	189	139
5308	15	5088	139
2718	9	2540	139
2169	6	29	139
492	1	493	139
3231	12	29	139
2692	9	2476	139
2587	9	2476	139
811	1	416	139
776	1	493	139
2047	6	171	139
1850	23	2951	139
2911	9	2484	139
488	1	28	139
9423	20	6780	139
829	15	5088	139
3215	12	2048	139
3113	11	3102	139
3237	12	116	139
702	6	28	139
2773	9	2517	139
6108	20	7092	139
2020	6	2018	139
2049	6	28	139
88	6	29	139
1894	23	2920	139
630	6	29	139
3219	12	2027	139
5324	15	5088	139
5141	15	5088	139
494	1	28	139
2530	9	2517	139
1502	1	416	139
213	1	189	139
801	15	5088	139
8516	23	2981	139
600	15	5088	139
610	1	416	139
443	1	416	139
2080	6	115	139
658	1	172	139
100	6	29	139
717	1	636	139
473	1	416	139
5133	15	5088	139
831	1	416	139
1396	1	510	139
613	1	416	139
2481	9	2482	139
2693	11	3087	139
5252	15	5088	139
5159	15	5088	139
44	6	29	139
845	1	28	139
4646	17	6012	139
2130	6	2027	139
1394	6	115	139
3090	11	3087	139
2809	9	2705	139
6414	23	2935	139
7446	17	7126	139
1863	9	2672	139
846	1	397	139
8195	20	7092	139
2671	9	2672	139
2605	9	2606	139
1592	6	2145	139
1644	1	207	139
2530	14	3431	139
198	1	189	139
2082	15	5057	139
2831	10	2924	139
921	1	46	139
3205	12	2055	139
8301	23	3060	139
4775	14	3496	139
399	6	402	139
2845	10	2977	139
188	1	189	139
172	1	402	139
55	6	29	139
818	1	416	139
178	6	115	139
2149	6	29	139
6876	20	6706	139
919	1	921	139
2744	9	2593	139
1983	6	402	139
4918	14	3431	139
2516	9	2484	139
3053	23	12505	139
1057	1	28	139
2117	6	2032	139
812	1	416	139
3197	12	2055	139
588	6	589	139
428	15	5024	139
1957	6	402	139
3172	23	3027	139
2894	9	2540	139
25	15	5024	139
509	6	510	139
2301	23	2951	139
191	1	28	139
28	6	29	139
169	6	402	139
196	1	189	139
2655	9	2482	139
3224	12	116	139
3214	12	2120	139
284	1	189	139
1958	6	2170	139
172	15	5043	139
2818	9	2482	139
675	15	4990	139
2207	23	12514	139
28	9	29	139
1588	6	29	139
3220	12	2170	139
2085	15	5057	139
2809	17	5818	139
7621	20	6780	139
915	1	1503	139
2113	6	29	139
399	1	402	139
810	1	416	139
720	1	28	139
711	1	28	139
310	15	5088	139
659	1	341	139
83	6	29	139
1851	10	3012	139
2901	9	2505	139
2883	9	2482	139
3159	23	3012	139
675	15	5120	139
2171	6	115	139
2124	6	115	139
2516	9	2517	139
822	1	416	139
88	1	90	139
702	1	28	139
309	15	5088	139
25	15	4990	139
578	1	28	139
1110	15	5120	139
2059	6	2018	139
2813	9	2482	139
428	6	402	139
1133	6	592	139
2071	6	29	139
44	5	25	139
260	1	189	139
169	1	172	139
396	6	29	139
195	1	189	139
2798	9	2505	139
1133	15	4990	139
2789	9	2705	139
3866	14	3487	139
734	15	4977	139
800	1	416	139
1567	1	590	139
798	1	1503	139
1850	23	2951	139
3101	11	3102	139
675	6	402	139
205	1	207	139
1841	23	2997	139
2761	9	2517	139
759	1	28	139
492	15	5088	139
509	15	4977	139
597	15	5088	139
2832	9	2606	139
2927	10	2932	139
3064	23	12505	139
921	6	29	139
3230	12	116	139
1930	15	4977	139
3232	12	29	139
2923	10	2924	139
1100	6	28	139
11201	22	9678	139
2094	6	2040	139
2014	15	5057	139
3178	11	3087	139
2587	9	2588	139
2809	17	5816	139
2702	9	2705	139
2558	9	2482	139
5148	15	5088	139
5348	15	5088	139
2836	9	2705	139
28	1	29	139
3228	12	117	139
2822	9	2529	139
2809	17	5817	139
769	1	28	139
2836	17	5818	139
415	1	416	139
2718	9	2482	139
191	6	30	139
786	15	5088	139
40	6	1439	139
2822	14	3475	139
2675	9	2476	139
2140	6	2018	139
212	1	189	139
776	15	5088	139
55	1	58	139
3157	11	3095	139
1912	15	5024	139
5158	15	5088	139
1437	6	29	139
2793	9	2476	139
4582	14	3793	139
3190	12	2120	139
2837	9	2482	139
211	1	189	139
2030	6	2032	139
229	15	5057	139
3193	12	2155	139
9423	20	6706	139
2883	9	2517	139
4646	14	3509	139
1983	15	5024	139
3209	12	2027	139
1417	15	5088	139
2079	6	28	139
303	1	416	139
284	6	2040	139
636	1	479	139
2632	9	2476	139
3187	23	12518	139
12552	23	12525	139
2530	9	2476	139
2880	9	2517	139
1975	6	625	139
2164	6	115	139
12345	22	11586	139
1970	6	2040	139
7403	17	5818	139
3187	12	2055	139
2903	11	3089	139
205	15	4990	139
4488	14	3937	139
85	6	115	139
832	1	416	139
2785	9	2520	139
588	1	590	139
2740	9	2482	139
473	6	2040	139
990	1	510	139
2126	6	625	139
2582	9	2520	139
2632	9	2517	139
2074	6	402	139
3011	10	3012	139
3020	10	2981	139
2	6	2018	139
2845	9	2518	139
636	1	172	139
6414	23	3026	139
83	1	58	139
1956	6	2040	139
47	6	29	139
3242	12	115	139
1127	1	846	139
3143	11	3087	139
2903	12	170	139
1979	6	2148	139
827	15	5088	139
2077	6	2018	139
8824	23	2977	139
1478	1	114	139
1910	14	3956	139
2681	9	2476	139
1644	15	5088	139
2035	6	625	139
2090	6	115	139
25	6	29	139
1912	6	402	139
857	15	5088	139
11201	22	11202	139
734	15	4977	139
1424	1	479	139
6414	23	2935	139
2895	9	2517	139
2785	9	2593	139
2157	6	2120	139
771	6	29	139
1871	12	170	139
8210	20	7092	139
9427	20	6780	139
3867	14	3495	139
607	15	4990	139
2207	12	2155	139
8571	23	12518	139
1860	9	2517	139
12345	22	11202	139
44	1	46	139
2911	9	2482	139
2809	17	5935	139
1865	20	6706	139
2979	10	2924	139
1851	10	2997	139
2558	9	2540	139
2648	9	2505	139
114	1	115	139
19	6	2044	139
206	1	207	140
2105	6	2027	140
2894	9	2482	140
431	1	189	140
2845	14	3956	140
2015	6	115	140
2644	9	2593	140
199	1	189	140
215	1	189	140
2696	9	2476	140
2089	6	115	140
197	1	189	140
5308	15	5088	140
2718	9	2540	140
2169	6	29	140
492	1	493	140
3231	12	29	140
2692	9	2476	140
2587	9	2476	140
811	1	416	140
776	1	493	140
2047	6	171	140
1850	23	2951	140
2911	9	2484	140
488	1	28	140
829	15	5088	140
3215	12	2048	140
3113	11	3102	140
3237	12	116	140
702	6	28	140
2773	9	2517	140
2020	6	2018	140
2049	6	28	140
88	6	29	140
1894	23	2920	140
630	6	29	140
3219	12	2027	140
5324	15	5088	140
5141	15	5088	140
494	1	28	140
2530	9	2517	140
1502	1	416	140
213	1	189	140
801	15	5088	140
8516	23	2981	140
600	15	5088	140
610	1	416	140
443	1	416	140
2080	6	115	140
658	1	172	140
100	6	29	140
717	1	636	140
473	1	416	140
5133	15	5088	140
831	1	416	140
1396	1	510	140
613	1	416	140
2481	9	2482	140
2693	11	3087	140
5252	15	5088	140
5159	15	5088	140
44	6	29	140
845	1	28	140
2130	6	2027	140
1394	6	115	140
3090	11	3087	140
2809	9	2705	140
6414	23	2935	140
1863	9	2672	140
846	1	397	140
2671	9	2672	140
2605	9	2606	140
1592	6	2145	140
4646	20	6012	140
1644	1	207	140
2530	14	3431	140
198	1	189	140
2082	15	5057	140
2831	10	2924	140
3205	12	2055	140
8301	23	3060	140
4775	14	3496	140
399	6	402	140
2845	10	2977	140
188	1	189	140
172	1	402	140
55	6	29	140
818	1	416	140
178	6	115	140
2149	6	29	140
2744	9	2593	140
1983	6	402	140
4918	14	3431	140
2516	9	2484	140
3053	23	12505	140
1057	1	28	140
2117	6	2032	140
812	1	416	140
3197	12	2055	140
588	6	589	140
428	15	5024	140
1957	6	402	140
3172	23	3027	140
2894	9	2540	140
25	15	5024	140
509	6	510	140
2301	23	2951	140
191	1	28	140
28	6	29	140
169	6	402	140
196	1	189	140
2655	9	2482	140
3224	12	116	140
3214	12	2120	140
284	1	189	140
1958	6	2170	140
172	15	5043	140
2818	9	2482	140
675	15	4990	140
9431	20	5762	140
2207	23	12514	140
28	9	29	140
1588	6	29	140
3220	12	2170	140
2085	15	5057	140
2809	17	5818	140
915	1	1503	140
2113	6	29	140
399	1	402	140
810	1	416	140
720	1	28	140
711	1	28	140
310	15	5088	140
659	1	341	140
83	6	29	140
1851	10	3012	140
2901	9	2505	140
2883	9	2482	140
675	15	5120	140
2171	6	115	140
2124	6	115	140
2655	17	6987	140
2516	9	2517	140
822	1	416	140
88	1	90	140
702	1	28	140
309	15	5088	140
25	15	4990	140
578	1	28	140
1110	15	5120	140
2059	6	2018	140
2813	9	2482	140
428	6	402	140
1133	6	592	140
2071	6	29	140
44	5	25	140
260	1	189	140
169	1	172	140
396	6	29	140
195	1	189	140
1893	23	2947	140
2798	9	2505	140
1133	15	4990	140
2789	9	2705	140
3866	14	3487	140
734	15	4977	140
800	1	416	140
1567	1	590	140
798	1	1503	140
1850	23	2951	140
3101	11	3102	140
2507	17	7538	140
675	6	402	140
205	1	207	140
1841	23	2997	140
2761	9	2517	140
759	1	28	140
492	15	5088	140
509	15	4977	140
597	15	5088	140
8195	20	7092	140
2832	9	2606	140
2927	10	2932	140
3064	23	12505	140
11201	22	11202	140
3230	12	116	140
1930	15	4977	140
3232	12	29	140
2923	10	2924	140
1100	6	28	140
11201	22	9678	140
2094	6	2040	140
2014	15	5057	140
3178	11	3087	140
2587	9	2588	140
2809	17	5816	140
2702	9	2705	140
2558	9	2482	140
5148	15	5088	140
5348	15	5088	140
2836	9	2705	140
28	1	29	140
3228	12	117	140
2822	9	2529	140
2809	17	5817	140
769	1	28	140
2836	17	5818	140
415	1	416	140
2718	9	2482	140
191	6	30	140
786	15	5088	140
40	6	1439	140
2822	14	3475	140
2675	9	2476	140
2140	6	2018	140
212	1	189	140
776	15	5088	140
55	1	58	140
3157	11	3095	140
1912	15	5024	140
5158	15	5088	140
1437	6	29	140
2793	9	2476	140
4582	14	3793	140
3190	12	2120	140
2837	9	2482	140
211	1	189	140
2030	6	2032	140
229	15	5057	140
3193	12	2155	140
2883	9	2517	140
4646	14	3509	140
1983	15	5024	140
7446	20	6780	140
3209	12	2027	140
1417	15	5088	140
2079	6	28	140
303	1	416	140
284	6	2040	140
636	1	479	140
2632	9	2476	140
3187	23	12518	140
12552	23	12525	140
2530	9	2476	140
2880	9	2517	140
1975	6	625	140
2164	6	115	140
1970	6	2040	140
7403	17	5818	140
6167	17	5817	140
3187	12	2055	140
2655	20	7092	140
2903	11	3089	140
205	15	4990	140
4488	14	3937	140
85	6	115	140
832	1	416	140
2785	9	2520	140
588	1	590	140
2740	9	2482	140
473	6	2040	140
990	1	510	140
2126	6	625	140
2582	9	2520	140
2632	9	2517	140
2074	6	402	140
3020	10	2981	140
8767	17	6639	140
2	6	2018	140
2845	9	2518	140
636	1	172	140
9423	20	6780	140
6414	23	3026	140
83	1	58	140
1956	6	2040	140
47	6	29	140
3242	12	115	140
1127	1	846	140
3143	11	3087	140
2903	12	170	140
1979	6	2148	140
827	15	5088	140
2077	6	2018	140
8824	23	2977	140
1478	1	114	140
1910	14	3956	140
2681	9	2476	140
1644	15	5088	140
2035	6	625	140
2090	6	115	140
25	6	29	140
1912	6	402	140
857	15	5088	140
734	15	4977	140
1424	1	479	140
6414	23	2935	140
2895	9	2517	140
2785	9	2593	140
2157	6	2120	140
771	6	29	140
1871	12	170	140
3867	14	3495	140
607	15	4990	140
2207	12	2155	140
8571	23	12518	140
1860	9	2517	140
12345	22	11202	140
44	1	46	140
2911	9	2482	140
2809	17	5935	140
2979	10	2924	140
1851	10	2997	140
2558	9	2540	140
2648	9	2505	140
114	1	115	140
19	6	2044	140
206	1	207	141
2105	6	2027	141
2894	9	2482	141
431	1	189	141
2845	14	3956	141
2015	6	115	141
2644	9	2593	141
199	1	189	141
215	1	189	141
2696	9	2476	141
2089	6	115	141
197	1	189	141
5308	15	5088	141
2718	9	2540	141
2169	6	29	141
492	1	493	141
3231	12	29	141
2692	9	2476	141
2587	9	2476	141
811	1	416	141
776	1	493	141
7206	17	6566	141
2047	6	171	141
1850	23	2951	141
2911	9	2484	141
488	1	28	141
829	15	5088	141
3215	12	2048	141
3113	11	3102	141
3237	12	116	141
702	6	28	141
2773	9	2517	141
2020	6	2018	141
2049	6	28	141
88	6	29	141
9431	20	5762	141
7446	20	6780	141
1894	23	2920	141
630	6	29	141
3219	12	2027	141
5324	15	5088	141
5141	15	5088	141
494	1	28	141
2530	9	2517	141
1502	1	416	141
213	1	189	141
801	15	5088	141
8516	23	2981	141
600	15	5088	141
610	1	416	141
443	1	416	141
2080	6	115	141
658	1	172	141
100	6	29	141
717	1	636	141
473	1	416	141
5133	15	5088	141
831	1	416	141
1396	1	510	141
613	1	416	141
2481	9	2482	141
2693	11	3087	141
5252	15	5088	141
5159	15	5088	141
44	6	29	141
845	1	28	141
2130	6	2027	141
1394	6	115	141
3090	11	3087	141
2809	9	2705	141
6414	23	2935	141
1863	9	2672	141
846	1	397	141
2671	9	2672	141
2605	9	2606	141
8195	20	7092	141
8431	17	7270	141
1592	6	2145	141
7156	17	6725	141
1644	1	207	141
2530	14	3431	141
198	1	189	141
2082	15	5057	141
2831	10	2924	141
3205	12	2055	141
8301	23	3060	141
4775	14	3496	141
399	6	402	141
9423	20	6780	141
2845	10	2977	141
188	1	189	141
172	1	402	141
55	6	29	141
818	1	416	141
178	6	115	141
2149	6	29	141
2744	9	2593	141
1983	6	402	141
4918	14	3431	141
8767	17	8432	141
2516	9	2484	141
3053	23	12505	141
1057	1	28	141
2117	6	2032	141
812	1	416	141
3197	12	2055	141
588	6	589	141
428	15	5024	141
1957	6	402	141
3172	23	3027	141
2894	9	2540	141
25	15	5024	141
509	6	510	141
2301	23	2951	141
191	1	28	141
28	6	29	141
169	6	402	141
196	1	189	141
2655	9	2482	141
3224	12	116	141
3214	12	2120	141
284	1	189	141
1958	6	2170	141
172	15	5043	141
2818	9	2482	141
675	15	4990	141
2207	23	12514	141
28	9	29	141
1588	6	29	141
3220	12	2170	141
2085	15	5057	141
2809	17	5818	141
915	1	1503	141
2113	6	29	141
399	1	402	141
810	1	416	141
720	1	28	141
711	1	28	141
310	15	5088	141
659	1	341	141
83	6	29	141
1851	10	3012	141
2901	9	2505	141
2883	9	2482	141
675	15	5120	141
2171	6	115	141
2124	6	115	141
2516	9	2517	141
822	1	416	141
88	1	90	141
702	1	28	141
309	15	5088	141
25	15	4990	141
578	1	28	141
1110	15	5120	141
2059	6	2018	141
2813	9	2482	141
428	6	402	141
1133	6	592	141
2071	6	29	141
44	5	25	141
260	1	189	141
169	1	172	141
396	6	29	141
195	1	189	141
1893	23	2947	141
8195	17	7092	141
2798	9	2505	141
1133	15	4990	141
2789	9	2705	141
3866	14	3487	141
734	15	4977	141
800	1	416	141
1567	1	590	141
798	1	1503	141
8210	20	7092	141
1850	23	2951	141
3101	11	3102	141
8767	17	6465	141
675	6	402	141
205	1	207	141
7449	17	6399	141
1841	23	2997	141
2761	9	2517	141
759	1	28	141
492	15	5088	141
509	15	4977	141
597	15	5088	141
2832	9	2606	141
2927	10	2932	141
3064	23	12505	141
11201	22	11202	141
3230	12	116	141
1930	15	4977	141
3232	12	29	141
2923	10	2924	141
1100	6	28	141
2094	6	2040	141
2014	15	5057	141
9423	20	6706	141
3178	11	3087	141
2587	9	2588	141
2809	17	5816	141
2702	9	2705	141
2558	9	2482	141
5148	15	5088	141
5348	15	5088	141
2836	9	2705	141
28	1	29	141
3228	12	117	141
2822	9	2529	141
2809	17	5817	141
769	1	28	141
2836	17	5818	141
415	1	416	141
2718	9	2482	141
191	6	30	141
786	15	5088	141
40	6	1439	141
2822	14	3475	141
2675	9	2476	141
2140	6	2018	141
212	1	189	141
6876	20	6706	141
6108	20	7092	141
7449	17	7448	141
776	15	5088	141
55	1	58	141
3157	11	3095	141
1912	15	5024	141
5158	15	5088	141
1437	6	29	141
2793	9	2476	141
4582	14	3793	141
3190	12	2120	141
2837	9	2482	141
211	1	189	141
2030	6	2032	141
229	15	5057	141
3193	12	2155	141
2883	9	2517	141
4646	14	3509	141
2886	11	3153	141
1983	15	5024	141
3209	12	2027	141
1417	15	5088	141
2079	6	28	141
303	1	416	141
284	6	2040	141
636	1	479	141
2632	9	2476	141
3187	23	12518	141
12552	23	12525	141
2530	9	2476	141
2880	9	2517	141
1975	6	625	141
2164	6	115	141
1970	6	2040	141
7403	17	5818	141
3187	12	2055	141
2903	11	3089	141
205	15	4990	141
4488	14	3937	141
3193	12	115	141
85	6	115	141
832	1	416	141
2785	9	2520	141
588	1	590	141
2740	9	2482	141
473	6	2040	141
990	1	510	141
2126	6	625	141
2582	9	2520	141
2632	9	2517	141
2074	6	402	141
3020	10	2981	141
2	6	2018	141
2845	9	2518	141
636	1	172	141
6414	23	3026	141
83	1	58	141
1956	6	2040	141
47	6	29	141
3242	12	115	141
1127	1	846	141
3143	11	3087	141
2903	12	170	141
1979	6	2148	141
827	15	5088	141
2077	6	2018	141
915	1	590	141
8824	23	2977	141
1478	1	114	141
2605	9	2476	141
1910	14	3956	141
2681	9	2476	141
1644	15	5088	141
2035	6	625	141
2090	6	115	141
25	6	29	141
1912	6	402	141
857	15	5088	141
734	15	4977	141
8973	17	6782	141
1424	1	479	141
6414	23	2935	141
2895	9	2517	141
2785	9	2593	141
2157	6	2120	141
771	6	29	141
1871	12	170	141
3867	14	3495	141
607	15	4990	141
2207	12	2155	141
8571	23	12518	141
1860	9	2517	141
12345	22	11202	141
8767	20	7092	141
44	1	46	141
2911	9	2482	141
2809	17	5935	141
2979	10	2924	141
1851	10	2997	141
2558	9	2540	141
2648	9	2505	141
114	1	115	141
19	6	2044	141
206	1	207	142
2105	6	2027	142
2894	9	2482	142
431	1	189	142
2845	14	3956	142
2015	6	115	142
2644	9	2593	142
199	1	189	142
8501	17	6782	142
215	1	189	142
2696	9	2476	142
2089	6	115	142
197	1	189	142
5308	15	5088	142
2718	9	2540	142
2169	6	29	142
492	1	493	142
9225	20	6706	142
3231	12	29	142
2692	9	2476	142
2587	9	2476	142
811	1	416	142
776	1	493	142
2047	6	171	142
1850	23	2951	142
2911	9	2484	142
488	1	28	142
829	15	5088	142
3215	12	2048	142
3113	11	3102	142
2798	20	5762	142
8973	17	6988	142
3237	12	116	142
702	6	28	142
2773	9	2517	142
2020	6	2018	142
2049	6	28	142
88	6	29	142
1894	23	2920	142
630	6	29	142
3219	12	2027	142
5324	15	5088	142
5141	15	5088	142
494	1	28	142
2530	9	2517	142
1502	1	416	142
213	1	189	142
801	15	5088	142
8516	23	2981	142
600	15	5088	142
610	1	416	142
443	1	416	142
2080	6	115	142
658	1	172	142
100	6	29	142
717	1	636	142
473	1	416	142
6986	17	6988	142
5133	15	5088	142
831	1	416	142
1396	1	510	142
613	1	416	142
2481	9	2482	142
2693	11	3087	142
5252	15	5088	142
5159	15	5088	142
44	6	29	142
845	1	28	142
2130	6	2027	142
9166	20	6012	142
1394	6	115	142
4775	14	3495	142
3090	11	3087	142
2809	9	2705	142
6414	23	2935	142
1863	9	2672	142
2827	17	7126	142
846	1	397	142
2671	9	2672	142
2605	9	2606	142
1592	6	2145	142
1644	1	207	142
2530	14	3431	142
198	1	189	142
2082	15	5057	142
2831	10	2924	142
3205	12	2055	142
8301	23	3060	142
4775	14	3496	142
399	6	402	142
2845	10	2977	142
188	1	189	142
172	1	402	142
55	6	29	142
818	1	416	142
9263	20	6780	142
178	6	115	142
2149	6	29	142
2744	9	2593	142
1983	6	402	142
4918	14	3431	142
2516	9	2484	142
3053	23	12505	142
1057	1	28	142
2117	6	2032	142
812	1	416	142
3197	12	2055	142
588	6	589	142
428	15	5024	142
1957	6	402	142
3172	23	3027	142
2894	9	2540	142
25	15	5024	142
509	6	510	142
2301	23	2951	142
191	1	28	142
28	6	29	142
169	6	402	142
196	1	189	142
2655	9	2482	142
3224	12	116	142
3214	12	2120	142
284	1	189	142
1958	6	2170	142
172	15	5043	142
2818	9	2482	142
675	15	4990	142
2207	23	12514	142
28	9	29	142
1588	6	29	142
3220	12	2170	142
2085	15	5057	142
12345	22	10030	142
2809	17	5818	142
2113	6	29	142
399	1	402	142
810	1	416	142
720	1	28	142
711	1	28	142
310	15	5088	142
659	1	341	142
7450	20	7092	142
83	6	29	142
1851	10	3012	142
2901	9	2505	142
2883	9	2482	142
9121	17	5818	142
675	15	5120	142
2171	6	115	142
2124	6	115	142
2516	9	2517	142
822	1	416	142
88	1	90	142
702	1	28	142
309	15	5088	142
8735	17	5948	142
25	15	4990	142
578	1	28	142
1110	15	5120	142
2059	6	2018	142
2813	9	2482	142
428	6	402	142
1133	6	592	142
2071	6	29	142
44	5	25	142
260	1	189	142
169	1	172	142
396	6	29	142
195	1	189	142
1893	23	2947	142
2798	9	2505	142
1133	15	4990	142
2789	9	2705	142
3866	14	3487	142
734	15	4977	142
800	1	416	142
1567	1	590	142
1850	23	2951	142
3101	11	3102	142
675	6	402	142
205	1	207	142
1841	23	2997	142
2761	9	2517	142
759	1	28	142
492	15	5088	142
509	15	4977	142
9380	20	6780	142
597	15	5088	142
2832	9	2606	142
2927	10	2932	142
3064	23	12505	142
11201	22	11202	142
3230	12	116	142
1930	15	4977	142
3232	12	29	142
2923	10	2924	142
1100	6	28	142
2094	6	2040	142
2014	15	5057	142
3178	11	3087	142
2587	9	2588	142
2809	17	5816	142
2702	9	2705	142
2558	9	2482	142
5148	15	5088	142
5348	15	5088	142
2836	9	2705	142
28	1	29	142
3228	12	117	142
2822	9	2529	142
2809	17	5817	142
769	1	28	142
2836	17	5818	142
415	1	416	142
2718	9	2482	142
191	6	30	142
786	15	5088	142
7573	20	6706	142
40	6	1439	142
2822	14	3475	142
2675	9	2476	142
2140	6	2018	142
212	1	189	142
776	15	5088	142
55	1	58	142
3157	11	3095	142
1912	15	5024	142
5158	15	5088	142
1437	6	29	142
2793	9	2476	142
4582	14	3793	142
3190	12	2120	142
2837	9	2482	142
211	1	189	142
2030	6	2032	142
229	15	5057	142
2883	9	2517	142
4646	14	3509	142
2886	11	3153	142
1983	15	5024	142
3205	17	6700	142
9105	17	5987	142
3209	12	2027	142
1417	15	5088	142
2079	6	28	142
303	1	416	142
8501	17	6988	142
284	6	2040	142
636	1	479	142
2632	9	2476	142
9431	20	5762	142
3187	23	12518	142
12552	23	12525	142
2530	9	2476	142
8210	17	7270	142
2880	9	2517	142
1975	6	625	142
1893	4	1833	142
2164	6	115	142
1970	6	2040	142
7403	17	5818	142
3187	12	2055	142
2903	11	3089	142
205	15	4990	142
4488	14	3937	142
8210	20	7092	142
3193	12	115	142
85	6	115	142
832	1	416	142
2785	9	2520	142
588	1	590	142
2740	9	2482	142
473	6	2040	142
990	1	510	142
2126	6	625	142
2582	9	2520	142
2632	9	2517	142
2074	6	402	142
3020	10	2981	142
2	6	2018	142
2845	9	2518	142
636	1	172	142
6414	23	3026	142
83	1	58	142
1956	6	2040	142
47	6	29	142
3242	12	115	142
1127	1	846	142
3143	11	3087	142
2903	12	170	142
1979	6	2148	142
827	15	5088	142
2077	6	2018	142
915	1	590	142
8824	23	2977	142
1478	1	114	142
2605	9	2476	142
1910	14	3956	142
2681	9	2476	142
1644	15	5088	142
2035	6	625	142
1865	20	6706	142
2090	6	115	142
25	6	29	142
9423	20	6706	142
1912	6	402	142
857	15	5088	142
734	15	4977	142
1424	1	479	142
6414	23	2935	142
7446	20	6780	142
2895	9	2517	142
2785	9	2593	142
2157	6	2120	142
771	6	29	142
1871	12	170	142
3867	14	3495	142
607	15	4990	142
2207	12	2155	142
8571	23	12518	142
1860	9	2517	142
12345	22	11202	142
44	1	46	142
2911	9	2482	142
2809	17	5935	142
2979	10	2924	142
1851	10	2997	142
2558	9	2540	142
2648	9	2505	142
114	1	115	142
19	6	2044	142
2541	9	2482	143
206	1	207	143
2105	6	2027	143
2894	9	2482	143
431	1	189	143
2845	14	3956	143
2015	6	115	143
2644	9	2593	143
199	1	189	143
215	1	189	143
2696	9	2476	143
2089	6	115	143
197	1	189	143
5308	15	5088	143
2718	9	2540	143
2169	6	29	143
492	1	493	143
3231	12	29	143
2692	9	2476	143
2587	9	2476	143
811	1	416	143
776	1	493	143
2047	6	171	143
1850	23	2951	143
2911	9	2484	143
829	15	5088	143
3215	12	2048	143
3113	11	3102	143
3237	12	116	143
702	6	28	143
8353	20	5762	143
2773	9	2517	143
2020	6	2018	143
2049	6	28	143
88	6	29	143
1894	23	2920	143
630	6	29	143
3219	12	2027	143
5324	15	5088	143
5141	15	5088	143
494	1	28	143
2530	9	2517	143
1502	1	416	143
213	1	189	143
801	15	5088	143
600	15	5088	143
610	1	416	143
443	1	416	143
2080	6	115	143
658	1	172	143
100	6	29	143
717	1	636	143
473	1	416	143
5133	15	5088	143
831	1	416	143
1396	1	510	143
9074	20	5762	143
613	1	416	143
2481	9	2482	143
2693	11	3087	143
5252	15	5088	143
5159	15	5088	143
44	6	29	143
845	1	28	143
2130	6	2027	143
1394	6	115	143
4775	14	3495	143
3090	11	3087	143
2809	9	2705	143
6414	23	2935	143
1863	9	2672	143
846	1	397	143
2671	9	2672	143
607	1	596	143
2605	9	2606	143
1592	6	2145	143
1644	1	207	143
2530	14	3431	143
198	1	189	143
2082	15	5057	143
2831	10	2924	143
3205	12	2055	143
8301	23	3060	143
399	6	402	143
2845	10	2977	143
188	1	189	143
172	1	402	143
55	6	29	143
818	1	416	143
178	6	115	143
2149	6	29	143
2744	9	2593	143
1983	6	402	143
4918	14	3431	143
2516	9	2484	143
3053	23	12505	143
1057	1	28	143
2117	6	2032	143
812	1	416	143
3197	12	2055	143
588	6	589	143
428	15	5024	143
1957	6	402	143
3172	23	3027	143
2894	9	2540	143
25	15	5024	143
509	6	510	143
191	1	28	143
28	6	29	143
771	1	773	143
169	6	402	143
196	1	189	143
2655	9	2482	143
3224	12	116	143
3214	12	2120	143
284	1	189	143
7573	20	6706	143
1958	6	2170	143
172	15	5043	143
2818	9	2482	143
675	15	4990	143
2207	23	12514	143
28	9	29	143
1588	6	29	143
3220	12	2170	143
2085	15	5057	143
2809	17	5818	143
2113	6	29	143
399	1	402	143
810	1	416	143
720	1	28	143
711	1	28	143
2655	20	7092	143
310	15	5088	143
659	1	341	143
83	6	29	143
1851	10	3012	143
2901	9	2505	143
2883	9	2482	143
675	15	5120	143
2171	6	115	143
2124	6	115	143
2516	9	2517	143
822	1	416	143
88	1	90	143
702	1	28	143
309	15	5088	143
25	15	4990	143
578	1	28	143
1110	15	5120	143
2059	6	2018	143
2813	9	2482	143
428	6	402	143
1133	6	592	143
2071	6	29	143
44	5	25	143
260	1	189	143
169	1	172	143
396	6	29	143
195	1	189	143
1893	23	2947	143
2827	20	6780	143
2798	9	2505	143
1133	15	4990	143
2789	9	2705	143
3866	14	3487	143
734	15	4977	143
800	1	416	143
1567	1	590	143
1850	23	2951	143
4582	14	3512	143
3101	11	3102	143
675	6	402	143
205	1	207	143
1841	23	2997	143
2761	9	2517	143
759	1	28	143
492	15	5088	143
509	15	4977	143
7446	20	6780	143
597	15	5088	143
2832	9	2606	143
2927	10	2932	143
3064	23	12505	143
11201	22	11202	143
3230	12	116	143
1930	15	4977	143
3232	12	29	143
2923	10	2924	143
1100	6	28	143
7375	20	6780	143
2094	6	2040	143
2014	15	5057	143
3178	11	3087	143
2587	9	2588	143
2809	17	5816	143
2702	9	2705	143
2558	9	2482	143
5148	15	5088	143
5348	15	5088	143
2836	9	2705	143
28	1	29	143
3228	12	117	143
2822	9	2529	143
2809	17	5817	143
769	1	28	143
2836	17	5818	143
415	1	416	143
2718	9	2482	143
191	6	30	143
786	15	5088	143
40	6	1439	143
2822	14	3475	143
2675	9	2476	143
2140	6	2018	143
212	1	189	143
776	15	5088	143
55	1	58	143
3157	11	3095	143
1912	15	5024	143
5158	15	5088	143
1437	6	29	143
2793	9	2476	143
4582	14	3793	143
3190	12	2120	143
2837	9	2482	143
211	1	189	143
2030	6	2032	143
229	15	5057	143
2883	9	2517	143
4646	14	3509	143
2886	11	3153	143
1983	15	5024	143
3209	12	2027	143
1417	15	5088	143
2079	6	28	143
303	1	416	143
284	6	2040	143
636	1	479	143
2632	9	2476	143
3187	23	12518	143
12552	23	12525	143
2530	9	2476	143
2880	9	2517	143
1975	6	625	143
2164	6	115	143
1970	6	2040	143
7403	17	5818	143
3187	12	2055	143
2903	11	3089	143
205	15	4990	143
4488	14	3937	143
3193	12	115	143
85	6	115	143
832	1	416	143
2785	9	2520	143
588	1	590	143
2740	9	2482	143
7497	20	6780	143
473	6	2040	143
990	1	510	143
2126	6	625	143
2582	9	2520	143
2632	9	2517	143
2074	6	402	143
3020	10	2981	143
2	6	2018	143
2845	9	2518	143
636	1	172	143
83	1	58	143
1956	6	2040	143
47	6	29	143
3242	12	115	143
1127	1	846	143
3143	11	3087	143
7621	20	6780	143
2903	12	170	143
12345	22	9668	143
1979	6	2148	143
827	15	5088	143
2077	6	2018	143
915	1	590	143
8824	23	2977	143
1478	1	114	143
2605	9	2476	143
1910	14	3956	143
2681	9	2476	143
1644	15	5088	143
2035	6	625	143
2090	6	115	143
25	6	29	143
1912	6	402	143
857	15	5088	143
734	15	4977	143
1424	1	479	143
6414	23	2935	143
2895	9	2517	143
2785	9	2593	143
2157	6	2120	143
9431	20	5762	143
771	6	29	143
1871	12	170	143
3867	14	3495	143
607	15	4990	143
2207	12	2155	143
8571	23	12518	143
1860	9	2517	143
12345	22	11202	143
44	1	46	143
2911	9	2482	143
6876	20	6706	143
2809	17	5935	143
2979	10	2924	143
1851	10	2997	143
2558	9	2540	143
2648	9	2505	143
114	1	115	143
19	6	2044	143
2541	9	2482	144
206	1	207	144
3063	10	2924	144
2105	6	2027	144
2894	9	2482	144
431	1	189	144
2845	14	3956	144
2015	6	115	144
2644	9	2593	144
199	1	189	144
215	1	189	144
1139	1	773	144
2696	9	2476	144
2089	6	115	144
197	1	189	144
5308	15	5088	144
2718	9	2540	144
2169	6	29	144
492	1	493	144
3231	12	29	144
2692	9	2476	144
2587	9	2476	144
811	1	416	144
776	1	493	144
2047	6	171	144
1850	23	2951	144
2911	9	2484	144
829	15	5088	144
1537	1	46	144
3215	12	2048	144
3113	11	3102	144
3237	12	116	144
702	6	28	144
2773	9	2517	144
2020	6	2018	144
2049	6	28	144
88	6	29	144
1894	23	2920	144
630	6	29	144
3219	12	2027	144
5324	15	5088	144
5141	15	5088	144
494	1	28	144
2530	9	2517	144
1502	1	416	144
88	1	596	144
6986	17	6403	144
213	1	189	144
801	15	5088	144
600	15	5088	144
610	1	416	144
443	1	416	144
2080	6	115	144
658	1	172	144
100	6	29	144
717	1	636	144
473	1	416	144
5133	15	5088	144
831	1	416	144
1396	1	510	144
613	1	416	144
2481	9	2482	144
2693	11	3087	144
5252	15	5088	144
5159	15	5088	144
44	6	29	144
845	1	28	144
2130	6	2027	144
1394	6	115	144
3090	11	3087	144
2809	9	2705	144
6414	23	2935	144
1863	9	2672	144
9225	20	6706	144
846	1	397	144
915	1	589	144
2671	9	2672	144
607	1	596	144
2605	9	2606	144
1592	6	2145	144
1437	1	46	144
1644	1	207	144
2530	14	3431	144
198	1	189	144
1865	20	6706	144
2082	15	5057	144
2831	10	2924	144
3205	12	2055	144
8301	23	3060	144
399	6	402	144
1588	1	46	144
2845	10	2977	144
188	1	189	144
7170	20	7092	144
172	1	402	144
55	6	29	144
818	1	416	144
178	6	115	144
2149	6	29	144
2744	9	2593	144
8163	20	5762	144
1983	6	402	144
4918	14	3431	144
2516	9	2484	144
396	1	397	144
3053	23	12505	144
1057	1	28	144
1894	23	2971	144
2117	6	2032	144
812	1	416	144
3197	12	2055	144
588	6	589	144
428	15	5024	144
1957	6	402	144
3172	23	3027	144
2894	9	2540	144
25	15	5024	144
509	6	510	144
28	6	29	144
771	1	773	144
169	6	402	144
196	1	189	144
2655	9	2482	144
3224	12	116	144
3214	12	2120	144
284	1	189	144
1958	6	2170	144
172	15	5043	144
2818	9	2482	144
675	15	4990	144
2207	23	12514	144
28	9	29	144
7497	20	6780	144
1588	6	29	144
4488	20	6012	144
3220	12	2170	144
2085	15	5057	144
2809	17	5818	144
2113	6	29	144
2798	20	5762	144
399	1	402	144
810	1	416	144
1557	1	773	144
720	1	28	144
711	1	28	144
310	15	5088	144
6876	20	6706	144
659	1	341	144
83	6	29	144
1851	10	3012	144
2901	9	2505	144
2883	9	2482	144
675	15	5120	144
2171	6	115	144
2124	6	115	144
2516	9	2517	144
822	1	416	144
702	1	28	144
309	15	5088	144
25	15	4990	144
7375	20	6780	144
578	1	28	144
1110	15	5120	144
8735	17	5948	144
2059	6	2018	144
588	1	589	144
2813	9	2482	144
428	6	402	144
1133	6	592	144
2071	6	29	144
44	5	25	144
260	1	189	144
169	1	172	144
396	6	29	144
195	1	189	144
1893	23	2947	144
2798	9	2505	144
1133	15	4990	144
2789	9	2705	144
3866	14	3487	144
734	15	4977	144
800	1	416	144
1567	1	590	144
1850	23	2951	144
4582	14	3512	144
3101	11	3102	144
675	6	402	144
205	1	207	144
11201	22	2157	144
7375	17	7126	144
1841	23	2997	144
2761	9	2517	144
759	1	28	144
492	15	5088	144
509	15	4977	144
2693	17	5948	144
597	15	5088	144
2832	9	2606	144
2927	10	2932	144
3064	23	12505	144
11201	22	11202	144
3230	12	116	144
1930	15	4977	144
3232	12	29	144
2923	10	2924	144
1100	6	28	144
2094	6	2040	144
2014	15	5057	144
3178	11	3087	144
2587	9	2588	144
2809	17	5816	144
2702	9	2705	144
2558	9	2482	144
5148	15	5088	144
5348	15	5088	144
2836	9	2705	144
28	1	29	144
3228	12	117	144
2822	9	2529	144
2809	17	5817	144
769	1	28	144
2836	17	5818	144
415	1	416	144
2718	9	2482	144
3178	17	5948	144
191	6	30	144
786	15	5088	144
7206	17	7142	144
40	6	1439	144
2822	14	3475	144
2675	9	2476	144
2140	6	2018	144
212	1	189	144
7446	20	6780	144
776	15	5088	144
55	1	58	144
3157	11	3095	144
1912	15	5024	144
5158	15	5088	144
1437	6	29	144
2793	9	2476	144
3190	12	2120	144
2837	9	2482	144
211	1	189	144
2030	6	2032	144
229	15	5057	144
47	1	49	144
2883	9	2517	144
2886	11	3153	144
1983	15	5024	144
1567	1	589	144
3209	12	2027	144
1417	15	5088	144
2079	6	28	144
303	1	416	144
11201	22	10030	144
630	1	46	144
284	6	2040	144
636	1	479	144
2632	9	2476	144
3187	23	12518	144
8923	20	6012	144
12552	23	12525	144
2530	9	2476	144
2880	9	2517	144
1975	6	625	144
2164	6	115	144
1970	6	2040	144
7403	17	5818	144
3187	12	2055	144
8163	17	5762	144
2903	11	3089	144
205	15	4990	144
4488	14	3937	144
3193	12	115	144
85	6	115	144
832	1	416	144
2785	9	2520	144
588	1	590	144
6986	17	6685	144
2740	9	2482	144
473	6	2040	144
990	1	510	144
2126	6	625	144
2582	9	2520	144
2632	9	2517	144
2074	6	402	144
3020	10	2981	144
2	6	2018	144
7573	17	6706	144
798	1	589	144
2845	9	2518	144
636	1	172	144
83	1	58	144
1956	6	2040	144
47	6	29	144
7573	20	6706	144
3242	12	115	144
1127	1	846	144
3143	11	3087	144
2903	12	170	144
12345	22	9668	144
1979	6	2148	144
827	15	5088	144
2077	6	2018	144
915	1	590	144
8824	23	2977	144
1478	1	114	144
2605	9	2476	144
1910	14	3956	144
2681	9	2476	144
1644	15	5088	144
2035	6	625	144
2090	6	115	144
25	6	29	144
1912	6	402	144
857	15	5088	144
734	15	4977	144
3205	20	6012	144
1424	1	479	144
6414	23	2935	144
2895	9	2517	144
2785	9	2593	144
2157	6	2120	144
9423	20	6706	144
771	6	29	144
1871	12	170	144
2584	20	6780	144
3867	14	3495	144
607	15	4990	144
2207	12	2155	144
8571	23	12518	144
1860	9	2517	144
44	1	46	144
2911	9	2482	144
2809	17	5935	144
2979	10	2924	144
1851	10	2997	144
2558	9	2540	144
2648	9	2505	144
9431	20	5762	144
114	1	115	144
19	6	2044	144
206	1	207	145
3063	10	2924	145
2105	6	2027	145
2894	9	2482	145
431	1	189	145
2845	14	3956	145
2015	6	115	145
2644	9	2593	145
199	1	189	145
215	1	189	145
1139	1	773	145
2696	9	2476	145
2089	6	115	145
197	1	189	145
5308	15	5088	145
2718	9	2540	145
2169	6	29	145
492	1	493	145
3231	12	29	145
2692	9	2476	145
2587	9	2476	145
811	1	416	145
776	1	493	145
2047	6	171	145
1850	23	2951	145
2911	9	2484	145
829	15	5088	145
1537	1	46	145
3215	12	2048	145
3113	11	3102	145
3237	12	116	145
702	6	28	145
2773	9	2517	145
2020	6	2018	145
2049	6	28	145
88	6	29	145
1894	23	2920	145
630	6	29	145
3219	12	2027	145
5324	15	5088	145
7497	20	6780	145
5141	15	5088	145
494	1	28	145
2530	9	2517	145
1502	1	416	145
7573	20	6706	145
88	1	596	145
213	1	189	145
801	15	5088	145
600	15	5088	145
610	1	416	145
443	1	416	145
2080	6	115	145
658	1	172	145
100	6	29	145
717	1	636	145
473	1	416	145
5133	15	5088	145
831	1	416	145
1396	1	510	145
613	1	416	145
2481	9	2482	145
2693	11	3087	145
5252	15	5088	145
5159	15	5088	145
44	6	29	145
845	1	28	145
2130	6	2027	145
1394	6	115	145
3090	11	3087	145
2809	9	2705	145
6414	23	2935	145
1863	9	2672	145
846	1	397	145
915	1	589	145
2671	9	2672	145
607	1	596	145
2605	9	2606	145
1592	6	2145	145
7375	20	6780	145
1437	1	46	145
1644	1	207	145
2530	14	3431	145
8923	17	6012	145
198	1	189	145
2082	15	5057	145
2831	10	2924	145
3205	12	2055	145
8301	23	3060	145
399	6	402	145
1588	1	46	145
2845	10	2977	145
188	1	189	145
172	1	402	145
55	6	29	145
818	1	416	145
178	6	115	145
2149	6	29	145
2744	9	2593	145
9423	20	6706	145
1983	6	402	145
4918	14	3431	145
3205	20	6012	145
2516	9	2484	145
396	1	397	145
3053	23	12505	145
1057	1	28	145
1894	23	2971	145
2117	6	2032	145
812	1	416	145
3197	12	2055	145
588	6	589	145
428	15	5024	145
1957	6	402	145
3172	23	3027	145
9431	20	5762	145
2894	9	2540	145
25	15	5024	145
509	6	510	145
28	6	29	145
771	1	773	145
169	6	402	145
196	1	189	145
2655	9	2482	145
3224	12	116	145
3214	12	2120	145
284	1	189	145
1958	6	2170	145
172	15	5043	145
2818	9	2482	145
675	15	4990	145
2207	23	12514	145
28	9	29	145
1588	6	29	145
3220	12	2170	145
2085	15	5057	145
2809	17	5818	145
2113	6	29	145
399	1	402	145
810	1	416	145
1557	1	773	145
720	1	28	145
711	1	28	145
310	15	5088	145
659	1	341	145
2827	20	6780	145
7496	17	7126	145
83	6	29	145
1851	10	3012	145
2901	9	2505	145
8923	20	6012	145
2883	9	2482	145
675	15	5120	145
2171	6	115	145
2124	6	115	145
2516	9	2517	145
822	1	416	145
702	1	28	145
309	15	5088	145
25	1	28	145
25	15	4990	145
578	1	28	145
1110	15	5120	145
4582	14	3519	145
2059	6	2018	145
588	1	589	145
2813	9	2482	145
428	6	402	145
1133	6	592	145
2071	6	29	145
44	5	25	145
1865	20	6706	145
260	1	189	145
169	1	172	145
396	6	29	145
195	1	189	145
1893	23	2947	145
2798	9	2505	145
1133	15	4990	145
2789	9	2705	145
3866	14	3487	145
734	15	4977	145
800	1	416	145
1850	23	2951	145
4582	14	3512	145
3101	11	3102	145
675	6	402	145
205	1	207	145
11201	22	2157	145
1841	23	2997	145
2761	9	2517	145
759	1	28	145
492	15	5088	145
509	15	4977	145
597	15	5088	145
2832	9	2606	145
3064	23	12505	145
7446	20	6780	145
3230	12	116	145
1930	15	4977	145
3232	12	29	145
2923	10	2924	145
1100	6	28	145
2094	6	2040	145
2014	15	5057	145
3178	11	3087	145
2587	9	2588	145
2809	17	5816	145
2702	9	2705	145
2558	9	2482	145
5148	15	5088	145
5348	15	5088	145
9121	17	7538	145
2836	9	2705	145
28	1	29	145
3228	12	117	145
2822	9	2529	145
2809	17	5817	145
769	1	28	145
2836	17	5818	145
415	1	416	145
2718	9	2482	145
191	6	30	145
786	15	5088	145
40	6	1439	145
2822	14	3475	145
2675	9	2476	145
2140	6	2018	145
212	1	189	145
776	15	5088	145
55	1	58	145
3157	11	3095	145
1912	15	5024	145
5158	15	5088	145
1437	6	29	145
2793	9	2476	145
3190	12	2120	145
2837	9	2482	145
211	1	189	145
2030	6	2032	145
229	15	5057	145
47	1	49	145
2883	9	2517	145
2886	11	3153	145
1983	15	5024	145
1567	1	589	145
3209	12	2027	145
1417	15	5088	145
2079	6	28	145
303	1	416	145
11201	22	10030	145
284	6	2040	145
636	1	479	145
2632	9	2476	145
3187	23	12518	145
12552	23	12525	145
2072	6	29	145
2530	9	2476	145
2880	9	2517	145
1975	6	625	145
2164	6	115	145
1970	6	2040	145
6698	20	5762	145
7403	17	5818	145
3187	12	2055	145
2903	11	3089	145
205	15	4990	145
3193	12	115	145
85	6	115	145
832	1	416	145
2785	9	2520	145
2740	9	2482	145
473	6	2040	145
990	1	510	145
2126	6	625	145
2582	9	2520	145
2632	9	2517	145
2074	6	402	145
3020	10	2981	145
7515	20	7092	145
2	6	2018	145
798	1	589	145
2845	9	2518	145
636	1	172	145
83	1	58	145
1956	6	2040	145
47	6	29	145
3242	12	115	145
1127	1	846	145
3143	11	3087	145
2903	12	170	145
12345	22	9668	145
1979	6	2148	145
827	15	5088	145
2077	6	2018	145
8824	23	2977	145
1478	1	114	145
2605	9	2476	145
1910	14	3956	145
2681	9	2476	145
1644	15	5088	145
2035	6	625	145
2090	6	115	145
25	6	29	145
1912	6	402	145
857	15	5088	145
734	15	4977	145
1424	1	479	145
2895	9	2517	145
2785	9	2593	145
2157	6	2120	145
771	6	29	145
1871	12	170	145
3867	14	3495	145
607	15	4990	145
2207	12	2155	145
8571	23	12518	145
2827	17	6780	145
1860	9	2517	145
44	1	46	145
2911	9	2482	145
2809	17	5935	145
2979	10	2924	145
1851	10	2997	145
2558	9	2540	145
2648	9	2505	145
114	1	115	145
19	6	2044	145
206	1	207	146
3063	10	2924	146
2105	6	2027	146
2894	9	2482	146
431	1	189	146
2845	14	3956	146
2015	6	115	146
2644	9	2593	146
199	1	189	146
215	1	189	146
1139	1	773	146
2696	9	2476	146
2089	6	115	146
197	1	189	146
5308	15	5088	146
2718	9	2540	146
2169	6	29	146
492	1	493	146
3231	12	29	146
2692	9	2476	146
2587	9	2476	146
811	1	416	146
776	1	493	146
2503	9	2482	146
2047	6	171	146
8590	17	6331	146
1850	23	2951	146
2911	9	2484	146
829	15	5088	146
1537	1	46	146
3215	12	2048	146
3113	11	3102	146
3237	12	116	146
702	6	28	146
2773	9	2517	146
2020	6	2018	146
9381	20	5762	146
2049	6	28	146
88	6	29	146
1894	23	2920	146
630	6	29	146
3219	12	2027	146
5324	15	5088	146
5141	15	5088	146
494	1	28	146
2530	9	2517	146
1502	1	416	146
88	1	596	146
213	1	189	146
801	15	5088	146
600	15	5088	146
610	1	416	146
443	1	416	146
919	1	920	146
2080	6	115	146
630	1	632	146
658	1	172	146
100	6	29	146
717	1	636	146
473	1	416	146
5133	15	5088	146
831	1	416	146
1396	1	510	146
613	1	416	146
2481	9	2482	146
2693	11	3087	146
5252	15	5088	146
5159	15	5088	146
44	6	29	146
845	1	28	146
8408	23	12519	146
2130	6	2027	146
1394	6	115	146
1849	4	1839	146
3090	11	3087	146
2809	9	2705	146
6414	23	2935	146
1863	9	2672	146
846	1	397	146
1486	6	29	146
915	1	589	146
2671	9	2672	146
9423	20	6706	146
607	1	596	146
2605	9	2606	146
1592	6	2145	146
1437	1	46	146
1644	1	207	146
2530	14	3431	146
198	1	189	146
2082	15	5057	146
2831	10	2924	146
2798	20	5762	146
3205	12	2055	146
8301	23	3060	146
399	6	402	146
1588	1	46	146
2845	10	2977	146
188	1	189	146
2483	9	2518	146
172	1	402	146
55	6	29	146
818	1	416	146
178	6	115	146
2149	6	29	146
2744	9	2593	146
1983	6	402	146
4918	14	3431	146
2516	9	2484	146
396	1	397	146
3053	23	12505	146
1057	1	28	146
1894	23	2971	146
2117	6	2032	146
812	1	416	146
3197	12	2055	146
588	6	589	146
428	15	5024	146
1957	6	402	146
3172	23	3027	146
2894	9	2540	146
25	15	5024	146
509	6	510	146
28	6	29	146
771	1	773	146
169	6	402	146
196	1	189	146
2655	9	2482	146
3224	12	116	146
3214	12	2120	146
284	1	189	146
1958	6	2170	146
172	15	5043	146
2818	9	2482	146
675	15	4990	146
2207	23	12514	146
28	9	29	146
1588	6	29	146
3205	20	6012	146
3220	12	2170	146
2085	15	5057	146
2809	17	5818	146
12345	22	9579	146
2113	6	29	146
399	1	402	146
810	1	416	146
1557	1	773	146
720	1	28	146
711	1	28	146
310	15	5088	146
659	1	341	146
83	6	29	146
1851	10	3012	146
2901	9	2505	146
2883	9	2482	146
675	15	5120	146
2171	6	115	146
2124	6	115	146
2516	9	2517	146
822	1	416	146
702	1	28	146
1437	1	920	146
309	15	5088	146
25	1	28	146
25	15	4990	146
578	1	28	146
1110	15	5120	146
4582	14	3519	146
2059	6	2018	146
588	1	589	146
2813	9	2482	146
428	6	402	146
1133	6	592	146
2071	6	29	146
44	5	25	146
260	1	189	146
169	1	172	146
2865	11	3107	146
396	6	29	146
195	1	189	146
1893	23	2947	146
2798	9	2505	146
1133	15	4990	146
2789	9	2705	146
3866	14	3487	146
734	15	4977	146
800	1	416	146
1850	23	2951	146
3101	11	3102	146
675	6	402	146
205	1	207	146
11201	22	2157	146
1537	1	920	146
1841	23	2997	146
2761	9	2517	146
759	1	28	146
492	15	5088	146
509	15	4977	146
597	15	5088	146
2832	9	2606	146
3064	23	12505	146
3230	12	116	146
1930	15	4977	146
3232	12	29	146
1100	6	28	146
2094	6	2040	146
2014	15	5057	146
3178	11	3087	146
3205	17	5853	146
2587	9	2588	146
2809	17	5816	146
2702	9	2705	146
2558	9	2482	146
5148	15	5088	146
5348	15	5088	146
2836	9	2705	146
28	1	29	146
3228	12	117	146
1486	1	397	146
2822	9	2529	146
2809	17	5817	146
769	1	28	146
2836	17	5818	146
415	1	416	146
2718	9	2482	146
191	6	30	146
786	15	5088	146
40	6	1439	146
2822	14	3475	146
2675	9	2476	146
2140	6	2018	146
212	1	189	146
776	15	5088	146
55	1	58	146
3157	11	3095	146
1912	15	5024	146
5158	15	5088	146
1437	6	29	146
2793	9	2476	146
7375	20	6780	146
3190	12	2120	146
2837	9	2482	146
211	1	189	146
2030	6	2032	146
229	15	5057	146
47	1	49	146
2883	9	2517	146
2886	11	3153	146
1983	15	5024	146
1567	1	589	146
3209	12	2027	146
1417	15	5088	146
2079	6	28	146
303	1	416	146
11201	22	10030	146
284	6	2040	146
636	1	479	146
2632	9	2476	146
3187	23	12518	146
12552	23	12525	146
2072	6	29	146
2530	9	2476	146
2880	9	2517	146
1975	6	625	146
2164	6	115	146
1970	6	2040	146
7403	17	5818	146
3187	12	2055	146
2903	11	3089	146
205	15	4990	146
3193	12	115	146
85	6	115	146
832	1	416	146
2785	9	2520	146
2740	9	2482	146
473	6	2040	146
990	1	510	146
2126	6	625	146
2582	9	2520	146
2632	9	2517	146
2074	6	402	146
3020	10	2981	146
7497	20	6780	146
2	6	2018	146
798	1	589	146
2845	9	2518	146
636	1	172	146
83	1	58	146
1956	6	2040	146
47	6	29	146
3242	12	115	146
1127	1	846	146
3143	11	3087	146
2903	12	170	146
12345	22	9668	146
1979	6	2148	146
827	15	5088	146
2077	6	2018	146
8824	23	2977	146
1478	1	114	146
2605	9	2476	146
1910	14	3956	146
9166	20	6012	146
2681	9	2476	146
1644	15	5088	146
2035	6	625	146
2090	6	115	146
25	6	29	146
1912	6	402	146
857	15	5088	146
734	15	4977	146
1424	1	479	146
2895	9	2517	146
2785	9	2593	146
2157	6	2120	146
771	6	29	146
1871	12	170	146
3867	14	3495	146
607	15	4990	146
2207	12	2155	146
8571	23	12518	146
1860	9	2517	146
7881	20	6706	146
44	1	46	146
2911	9	2482	146
2809	17	5935	146
2979	10	2924	146
1851	10	2997	146
2558	9	2540	146
2648	9	2505	146
114	1	115	146
19	6	2044	146
9431	20	5762	146
206	1	207	147
3063	10	2924	147
2105	6	2027	147
2894	9	2482	147
431	1	189	147
2845	14	3956	147
2015	6	115	147
2644	9	2593	147
6511	20	6012	147
199	1	189	147
215	1	189	147
2696	9	2476	147
4082	14	3747	147
2089	6	115	147
197	1	189	147
5308	15	5088	147
2718	9	2540	147
2169	6	29	147
492	1	493	147
3231	12	29	147
2692	9	2476	147
2587	9	2476	147
811	1	416	147
776	1	493	147
2503	9	2482	147
2047	6	171	147
1850	23	2951	147
2911	9	2484	147
399	1	171	147
829	15	5088	147
3215	12	2048	147
3113	11	3102	147
8590	17	8432	147
3237	12	116	147
702	6	28	147
2773	9	2517	147
2020	6	2018	147
2049	6	28	147
88	6	29	147
1894	23	2920	147
630	6	29	147
3219	12	2027	147
5324	15	5088	147
5141	15	5088	147
494	1	28	147
2530	9	2517	147
9431	20	5762	147
1502	1	416	147
88	1	596	147
213	1	189	147
801	15	5088	147
600	15	5088	147
610	1	416	147
443	1	416	147
919	1	920	147
2080	6	115	147
630	1	632	147
658	1	172	147
100	6	29	147
717	1	636	147
473	1	416	147
5133	15	5088	147
831	1	416	147
1396	1	510	147
613	1	416	147
2481	9	2482	147
2693	11	3087	147
5252	15	5088	147
5159	15	5088	147
44	6	29	147
845	1	28	147
8408	23	12519	147
2130	6	2027	147
1957	6	171	147
1394	6	115	147
3090	11	3087	147
2809	9	2705	147
169	1	171	147
6414	23	2935	147
1863	9	2672	147
846	1	397	147
1486	6	29	147
915	1	589	147
2671	9	2672	147
607	1	596	147
2605	9	2606	147
1592	6	2145	147
1644	1	207	147
2530	14	3431	147
198	1	189	147
2082	15	5057	147
3205	12	2055	147
8301	23	3060	147
399	6	402	147
2845	10	2977	147
188	1	189	147
2483	9	2518	147
172	1	402	147
55	6	29	147
818	1	416	147
2074	6	171	147
178	6	115	147
2149	6	29	147
675	6	171	147
2744	9	2593	147
1983	6	402	147
4918	14	3431	147
2655	17	6719	147
2516	9	2484	147
3053	23	12505	147
1057	1	28	147
2117	6	2032	147
812	1	416	147
3197	12	2055	147
588	6	589	147
1912	6	171	147
428	15	5024	147
1957	6	402	147
3172	23	3027	147
2894	9	2540	147
25	15	5024	147
509	6	510	147
8708	17	6704	147
28	6	29	147
771	1	773	147
169	6	402	147
196	1	189	147
2655	9	2482	147
3224	12	116	147
3214	12	2120	147
284	1	189	147
1958	6	2170	147
172	15	5043	147
2818	9	2482	147
675	15	4990	147
2207	23	12514	147
28	9	29	147
1588	6	29	147
3220	12	2170	147
2085	15	5057	147
2809	17	5818	147
12345	22	9579	147
2113	6	29	147
399	1	402	147
810	1	416	147
1557	1	773	147
720	1	28	147
711	1	28	147
310	15	5088	147
7496	20	6780	147
659	1	341	147
83	6	29	147
1851	10	3012	147
2901	9	2505	147
2883	9	2482	147
675	15	5120	147
2171	6	115	147
2124	6	115	147
2516	9	2517	147
822	1	416	147
702	1	28	147
1437	1	920	147
309	15	5088	147
25	1	28	147
25	15	4990	147
578	1	28	147
8210	17	6331	147
1110	15	5120	147
4582	14	3519	147
2059	6	2018	147
588	1	589	147
2813	9	2482	147
428	6	402	147
1133	6	592	147
2071	6	29	147
44	5	25	147
260	1	189	147
169	1	172	147
2865	11	3107	147
396	6	29	147
195	1	189	147
1893	23	2947	147
2798	9	2505	147
1133	15	4990	147
2789	9	2705	147
3866	14	3487	147
3170	17	5947	147
399	15	5043	147
734	15	4977	147
800	1	416	147
7446	20	6780	147
1850	23	2951	147
3101	11	3102	147
675	6	402	147
205	1	207	147
11201	22	2157	147
1537	1	920	147
1841	23	2997	147
2761	9	2517	147
759	1	28	147
492	15	5088	147
509	15	4977	147
597	15	5088	147
3784	14	3786	147
2832	9	2606	147
3064	23	12505	147
3230	12	116	147
1930	15	4977	147
3232	12	29	147
1100	6	28	147
2094	6	2040	147
2014	15	5057	147
3178	11	3087	147
2587	9	2588	147
2809	17	5816	147
2702	9	2705	147
2558	9	2482	147
793	1	341	147
428	6	171	147
5148	15	5088	147
5348	15	5088	147
2836	9	2705	147
28	1	29	147
3228	12	117	147
1486	1	397	147
2822	9	2529	147
2809	17	5817	147
769	1	28	147
2836	17	5818	147
415	1	416	147
2718	9	2482	147
191	6	30	147
786	15	5088	147
40	6	1439	147
2822	14	3475	147
2675	9	2476	147
12016	22	9579	147
2140	6	2018	147
212	1	189	147
7497	20	6780	147
172	1	171	147
776	15	5088	147
55	1	58	147
3157	11	3095	147
1912	15	5024	147
5158	15	5088	147
7515	20	7092	147
1437	6	29	147
3157	11	3107	147
7375	20	6780	147
2793	9	2476	147
3190	12	2120	147
2837	9	2482	147
211	1	189	147
2030	6	2032	147
229	15	5057	147
47	1	49	147
2883	9	2517	147
2886	11	3153	147
1983	15	5024	147
1567	1	589	147
3209	12	2027	147
1417	15	5088	147
2079	6	28	147
303	1	416	147
11201	22	10030	147
284	6	2040	147
2507	9	2476	147
636	1	479	147
2632	9	2476	147
3187	23	12518	147
12552	23	12525	147
2072	6	29	147
2530	9	2476	147
2880	9	2517	147
1975	6	625	147
2164	6	115	147
1970	6	2040	147
7403	17	5818	147
1983	6	171	147
3187	12	2055	147
2903	11	3089	147
205	15	4990	147
169	6	171	147
8708	17	5947	147
3193	12	115	147
85	6	115	147
832	1	416	147
2785	9	2520	147
2740	9	2482	147
473	6	2040	147
990	1	510	147
2126	6	625	147
2582	9	2520	147
2632	9	2517	147
2074	6	402	147
3020	10	2981	147
2	6	2018	147
798	1	589	147
2845	9	2518	147
636	1	172	147
83	1	58	147
1956	6	2040	147
47	6	29	147
3242	12	115	147
1127	1	846	147
3143	11	3087	147
2903	12	170	147
1979	6	2148	147
827	15	5088	147
2077	6	2018	147
8824	23	2977	147
1478	1	114	147
9381	20	5762	147
2605	9	2476	147
1910	14	3956	147
2681	9	2476	147
1644	15	5088	147
2035	6	625	147
2090	6	115	147
25	6	29	147
1912	6	402	147
857	15	5088	147
734	15	4977	147
1424	1	479	147
2895	9	2517	147
2785	9	2593	147
2157	6	2120	147
771	6	29	147
1871	12	170	147
3867	14	3495	147
607	15	4990	147
2207	12	2155	147
8571	23	12518	147
1860	9	2517	147
399	6	171	147
44	1	46	147
2911	9	2482	147
2809	17	5935	147
2979	10	2924	147
1851	10	2997	147
2558	9	2540	147
2648	9	2505	147
114	1	115	147
19	6	2044	147
3205	20	6012	147
9380	20	6780	148
206	1	207	148
3063	10	2924	148
2105	6	2027	148
2894	9	2482	148
431	1	189	148
2845	14	3956	148
2015	6	115	148
2644	9	2593	148
199	1	189	148
215	1	189	148
2696	9	2476	148
4082	14	3747	148
2089	6	115	148
197	1	189	148
5308	15	5088	148
2718	9	2540	148
2169	6	29	148
492	1	493	148
3231	12	29	148
2692	9	2476	148
2587	9	2476	148
811	1	416	148
776	1	493	148
2503	9	2482	148
2047	6	171	148
1850	23	2951	148
2911	9	2484	148
399	1	171	148
7497	20	6780	148
9011	17	7064	148
829	15	5088	148
3215	12	2048	148
7170	20	7092	148
3113	11	3102	148
3237	12	116	148
702	6	28	148
2773	9	2517	148
2020	6	2018	148
2049	6	28	148
88	6	29	148
1894	23	2920	148
630	6	29	148
3219	12	2027	148
5324	15	5088	148
5141	15	5088	148
494	1	28	148
2530	9	2517	148
1502	1	416	148
88	1	596	148
213	1	189	148
801	15	5088	148
600	15	5088	148
610	1	416	148
443	1	416	148
919	1	920	148
2080	6	115	148
630	1	632	148
658	1	172	148
100	6	29	148
717	1	636	148
473	1	416	148
5133	15	5088	148
831	1	416	148
1396	1	510	148
613	1	416	148
2481	9	2482	148
2693	11	3087	148
5252	15	5088	148
5159	15	5088	148
44	6	29	148
845	1	28	148
8408	23	12519	148
2130	6	2027	148
1957	6	171	148
1394	6	115	148
3090	11	3087	148
2809	9	2705	148
169	1	171	148
6414	23	2935	148
1863	9	2672	148
846	1	397	148
1486	6	29	148
915	1	589	148
2671	9	2672	148
607	1	596	148
2605	9	2606	148
1592	6	2145	148
1644	1	207	148
2530	14	3431	148
198	1	189	148
2082	15	5057	148
3205	12	2055	148
2845	10	2977	148
188	1	189	148
2483	9	2518	148
55	6	29	148
818	1	416	148
2074	6	171	148
178	6	115	148
2149	6	29	148
6108	20	7092	148
675	6	171	148
2744	9	2593	148
4918	14	3431	148
2516	9	2484	148
3053	23	12505	148
1057	1	28	148
2117	6	2032	148
812	1	416	148
3197	12	2055	148
588	6	589	148
1912	6	171	148
428	15	5024	148
7375	20	6780	148
9381	20	5762	148
3172	23	3027	148
2894	9	2540	148
25	15	5024	148
509	6	510	148
28	6	29	148
771	1	773	148
8210	20	7092	148
196	1	189	148
2655	9	2482	148
3224	12	116	148
3214	12	2120	148
284	1	189	148
1863	9	2560	148
1958	6	2170	148
172	15	5043	148
2818	9	2482	148
675	15	4990	148
9090	17	6242	148
2207	23	12514	148
28	9	29	148
1588	6	29	148
3220	12	2170	148
2085	15	5057	148
2809	17	5818	148
12345	22	9579	148
2113	6	29	148
810	1	416	148
1557	1	773	148
720	1	28	148
711	1	28	148
310	15	5088	148
659	1	341	148
83	6	29	148
1851	10	3012	148
2901	9	2505	148
2883	9	2482	148
675	15	5120	148
2171	6	115	148
2124	6	115	148
2516	9	2517	148
822	1	416	148
702	1	28	148
1437	1	920	148
309	15	5088	148
25	1	28	148
25	15	4990	148
578	1	28	148
1110	15	5120	148
4582	14	3519	148
2059	6	2018	148
588	1	589	148
2813	9	2482	148
1133	6	592	148
2071	6	29	148
44	5	25	148
260	1	189	148
2865	11	3107	148
396	6	29	148
195	1	189	148
1893	23	2947	148
2798	9	2505	148
1133	15	4990	148
2789	9	2705	148
3866	14	3487	148
399	15	5043	148
734	15	4977	148
800	1	416	148
1850	23	2951	148
3101	11	3102	148
205	1	207	148
11201	22	2157	148
1537	1	920	148
1841	23	2997	148
2761	9	2517	148
759	1	28	148
492	15	5088	148
509	15	4977	148
597	15	5088	148
3784	14	3786	148
2832	9	2606	148
3064	23	12505	148
3230	12	116	148
1930	15	4977	148
3232	12	29	148
1100	6	28	148
2094	6	2040	148
2014	15	5057	148
3178	11	3087	148
2587	9	2588	148
2809	17	5816	148
2702	9	2705	148
2558	9	2482	148
793	1	341	148
428	6	171	148
5148	15	5088	148
5348	15	5088	148
1894	4	1839	148
2836	9	2705	148
28	1	29	148
3228	12	117	148
1486	1	397	148
2822	9	2529	148
2809	17	5817	148
769	1	28	148
2836	17	5818	148
415	1	416	148
7141	17	6700	148
2718	9	2482	148
191	6	30	148
786	15	5088	148
2622	9	2482	148
40	6	1439	148
2822	14	3475	148
2675	9	2476	148
12016	22	9579	148
2140	6	2018	148
212	1	189	148
9166	20	6012	148
172	1	171	148
776	15	5088	148
55	1	58	148
3157	11	3095	148
1912	15	5024	148
5158	15	5088	148
2815	9	2816	148
1437	6	29	148
3157	11	3107	148
2793	9	2476	148
3190	12	2120	148
2837	9	2482	148
211	1	189	148
2030	6	2032	148
229	15	5057	148
47	1	49	148
2883	9	2517	148
2886	11	3153	148
1983	15	5024	148
5852	20	5762	148
1567	1	589	148
3209	12	2027	148
1417	15	5088	148
2079	6	28	148
303	1	416	148
11201	22	10030	148
284	6	2040	148
2507	9	2476	148
636	1	479	148
2632	9	2476	148
3187	23	12518	148
12552	23	12525	148
2072	6	29	148
2530	9	2476	148
2880	9	2517	148
1975	6	625	148
2164	6	115	148
9423	20	6706	148
1970	6	2040	148
7403	17	5818	148
1983	6	171	148
3187	12	2055	148
2903	11	3089	148
205	15	4990	148
169	6	171	148
3193	12	115	148
85	6	115	148
832	1	416	148
2785	9	2520	148
2740	9	2482	148
473	6	2040	148
990	1	510	148
2126	6	625	148
2582	9	2520	148
2632	9	2517	148
3020	10	2981	148
2	6	2018	148
798	1	589	148
2845	9	2518	148
636	1	172	148
83	1	58	148
1956	6	2040	148
47	6	29	148
9431	20	5762	148
3242	12	115	148
1127	1	846	148
3143	11	3087	148
2903	12	170	148
1979	6	2148	148
827	15	5088	148
2077	6	2018	148
8824	23	2977	148
1478	1	114	148
2605	9	2476	148
1910	14	3956	148
2681	9	2476	148
1644	15	5088	148
2035	6	625	148
2090	6	115	148
25	6	29	148
857	15	5088	148
734	15	4977	148
1424	1	479	148
2895	9	2517	148
2785	9	2593	148
2157	6	2120	148
771	6	29	148
1871	12	170	148
2584	20	6780	148
12345	22	9574	148
3867	14	3495	148
607	15	4990	148
2207	12	2155	148
8571	23	12518	148
1860	9	2517	148
399	6	171	148
3205	20	6012	148
44	1	46	148
2911	9	2482	148
2809	17	5935	148
2979	10	2924	148
1851	10	2997	148
2558	9	2540	148
2648	9	2505	148
2798	20	6012	148
114	1	115	148
19	6	2044	148
206	1	207	149
3063	10	2924	149
2105	6	2027	149
2894	9	2482	149
431	1	189	149
2845	14	3956	149
2015	6	115	149
2644	9	2593	149
199	1	189	149
215	1	189	149
2696	9	2476	149
4082	14	3747	149
2089	6	115	149
197	1	189	149
5308	15	5088	149
2718	9	2540	149
2169	6	29	149
9291	20	6706	149
492	1	493	149
3029	17	5947	149
3231	12	29	149
2692	9	2476	149
2587	9	2476	149
811	1	416	149
776	1	493	149
2503	9	2482	149
2047	6	171	149
1850	23	2951	149
2911	9	2484	149
399	1	171	149
8473	17	5942	149
829	15	5088	149
3215	12	2048	149
3113	11	3102	149
3237	12	116	149
702	6	28	149
2773	9	2517	149
2020	6	2018	149
2049	6	28	149
88	6	29	149
630	6	29	149
3219	12	2027	149
5324	15	5088	149
5141	15	5088	149
494	1	28	149
2530	9	2517	149
1502	1	416	149
3205	20	6012	149
88	1	596	149
213	1	189	149
801	15	5088	149
600	15	5088	149
610	1	416	149
443	1	416	149
919	1	920	149
2080	6	115	149
4582	14	3793	149
9090	20	7092	149
630	1	632	149
658	1	172	149
100	6	29	149
717	1	636	149
473	1	416	149
5133	15	5088	149
831	1	416	149
1396	1	510	149
613	1	416	149
2481	9	2482	149
2693	11	3087	149
5252	15	5088	149
5159	15	5088	149
44	6	29	149
845	1	28	149
8408	23	12519	149
2130	6	2027	149
1957	6	171	149
1394	6	115	149
915	1	1503	149
3090	11	3087	149
2809	9	2705	149
169	1	171	149
1863	9	2672	149
846	1	397	149
1486	6	29	149
915	1	589	149
2671	9	2672	149
607	1	596	149
2605	9	2606	149
1592	6	2145	149
11201	22	9756	149
7496	20	6780	149
1644	1	207	149
2530	14	3431	149
198	1	189	149
2082	15	5057	149
3205	12	2055	149
2845	10	2977	149
188	1	189	149
2483	9	2518	149
55	6	29	149
818	1	416	149
2074	6	171	149
178	6	115	149
2149	6	29	149
675	6	171	149
2744	9	2593	149
4918	14	3431	149
2516	9	2484	149
3053	23	12505	149
1057	1	28	149
2117	6	2032	149
812	1	416	149
3197	12	2055	149
588	6	589	149
3034	14	3956	149
1912	6	171	149
428	15	5024	149
3172	23	3027	149
2894	9	2540	149
25	15	5024	149
509	6	510	149
28	6	29	149
771	1	773	149
196	1	189	149
2655	9	2482	149
3224	12	116	149
3214	12	2120	149
284	1	189	149
1863	9	2560	149
1958	6	2170	149
172	15	5043	149
2818	9	2482	149
2646	9	2482	149
675	15	4990	149
2207	23	12514	149
28	9	29	149
1588	6	29	149
3220	12	2170	149
2085	15	5057	149
2809	17	5818	149
2113	6	29	149
8380	17	6224	149
810	1	416	149
1557	1	773	149
720	1	28	149
711	1	28	149
310	15	5088	149
8735	17	5947	149
659	1	341	149
1139	1	773	149
83	6	29	149
2901	9	2505	149
2883	9	2482	149
675	15	5120	149
2171	6	115	149
2124	6	115	149
2516	9	2517	149
822	1	416	149
702	1	28	149
1437	1	920	149
309	15	5088	149
25	1	28	149
25	15	4990	149
578	1	28	149
1110	15	5120	149
4582	14	3519	149
2059	6	2018	149
588	1	589	149
2813	9	2482	149
1133	6	592	149
2071	6	29	149
44	5	25	149
260	1	189	149
2865	11	3107	149
396	6	29	149
195	1	189	149
1893	23	2947	149
2798	9	2505	149
1133	15	4990	149
2789	9	2705	149
3866	14	3487	149
399	15	5043	149
734	15	4977	149
800	1	416	149
1850	23	2951	149
3101	11	3102	149
1863	9	2518	149
205	1	207	149
11201	22	2157	149
1537	1	920	149
1841	23	2997	149
2761	9	2517	149
759	1	28	149
492	15	5088	149
509	15	4977	149
597	15	5088	149
3784	14	3786	149
2832	9	2606	149
9431	20	5762	149
4891	17	6169	149
3064	23	12505	149
3230	12	116	149
1930	15	4977	149
3232	12	29	149
1100	6	28	149
2094	6	2040	149
2014	15	5057	149
3178	11	3087	149
2587	9	2588	149
2809	17	5816	149
2702	9	2705	149
2558	9	2482	149
793	1	341	149
428	6	171	149
5148	15	5088	149
5348	15	5088	149
2836	9	2705	149
28	1	29	149
3228	12	117	149
1486	1	397	149
2584	9	2482	149
2809	17	5817	149
769	1	28	149
2836	17	5818	149
415	1	416	149
2718	9	2482	149
191	6	30	149
786	15	5088	149
2622	9	2482	149
40	6	1439	149
2675	9	2476	149
12016	22	9579	149
2140	6	2018	149
212	1	189	149
2605	20	5762	149
172	1	171	149
776	15	5088	149
55	1	58	149
3157	11	3095	149
8767	20	7092	149
1912	15	5024	149
5158	15	5088	149
2815	9	2816	149
1437	6	29	149
3157	11	3107	149
2793	9	2476	149
3190	12	2120	149
2837	9	2482	149
211	1	189	149
2030	6	2032	149
229	15	5057	149
47	1	49	149
2883	9	2517	149
2886	11	3153	149
1983	15	5024	149
1567	1	589	149
9336	20	6780	149
3209	12	2027	149
1417	15	5088	149
2079	6	28	149
303	1	416	149
11201	22	10030	149
7375	20	6780	149
284	6	2040	149
2507	9	2476	149
636	1	479	149
2632	9	2476	149
3187	23	12518	149
12552	23	12525	149
2072	6	29	149
2530	9	2476	149
2880	9	2517	149
1975	6	625	149
2164	6	115	149
1970	6	2040	149
7403	17	5818	149
3635	17	6059	149
1983	6	171	149
3187	12	2055	149
2903	11	3089	149
205	15	4990	149
169	6	171	149
3193	12	115	149
85	6	115	149
832	1	416	149
2785	9	2520	149
2740	9	2482	149
473	6	2040	149
990	1	510	149
2126	6	625	149
2582	9	2520	149
2632	9	2517	149
8590	20	7092	149
3020	10	2981	149
2	6	2018	149
798	1	589	149
2845	9	2518	149
636	1	172	149
83	1	58	149
1956	6	2040	149
47	6	29	149
3242	12	115	149
1127	1	846	149
3143	11	3087	149
2903	12	170	149
1979	6	2148	149
827	15	5088	149
2077	6	2018	149
8824	23	2977	149
1478	1	114	149
2605	9	2476	149
1910	14	3956	149
2681	9	2476	149
1644	15	5088	149
2035	6	625	149
2090	6	115	149
25	6	29	149
857	15	5088	149
734	15	4977	149
1424	1	479	149
2895	9	2517	149
2785	9	2593	149
2157	6	2120	149
771	6	29	149
7446	20	6780	149
1871	12	170	149
7497	20	6780	149
12345	22	9574	149
3867	14	3495	149
607	15	4990	149
2207	12	2155	149
8571	23	12518	149
1860	9	2517	149
399	6	171	149
44	1	46	149
2911	9	2482	149
2809	17	5935	149
2979	10	2924	149
1851	10	2997	149
2558	9	2540	149
2648	9	2505	149
114	1	115	149
19	6	2044	149
206	1	207	150
3063	10	2924	150
2105	6	2027	150
2894	9	2482	150
431	1	189	150
2845	14	3956	150
2015	6	115	150
2644	9	2593	150
199	1	189	150
215	1	189	150
2696	9	2476	150
4082	14	3747	150
2089	6	115	150
197	1	189	150
5308	15	5088	150
2718	9	2540	150
2169	6	29	150
492	1	493	150
3231	12	29	150
2692	9	2476	150
762	1	28	150
2587	9	2476	150
811	1	416	150
776	1	493	150
2503	9	2482	150
2047	6	171	150
1850	23	2951	150
2911	9	2484	150
399	1	171	150
829	15	5088	150
3215	12	2048	150
3113	11	3102	150
88	1	89	150
3237	12	116	150
702	6	28	150
2773	9	2517	150
2020	6	2018	150
2049	6	28	150
88	6	29	150
630	6	29	150
3219	12	2027	150
5324	15	5088	150
7449	17	6566	150
5141	15	5088	150
494	1	28	150
2530	9	2517	150
1502	1	416	150
88	1	596	150
213	1	189	150
801	15	5088	150
600	15	5088	150
610	1	416	150
443	1	416	150
919	1	920	150
2080	6	115	150
4582	14	3793	150
630	1	632	150
658	1	172	150
100	6	29	150
717	1	636	150
473	1	416	150
5133	15	5088	150
831	1	416	150
1396	1	510	150
613	1	416	150
2481	9	2482	150
2693	11	3087	150
5252	15	5088	150
5159	15	5088	150
44	6	29	150
845	1	28	150
2130	6	2027	150
1957	6	171	150
1394	6	115	150
915	1	1503	150
8408	23	12518	150
3090	11	3087	150
2809	9	2705	150
169	1	171	150
1863	9	2672	150
846	1	397	150
1486	6	29	150
2671	9	2672	150
607	1	596	150
2605	9	2606	150
1592	6	2145	150
11201	22	9756	150
1644	1	207	150
2530	14	3431	150
198	1	189	150
2082	15	5057	150
3205	12	2055	150
7515	17	7092	150
2845	10	2977	150
188	1	189	150
2483	9	2518	150
55	6	29	150
818	1	416	150
2074	6	171	150
178	6	115	150
2149	6	29	150
675	6	171	150
2744	9	2593	150
4918	14	3431	150
2516	9	2484	150
3053	23	12505	150
1057	1	28	150
2117	6	2032	150
812	1	416	150
9166	20	6012	150
3197	12	2055	150
588	6	589	150
3034	14	3956	150
1912	6	171	150
428	15	5024	150
7450	17	7451	150
3172	23	3027	150
2894	9	2540	150
2979	17	5816	150
25	15	5024	150
509	6	510	150
28	6	29	150
771	1	773	150
196	1	189	150
2655	9	2482	150
3224	12	116	150
3214	12	2120	150
284	1	189	150
1863	9	2560	150
1958	6	2170	150
172	15	5043	150
2818	9	2482	150
2646	9	2482	150
675	15	4990	150
2207	23	12514	150
28	9	29	150
1588	6	29	150
7446	20	6780	150
3220	12	2170	150
2085	15	5057	150
2809	17	5818	150
9431	20	5762	150
3205	20	6012	150
2113	6	29	150
810	1	416	150
1557	1	773	150
720	1	28	150
711	1	28	150
310	15	5088	150
659	1	341	150
1139	1	773	150
83	6	29	150
2901	9	2505	150
2883	9	2482	150
675	15	5120	150
2171	6	115	150
2124	6	115	150
12345	22	11202	150
2516	9	2517	150
822	1	416	150
702	1	28	150
1437	1	920	150
309	15	5088	150
25	1	28	150
771	1	774	150
25	15	4990	150
578	1	28	150
1110	15	5120	150
2059	6	2018	150
588	1	589	150
2813	9	2482	150
1133	6	592	150
2071	6	29	150
44	5	25	150
1874	4	1839	150
260	1	189	150
2865	11	3107	150
396	6	29	150
195	1	189	150
1893	23	2947	150
2798	9	2505	150
1133	15	4990	150
2789	9	2705	150
3866	14	3487	150
399	15	5043	150
734	15	4977	150
800	1	416	150
1850	23	2951	150
3101	11	3102	150
1863	9	2518	150
205	1	207	150
1537	1	920	150
1841	23	2997	150
2761	9	2517	150
759	1	28	150
492	15	5088	150
509	15	4977	150
597	15	5088	150
2832	9	2606	150
3064	23	12505	150
3230	12	116	150
1930	15	4977	150
3232	12	29	150
1100	6	28	150
2094	6	2040	150
2014	15	5057	150
2655	20	7092	150
3178	11	3087	150
2587	9	2588	150
2809	17	5816	150
2702	9	2705	150
2558	9	2482	150
793	1	341	150
428	6	171	150
5148	15	5088	150
5348	15	5088	150
7497	20	6780	150
2836	9	2705	150
28	1	29	150
3228	12	117	150
1486	1	397	150
2584	9	2482	150
2809	17	5817	150
769	1	28	150
2836	17	5818	150
415	1	416	150
2718	9	2482	150
191	6	30	150
786	15	5088	150
2622	9	2482	150
40	6	1439	150
2675	9	2476	150
12016	22	9579	150
2140	6	2018	150
212	1	189	150
7515	20	7092	150
172	1	171	150
776	15	5088	150
55	1	58	150
3157	11	3095	150
8447	17	6700	150
1912	15	5024	150
5158	15	5088	150
2815	9	2816	150
1437	6	29	150
3157	11	3107	150
1557	1	774	150
2793	9	2476	150
3190	12	2120	150
2837	9	2482	150
211	1	189	150
2030	6	2032	150
229	15	5057	150
2883	9	2517	150
2886	11	3153	150
1983	15	5024	150
1567	1	589	150
3209	12	2027	150
758	1	759	150
1417	15	5088	150
2079	6	28	150
303	1	416	150
11201	22	10030	150
284	6	2040	150
2507	9	2476	150
636	1	479	150
2632	9	2476	150
3187	23	12518	150
12552	23	12525	150
2072	6	29	150
2530	9	2476	150
2880	9	2517	150
1975	6	625	150
2164	6	115	150
1970	6	2040	150
7403	17	5818	150
1983	6	171	150
3187	12	2055	150
2903	11	3089	150
205	15	4990	150
169	6	171	150
3193	12	115	150
85	6	115	150
832	1	416	150
2785	9	2520	150
2740	9	2482	150
473	6	2040	150
990	1	510	150
9090	20	7092	150
2126	6	625	150
2582	9	2520	150
2632	9	2517	150
3020	10	2981	150
2	6	2018	150
798	1	589	150
2845	9	2518	150
636	1	172	150
7497	17	7197	150
83	1	58	150
1956	6	2040	150
47	6	29	150
3242	12	115	150
1139	1	774	150
1127	1	846	150
3143	11	3087	150
2903	12	170	150
1979	6	2148	150
827	15	5088	150
2077	6	2018	150
8824	23	2977	150
1478	1	114	150
2605	9	2476	150
1910	14	3956	150
2681	9	2476	150
1644	15	5088	150
2035	6	625	150
2090	6	115	150
25	6	29	150
857	15	5088	150
734	15	4977	150
7375	20	6780	150
1424	1	479	150
2895	9	2517	150
2785	9	2593	150
2157	6	2120	150
771	6	29	150
1871	12	170	150
12345	22	9574	150
3867	14	3495	150
607	15	4990	150
2207	12	2155	150
8571	23	12518	150
1860	9	2517	150
399	6	171	150
44	1	46	150
2911	9	2482	150
2809	17	5935	150
2979	10	2924	150
1851	10	2997	150
7497	17	6287	150
2558	9	2540	150
2648	9	2505	150
114	1	115	150
19	6	2044	150
206	1	207	151
3063	10	2924	151
2105	6	2027	151
2894	9	2482	151
4082	14	3495	151
431	1	189	151
2845	14	3956	151
2015	6	115	151
2644	9	2593	151
199	1	189	151
215	1	189	151
2696	9	2476	151
4082	14	3747	151
2089	6	115	151
197	1	189	151
5308	15	5088	151
2718	9	2540	151
2169	6	29	151
492	1	493	151
3231	12	29	151
2692	9	2476	151
762	1	28	151
2587	9	2476	151
811	1	416	151
776	1	493	151
2503	9	2482	151
2047	6	171	151
1850	23	2951	151
2911	9	2484	151
399	1	171	151
12016	22	9630	151
7450	20	7092	151
829	15	5088	151
3215	12	2048	151
3113	11	3102	151
88	1	89	151
3237	12	116	151
702	6	28	151
2773	9	2517	151
2020	6	2018	151
2049	6	28	151
88	6	29	151
630	6	29	151
3219	12	2027	151
5324	15	5088	151
2655	20	7092	151
5141	15	5088	151
494	1	28	151
2530	9	2517	151
1502	1	416	151
213	1	189	151
801	15	5088	151
600	15	5088	151
610	1	416	151
443	1	416	151
919	1	920	151
2080	6	115	151
4582	14	3793	151
630	1	632	151
658	1	172	151
100	6	29	151
717	1	636	151
473	1	416	151
5133	15	5088	151
831	1	416	151
1396	1	510	151
613	1	416	151
2481	9	2482	151
2693	11	3087	151
5252	15	5088	151
5159	15	5088	151
44	6	29	151
845	1	28	151
2130	6	2027	151
1957	6	171	151
1394	6	115	151
915	1	1503	151
8408	23	12518	151
3090	11	3087	151
9166	20	6012	151
2809	9	2705	151
169	1	171	151
1863	9	2672	151
846	1	397	151
1486	6	29	151
2671	9	2672	151
7446	20	6780	151
2605	9	2606	151
1592	6	2145	151
11201	22	9756	151
1644	1	207	151
2530	14	3431	151
198	1	189	151
