5052	15	4973	000
1490	1	353	000
3239	12	2041	000
5131	15	4973	000
1533	1	419	000
5357	15	4973	000
8204	23	2989	000
1366	1	1142	000
5066	15	4973	000
5083	15	4973	000
424	15	4986	000
3148	11	3120	000
9390	23	12511	000
1225	1	129	000
5019	15	4973	000
3790	14	3791	001
8779	23	2989	001
5006	15	4986	001
5173	15	4973	001
1238	1	1210	001
6936	23	12511	001
7790	23	12511	001
7079	23	12511	001
1406	15	4986	001
6129	23	12508	001
1935	6	2012	001
5167	15	4973	001
492	15	5088	001
706	1	708	001
3097	11	3098	001
5136	15	4973	001
3117	11	3098	002
5205	15	4973	002
4547	14	3450	002
3239	12	2041	002
980	1	917	002
1912	6	2179	002
1094	1	125	002
1238	1	1210	002
9680	22	9544	002
308	15	4973	002
5111	15	4973	002
776	15	5088	002
424	1	319	003
9294	23	12508	003
8989	23	12508	003
1470	1	135	003
597	15	5088	003
5245	15	4973	003
1463	15	4986	003
308	1	165	003
1854	23	2921	003
2121	6	2122	003
517	1	519	003
3125	11	3118	003
977	1	353	003
9390	23	12511	003
5126	15	4973	004
1238	1	122	004
5312	15	4973	004
5129	15	4973	004
5266	15	4973	004
1080	1	122	004
1854	23	2921	004
3926	14	3928	004
5006	15	4986	004
3790	14	3791	004
393	1	122	004
6973	23	2996	004
1183	1	953	004
424	1	319	004
5764	23	12539	004
5090	15	4973	004
1935	6	2012	004
783	1	122	004
8426	23	12511	004
5052	15	4973	004
156	1	122	004
1499	1	122	004
1030	1	1031	004
1309	1	129	004
1325	1	129	004
609	1	419	004
1196	1	953	004
5238	15	5088	004
1612	1	148	004
1280	1	129	004
5152	15	4973	004
7195	23	12531	004
3420	14	3423	004
1016	1	125	004
160	1	125	005
2828	9	2556	005
7079	23	12511	005
351	1	122	005
8692	23	12516	005
517	1	519	005
3125	11	3118	005
4582	14	3794	005
1075	15	4973	005
447	1	126	005
3160	11	3098	005
1219	1	122	005
958	1	148	005
910	1	518	005
7790	23	12511	005
1315	1	129	005
1166	1	953	005
1206	1	125	005
738	1	122	006
1356	1	953	006
474	1	148	006
5170	15	4973	006
2447	23	12501	006
1196	1	953	006
597	15	5088	006
1226	1	129	006
1030	1	1031	006
5291	15	4973	006
7847	23	2966	006
977	1	353	006
699	1	122	006
4978	15	4973	006
1220	1	122	006
1263	1	122	006
1228	1	122	006
1521	1	148	006
6726	23	2966	006
8756	23	12511	006
1453	15	4973	006
5281	15	4973	006
1406	15	4986	006
2903	11	3089	006
461	1	125	006
1453	1	419	007
645	1	125	007
3135	11	3136	007
461	1	125	007
5326	15	4973	007
1307	1	129	007
1354	1	953	007
1392	1	129	007
7847	23	2966	007
1294	1	129	007
1669	1	419	007
1328	1	122	007
5268	15	4973	007
1350	1	129	007
424	1	319	007
1189	1	953	007
318	1	319	007
1231	1	122	007
1225	1	129	007
958	1	148	007
5256	15	4973	007
1576	1	419	007
315	1	122	007
1308	1	129	007
1145	1	953	007
5083	15	4973	007
1237	1	129	007
5266	15	4973	007
1299	1	129	007
5294	15	4973	007
1415	1	163	008
160	1	125	008
9401	23	12508	008
5072	15	4973	008
6599	23	12547	008
6973	23	2996	008
703	1	704	008
1626	1	125	008
438	1	135	008
3076	23	3077	008
5320	15	4973	008
460	1	125	008
1656	1	639	008
161	1	163	008
712	1	163	008
254	1	148	008
1854	23	2921	008
477	1	122	008
5326	15	4973	008
5170	15	4973	008
830	1	148	008
9236	23	12508	008
5129	15	4973	008
424	1	319	008
8426	23	12511	008
5232	15	4973	008
1381	1	953	008
1207	1	953	008
1463	1	1464	008
1529	1	148	008
2925	23	2996	008
133	1	125	008
5209	15	4973	008
5270	15	4973	008
1228	1	122	008
492	15	5088	008
266	1	148	009
7079	23	12511	009
1420	1	125	009
5291	15	4973	009
976	1	148	009
1265	1	1210	009
784	1	785	009
7790	23	12511	009
1654	1	917	009
958	1	148	009
738	1	122	009
1033	1	1035	009
699	1	122	009
8957	23	2922	009
1127	1	846	009
1529	1	148	009
1171	1	953	009
391	1	129	009
4882	14	4103	009
1309	1	129	009
1406	15	4986	009
412	1	148	009
504	1	148	009
5030	15	4973	009
424	15	4986	009
2373	23	12511	009
5315	15	4973	009
3420	14	3423	010
1218	1	129	010
5006	15	4986	010
393	1	122	010
7079	23	12511	010
3084	11	3081	010
1516	15	4973	010
5764	23	12539	010
128	1	129	010
139	1	125	010
492	15	5088	010
5066	15	4973	010
645	1	125	010
1420	1	125	010
5201	15	4973	010
3117	11	3098	010
424	1	319	010
1194	1	953	010
1202	1	125	010
4074	14	3791	010
5061	15	4973	010
961	1	148	010
1146	1	953	011
1195	1	953	011
472	1	148	011
216	1	148	011
5270	15	4973	011
5083	15	4973	011
157	1	129	011
9420	23	2939	011
1280	1	129	011
5169	15	4973	011
1238	1	1210	011
1531	1	519	011
1202	1	953	011
6726	23	2966	011
1159	1	953	011
950	1	148	011
1662	1	125	011
8692	23	12526	011
5170	15	4973	011
1197	1	953	011
597	15	5088	011
1209	1	122	011
712	1	163	011
447	1	125	011
5316	15	4973	011
1650	1	122	011
2121	6	2122	011
951	1	148	011
1645	1	125	011
438	1	135	011
525	15	4973	011
1285	1	129	011
5266	15	4973	011
614	1	129	011
9218	23	12508	011
964	1	148	011
1196	1	953	011
4394	14	3791	011
342	1	122	011
1351	1	1210	012
784	1	785	012
1016	1	125	012
1231	1	122	012
1912	6	2179	012
460	1	125	012
308	15	4973	012
980	1	917	012
1228	1	122	012
673	1	163	012
1262	1	129	012
1212	1	122	012
1206	1	125	012
595	1	125	012
424	15	4986	012
703	1	704	012
1094	15	4973	012
5326	15	4973	012
8426	23	12511	012
579	1	656	012
964	1	148	012
1356	1	953	012
1332	1	129	013
5186	15	4973	013
5188	15	4973	013
1245	1	122	013
4556	14	3491	013
1219	1	122	013
8760	23	12508	013
1204	1	953	013
579	1	656	013
638	1	639	013
3620	14	3423	013
9294	23	12508	013
460	1	125	013
235	1	148	013
8756	23	12511	013
655	1	419	013
1226	1	129	013
1325	1	129	013
4716	14	3447	013
5317	15	4973	013
1188	1	953	013
5152	15	4973	013
962	1	163	013
5290	15	4973	013
776	15	5088	013
385	1	148	013
1166	1	953	013
1414	1	122	014
3125	11	3118	014
9386	23	12511	014
1164	1	953	014
1238	1	1210	014
5260	15	4973	014
1415	1	148	014
5322	15	4986	014
9680	22	9544	014
680	1	137	014
1416	1	122	014
270	1	122	014
424	15	4986	014
432	1	148	014
350	1	163	014
1444	1	129	014
7079	23	12511	014
1206	1	1142	014
1280	1	129	014
254	1	148	014
209	1	148	014
5230	15	4973	014
8957	23	2922	014
7570	23	12516	014
673	15	4973	014
345	1	122	014
1195	1	953	014
910	1	518	014
1366	1	1142	014
2447	23	12501	014
1145	1	953	014
593	15	4973	014
2903	11	3089	014
964	1	148	014
9386	23	12511	015
5326	15	4973	015
1453	15	4973	015
5074	15	4973	015
1351	1	129	015
973	1	454	015
761	1	129	015
1626	1	125	015
703	1	704	015
1270	1	129	015
951	1	148	015
1543	1	148	015
1453	1	419	015
998	1	148	015
1171	15	4973	015
1202	1	125	015
3148	11	3120	015
1350	1	129	015
673	1	163	015
3122	11	3123	015
350	1	163	015
412	1	148	015
270	1	122	015
854	1	135	015
775	1	122	016
593	15	4973	016
5222	15	4973	016
4882	14	4103	016
673	15	4973	016
1658	1	163	016
5009	15	4973	016
1380	1	125	016
5286	15	4973	016
1854	23	2921	016
385	1	148	016
4963	17	4312	016
464	1	125	016
977	1	353	016
391	1	129	016
8692	23	12526	016
680	1	137	016
1668	1	163	016
5260	15	4973	016
1501	1	148	016
645	1	125	016
1194	1	953	016
3160	11	3098	016
962	1	163	016
2093	6	2012	016
5290	15	4973	016
5308	15	5088	016
1415	1	163	016
8131	23	3030	016
5111	15	4973	017
1286	1	129	017
3239	12	2041	017
5214	15	5088	017
5041	15	4986	017
3577	14	3437	017
8779	23	2989	017
7687	23	12511	017
1231	1	122	017
160	1	125	017
1200	1	953	017
9306	23	12511	017
1225	1	129	017
1195	1	1142	017
351	1	122	017
1189	1	953	017
5019	15	4973	017
6599	23	12547	017
214	1	125	017
6726	23	2966	017
4978	15	4973	017
1521	1	148	017
951	1	148	017
3172	23	3027	017
1386	1	129	017
1265	1	1210	017
1204	1	953	017
1293	1	129	017
1075	15	4973	017
1392	1	129	017
3076	23	12551	017
5290	15	4973	018
4394	14	3791	018
1237	1	129	018
1556	1	148	018
5312	15	4973	018
352	15	4973	018
6936	23	12511	018
217	1	148	018
5167	15	4973	018
1094	1	125	018
156	1	122	018
1226	1	129	018
292	1	120	018
5014	15	4973	018
699	1	122	018
2093	6	2012	018
984	1	148	018
457	1	125	018
1259	1	129	018
1354	1	125	018
988	15	4986	018
1245	1	122	018
1533	1	419	018
1284	1	129	019
352	1	353	019
1268	1	129	019
1049	1	148	019
1318	1	129	019
1586	15	4973	019
9390	23	12511	019
1612	1	148	019
8204	23	2989	019
270	1	122	019
1453	15	4973	019
595	1	125	019
1415	1	163	019
804	1	122	019
1094	1	125	019
776	15	5088	019
466	1	125	019
5111	15	4973	019
3084	11	3081	019
3843	14	3791	019
7178	23	12511	019
4989	15	4973	019
962	1	163	019
1209	1	122	019
1099	1	148	019
1351	1	129	019
1654	1	917	019
1591	1	135	019
2993	23	2939	019
8529	23	2989	019
1220	1	122	019
1351	1	1210	019
1328	1	122	020
1385	1	129	020
255	1	148	020
5018	15	4973	020
4989	15	4973	020
1642	1	122	020
5208	15	4973	020
1668	1	163	020
8751	23	12508	020
1148	1	953	020
352	15	4973	020
25	1	33	020
438	1	135	020
1164	1	953	020
5070	15	4973	020
474	1	148	020
542	1	1029	020
149	1	125	020
2121	6	2122	020
1237	1	129	020
5201	15	4973	020
156	1	122	020
1207	1	1142	020
3172	23	3027	020
8529	23	2989	020
916	1	917	020
11316	22	9589	020
1030	1	1031	020
910	1	518	020
1633	1	122	020
1470	1	135	020
138	15	4973	021
3160	11	3098	021
1655	1	148	021
1075	15	4973	021
1183	1	953	021
1127	1	846	021
5291	15	4973	021
1633	1	122	021
1194	1	953	021
9420	23	2939	021
655	1	419	021
1392	1	129	021
5308	15	5088	021
5105	15	4973	021
1294	1	129	021
1350	1	129	021
3076	23	3077	021
217	1	148	021
3172	23	3027	021
5006	15	4986	021
655	1	419	022
1207	1	1142	022
830	1	148	022
1219	1	122	022
5019	15	4973	022
949	1	148	022
1584	1	122	022
69	1	72	022
3420	14	3423	022
3135	11	3136	022
4974	15	4973	022
5215	15	4973	022
1490	1	353	022
1207	1	953	022
958	1	148	022
1663	1	129	022
4997	15	4973	022
217	1	148	022
5214	15	5088	022
7790	23	12511	022
1643	1	129	022
1528	1	125	022
342	1	122	022
5061	15	4973	022
5136	15	4973	022
160	1	125	022
1316	1	129	022
5348	15	5088	022
5098	15	4986	022
2447	23	12501	022
5133	15	5088	022
1262	1	129	022
1360	1	953	022
525	15	4973	022
1195	1	953	022
5131	15	4973	022
3790	14	3791	022
8204	23	2989	023
1188	1	1142	023
1221	1	1210	023
988	15	4986	023
1049	1	148	023
269	1	125	023
1658	1	163	023
270	1	122	023
5121	15	4973	023
1655	1	148	023
1316	1	129	023
830	1	148	023
1309	1	129	023
1179	1	953	023
8989	23	12508	023
712	1	163	023
3122	11	3123	023
464	1	125	023
6936	23	12511	023
2163	6	2128	023
1543	1	148	023
525	15	4973	023
457	1	125	023
2003	6	2038	023
1368	1	953	023
1181	1	953	023
1380	1	953	023
1094	1	125	023
5232	15	4973	024
305	1	148	024
266	1	148	024
1206	1	125	024
1159	1	953	024
432	1	148	024
139	1	125	024
209	1	148	024
5290	15	4973	024
7687	23	12511	024
391	1	129	024
8692	23	12516	024
216	1	148	024
5131	15	4973	024
6599	23	12547	024
6936	23	12511	024
1351	1	1210	024
164	15	4973	024
1264	1	122	024
474	1	148	024
1205	1	953	024
417	1	319	024
466	1	125	024
1442	1	125	024
1497	1	163	024
754	1	125	024
1366	1	1142	024
6129	23	12508	024
141	1	122	024
7079	23	12511	024
1228	1	122	024
1183	1	953	024
1542	1	148	024
1584	1	122	024
1576	1	419	024
1542	1	148	025
432	1	148	025
3122	11	3123	025
1501	1	148	025
1151	1	953	025
1102	1	148	025
352	15	4973	025
2828	9	2556	025
5032	15	4973	025
1350	1	129	025
579	1	656	025
5009	15	4973	025
8499	23	12511	025
1226	1	129	025
1202	1	125	025
964	1	148	025
240	1	122	025
1406	1	1464	025
645	1	125	025
412	1	148	025
1380	1	125	025
4980	15	4973	026
209	1	148	026
5289	15	4973	026
269	1	125	026
1411	1	163	026
1463	1	1464	026
3790	14	3791	026
2163	6	2128	026
795	1	148	026
7195	23	12531	026
830	1	148	026
951	1	148	026
7178	23	12511	026
3620	14	3423	026
5343	15	4973	026
1548	1	148	026
156	1	122	026
484	1	148	026
104	1	107	026
5030	15	4973	026
1206	1	1142	026
1356	1	953	026
8426	23	12511	026
9227	23	12508	026
214	1	125	026
706	1	708	026
1332	1	129	026
132	1	122	026
1030	1	1031	027
1639	1	125	027
1366	1	953	027
1411	1	163	027
534	1	135	027
352	15	4973	027
3076	23	3077	027
1654	1	917	027
5041	15	4986	027
1250	1	122	027
1078	1	122	027
1354	1	953	027
149	1	125	027
1668	1	163	027
4980	15	4973	027
8692	23	12526	027
5152	15	4973	027
628	1	148	027
1205	1	953	027
1350	1	129	027
1262	1	129	027
1202	1	953	027
7687	23	12511	027
5032	15	4973	027
315	1	122	027
1516	1	353	027
391	1	129	027
910	1	518	028
3843	14	3791	028
164	1	165	028
7687	23	12511	028
1529	1	148	028
5111	15	4973	028
1250	1	122	028
6726	23	2966	028
3790	14	3791	028
1078	1	122	028
644	1	125	028
458	1	125	028
1197	1	953	028
1658	1	163	028
961	1	148	028
8499	23	12511	028
7847	23	2966	028
5009	15	4973	028
802	1	122	028
164	15	4973	028
266	1	148	028
9420	23	2939	028
8131	23	3030	028
5322	15	4986	028
1361	1	953	028
5245	15	4973	028
1209	1	122	028
1377	1	953	028
1543	1	148	028
1200	1	953	028
1501	1	148	028
5170	15	4973	028
3148	11	3120	028
1358	1	953	028
1318	1	129	028
2447	23	12501	028
1351	1	129	028
1164	1	953	029
1650	1	122	029
6973	23	12501	029
4975	15	4973	029
1221	1	122	029
5032	15	4973	029
5232	15	4973	029
1202	1	125	029
1204	1	953	029
1205	1	953	029
5061	15	4973	029
5291	15	4973	029
1414	1	122	029
1148	1	953	029
3122	11	3123	029
1343	1	129	029
1225	1	129	029
776	15	5088	029
2903	11	3089	029
1351	1	129	029
1315	1	129	029
5052	15	4973	029
5072	15	4973	029
3420	14	3423	029
1197	1	953	030
2848	9	2733	030
5341	15	4973	030
455	1	126	030
3097	11	3098	030
9306	23	12511	030
1415	1	148	030
1332	1	129	030
644	1	125	030
5098	15	4986	030
2093	6	2012	030
5209	15	4973	030
356	1	122	030
5224	15	4973	030
457	1	125	030
597	15	5088	030
1181	1	953	030
1528	1	125	030
783	1	122	030
5170	15	4973	030
5323	15	4973	030
1639	1	125	030
5074	15	4973	030
2925	23	2996	030
1207	1	1142	030
1529	1	148	030
3117	11	3098	030
216	1	148	030
5188	15	4973	030
3122	11	3123	030
1220	1	122	030
780	1	125	030
4048	14	3791	031
393	1	122	031
104	1	107	031
254	1	148	031
308	1	165	031
1214	1	122	031
9218	23	12508	031
1138	1	125	031
1414	1	122	031
3160	11	3098	031
8760	23	12508	031
1935	6	2012	031
235	1	148	031
1228	1	122	031
1658	1	163	031
5074	15	4973	031
5316	15	4973	031
447	1	125	031
6973	23	2996	031
1212	1	122	031
961	1	148	031
1146	1	953	031
5312	15	4973	031
7790	23	12511	031
6973	23	12501	032
1030	1	1031	032
1163	1	953	032
1293	1	129	032
946	1	163	032
5070	15	4973	032
412	1	148	032
458	1	125	032
1543	1	148	032
5201	15	4973	032
5317	15	4973	032
3068	23	3027	032
9401	23	12508	032
5348	15	5088	032
356	1	122	032
138	1	125	032
157	1	129	032
784	1	785	032
135	1	137	032
251	1	125	032
1527	1	125	032
5322	15	4986	032
1415	1	148	032
1426	1	135	032
5166	15	4973	032
1075	15	4973	032
706	1	708	032
9306	23	12511	032
1238	1	122	032
385	1	148	033
409	1	125	033
1639	1	125	033
4607	14	3447	033
167	1	148	033
25	1	33	033
9051	23	12508	033
160	1	125	033
525	15	4973	033
1078	1	122	033
5315	15	4973	033
1397	1	148	033
1385	1	129	033
5131	15	4973	033
1354	1	1142	033
628	1	148	033
141	1	122	033
5052	15	4973	033
5032	15	4973	033
5290	15	4973	033
1138	1	125	033
458	15	4973	033
9420	23	2939	033
5105	15	4973	033
4882	14	4103	033
5090	15	4973	033
5764	23	12539	033
5186	15	4973	033
775	1	122	033
1656	1	639	033
5121	15	4973	033
949	1	148	033
1189	1	953	034
11316	22	9589	034
1067	1	148	034
2993	23	2939	034
504	1	148	034
597	15	5088	034
9390	23	12511	034
795	1	148	034
5006	15	4986	034
470	1	125	034
830	1	148	034
2373	23	12511	034
1238	1	1210	034
438	1	135	034
5764	23	12539	034
9236	23	12508	034
5205	15	4973	034
1328	1	122	034
1218	1	129	034
5281	15	4973	034
5291	15	4973	034
7570	23	12516	034
534	1	135	034
1204	1	953	034
916	1	917	034
9401	23	12508	034
703	1	704	034
1197	1	953	034
1556	1	148	034
138	1	125	034
783	1	122	034
1286	1	129	034
2163	6	2128	034
7847	23	2966	034
977	1	353	034
3620	14	3423	035
826	1	148	035
3239	12	2041	035
3420	14	3423	035
385	1	148	035
1151	1	953	035
466	1	125	035
1655	1	148	035
1523	1	917	035
1612	1	148	035
3148	11	3120	035
5205	15	4973	035
5322	15	4986	035
1528	1	125	035
5238	15	5088	035
5105	15	4973	035
438	1	135	035
424	15	4986	035
5032	15	4973	035
1262	1	129	035
1643	1	129	035
1238	1	1210	035
1270	1	129	035
1080	1	122	035
5346	15	4986	035
5018	15	4973	035
6599	23	12547	035
1556	1	148	035
1316	1	129	035
147	1	148	035
1654	1	917	035
3068	23	3027	035
1204	1	953	035
1094	15	4973	035
1499	1	122	035
1181	1	953	035
3620	14	3423	036
1094	15	4973	036
1204	1	953	036
655	1	419	036
2294	23	12511	036
464	1	125	036
504	1	148	036
1183	1	953	036
138	1	125	036
1361	1	953	036
1221	1	1210	036
5312	15	4973	036
804	1	122	036
5169	15	4973	036
6726	23	2966	036
1382	1	953	036
5215	15	4973	036
393	1	122	036
5256	15	4973	036
5232	15	4973	036
1188	1	953	036
235	1	148	036
161	1	163	036
1179	1	953	036
254	1	148	036
5322	15	4986	036
1576	1	419	036
780	1	125	036
1049	1	148	036
1416	1	122	036
1238	1	122	037
5260	15	4973	037
1308	1	129	037
5245	15	4973	037
412	1	148	037
11372	22	9589	037
1351	1	1210	037
1030	1	1031	037
6599	23	12547	037
5348	15	5088	037
1209	1	122	037
5173	15	4973	037
988	15	4986	037
352	15	4973	037
9680	22	9544	037
356	1	122	037
1354	1	953	037
147	1	148	037
3620	14	3423	037
1270	1	129	037
9227	23	12508	037
8779	23	2989	037
1196	1	953	038
1650	1	122	038
5133	15	5088	038
9294	23	12508	038
1332	1	129	038
1354	1	125	038
6129	23	12508	038
9051	23	12508	038
138	15	4973	038
5348	15	5088	038
1030	1	1031	038
1219	1	122	038
638	1	639	038
947	1	129	038
813	1	148	038
1415	1	163	038
1315	1	129	038
1189	1	953	038
472	1	148	038
1492	1	125	038
5105	15	4973	038
950	1	148	038
541	1	282	038
5232	15	4973	038
5215	15	4973	038
1392	1	129	038
1325	1	129	038
1151	1	953	038
1293	1	129	038
1265	1	129	039
5153	15	4973	039
1368	1	953	039
1654	1	917	039
1237	1	129	039
5290	15	4973	039
5009	15	4973	039
5269	15	4973	039
280	1	283	039
1663	1	129	039
5346	15	4986	039
1626	1	125	039
1415	1	148	039
149	1	125	039
1067	1	148	039
988	15	4986	039
9218	23	12508	039
2093	6	2012	039
4975	15	4973	039
1347	1	953	039
8751	23	12508	039
292	1	120	039
464	1	125	039
1576	1	419	039
950	1	148	039
352	15	4973	039
141	1	122	039
1492	1	125	039
1585	1	163	039
104	1	107	039
135	1	137	039
795	1	148	039
761	1	129	039
1196	1	953	039
11372	22	9589	039
484	1	148	040
1543	1	148	040
424	15	4986	040
1163	1	953	040
1380	1	125	040
5357	15	4973	040
5308	15	5088	040
477	1	122	040
5018	15	4973	040
391	1	129	040
951	1	148	040
1643	1	129	040
398	1	148	040
9386	23	12511	040
345	1	122	040
5320	15	4973	040
8957	23	2922	040
3843	14	3791	040
1520	1	148	040
976	1	148	040
1356	1	953	040
706	1	708	040
3420	14	3423	040
1195	1	953	040
1211	1	122	040
5316	15	4973	040
474	1	148	040
385	1	148	040
409	1	125	040
1145	1	953	041
1080	1	122	041
160	1	125	041
795	1	148	041
255	1	148	041
1219	1	122	041
351	1	122	041
214	1	125	041
504	1	148	041
783	1	122	041
1268	1	129	041
1543	1	148	041
149	1	125	041
5086	15	4973	041
135	1	137	041
1411	1	163	041
595	1	125	041
1207	1	1142	041
1189	1	953	041
5009	15	4973	041
5343	15	4973	041
3125	11	3118	041
5072	15	4973	041
1179	1	953	042
157	1	129	042
1521	1	148	042
804	1	122	042
5317	15	4973	042
5764	23	12539	042
5348	15	5088	042
5083	15	4973	042
11316	22	9589	042
8756	23	12511	042
458	15	4973	042
1470	1	135	042
5266	15	4973	042
1067	1	148	042
1214	1	122	042
2163	6	2128	042
1363	1	27	042
5146	15	4973	042
1033	1	1035	042
458	1	125	042
1463	15	4986	042
1102	1	148	042
1576	1	419	042
645	1	125	042
1318	1	129	042
161	1	163	042
209	1	148	042
393	1	122	042
489	1	125	042
5290	15	4973	042
1385	1	129	042
976	1	148	042
5121	15	4973	042
947	1	1033	042
466	1	125	042
1533	1	419	043
5205	15	4973	043
3172	23	3027	043
1209	1	122	043
1662	1	125	043
310	15	5088	043
133	1	125	043
1382	1	953	043
194	1	148	043
5286	15	4973	043
8760	23	12508	043
8989	23	12508	043
7687	23	12511	043
11316	22	9589	043
141	1	122	043
1359	1	129	043
5061	15	4973	043
235	1	148	043
3420	14	3423	043
477	1	122	043
1140	1	148	043
1231	1	122	043
447	1	126	043
1307	1	129	043
1656	1	639	043
5245	15	4973	043
1164	1	953	043
534	1	135	044
1520	1	148	044
5019	15	4973	044
1463	1	1464	044
7195	23	12531	044
8756	23	12511	044
311	1	148	044
4394	14	3791	044
157	1	129	044
1265	1	129	044
1030	1	1031	044
1046	1	148	044
947	1	163	044
908	1	518	044
455	1	126	044
164	1	165	044
597	15	5088	044
308	15	4973	044
1219	1	122	044
1490	1	353	044
703	1	704	044
1189	1	953	044
541	1	283	044
3148	11	3120	044
1045	1	125	044
5188	15	4973	044
3926	14	3928	044
4997	15	4973	044
8131	23	3030	044
2903	11	3089	044
998	1	148	044
139	1	125	044
1516	15	4973	045
5256	15	4973	045
2828	9	2556	045
3122	11	3123	045
138	1	125	045
1067	1	148	045
1663	1	129	045
5098	15	4986	045
1669	1	419	045
425	1	319	045
1202	1	953	045
157	1	129	045
1397	1	148	045
1854	23	2921	045
158	1	148	045
128	1	129	045
4989	15	4973	045
3843	14	3791	045
4582	14	3794	045
1099	1	148	045
1626	1	125	045
1140	1	148	045
1206	1	953	045
5209	15	4973	045
8779	23	2989	045
6878	23	2966	045
5009	15	4973	045
1633	1	122	045
1264	1	122	045
6726	23	2966	045
947	1	163	045
470	1	125	045
8131	23	3030	045
2828	9	2556	046
1261	1	129	046
977	1	353	046
1166	1	953	046
2925	23	2996	046
280	1	282	046
5289	15	4973	046
4394	14	3791	046
477	1	122	046
1453	1	419	046
908	1	518	046
5009	15	4973	046
1416	1	122	046
795	1	148	046
1854	23	2921	046
1094	15	4973	046
1094	1	125	046
1463	1	1464	046
7195	23	12531	046
474	1	148	046
1206	1	125	046
1237	1	129	047
352	1	353	047
2903	11	3089	047
5322	15	4986	047
1354	1	125	047
1347	1	953	047
1413	1	129	047
1195	1	953	047
167	1	148	047
6936	23	12511	047
1380	1	953	047
5131	15	4973	047
311	1	148	047
738	1	122	047
984	1	148	047
980	1	917	047
744	1	163	047
1380	1	125	047
1658	1	163	047
3577	14	3437	047
1171	15	4973	047
4974	15	4973	047
9051	23	12508	047
280	1	282	047
2373	23	12511	048
1645	1	125	048
5153	15	4973	048
4394	14	3791	048
9401	23	12508	048
5136	15	4973	048
5281	15	4973	048
3122	11	3123	048
432	1	148	048
1556	1	148	048
958	1	148	048
160	1	125	048
6936	23	12511	048
542	1	1029	048
8692	23	12516	048
216	1	148	048
949	1	148	048
534	1	135	048
1416	1	122	048
595	1	125	048
638	1	639	048
5204	15	4973	048
1205	1	953	048
447	1	126	048
1016	1	125	048
517	1	519	048
255	1	148	048
1309	1	129	048
9294	23	12508	049
5208	15	4973	049
947	1	1033	049
5119	15	4985	049
412	1	148	049
1206	1	125	049
541	1	283	049
5289	15	4973	049
1146	1	953	049
1067	1	148	049
949	1	148	049
5083	15	4973	049
1211	1	122	049
472	1	148	049
1590	1	122	049
1501	1	148	049
1898	23	2997	049
167	1	148	049
1360	1	953	049
9236	23	12508	049
3172	23	3027	049
156	1	122	049
3097	11	3098	049
1263	1	122	049
9386	23	12511	049
270	1	122	049
1639	1	125	049
251	1	125	049
1470	1	135	049
7570	23	12516	049
1151	1	953	049
1285	1	129	050
3076	23	3077	050
984	1	148	050
1354	1	1142	050
5152	15	4973	050
1202	1	125	050
2373	23	12511	050
947	1	129	050
1521	1	148	050
9386	23	12511	050
280	1	283	050
352	15	4973	050
1270	1	129	050
542	1	1029	050
1372	1	953	050
5230	15	4973	050
280	1	281	050
1171	1	953	050
1221	1	1210	050
8131	23	3030	050
804	1	122	050
1203	1	953	050
5346	15	4986	050
5083	15	4973	050
1499	1	122	050
466	1	125	050
5258	15	4973	051
1148	1	953	051
1094	1	125	051
9218	23	12508	051
5173	15	4973	051
432	1	148	051
455	1	125	051
645	1	125	051
1626	1	125	051
308	1	165	051
638	1	639	051
447	1	126	051
9306	23	12511	051
209	1	148	051
1094	15	4973	051
1543	1	148	051
1643	1	129	051
998	1	148	051
474	1	148	051
1359	1	129	051
5286	15	4973	051
4882	14	4103	051
133	1	125	051
1203	1	953	051
292	1	120	051
1935	6	2012	051
680	1	137	051
1299	1	129	051
784	1	785	051
1206	1	1142	051
976	1	148	051
25	1	33	052
1002	1	148	052
1221	1	1210	052
1586	15	4973	052
1067	1	148	052
1655	1	148	052
5014	15	4973	052
5258	15	4973	052
5201	15	4973	052
1171	15	4973	052
5245	15	4973	052
1481	1	125	052
5266	15	4973	052
1189	1	953	052
947	1	129	052
1654	1	917	052
1149	1	953	052
5061	15	4973	052
5136	15	4973	052
318	1	319	052
350	1	163	052
1898	23	2997	052
1078	1	122	052
8426	23	12511	052
1094	15	4973	052
699	1	122	052
4963	17	4312	052
315	1	122	052
308	15	4973	052
5209	15	4973	053
5166	15	4973	053
1265	1	1210	053
1145	1	953	053
1262	1	129	053
5343	15	4973	053
5061	15	4973	053
1259	1	129	053
164	1	165	053
1668	1	163	053
1356	1	953	053
3142	14	3491	053
1363	1	27	053
776	15	5088	053
385	1	148	053
5074	15	4973	053
194	1	148	053
266	1	148	053
147	1	148	053
5129	15	4973	053
438	1	135	053
5323	15	4973	053
804	1	122	053
1442	1	125	053
8760	23	12508	053
1650	1	122	053
1220	1	122	053
1221	1	1210	053
1194	1	953	053
255	1	148	053
4974	15	4973	053
1328	1	122	053
4997	15	4973	054
447	1	126	054
424	1	319	054
9227	23	12508	054
474	1	148	054
7687	23	12511	054
4963	17	4312	054
1316	1	129	054
5256	15	4973	054
595	1	125	054
9294	23	12508	054
305	1	148	054
133	1	125	054
292	1	120	054
1351	1	129	054
3620	14	3423	054
5083	15	4973	054
950	1	148	054
525	15	4973	054
5224	15	4973	054
167	1	148	054
5348	15	5088	054
1284	1	129	054
813	1	148	054
982	1	148	054
754	1	125	054
1520	1	148	054
8529	23	2989	055
854	1	135	055
1332	1	129	055
947	1	148	055
1148	1	953	055
8692	23	12516	055
5317	15	4973	055
425	1	319	055
1556	1	148	055
1533	1	419	055
1159	1	953	055
1262	1	129	055
1217	1	953	055
1259	1	129	055
5208	15	4973	055
1521	1	148	055
1481	1	125	055
1033	1	1035	055
417	1	319	055
5764	23	12539	055
1658	1	163	055
1542	1	148	056
534	1	135	056
830	1	148	056
5009	15	4973	056
1225	1	129	056
1016	1	125	056
947	1	129	056
950	1	148	056
438	1	135	056
1406	15	4986	056
5230	15	4973	056
597	15	5088	056
8760	23	12508	056
1586	15	4973	056
385	1	148	056
3148	11	3120	056
254	1	148	056
5224	15	4973	056
5269	15	4973	056
1202	1	953	056
1463	15	4986	056
706	1	708	056
973	1	454	056
447	1	126	056
1203	1	953	056
1935	6	2012	056
460	1	125	056
1356	1	953	056
9390	23	12511	056
3097	11	3098	056
1227	1	129	057
1576	1	419	057
977	1	353	057
7195	23	12531	057
464	1	125	057
1318	1	129	057
240	1	122	057
5346	15	4986	057
345	1	122	057
5170	15	4973	057
6599	23	12547	057
3113	11	3102	057
1420	1	125	057
1414	1	122	057
11316	22	9589	057
455	1	126	057
4582	14	3794	057
1656	1	639	057
541	1	282	057
1377	1	953	057
1351	1	1210	057
1516	1	353	057
5320	15	4973	057
2294	23	12511	057
673	15	4973	057
1343	1	129	057
3843	14	3791	057
470	1	125	058
525	15	4973	058
8756	23	12511	058
5232	15	4973	058
4582	14	3794	058
8529	23	2989	058
908	1	518	058
1499	1	122	058
5270	15	4973	058
2993	23	2939	058
1261	1	129	058
3826	23	2996	058
1363	1	27	058
5266	15	4973	058
5764	23	12539	058
1368	1	953	058
1189	1	953	058
6973	23	12501	058
8989	23	12508	058
8692	23	12526	058
5019	15	4973	058
949	1	148	058
1226	1	129	058
1520	1	148	058
1016	1	125	058
342	1	122	058
1179	1	953	058
5066	15	4973	058
2832	9	2606	058
305	1	148	058
470	1	125	059
1226	1	129	059
1179	1	953	059
477	1	122	059
9420	23	2939	059
3843	14	3791	059
5230	15	4973	059
280	1	283	059
504	1	148	059
1220	1	122	059
4974	15	4973	059
1380	1	125	059
1286	1	129	059
4074	14	3791	059
1195	1	1142	059
5126	15	4973	059
489	1	125	059
5214	15	5088	059
1351	1	1210	059
6726	23	2966	059
474	1	148	059
916	1	917	059
1416	1	122	059
5099	15	4973	059
5204	15	4973	059
1556	1	148	060
504	1	148	060
1238	1	122	060
5238	15	5088	060
470	1	125	060
1377	1	953	060
1516	1	353	060
318	1	319	060
1470	1	135	060
9680	22	9544	060
5086	15	4973	060
1259	1	129	060
315	1	122	060
4882	14	4103	060
8499	23	12511	060
460	1	125	060
5072	15	4973	060
947	1	129	060
351	1	122	060
1140	1	148	060
9386	23	12511	060
5290	15	4973	060
517	1	519	060
5136	15	4973	060
1179	1	953	060
5323	15	4973	060
982	1	148	060
961	1	148	060
6599	23	12547	060
1662	1	125	060
4394	14	3791	060
5260	15	4973	060
3420	14	3423	060
9051	23	12508	060
1016	1	125	060
949	1	148	061
775	1	122	061
5316	15	4973	061
1219	1	122	061
2925	23	2996	061
1217	1	953	061
4882	14	4103	061
1354	1	953	061
947	1	163	061
1214	1	122	061
5152	15	4973	061
977	1	353	061
1196	1	953	061
1250	1	122	061
1046	1	148	061
489	1	125	061
6973	23	2996	061
135	1	137	061
1140	1	148	061
3097	11	3098	061
6726	23	2966	061
3117	11	3098	061
7790	23	12511	061
1202	1	953	061
5072	15	4973	061
1226	1	129	061
1194	1	953	061
1188	1	953	061
706	1	708	061
156	1	122	061
5348	15	5088	061
4659	14	3509	061
5289	15	4973	061
4598	14	3447	061
595	1	125	062
7079	23	12511	062
356	1	122	062
167	1	148	062
1643	1	129	062
5066	15	4973	062
1382	1	953	062
645	1	125	062
9401	23	12508	062
1261	1	129	062
1406	15	4986	062
9227	23	12508	062
1543	1	148	062
593	15	4973	062
1220	1	122	062
614	1	129	062
780	1	125	062
342	1	122	062
5167	15	4973	062
350	1	163	062
464	1	125	062
2373	23	12511	062
310	15	5088	062
998	1	148	062
1354	1	125	062
1127	1	846	062
139	1	125	062
1315	1	129	062
1226	1	129	062
1392	1	129	062
5126	15	4973	062
1045	1	125	063
973	1	454	063
484	1	148	063
1237	1	129	063
164	1	165	063
1227	1	129	063
1406	1	1464	063
1228	1	122	063
1363	1	27	063
7570	23	12516	063
472	1	148	063
2993	23	2939	063
352	1	353	063
1238	1	1210	063
447	1	125	063
1392	1	129	063
1347	1	953	063
438	1	135	063
3172	23	3027	063
4963	17	4312	063
7790	23	12511	063
5260	15	4973	063
2294	23	12511	063
1492	1	125	063
4997	15	4973	063
947	1	129	063
458	1	125	063
1354	1	953	063
1067	1	148	064
795	1	148	064
458	15	4973	064
5032	15	4973	064
135	1	137	064
673	1	163	064
963	1	148	064
1309	1	129	064
308	1	165	064
417	1	319	064
2163	6	2128	064
3826	23	2996	064
1203	1	953	064
149	1	125	064
6973	23	2996	064
504	1	148	064
9390	23	12511	064
455	1	126	064
1380	1	953	064
160	1	125	064
645	1	125	064
1183	1	953	064
1453	15	4973	064
5230	15	4973	064
5166	15	4973	064
1209	1	122	064
3160	11	3098	064
5009	15	4973	065
4975	15	4973	065
1171	1	953	065
1358	1	953	065
5764	23	12539	065
1642	1	122	065
8957	23	2922	065
5070	15	4973	065
5208	15	4973	065
826	1	148	065
593	15	4973	065
224	1	122	065
3093	23	12538	065
1148	1	953	065
1075	15	4973	065
5169	15	4973	065
5214	15	5088	065
1294	1	129	065
1315	1	129	065
2294	23	12511	065
472	1	148	065
1633	1	122	065
164	15	4973	065
1217	1	953	065
3068	23	3027	066
398	1	148	066
1179	1	953	066
240	1	122	066
1261	1	129	066
1382	1	953	066
1002	1	148	066
754	1	125	066
128	1	129	066
1612	1	148	066
8955	23	2939	066
1350	1	129	066
3113	11	3102	066
1586	15	4973	066
158	1	148	066
1080	1	122	066
1226	1	129	066
7790	23	12511	066
5291	15	4973	066
980	1	917	066
984	1	148	066
474	1	148	066
5357	15	4973	066
9680	22	9544	066
776	15	5088	066
6973	23	2996	066
1127	1	846	066
977	1	353	066
8131	23	3030	066
4997	15	4973	066
593	15	4973	066
5286	15	4973	066
1361	1	953	067
216	1	148	067
1284	1	129	067
1211	1	122	067
1214	1	122	067
9680	22	9544	067
1332	1	129	067
5083	15	4973	067
541	1	283	067
1591	1	135	067
7570	23	12516	067
1663	1	129	067
5291	15	4973	067
1195	1	1142	067
982	1	148	067
1299	1	129	067
984	1	148	067
1231	1	122	067
4659	14	3491	067
1002	1	148	067
5222	15	4973	067
1263	1	122	067
1366	1	1142	067
1294	1	129	067
4749	14	3794	067
5260	15	4973	067
1590	1	122	067
398	1	148	067
595	1	125	067
5072	15	4973	067
830	1	148	067
350	1	163	067
8529	23	2989	067
412	1	148	068
7687	23	12511	068
1343	1	129	068
5173	15	4973	068
6973	23	12501	068
775	1	122	068
8426	23	12511	068
1228	1	122	068
5269	15	4973	068
1380	1	125	068
780	1	125	068
2294	23	12511	068
1209	1	122	068
1359	1	129	068
2373	23	12511	068
8989	23	12508	068
5260	15	4973	068
1194	1	953	068
161	1	163	068
504	1	148	068
1245	1	122	068
7790	23	12511	068
1265	1	1210	068
1591	1	135	068
352	15	4973	068
4963	17	4312	068
2294	23	12511	069
1227	1	129	069
474	1	148	069
356	1	122	069
947	1	1033	069
7178	23	12511	069
1444	1	129	069
5764	23	12539	069
1499	1	122	069
1218	1	129	069
1463	15	4986	069
1268	1	129	069
1416	1	122	069
1360	1	953	069
280	1	281	069
1094	15	4973	069
5341	15	4973	069
1392	1	129	069
706	1	708	069
1211	1	122	069
1224	1	122	069
1206	1	1142	069
5317	15	4973	069
1612	1	148	069
1206	1	953	069
280	1	281	070
644	1	125	070
5238	15	5088	070
5245	15	4973	070
4984	15	4986	070
1663	1	129	070
1591	1	135	070
579	1	656	070
240	1	122	070
216	1	148	070
3172	23	3027	070
1548	1	148	070
780	1	125	070
128	1	129	070
854	1	135	070
7847	23	2966	070
804	1	122	070
1226	1	129	070
1551	1	125	070
1033	1	1035	070
5030	15	4973	070
680	1	137	070
1516	15	4973	070
4659	14	3793	070
951	1	148	070
1444	1	129	070
5346	15	4986	070
167	1	148	070
1415	1	163	070
1318	1	129	070
1102	1	148	070
139	1	125	070
3843	14	3791	070
1406	1	1464	071
2373	23	12511	071
1523	1	917	071
9051	23	12508	071
1263	1	122	071
458	15	4973	071
8499	23	12511	071
1576	1	419	071
1392	1	129	071
1002	1	148	071
305	1	148	071
1245	1	122	071
1366	1	953	071
5009	15	4973	071
3032	10	2940	071
1416	1	122	071
795	1	148	071
1078	1	122	071
7178	23	12511	071
1658	1	163	071
4048	14	3791	071
1263	1	122	072
255	1	148	072
1194	1	953	072
1226	1	129	072
5290	15	4973	072
1351	1	1210	072
5066	15	4973	072
5129	15	4973	072
1585	1	706	072
310	15	5088	072
315	1	122	072
1268	1	129	072
447	1	126	072
5204	15	4973	072
1067	1	148	072
161	1	163	072
1204	1	953	072
5764	23	12539	072
1325	1	129	072
1245	1	122	072
3926	14	3928	072
4882	14	4103	072
5205	15	4973	072
542	1	1029	072
1499	1	122	072
311	1	148	072
5009	15	4973	072
3620	14	3423	072
1343	1	129	072
1501	1	148	072
1148	1	953	072
780	1	125	072
1194	1	953	073
8499	23	12511	073
1556	1	148	073
908	1	518	073
3843	14	3791	073
5205	15	4973	073
4997	15	4973	073
5316	15	4973	073
8989	23	12508	073
461	1	125	073
4582	14	3794	073
5099	15	4973	073
1642	1	122	073
1658	1	163	073
4749	14	3793	073
946	1	163	073
455	1	126	073
3122	11	3123	073
1382	1	953	073
2373	23	12511	073
1453	1	419	073
5326	15	4973	073
269	1	125	073
4974	15	4973	073
5086	15	4973	073
5032	15	4973	073
266	1	148	073
1159	1	953	073
1268	1	129	073
744	1	163	073
9386	23	12511	073
542	1	1029	073
352	15	4973	073
5018	15	4973	073
5222	15	4973	073
1195	1	1142	073
1228	1	122	073
1585	1	706	074
214	1	125	074
477	1	122	074
1016	1	125	074
9386	23	12511	074
8692	23	12516	074
1444	1	129	074
1359	1	129	074
7570	23	12516	074
352	1	353	074
4547	14	3450	074
280	1	282	074
1481	1	125	074
1225	1	129	074
1612	1	148	074
1654	1	917	074
1516	1	353	074
1318	1	129	074
1662	1	125	074
350	1	163	074
1146	1	953	074
5343	15	4973	075
5121	15	4973	075
1151	1	953	075
947	1	1033	075
1669	1	419	075
5136	15	4973	075
1420	1	125	075
703	1	704	075
910	1	518	075
1656	1	639	075
3076	23	12551	075
350	1	163	075
744	1	163	075
1551	1	125	075
1860	23	3002	075
3122	11	3123	075
614	1	129	075
315	1	122	075
5256	15	4973	075
988	15	4986	075
1206	1	953	075
1935	6	2012	075
25	1	33	075
1259	1	129	075
1414	1	122	075
963	1	148	075
1163	1	953	075
1521	1	148	075
3926	14	3928	075
398	1	148	075
776	15	5088	075
1453	15	4973	075
998	1	148	075
680	1	137	076
132	1	122	076
963	1	148	076
1548	1	148	076
3047	10	3017	076
7195	23	12531	076
1397	1	148	076
1643	1	129	076
1171	15	4973	076
571	1	125	076
673	1	948	076
947	1	148	076
9218	23	12508	076
1308	1	129	076
1138	1	125	076
5316	15	4973	076
8131	23	3030	076
6726	23	2966	076
4394	14	3791	076
980	1	917	076
5186	15	4973	076
5326	15	4973	076
308	15	4973	076
149	1	125	076
4050	14	3791	076
1332	1	129	076
976	1	148	076
5121	15	4973	076
947	1	975	076
783	1	122	076
1194	1	953	076
3076	23	3077	076
3068	23	3027	077
1080	1	122	077
2925	23	2996	077
1149	1	953	077
425	1	319	077
5290	15	4973	077
1366	1	1142	077
1206	1	953	077
5105	15	4973	077
1075	1	1076	077
1280	1	129	077
5006	15	4986	077
409	1	125	077
1380	1	953	077
5205	15	4973	077
5083	15	4973	077
161	1	163	077
4989	15	4973	077
1415	1	163	077
352	1	353	077
804	1	122	077
525	15	4973	077
813	1	148	077
802	1	122	077
470	1	125	077
5129	15	4973	077
3843	14	3791	077
8955	23	2939	077
9218	23	12508	077
1411	1	163	077
8204	23	2989	077
1354	1	953	077
1245	1	122	078
1898	23	2997	078
5188	15	4973	078
1492	1	125	078
517	1	519	078
5169	15	4973	078
5205	15	4973	078
5268	15	4973	078
962	1	163	078
1463	15	4986	078
9420	23	2939	078
1315	1	129	078
1531	1	519	078
4980	15	4973	078
525	15	4973	078
3047	10	3017	078
4479	14	4481	078
280	1	282	078
1527	1	125	078
1523	1	917	078
1416	1	122	078
3122	11	3123	078
356	1	122	078
5289	15	4973	078
4050	14	3791	078
104	1	107	078
6878	23	2966	078
3826	23	2996	078
1406	1	1464	078
1164	1	953	078
352	1	353	078
308	1	165	078
1492	1	125	079
5324	15	5088	079
1366	1	953	079
655	1	419	079
5346	15	4986	079
754	1	125	079
595	1	125	079
1016	1	125	079
9420	23	2939	079
638	1	639	079
5086	15	4973	079
1516	1	353	079
744	1	163	079
3843	14	3791	079
8692	23	12526	079
2828	9	2556	079
3076	23	3077	079
3142	14	3793	079
1206	1	953	079
1406	15	4986	079
8692	23	12516	079
318	1	319	079
1316	1	129	079
132	1	122	079
1263	1	122	079
354	1	125	079
5105	15	4973	079
3068	23	3027	079
7079	23	12511	079
1188	1	953	080
492	15	5088	080
947	1	148	080
458	1	125	080
5186	15	4973	080
595	1	125	080
795	1	148	080
7570	23	12516	080
1463	1	1464	080
8760	23	12508	080
455	1	126	080
455	1	125	080
980	1	917	080
5052	15	4973	080
1075	15	4973	080
4582	14	3794	080
783	1	122	080
3909	14	3447	080
2447	23	12501	080
5281	15	4973	080
1195	1	953	080
1280	1	129	080
5098	15	4986	080
1099	1	148	080
854	1	135	080
1612	1	148	080
1470	1	135	080
1350	1	129	080
1140	1	148	080
5136	15	4973	080
1002	1	148	080
4547	14	3450	080
280	1	281	080
1200	1	953	080
3577	14	3437	080
1542	1	148	080
1225	1	129	080
3148	11	3120	080
7790	23	12511	081
1067	1	148	081
3909	14	3447	081
947	1	129	081
783	1	122	081
138	15	4973	081
1181	1	953	081
251	1	125	081
157	1	129	081
47	1	48	081
1584	1	122	081
5086	15	4973	081
1221	1	122	081
1350	1	129	081
1548	1	148	081
1531	1	519	081
5070	15	4973	081
11372	22	9589	081
1138	1	125	081
525	15	4973	081
342	1	122	081
5230	15	4973	081
5357	15	4973	081
425	1	319	081
1043	1	125	081
542	1	1029	082
5238	15	5088	082
352	15	4973	082
1099	1	148	082
489	1	125	082
1527	1	125	082
1196	1	953	082
1308	1	129	082
1626	1	125	082
9306	23	12511	082
8692	23	12526	082
160	1	125	082
3790	14	3791	082
438	1	135	082
5317	15	4973	082
1411	1	163	082
1188	1	953	082
393	1	122	082
6878	23	2966	082
1043	1	125	082
4050	14	3791	082
1413	1	129	082
2911	10	2720	082
1299	1	129	082
1149	1	953	082
424	15	4986	082
9390	23	12511	082
4749	14	3793	082
1586	15	4973	082
1206	1	125	082
1259	1	129	082
1414	1	122	082
5167	15	4973	083
5099	15	4973	083
1127	1	846	083
9218	23	12508	083
1231	1	122	083
1075	15	4973	083
4974	15	4973	083
3239	12	2041	083
830	1	148	083
8692	23	12526	083
5070	15	4973	083
5346	15	4986	083
5269	15	4973	083
5066	15	4973	083
1382	1	953	083
5266	15	4973	083
1179	1	953	083
5152	15	4973	083
484	1	148	083
1265	1	1210	083
280	1	283	083
504	1	148	083
5133	15	5088	083
5294	15	4973	083
356	1	122	083
5214	15	5088	083
4050	14	3791	083
7178	23	12511	083
5131	15	4973	084
517	1	519	084
7178	23	12511	084
951	1	148	084
1463	1	1464	084
1149	1	953	084
1639	1	125	084
780	1	125	084
164	15	4973	084
2582	9	2520	084
1195	1	1142	084
472	1	148	084
5086	15	4973	084
311	1	148	084
138	1	125	084
1030	1	1031	084
3032	10	2940	084
7195	23	12531	084
1033	1	1035	084
1415	1	148	084
269	1	125	084
534	1	135	084
644	1	125	084
3142	11	3131	084
1138	1	125	084
235	1	148	084
1211	1	1210	085
2911	9	2484	085
1224	1	1210	085
977	1	353	085
1227	1	129	085
542	1	1029	085
804	1	122	085
464	1	126	085
1016	1	126	085
1285	1	1210	085
128	1	129	085
5341	15	4973	085
1207	1	1142	085
1377	1	1142	085
158	1	148	085
1146	1	1142	085
1527	1	126	085
1381	1	1142	085
8756	23	12511	085
5324	15	5088	085
1361	1	953	085
1528	1	125	085
1492	1	125	085
5320	15	4973	085
947	1	148	085
1264	1	122	085
984	1	148	085
354	1	126	085
716	1	148	085
4963	17	4312	085
1226	1	1210	085
1030	1	1031	085
280	1	283	085
138	15	4973	085
1385	1	1210	085
1444	1	123	085
147	1	148	085
1415	1	163	086
579	1	656	086
1463	15	4986	086
963	1	148	086
104	1	107	086
950	1	148	086
209	1	148	086
8957	23	2922	086
3135	11	3136	086
5148	15	5088	086
9390	23	12511	086
1543	1	148	086
1203	1	1142	086
1343	1	1210	086
8955	23	2939	086
164	15	4973	086
3076	23	3077	086
5167	15	4973	086
1205	1	1142	086
5160	15	5088	086
391	1	123	086
1094	1	126	086
3577	14	3437	086
4479	14	3963	086
6599	23	12547	086
4978	15	4973	086
270	1	123	086
352	15	4973	086
609	1	419	086
3125	11	3118	086
1151	1	1142	086
194	1	148	087
593	15	4973	087
1043	1	126	087
4963	17	4312	087
1382	1	1142	087
7178	23	12511	087
1499	1	123	087
8426	23	12511	087
5066	15	4973	087
47	1	48	087
132	1	123	087
5290	15	4973	087
1643	1	123	087
9218	23	12508	087
8760	23	12508	087
962	1	163	087
1211	1	1210	087
25	1	33	087
8692	23	12526	087
1385	1	1210	087
1127	1	846	087
984	1	148	087
1626	1	126	087
128	1	123	087
4980	15	4973	087
1591	1	135	087
1315	1	1210	087
280	1	282	087
5286	15	4973	087
8779	23	2989	087
4582	14	3794	087
1516	1	353	087
1140	1	148	087
458	15	4973	088
1655	1	148	088
5270	15	4973	088
712	1	163	088
1406	15	4986	088
1662	1	126	088
4776	14	3810	088
1542	1	148	088
209	1	148	088
1415	1	163	088
947	1	163	088
161	1	163	088
9420	23	2939	088
5324	15	5088	088
5764	23	12539	088
1075	1	1076	088
5232	15	4973	088
3076	23	3077	088
1490	1	353	088
391	1	123	088
2925	23	2996	088
1094	15	4973	088
1228	1	1210	088
5222	15	4973	088
950	1	148	088
3122	11	3123	088
1188	1	1142	088
424	1	319	088
1204	1	1142	088
5312	15	4973	088
5291	15	4973	088
5316	15	4973	088
352	15	4973	088
1354	1	1142	089
1372	1	1142	089
1164	1	1142	089
1633	1	123	089
5270	15	4973	089
1220	1	1210	089
1280	1	1210	089
1218	1	1210	089
7847	23	2966	089
1377	1	1142	089
308	1	165	089
1343	1	1210	089
5324	15	5088	089
5215	15	4973	089
5136	15	4973	089
6973	23	12501	089
1264	1	1210	089
1528	1	126	089
977	1	353	089
5146	15	4973	089
1016	1	126	089
1080	1	123	089
1219	1	1210	089
5180	15	4973	089
1146	1	1142	089
1585	1	163	089
5018	15	4973	089
1521	1	148	089
2903	11	3089	090
980	1	917	090
1328	1	1210	090
8426	23	12511	090
1359	1	1210	090
1420	1	126	090
1078	1	123	090
156	1	123	090
1650	1	123	090
813	1	148	090
1140	1	148	090
1102	1	148	090
492	15	5088	090
1542	1	148	090
1033	1	1035	090
3113	11	3102	090
3122	11	3123	090
458	15	4973	090
5258	15	4973	090
1164	1	1142	090
738	1	123	090
703	1	704	090
4975	15	4973	090
5083	15	4973	090
466	1	126	090
1645	1	126	090
345	1	123	090
309	15	5088	090
9294	23	12508	090
3097	11	3098	090
5186	15	4973	090
9401	23	12508	090
5006	15	4986	091
1002	1	148	091
3160	11	3098	091
1354	1	1142	091
5208	15	4973	091
950	1	148	091
6726	23	2966	091
457	1	126	091
7570	23	12516	091
1521	1	148	091
5170	15	4973	091
8692	23	12516	091
5201	15	4973	091
356	1	123	091
1183	1	1142	091
813	1	148	091
1245	1	1210	091
311	1	148	091
1351	1	1210	091
5315	15	4973	091
1542	1	148	091
4978	15	4973	091
1361	1	1142	091
1359	1	1210	091
5146	15	4973	091
492	15	5088	091
1492	1	126	091
455	1	126	091
5316	15	4973	091
542	1	1029	091
235	1	148	091
504	1	148	091
857	15	5088	091
1935	6	2012	092
8529	23	2989	092
209	1	148	092
3148	11	3120	092
1363	1	27	092
776	15	5088	092
609	1	419	092
1202	1	1142	092
25	1	33	092
1372	1	1142	092
5178	15	5088	092
1523	1	917	092
1188	1	1142	092
1197	1	1142	092
217	1	148	092
5041	15	4986	092
5270	15	4973	092
3239	12	2041	092
1332	1	1210	092
5083	15	4973	092
269	1	126	092
1080	1	123	092
472	1	148	092
5126	15	4973	092
1211	1	1210	092
1206	1	1142	092
5320	15	4973	093
1499	1	123	093
1490	1	353	093
4776	14	3811	093
5131	15	4973	093
492	15	5088	093
5214	15	5088	093
1372	1	1142	093
1413	1	123	093
2732	12	3195	093
1444	1	123	093
1264	1	1210	093
1280	1	1210	093
1002	1	148	093
802	1	123	093
3122	11	3123	093
947	1	163	093
7079	23	12511	093
916	1	917	093
1237	1	1210	093
2848	9	2733	093
1470	1	135	093
3084	11	3081	093
266	1	148	093
147	1	148	093
3172	23	3027	093
5289	15	4973	093
5074	15	4973	093
5268	15	4973	093
432	1	148	094
1202	1	1142	094
1148	1	1142	094
706	1	708	094
1094	15	4973	094
6973	23	2996	094
5072	15	4973	094
5167	15	4973	094
3076	23	3077	094
1218	1	1210	094
1643	1	123	094
5014	15	4973	094
269	1	126	094
5018	15	4973	094
3032	10	2940	094
2925	23	2996	094
982	1	148	094
240	1	123	094
1358	1	1142	094
947	1	975	094
3117	11	3098	094
9680	22	9544	094
946	1	163	094
1645	1	126	094
398	1	148	094
1662	1	126	094
1415	1	163	094
5019	15	4973	094
910	1	518	094
2447	23	12501	094
3122	11	3123	094
9294	23	12508	094
310	15	5088	094
1406	15	4986	094
597	15	5088	094
1420	1	126	094
1207	1	1142	095
7687	23	12511	095
784	1	785	095
1196	1	1142	095
1377	1	1142	095
716	1	148	095
1228	1	1210	095
455	1	126	095
5270	15	4973	095
1299	1	1210	095
5258	15	4973	095
4716	14	3447	095
224	1	123	095
9294	23	12508	095
1463	15	4986	095
541	1	282	095
4882	14	4103	095
754	1	126	095
269	1	126	095
2993	23	2939	095
1217	1	1142	095
5180	15	4973	095
5166	15	4973	095
8989	23	12508	095
8131	23	3030	096
4598	14	3447	096
7178	23	12511	096
1149	1	1142	096
5136	15	4973	096
699	1	123	096
310	15	5088	096
5160	15	5088	096
3809	14	3810	096
1231	1	1210	096
1099	1	148	096
5320	15	4973	096
973	1	454	096
5343	15	4973	096
1171	1	1142	096
5083	15	4973	096
1516	1	353	096
5266	15	4973	096
3420	14	3423	096
738	1	123	096
5322	15	4986	096
1377	1	1142	096
5230	15	4973	096
3843	14	3791	096
1075	15	4973	096
5070	15	4973	096
5214	15	5088	096
5315	15	4973	096
1529	1	148	097
3117	11	3098	097
424	1	319	097
424	15	4986	097
1392	1	1210	097
5148	15	5088	097
9236	23	12508	097
998	1	148	097
1516	1	353	097
1294	1	1210	097
5188	15	4973	097
784	1	785	097
224	1	123	097
1359	1	1210	097
4963	17	4312	097
318	1	319	097
980	1	917	097
1386	1	1210	097
393	1	123	097
775	1	123	097
1591	1	135	097
1179	1	1142	097
1463	15	4986	097
356	1	123	097
5343	15	4973	098
1285	1	1210	098
1318	1	1210	098
655	1	419	098
5009	15	4973	098
1841	23	2997	098
1203	1	1142	098
5230	15	4973	098
1045	1	126	098
6936	23	12511	098
5098	15	4986	098
1585	1	148	098
280	1	281	098
5126	15	4973	098
947	1	123	098
1225	1	1210	098
5119	15	4985	098
2911	10	2720	098
1898	23	2997	098
854	1	135	098
1392	1	1210	098
1081	1	135	098
8499	23	12511	098
1202	1	1142	098
1268	1	1210	098
1543	1	148	098
1307	1	1210	098
9680	22	9544	099
315	1	123	099
11372	22	9589	099
1259	1	1210	099
461	1	126	099
438	1	135	099
1444	1	123	099
1149	1	1142	099
1309	1	1210	099
280	1	282	099
345	1	123	099
802	1	123	099
4547	14	3450	099
2993	23	2939	099
5180	15	4973	099
5148	15	5088	099
1381	1	1142	099
5137	15	4973	099
5173	15	4973	099
517	1	519	099
135	1	137	099
3929	14	3822	099
8131	23	3030	099
1543	1	148	099
1521	1	148	099
1854	23	2921	099
5178	15	5088	099
5146	15	4973	099
1411	1	163	099
780	1	126	099
1016	1	126	099
1164	1	1142	100
8950	17	6245	100
393	1	123	100
1099	1	148	100
3590	14	3506	100
5166	15	4973	100
947	1	163	100
5018	15	4973	100
1359	1	1210	100
1094	15	4973	100
3125	11	3118	100
802	1	123	100
1217	1	1142	100
255	1	148	100
167	1	148	100
1350	1	1210	100
1656	1	639	100
161	1	163	100
1316	1	1210	100
5131	15	4973	100
5136	15	4973	100
5294	15	4973	100
464	1	126	100
706	1	708	100
1392	1	1210	100
1650	1	123	100
1392	1	1210	101
8692	23	12516	101
3239	12	2041	101
1416	1	123	101
1049	1	148	101
1542	1	148	101
5159	15	5088	101
147	1	148	101
5324	15	5088	101
280	1	282	101
3172	23	3027	101
8529	23	2989	101
350	1	163	101
1490	1	353	101
5764	23	12539	101
1075	15	4973	101
6129	23	12508	101
628	1	148	101
947	1	1033	101
1265	1	1210	101
217	1	148	101
1663	1	123	101
458	15	4973	101
139	1	126	101
3135	11	3136	101
9051	23	12508	101
744	1	163	101
784	1	785	102
5315	15	4973	102
1385	1	1210	102
976	1	148	102
2163	6	2128	102
738	1	123	102
7790	23	12511	102
457	1	126	102
1363	1	27	102
1228	1	1210	102
1585	1	148	102
1585	1	163	102
8955	23	2939	102
5030	15	4973	102
1140	1	148	102
157	1	123	102
1226	1	1210	102
1081	1	135	102
1315	1	1210	102
5312	15	4973	102
786	15	5088	102
25	1	33	102
9236	23	12508	102
9051	23	12508	102
1354	1	1142	102
461	1	126	102
5316	15	4973	102
857	15	5088	102
1099	1	148	102
1656	1	639	103
5152	15	4973	103
1860	10	2932	103
984	1	148	103
47	1	48	103
461	1	126	103
916	1	917	103
2832	9	2606	103
1194	1	1142	103
3135	11	3136	103
2163	6	2128	103
5317	15	4973	103
6726	23	2966	103
5341	15	4973	103
472	1	148	103
1207	1	1142	103
1138	1	126	103
5320	15	4973	103
1413	1	123	103
3929	14	3822	103
1523	1	917	103
1347	1	1142	103
4975	15	4973	103
5208	15	4973	103
1591	1	135	103
5009	15	4973	103
908	1	518	103
534	1	135	103
1420	1	126	103
3068	23	3027	103
5066	15	4973	103
1285	1	1210	103
1328	1	1210	103
3577	14	3437	103
7687	23	12511	103
158	1	148	103
1669	1	419	103
1046	1	148	103
4048	14	3791	103
1584	1	123	103
5215	15	4973	103
5166	15	4973	103
1360	1	1142	103
946	1	163	103
5052	15	4973	104
3076	23	3077	104
977	1	353	104
699	1	123	104
8989	23	12508	104
4582	14	3794	104
1442	1	126	104
466	1	126	104
593	15	4973	104
5030	15	4973	104
4978	15	4973	104
1397	1	148	104
2903	11	3089	104
5066	15	4973	104
1576	1	419	104
3084	11	3081	104
9420	23	2939	104
1381	1	1142	104
1163	1	1142	104
3620	14	3423	104
1214	1	1210	104
217	1	148	104
5146	15	4973	104
133	1	126	104
458	15	4973	104
542	1	1029	105
5014	15	4973	105
2925	23	2996	105
3826	23	2996	105
393	1	123	105
950	1	148	105
5148	15	5088	105
132	1	123	105
424	15	4986	105
5121	15	4973	105
1444	1	123	105
1453	15	4973	105
6599	23	12547	105
472	1	148	105
5222	15	4973	105
1643	1	123	105
458	1	126	105
345	1	123	105
1531	1	519	105
5270	15	4973	105
1351	1	1210	105
342	1	123	105
1382	1	1142	105
2832	9	2606	105
3076	23	3077	105
802	1	123	105
5153	15	4973	105
2848	9	2733	105
4980	15	4973	105
9051	23	12508	105
1576	1	419	106
3521	14	3437	106
3160	11	3098	106
6973	23	2996	106
1492	1	126	106
1650	1	123	106
280	1	281	106
5281	15	4973	106
1586	15	4973	106
4978	15	4973	106
5294	15	4973	106
1414	1	123	106
980	1	917	106
5009	15	4973	106
5121	15	4973	106
424	1	319	106
5317	15	4973	106
270	1	123	106
1662	1	126	106
6599	23	12547	106
1171	1	1142	106
984	1	148	106
351	1	123	106
1463	1	1464	106
1225	1	1210	106
9420	23	2939	107
1225	1	1210	107
3122	11	3123	107
458	15	4973	107
7178	23	12511	107
980	1	917	107
25	1	33	107
1179	1	1142	107
1261	1	1210	107
1197	1	1142	107
251	1	126	107
3843	14	3791	107
3113	11	3102	107
1081	1	135	107
1211	1	1210	107
6726	23	2966	107
1415	1	148	107
7687	23	12511	107
976	1	148	107
1420	1	126	107
5006	15	4986	107
1309	1	1210	107
351	1	123	107
804	1	123	107
1668	1	163	107
1197	1	1142	108
5126	15	4973	108
1245	1	1210	108
854	1	135	108
2828	9	2556	108
1529	1	148	108
209	1	148	108
1164	1	1142	108
5256	15	4973	108
1343	1	1210	108
1442	1	126	108
141	1	123	108
460	1	126	108
5308	15	5088	108
5153	15	4973	108
308	15	4973	108
1463	1	1464	108
2911	9	2484	108
1226	1	1210	108
804	1	123	108
280	1	283	108
5090	15	4973	108
5201	15	4973	108
1205	1	1142	108
3926	14	3928	108
5281	15	4973	108
8760	23	12508	108
484	1	148	109
8426	23	12511	109
5083	15	4973	109
1658	1	163	109
593	15	4973	109
4479	14	4480	109
854	1	135	109
1645	1	126	109
541	1	282	109
3929	14	3822	109
351	1	123	109
1259	1	1210	109
1586	15	4973	109
5099	15	4973	109
1548	1	148	109
1221	1	1210	109
1585	1	163	109
1328	1	1210	109
47	1	48	109
1299	1	1210	109
1286	1	1210	109
802	1	123	109
5278	15	4986	109
579	15	5088	109
5098	15	4986	109
1492	1	126	109
2903	11	3089	109
1171	15	4973	109
8131	23	3030	109
786	15	5088	109
104	1	107	110
393	1	123	110
827	15	5088	110
1259	1	1210	110
280	1	283	110
1385	1	1210	110
579	15	5088	110
4997	15	4973	110
9236	23	12508	110
1238	1	1210	110
5348	15	5088	110
638	1	639	110
1046	1	148	110
3790	14	3791	110
484	1	148	110
1381	1	1142	110
255	1	148	110
1662	1	126	110
4882	14	4103	110
3926	14	3928	110
1030	1	1031	110
167	1	148	110
461	1	126	110
1318	1	1210	110
1081	1	135	110
910	1	518	110
982	1	148	110
5315	15	4973	110
5152	15	4973	110
7687	23	12511	111
1094	1	126	111
132	1	123	111
157	1	123	111
504	1	148	111
1516	15	4973	111
1585	1	148	111
3577	14	3437	111
1171	1	1142	111
216	1	148	111
447	1	126	111
251	1	126	111
1576	1	419	111
1501	1	148	111
1354	1	1142	111
458	15	4973	111
8989	23	12508	111
1226	1	1210	111
3790	14	3791	111
2911	10	2940	111
1280	1	1210	111
9420	23	2939	111
6973	23	2996	111
3826	23	2996	111
947	1	163	111
1127	1	846	111
1463	15	4986	111
5308	15	5088	111
5170	15	4973	111
857	15	5088	111
2516	9	2484	111
1151	1	1142	111
5121	15	4973	111
164	15	4973	111
472	1	148	112
9218	23	12508	112
167	1	148	112
5258	15	4973	112
1453	1	419	112
1309	1	1210	112
1358	1	1142	112
25	1	33	112
1898	23	2997	112
1501	1	148	112
5167	15	4973	112
2163	6	2128	112
438	1	135	112
1328	1	1210	112
1171	15	4973	112
2993	23	2939	112
1264	1	1210	112
1397	1	148	112
827	15	5088	112
5099	15	4973	112
5131	15	4973	112
2848	9	2733	112
1045	1	126	112
3577	14	3437	112
5119	15	4985	112
1181	1	1142	112
5121	15	4973	112
5141	15	5088	112
5294	15	4973	112
854	1	135	112
3093	23	12538	112
1197	1	1142	112
1556	1	148	112
776	15	5088	112
135	1	137	112
1854	23	2921	112
3160	11	3098	112
1318	1	1210	112
4716	14	3447	113
4984	15	4986	113
5260	15	4973	113
5169	15	4973	113
7570	23	12516	113
135	1	137	113
776	15	5088	113
9236	23	12508	113
826	1	148	113
703	1	704	113
973	1	454	113
5041	15	4986	113
318	1	319	113
393	1	123	113
1237	1	1210	113
3084	11	3081	113
280	1	281	113
3068	23	3027	113
1576	1	419	113
6726	23	2966	113
1381	1	1142	113
5322	15	4986	113
1043	1	126	113
474	1	148	113
457	1	126	113
1151	1	1142	113
8204	23	2989	113
1497	1	163	114
998	1	148	114
963	1	148	114
438	1	135	114
425	1	319	114
5245	15	4973	114
5320	15	4973	114
8499	23	12511	114
5222	15	4973	114
5308	15	5088	114
3620	14	3423	114
3521	14	3437	114
1585	1	163	114
3148	11	3120	114
133	1	126	114
5166	15	4973	114
164	15	4973	114
9218	23	12508	114
3826	23	2996	114
827	15	5088	114
5170	15	4973	114
716	1	148	114
8756	23	12511	114
977	1	353	114
1220	1	1210	114
156	1	123	115
804	1	123	115
1149	1	1142	115
398	1	148	115
7847	23	2966	115
5278	15	4986	115
318	1	319	115
5222	15	4973	115
775	1	123	115
1328	1	1210	115
251	1	126	115
2732	9	2733	115
1662	1	126	115
1413	1	123	115
391	1	123	115
5086	15	4973	115
949	1	148	115
266	1	148	115
354	1	126	115
1227	1	1210	115
542	1	1029	115
1591	1	135	115
3125	11	3118	115
947	1	148	115
5315	15	4973	115
1307	1	1210	115
5006	15	4986	115
466	1	126	115
1642	1	123	116
1194	1	1142	116
5281	15	4973	116
280	1	283	116
6973	23	2996	116
9218	23	12508	116
638	1	639	116
5152	15	4973	116
5041	15	4986	116
4134	14	4135	116
1238	1	1210	116
783	1	123	116
3093	23	12538	116
1529	1	148	116
5018	15	4973	116
266	1	148	116
1343	1	1210	116
8751	23	12508	116
354	1	126	116
947	1	163	116
1528	1	126	116
5086	15	4973	116
305	1	148	116
5109	15	5110	116
139	1	126	116
1668	1	163	116
5323	15	4973	116
1245	1	1210	116
5268	15	4973	116
1591	1	135	116
5111	15	4973	116
270	1	123	116
1285	1	1210	116
7178	23	12511	117
1585	1	706	117
1293	1	1210	117
1151	1	1142	117
5178	15	5088	117
5169	15	4973	117
385	1	148	117
3097	11	3098	117
5090	15	4973	117
1261	1	1210	117
4997	15	4973	117
3620	14	3423	117
8692	23	12526	117
5168	15	5088	117
9680	22	9544	117
1280	1	1210	117
5153	15	4973	117
4394	14	3791	117
826	1	148	117
235	1	148	117
1016	1	126	117
458	15	4973	117
614	1	123	117
5308	15	5088	117
1166	1	1142	117
1183	1	1142	117
4974	15	4973	117
5357	15	4973	117
4598	14	3447	118
5072	15	4973	118
1203	1	1142	118
5111	15	4973	118
356	1	123	118
5146	15	4973	118
2911	10	2940	118
1220	1	1210	118
4048	14	3791	118
47	1	48	118
1585	1	706	118
1492	1	126	118
1163	1	1142	118
595	1	126	118
946	1	163	118
826	1	148	118
4426	14	3822	118
1656	1	639	118
280	1	281	118
9386	23	12511	118
3809	14	3810	118
1049	1	148	118
754	1	126	118
1542	1	148	118
1347	1	1142	118
138	1	126	118
1221	1	1210	118
310	15	5088	118
5173	15	4973	118
830	1	148	118
1043	1	126	118
4963	17	4312	118
149	1	126	118
3148	11	3120	118
4646	14	3544	119
1463	15	4986	119
7079	23	12511	119
1163	1	1142	119
4134	14	4135	119
1204	1	1142	119
5074	15	4973	119
1414	1	123	119
4974	15	4973	119
455	1	126	119
1528	1	126	119
609	1	419	119
5178	15	5088	119
8426	23	12511	119
1228	1	1210	119
1181	1	1142	119
1049	1	148	119
2911	10	2720	119
9386	23	12511	119
4421	14	4422	119
2373	23	12511	119
958	1	148	119
5133	15	5088	119
1265	1	1210	119
5170	15	4973	119
310	15	5088	119
5316	15	4973	119
6973	23	12501	119
3130	11	3131	120
1516	15	4973	120
139	1	126	120
5224	15	4973	120
2629	9	2520	120
9306	23	12511	120
1361	1	1142	120
447	1	126	120
1612	1	148	120
783	1	123	120
1328	1	1210	120
1164	1	1142	120
5169	15	4973	120
3611	14	3612	120
947	1	123	120
354	1	126	120
157	1	123	120
1138	1	126	120
308	1	165	120
1075	15	4973	120
455	1	126	120
3076	23	12551	120
8529	23	2989	120
240	1	123	120
4582	14	3794	120
1633	1	123	120
963	1	148	120
962	1	163	121
947	1	148	121
3420	14	3422	121
9390	23	12511	121
167	1	148	121
4426	14	3822	121
5205	15	4973	121
3172	23	3027	121
1043	1	126	121
3117	11	3098	121
310	15	5088	121
976	1	148	121
104	1	107	121
5326	15	4973	121
5153	15	4973	121
1151	1	1142	121
784	1	785	121
11372	22	9589	121
854	1	135	121
391	1	123	121
1584	1	123	121
217	1	148	121
47	1	48	121
3113	11	3102	121
5238	15	5088	121
1138	1	126	121
132	1	123	121
398	1	148	121
240	1	123	121
8779	23	2989	121
1220	1	1210	122
438	1	135	122
1528	1	126	122
2732	12	3195	122
1194	1	1142	122
1225	1	1210	122
1533	1	419	122
1556	1	148	122
1270	1	1210	122
1075	15	4973	122
1189	1	1142	122
5205	15	4973	122
1219	1	1210	122
1642	1	123	122
1264	1	1210	122
1898	23	2997	122
754	1	126	122
1332	1	1210	122
951	1	148	122
1259	1	1210	122
424	15	4986	122
1228	1	1210	122
826	1	148	122
703	1	704	122
308	15	4973	122
5131	15	4973	122
157	1	123	122
1481	1	126	122
7195	23	12531	122
5109	15	5110	122
3097	11	3098	122
393	1	123	123
1584	1	123	123
1668	1	163	123
786	15	5088	123
1094	1	126	123
2163	6	2128	123
1397	1	148	123
424	1	319	123
5133	15	5088	123
3148	11	3120	123
3122	11	3123	123
1898	23	2997	123
8131	23	3030	123
1183	1	1142	123
1368	1	1142	123
1442	1	126	123
910	1	518	123
1372	1	1142	123
738	1	123	123
1203	1	1142	123
784	1	785	123
1238	1	1210	123
916	1	917	123
963	1	148	123
830	1	148	123
9294	23	12508	124
161	1	163	124
1415	1	148	124
352	15	4973	124
1181	1	1142	124
209	1	148	124
813	1	148	124
1377	1	1142	124
1935	6	2012	124
1663	1	123	124
1643	1	123	124
1372	1	1142	124
5052	15	4973	124
5238	15	5088	124
6129	23	12508	124
9386	23	12511	124
1381	1	1142	124
9051	23	12508	124
1368	1	1142	124
235	1	148	124
1516	15	4973	124
5167	15	4973	124
418	1	419	124
1049	1	148	124
1033	1	1035	124
1520	1	148	125
1359	1	1210	125
1854	23	2921	125
998	1	148	125
1529	1	148	125
1343	1	1210	125
8499	23	12511	125
1382	1	1142	125
385	1	148	125
164	1	165	125
1163	1	1142	125
1138	1	126	125
680	1	137	125
4882	14	4103	125
1533	1	419	125
2629	9	2520	125
9680	22	9544	125
5308	15	5088	125
628	1	148	125
703	1	704	125
1658	1	163	125
826	1	148	125
5232	15	4973	125
1245	1	1210	125
390	1	163	125
1527	1	126	125
209	1	148	125
1102	1	148	125
2582	9	2520	125
5269	15	4973	125
1228	1	1210	125
5214	15	5088	125
4963	17	4312	125
474	1	148	125
1643	1	123	125
988	15	4986	126
1650	1	123	126
5052	15	4973	126
3130	14	3437	126
5186	15	4973	126
1078	1	123	126
3122	11	3123	126
455	1	126	126
8760	23	12508	126
1354	1	1142	126
164	15	4973	126
47	1	48	126
1415	1	163	126
1207	1	1142	126
1910	14	3956	126
5090	15	4973	126
1397	1	148	126
7790	23	12511	126
1516	15	4973	126
998	1	148	126
1406	1	1464	126
458	15	4973	126
962	1	163	126
1259	1	1210	126
1081	1	135	126
1463	15	4986	126
8692	23	12516	126
1195	1	1142	126
628	1	148	127
1284	1	1210	127
775	1	123	127
2093	6	2012	127
5109	15	5110	127
5256	15	4973	127
5074	15	4973	127
1442	1	126	127
1351	1	1210	127
1318	1	1210	127
7790	23	12511	127
1650	1	123	127
680	1	137	127
5066	15	4973	127
4975	15	4973	127
3826	23	2996	127
25	1	33	127
412	1	148	127
391	1	123	127
947	1	148	127
1221	1	1210	127
950	1	148	127
1219	1	1210	127
5232	15	4973	127
5316	15	4973	127
2732	12	3195	128
1146	1	1142	128
164	15	4973	128
6129	23	12508	128
270	1	123	128
1075	15	4973	128
802	1	123	128
795	1	148	128
9420	23	2939	128
980	1	917	128
1217	1	1142	128
1463	15	4986	128
224	1	123	128
5178	15	5088	128
5316	15	4973	128
947	1	123	128
5009	15	4973	128
1284	1	1210	128
541	1	283	128
1163	1	1142	128
6936	23	12511	128
4980	15	4973	128
5224	15	4973	128
5268	15	4973	128
1204	1	1142	129
1499	1	123	129
5326	15	4973	129
804	1	123	129
1463	1	1464	129
973	1	454	129
132	1	123	129
597	15	5088	129
8692	23	12516	129
5764	23	12539	129
703	1	704	129
3097	11	3098	129
802	1	123	129
1224	1	1210	129
9401	23	12508	129
1263	1	1210	129
424	15	4986	129
133	1	126	129
393	1	123	129
1159	1	1142	129
455	1	126	129
5109	15	5110	129
1658	1	163	129
628	1	148	129
224	1	123	129
269	1	126	129
1548	1	148	129
157	1	123	129
2732	12	3195	129
1166	1	1142	129
161	1	163	129
949	1	148	129
4989	15	4973	129
1188	1	1142	129
1350	1	1210	129
854	1	135	129
1262	1	1210	129
680	1	137	129
5030	15	4973	129
5133	15	5088	129
976	1	148	129
1075	15	4973	129
216	1	148	129
1356	1	1142	130
1299	1	1210	130
3962	14	3928	130
1417	15	5088	130
1392	1	1210	130
1497	1	163	130
951	1	148	130
3032	10	2940	130
1268	1	1210	130
1225	1	1210	130
614	1	123	130
2093	6	2012	130
1584	1	123	130
5137	15	4973	130
593	15	4973	130
1650	1	123	130
1325	1	1210	130
412	1	148	130
156	1	123	130
1245	1	1210	130
5186	15	4973	130
1099	1	148	130
5019	15	4973	130
5168	15	5088	130
466	1	126	130
1359	1	1210	131
1227	1	1210	131
1426	1	135	131
1463	15	4986	131
1221	1	1210	131
6973	23	12501	131
1663	1	123	131
5294	15	4973	131
5326	15	4973	131
1145	1	1142	131
164	15	4973	131
1219	1	1210	131
1406	1	1464	131
2582	9	2520	131
9294	23	12508	131
4582	14	3794	131
1543	1	148	131
4547	14	3450	131
950	1	148	131
9386	23	12511	131
3172	23	3027	131
1372	1	1142	131
412	1	148	131
1841	23	2997	131
5312	15	4973	131
308	1	165	131
6599	23	12547	132
504	1	148	132
1417	15	5088	132
1237	1	1210	132
1030	1	1031	132
3130	14	3437	132
8692	23	12516	132
1426	1	135	132
308	15	4973	132
460	1	126	132
2903	11	3089	132
11316	22	9589	132
1497	1	163	132
961	1	148	132
977	1	353	132
857	15	5088	132
964	1	148	132
5291	15	4973	132
5072	15	4973	132
827	15	5088	132
1166	1	1142	132
1481	1	126	132
1046	1	148	132
350	1	163	132
2294	23	12511	132
5224	15	4973	132
1347	1	1142	132
1363	1	27	132
1328	1	1210	132
1668	1	163	132
1360	1	1142	132
1347	1	1142	133
5019	15	4973	133
8756	23	12511	133
964	1	148	133
1264	1	1210	133
345	1	123	133
3962	14	3928	133
1350	1	1210	133
1481	1	126	133
1094	15	4973	133
309	15	5088	133
141	1	123	133
744	1	163	133
598	6	2019	133
477	1	123	133
1658	1	163	133
716	1	148	133
980	1	917	133
1385	1	1210	133
1284	1	1210	133
5278	15	4986	133
270	1	123	133
1416	1	123	133
1397	1	148	133
3122	11	3123	133
318	1	319	133
3843	14	3791	133
128	1	123	133
1224	1	1210	133
1159	1	953	134
984	1	148	134
1663	1	123	134
1392	1	129	134
1343	1	1210	134
5324	15	5088	134
857	15	5088	134
5099	15	4973	134
1542	1	148	134
1910	14	3971	134
1075	15	4973	134
47	1	48	134
460	1	126	134
477	1	123	134
1204	1	953	134
5129	15	4973	134
3926	14	3928	134
5316	15	4973	134
5030	15	4973	134
1094	1	125	134
9227	23	12508	134
4074	14	3791	134
8751	23	12508	134
5152	15	4973	134
1237	1	1210	134
1166	1	1142	134
1188	1	953	134
826	1	148	134
5326	15	4973	134
5052	15	4973	134
1645	1	126	134
8499	23	12511	134
5256	15	4973	135
11316	22	9589	135
1163	1	953	135
1189	1	953	135
1585	1	706	135
149	1	125	135
5099	15	4973	135
458	1	125	135
141	1	123	135
1501	1	148	135
3826	23	2996	135
149	1	125	135
1655	1	148	135
3843	14	3791	135
461	1	125	135
132	1	123	135
438	1	135	135
457	1	125	135
5131	15	4973	135
309	15	5088	135
352	1	353	135
949	1	148	135
315	1	123	135
460	1	125	135
5230	15	4973	135
802	1	123	135
161	1	163	135
11372	22	9589	135
1264	1	129	135
1145	1	953	135
1231	1	129	135
1347	1	953	135
4978	15	4973	135
9390	23	12511	135
5252	15	5088	136
5146	15	4973	136
8529	23	2989	136
5052	15	4973	136
352	1	353	136
1078	1	123	136
194	1	148	136
393	1	123	136
5215	15	4973	136
5166	15	4973	136
1145	1	953	136
4989	15	4973	136
5136	15	4973	136
4048	14	3791	136
1211	1	129	136
5083	15	4973	136
477	1	123	136
947	1	148	136
1227	1	129	136
1851	10	2997	136
950	1	148	136
47	1	48	136
418	1	419	136
1188	1	953	136
1315	1	129	136
4646	14	3510	136
628	1	148	136
1033	1	1035	136
1081	1	135	136
5019	15	4973	136
5268	15	4973	136
217	1	148	136
579	15	5088	136
2833	9	2636	136
1328	1	129	136
5270	15	4973	137
11372	22	9589	137
5119	15	4985	137
1270	1	129	137
5090	15	4973	137
1261	1	129	137
425	1	319	137
1075	15	4973	137
5317	15	4973	137
1209	1	129	137
1377	1	953	137
149	1	125	137
1197	1	953	137
5281	15	4973	137
8499	23	12511	137
5131	15	4973	137
1140	1	148	137
1081	1	135	137
4582	14	3544	137
457	1	125	137
1220	1	129	137
1318	1	129	137
1556	1	148	137
1642	1	123	137
5343	15	4973	137
8426	23	12511	137
1268	1	129	137
1080	1	123	137
5052	15	4973	137
1220	1	1210	137
1655	1	148	137
424	1	319	137
5322	15	4986	137
761	1	123	137
8529	23	2989	137
5160	15	5088	137
8989	23	12508	137
947	1	1033	138
1149	1	953	138
9051	23	12508	138
10310	22	9650	138
1171	1	953	138
1078	1	123	138
1626	1	125	138
5256	15	4973	138
1075	1	1076	138
5066	15	4973	138
1481	1	125	138
1102	1	148	138
3490	14	3439	138
5289	15	4973	138
5266	15	4973	138
1585	1	148	138
447	1	125	138
345	1	123	138
673	1	948	138
5230	15	4973	138
5032	15	4973	138
5030	15	4973	138
699	1	123	138
738	1	123	138
961	1	148	138
5208	15	4973	138
1910	14	4329	138
1643	1	123	138
542	1	1029	138
5006	15	4986	138
783	1	123	138
5019	15	4973	138
308	15	4973	138
534	1	135	138
7790	23	12511	138
280	1	282	138
1268	1	129	138
964	1	148	138
5232	15	4973	138
597	15	5088	139
5764	23	12539	139
5170	15	4973	139
1497	1	163	139
949	1	148	139
1556	1	148	139
1225	1	129	139
1188	1	953	139
9390	23	12511	139
982	1	148	139
2911	9	2484	139
2582	9	2520	139
3239	12	2041	139
5153	15	4973	139
1854	23	2921	139
5105	15	4973	139
3135	11	3136	139
309	15	5088	139
5136	15	4973	139
1586	15	4973	139
308	15	4973	139
1523	1	917	139
3061	10	3043	139
1642	1	123	139
5159	15	5088	140
1585	1	163	140
706	1	708	140
1444	1	123	140
5268	15	4973	140
947	1	123	140
1067	1	148	140
147	1	148	140
135	1	137	140
5090	15	4973	140
1415	1	148	140
216	1	148	140
5148	15	5088	140
3962	14	3928	140
1385	1	129	140
1463	1	1464	140
47	1	48	140
1644	15	5088	140
1351	1	129	140
5308	15	5088	140
1046	1	148	140
424	15	4986	140
5341	15	4973	140
1516	1	353	140
1294	1	129	140
5141	15	5088	140
1643	1	123	140
5286	15	4973	141
1280	1	129	141
1078	1	123	141
5168	15	5088	141
5323	15	4973	141
628	1	148	141
5157	15	5110	141
1377	1	953	141
1224	1	129	141
3926	14	3928	141
1851	10	2997	141
5222	15	4973	141
4716	14	3447	141
7847	23	2966	141
1268	1	129	141
8751	23	12508	141
1316	1	129	141
1181	1	953	141
1444	1	123	141
1262	1	129	141
1668	1	163	141
4428	14	3971	141
5348	15	5088	141
7195	23	12531	141
1293	1	129	141
356	1	123	141
2927	10	2932	141
138	15	4973	141
1656	1	639	142
947	1	975	142
1910	14	3707	142
638	1	639	142
133	1	125	142
5224	15	4973	142
1217	1	953	142
1463	15	4986	142
5158	15	5088	142
1203	1	1142	142
1159	1	953	142
3160	11	3098	142
194	1	148	142
2163	6	2128	142
5186	15	4973	142
1533	1	419	142
826	1	148	142
4984	15	4986	142
680	1	137	142
5214	15	5088	142
280	1	282	142
2911	9	2484	142
104	1	106	142
1237	1	129	142
5108	15	5088	142
269	1	125	142
1643	1	123	142
3076	23	12551	142
1655	1	148	142
1219	1	129	142
4882	14	4103	142
8426	23	12511	142
963	1	148	143
1351	1	129	143
1328	1	129	143
5258	15	4973	143
2927	10	2932	143
1497	1	163	143
1148	1	953	143
2582	9	2520	143
1099	1	148	143
5357	15	4973	143
1194	1	953	143
1358	1	953	143
984	1	148	143
9386	23	12511	143
3032	10	2940	143
1183	1	953	143
977	1	353	143
354	1	125	143
2832	9	2606	143
2886	11	3153	143
1002	1	148	143
1033	1	1035	143
8692	23	12516	143
673	1	948	143
1382	1	953	143
4684	14	3707	143
5312	15	4973	143
472	1	148	143
5009	15	4973	143
5061	15	4973	143
3611	14	4124	144
1523	1	917	144
5320	15	4973	144
5326	15	4973	144
973	1	454	144
292	1	120	144
1585	1	148	144
5141	15	5088	144
961	1	148	144
5086	15	4973	144
11372	22	9589	144
1645	1	125	144
5066	15	4973	144
1584	1	123	144
2925	23	2996	144
1075	15	4973	144
464	1	125	144
2927	10	2932	144
908	1	518	144
964	1	148	144
3420	14	3423	144
5157	15	5110	144
703	1	704	144
5348	15	5088	144
235	1	148	144
1075	1	1076	144
1151	1	953	144
1463	1	1464	144
390	1	163	144
5256	15	4973	144
474	1	148	144
673	1	948	144
1591	1	135	144
744	1	163	144
5099	15	4973	144
8692	23	12516	144
5121	15	4973	144
775	1	123	144
391	1	123	144
5006	15	4986	144
5148	15	5088	144
1453	1	419	145
3148	11	3120	145
1453	15	4973	145
5126	15	4973	145
1351	1	129	145
1209	1	129	145
534	1	135	145
2003	6	2019	145
1492	1	125	145
10310	22	10311	145
5322	15	4986	145
3239	12	2041	145
5137	15	4973	145
3092	23	2940	145
1200	1	953	145
703	1	704	145
5764	23	12539	145
1377	1	953	145
1650	1	123	145
1188	1	953	145
292	1	120	145
1171	15	4973	145
4978	15	4973	145
3926	14	3928	145
2447	23	12501	145
8692	23	12526	145
1372	1	953	145
3157	11	3095	145
947	1	148	145
1642	1	123	145
5291	15	4973	145
1307	1	129	145
1359	1	129	145
3172	23	3027	145
4997	15	4973	145
3084	11	3081	145
11639	22	9890	145
1211	1	129	145
1231	1	129	146
784	1	785	146
673	1	948	146
3420	14	3423	146
5268	15	4973	146
4389	14	4011	146
628	1	148	146
164	15	4973	146
3611	14	4124	146
1497	1	163	146
1639	1	125	146
5317	15	4973	146
1841	23	2997	146
1392	1	129	146
4394	14	3791	146
5214	15	5088	146
1203	1	953	146
6936	23	12511	146
5153	15	4973	146
5680	22	5652	146
1612	1	148	146
1080	1	123	146
2832	9	2606	146
5061	15	4973	146
1397	1	148	146
5224	15	4973	146
5129	15	4973	146
1490	1	353	146
1586	15	4973	147
910	1	518	147
4984	15	4986	147
8756	23	12511	147
5341	15	4973	147
1527	1	126	147
1406	15	4986	147
1148	1	953	147
1935	6	2012	147
1205	1	953	147
8131	23	3030	147
5266	15	4973	147
1102	1	148	147
5268	15	4973	147
1308	1	129	147
138	1	125	147
139	1	125	147
447	1	125	147
1543	1	148	147
5269	15	4973	147
5146	15	4973	147
1263	1	129	147
3157	11	3095	147
5131	15	4973	147
1033	1	1035	147
5169	15	4973	147
255	1	148	148
1163	1	953	148
980	1	917	148
194	1	148	148
5146	15	4973	148
1259	1	129	148
5018	15	4973	148
802	1	123	148
12158	22	5648	148
380	1	1363	148
352	15	4973	148
998	1	148	148
947	1	163	148
393	1	123	148
959	1	148	148
3814	14	3544	148
5070	15	4973	148
5201	15	4973	148
417	1	319	148
2886	11	3153	148
1406	1	1464	148
716	1	148	148
1385	1	129	148
5258	15	4973	148
2629	9	2520	148
3135	11	3136	148
1347	1	953	148
318	1	319	148
5030	15	4973	148
1259	1	129	149
5052	15	4973	149
1078	1	123	149
1397	1	148	149
8499	23	12511	149
5214	15	5088	149
3160	11	3098	149
1453	1	419	149
391	1	123	149
5348	15	5088	149
5141	15	5088	149
1299	1	129	149
916	1	917	149
801	15	5088	149
614	1	123	149
775	1	123	149
5153	15	4973	149
958	1	148	149
318	1	319	149
3130	14	3491	149
7195	23	12531	149
280	1	281	149
5268	15	4973	149
455	1	125	149
6973	23	12501	149
5186	15	4973	149
11233	22	10457	149
6878	23	2966	149
1500	1	163	149
2003	6	2019	149
1280	1	1210	149
504	1	148	149
2447	23	12501	149
158	1	148	149
7790	23	12511	149
1045	1	125	149
216	1	148	149
1102	1	148	149
1527	1	126	150
1377	1	953	150
6878	23	2966	150
5030	15	4973	150
424	1	319	150
916	1	917	150
804	1	123	150
1363	1	119	150
457	1	125	150
1148	1	953	150
5180	15	4973	150
1284	1	129	150
638	1	639	150
4716	14	3447	150
1299	1	129	150
1194	1	953	150
1548	1	148	150
5680	22	5652	150
1030	1	1031	150
1531	1	519	150
963	1	148	150
6726	23	2966	150
1127	1	846	150
1205	1	953	150
988	15	4986	150
1151	1	953	150
947	1	163	150
6599	20	5722	150
5341	15	4973	150
4915	14	4399	150
3113	11	3102	150
5126	15	4973	150
11084	22	10813	150
1262	1	129	150
1228	1	129	150
1094	1	125	150
4975	15	4973	150
1294	1	129	150
167	1	148	150
1332	1	129	150
1227	1	129	151
1542	1	148	151
1299	1	129	151
1499	1	123	151
209	1	148	151
352	15	4973	151
4984	15	4986	151
1497	1	163	151
9218	23	12508	151
5270	15	4973	151
680	1	137	151
1033	1	1035	151
1851	10	3056	151
1528	1	125	151
947	1	129	151
167	1	148	151
980	1	917	151
1576	1	419	151
1543	1	148	151
7847	23	2966	151
1189	1	953	151
8692	23	12526	151
3577	14	3437	151
5278	15	4986	151
470	1	125	151
11639	22	9912	151
5041	15	4986	151
1841	23	2997	151
5083	15	4973	152
352	1	353	152
1149	1	953	152
1002	1	148	152
280	1	283	152
1669	1	419	152
959	1	148	152
5141	15	5088	152
2848	9	2733	152
3135	11	3136	152
69	1	74	152
9294	23	12508	152
5230	15	4973	152
5167	15	4973	152
5214	15	5088	152
5270	15	4973	152
7790	23	12511	152
977	1	353	152
5308	15	5088	152
1099	1	148	152
1316	1	129	152
813	1	148	152
1328	1	129	152
11372	22	9589	152
830	1	148	152
345	1	123	153
5086	15	4973	153
786	15	5088	153
5209	15	4973	153
1663	1	123	153
5159	15	5088	153
10066	22	9701	153
352	15	4973	153
1841	23	2997	153
280	1	283	153
1645	1	125	153
5169	15	4973	153
2911	9	2484	153
6973	23	12501	153
1245	1	129	153
1280	1	129	153
1358	1	953	153
5186	15	4973	153
949	1	148	153
425	1	319	153
1397	1	148	153
118	1	119	153
984	1	148	153
5072	15	4973	153
908	1	518	153
1332	1	129	153
1217	1	953	153
5019	15	4973	153
1207	1	953	153
1347	1	953	153
391	1	123	153
5322	15	4986	153
1268	1	129	154
1420	1	125	154
1194	1	953	154
1350	1	129	154
460	1	125	154
11372	22	9589	154
1500	1	163	154
795	1	148	154
1299	1	129	154
5260	15	4973	154
982	1	148	154
1325	1	129	154
216	1	148	154
1218	1	129	154
472	1	148	154
5326	15	4973	154
5158	15	5088	154
1585	1	148	154
5019	15	4973	154
776	15	5088	154
1280	1	129	154
716	1	148	154
12191	22	11006	154
8204	23	2989	154
2582	9	2520	154
1646	1	543	154
424	15	4986	154
280	1	283	154
1078	1	123	154
5256	15	4973	154
3068	23	3027	154
5066	15	4973	154
477	1	123	154
1417	15	5088	155
6689	20	6875	155
1521	1	148	155
5291	15	4973	155
1212	1	129	155
1286	1	129	155
1359	1	129	155
3130	14	3555	155
786	15	5088	155
4428	14	3707	155
5167	15	4973	155
1194	1	953	155
1268	1	129	155
280	1	282	155
534	1	135	155
598	6	2019	155
5281	15	4973	155
2903	11	3089	155
5232	15	4973	155
2815	9	2816	155
5286	15	4973	155
5214	15	5088	155
706	1	708	155
1415	1	163	155
149	1	125	155
5201	15	4973	155
3926	14	3927	155
1094	15	4973	155
1397	1	148	156
280	1	281	156
5252	15	5088	156
1149	1	953	156
6973	23	2996	156
4915	14	4399	156
8989	23	12508	156
4074	14	3791	156
458	15	4973	156
5256	15	4973	156
1299	1	129	156
457	1	125	156
534	1	135	156
5160	15	5088	156
1360	1	953	156
354	1	125	156
1426	1	135	156
1194	1	953	156
958	1	148	156
5105	15	4973	156
104	1	74	156
2911	10	2940	156
1285	1	129	156
827	15	5088	156
1492	1	125	156
3122	11	3123	156
7079	23	12511	156
883	1	885	156
5030	15	4973	157
4547	14	3450	157
5324	15	5088	157
1200	1	953	157
5111	15	4973	157
1420	1	125	157
9294	23	12508	157
12158	22	9550	157
1293	1	129	157
5312	15	4973	157
447	1	125	157
251	1	125	157
4882	14	4103	157
7178	23	12511	157
5326	15	4973	157
1286	1	129	157
8989	23	12508	157
1382	1	953	157
964	1	148	157
1262	1	129	157
5157	15	5110	157
3620	14	3421	157
5158	15	5088	157
47	1	176	157
11703	22	9557	157
390	1	163	157
308	15	4973	157
1171	1	953	157
959	1	148	157
804	1	123	157
2903	11	3089	157
342	1	123	157
1646	1	542	157
5148	15	5088	157
5072	15	4973	157
11065	22	10458	157
4598	14	3447	157
5205	15	4973	158
3620	14	3421	158
351	1	123	158
1523	1	917	158
1163	1	953	158
3130	14	3555	158
976	1	148	158
3113	11	3102	158
1284	1	129	158
1343	1	129	158
1453	1	419	158
1265	1	129	158
1415	1	163	158
254	1	148	158
251	1	125	158
1500	1	163	158
5019	15	4973	158
1490	1	353	158
164	1	165	158
2903	11	3089	158
4716	14	3447	158
1250	1	129	158
1205	1	953	158
1531	1	519	158
1406	15	4986	158
958	1	148	158
308	1	165	158
6973	23	2996	158
1081	1	135	158
1286	1	129	158
1078	1	123	158
1442	1	125	158
712	1	163	158
1270	1	129	158
224	1	123	159
947	1	975	159
1081	1	135	159
12158	22	9549	159
3068	23	3027	159
3092	11	3100	159
3160	11	3118	159
5006	15	4986	159
466	1	125	159
1576	1	419	159
883	1	885	159
1900	10	3043	159
280	1	283	159
104	1	74	159
1078	1	123	159
4716	14	3447	159
1418	1	885	159
3420	14	3421	159
1380	1	953	159
1385	1	129	159
962	1	163	159
460	1	125	159
5167	15	4973	159
5105	15	4973	159
1140	1	148	159
2911	10	2940	159
5346	15	4986	159
1527	1	125	159
3125	11	3118	160
977	1	353	160
1075	1	1076	160
352	15	4973	160
8989	23	12508	160
5086	15	4973	160
2833	9	2636	160
2848	9	2733	160
1194	1	953	160
5343	15	4973	160
1204	1	953	160
5131	15	4973	160
5320	15	4973	160
363	1	364	160
217	1	148	160
1585	1	163	160
5041	15	4986	160
209	1	148	160
2828	9	2556	160
1584	1	123	160
1238	1	129	160
3962	14	3963	160
534	1	135	160
5232	15	4973	160
5208	15	4973	160
1646	1	543	160
5083	15	4973	160
1189	1	953	160
7073	23	2989	160
2833	9	2636	161
5256	15	4973	161
217	1	148	161
780	1	125	161
1270	1	129	161
5209	15	4973	161
949	1	148	161
466	1	125	161
1159	1	1142	161
7073	23	2989	161
1935	6	2012	161
4547	14	3450	161
2993	23	2939	161
5158	15	5088	161
826	1	148	161
470	1	125	161
1841	23	2997	161
1516	15	4973	161
4074	14	3791	161
141	1	123	161
1203	1	953	161
656	6	2019	161
2732	12	3195	161
1585	1	148	161
1416	1	123	161
308	1	165	161
5323	15	4973	161
1385	1	129	161
2093	6	2012	161
1548	1	148	161
5214	15	5088	161
1442	1	125	161
3032	10	2940	161
1646	1	543	161
3250	21	9434	162
9144	18	9138	162
135	18	854	162
135	18	1470	162
25	0	26	162
2310	19	1991	162
69	0	70	162
9534	21	9465	162
2445	8	2446	162
2361	8	2362	162
2350	8	2351	162
2309	8	2310	162
9470	21	9455	162
9162	19	948	162
7018	19	1991	162
9144	18	687	162
680	18	9135	162
135	18	1591	162
2362	8	2361	162
9144	18	708	162
680	18	9132	162
1866	19	1991	162
1912	7	2181	162
9144	18	9136	162
9144	18	1031	162
9141	18	1076	162
9144	18	9137	162
2351	8	2350	162
9144	18	1029	162
2424	8	2425	162
135	18	534	162
9144	18	137	162
680	18	9134	162
4764	19	1977	162
9144	18	698	162
104	0	106	162
2373	8	2374	162
6195	19	1991	162
2379	8	2380	162
9144	18	1041	162
9144	18	1035	162
2815	19	25	162
680	18	9133	162
680	18	9130	162
9144	18	9140	162
135	18	2004	162
680	18	9131	162
9144	18	704	162
25	0	27	162
135	18	1426	162
3409	21	9434	162
135	18	1081	162
135	18	438	162
2380	8	2379	162
9144	18	9139	162
4764	21	9462	162
9534	21	9465	163
2350	8	2351	163
2380	8	2379	163
3250	21	9434	163
69	0	70	163
9144	18	1031	163
135	18	854	163
9144	18	1041	163
135	18	1081	163
9141	18	1076	163
9144	18	1029	163
680	18	9134	163
2309	8	2310	163
135	18	1470	163
4764	19	1977	163
9144	18	1035	163
2379	8	2380	163
680	18	9135	163
9144	18	687	163
135	18	2004	163
25	0	27	163
1912	7	2181	163
9144	18	698	163
135	18	438	163
2445	8	2446	163
7018	19	1991	163
2373	8	2374	163
1866	19	1991	163
135	18	534	163
2815	19	25	163
135	18	1591	163
135	18	1426	163
2424	8	2425	163
25	0	26	163
9144	18	9139	163
680	18	9132	163
9144	18	9136	163
2362	8	2361	163
9144	18	708	163
9162	19	948	163
9144	18	137	163
9144	18	9137	163
4764	21	9462	163
104	0	106	163
2361	8	2362	163
680	18	9130	163
3409	21	9434	163
680	18	9133	163
2310	19	1991	163
680	18	9131	163
9144	18	9138	163
2351	8	2350	163
9470	21	9455	163
9144	18	704	163
9144	18	9140	163
6195	19	1991	163
135	18	438	164
1912	7	2181	164
7018	19	1991	164
2445	8	2446	164
3250	21	9434	164
9144	18	708	164
25	0	27	164
9144	18	1031	164
2373	8	2374	164
680	18	9133	164
680	18	9131	164
2424	8	2425	164
2361	8	2362	164
135	18	854	164
2379	8	2380	164
9534	21	9465	164
4764	21	9462	164
1866	19	1991	164
9144	18	698	164
69	0	70	164
9144	18	137	164
2362	8	2361	164
3409	21	9434	164
9144	18	704	164
9144	18	9138	164
2815	19	25	164
680	18	9132	164
135	18	1426	164
9144	18	9137	164
2310	19	1991	164
680	18	9134	164
6195	19	1991	164
104	0	106	164
9470	21	9455	164
9144	18	1035	164
2351	8	2350	164
9141	18	1076	164
2380	8	2379	164
135	18	1591	164
135	18	1470	164
9144	18	9136	164
25	0	26	164
9144	18	9140	164
135	18	2004	164
9144	18	9139	164
2350	8	2351	164
2309	8	2310	164
9144	18	1041	164
680	18	9135	164
9162	19	948	164
680	18	9130	164
135	18	534	164
135	18	1081	164
9144	18	1029	164
4764	19	1977	164
9144	18	687	164
2362	8	2361	165
135	18	2004	165
104	0	106	165
9144	18	9138	165
680	18	9133	165
2424	8	2425	165
9470	21	9455	165
135	18	1470	165
9144	18	9136	165
680	18	9132	165
135	18	854	165
2379	8	2380	165
135	18	1591	165
9144	18	687	165
3250	21	9434	165
9144	18	698	165
9144	18	1041	165
6195	19	1991	165
2361	8	2362	165
9162	19	948	165
2380	8	2379	165
2350	8	2351	165
9144	18	9139	165
135	18	1081	165
4764	21	9462	165
25	0	27	165
9144	18	9137	165
680	18	9131	165
25	0	26	165
9141	18	1076	165
9144	18	704	165
2445	8	2446	165
1912	7	2181	165
69	0	70	165
2815	19	25	165
135	18	534	165
9144	18	1035	165
9534	21	9465	165
9144	18	1031	165
680	18	9130	165
135	18	1426	165
2373	8	2374	165
2310	19	1991	165
135	18	438	165
2351	8	2350	165
9144	18	1029	165
4764	19	1977	165
680	18	9134	165
9144	18	137	165
7018	19	1991	165
9144	18	708	165
1866	19	1991	165
9144	18	9140	165
3409	21	9434	165
680	18	9135	165
2310	19	1991	166
680	18	9130	166
680	18	9131	166
135	18	1426	166
9144	18	1041	166
9144	18	137	166
135	18	438	166
680	18	9132	166
9144	18	687	166
9144	18	1029	166
135	18	1081	166
6195	19	1991	166
9144	18	704	166
680	18	9135	166
9144	18	9138	166
25	0	27	166
3250	21	9434	166
135	18	1470	166
2362	8	2361	166
1866	19	1991	166
9144	18	9140	166
9144	18	1031	166
2373	8	2374	166
9144	18	1035	166
3409	21	9434	166
2361	8	2362	166
680	18	9133	166
680	18	9134	166
9144	18	9137	166
9144	18	9136	166
2350	8	2351	166
135	18	2004	166
9141	18	1076	166
2351	8	2350	166
2379	8	2380	166
2424	8	2425	166
135	18	1591	166
69	0	70	166
9162	19	948	166
9144	18	9139	166
25	0	26	166
9534	21	9465	166
2445	8	2446	166
2380	8	2379	166
1912	7	2181	166
9144	18	698	166
2815	19	25	166
104	0	106	166
4764	19	1977	166
7018	19	1991	166
135	18	854	166
9144	18	708	166
4764	21	9462	166
135	18	534	166
9470	21	9455	166
680	18	9135	167
680	18	9132	167
9144	18	704	167
135	18	2004	167
3409	21	9434	167
3250	21	9434	167
135	18	1470	167
680	18	9133	167
69	0	70	167
9144	18	708	167
2310	19	1991	167
2380	8	2379	167
9141	18	1076	167
9144	18	1031	167
104	0	106	167
7018	19	1991	167
9144	18	9139	167
25	0	26	167
135	18	1591	167
135	18	534	167
9144	18	9138	167
2379	8	2380	167
4764	21	9462	167
9144	18	687	167
135	18	1426	167
9162	19	948	167
9144	18	1029	167
2373	8	2374	167
680	18	9130	167
6195	19	1991	167
1866	19	1991	167
2350	8	2351	167
9144	18	1041	167
2361	8	2362	167
9144	18	9137	167
2362	8	2361	167
9534	21	9465	167
25	0	27	167
9144	18	9140	167
9144	18	137	167
135	18	438	167
9144	18	698	167
135	18	1081	167
2815	19	25	167
4764	19	1977	167
680	18	9134	167
9144	18	9136	167
2424	8	2425	167
9470	21	9455	167
135	18	854	167
2445	8	2446	167
9144	18	1035	167
2351	8	2350	167
680	18	9131	167
4764	19	1977	168
9144	18	1031	168
135	18	1470	168
6195	19	1991	168
680	18	9135	168
2351	8	2350	168
135	18	534	168
104	0	106	168
9144	18	9138	168
135	18	1081	168
9144	18	704	168
680	18	9134	168
2373	8	2374	168
680	18	9133	168
9144	18	687	168
4764	21	9462	168
25	0	27	168
9144	18	9139	168
3138	19	9157	168
25	0	26	168
69	0	70	168
9144	18	9140	168
1912	7	2181	168
2350	8	2351	168
2380	8	2379	168
135	18	854	168
9144	18	9137	168
2362	8	2361	168
2445	8	2446	168
7018	19	1991	168
2310	19	1991	168
9534	21	9465	168
135	18	2004	168
9141	18	1076	168
9144	18	698	168
2815	19	25	168
9144	18	1029	168
135	18	1591	168
9144	18	708	168
2424	8	2425	168
3409	21	9434	168
1866	19	1991	168
9144	18	9136	168
9162	19	948	168
135	18	438	168
680	18	9131	168
2361	8	2362	168
9470	21	9455	168
680	18	9132	168
9144	18	1041	168
3250	21	9434	168
2379	8	2380	168
9144	18	1035	168
680	18	9130	168
135	18	1426	168
9144	18	137	168
9144	18	9136	169
9141	18	1076	169
680	18	9134	169
9470	21	9455	169
2351	8	2350	169
680	18	9132	169
2379	8	2380	169
2361	8	2362	169
9144	18	1029	169
2318	8	2317	169
25	0	27	169
9144	18	137	169
9144	18	9138	169
135	18	1426	169
135	18	1591	169
6195	19	1991	169
680	18	9135	169
4764	19	1977	169
2373	8	2374	169
680	18	9133	169
680	18	9130	169
135	18	534	169
4764	21	9462	169
9144	18	9140	169
2350	8	2351	169
1912	7	2181	169
9144	18	1035	169
9144	18	9139	169
69	0	70	169
25	0	26	169
135	18	854	169
1866	19	1991	169
9162	19	948	169
9534	21	9465	169
9144	18	704	169
3138	19	9157	169
9144	18	9137	169
135	18	1470	169
9144	18	708	169
3409	21	9434	169
2815	19	25	169
2310	19	1991	169
135	18	1081	169
2445	8	2446	169
9144	18	1031	169
2362	8	2361	169
7018	19	1991	169
135	18	438	169
2380	8	2379	169
135	18	2004	169
680	18	9131	169
2317	8	2318	169
9144	18	1041	169
3250	21	9434	169
9144	18	698	169
9144	18	687	169
104	0	106	169
2424	8	2425	169
2317	8	2318	170
2815	19	25	170
135	18	438	170
680	18	9130	170
9534	21	9465	170
25	0	27	170
135	18	1470	170
9144	18	704	170
9144	18	9136	170
135	18	534	170
135	18	1426	170
9141	18	1076	170
2424	8	2425	170
135	18	2004	170
680	18	9135	170
9144	18	708	170
9144	18	687	170
680	18	9132	170
2373	8	2374	170
2351	8	2350	170
1866	19	1991	170
2362	8	2361	170
9144	18	137	170
104	0	106	170
680	18	9131	170
9144	18	9138	170
3250	21	9434	170
25	0	26	170
135	18	854	170
9144	18	9137	170
2380	8	2379	170
9144	18	9139	170
7018	19	1991	170
69	0	70	170
4764	19	1977	170
4764	21	9462	170
2361	8	2362	170
3138	19	9157	170
9162	19	948	170
135	18	1591	170
1912	7	2181	170
9144	18	1029	170
2350	8	2351	170
2445	8	2446	170
9144	18	9140	170
9470	21	9455	170
680	18	9133	170
680	18	9134	170
9144	18	1041	170
9144	18	1031	170
3409	21	9434	170
4392	21	9468	170
2379	8	2380	170
9144	18	698	170
6195	19	1991	170
9144	18	1035	170
2310	19	1991	170
2318	8	2317	170
135	18	1081	170
2445	8	2446	171
135	18	854	171
2362	8	2361	171
680	18	9133	171
2318	8	2317	171
135	18	438	171
9162	19	948	171
680	18	9132	171
2361	8	2362	171
680	18	9135	171
135	18	1591	171
2373	8	2374	171
9144	18	9138	171
104	0	106	171
9144	18	9140	171
1912	7	2181	171
3250	21	9434	171
2424	8	2425	171
6195	19	1991	171
9144	18	1029	171
9144	18	9136	171
9144	18	1031	171
25	0	26	171
135	18	1470	171
9144	18	708	171
9144	18	137	171
4764	19	1977	171
9144	18	1041	171
25	0	27	171
135	18	534	171
9144	18	687	171
2815	19	25	171
9534	21	9465	171
9144	18	9137	171
9470	21	9455	171
2351	8	2350	171
3409	21	9434	171
3138	19	9157	171
4764	21	9462	171
9144	18	1035	171
135	18	1426	171
9141	18	1076	171
2380	8	2379	171
680	18	9131	171
2317	8	2318	171
7018	19	1991	171
680	18	9134	171
9144	18	704	171
135	18	1081	171
9144	18	698	171
2379	8	2380	171
9144	18	9139	171
9505	21	9458	171
680	18	9130	171
135	18	2004	171
2310	19	1991	171
2350	8	2351	171
1866	19	1991	171
69	0	70	171
9144	18	1041	172
680	18	9130	172
2318	8	2317	172
9144	18	1035	172
2361	8	2362	172
9162	19	948	172
2424	8	2425	172
9144	18	704	172
2317	8	2318	172
680	18	9134	172
9144	18	137	172
135	18	534	172
135	18	438	172
3138	19	9157	172
9144	18	698	172
2362	8	2361	172
3250	21	9434	172
9144	18	9136	172
9144	18	1029	172
9144	18	9137	172
9534	21	9465	172
1866	19	1991	172
135	18	1426	172
135	18	1591	172
9470	21	9455	172
1912	7	2181	172
9144	18	708	172
2310	19	1991	172
69	0	70	172
135	18	1081	172
104	0	106	172
680	18	9133	172
680	18	9131	172
2815	19	25	172
25	0	27	172
9144	18	1031	172
6195	19	1991	172
2351	8	2350	172
4764	21	9462	172
135	18	854	172
2373	8	2374	172
9144	18	9139	172
680	18	9132	172
9141	18	1076	172
680	18	9135	172
135	18	2004	172
3409	21	9434	172
9144	18	9138	172
2350	8	2351	172
135	18	1470	172
2445	8	2446	172
25	0	26	172
4764	19	1977	172
7018	19	1991	172
9144	18	9140	172
9144	18	687	172
25	0	27	173
9141	18	1076	173
2445	8	2446	173
135	18	534	173
135	18	2004	173
2350	8	2351	173
69	0	70	173
9470	21	9455	173
2424	8	2425	173
135	18	1470	173
3138	19	9157	173
680	18	9132	173
9162	19	948	173
4764	21	9462	173
104	0	106	173
135	18	1081	173
9144	18	1041	173
9144	18	9138	173
2351	8	2350	173
1866	19	1991	173
680	18	9130	173
4764	19	1977	173
9531	21	9451	173
9144	18	9139	173
2361	8	2362	173
7018	19	1991	173
680	18	9135	173
135	18	1591	173
9144	18	9140	173
2318	8	2317	173
9144	18	704	173
9144	18	1035	173
2373	8	2374	173
2310	19	1991	173
9144	18	9136	173
9144	18	708	173
680	18	9134	173
3409	21	9434	173
2362	8	2361	173
25	0	26	173
1912	7	2181	173
9144	18	9137	173
9144	18	1029	173
135	18	854	173
135	18	1426	173
2815	19	25	173
3250	21	9434	173
2317	8	2318	173
9534	21	9465	173
680	18	9131	173
9144	18	137	173
9144	18	1031	173
680	18	9133	173
135	18	438	173
9144	18	698	173
9144	18	687	173
6195	19	1991	173
680	18	9130	174
2424	8	2425	174
9144	18	1041	174
680	18	9131	174
9534	21	9465	174
7018	19	1991	174
25	0	27	174
9144	18	687	174
9162	19	948	174
3138	19	9157	174
680	18	9133	174
135	18	1591	174
3409	21	9434	174
135	18	438	174
2287	8	2286	174
135	18	854	174
2362	8	2361	174
135	18	534	174
9144	18	1035	174
680	18	9135	174
2815	19	25	174
2350	8	2351	174
2373	8	2374	174
4764	19	1977	174
9144	18	9137	174
680	18	9132	174
135	18	1426	174
9141	18	1076	174
1866	19	1991	174
9144	18	704	174
104	0	106	174
69	0	70	174
135	18	1081	174
25	0	26	174
135	18	2004	174
2361	8	2362	174
9144	18	137	174
3250	21	9434	174
6195	19	1991	174
9144	18	9136	174
2310	19	1991	174
4764	21	9462	174
9144	18	9140	174
9144	18	1029	174
680	18	9134	174
9144	18	9139	174
135	18	1470	174
2445	8	2446	174
2351	8	2350	174
9144	18	698	174
9470	21	9455	174
9144	18	708	174
2286	8	2287	174
9144	18	9138	174
9144	18	1031	174
9162	19	948	175
7018	19	1991	175
9144	18	708	175
2351	8	2350	175
680	18	9135	175
6195	19	1991	175
9531	21	9457	175
2362	8	2361	175
135	18	1426	175
2815	19	25	175
2310	19	1991	175
2424	8	2425	175
680	18	9132	175
9144	18	137	175
9144	18	9138	175
3138	19	9157	175
3250	21	9434	175
135	18	534	175
9144	18	1041	175
680	18	9131	175
1866	19	1991	175
25	0	26	175
9144	18	9136	175
9144	18	9137	175
69	0	70	175
4764	21	9462	175
9144	18	1029	175
2445	8	2446	175
3409	21	9434	175
135	18	2004	175
9534	21	9465	175
25	0	27	175
680	18	9134	175
9144	18	704	175
135	18	1470	175
2361	8	2362	175
135	18	1081	175
2286	8	2287	175
9144	18	687	175
2350	8	2351	175
135	18	854	175
680	18	9133	175
9144	18	9140	175
9144	18	9139	175
104	0	106	175
135	18	1591	175
9144	18	698	175
9144	18	1035	175
135	18	438	175
2373	8	2374	175
9144	18	1031	175
2287	8	2286	175
680	18	9130	175
9141	18	1076	175
9470	21	9455	175
4764	19	1977	175
680	18	9130	176
9144	18	9139	176
104	0	106	176
135	18	854	176
135	18	534	176
9144	18	708	176
3409	21	9434	176
3138	19	9157	176
2287	8	2286	176
680	18	9133	176
9144	18	9137	176
9162	19	948	176
9144	18	9138	176
25	0	27	176
9144	18	1029	176
7018	19	1991	176
69	0	70	176
680	18	9131	176
135	18	1591	176
135	18	1470	176
3250	21	9434	176
2361	8	2362	176
2350	8	2351	176
9534	21	9465	176
2424	8	2425	176
135	18	1081	176
9144	18	1041	176
2310	19	1991	176
9144	18	1031	176
25	0	26	176
9144	18	137	176
680	18	9132	176
2815	19	25	176
4764	19	1977	176
9144	18	698	176
9141	18	1076	176
1866	19	1991	176
135	18	2004	176
9144	18	9140	176
2445	8	2446	176
2318	8	2440	176
2362	8	2361	176
9144	18	9136	176
680	18	9134	176
135	18	438	176
9144	18	704	176
6195	19	1991	176
135	18	1426	176
2440	8	2318	176
680	18	9135	176
2351	8	2350	176
2373	8	2374	176
9470	21	9455	176
2286	8	2287	176
9144	18	1035	176
4764	21	9462	176
9144	18	687	176
2351	8	2350	177
2286	8	2287	177
9144	18	1031	177
2440	8	2318	177
2350	8	2351	177
9144	18	9137	177
25	0	27	177
2362	8	2361	177
6195	19	1991	177
135	18	1081	177
135	18	534	177
2373	8	2374	177
1866	19	1991	177
135	18	1591	177
9144	18	698	177
9144	18	9138	177
2445	8	2446	177
2318	8	2440	177
2361	8	2362	177
680	18	9130	177
9144	18	9139	177
135	18	438	177
2310	19	1991	177
9144	18	687	177
9144	18	1029	177
9144	18	704	177
9534	21	9465	177
9162	19	948	177
104	0	106	177
680	18	9134	177
9470	21	9455	177
680	18	9135	177
9144	18	9140	177
680	18	9132	177
9144	18	1041	177
9141	18	1076	177
135	18	854	177
680	18	9133	177
135	18	2004	177
7018	19	1991	177
3840	21	9468	177
25	0	26	177
3250	21	9434	177
135	18	1470	177
9144	18	9136	177
2287	8	2286	177
135	18	1426	177
9144	18	1035	177
2424	8	2425	177
69	0	70	177
4764	21	9462	177
2815	19	25	177
9144	18	708	177
4764	19	1977	177
680	18	9131	177
9144	18	137	177
3138	19	9157	177
9144	18	1031	178
2287	8	2286	178
2815	19	25	178
135	18	1081	178
135	18	1426	178
135	18	1470	178
4764	19	1977	178
69	0	70	178
135	18	1591	178
2362	8	2361	178
104	0	106	178
9144	18	9138	178
680	18	9134	178
9470	21	9455	178
9144	18	9136	178
9144	18	1029	178
9144	18	1035	178
2361	8	2362	178
135	18	438	178
2373	8	2374	178
680	18	9131	178
2445	8	2446	178
7018	19	1991	178
3138	19	9157	178
25	0	26	178
9144	18	137	178
680	18	9135	178
9144	18	9140	178
9144	18	704	178
4764	21	9462	178
9534	21	9465	178
2318	8	2440	178
9141	18	1076	178
135	18	854	178
2351	8	2350	178
9144	18	9139	178
9144	18	698	178
680	18	9133	178
1866	19	1991	178
2350	8	2351	178
135	18	534	178
2310	19	1991	178
9144	18	687	178
3250	21	9434	178
9144	18	1041	178
25	0	27	178
135	18	2004	178
680	18	9130	178
680	18	9132	178
2424	8	2425	178
9144	18	9137	178
2286	8	2287	178
6195	19	1991	178
9144	18	708	178
9162	19	948	178
2440	8	2318	178
135	18	1470	179
9141	18	1076	179
2440	8	2318	179
4764	19	1977	179
2287	8	2286	179
135	18	2004	179
135	18	854	179
2445	8	2446	179
3250	21	9434	179
9144	18	704	179
135	18	438	179
680	18	9134	179
1866	19	1991	179
135	18	1081	179
3138	19	9157	179
135	18	534	179
680	18	9131	179
9144	18	1029	179
3313	21	9434	179
9534	21	9465	179
25	0	27	179
9144	18	9136	179
9144	18	698	179
6195	19	1991	179
9144	18	1035	179
9144	18	9138	179
2350	8	2351	179
135	18	1591	179
9144	18	9140	179
2362	8	2361	179
2310	19	1991	179
9144	18	1031	179
9144	18	708	179
4764	21	9462	179
680	18	9133	179
2373	8	2374	179
25	0	26	179
9470	21	9455	179
7018	19	1991	179
680	18	9135	179
69	0	70	179
9144	18	9139	179
104	0	106	179
2361	8	2362	179
9144	18	1041	179
9144	18	137	179
2286	8	2287	179
2815	19	25	179
9144	18	9137	179
2424	8	2425	179
9162	19	948	179
680	18	9132	179
9144	18	687	179
680	18	9130	179
2351	8	2350	179
2318	8	2440	179
135	18	1426	179
3250	21	9434	180
135	18	1470	180
2318	8	2440	180
135	18	1591	180
680	18	9132	180
3313	21	9434	180
680	18	9130	180
104	0	106	180
9144	18	708	180
2400	8	2401	180
6195	19	1991	180
3138	19	9157	180
25	0	26	180
9144	18	687	180
135	18	1426	180
2440	8	2318	180
135	18	1081	180
2424	8	2425	180
9534	21	9465	180
680	18	9131	180
25	0	27	180
7018	19	1991	180
2310	19	1991	180
9144	18	1041	180
9144	18	1035	180
9144	18	1031	180
135	18	2004	180
9144	18	137	180
9144	18	1029	180
9144	18	9139	180
680	18	9134	180
9144	18	9138	180
2286	8	2287	180
9144	18	704	180
680	18	9133	180
9144	18	9140	180
9141	18	1076	180
4764	21	9462	180
9470	21	9455	180
680	18	9135	180
1866	19	1991	180
2373	8	2374	180
135	18	534	180
135	18	854	180
2445	8	2446	180
2350	8	2351	180
9162	19	948	180
2287	8	2286	180
9144	18	9137	180
4764	19	1977	180
2362	8	2361	180
2815	19	25	180
135	18	438	180
9144	18	9136	180
69	0	70	180
2351	8	2350	180
9144	18	698	180
2361	8	2362	180
2287	8	2286	181
9144	18	9136	181
135	18	438	181
2278	8	2277	181
6195	19	1991	181
1866	19	1991	181
135	18	602	181
4764	21	9462	181
2318	8	2440	181
9144	18	137	181
680	18	9134	181
9162	19	948	181
25	0	26	181
3313	21	9434	181
9470	21	9455	181
680	18	9133	181
135	18	9134	181
2373	8	2374	181
135	18	2004	181
4764	19	1977	181
135	18	9132	181
9144	18	1031	181
2445	8	2446	181
135	18	1426	181
2440	8	2318	181
9534	21	9465	181
2310	19	1991	181
9141	18	1076	181
9144	18	1041	181
4147	19	1935	181
2424	8	2425	181
9144	18	9140	181
680	18	9135	181
680	18	9130	181
135	18	1468	181
9144	18	704	181
680	18	9132	181
9144	18	1035	181
135	18	9131	181
135	18	1014	181
135	18	9135	181
104	0	106	181
2277	8	2278	181
135	18	9133	181
69	0	70	181
9144	18	687	181
2362	8	2361	181
2286	8	2287	181
2361	8	2362	181
135	18	954	181
2400	8	2401	181
2350	8	2351	181
3138	19	9157	181
135	18	534	181
9144	18	1029	181
9144	18	708	181
25	0	27	181
135	18	1470	181
9144	18	698	181
9144	18	9139	181
135	18	1081	181
135	18	854	181
135	18	9130	181
9144	18	9137	181
3250	21	9434	181
135	18	1591	181
680	18	9131	181
135	18	1013	181
7018	19	1991	181
2815	19	25	181
9144	18	9138	181
2351	8	2350	181
2361	8	2362	182
25	0	26	182
9144	18	9139	182
135	18	2004	182
2350	8	2351	182
9531	21	9442	182
9144	18	704	182
9144	18	137	182
9144	18	1031	182
9470	21	9455	182
135	18	9135	182
4764	21	9462	182
2310	19	1991	182
2815	19	25	182
4764	19	1977	182
135	18	9134	182
69	0	70	182
9144	18	698	182
135	18	1081	182
6195	19	1991	182
1866	19	1991	182
135	18	602	182
2400	8	2401	182
135	18	1470	182
135	18	1468	182
9144	18	708	182
4147	19	1935	182
2424	8	2425	182
135	18	1426	182
135	18	854	182
135	18	9131	182
135	18	1013	182
2318	8	2440	182
135	18	9133	182
9144	18	687	182
135	18	1014	182
3138	19	9157	182
135	18	1591	182
135	18	9130	182
2362	8	2361	182
9144	18	9137	182
9534	21	9465	182
9144	18	9140	182
135	18	438	182
9162	19	948	182
3250	21	9434	182
2440	8	2318	182
104	0	106	182
25	0	27	182
9456	21	9458	182
9141	18	1076	182
135	18	534	182
2278	8	2277	182
2351	8	2350	182
135	18	954	182
9144	18	9136	182
2373	8	2374	182
9144	18	1029	182
7018	19	1991	182
2445	8	2446	182
2277	8	2278	182
9144	18	1041	182
2286	8	2287	182
135	18	9132	182
2287	8	2286	182
9144	18	1035	182
9144	18	9138	182
9144	18	1031	183
2400	8	2401	183
104	0	106	183
9141	18	1076	183
2351	8	2350	183
7018	19	1991	183
4764	21	9462	183
2815	19	25	183
135	18	9133	183
135	18	1013	183
9470	21	9455	183
135	18	9135	183
1866	19	1991	183
2445	8	2446	183
135	18	1014	183
135	18	1470	183
135	18	9132	183
135	18	9131	183
2349	8	2348	183
9162	19	948	183
2373	8	2374	183
135	18	9134	183
135	18	602	183
135	18	438	183
2287	8	2286	183
135	18	1426	183
135	18	534	183
135	18	2004	183
2278	8	2277	183
4764	19	1977	183
2318	8	2440	183
9144	18	9136	183
9144	18	708	183
2286	8	2287	183
6195	19	1991	183
135	18	9130	183
135	18	854	183
9144	18	9137	183
9144	18	687	183
135	18	1081	183
4147	19	1935	183
3250	21	9434	183
9144	18	1029	183
9144	18	137	183
69	0	70	183
2310	19	1991	183
9144	18	704	183
9144	18	1035	183
9144	18	1041	183
135	18	1468	183
135	18	1591	183
2350	8	2351	183
2362	8	2361	183
9144	18	9140	183
25	0	26	183
9534	21	9465	183
2277	8	2278	183
135	18	954	183
2361	8	2362	183
9144	18	698	183
2424	8	2425	183
25	0	27	183
2348	8	2349	183
2440	8	2318	183
9144	18	9138	183
9144	18	9139	183
135	18	1591	184
3250	21	9434	184
69	0	70	184
135	18	9134	184
135	18	1470	184
135	18	1014	184
9144	18	1031	184
2310	19	1991	184
25	0	26	184
2362	8	2361	184
9162	19	948	184
1866	19	1991	184
9141	18	1076	184
2445	8	2446	184
135	18	9133	184
25	0	27	184
9444	21	9447	184
135	18	534	184
9144	18	1041	184
2400	8	2401	184
2348	8	2349	184
2373	8	2374	184
2318	8	2440	184
135	18	9131	184
2277	8	2278	184
2349	8	2348	184
9144	18	9139	184
9144	18	1035	184
9144	18	137	184
9144	18	9136	184
4147	19	1935	184
9470	21	9455	184
9534	21	9465	184
135	18	1081	184
4764	21	9462	184
9144	18	708	184
9515	21	9451	184
2278	8	2277	184
9522	21	9451	184
135	18	954	184
135	18	438	184
135	18	854	184
2351	8	2350	184
2440	8	2318	184
135	18	1468	184
6195	19	1991	184
7018	19	1991	184
9144	18	1029	184
135	18	9132	184
135	18	2004	184
135	18	9130	184
2361	8	2362	184
2286	8	2287	184
2350	8	2351	184
9144	18	698	184
9144	18	9138	184
135	18	1426	184
135	18	602	184
2287	8	2286	184
9144	18	9140	184
9144	18	687	184
9144	18	704	184
9144	18	9137	184
4764	19	1977	184
104	0	106	184
135	18	9135	184
2424	8	2425	184
2815	19	25	184
135	18	1013	184
135	18	1468	185
9144	18	687	185
9144	18	137	185
9444	21	9440	185
9144	18	9137	185
135	18	1591	185
6195	19	1991	185
2310	19	1991	185
9144	18	9136	185
2318	8	2440	185
135	18	1426	185
104	0	106	185
2348	8	2349	185
4764	19	1977	185
9534	21	9465	185
2349	8	2348	185
135	18	534	185
9144	18	704	185
2351	8	2350	185
135	18	9130	185
2440	8	2318	185
3250	21	9434	185
135	18	1013	185
9144	18	1035	185
135	18	602	185
2361	8	2362	185
135	18	1014	185
69	0	70	185
2286	8	2287	185
9162	19	948	185
2287	8	2286	185
135	18	9133	185
9144	18	708	185
7018	19	1991	185
2445	8	2446	185
9144	18	9139	185
4764	21	9462	185
2277	8	2278	185
9144	18	9138	185
135	18	954	185
1866	19	1991	185
25	0	27	185
25	0	26	185
135	18	9135	185
2278	8	2277	185
135	18	438	185
2424	8	2425	185
2373	8	2374	185
9470	21	9455	185
135	18	9134	185
135	18	2004	185
2362	8	2361	185
2400	8	2401	185
135	18	9132	185
9144	18	9140	185
135	18	854	185
9144	18	1029	185
135	18	1081	185
135	18	1470	185
9144	18	1031	185
9144	18	698	185
9144	18	1041	185
2815	19	25	185
9141	18	1076	185
4147	19	1935	185
2350	8	2351	185
135	18	9131	185
135	18	1591	186
9144	18	137	186
9144	18	1029	186
135	18	9133	186
9144	18	9137	186
135	18	954	186
9144	18	9136	186
2287	8	2286	186
135	18	602	186
9144	18	698	186
25	0	26	186
135	18	9130	186
2400	8	2401	186
135	18	1013	186
2424	8	2425	186
2277	8	2278	186
2815	19	25	186
9162	19	948	186
104	0	106	186
135	18	9135	186
2361	8	2362	186
4764	21	9462	186
135	18	534	186
2286	8	2287	186
135	18	9132	186
9144	18	9139	186
9144	18	9140	186
135	18	1014	186
135	18	2004	186
9144	18	704	186
2318	8	2440	186
4147	19	1935	186
9144	18	687	186
2373	8	2374	186
9144	18	1031	186
9470	21	9455	186
9144	18	708	186
2445	8	2446	186
4764	19	1977	186
135	18	854	186
2349	8	2348	186
2362	8	2361	186
2351	8	2350	186
2348	8	2349	186
135	18	1426	186
135	18	9134	186
69	0	70	186
9144	18	9138	186
2310	19	1991	186
9144	18	1041	186
135	18	438	186
135	18	1470	186
9534	21	9465	186
135	18	9131	186
135	18	1081	186
135	18	1468	186
1866	19	1991	186
2440	8	2318	186
25	0	27	186
3250	21	9434	186
6195	19	1991	186
9141	18	1076	186
7018	19	1991	186
9144	18	1035	186
2350	8	2351	186
2278	8	2277	186
9522	21	9457	186
9162	19	948	187
2351	8	2350	187
2440	8	2318	187
2318	8	2440	187
135	18	9134	187
2286	8	2287	187
135	18	9131	187
9141	18	1076	187
135	18	954	187
135	18	9132	187
9144	18	9137	187
135	18	1426	187
3250	21	9434	187
2278	8	2277	187
2287	8	2286	187
135	18	534	187
2362	8	2361	187
2361	8	2362	187
9470	21	9455	187
104	0	106	187
135	18	9130	187
135	18	438	187
135	18	854	187
2373	8	2374	187
2445	8	2446	187
2400	8	2401	187
9144	18	704	187
6195	19	1991	187
9144	18	9138	187
9144	18	9140	187
9144	18	698	187
2424	8	2425	187
25	0	27	187
9144	18	9139	187
4764	21	9462	187
9144	18	1035	187
2350	8	2351	187
9144	18	708	187
9144	18	687	187
9534	21	9465	187
9144	18	1041	187
135	18	602	187
135	18	1468	187
2348	8	2349	187
135	18	1014	187
4764	19	1977	187
1866	19	1991	187
25	0	26	187
2815	19	25	187
9144	18	1031	187
135	18	2004	187
2310	19	1991	187
135	18	9135	187
2349	8	2348	187
135	18	1081	187
135	18	1013	187
9144	18	1029	187
7018	19	1991	187
2277	8	2278	187
9144	18	137	187
4147	19	1935	187
135	18	1470	187
69	0	70	187
135	18	9133	187
135	18	1591	187
9144	18	9136	187
135	18	854	188
135	18	1591	188
25	0	26	188
9144	18	708	188
9144	18	687	188
9144	18	9138	188
2350	8	2351	188
2361	8	2362	188
69	0	70	188
9144	18	1031	188
2351	8	2350	188
9144	18	1029	188
9144	18	9139	188
135	18	954	188
104	0	106	188
1866	19	1991	188
135	18	602	188
2440	8	2318	188
2318	8	2440	188
135	18	9130	188
7018	19	1991	188
135	18	438	188
9144	18	1035	188
135	18	1426	188
9144	18	9140	188
135	18	9134	188
2287	8	2286	188
4147	19	1935	188
2445	8	2446	188
2286	8	2287	188
9144	18	704	188
9470	21	9455	188
135	18	2004	188
9144	18	9137	188
9144	18	698	188
9144	18	9136	188
3250	21	9434	188
9144	18	1041	188
135	18	1081	188
135	18	9131	188
135	18	534	188
9141	18	1076	188
2310	19	1991	188
2815	19	25	188
2424	8	2425	188
2362	8	2361	188
9162	19	948	188
25	0	27	188
135	18	1468	188
9534	21	9465	188
135	18	1470	188
135	18	1013	188
6195	19	1991	188
135	18	1014	188
9144	18	137	188
2373	8	2374	188
4764	21	9462	188
2278	8	2277	188
135	18	9135	188
4764	19	1977	188
135	18	9133	188
2277	8	2278	188
135	18	9132	188
9144	18	137	189
135	18	2004	189
135	18	9135	189
9144	18	9136	189
25	0	27	189
135	18	1014	189
135	18	9133	189
135	18	1426	189
9534	21	9465	189
2440	8	2318	189
135	18	9132	189
135	18	1081	189
2287	8	2286	189
2350	8	2351	189
9144	18	708	189
9144	18	704	189
9144	18	698	189
2445	8	2446	189
2318	8	2440	189
2361	8	2362	189
9144	18	9139	189
9144	18	9137	189
9144	18	1035	189
7018	19	1991	189
135	18	534	189
135	18	9130	189
2278	8	2277	189
135	18	9134	189
4764	19	1977	189
9141	18	1076	189
135	18	854	189
6195	19	1991	189
4764	21	9462	189
135	18	1468	189
2815	19	25	189
2424	8	2425	189
9162	19	948	189
104	0	106	189
135	18	1591	189
135	18	1470	189
9144	18	1029	189
2373	8	2374	189
135	18	602	189
9144	18	1041	189
9144	18	9140	189
9144	18	687	189
9144	18	9138	189
69	0	70	189
9515	21	9457	189
2362	8	2361	189
2395	8	2394	189
1866	19	1991	189
25	0	26	189
9144	18	1031	189
135	18	438	189
3250	21	9434	189
2395	21	9462	189
135	18	1013	189
2310	19	1991	189
4147	19	1935	189
135	18	954	189
2394	8	2395	189
2277	8	2278	189
2351	8	2350	189
135	18	9131	189
9522	21	9442	189
2286	8	2287	189
9470	21	9455	189
2395	8	2394	190
2351	8	2350	190
9144	18	1035	190
2318	8	2440	190
9144	18	698	190
2286	8	2287	190
135	18	9135	190
135	18	534	190
135	18	2004	190
135	18	9133	190
2815	19	25	190
104	0	106	190
9141	18	1076	190
6195	19	1991	190
4764	21	9462	190
2361	8	2362	190
4147	19	1935	190
9144	18	137	190
135	18	9134	190
9144	18	9136	190
2445	8	2446	190
25	0	26	190
9144	18	1029	190
135	18	1014	190
9470	21	9455	190
2277	8	2278	190
2395	21	9462	190
9144	18	708	190
69	0	70	190
9144	18	1031	190
135	18	1426	190
2350	8	2351	190
135	18	9131	190
2424	8	2425	190
135	18	602	190
9144	18	9137	190
25	0	27	190
2373	8	2374	190
1912	7	2180	190
135	18	1013	190
3250	21	9434	190
2362	8	2361	190
9534	21	9465	190
9144	18	9139	190
9144	18	1041	190
2440	8	2318	190
135	18	854	190
9144	18	9138	190
9144	18	9140	190
2278	8	2277	190
2310	19	1991	190
135	18	438	190
135	18	9130	190
135	18	1468	190
135	18	954	190
9162	19	948	190
135	18	9132	190
7018	19	1991	190
9144	18	704	190
9144	18	687	190
135	18	1470	190
2394	8	2395	190
135	18	1081	190
2287	8	2286	190
135	18	1591	190
4764	19	1977	190
135	18	1013	191
4764	21	9462	191
135	18	954	191
6195	19	1991	191
9515	21	9442	191
9141	18	1076	191
4147	19	1935	191
1912	7	2180	191
2424	8	2425	191
2395	8	2394	191
135	18	1591	191
3250	21	9434	191
2394	8	2395	191
9144	18	698	191
25	0	26	191
135	18	9134	191
135	18	854	191
9144	18	9138	191
135	18	1470	191
135	18	1081	191
9144	18	1031	191
9144	18	1035	191
9144	18	137	191
9144	18	687	191
135	18	1468	191
2362	8	2361	191
9470	21	9455	191
9162	19	948	191
2373	8	2374	191
135	18	1426	191
135	18	9131	191
2318	8	2440	191
135	18	9130	191
2395	21	9462	191
135	18	2004	191
9144	18	9140	191
2361	8	2362	191
135	18	438	191
9144	18	1041	191
135	18	534	191
9144	18	9139	191
135	18	9132	191
2395	21	9511	191
135	18	1014	191
2286	8	2287	191
9144	18	9136	191
69	0	70	191
25	0	27	191
2445	8	2446	191
2350	8	2351	191
2310	19	1991	191
135	18	9135	191
2440	8	2318	191
2351	8	2350	191
9144	18	9137	191
2278	8	2277	191
2815	19	25	191
104	0	106	191
9144	18	704	191
2277	8	2278	191
9534	21	9465	191
7018	19	1991	191
9144	18	1029	191
135	18	9133	191
4764	19	1977	191
135	18	602	191
9144	18	708	191
2287	8	2286	191
135	18	9133	192
9470	21	9455	192
6195	19	1991	192
2350	8	2351	192
3250	21	9434	192
9141	18	1076	192
9144	18	1041	192
135	18	9131	192
2278	8	2277	192
2286	8	2287	192
9144	18	704	192
135	18	9132	192
2287	8	2286	192
2424	8	2425	192
135	18	9134	192
135	18	854	192
9459	21	9451	192
2362	8	2361	192
2395	21	9462	192
2318	8	2440	192
135	18	9130	192
135	18	1426	192
9144	18	137	192
9144	18	1029	192
9144	18	9140	192
135	18	1013	192
9144	18	9138	192
4764	19	1977	192
9144	18	1031	192
9144	18	9136	192
4147	19	1935	192
2445	8	2446	192
135	18	534	192
9144	18	1035	192
2310	19	1991	192
135	18	1014	192
2440	8	2318	192
2361	8	2362	192
2394	8	2395	192
135	18	9135	192
2351	8	2350	192
135	18	602	192
135	18	2004	192
135	18	1081	192
8529	19	1993	192
9534	21	9465	192
135	18	438	192
9144	18	708	192
9144	18	9137	192
2395	8	2394	192
4764	21	9462	192
25	0	26	192
9144	18	698	192
135	18	954	192
104	0	106	192
135	18	1470	192
1912	7	2180	192
2373	8	2374	192
9162	19	948	192
69	0	70	192
7018	19	1991	192
135	18	1468	192
2815	19	25	192
2277	8	2278	192
25	0	27	192
135	18	1591	192
9144	18	9139	192
9144	18	687	192
135	18	1591	193
9144	18	9137	193
2362	8	2361	193
9141	18	1076	193
8529	19	1993	193
9144	18	137	193
104	0	106	193
2351	8	2350	193
9144	18	1035	193
3250	21	9434	193
2350	8	2351	193
135	18	1014	193
9144	18	687	193
9144	18	9136	193
9495	21	9451	193
135	18	9133	193
4764	19	1977	193
2277	8	2278	193
25	0	26	193
9144	18	1041	193
4764	21	9462	193
2445	8	2446	193
2815	19	25	193
9144	18	708	193
135	18	9130	193
2395	21	9462	193
2373	8	2374	193
9144	18	698	193
9512	21	9451	193
9144	18	9140	193
4147	19	1935	193
135	18	1081	193
1912	7	2180	193
9144	18	704	193
135	18	1013	193
135	18	9131	193
9144	18	1031	193
25	0	27	193
2286	8	2287	193
69	0	70	193
135	18	438	193
135	18	9134	193
135	18	9135	193
135	18	1470	193
2361	8	2362	193
6195	19	1991	193
9144	18	9139	193
9534	21	9465	193
135	18	1468	193
135	18	854	193
135	18	2004	193
9162	19	948	193
135	18	1426	193
2278	8	2277	193
2395	8	2394	193
2424	8	2425	193
135	18	602	193
2318	8	2440	193
2310	19	1991	193
135	18	534	193
9470	21	9455	193
2440	8	2318	193
2287	8	2286	193
135	18	9132	193
7018	19	1991	193
135	18	954	193
9144	18	1029	193
2394	8	2395	193
9144	18	9138	193
2393	8	2392	194
4147	19	1935	194
6195	19	1991	194
2373	8	2374	194
135	18	438	194
2440	8	2318	194
135	18	854	194
2394	8	2395	194
9144	18	137	194
2445	8	2446	194
9144	18	687	194
69	0	70	194
135	18	534	194
135	18	1591	194
135	18	1081	194
135	18	9133	194
135	18	9131	194
9144	18	1031	194
9144	18	9137	194
9144	18	1029	194
4764	21	9462	194
1912	7	2180	194
2278	8	2277	194
2350	8	2351	194
4604	21	9468	194
135	18	1426	194
9144	18	9138	194
9512	21	9457	194
2395	8	2394	194
135	18	2004	194
9144	18	698	194
104	0	106	194
135	18	9134	194
2448	8	2462	194
4565	21	9468	194
9162	19	948	194
8529	19	1993	194
2815	19	25	194
2310	19	1991	194
2462	8	2448	194
4764	19	1977	194
2351	8	2350	194
9144	18	1041	194
135	18	9130	194
135	18	954	194
9144	18	9136	194
2424	8	2425	194
135	18	9135	194
2395	21	9462	194
9144	18	704	194
135	18	9132	194
9141	18	1076	194
135	18	1470	194
9144	18	708	194
25	0	26	194
135	18	1014	194
2287	8	2286	194
135	18	1013	194
9144	18	1035	194
135	18	602	194
25	0	27	194
135	18	1468	194
9470	21	9455	194
9534	21	9465	194
9144	18	9140	194
7018	19	1991	194
2286	8	2287	194
2318	8	2440	194
2277	8	2278	194
2361	8	2362	194
2392	8	2393	194
2362	8	2361	194
9144	18	9139	194
3250	21	9434	194
6195	19	1991	195
2448	8	2462	195
9144	18	9140	195
9144	18	698	195
25	0	26	195
135	18	954	195
2351	8	2350	195
135	18	1081	195
9144	18	9139	195
9470	21	9455	195
2815	19	25	195
9144	18	704	195
2462	8	2448	195
8529	19	1993	195
4764	21	9462	195
7018	19	1991	195
135	18	1470	195
135	18	9134	195
135	18	9130	195
135	18	534	195
135	18	438	195
9144	18	9137	195
2395	21	9462	195
135	18	602	195
2286	8	2287	195
3250	21	9434	195
9144	18	1035	195
2393	8	2392	195
9144	18	9138	195
9526	21	9451	195
4147	19	1935	195
2362	8	2361	195
135	18	1426	195
4764	19	1977	195
135	18	1591	195
2350	8	2351	195
9144	18	708	195
2361	8	2362	195
25	0	27	195
2445	8	2446	195
9144	18	1029	195
9144	18	9136	195
9459	21	9457	195
104	0	106	195
9534	21	9465	195
2395	8	2394	195
135	18	1468	195
135	18	9131	195
135	18	2004	195
135	18	9133	195
9144	18	137	195
2287	8	2286	195
135	18	1013	195
2440	8	2318	195
9144	18	1031	195
9162	19	948	195
9144	18	1041	195
135	18	9132	195
2318	8	2440	195
2424	8	2425	195
9144	18	687	195
1912	7	2180	195
69	0	70	195
9141	18	1076	195
135	18	1014	195
135	18	854	195
135	18	9135	195
2394	8	2395	195
2392	8	2393	195
2373	8	2374	195
2310	19	1991	195
2440	8	2318	196
2395	21	9462	196
9144	18	1031	196
2286	8	2287	196
135	18	1470	196
9144	18	708	196
135	18	9134	196
135	18	9130	196
2287	8	2286	196
104	0	106	196
2815	19	25	196
2351	8	2350	196
135	18	9131	196
69	0	70	196
2404	8	2405	196
9144	18	9140	196
9144	18	1029	196
2424	8	2425	196
135	18	2004	196
4764	19	1977	196
9144	18	1035	196
135	18	1014	196
2405	8	2404	196
3250	21	9434	196
135	18	854	196
9141	18	1076	196
135	18	438	196
135	18	9133	196
2318	8	2440	196
9144	18	137	196
9470	21	9455	196
2373	8	2374	196
2395	8	2394	196
2361	8	2362	196
9144	18	9139	196
8529	19	1993	196
135	18	1468	196
7018	19	1991	196
9144	18	1041	196
135	18	1013	196
2394	8	2395	196
135	18	9135	196
135	18	1081	196
9534	21	9465	196
4147	19	1935	196
9144	18	9137	196
9144	18	698	196
135	18	602	196
2350	8	2351	196
4764	21	9462	196
9144	18	9138	196
2393	8	2392	196
135	18	534	196
6195	19	1991	196
135	18	1591	196
9144	18	687	196
9144	18	9136	196
25	0	27	196
9144	18	704	196
2462	8	2448	196
9162	19	948	196
135	18	954	196
2445	8	2446	196
25	0	26	196
2362	8	2361	196
135	18	9132	196
2392	8	2393	196
135	18	1426	196
2448	8	2462	196
2440	8	2318	197
9144	18	698	197
135	18	9132	197
7018	19	1991	197
2405	8	2404	197
135	18	1426	197
2404	8	2405	197
2351	8	2350	197
9141	18	1076	197
25	0	27	197
25	0	26	197
9144	18	1035	197
135	18	854	197
135	18	1591	197
135	18	9131	197
2815	19	25	197
2287	8	2286	197
2395	8	2394	197
135	18	954	197
135	18	438	197
9144	18	1029	197
135	18	9130	197
135	18	1014	197
9144	18	687	197
9144	18	137	197
4764	19	1977	197
2361	8	2362	197
9534	21	9465	197
2448	8	2462	197
8529	19	1993	197
135	18	534	197
135	18	9135	197
2445	8	2446	197
2462	8	2448	197
9144	18	1041	197
9144	18	9140	197
2292	8	2293	197
135	18	1468	197
9144	18	9138	197
135	18	602	197
104	0	106	197
9144	18	1031	197
2424	8	2425	197
135	18	2004	197
2394	8	2395	197
6195	19	1991	197
2350	8	2351	197
2286	8	2287	197
9144	18	9137	197
135	18	1470	197
9162	19	948	197
69	0	70	197
9144	18	704	197
2393	8	2392	197
9144	18	708	197
2373	8	2374	197
3250	21	9434	197
2318	8	2440	197
2395	21	9462	197
2362	8	2361	197
9144	18	9136	197
4147	19	1935	197
9144	18	9139	197
135	18	1081	197
135	18	1013	197
9470	21	9455	197
4764	21	9462	197
135	18	9133	197
135	18	9134	197
135	18	1468	198
135	18	9131	198
2287	8	2286	198
9526	21	9457	198
9144	18	137	198
9144	18	9140	198
135	18	9133	198
135	18	1591	198
135	18	1426	198
135	18	854	198
9144	18	704	198
135	18	9130	198
9144	18	1031	198
135	18	1081	198
135	18	534	198
135	18	602	198
2395	8	2394	198
135	18	9135	198
104	0	106	198
9144	18	1035	198
2286	8	2287	198
6195	19	1991	198
4147	19	1935	198
9144	18	687	198
135	18	9134	198
2424	8	2425	198
2351	8	2350	198
25	0	27	198
135	18	438	198
9144	18	1029	198
2362	8	2361	198
9144	18	9137	198
2350	8	2351	198
9144	18	1041	198
2361	8	2362	198
9144	18	698	198
7018	19	1991	198
9144	18	9139	198
2395	21	9462	198
2405	8	2404	198
3250	21	9434	198
2292	8	2293	198
9144	18	9138	198
69	0	70	198
8529	19	1993	198
9162	19	948	198
135	18	9132	198
2445	8	2446	198
135	18	1013	198
25	0	26	198
4764	21	9462	198
2394	8	2395	198
2404	8	2405	198
2462	8	2448	198
2815	19	25	198
135	18	1470	198
135	18	954	198
4764	19	1977	198
2318	8	2440	198
9144	18	708	198
9534	21	9465	198
9144	18	9136	198
2448	8	2462	198
9141	18	1076	198
2373	8	2374	198
2440	8	2318	198
135	18	2004	198
135	18	1014	198
9470	21	9455	198
135	18	1591	199
9162	19	948	199
135	18	9131	199
135	18	9134	199
9144	18	9140	199
2462	8	2448	199
135	18	9133	199
9144	18	698	199
7018	19	1991	199
9144	18	1029	199
4764	19	1977	199
135	18	534	199
2440	8	2318	199
135	18	1014	199
9144	18	708	199
9144	18	9139	199
9144	18	1035	199
9495	21	9457	199
2361	8	2362	199
135	18	2004	199
135	18	438	199
2395	8	2394	199
9144	18	704	199
135	18	9132	199
2292	8	2293	199
4230	21	9462	199
9144	18	687	199
2424	8	2425	199
2350	8	2351	199
104	0	106	199
135	18	954	199
9144	18	9138	199
25	0	27	199
6195	19	1991	199
9144	18	1041	199
2815	19	25	199
4764	21	9462	199
2404	8	2405	199
8529	19	1993	199
2286	8	2287	199
135	18	1426	199
9144	18	9137	199
135	18	1468	199
135	18	1013	199
135	18	9135	199
2448	8	2462	199
135	18	9130	199
2318	8	2440	199
2362	8	2361	199
9144	18	1031	199
9470	21	9455	199
2373	8	2374	199
4147	19	1935	199
2445	8	2446	199
25	0	26	199
9144	18	9136	199
2287	8	2286	199
135	18	1081	199
135	18	602	199
135	18	854	199
2351	8	2350	199
2394	8	2395	199
69	0	70	199
9141	18	1076	199
2405	8	2404	199
3250	21	9434	199
9534	21	9465	199
135	18	1470	199
2395	21	9462	199
9144	18	137	199
2815	19	25	200
135	18	1013	200
2350	8	2351	200
9144	18	704	200
2394	8	2395	200
135	18	1081	200
9144	18	9139	200
135	18	854	200
135	18	9133	200
9144	18	708	200
9144	18	9136	200
9144	18	698	200
69	0	70	200
135	18	9131	200
9144	18	1031	200
7018	19	1991	200
9470	21	9455	200
135	18	954	200
9144	18	9140	200
2404	8	2405	200
9144	18	9138	200
135	18	9130	200
135	18	1426	200
135	18	9135	200
2445	8	2446	200
135	18	1591	200
135	18	438	200
9141	18	1076	200
135	18	534	200
2462	8	2448	200
2292	8	2293	200
135	18	2004	200
2287	8	2286	200
6195	19	1991	200
135	18	9134	200
2351	8	2350	200
1912	7	2180	200
2395	8	2394	200
135	18	602	200
9144	18	687	200
135	18	1468	200
2286	8	2287	200
135	18	9132	200
9144	18	1041	200
2362	8	2361	200
4764	21	9462	200
104	0	106	200
9162	19	948	200
9144	18	9137	200
2395	21	9462	200
135	18	1014	200
2448	8	2462	200
2405	8	2404	200
2318	8	2440	200
2424	8	2425	200
8529	19	1993	200
4147	19	1935	200
135	18	1470	200
4230	21	9462	200
25	0	26	200
9534	21	9465	200
9144	18	1035	200
4764	19	1977	200
2361	8	2362	200
25	0	27	200
3250	21	9434	200
9144	18	137	200
2440	8	2318	200
9144	18	1029	200
4230	21	9462	201
135	18	2004	201
2395	8	2394	201
9144	18	9140	201
8529	19	1993	201
135	18	1470	201
104	0	106	201
135	18	854	201
9144	18	698	201
135	18	1591	201
9534	21	9465	201
2351	8	2350	201
135	18	1014	201
135	18	1081	201
2292	8	2293	201
9144	18	1041	201
4147	19	1935	201
3250	21	9434	201
2462	8	2448	201
135	18	9131	201
135	18	1013	201
135	18	1426	201
9144	18	9136	201
9144	18	9138	201
4764	21	9462	201
2362	8	2361	201
2395	21	9462	201
4764	19	1977	201
7018	19	1991	201
135	18	9135	201
9144	18	704	201
9144	18	687	201
2361	8	2362	201
2318	8	2440	201
9144	18	1031	201
2394	8	2395	201
9141	18	1076	201
9144	18	9139	201
135	18	9132	201
135	18	9133	201
1858	19	969	201
69	0	70	201
2350	8	2351	201
9144	18	9137	201
9144	18	1029	201
135	18	1468	201
2404	8	2405	201
135	18	9134	201
25	0	26	201
135	18	438	201
135	18	954	201
2287	8	2286	201
135	18	9130	201
2815	19	25	201
2440	8	2318	201
9470	21	9455	201
135	18	602	201
25	0	27	201
9144	18	708	201
135	18	534	201
9144	18	1035	201
2405	8	2404	201
6195	19	1991	201
2445	8	2446	201
2448	8	2462	201
9144	18	137	201
2424	8	2425	201
9162	19	948	201
1912	7	2180	201
2286	8	2287	201
135	18	9133	202
2462	8	2448	202
25	0	26	202
9141	18	1076	202
135	18	1426	202
135	18	9134	202
9144	18	137	202
135	18	954	202
9144	18	1041	202
2350	8	2351	202
9144	18	1031	202
2445	8	2446	202
135	18	1468	202
9144	18	1035	202
4147	19	1935	202
9470	21	9455	202
2424	8	2425	202
2394	8	2395	202
3250	21	9434	202
135	18	9135	202
2287	8	2286	202
2395	8	2394	202
2292	8	2293	202
2318	8	2440	202
9534	21	9465	202
6195	19	1991	202
2440	8	2318	202
4764	19	1977	202
135	18	1013	202
135	18	1470	202
9144	18	698	202
104	0	106	202
7018	19	1991	202
8529	19	1993	202
25	0	27	202
2395	21	9462	202
135	18	1081	202
135	18	1591	202
9144	18	704	202
9144	18	9138	202
135	18	9131	202
135	18	438	202
9144	18	9136	202
9144	18	9140	202
2286	8	2287	202
135	18	534	202
2351	8	2350	202
9144	18	687	202
2362	8	2361	202
1912	7	2180	202
9144	18	1029	202
2404	8	2405	202
2405	8	2404	202
135	18	2004	202
2448	8	2462	202
135	18	854	202
135	18	9130	202
135	18	602	202
1858	19	969	202
4230	21	9462	202
4764	21	9462	202
2943	21	9462	202
9144	18	9139	202
2361	8	2362	202
135	18	9132	202
9144	18	708	202
9162	19	948	202
69	0	70	202
135	18	1014	202
9144	18	9137	202
2815	19	25	202
9144	18	687	203
9470	21	9455	203
9144	18	1029	203
2394	8	2395	203
9144	18	1041	203
135	18	1591	203
9144	18	1035	203
135	18	1013	203
135	18	9131	203
9144	18	137	203
135	18	1014	203
9144	18	708	203
2292	8	2293	203
8529	19	1993	203
2287	8	2286	203
2445	8	2446	203
25	0	27	203
2405	8	2404	203
2286	8	2287	203
4147	19	1935	203
9144	18	698	203
4764	21	9462	203
9144	18	9139	203
135	18	9135	203
9144	18	9136	203
9144	18	1031	203
135	18	954	203
2404	8	2405	203
7018	19	1991	203
1858	19	969	203
135	18	438	203
2815	19	25	203
3250	21	9434	203
135	18	1470	203
135	18	1468	203
9144	18	704	203
9534	21	9465	203
2440	8	2318	203
2395	8	2394	203
69	0	70	203
9144	18	9137	203
2448	8	2462	203
4230	21	9462	203
9144	18	9140	203
135	18	602	203
4764	19	1977	203
135	18	854	203
135	18	534	203
25	0	26	203
2424	8	2425	203
135	18	1426	203
135	18	9134	203
9144	18	9138	203
135	18	1081	203
2462	8	2448	203
1912	7	2180	203
135	18	9133	203
104	0	106	203
2350	8	2351	203
2943	21	9462	203
2395	21	9462	203
135	18	9130	203
9162	19	948	203
2318	8	2440	203
135	18	2004	203
9141	18	1076	203
2351	8	2350	203
135	18	9132	203
4764	21	9462	204
135	18	9132	204
9144	18	1041	204
25	0	26	204
9144	18	698	204
135	18	9135	204
2462	8	2448	204
135	18	1591	204
2815	19	25	204
9144	18	687	204
9470	21	9455	204
3382	21	9435	204
2287	8	2286	204
135	18	1013	204
9439	21	9434	204
2395	21	9511	204
2395	21	9462	204
135	18	1081	204
2422	8	2423	204
9141	18	1076	204
9144	18	1029	204
9144	18	137	204
4230	21	9462	204
4147	19	1935	204
2448	8	2462	204
2440	8	2318	204
135	18	854	204
104	0	106	204
9144	18	1031	204
9162	19	948	204
3352	21	9473	204
9144	18	9140	204
135	18	9133	204
2405	8	2404	204
2943	21	9462	204
135	18	1468	204
9144	18	9136	204
2292	8	2293	204
2351	8	2350	204
8529	19	1993	204
2395	8	2394	204
9144	18	704	204
2404	8	2405	204
135	18	9134	204
25	0	27	204
135	18	9131	204
135	18	1426	204
135	18	602	204
135	18	2004	204
2394	8	2395	204
9144	18	9138	204
135	18	1014	204
2472	8	2374	204
1858	19	969	204
3250	21	9434	204
7018	19	1991	204
9144	18	9139	204
9144	18	708	204
2424	8	2425	204
135	18	438	204
2445	8	2446	204
2286	8	2287	204
1912	7	2180	204
69	0	70	204
135	18	9130	204
2350	8	2351	204
9144	18	1035	204
135	18	1470	204
9534	21	9465	204
9144	18	9137	204
135	18	954	204
2318	8	2440	204
4764	19	1977	204
135	18	534	204
135	18	1014	205
2351	8	2350	205
135	18	2004	205
2472	8	2374	205
135	18	1470	205
135	18	9131	205
25	0	27	205
2404	8	2405	205
9144	18	1031	205
135	18	1013	205
2405	8	2404	205
4764	21	9462	205
9144	18	9139	205
9144	18	1035	205
2395	8	2394	205
135	18	9134	205
9144	18	704	205
9470	21	9455	205
4764	19	1977	205
135	18	854	205
135	18	1426	205
9144	18	9140	205
135	18	9132	205
4230	21	9462	205
2943	21	9462	205
2286	8	2287	205
1858	19	969	205
25	0	26	205
7018	19	1991	205
9144	18	1041	205
2402	8	2403	205
2318	8	2440	205
69	0	70	205
2424	8	2425	205
2440	8	2318	205
135	18	438	205
135	18	9133	205
2395	21	9462	205
2292	8	2293	205
8529	19	1993	205
3352	21	9473	205
2394	8	2395	205
135	18	602	205
135	18	1591	205
9162	19	948	205
2815	19	25	205
135	18	1468	205
135	18	534	205
9439	21	9434	205
3250	21	9434	205
135	18	954	205
9144	18	708	205
9141	18	1076	205
9534	21	9465	205
9144	18	9136	205
135	18	1081	205
9144	18	1029	205
3238	19	25	205
135	18	9130	205
4147	19	1935	205
135	18	9135	205
2350	8	2351	205
2445	8	2446	205
2422	8	2423	205
9144	18	687	205
104	0	106	205
9144	18	137	205
9144	18	9137	205
2287	8	2286	205
9144	18	9138	205
9144	18	698	205
9144	18	9137	206
3352	21	9473	206
1858	19	969	206
1858	19	969	206
2422	8	2423	206
135	18	854	206
135	18	1591	206
9144	18	9139	206
2286	8	2287	206
135	18	438	206
2943	21	9462	206
25	0	27	206
135	18	1470	206
135	18	2004	206
4230	21	9462	206
4147	19	1935	206
9144	18	1031	206
135	18	9131	206
7018	19	1991	206
9144	18	9140	206
2318	8	2440	206
3238	19	25	206
9144	18	9136	206
3250	21	9434	206
9470	21	9455	206
4764	19	1977	206
2395	8	2394	206
4764	21	9462	206
2815	19	25	206
135	18	1468	206
25	0	26	206
2350	8	2351	206
135	18	9130	206
9144	18	137	206
2287	8	2286	206
9144	18	687	206
135	18	9135	206
2440	8	2318	206
135	18	954	206
135	18	1081	206
9439	21	9434	206
135	18	602	206
9144	18	708	206
2351	8	2350	206
2445	8	2446	206
8529	19	1993	206
2404	8	2405	206
2472	8	2374	206
2424	8	2425	206
135	18	534	206
135	18	9133	206
135	18	1013	206
2395	21	9462	206
135	18	1014	206
69	0	70	206
9144	18	704	206
135	18	9132	206
