1042	18	160	194
6247	23	12509	055
3134	11	3129	002
1970	6	2083	073
788	18	1505	229
705	1	687	110
1658	1	163	071
1565	1	148	068
1042	18	1551	190
1117	1	148	035
371	1	369	084
775	1	122	050
857	15	5088	123
1042	18	571	193
7570	23	12516	070
135	18	1013	200
1227	1	1210	109
1230	1	1210	123
982	1	148	076
676	1	123	114
9144	18	9137	171
5246	15	4973	128
1230	1	1210	134
780	1	125	141
8516	23	2981	092
1372	1	953	159
6400	19	9159	221
812	1	416	097
712	1	163	019
3420	14	3423	027
135	18	1468	209
1529	1	148	096
135	18	1426	217
2351	8	2350	187
832	1	416	141
1428	1	125	062
1581	1	122	018
255	1	148	087
812	1	416	037
135	18	1014	193
351	1	123	089
2310	19	1991	175
1042	18	297	168
1227	1	1210	096
147	1	148	005
5280	15	4973	117
715	1	125	067
313	1	148	153
1038	1	148	099
266	1	148	094
1275	1	1210	099
680	18	9133	179
25	0	27	198
1558	1	148	077
1643	1	123	095
5053	15	4973	143
135	18	1470	199
1311	1	129	142
1042	18	435	179
25	0	27	195
135	18	9131	220
1293	1	1210	094
1050	1	125	058
1308	1	129	020
638	1	639	115
1293	1	129	052
810	1	416	036
825	1	129	072
2244	8	2243	203
6529	23	2952	022
458	15	4973	108
573	1	574	124
3313	21	9434	181
1576	1	419	108
2358	8	2359	219
4370	14	3710	038
2990	19	9159	185
8385	23	2981	088
376	1	369	006
6371	23	3023	057
1314	1	1210	112
963	1	148	008
780	1	125	033
4970	15	4973	035
829	15	5088	157
2351	8	2350	199
677	1	148	030
354	1	125	084
135	18	602	223
350	1	163	119
435	1	125	058
11372	22	9589	082
424	15	4986	008
1935	6	2012	079
1384	1	129	146
4260	14	4261	136
1415	1	163	055
734	15	4977	017
368	1	369	107
135	18	1470	167
1501	1	148	024
4715	23	12510	020
5083	15	4973	156
1042	18	568	179
1042	18	568	216
3287	21	9473	214
6247	23	2935	005
5348	15	5088	104
6529	23	3023	160
1176	1	953	071
5251	15	4973	022
1253	1	129	022
5251	15	4973	110
1428	1	126	113
462	1	125	144
974	1	123	126
1039	1	1041	018
1195	1	1142	048
135	18	1081	167
1311	1	1210	111
534	1	135	159
9144	18	704	190
6529	23	2952	077
908	1	518	135
807	1	148	054
2310	19	1991	182
135	18	9132	212
135	18	534	216
475	1	148	007
9144	18	687	214
680	18	9133	173
734	15	4977	063
1377	1	953	055
12545	23	2952	133
204	1	123	085
1042	18	1051	224
775	1	122	080
647	1	125	048
1213	1	122	081
1566	1	148	127
2278	8	2277	194
5259	15	4973	037
2395	8	2394	215
744	1	163	104
418	1	419	037
311	1	148	017
3929	14	3821	124
6439	23	12515	095
1415	1	148	005
947	1	975	107
2244	8	2243	175
982	1	148	145
5341	15	4973	009
1184	1	1142	118
135	18	602	187
8006	23	2949	149
8842	23	3023	155
1251	1	122	081
303	1	416	023
2990	23	12502	044
8667	23	3023	068
995	1	148	139
1476	1	148	081
3345	21	9473	227
636	18	717	187
2925	19	1926	209
795	1	148	109
8272	23	12515	101
1013	1	604	067
810	1	416	108
5053	15	4973	051
1045	1	125	135
2421	8	2420	208
2414	8	2415	211
7464	19	179	166
786	15	5088	089
371	1	369	133
780	1	125	010
1967	15	4973	007
972	1	123	112
1042	18	297	210
7464	19	179	208
674	1	122	044
2261	8	2262	165
5246	15	4973	134
77	0	91	172
636	18	792	218
1143	15	4973	124
8516	19	2048	162
1042	18	297	202
1153	1	953	032
1042	18	568	207
135	18	534	224
802	1	123	121
135	18	1468	212
1130	1	125	024
11372	22	9589	133
1042	18	297	190
636	18	791	218
458	1	126	133
9144	18	9138	216
5053	15	4973	047
7847	23	2966	149
909	1	148	151
1179	1	953	157
417	1	319	101
5083	15	4973	083
8516	23	2981	117
1961	6	2029	003
744	1	163	146
1970	6	2084	060
857	15	5088	144
1011	1	123	129
1656	1	639	151
1296	1	129	078
5251	15	4973	156
962	1	163	127
1042	18	571	185
775	1	122	067
2395	8	2394	213
9144	18	698	215
398	1	148	039
818	1	416	157
6878	23	12520	124
7570	23	12516	027
135	18	2004	229
3066	23	12524	009
5030	15	4973	048
3082	11	3083	049
5168	15	5088	087
1042	18	1551	207
807	1	148	029
1538	1	148	058
135	18	1014	213
1491	1	125	050
1147	1	1142	108
135	18	1081	182
135	1	137	084
418	1	419	114
1153	1	953	151
9144	18	698	194
135	18	854	226
1042	18	377	209
249	1	148	006
5129	15	4973	039
1337	1	129	013
12503	23	12520	041
1311	1	1210	095
5245	15	4973	124
534	1	535	066
1545	1	148	010
636	18	788	213
776	15	5088	052
1042	18	1651	191
6400	19	9159	224
818	1	416	061
135	18	1468	198
9144	18	1027	194
1435	1	125	074
7293	19	1926	223
1042	18	377	188
1042	18	1441	162
4716	14	3447	117
2729	23	2935	048
9162	19	948	202
1425	1	123	123
128	1	123	102
1314	1	129	147
5246	15	4973	044
5219	15	4973	069
1935	6	2012	142
1414	1	123	146
1841	4	1842	099
305	1	148	150
5269	15	4973	065
1204	1	953	135
8787	23	2975	138
12158	22	10950	156
1042	18	377	202
254	1	148	066
6195	19	1991	180
812	1	416	103
8692	23	12526	005
458	1	126	128
1042	18	571	181
1353	1	1210	124
9386	23	12511	041
9145	18	416	215
5266	15	4973	034
1548	1	148	018
1202	1	1142	118
801	15	5088	152
655	1	419	125
1081	1	535	034
2414	8	2415	209
1935	6	2012	012
9144	18	687	208
1042	1	687	093
4547	14	3450	059
1045	1	125	031
775	1	123	092
3192	12	2175	110
135	18	1468	202
1476	1	148	082
2350	8	2351	202
1417	1	778	034
2447	8	2448	215
949	1	148	069
124	1	125	041
2422	8	2423	217
135	18	9130	208
1515	1	148	026
9680	22	9544	102
6247	23	2935	093
5006	15	4986	106
1212	1	1210	105
5322	15	4986	022
5168	15	5088	129
1941	5	1943	102
1222	1	1210	123
6599	23	12547	001
9145	18	416	177
412	1	148	101
1189	1	1142	117
152	1	122	028
5115	15	4973	135
124	1	126	118
1858	19	969	203
5018	15	4973	104
5153	15	4973	137
1468	1	604	111
9386	23	12511	004
6371	23	3023	001
4716	14	3447	139
1216	1	953	083
461	1	125	134
734	15	4977	131
680	18	9135	168
5246	15	4973	022
1406	15	4986	134
2361	8	2362	196
316	1	317	128
9390	23	12511	123
1858	19	969	201
1425	1	122	007
2990	19	9159	209
135	18	854	177
134	1	126	130
77	0	91	200
2445	8	2446	163
636	18	791	196
12503	23	12520	058
1476	1	148	111
1042	18	1651	186
2691	23	3023	032
5026	15	4973	098
1318	1	1210	103
425	1	319	140
505	1	148	013
685	1	687	019
9145	18	416	224
1173	1	953	080
398	1	148	144
309	15	5088	151
3900	14	3696	136
8426	23	12511	062
1551	1	125	079
1586	15	4973	029
1153	1	1142	108
6247	23	12509	061
974	1	123	116
505	1	148	144
1171	15	4973	038
267	1	1144	161
9063	23	3023	073
409	1	125	031
2402	8	2403	206
909	1	148	101
1850	23	2951	013
1515	1	148	095
1173	15	4973	133
5004	15	4973	034
8213	23	12526	070
1141	1	953	075
1354	1	1142	072
392	1	148	124
6726	23	2966	073
1312	1	129	136
392	1	148	086
375	1	369	010
8385	23	3023	112
1042	18	979	192
1585	1	706	105
985	1	148	156
636	18	791	204
3250	21	9434	203
1372	1	953	139
1541	1	148	160
2828	9	2556	071
958	1	148	137
3923	23	12541	104
2351	8	2350	198
435	1	125	049
963	1	148	085
5261	15	4973	037
8272	23	2975	051
5041	15	4986	119
8692	23	12516	124
5004	15	4973	035
2277	8	2278	189
2373	23	12511	115
1337	1	129	157
1042	18	1467	181
1850	23	2951	066
135	18	1081	204
1143	1	1142	105
9144	18	137	162
376	1	369	130
9470	21	9455	204
2301	23	2951	031
5279	15	4973	105
1042	18	570	198
135	18	1081	213
5006	15	4986	043
1050	1	125	015
5303	15	4973	050
5158	15	5088	118
717	1	636	112
1171	1	953	134
9144	18	9136	221
1612	1	148	053
194	1	148	081
1453	15	4973	025
1586	15	4973	096
5108	15	5088	151
786	15	5088	147
6529	23	2952	047
4598	14	3447	080
1173	1	953	148
1665	1	126	100
9144	18	1029	208
5003	15	4973	161
135	18	1470	196
185	1	122	021
5271	15	4973	160
680	18	9135	171
6371	23	3023	102
976	1	148	072
135	18	9135	216
9144	18	9140	164
5291	15	4973	141
949	1	148	134
1545	1	148	046
8426	23	12511	146
1176	1	953	158
9144	18	1027	226
9144	18	9136	203
7018	19	1991	187
6247	23	12509	120
5308	15	5088	135
1544	1	148	037
1645	1	125	069
135	18	9130	203
1187	1	1142	118
5179	15	4973	029
5316	15	4973	146
1306	1	129	138
168	1	148	145
1645	1	125	156
1230	1	1210	118
11372	22	9589	002
6599	23	12547	012
9144	18	687	192
734	15	4977	112
475	1	148	042
1941	5	1943	104
1406	1	1464	006
1331	1	129	077
1411	1	163	084
8385	23	2982	073
1042	18	1467	172
1042	18	1651	189
469	1	125	035
5041	15	4986	105
455	1	125	081
602	1	604	129
5160	15	5088	131
1386	1	129	069
9144	18	1035	216
1591	1	135	069
1130	1	125	035
310	15	5088	110
802	1	123	103
2445	8	2446	179
1042	18	1050	211
9144	18	9136	224
2445	8	2446	184
12545	23	2952	011
139	1	126	115
2373	23	12511	061
9144	18	9139	171
705	1	687	040
1296	1	129	140
854	1	535	082
832	1	416	108
5128	15	4973	051
135	18	1591	166
2445	8	2446	197
2447	8	2448	209
636	18	718	191
371	1	369	051
1323	1	129	148
447	1	125	023
963	1	148	155
4269	14	4270	071
5138	15	4973	127
9162	19	948	224
1291	1	1210	107
5128	15	4973	032
609	1	419	084
807	1	148	021
1417	15	5088	096
1386	1	129	077
781	1	148	123
3082	11	3083	036
2277	8	2278	193
1442	1	125	153
9144	18	1035	165
1184	1	1142	086
8927	23	12541	136
492	1	493	073
6973	23	2996	002
8756	23	12511	018
484	1	148	058
1130	1	126	094
5317	15	4973	004
6936	23	12511	042
9018	23	3023	140
1538	1	148	030
2301	23	2951	021
219	15	4973	064
9144	18	1029	164
367	1	122	075
1371	1	129	032
9144	18	708	189
1081	1	135	103
9144	18	9138	175
9144	18	9136	191
1078	1	123	143
1187	1	1142	107
5266	15	4973	063
5098	15	4986	142
4970	15	4973	067
1078	1	122	071
1967	15	4973	086
168	1	148	134
1415	1	163	086
435	1	125	063
1293	1	1210	098
988	15	4986	159
3250	21	9434	231
5346	15	4986	114
9144	18	696	167
1094	15	4973	008
1441	1	125	017
636	18	1495	211
910	1	518	018
9144	18	9138	185
9144	18	9136	176
982	1	148	022
3122	11	3123	056
1651	1	125	040
1354	1	125	039
224	1	123	136
5130	15	4973	062
636	18	718	200
1224	1	122	063
1033	1	1035	157
135	18	954	196
976	1	148	148
534	1	135	040
418	1	419	123
4824	14	3710	143
1293	1	129	015
1354	1	1142	121
269	1	125	064
318	1	319	027
570	1	125	019
1150	1	953	157
3135	11	3136	044
1045	1	125	013
5102	15	4973	019
3122	11	3123	068
368	1	369	010
1379	1	953	013
2361	8	2362	162
1585	1	148	122
5214	15	5088	018
947	1	163	104
1042	18	715	219
9144	18	9140	224
134	1	125	079
134	1	125	014
908	1	518	058
235	1	148	073
1323	1	1210	093
1314	1	1210	128
1417	1	778	137
4394	14	3791	101
135	18	1081	184
1216	1	953	045
7847	23	2966	115
135	18	1591	175
7018	19	1991	214
6247	23	2935	034
5133	15	5088	088
135	18	1470	186
954	1	604	057
1011	1	123	155
1042	18	567	230
25	0	26	205
2853	14	3634	127
185	1	122	026
374	1	369	015
2828	9	2556	108
1042	1	687	006
517	1	519	090
910	1	518	139
7195	23	12531	066
947	1	163	116
5320	15	4973	025
2093	6	2012	077
6247	23	2935	033
982	1	148	090
2265	23	2982	022
5245	15	4973	038
9144	18	9139	230
8927	23	12541	003
1522	1	148	040
1042	18	571	182
492	1	493	022
249	1	148	064
964	1	148	108
1126	1	148	051
135	18	602	218
7018	19	1991	184
1502	1	416	129
908	1	518	126
636	18	791	213
717	1	636	099
3843	14	3791	069
12503	23	12520	122
2310	19	1991	186
636	18	792	203
776	1	493	148
5165	15	4973	117
1184	1	953	011
5003	15	4973	075
135	18	1014	210
1130	1	125	160
6973	23	2996	084
1042	18	1441	224
2243	8	2244	207
1419	1	123	112
1354	1	953	146
9045	23	2982	128
351	1	122	038
9470	21	9455	210
1321	1	129	022
2447	8	2448	212
744	1	163	052
715	1	125	015
825	1	129	036
5026	15	4973	130
8516	19	2048	184
706	1	708	006
216	1	148	136
5041	15	4986	104
9441	21	9442	212
1047	1	148	014
7079	23	12511	042
2405	8	2404	213
455	1	125	141
1042	18	568	187
1042	18	567	221
1850	23	2951	068
9144	18	1027	188
135	18	9131	188
1527	1	126	108
3134	11	3129	044
5083	15	4973	031
434	1	122	035
826	1	148	052
1281	1	122	031
265	1	125	019
7975	23	2951	083
1042	18	1441	209
9144	18	9140	200
8927	23	12541	028
1386	1	129	009
654	1	129	042
1548	1	148	050
676	1	123	105
9144	18	687	162
9386	23	12511	146
1202	1	125	030
135	18	9133	231
6878	23	2966	084
8272	23	12515	010
990	1	510	134
818	1	416	076
7293	19	1926	216
706	1	708	121
316	1	317	083
10310	22	9650	135
1470	1	135	058
6973	23	2996	151
1426	1	535	071
235	1	148	150
2852	23	2952	091
6439	23	12515	146
4568	23	2946	119
2362	8	2361	169
909	1	148	063
5261	15	4973	030
8692	23	12526	020
135	18	1014	195
947	1	148	151
2463	8	2464	168
1497	1	163	036
2330	8	2331	223
7079	23	12511	081
1387	1	1210	065
3082	11	3083	133
3244	21	9473	224
1042	18	1050	192
5245	15	4973	088
1406	15	4986	116
1667	1	125	080
854	1	535	148
1419	1	123	086
372	1	369	146
4370	14	3710	098
1081	1	135	095
8927	23	12541	128
219	15	4973	140
5279	15	4973	060
374	1	369	001
255	1	148	156
8692	23	12516	143
788	18	1505	212
1042	18	1441	211
1038	1	148	146
1042	18	297	221
1042	18	644	223
979	1	125	079
1435	1	125	154
2426	8	2427	221
1247	1	129	037
5157	15	5110	153
9144	18	1041	214
2427	8	2426	193
854	1	535	065
2386	8	2385	202
147	1	148	092
3066	23	2982	154
1347	1	953	056
1171	1	1142	109
1420	1	125	079
1583	1	122	022
788	18	1505	197
4394	14	3791	041
9144	18	696	199
5238	15	5088	003
269	1	125	053
1240	1	129	030
1184	1	953	085
9144	18	9140	179
1669	1	419	056
1850	23	2951	118
1039	1	1041	090
367	1	122	081
1639	1	126	090
781	1	148	044
1476	1	148	048
5320	15	4973	154
3287	21	9473	215
255	1	148	005
8385	23	2982	024
3236	23	3023	101
5098	15	4986	044
1042	18	567	194
5246	15	4973	158
2448	8	2447	216
1051	1	125	070
655	1	419	024
3135	11	3136	069
770	1	125	059
8756	23	12511	139
1015	1	148	026
1419	1	123	123
1246	1	122	037
415	1	416	005
9144	18	696	170
5063	15	4973	152
2429	8	2428	218
5214	15	5088	098
505	1	148	016
1538	1	148	032
415	1	416	001
1042	18	645	210
1406	1	1464	134
854	1	535	101
9144	18	687	165
628	1	148	120
2378	8	2377	168
500	1	148	128
4260	14	4261	065
2852	23	2952	140
1184	1	1142	098
1341	1	953	134
460	1	126	107
1099	1	148	076
1195	1	953	142
1212	1	1210	132
251	1	125	031
368	1	369	053
3250	21	9434	180
2404	8	2405	209
1354	1	125	085
1497	1	163	054
7464	19	179	189
1099	1	148	153
4484	14	4366	146
8692	23	12516	025
5098	15	4986	119
224	1	122	021
9144	18	698	165
4976	15	4973	041
1281	1	122	069
1591	1	135	106
9144	18	9137	198
1130	1	125	147
135	18	954	186
1558	1	148	074
1042	18	1467	225
5266	15	4973	000
800	1	416	114
25	1	33	073
807	1	148	101
9144	18	687	184
9144	18	137	212
4441	14	3710	058
3122	11	3123	040
673	15	4973	058
534	1	135	148
1590	1	122	068
676	1	123	159
715	1	125	022
5251	15	4973	153
1172	1	953	158
3040	23	3023	082
400	18	3078	188
6973	23	12501	092
1094	1	125	050
1341	1	953	028
5031	15	4973	088
10063	22	9923	161
918	1	148	131
8943	23	3023	138
1426	1	135	000
7790	23	12511	108
7790	23	12511	107
1050	1	125	005
25	0	26	172
1033	1	1035	001
583	1	584	061
9144	18	1041	168
2729	23	2966	073
134	1	125	049
3388	21	9473	227
11316	22	9589	038
1042	18	571	219
1042	18	297	214
818	1	416	086
705	1	687	004
1420	1	126	098
985	1	148	123
5031	15	4973	122
946	1	163	117
5179	15	4973	153
1150	1	1142	086
976	1	148	066
1347	1	953	066
636	18	792	195
1306	1	122	016
2420	8	2421	215
135	18	602	205
318	1	319	022
1196	1	1142	115
7018	19	1991	199
5317	15	4973	031
1143	1	1142	093
1515	1	148	037
5291	15	4973	108
982	1	148	098
4976	15	4973	090
470	1	125	048
3236	23	12520	004
854	1	535	111
1387	1	1210	111
962	1	163	146
1039	1	1041	121
3643	14	3491	083
1307	1	129	011
1047	1	148	126
5279	15	4973	143
469	1	125	067
1042	18	409	188
1291	1	129	150
1042	18	644	199
135	18	9131	195
1130	1	126	105
602	1	604	095
7997	23	2982	005
417	1	319	022
1426	1	535	079
1148	1	953	070
1158	1	953	143
313	1	148	106
25	1	33	019
9390	23	12511	020
9144	18	137	223
9144	18	137	174
2402	8	2403	207
776	15	5088	041
1935	6	2012	106
9145	18	416	210
706	1	708	054
1586	15	4973	114
12545	23	2951	029
3236	23	3023	103
6439	23	12515	117
5109	15	5110	127
1668	1	163	008
1545	1	148	118
776	15	5088	135
4441	14	3710	026
6400	19	9159	191
460	1	125	139
1371	1	129	026
135	18	2004	165
947	1	975	118
1327	1	129	074
610	1	416	065
1336	1	122	038
1042	18	1551	219
475	1	148	158
1551	1	125	023
6400	19	9159	188
3352	21	9473	210
1339	1	129	159
1042	18	160	220
135	18	1426	181
6973	23	2996	154
1230	1	1210	099
712	1	163	044
8006	23	2949	159
1147	1	953	009
525	15	4973	078
77	1	78	033
5053	15	4973	139
636	18	718	206
5018	15	4973	075
438	1	135	090
135	18	1013	204
318	1	319	076
2462	8	2448	200
1294	1	1210	110
534	1	535	086
613	1	416	053
139	1	125	060
450	1	148	085
1411	1	163	099
2433	8	2432	207
9045	23	2982	056
135	18	438	186
386	1	148	019
8756	23	12511	121
609	1	419	143
3250	21	9434	168
918	1	148	024
3620	14	3423	118
135	18	9131	193
1935	6	2012	049
438	1	135	035
3345	21	9473	225
9439	21	9434	206
9144	18	137	197
77	0	91	174
7847	23	2966	077
1489	1	123	124
9144	18	9140	169
1253	1	129	135
1042	18	409	219
2433	8	2432	231
4074	14	3791	107
5265	15	4973	034
10636	22	10637	138
1042	18	435	218
2404	8	2405	212
1042	18	567	228
9144	18	1027	187
135	18	9133	219
1207	1	1142	043
135	18	1591	169
135	18	1013	208
5261	15	4973	075
5165	15	4973	055
135	18	9133	213
6371	23	3023	140
2243	8	2244	206
400	18	3078	183
1273	1	1210	099
1042	18	570	186
999	1	122	040
1081	1	135	156
447	1	126	115
1203	1	953	045
2420	8	2421	209
654	1	129	006
1481	1	126	127
269	1	126	117
469	1	125	061
5041	15	4986	113
1165	1	953	044
6726	23	2966	041
1850	23	2951	158
9144	18	1029	180
8272	23	12515	021
784	1	317	074
775	1	123	090
135	18	1426	195
10310	22	9845	141
3620	14	3423	041
775	1	123	114
5165	15	4973	049
1551	1	125	014
5263	15	4973	020
1207	1	953	052
1419	1	123	151
1042	18	645	199
9144	18	1029	190
473	1	416	012
216	1	148	016
775	1	123	135
703	1	704	056
4568	23	2946	144
1042	18	1467	182
9470	21	9455	163
1204	1	953	034
4970	15	4973	057
680	1	137	094
7847	23	2966	082
1645	1	125	079
990	1	991	044
1538	1	148	042
1565	1	148	005
8927	23	12541	145
5018	15	4973	005
2925	19	1926	213
770	1	125	019
157	1	123	150
680	18	9132	170
152	1	123	141
124	1	126	119
1591	1	135	018
5006	15	4986	007
1481	1	125	161
4260	14	4261	082
392	1	148	130
5102	15	4973	042
5026	15	4973	069
254	1	148	150
1158	1	953	055
2828	9	2556	080
229	15	5057	142
949	1	148	109
2345	8	2344	231
2244	8	2243	185
7178	23	12511	109
1042	18	1050	208
703	1	704	077
781	1	148	087
1306	1	122	025
1351	1	1210	032
3790	14	4261	106
628	1	148	075
135	18	1013	184
964	1	148	026
1042	1	687	144
135	18	438	183
628	1	148	104
9162	19	948	191
475	1	148	087
1042	1	687	085
2358	8	2359	223
2729	23	2935	065
9306	23	12511	080
1042	18	570	213
8667	23	3023	091
6439	23	12515	133
1237	1	129	144
9470	21	9455	207
1548	1	148	124
216	1	148	036
7018	19	1991	204
350	1	163	071
7975	23	3023	099
610	1	416	003
1307	1	129	073
135	18	1468	184
5102	15	4973	134
2350	8	2351	213
600	15	5088	140
2405	8	2404	226
636	18	718	208
826	1	148	026
158	1	148	009
5295	15	4973	092
9144	18	9137	166
418	1	419	031
2426	8	2403	200
135	18	1426	212
1147	1	1142	104
371	1	369	135
25	0	27	210
2414	8	2415	217
434	1	123	128
811	1	416	135
1444	1	129	016
1314	1	129	154
8692	23	12526	055
9144	18	9140	170
472	1	148	045
1591	1	535	001
9144	18	1035	228
316	1	317	086
8499	23	12511	120
6529	23	3023	071
1042	18	297	215
1148	1	953	136
8385	23	2981	121
534	1	535	040
712	1	163	107
1354	1	1142	083
1042	18	1050	202
455	1	126	107
1143	15	4973	055
1858	19	25	224
425	1	319	055
5128	15	4973	007
1331	1	1210	119
1967	15	4973	113
1941	5	1943	152
609	1	419	127
3066	23	12524	119
1038	1	148	064
1494	1	1496	121
135	18	1426	201
4260	14	4261	091
12279	22	9600	140
1658	1	163	052
965	1	148	013
2990	19	9159	215
4984	15	4986	156
135	18	9133	195
447	1	125	011
9144	18	9139	193
447	1	125	081
3122	11	3123	067
652	1	148	074
9144	18	696	175
673	15	4973	015
267	1	1144	159
305	1	148	120
1645	1	125	143
7018	19	1991	169
712	1	163	033
2405	8	2404	221
963	1	148	022
4054	14	3623	103
3250	21	9434	229
5006	15	4986	074
918	1	148	104
3790	14	4261	105
652	1	148	111
1387	1	1210	023
9070	23	2982	062
1200	1	953	071
1354	1	1142	119
9470	21	9455	219
9144	18	696	194
1453	1	419	068
1254	1	129	015
5153	15	4973	064
974	1	123	109
1976	6	229	025
1420	1	125	056
1278	1	122	050
373	1	369	042
1141	1	953	144
1463	1	1464	113
2925	23	2996	031
1047	1	148	042
1341	1	1142	088
2990	19	9159	192
182	1	129	040
5083	15	4973	078
1967	15	4973	019
1327	1	129	052
311	1	148	027
1667	1	126	132
135	18	1081	168
135	18	602	230
947	1	148	122
3250	21	9434	209
1042	18	715	194
1321	1	129	077
9144	18	9136	225
1581	1	123	138
4421	14	4422	122
135	18	854	176
818	1	416	018
9470	21	9455	199
9144	18	708	208
9144	18	1041	205
636	18	718	193
1117	1	148	138
958	1	148	053
1278	1	122	024
9386	23	12511	054
9470	21	9455	220
12100	22	9567	157
1444	1	123	098
7464	19	179	217
135	1	137	015
5109	15	5110	114
1354	1	1142	025
1314	1	122	077
5012	15	4973	072
1543	1	148	017
6195	19	1991	201
7975	23	3023	004
8272	23	12515	058
1265	1	129	063
492	1	493	003
1667	1	125	141
9144	18	1034	230
1011	1	123	146
5303	15	4973	059
264	15	4973	124
1212	1	129	153
1214	1	122	025
9144	18	1029	186
4370	14	3710	127
1425	1	123	102
1467	1	125	071
583	1	584	023
1042	18	1051	169
9144	18	696	223
310	15	5088	105
5219	15	4973	051
9144	18	1029	172
2463	8	2464	214
1557	1	769	160
135	18	854	170
1312	1	129	041
1207	1	953	016
647	1	125	157
1338	1	1210	085
2351	8	2350	211
158	1	148	135
1187	1	953	037
2463	8	2464	226
1417	1	778	063
9144	18	696	198
3620	14	3423	006
7687	23	12511	001
2294	23	12511	026
1667	1	125	069
1042	18	160	172
2990	19	9159	228
8667	23	3023	079
25	0	27	164
77	0	91	190
1188	1	1142	025
5166	15	4973	117
1935	6	2012	107
9144	18	708	219
484	1	148	005
167	1	148	049
1543	1	148	106
5266	15	4973	108
367	1	123	112
947	1	975	119
455	1	126	044
9144	18	9139	224
8692	23	12516	106
374	1	369	058
1047	1	148	120
2414	8	2415	186
5214	15	5088	146
1668	1	163	100
135	18	1013	183
1426	1	535	012
5066	15	4973	083
1591	1	535	104
2093	6	2012	094
1656	1	639	147
5165	15	4973	025
1308	1	1210	106
1281	1	129	156
9162	19	948	181
781	1	148	126
1042	18	1050	162
4715	23	12510	120
3134	11	3129	107
1379	1	953	025
1463	1	1464	161
822	1	416	131
5259	15	4973	005
910	1	518	082
472	1	148	081
636	18	1495	218
3826	23	2996	092
9144	18	708	172
1042	18	568	215
2351	8	2350	195
1043	1	125	046
1435	1	125	032
1042	18	979	196
1444	1	123	130
2385	8	2386	203
8756	23	12511	070
832	1	416	030
460	1	125	052
573	1	574	104
9144	18	9139	215
2925	19	1926	221
9144	18	9139	177
1444	1	123	103
8730	23	2951	017
7195	23	12531	081
784	1	317	124
9144	18	137	205
5153	15	4973	035
194	1	148	152
1379	1	953	159
1042	18	644	229
9144	18	1041	225
823	1	148	035
135	18	1591	191
1976	6	229	010
12545	23	2951	088
1375	1	953	037
135	18	9132	184
1042	18	297	204
947	1	123	113
1854	23	2921	088
1354	1	953	136
235	1	148	010
3620	14	3423	037
1094	15	4973	044
1042	18	979	207
1172	1	953	039
8516	23	2981	038
9144	18	696	229
1042	18	979	176
1543	1	148	043
9144	18	696	228
984	1	148	105
4833	14	3811	120
1094	1	125	059
621	1	122	079
1337	1	129	049
610	1	416	153
910	1	518	042
993	1	123	129
709	1	369	094
2422	8	2423	210
5130	15	4973	078
5053	15	4973	079
1370	1	129	069
434	1	123	150
2351	8	2350	180
831	1	416	005
9470	21	9455	213
3420	14	3422	118
9144	18	1027	230
1147	1	953	147
1202	1	953	152
1453	1	419	135
7975	23	3023	124
394	1	148	134
156	1	123	154
1216	1	953	134
674	1	122	050
1320	1	129	030
976	1	148	132
1415	1	163	102
269	1	125	076
1354	1	1142	071
2093	6	2012	098
1453	1	419	061
9144	18	9140	191
1360	1	953	034
5111	15	4973	091
5680	22	5652	146
472	1	148	038
3236	23	12520	100
976	1	148	049
5066	15	4973	160
9144	18	137	164
5295	15	4973	090
1199	1	1142	092
525	15	4973	131
854	1	535	066
2278	8	2277	181
12497	22	10627	151
1538	1	148	080
972	1	123	153
9144	18	696	220
6247	23	2935	056
1406	1	1464	067
5322	15	4986	134
157	1	123	140
5251	15	4973	019
5136	15	4973	037
5133	15	5088	131
2377	8	2378	172
573	1	574	158
1854	23	2921	127
386	1	148	016
827	15	5088	108
4568	23	2946	101
2729	23	2966	148
412	1	148	005
2351	8	2350	208
2265	8	2266	175
455	1	125	011
5003	15	4973	131
1184	1	953	136
638	1	639	102
5031	15	4973	097
469	1	125	075
1253	1	129	045
628	1	148	092
9144	18	1035	209
135	18	2004	168
447	1	126	044
9386	23	12511	117
5329	15	4973	056
377	1	125	067
5279	15	4973	018
1645	1	125	062
135	18	9134	228
827	15	5088	155
134	1	125	033
1563	1	123	144
367	1	122	053
999	1	123	105
811	1	416	153
5279	15	4973	116
77	1	78	046
2394	8	2395	224
5030	15	4973	117
6247	23	2935	039
2320	8	2321	227
1591	1	135	061
6195	19	1991	189
5148	15	5088	086
4984	15	4986	026
9144	18	9136	207
1094	15	4973	116
770	1	125	054
4905	14	3587	024
2462	8	2448	196
609	1	419	013
8692	23	12516	023
77	0	91	195
776	1	493	143
573	1	574	090
185	1	122	059
9144	18	1041	193
5317	15	4973	038
25	0	26	168
1312	1	1210	103
1143	1	953	070
1543	1	148	054
475	1	148	053
5346	15	4986	064
1042	18	435	202
5030	15	4973	021
386	1	148	128
7195	23	12531	117
8756	23	12511	124
676	1	123	124
9018	23	3023	105
636	18	718	204
10310	22	10311	146
135	18	1426	207
255	1	148	024
375	1	369	034
367	1	122	047
1181	1	953	013
2404	8	2405	216
2350	8	2351	168
1222	1	129	136
7847	23	2966	103
311	1	148	148
5128	15	4973	084
636	18	1495	163
823	1	148	055
1658	1	163	085
1538	1	148	057
1042	18	1651	195
400	18	3078	180
6439	23	12515	026
11372	22	9589	011
1181	1	953	010
2093	6	2012	020
4269	14	4270	148
1042	18	1651	164
909	1	148	161
673	1	948	160
993	1	123	126
135	18	438	172
394	1	148	081
4269	14	4270	155
1042	18	1467	227
1042	18	979	193
473	1	416	034
2362	8	2361	175
1154	1	953	040
2449	20	6875	157
3236	23	3023	097
9144	18	704	205
1247	1	129	029
610	1	416	011
1643	1	129	070
9144	18	696	182
5348	15	5088	129
827	15	5088	131
12503	23	2995	071
636	18	718	199
3244	21	9473	225
1237	1	129	084
958	1	148	085
350	1	163	161
2244	8	2243	207
152	1	122	032
12503	23	12520	084
217	1	148	073
918	1	148	100
9470	21	9455	200
1435	1	125	059
5102	15	4973	117
4998	15	4973	082
1042	18	979	209
6247	23	2935	075
5160	15	5088	130
265	1	126	099
1669	1	419	044
628	1	148	041
135	18	2004	207
1426	1	135	128
492	1	493	057
415	1	416	072
367	1	122	018
1214	1	1210	130
1042	18	644	193
1308	1	129	014
5245	15	4973	067
1173	1	953	037
1042	18	435	228
5219	15	4973	033
135	18	2004	198
2463	8	2464	170
910	1	518	083
12503	23	12520	104
473	1	416	048
680	18	9132	168
9306	23	12511	119
2362	8	2361	170
1237	1	1210	118
1581	1	122	069
806	1	123	154
1453	15	4973	157
947	1	148	096
1468	1	604	132
311	1	148	065
995	1	148	008
993	1	123	116
135	18	954	203
1502	1	416	066
1042	18	571	187
1281	1	1210	133
6247	23	12509	045
1042	18	645	164
9162	19	948	209
8927	23	12541	160
25	1	33	026
9144	18	687	207
9162	19	948	189
1176	1	953	047
1042	18	435	181
1527	1	126	150
2310	19	1991	194
775	1	122	022
1463	15	4986	083
1081	1	535	084
418	1	419	141
5263	15	4973	136
311	1	148	022
964	1	148	148
1850	23	2951	014
534	1	535	096
5164	15	4973	149
5115	15	4973	094
5259	15	4973	150
1042	18	644	172
706	1	708	118
450	1	148	122
1854	23	2921	090
1308	1	1210	113
8552	23	3023	124
7570	23	12516	099
1042	18	571	192
2093	6	2012	093
77	0	91	207
1047	1	148	147
1415	1	148	155
3082	11	3083	035
5115	15	4973	111
9070	23	2982	010
229	15	5057	156
372	1	369	001
8499	23	12511	004
1377	1	953	083
1042	18	568	209
1468	1	604	103
135	18	1426	221
250	1	148	114
135	18	9134	206
1279	1	129	012
249	1	148	156
7847	23	2966	131
1181	1	1142	121
1417	15	5088	136
9144	18	137	173
251	1	126	125
2447	8	2448	231
4970	15	4973	094
734	15	4977	095
1042	18	644	182
8426	23	12511	097
636	18	791	208
958	1	148	009
1042	18	1441	167
1491	1	125	024
5062	15	4973	045
12503	23	2995	143
1529	1	148	013
638	1	639	007
1013	1	604	056
775	1	122	062
7018	19	1991	211
1042	18	567	195
7570	23	12516	013
1042	18	567	171
5114	15	4973	040
947	1	975	157
1042	18	1441	181
705	1	687	050
1253	1	1210	113
6400	19	9159	198
1375	1	1142	086
2925	19	1926	171
1540	1	148	077
1165	1	953	042
579	1	656	140
4074	14	3791	114
1540	1	148	153
1130	1	125	061
1591	1	535	057
579	1	656	094
1383	1	1210	104
158	1	148	092
135	18	9131	182
5210	15	4973	035
1563	1	123	152
1264	1	1210	121
9144	18	1027	202
135	18	1591	178
135	18	9131	199
9144	18	687	227
424	15	4986	055
1417	15	5088	108
1586	15	4973	150
5214	15	5088	086
827	15	5088	117
1224	1	122	078
6439	23	2956	129
2261	8	2262	166
5278	15	4986	158
1247	1	1210	086
5245	15	4973	160
5128	15	4973	028
462	1	126	095
1321	1	129	134
394	1	148	077
2262	14	3463	155
1173	1	953	053
424	15	4986	025
974	1	123	117
2729	23	2966	033
1337	1	129	043
1415	1	148	161
8756	23	12511	155
409	1	125	067
602	1	604	057
2351	8	2350	220
310	15	5088	078
1411	1	163	126
1494	1	1496	118
5018	15	4973	078
1204	1	953	009
4776	14	3810	086
974	1	122	033
993	1	123	085
5280	15	4973	106
1453	1	419	136
1042	18	1050	198
1042	18	1467	215
156	1	123	111
12545	23	2952	093
8552	23	3023	052
5109	15	5110	154
1227	1	129	054
8272	23	2975	118
2373	23	12511	072
3343	21	9473	222
1311	1	129	031
2320	8	2321	217
1251	1	1210	095
997	1	129	010
1858	19	969	223
1541	1	148	118
709	1	369	019
1339	1	129	143
999	1	123	117
3250	21	9434	193
470	1	126	108
310	15	5088	061
973	1	454	098
5263	15	4973	089
2463	8	2464	213
954	1	604	001
5111	15	4973	143
1042	18	409	214
1294	1	1210	131
5146	15	4973	133
1042	18	979	218
135	18	9135	229
8385	23	3023	101
1015	1	148	103
5238	15	5088	023
458	15	4973	160
1253	1	129	036
3346	21	9473	222
303	1	416	129
1042	18	979	208
1387	1	1210	077
818	1	416	022
2852	23	2952	121
780	1	125	078
990	1	991	106
1354	1	1142	129
5356	15	4973	081
4998	15	4973	140
1312	1	129	018
1168	1	953	013
2925	23	2996	063
823	1	148	019
400	18	3078	192
492	15	5088	055
1373	1	1142	108
7570	23	12516	061
11372	22	9589	123
1191	1	953	040
807	1	148	158
1042	18	1441	213
2426	8	2427	227
1158	1	953	084
9063	23	3023	019
680	18	9134	172
12545	23	2952	138
9144	18	1029	200
2447	23	12501	129
9470	21	9455	227
475	1	148	068
1171	1	953	038
135	18	9132	181
5246	15	4973	023
1042	18	571	165
25	0	26	201
1117	1	148	027
5219	15	4973	010
121	1	123	160
1545	1	148	048
784	1	317	052
1898	23	2997	085
1042	18	644	196
313	1	148	100
1387	1	1210	068
680	18	9132	167
135	18	438	167
1645	1	125	080
3250	21	9434	177
2463	8	2464	220
135	18	1081	227
1153	1	953	076
1042	18	644	190
4943	14	3696	122
1669	1	419	049
5295	15	4973	050
5026	15	4973	025
579	15	5088	104
224	1	122	008
1042	1	687	103
1415	1	148	083
1042	18	409	197
812	1	416	078
25	1	33	109
1191	1	953	136
3620	14	3423	062
12503	23	2995	130
1442	1	126	111
5129	15	4973	128
1042	18	1441	166
1212	1	122	058
1042	18	1467	203
685	1	687	001
1165	1	1142	082
2945	10	2946	107
1415	1	163	045
6878	23	12520	103
475	1	148	033
1143	1	953	079
5031	15	4973	090
6878	23	12520	016
9144	18	9139	168
135	18	534	201
135	18	1591	162
2373	8	2374	182
6195	19	1991	162
216	1	148	074
4260	14	4261	084
1311	1	129	035
997	1	123	132
1188	1	953	039
680	18	9131	178
1253	1	129	078
910	1	518	031
2405	8	2404	207
1153	1	953	049
1387	1	129	155
1264	1	122	005
438	1	135	156
1278	1	1210	147
1548	1	148	145
5271	15	4973	050
372	1	369	054
1294	1	129	034
5329	15	4973	033
5165	15	4973	059
2395	8	2394	190
1481	1	126	092
217	1	148	066
5261	15	4973	146
1264	1	1210	123
1521	1	148	048
8385	23	2982	097
1234	1	1210	117
8499	23	12511	028
1207	1	1142	131
9144	18	137	180
9144	18	1029	175
310	15	5088	090
4370	14	3710	004
5018	15	4973	086
6195	19	1991	174
680	1	137	139
400	18	3078	202
2265	8	2266	172
1195	1	1142	123
776	15	5088	009
5303	15	4973	031
235	1	148	037
1372	1	1142	118
367	1	122	059
9144	18	1029	168
5261	15	4973	049
264	15	4973	039
5138	15	4973	091
1585	1	706	140
417	1	319	088
458	1	126	100
5322	15	4986	083
6878	23	2966	135
947	1	163	086
371	1	369	151
4984	15	4986	151
1042	18	567	169
1387	1	122	038
5003	15	4973	154
5168	15	5088	159
1204	1	1142	107
3343	21	9473	224
1565	1	148	132
135	18	2004	189
156	1	123	117
2358	8	2359	206
1042	18	160	228
251	1	126	103
2244	8	2243	196
3346	21	9473	215
1941	5	1943	158
6936	23	12511	096
2426	8	2427	223
680	18	9133	163
854	1	135	065
1935	6	2012	076
135	18	438	196
973	1	454	123
1042	18	1441	223
801	15	5088	142
734	15	4977	059
680	18	9135	166
958	1	148	093
4269	14	3781	078
3313	21	9434	179
1240	1	129	015
573	1	574	101
4598	14	3447	156
2351	8	2350	221
5136	15	4973	014
676	1	123	117
135	18	1014	182
680	1	137	072
2729	23	2935	020
1545	1	148	056
4943	14	3696	121
5136	15	4973	042
979	1	125	010
6247	23	12509	072
613	1	416	150
2990	23	12502	101
1011	1	122	077
3250	21	9434	179
1042	18	570	184
1510	1	122	073
5006	15	4986	084
12503	23	2995	039
219	15	4973	018
1354	1	953	145
1463	1	1464	065
1481	1	125	005
5357	15	4973	082
958	1	148	158
5148	15	5088	100
1320	1	1210	103
25	0	26	165
1184	1	1142	110
9144	18	696	190
9144	18	687	223
1383	1	1210	062
6414	23	2935	071
636	18	717	175
685	1	687	076
1080	1	123	140
1586	15	4973	099
3346	21	9473	228
2350	8	2351	208
5159	15	5088	104
5317	15	4973	056
2244	8	2243	208
1338	1	129	023
1642	1	122	051
517	1	519	079
1491	1	125	055
1468	1	604	085
567	1	125	019
613	1	416	103
1014	1	604	145
9144	18	9139	169
1228	1	129	156
1338	1	1210	132
1212	1	1210	115
1013	1	604	117
5261	15	4973	061
2395	8	2394	218
2310	19	1991	181
2093	6	2012	003
2351	8	2350	202
1240	1	1210	110
310	15	5088	124
1502	1	416	060
5146	15	4973	142
4370	14	3710	056
5251	15	4973	036
1558	1	148	006
9144	18	9140	226
1042	18	979	182
11372	22	9589	101
25	0	26	212
469	1	125	032
386	1	148	102
8943	23	3023	026
424	1	319	069
579	1	656	084
1264	1	1210	129
636	18	1495	208
1435	1	125	080
7178	23	12511	076
3236	23	3023	155
1148	1	1142	088
2405	8	2404	212
9144	18	704	172
11065	22	10069	151
1130	1	125	011
802	1	122	085
2422	8	2423	220
8272	23	12515	103
8787	23	2975	149
1043	1	125	143
5210	15	4973	046
168	1	148	161
909	1	148	048
9144	18	1035	230
204	1	122	081
1212	1	122	026
5280	15	4973	109
1967	15	4973	028
1858	19	969	206
1665	1	126	086
609	1	419	158
1042	18	715	231
3192	12	2175	119
277	1	125	051
6400	19	9159	216
372	1	369	085
908	1	518	012
958	1	148	113
5341	15	4973	096
999	1	122	069
1042	18	567	215
386	1	148	143
947	1	129	038
1428	1	126	111
1042	18	715	224
2350	8	2351	181
5102	15	4973	079
1039	1	1041	127
9680	22	9544	097
11316	22	9589	033
311	1	148	119
1217	1	953	057
1013	1	604	062
461	1	126	108
1331	1	129	076
2373	8	2374	199
409	1	125	037
269	1	125	074
5012	15	4973	140
1406	15	4986	070
468	1	125	005
447	1	126	104
1147	1	953	158
6973	23	12501	030
9144	18	9136	173
367	1	122	028
3066	23	2982	013
5111	15	4973	011
2350	8	2351	180
5138	15	4973	072
2378	20	7119	148
8667	23	3023	056
8213	23	12526	152
1042	18	409	175
1047	1	148	065
1039	1	1041	152
802	1	123	106
1371	1	129	011
2362	8	2361	168
11316	22	9589	108
7997	23	2982	087
8006	23	2949	009
5006	15	4986	143
517	1	519	098
2082	15	5057	101
6247	23	2935	068
3250	21	9434	224
609	1	419	041
1214	1	122	059
5252	15	5088	150
1202	1	953	026
795	1	148	138
450	1	148	118
2278	8	2277	189
677	1	148	008
4715	23	12510	063
1565	1	148	110
1168	1	1142	128
6247	23	2935	002
740	1	1093	159
505	1	148	160
460	1	125	059
6973	23	12501	130
377	1	125	059
2447	23	12501	154
412	1	148	072
1351	1	129	139
1042	18	1441	185
613	1	416	130
2433	8	2432	229
775	1	122	068
1253	1	129	029
1347	1	953	008
680	18	9135	170
1590	1	122	084
9144	18	9136	185
9144	18	9139	216
8552	23	3023	101
1148	1	1142	104
4715	23	12510	025
5133	15	5088	061
1047	1	148	149
976	1	148	028
680	18	9134	178
9144	18	708	228
135	18	1591	182
135	18	1468	197
1281	1	122	070
318	1	319	121
7464	19	179	162
377	1	125	026
3352	21	9473	215
7078	22	9913	160
1094	1	125	016
1329	1	129	137
5317	15	4973	145
500	1	148	149
473	1	416	049
962	1	163	046
1481	1	125	030
818	1	416	126
135	18	1591	207
5111	15	4973	077
1081	1	535	020
8692	23	12516	005
1668	1	163	057
979	1	125	028
1127	1	846	074
121	1	123	086
1165	1	1142	111
9144	18	9139	196
1468	1	604	128
1042	18	715	209
1042	18	1467	173
1184	1	953	134
6247	23	2935	043
134	1	126	091
249	1	148	111
6599	23	12547	006
974	1	122	047
985	1	148	068
1246	1	1210	112
1230	1	122	017
5102	15	4973	081
2362	8	2361	196
135	18	9131	217
9144	18	9138	230
1234	1	122	015
1198	1	1142	116
807	1	148	052
832	1	416	161
5308	15	5088	006
1094	1	125	077
4824	14	3710	052
1181	1	1142	087
398	1	148	070
5261	15	4973	032
5303	15	4973	132
5210	15	4973	153
1047	1	148	143
5159	15	5088	091
1850	23	2951	099
185	1	122	044
6599	23	12547	036
265	1	125	082
6529	23	3023	077
1645	1	125	159
1246	1	1210	101
4716	14	3447	065
6529	23	2952	010
2373	23	12511	034
6414	23	2935	102
5249	15	4973	039
9144	18	1035	222
9144	18	704	182
9144	18	696	204
997	1	123	106
1042	18	435	220
167	1	148	153
1347	1	953	047
2427	8	2426	222
2432	8	2433	214
8499	23	12511	056
373	1	369	074
1312	1	1210	085
1042	18	377	225
1158	1	953	060
1383	1	129	158
740	1	1093	052
9145	18	416	162
135	18	1426	178
831	1	416	079
135	18	1014	217
5159	15	5088	097
5018	15	4973	034
1306	1	129	149
5133	15	5088	085
1467	1	125	056
1591	1	535	095
2395	8	2394	189
1202	1	125	017
1207	1	1142	013
447	1	126	079
277	1	125	058
135	18	954	228
2414	8	2415	230
1360	1	953	022
1425	1	122	079
2402	8	2403	218
810	1	416	156
1935	6	2012	006
2426	8	2427	206
827	15	5088	127
1042	18	297	164
5246	15	4973	137
2405	8	2404	225
1042	18	715	207
2990	23	12502	084
9144	18	687	167
5219	15	4973	038
1453	1	419	126
964	1	148	058
610	1	416	138
2294	23	12511	031
677	1	148	120
1426	1	135	061
652	1	148	100
1384	1	122	064
949	1	148	062
655	1	419	035
600	15	5088	156
135	18	534	215
9144	18	9138	179
1387	1	1210	073
458	1	126	111
1165	1	1142	124
1898	23	2997	032
712	1	163	128
9144	18	9137	183
2432	8	2433	205
5316	15	4973	143
135	18	2004	184
654	1	123	115
8552	23	3023	066
1081	1	604	025
1042	18	1551	179
1200	1	953	137
1643	1	123	090
811	1	416	125
5133	15	5088	155
818	1	416	113
1207	1	1142	061
1153	1	1142	118
568	1	125	070
1420	1	125	042
1522	1	148	025
8006	23	2949	052
1212	1	122	074
1442	1	126	122
1967	15	4973	153
985	1	148	080
1042	18	645	185
1583	1	123	119
2373	8	2374	188
534	1	135	125
2852	23	2952	011
717	1	636	138
5266	15	4973	040
2448	8	2447	212
135	18	9132	203
400	18	3078	195
4715	23	12510	116
1042	18	570	208
2925	19	1926	204
1198	1	1142	091
461	1	125	016
9144	18	9137	208
9439	21	9434	211
254	1	148	134
636	18	1495	207
217	1	148	113
135	18	9132	183
4269	14	4270	134
5266	15	4973	047
350	1	163	028
1590	1	123	133
1207	1	1142	093
1941	5	1943	007
469	1	125	043
854	1	535	141
4269	14	4270	095
2394	8	2395	197
806	1	122	005
6371	23	3023	004
1291	1	129	160
277	1	126	090
1275	1	1210	128
973	1	454	083
9144	18	9137	203
1669	1	419	117
135	18	854	173
795	1	148	084
1428	1	125	047
8426	23	12511	061
1935	6	2012	042
5115	15	4973	149
2361	8	2362	173
135	18	954	194
194	1	148	077
217	1	148	016
638	1	639	147
1265	1	1210	130
135	18	9130	200
5030	15	4973	024
1320	1	1210	114
1228	1	1210	106
9144	18	704	163
5341	15	4973	071
5138	15	4973	002
822	1	416	034
1566	1	148	009
135	18	602	182
8730	23	2951	110
982	1	148	108
9144	18	9140	209
255	1	148	023
5178	15	5088	130
999	1	123	143
854	1	535	158
1665	1	125	149
167	1	148	159
2386	8	2385	205
3420	14	3423	133
1043	1	126	089
135	18	854	214
9144	18	696	179
135	18	1013	198
1386	1	129	153
1184	1	953	047
167	1	148	130
12503	23	12520	094
1042	18	1051	183
1212	1	122	047
1081	1	135	102
9144	18	9136	184
1171	15	4973	052
1502	1	416	115
9144	18	698	212
2925	19	1926	196
2265	23	2982	106
417	1	319	028
5130	15	4973	053
5249	15	4973	159
1591	1	535	055
1377	1	953	007
438	1	135	026
1278	1	1210	099
1548	1	148	151
135	18	9135	182
776	15	5088	119
135	18	954	229
1246	1	122	072
1181	1	1142	092
5245	15	4973	142
2433	8	2432	208
621	1	122	043
1273	1	129	078
9144	18	1027	209
5012	15	4973	010
135	18	534	202
1373	1	953	141
3244	21	9473	229
5003	15	4973	033
734	15	4977	026
9306	23	12511	092
1251	1	1210	125
2990	19	9159	199
3135	11	3136	054
5303	15	4973	015
2082	15	5057	103
5136	15	4973	060
9144	18	1029	176
6195	19	1991	195
8006	23	2949	134
415	1	416	012
135	18	2004	187
1195	1	953	076
1642	1	122	037
1293	1	129	005
8552	23	3023	152
636	18	788	199
9144	18	137	214
1230	1	129	159
1501	1	148	129
5219	15	4973	076
1370	1	129	071
776	1	493	009
1387	1	122	061
647	1	126	099
997	1	129	072
2394	8	2395	189
6195	19	1991	169
1042	18	1441	190
9144	18	1029	178
1042	18	409	199
1195	1	953	060
1049	1	148	006
8692	23	12526	098
373	1	369	116
3138	19	9157	172
1612	1	148	131
1043	1	125	076
3134	11	3129	076
6878	23	2966	070
954	1	604	005
438	1	135	131
458	15	4973	036
5316	15	4973	065
5115	15	4973	072
1154	1	953	074
8787	23	2975	012
1222	1	1210	109
204	1	122	028
135	18	2004	178
1042	18	160	202
1168	1	1142	121
1341	1	1142	149
9070	23	2982	060
2278	8	2277	182
4335	14	3437	112
135	18	9131	212
636	18	1495	195
1038	1	148	039
1308	1	1210	120
636	18	1495	203
5066	15	4973	123
5295	15	4973	047
1411	1	163	153
368	1	369	159
1406	15	4986	016
8787	23	2975	129
1522	1	148	151
1841	23	2997	130
1042	18	1051	187
5119	15	4985	118
806	1	122	041
1967	15	4973	061
1306	1	129	146
12545	23	2951	043
6439	23	2956	120
4050	14	4051	071
135	18	1426	196
386	1	148	067
709	1	369	053
734	15	4977	078
1898	23	2997	089
1158	1	953	139
398	1	148	117
250	1	148	147
706	1	708	045
1015	1	148	091
377	1	125	011
5214	15	5088	135
2301	23	2951	027
1204	1	953	057
1414	1	122	060
1081	1	535	098
997	1	129	076
3620	14	3423	099
6973	23	2996	123
5111	15	4973	095
647	1	126	128
4335	14	3437	099
1042	18	1551	167
194	1	148	042
5279	15	4973	144
6599	23	12547	039
1521	1	148	016
3244	21	9473	228
685	1	687	105
1042	18	979	172
1230	1	129	140
135	18	9132	224
7195	23	12531	009
1585	1	163	153
8943	23	3023	159
394	1	148	022
372	1	369	151
3826	23	2996	070
3236	23	12520	107
375	1	369	144
9495	21	9457	199
1033	1	1035	114
415	1	416	115
147	1	148	081
1331	1	129	060
781	1	148	111
8787	23	2975	025
460	1	125	013
6247	23	2935	027
4048	14	3791	087
5130	15	4973	020
367	1	123	144
985	1	148	152
455	1	125	052
135	18	1468	224
2925	19	1926	169
376	1	369	096
1294	1	1210	116
5341	15	4973	003
1042	18	645	194
1213	1	1210	149
204	1	123	157
1850	23	2951	127
1669	1	419	088
3082	11	3083	003
9144	18	1027	208
25	0	26	206
2261	8	2262	164
2330	8	2331	221
1545	1	148	041
1150	1	953	020
6878	23	2966	025
2990	19	9159	227
1415	1	163	150
1541	1	148	089
965	1	148	112
1173	1	953	153
394	1	148	024
8842	23	3023	006
4054	14	3623	116
2262	8	2261	164
2691	23	3023	013
570	1	125	014
1529	1	148	005
8692	23	12526	000
25	0	27	190
9018	23	3023	104
249	1	148	105
2421	8	2420	213
372	1	369	010
424	15	4986	137
9018	23	3023	054
1080	1	122	081
6371	23	3023	074
1042	18	568	171
1373	1	1142	131
1042	18	570	220
999	1	122	046
8552	23	3023	151
636	18	1495	162
4394	14	3791	140
1576	1	419	134
8692	23	12526	091
1042	18	1551	226
135	18	1591	210
1543	1	148	116
1583	1	122	009
5098	15	4986	067
6439	23	2956	018
8516	19	2048	171
350	1	163	015
3250	21	9434	202
8272	23	2975	040
1204	1	953	160
1468	1	604	117
5357	15	4973	159
8006	23	2949	142
1278	1	122	007
776	1	493	069
254	1	148	084
908	1	518	106
204	1	123	103
1463	15	4986	090
636	18	717	171
5261	15	4973	083
5178	15	5088	100
135	18	1470	207
305	1	148	152
394	1	148	161
5179	15	4973	106
1898	23	2997	007
472	1	148	087
9144	18	9138	173
1042	18	297	182
1550	1	975	153
5166	15	4973	008
5165	15	4973	074
1078	1	123	089
1642	1	122	052
9144	18	708	210
2433	8	2432	216
1042	18	567	189
609	1	419	031
5246	15	4973	120
636	18	791	195
5164	15	4973	049
372	1	369	003
2350	8	2351	184
9144	18	1027	191
11316	22	9589	058
1198	1	953	076
1158	1	953	038
12497	22	10627	155
9162	19	948	183
8730	23	2951	135
9680	22	9544	090
1143	15	4973	015
1383	1	1210	083
1094	15	4973	153
1321	1	129	024
2351	8	2350	200
857	15	5088	096
386	1	148	153
4716	14	3447	123
5320	15	4973	159
134	1	126	133
680	18	9131	168
152	1	122	052
810	1	416	143
613	1	416	069
7464	19	179	205
1372	1	953	054
4598	14	3447	016
1585	1	148	117
5316	15	4973	118
1383	1	129	061
1314	1	129	156
8943	23	2951	023
654	1	123	112
450	1	148	064
5265	15	4973	114
373	1	369	093
5238	15	5088	017
1278	1	1210	123
857	15	5088	126
2365	8	2366	165
2463	8	2464	230
4932	14	3491	004
5238	15	5088	157
680	18	9134	163
1426	1	135	038
734	15	4977	060
4147	19	1935	214
5316	15	4973	005
5317	15	4973	155
1015	1	148	069
1127	1	846	114
5109	15	5110	159
1453	1	419	109
11703	22	9557	160
135	18	9134	186
77	0	91	210
182	1	129	061
9018	23	3023	106
823	1	148	127
2394	8	2395	211
135	18	854	172
8385	23	3023	143
2200	9	2713	067
1948	15	5094	090
367	1	123	156
1165	1	1142	110
1444	1	123	152
982	1	148	029
3215	12	2048	143
25	1	33	052
2348	8	2349	187
5006	15	4986	142
372	1	369	152
1854	23	2921	089
1383	1	129	048
1371	1	1210	124
161	1	163	095
3395	21	9435	215
857	15	5088	118
1521	1	148	099
7079	23	12511	073
470	1	125	159
8426	23	12511	103
4074	14	3791	009
8516	23	2981	124
3905	14	3847	061
6973	23	12501	065
374	1	369	020
1038	1	148	108
1583	1	123	145
1038	1	148	139
235	1	148	032
9144	18	708	205
4147	19	1935	204
1143	1	953	138
1203	1	1142	107
1189	1	953	042
6371	23	3023	153
5179	15	4973	047
9144	18	1035	174
1233	1	1210	107
1038	1	148	038
425	1	319	107
5322	15	4986	133
135	18	534	164
135	18	854	168
1147	1	953	136
3826	23	2996	059
1042	18	1651	184
1042	18	1467	216
995	1	148	149
621	1	122	061
8426	23	12511	065
6247	23	12509	021
135	18	534	163
9460	21	9434	227
2301	23	2951	018
4976	15	4973	076
128	1	129	037
5316	15	4973	051
1576	1	419	002
5266	15	4973	060
5308	15	5088	114
9144	18	9136	188
4905	14	3587	152
9070	23	2982	011
573	15	5094	018
7018	19	1991	180
811	1	416	130
77	1	78	058
1543	1	148	126
5119	15	4985	107
2852	23	2952	041
1425	1	123	085
185	1	122	024
1858	19	25	214
8272	23	2975	013
8552	23	3023	078
1541	1	148	009
435	1	125	056
5322	15	4986	047
5357	15	4973	079
424	1	319	107
9145	18	416	214
1383	1	1210	048
216	1	148	018
1379	1	953	006
9306	23	12511	093
974	1	123	087
2243	8	2244	211
77	1	78	089
8006	23	2949	112
254	1	148	076
1042	18	567	191
25	0	27	227
5031	15	4973	001
1042	18	377	168
1544	1	148	087
1442	1	126	110
705	1	687	063
1397	1	148	147
2729	23	2966	048
3620	14	3423	136
9439	21	9440	211
1179	1	953	046
3826	23	2996	081
2990	23	12502	081
831	1	416	008
492	1	493	106
5214	15	5088	153
1051	1	125	032
8756	23	12511	132
2361	8	2362	189
2925	19	1926	201
1039	1	1041	135
974	1	123	089
4074	14	3791	151
5322	15	4986	033
135	18	1081	189
812	1	416	028
3352	21	9473	219
1050	1	125	057
8385	23	2981	034
1199	1	1142	100
5128	15	4973	015
1463	1	1464	118
781	1	148	097
318	1	319	074
674	1	123	152
7464	19	179	212
6439	23	2956	131
1371	1	129	071
1371	1	129	151
680	18	9132	173
1162	1	953	139
5322	15	4986	120
1435	1	126	121
135	18	9131	213
1251	1	122	074
4147	19	1935	194
392	1	148	037
1453	1	419	005
984	1	148	020
2277	8	2278	182
2344	8	2345	231
1224	1	122	015
972	1	122	058
609	1	419	029
2277	8	2278	187
1497	1	163	131
9144	18	9136	223
4984	15	4986	106
2362	8	2361	185
1481	1	125	046
4479	14	3948	099
825	1	129	047
255	1	148	008
458	1	126	106
5350	15	4973	143
5012	15	4973	011
216	1	148	146
5066	15	4973	161
1191	1	1142	157
5317	15	4973	148
367	1	122	050
415	1	416	058
628	1	148	143
9070	23	2982	131
77	0	91	191
2729	23	2966	136
135	18	1014	201
2082	15	5057	096
1406	1	1464	073
398	1	148	095
4074	14	3791	005
8385	23	3023	070
310	15	5088	118
5146	15	4973	131
9144	18	9139	200
465	1	125	085
7178	23	12511	006
5317	15	4973	089
993	1	123	124
1213	1	1210	157
135	18	438	208
5246	15	4973	075
6878	23	12520	124
5166	15	4973	100
1042	18	645	191
303	1	416	086
676	1	123	123
2990	19	9159	224
1669	1	419	045
1127	1	846	060
3843	14	3791	048
465	1	125	084
8787	23	2975	067
1147	1	953	023
9162	19	948	210
3843	14	3791	004
5261	15	4973	091
1656	1	639	070
5128	15	4973	110
8927	23	12541	149
135	18	954	202
4547	14	3450	087
135	18	2004	220
2432	8	2433	224
1341	1	953	053
3082	11	3083	092
1841	23	2997	135
135	18	9131	227
1184	1	953	155
1529	1	148	080
995	1	148	141
9144	18	1041	170
1669	1	419	160
474	1	148	083
249	1	148	147
6973	23	12501	125
157	1	129	082
5322	15	4986	081
1042	18	409	187
12545	23	2951	097
5136	15	4973	016
9144	18	704	176
1042	18	409	191
1154	1	953	044
7293	19	1926	229
7464	19	179	220
706	1	708	023
9144	18	687	168
1176	1	953	035
706	1	708	061
1042	18	571	173
717	1	636	032
1967	15	4973	052
1417	1	778	062
135	18	1426	198
135	18	1591	229
1047	1	148	139
9144	18	9139	222
8552	23	3023	038
1042	18	568	206
965	1	148	139
8516	23	2981	123
949	1	148	029
1373	1	953	142
1351	1	1210	056
1318	1	1210	092
6529	23	2952	064
5263	15	4973	068
7464	19	179	209
5308	15	5088	089
424	15	4986	060
1202	1	125	040
2472	8	2374	204
812	1	416	127
305	1	148	130
990	1	991	029
807	1	148	115
434	1	123	153
135	18	954	206
652	1	148	104
2828	9	2556	093
5063	15	4973	101
351	1	122	025
8667	23	3023	085
4426	14	3822	129
1858	19	969	219
1541	1	148	147
492	1	493	116
9144	18	9138	222
5026	15	4973	132
1494	1	1496	139
265	1	125	147
128	1	123	092
2310	19	1991	188
376	1	369	097
5098	15	4986	035
1049	1	148	140
1189	1	953	025
709	1	369	103
135	18	1470	190
999	1	122	020
1545	1	148	034
249	1	148	036
2852	23	2952	054
9144	18	698	175
800	1	416	157
135	18	9135	226
9162	19	948	170
460	1	125	072
135	18	602	224
6973	23	12501	099
194	1	148	115
947	1	1033	081
1042	18	645	195
1042	18	160	200
1148	1	953	051
1406	15	4986	139
9390	23	12511	038
194	1	148	013
367	1	122	043
412	1	148	007
2463	8	2464	206
1042	18	568	183
1419	1	129	034
77	0	91	209
4048	14	3791	083
1147	1	953	051
6439	23	2956	049
652	1	148	052
1656	1	639	101
468	1	125	074
5280	15	4973	133
5263	15	4973	095
1544	1	148	094
703	1	704	036
5320	15	4973	066
2395	8	2394	222
6247	23	12509	017
6414	23	2935	124
1171	15	4973	067
7790	23	12511	006
9144	18	698	183
1042	18	435	192
6439	23	12515	127
1386	1	129	160
8385	23	2981	108
5291	15	4973	031
5357	15	4973	147
25	0	27	221
1566	1	148	131
976	1	148	035
9470	21	9455	211
636	18	791	197
9045	23	2982	053
2501	9	2502	158
1011	1	122	079
1227	1	129	068
152	1	123	113
167	1	148	117
4984	15	4986	024
1935	6	2012	002
6439	23	12515	072
473	1	416	001
1463	15	4986	138
740	1	1093	080
1265	1	129	146
9144	18	696	224
909	1	148	099
10066	22	9923	159
2394	8	2395	204
2445	8	2446	194
4873	14	3869	121
4598	14	3447	151
135	18	854	203
1042	18	1051	165
310	15	5088	036
5279	15	4973	004
2828	9	2556	137
2463	8	2464	192
458	1	125	017
5003	15	4973	063
990	1	510	135
1591	1	535	078
857	15	5088	132
680	18	9131	180
6247	23	2935	016
1042	18	644	213
5291	15	4973	146
447	1	126	097
854	1	135	025
182	1	129	016
5130	15	4973	102
3236	23	12520	028
5004	15	4973	076
999	1	122	052
3250	21	9434	217
1279	1	1210	094
4568	23	2946	078
1247	1	1210	089
1042	18	571	188
269	1	126	095
1545	1	148	032
7847	23	2966	003
680	18	9135	180
2462	8	2448	195
6878	23	12520	108
910	1	518	076
77	0	91	179
469	1	125	072
1976	6	229	026
826	1	148	148
9526	21	9451	195
1417	15	5088	151
744	1	163	089
425	1	319	049
5280	15	4973	045
740	1	1093	066
602	1	604	151
1353	1	129	010
674	1	123	124
9144	18	1041	183
5329	15	4973	095
1049	1	148	009
1264	1	1210	119
3066	23	12524	159
1306	1	122	006
392	1	148	087
1094	1	126	114
9145	18	416	164
954	1	604	160
1042	18	1050	226
6439	23	12515	142
676	1	122	016
1147	1	953	154
1042	18	160	185
781	1	148	120
1481	1	126	085
1515	1	148	035
216	1	148	071
1341	1	953	047
680	18	9135	175
5322	15	4986	011
9018	23	3023	027
4598	14	3447	155
77	0	91	182
219	15	4973	017
1171	1	953	074
579	15	5088	154
1254	1	129	083
4048	14	3791	137
6195	19	1991	197
1494	1	1496	136
621	1	123	160
579	1	656	054
135	18	9132	188
1251	1	122	038
9144	18	137	189
5238	15	5088	078
77	0	91	211
3250	21	9434	223
990	1	991	045
5128	15	4973	058
351	1	122	041
1182	1	1142	110
6529	23	3023	029
473	1	416	095
443	1	416	035
1011	1	122	068
1143	1	1142	089
135	18	1591	192
5280	15	4973	016
2330	8	2331	222
1042	18	1467	167
621	1	122	067
1094	15	4973	067
25	0	26	214
1321	1	129	143
1529	1	148	020
5136	15	4973	081
685	1	687	155
1188	1	953	052
3122	11	3123	083
12545	23	2952	139
135	18	9133	218
647	1	125	054
1042	18	1441	164
1415	1	148	027
135	18	954	218
965	1	148	043
680	18	9131	164
1314	1	122	031
3082	11	3083	026
77	0	91	198
1566	1	148	077
7975	23	3023	044
1612	1	148	088
2265	8	2266	215
455	1	126	058
474	1	148	043
3066	23	12524	057
1294	1	129	005
4568	23	2946	094
1042	18	644	218
1372	1	1142	105
974	1	122	081
5238	15	5088	040
613	1	416	001
351	1	123	124
1042	18	409	180
77	0	91	188
1501	1	148	134
636	18	718	174
135	18	9131	211
1042	18	1051	208
2427	8	2426	220
1208	1	953	071
4147	19	1935	227
1306	1	122	019
1042	18	1467	162
1273	1	129	045
1224	1	122	037
468	1	125	033
6973	23	2996	088
1191	1	953	019
1227	1	129	063
984	1	148	061
4547	14	3450	049
1541	1	148	086
1042	18	1467	222
2386	8	2385	200
1540	1	148	132
2358	8	2359	210
1585	1	706	129
1042	18	1551	180
1233	1	122	020
318	1	319	012
680	1	137	026
4260	14	4261	069
313	1	148	067
9144	18	9139	165
2729	23	2935	099
1042	18	1441	215
1275	1	129	035
367	1	123	131
447	1	126	129
706	1	708	048
6414	23	2935	046
823	1	148	078
9144	18	698	185
780	1	126	101
6599	23	12547	005
806	1	122	037
990	1	991	025
2426	8	2427	222
784	1	785	064
460	1	126	100
424	1	319	075
3343	21	9473	231
982	1	148	016
1224	1	122	047
4716	14	3447	043
818	1	416	004
460	1	125	148
462	1	126	128
1279	1	129	056
788	18	1505	191
579	15	5088	156
5357	15	4973	085
7975	23	3023	153
1042	18	1050	229
135	18	438	223
2351	8	2350	218
636	18	718	170
135	18	9134	198
9144	18	1029	210
135	18	9132	209
1150	1	1142	108
9144	18	708	199
3250	21	9434	230
1094	15	4973	128
5066	15	4973	153
8516	23	2981	100
135	18	534	185
9144	18	704	168
160	1	125	037
398	1	148	028
6414	23	2935	089
1042	18	568	227
9070	23	2982	151
1463	1	1464	120
4074	14	3791	054
25	0	27	220
1522	1	148	067
1470	1	135	003
5263	15	4973	116
1240	1	129	034
178	1	179	006
469	1	125	006
9145	18	416	218
571	1	125	059
77	0	91	204
2925	23	2996	135
1042	18	1651	187
2448	8	2447	213
135	18	9131	216
9144	18	9138	182
8927	23	12541	068
425	1	319	148
8426	23	12511	093
5266	15	4973	134
1278	1	129	160
1379	1	953	071
368	1	369	052
25	0	26	191
6400	19	9159	212
1247	1	129	073
1576	1	419	063
1264	1	122	085
999	1	123	099
135	18	2004	215
1353	1	1210	117
5214	15	5088	118
1207	1	1142	008
1196	1	1142	089
1527	1	125	062
458	1	125	143
4147	19	1935	193
121	1	123	091
1042	18	644	221
1207	1	953	147
1643	1	123	129
954	1	604	087
3130	11	3131	138
316	1	317	096
781	1	148	130
9144	18	9136	204
786	15	5088	148
786	15	5088	118
1935	6	2012	014
1967	15	4973	142
5324	15	5088	147
1228	1	1210	092
1453	1	419	116
25	1	33	128
470	1	125	049
1415	1	148	035
9144	18	1028	230
6878	23	12520	142
1158	1	953	147
1042	18	1467	191
1049	1	148	050
1481	1	125	135
1168	1	953	079
374	1	369	045
264	15	4973	080
5130	15	4973	021
982	1	148	078
1510	1	123	141
1375	1	1142	118
135	18	1014	202
8552	23	3023	106
1296	1	1210	094
134	1	125	069
1176	1	1142	108
8385	23	2981	101
1042	18	297	218
1240	1	1210	104
636	18	791	210
9144	18	1041	179
409	1	125	061
266	1	148	133
2691	23	3023	076
3409	21	9434	169
4269	14	4270	123
450	1	148	022
6247	23	12509	041
1415	1	163	113
139	1	125	156
7464	19	179	169
1420	1	125	012
1336	1	129	156
7847	23	2966	099
1127	1	846	059
1199	1	1142	048
5317	15	4973	036
4547	14	3450	015
5159	15	5088	125
4824	14	3710	022
9144	18	1027	229
636	18	788	206
1351	1	129	073
6195	19	1991	166
12545	23	2952	130
1042	18	1551	225
636	18	1495	165
636	18	718	210
1586	15	4973	046
462	1	125	043
1544	1	148	095
1414	1	123	118
5066	15	4973	073
7293	19	1926	228
25	0	27	219
135	18	9135	193
1094	15	4973	045
1042	18	568	167
1279	1	1210	133
1854	23	2921	048
1339	1	129	153
1042	18	435	231
9144	18	1035	227
5165	15	4973	100
988	15	4986	130
135	18	1014	212
3826	23	2996	155
434	1	123	134
9470	21	9455	192
5026	15	4973	101
4716	14	3447	077
2990	19	9159	170
1227	1	129	134
9497	21	9446	222
1510	1	122	085
6247	23	2935	117
7293	19	1926	201
2265	23	2982	005
8943	23	3023	100
465	1	126	127
1042	18	435	166
823	1	148	074
1251	1	122	063
5166	15	4973	144
5159	15	5088	099
6439	23	2956	040
1453	1	419	139
854	1	135	097
1383	1	129	155
5245	15	4973	017
3900	14	3696	146
6439	23	2956	097
1293	1	129	025
484	1	148	105
2414	8	2415	189
1043	1	125	018
25	0	26	231
2990	19	9159	222
8426	23	12511	010
1468	1	604	063
473	6	2082	037
1042	18	1050	170
5210	15	4973	018
636	18	718	198
802	1	122	030
135	18	602	193
1080	1	123	151
1353	1	129	027
703	1	704	025
1372	1	1142	087
6878	23	12520	061
3236	23	3023	125
1179	1	953	066
1612	1	148	028
734	15	4977	099
7847	23	2966	055
1406	1	1464	093
6439	23	12515	134
976	1	148	160
2373	8	2374	167
3138	19	9157	182
1042	18	297	167
5249	15	4973	005
1049	1	148	075
1227	1	129	080
5291	15	4973	071
781	1	148	145
962	1	163	158
147	1	148	076
1417	1	778	141
6195	19	1991	188
5160	15	5088	088
8552	23	3023	148
3066	23	2982	107
2691	23	3023	118
7687	23	12511	049
517	1	519	017
1563	1	123	142
1042	18	645	208
8006	23	2949	019
1387	1	1210	109
254	1	148	012
1039	1	1041	040
450	1	148	083
1013	1	604	033
8385	23	3023	005
1042	18	571	207
1339	1	1210	103
1417	1	778	153
5119	15	4985	002
251	1	125	080
1208	1	953	032
450	1	148	158
8516	19	2048	174
1246	1	122	075
25	0	26	164
135	18	2004	210
167	1	148	019
3192	12	2175	131
412	1	148	048
807	1	148	043
350	1	163	007
1639	1	125	020
9144	18	9139	191
1386	1	1210	106
5063	15	4973	048
1320	1	129	012
250	1	148	089
2433	8	2432	222
139	1	126	134
673	1	948	137
2358	8	2359	208
229	15	5057	108
1527	1	125	085
373	1	369	009
2361	8	2362	185
784	1	785	109
5102	15	4973	055
1639	1	126	103
400	18	3078	169
3066	23	12524	039
3643	14	3519	087
5219	15	4973	000
5246	15	4973	051
784	1	785	085
823	1	148	128
1387	1	122	077
575	1	123	160
982	1	148	020
1042	18	1467	218
1042	18	435	226
1331	1	1210	113
644	1	125	066
6414	23	2935	118
158	1	148	154
4441	14	3710	102
9045	23	2982	062
135	18	1081	163
1529	1	148	151
9680	22	9544	023
305	1	148	145
1042	18	645	201
9386	23	12511	078
6936	23	12511	036
784	1	785	088
5265	15	4973	055
1858	19	969	211
9144	18	698	173
1042	18	1441	212
825	1	123	085
1042	18	571	211
2427	8	2426	217
5026	15	4973	019
9144	18	698	223
371	1	369	075
8385	23	2982	005
1463	1	1464	136
1576	1	419	061
277	1	126	108
1234	1	122	041
9070	23	2982	007
9144	18	1027	200
167	1	148	103
418	1	419	118
8426	23	12511	004
965	1	148	145
6247	23	12509	139
3236	23	12520	128
473	1	416	138
1558	1	148	135
5130	15	4973	136
1521	1	148	088
1240	1	129	159
1224	1	1210	126
4716	14	3447	033
1042	18	644	195
2244	8	2243	204
1281	1	122	038
135	18	9132	215
1042	18	645	167
1453	1	419	094
265	1	126	103
217	1	148	018
9306	23	12511	085
947	1	148	098
1196	1	1142	114
2463	8	2464	195
1224	1	1210	108
8692	23	12516	018
251	1	125	083
3923	23	12541	006
9144	18	9140	221
1173	1	1142	094
5341	15	4973	127
7975	23	2951	067
185	1	123	149
224	1	123	123
600	15	5088	092
680	1	137	070
1141	1	953	023
9680	22	9544	115
1042	18	160	203
135	18	9132	200
1626	1	125	147
1042	18	377	178
2427	8	2426	186
1296	1	129	151
2428	8	2429	219
219	15	4973	150
4568	23	2946	079
3409	21	9434	170
1586	15	4973	088
7018	19	1991	221
1228	1	122	052
266	1	148	113
5278	15	4986	118
6439	23	12515	078
2427	8	2426	189
5114	15	4973	131
1353	1	129	037
8842	23	3023	153
250	1	148	059
1386	1	129	082
1143	15	4973	080
1502	1	416	127
6936	23	12511	043
1234	1	129	135
780	1	126	106
1563	1	129	075
1189	1	1142	104
5350	15	4973	117
9144	18	9137	163
1341	1	1142	140
251	1	125	039
1642	1	123	103
5322	15	4986	095
158	1	148	039
602	1	604	008
6439	23	12515	033
1234	1	122	055
468	1	125	152
450	1	148	032
8516	19	2048	165
135	18	1081	228
1563	1	123	107
1173	15	4973	142
2365	8	2366	166
1320	1	129	022
12503	23	12520	082
2361	8	2362	199
979	1	125	017
386	1	148	031
1042	18	377	227
5041	15	4986	114
1162	1	1142	113
1078	1	122	006
1656	1	639	116
9144	18	708	198
1165	1	953	012
1214	1	122	074
415	1	416	084
3909	14	3910	081
316	1	317	057
636	18	788	194
9144	18	9137	221
5098	15	4986	156
8426	23	12511	079
7178	23	12511	065
1585	1	148	154
461	1	126	110
1397	1	148	009
1042	18	644	216
6371	23	3023	091
447	1	126	064
424	15	4986	077
3790	14	4261	061
5357	15	4973	135
6439	23	12515	159
910	1	518	039
1045	1	126	120
1196	1	1142	101
5279	15	4973	119
5238	15	5088	036
5210	15	4973	142
706	1	708	124
1254	1	1210	097
3066	23	2982	156
4547	14	3450	016
2244	8	2243	193
9144	18	9139	187
1162	1	953	012
1470	1	135	067
1143	15	4973	112
9144	18	9138	226
1042	18	297	176
1583	1	122	060
11372	22	9589	119
1426	1	535	155
3936	14	3937	045
1014	1	604	034
147	1	148	135
3236	23	3023	005
1533	1	419	090
1489	1	122	058
1331	1	1210	109
9144	18	9136	206
1230	1	122	016
802	1	123	158
1042	18	1651	203
1217	1	953	022
1042	18	645	203
947	1	148	131
9144	18	696	169
1188	1	1142	011
1323	1	129	059
1117	1	148	159
5246	15	4973	008
1176	1	953	044
832	1	416	091
1383	1	129	006
8667	23	3023	113
5111	15	4973	129
1202	1	953	157
5063	15	4973	158
1127	1	846	008
3620	14	3423	017
2852	23	2952	120
1147	1	953	063
962	1	163	072
5160	15	5088	083
135	18	1468	186
982	1	148	011
484	1	148	076
135	18	854	195
9144	18	9139	203
1148	1	953	040
8272	23	2975	058
1311	1	129	015
1200	1	953	062
2294	23	12511	022
2427	8	2426	190
9144	18	1041	201
1042	18	1441	171
959	1	163	150
5062	15	4973	081
9144	18	9137	209
4824	14	3710	153
1331	1	129	074
8109	23	12524	099
9144	18	704	201
1204	1	953	039
374	1	369	096
139	1	125	052
3923	23	12541	056
534	1	535	102
806	1	123	105
909	1	148	108
1545	1	148	085
1049	1	148	029
4963	17	4312	150
152	1	123	148
1042	18	1651	224
475	1	148	127
1387	1	1210	127
600	15	5088	148
1042	18	297	199
1522	1	148	006
5128	15	4973	067
2691	23	3023	071
250	1	148	058
1308	1	129	134
2243	8	2244	182
568	1	125	031
3243	19	1918	229
135	18	1470	206
832	1	416	070
7293	19	1926	211
6878	23	12520	113
135	18	9133	229
135	18	9134	220
25	0	27	199
2427	8	2426	184
1320	1	129	009
5238	15	5088	153
1204	1	1142	112
392	1	148	131
1453	1	419	100
3082	11	3083	108
5031	15	4973	132
4370	14	3710	097
1181	1	1142	118
3923	23	12541	082
2463	8	2464	173
947	1	123	135
1293	1	129	048
2373	8	2374	177
1042	18	1551	229
374	1	369	084
2691	23	3023	019
1383	1	1210	116
1665	1	125	139
1042	18	715	212
135	18	1591	173
2414	8	2415	216
11372	22	9589	135
1204	1	953	044
680	1	137	035
784	1	317	033
1351	1	129	144
8385	23	2982	151
2402	8	2403	213
5324	15	5088	158
2402	8	2403	214
474	1	148	105
6529	23	2952	108
5279	15	4973	150
1240	1	129	037
5238	15	5088	156
673	15	4973	065
484	1	148	129
7687	23	12511	097
374	1	369	123
250	1	148	057
1348	1	953	143
1042	18	571	190
1042	18	297	197
1094	15	4973	104
6973	23	2996	135
135	18	438	174
3082	11	3083	018
9439	21	9434	209
1042	18	1051	221
310	15	5088	109
11316	22	9589	025
135	18	9135	228
1042	18	567	179
534	1	135	007
5066	15	4973	075
4547	14	3450	046
1042	18	1467	209
1222	1	122	007
1230	1	122	073
5259	15	4973	087
1230	1	122	061
5179	15	4973	020
1042	18	409	206
7464	19	179	191
9045	23	2982	001
7293	19	1926	199
636	18	718	215
2261	8	2262	163
1153	1	953	150
1585	1	706	106
1444	1	129	057
135	18	9133	197
7018	19	1991	179
1038	1	148	110
309	15	5088	107
4257	14	3696	156
5164	15	4973	062
443	1	416	012
1143	1	953	052
386	1	148	084
7079	23	12511	107
167	1	148	118
2333	8	2332	227
1444	1	129	023
1379	1	953	160
134	1	125	135
2350	8	2351	205
2265	8	2266	221
128	1	123	136
1179	1	953	061
1541	1	148	022
2310	19	1991	168
2068	6	2029	007
135	18	1426	180
309	15	5088	086
1463	1	1464	085
2394	8	2395	206
1481	1	126	091
1976	6	229	008
780	1	125	076
4269	14	3673	054
1080	1	123	134
135	18	1013	190
368	1	369	113
2361	8	2362	188
680	18	9130	169
1165	1	953	152
1639	1	125	048
1275	1	129	006
5114	15	4973	007
1042	18	377	205
964	1	148	156
1042	18	435	173
1296	1	129	144
4269	14	3781	080
1387	1	1210	042
1042	18	160	164
2925	19	1926	179
5138	15	4973	055
6599	23	12547	001
4824	14	3710	147
1042	18	1651	205
1339	1	129	154
124	1	125	073
705	1	687	101
3047	10	3048	071
5317	15	4973	046
5041	15	4986	032
1081	1	535	088
4269	14	4270	099
579	15	5088	124
4394	14	3791	119
135	18	1470	168
1042	18	377	173
462	1	126	124
5271	15	4973	055
7464	19	179	172
1371	1	129	064
6973	23	12501	015
1227	1	129	012
417	1	319	157
1375	1	953	157
6414	23	2935	014
636	18	1495	215
1043	1	125	040
373	1	369	153
1494	1	1496	111
12279	22	6517	140
1237	1	1210	098
780	1	125	017
781	1	148	013
2395	8	2394	219
1158	1	953	051
1420	1	125	084
5146	15	4973	007
1351	1	1210	050
947	1	148	130
800	1	416	063
636	18	788	210
4370	14	3710	103
1195	1	1142	042
398	1	148	099
438	1	135	092
984	1	148	099
781	1	148	053
4269	14	4270	109
1373	1	953	035
997	1	123	161
5266	15	4973	149
135	18	1591	211
1042	18	567	183
781	1	148	042
2445	8	2446	204
1042	18	715	216
5129	15	4973	025
7570	23	12516	001
5271	15	4973	061
392	1	148	153
9162	19	948	162
1143	15	4973	009
3215	12	2048	160
1042	18	1551	178
997	1	129	062
8213	23	12526	068
9144	18	9136	174
3040	23	3023	015
316	1	317	065
910	1	518	138
455	1	126	127
1189	1	953	048
400	18	3078	173
1147	1	953	010
1576	1	419	022
706	1	708	066
1033	1	1035	146
1470	1	135	039
2925	19	1926	192
4716	14	3447	081
1668	1	163	130
8552	23	3023	026
1279	1	1210	105
990	1	991	130
8787	23	2975	049
9390	23	12511	150
579	1	656	038
1318	1	129	153
6599	23	12547	131
1240	1	129	033
5341	15	4973	148
3420	14	3422	120
9144	18	9136	210
1042	18	1551	187
1543	1	148	033
1047	1	148	029
1080	1	123	125
12158	22	9550	154
1080	1	123	119
1420	1	125	063
2373	23	12511	018
1354	1	953	158
124	1	126	088
1143	15	4973	066
5012	15	4973	139
740	1	1093	127
4598	14	3447	126
277	1	125	078
1214	1	1210	092
409	1	125	041
1658	1	163	132
6973	23	12501	110
10636	22	10497	152
139	1	126	110
6599	23	12547	014
674	1	122	081
1187	1	1142	130
1214	1	122	011
1042	18	1651	207
5108	15	5088	149
1042	18	570	201
7687	23	12511	116
908	1	518	147
6247	23	2935	092
351	1	123	160
985	1	148	135
2365	8	2366	169
8272	23	12515	141
1230	1	1210	107
2691	23	3023	142
2400	8	2401	184
1311	1	1210	129
9144	18	698	184
2990	19	9159	176
999	1	122	041
473	1	416	010
4260	14	4261	116
1042	18	571	231
5263	15	4973	030
1198	1	953	042
9144	18	704	187
673	1	163	043
680	18	9135	181
1354	1	1142	102
9162	19	948	198
947	1	148	126
1117	1	148	058
5018	15	4973	049
680	18	9130	179
949	1	148	070
2294	23	12511	020
1275	1	129	032
5136	15	4973	142
351	1	122	059
1042	18	1050	204
135	18	9131	194
744	1	163	145
1042	18	644	186
5012	15	4973	033
2365	8	2366	171
534	1	535	043
9144	18	687	175
160	1	125	043
1196	1	953	058
2361	8	2362	180
1331	1	129	083
6400	19	9159	231
8385	23	2981	074
1308	1	1210	130
5153	15	4973	136
5341	15	4973	147
8943	23	3023	040
1468	1	604	157
1216	1	953	058
474	1	148	114
6878	23	12520	087
946	1	163	036
784	1	785	111
1502	1	416	054
1444	1	123	148
9144	18	1035	169
3826	23	2996	147
9144	18	1027	180
1626	1	125	153
1042	18	1441	192
134	1	126	132
1453	1	419	130
5346	15	4986	038
2377	8	2378	166
3900	14	3697	143
795	1	148	029
158	1	148	052
1141	1	953	154
517	1	519	013
135	18	438	211
77	0	91	218
219	15	4973	008
685	1	687	058
5279	15	4973	115
7975	23	3023	033
1414	1	122	082
8516	23	2981	128
3923	23	12541	009
6878	23	12520	083
2350	8	2351	188
5246	15	4973	028
9144	18	9136	170
9144	18	9138	169
9070	23	2982	020
784	1	785	074
135	18	954	184
984	1	148	100
5291	15	4973	024
9144	18	9137	172
9144	18	1035	207
3066	23	2982	141
8272	23	2975	030
1042	18	645	166
7570	23	12516	022
135	18	438	210
1425	1	123	161
610	1	416	083
9144	18	9137	194
9144	18	1027	218
5357	15	4973	027
3358	21	9473	220
375	1	369	011
1338	1	129	144
9531	21	9451	173
2463	8	2464	186
1383	1	129	009
1042	18	715	228
776	15	5088	025
680	18	9135	176
1126	1	148	054
2373	8	2374	183
1643	1	129	010
2990	19	9159	213
734	15	4977	125
2420	8	2421	211
4260	14	4261	090
579	1	656	161
8385	23	2981	031
1214	1	129	137
1247	1	1210	134
6936	23	12511	077
1042	18	1651	218
807	1	148	069
462	1	126	107
156	1	123	092
1341	1	953	011
2405	8	2404	200
1351	1	129	048
249	1	148	155
1094	15	4973	134
5031	15	4973	123
5006	15	4986	152
1043	1	125	077
250	1	148	102
217	1	148	040
2414	8	2415	188
4716	14	3447	151
450	1	148	033
811	1	416	128
4702	14	4422	117
1042	18	567	167
602	1	604	047
2350	8	2351	218
1081	1	535	089
1042	18	1651	215
6973	23	2996	069
1581	1	123	117
484	1	148	056
1338	1	1210	125
9531	21	9491	219
9144	18	1029	195
2463	8	2464	204
5357	15	4973	127
25	0	26	167
461	1	126	120
1042	18	297	207
269	1	125	063
4565	21	9468	194
1854	23	2921	012
5356	15	4973	158
826	1	148	137
9162	19	948	225
475	1	148	025
2395	8	2394	212
1591	1	135	144
652	1	148	148
182	1	123	158
9144	18	1041	213
1080	1	122	059
4074	14	3791	155
1202	1	1142	102
135	18	1591	209
5062	15	4973	006
2463	8	2464	182
1251	1	122	040
3066	23	2982	092
1354	1	953	006
947	1	123	115
5004	15	4973	066
854	1	135	093
8006	23	2949	056
1042	18	1651	175
1331	1	129	061
2463	8	2464	188
1585	1	706	039
5303	15	4973	160
1375	1	1142	104
673	15	4973	008
1094	1	125	008
1323	1	129	021
1296	1	129	146
1351	1	129	054
424	1	319	056
9386	23	12511	001
458	1	125	044
1051	1	125	068
135	18	9132	219
674	1	123	130
1168	1	1142	122
5146	15	4973	014
1563	1	129	012
5261	15	4973	046
7178	23	12511	154
1171	15	4973	092
6195	19	1991	181
3082	11	3083	028
570	1	125	043
1397	1	148	075
135	18	1426	226
351	1	123	156
2301	23	2951	114
1050	1	125	064
854	1	135	124
822	1	416	022
818	1	416	118
1042	18	297	200
9144	18	1041	165
465	1	125	014
1042	18	297	206
1841	23	2997	095
6400	19	9159	230
5245	15	4973	047
5261	15	4973	143
5219	15	4973	158
854	1	535	033
458	1	125	011
269	1	125	062
3243	19	1918	219
1371	1	129	048
715	1	125	028
1251	1	122	079
168	1	148	094
1371	1	129	029
1639	1	125	054
254	1	148	133
7570	23	12516	007
1323	1	129	076
1078	1	122	019
9144	18	708	180
954	1	604	084
8426	23	12511	034
135	18	438	206
2082	15	5057	107
9144	18	137	184
7847	23	2966	156
9144	18	137	199
1337	1	129	072
1153	1	953	012
1425	1	123	100
8385	23	2982	067
4963	17	4312	139
5261	15	4973	158
1558	1	148	083
832	1	416	069
1970	6	2084	053
1047	1	148	158
1195	1	1142	122
1042	18	435	164
5003	15	4973	020
5214	15	5088	052
216	1	148	092
367	1	123	135
9144	18	687	166
5129	15	4973	154
350	1	163	011
680	18	9134	162
372	1	369	023
1042	18	1051	212
4147	19	1935	186
5109	15	5110	119
3358	21	9473	230
4963	17	4312	040
77	0	91	178
1590	1	122	064
8516	23	2981	077
5030	15	4973	020
1387	1	1210	100
1042	18	409	177
1383	1	1210	094
5317	15	4973	032
1081	1	535	134
3122	11	3123	005
655	1	419	002
7687	23	12511	068
1258	1	1210	134
5119	15	4985	140
251	1	126	093
9144	18	9136	189
5031	15	4973	029
1212	1	1210	131
807	1	148	062
5238	15	5088	034
1042	18	1651	170
5266	15	4973	113
455	1	125	067
1645	1	125	043
7464	19	179	228
1337	1	129	085
9144	18	687	217
517	1	519	085
1463	1	1464	039
2348	8	2349	185
6599	23	12547	093
1541	1	148	123
1213	1	1210	111
265	1	126	130
313	1	148	060
1184	1	953	159
25	0	27	229
8730	23	2951	049
1148	1	953	161
1854	23	2921	153
2448	8	2447	210
3358	21	9473	222
1042	18	568	221
1341	1	953	145
602	1	604	084
158	1	148	097
1415	1	148	046
1387	1	1210	089
6195	19	1991	170
9145	18	416	199
147	1	148	017
534	1	535	120
6529	23	3023	148
1042	18	377	206
25	0	27	171
1529	1	148	081
372	1	369	132
706	1	708	073
135	18	438	190
709	1	369	099
997	1	123	130
784	1	317	122
1233	1	1210	132
1967	15	4973	041
2358	8	2359	227
4394	14	3791	077
1042	1	687	100
1341	1	953	135
1384	1	1210	108
5214	15	5088	075
579	1	656	004
5012	15	4973	130
1240	1	129	154
1189	1	953	068
135	18	9132	185
5356	15	4973	070
1337	1	129	069
1042	18	645	178
425	1	319	155
857	15	5088	102
2265	8	2266	174
1976	6	229	069
4998	15	4973	050
3040	23	3023	160
204	1	123	144
1642	1	122	021
806	1	122	046
6529	23	2952	158
9063	23	3023	142
9144	18	698	208
2448	8	2447	217
5031	15	4973	002
1127	1	846	080
947	1	975	110
4568	23	2946	080
9144	18	708	201
372	1	369	099
1222	1	129	153
269	1	126	115
734	15	4977	091
9144	18	137	222
5269	15	4973	121
1141	1	1142	120
418	1	419	013
962	1	163	089
1042	18	435	186
5133	15	5088	138
2426	8	2427	220
818	1	416	030
2472	8	2374	206
832	1	416	063
1306	1	122	009
5178	15	5088	148
1581	1	122	011
1147	1	1142	099
1373	1	953	025
1351	1	129	066
5129	15	4973	149
3122	11	3123	061
8516	19	2048	185
1228	1	122	069
12536	23	2951	128
1426	1	535	030
4147	19	1935	190
9144	18	9139	180
636	18	717	183
394	1	148	095
5153	15	4973	045
9144	18	708	166
139	1	125	014
7975	23	3023	029
1467	1	125	035
1612	1	148	153
1384	1	122	016
1042	18	1467	200
8927	23	12541	027
1558	1	148	082
1341	1	953	045
7293	19	1926	215
6247	23	2935	112
1668	1	163	160
673	1	163	057
25	0	26	211
1354	1	1142	026
9144	18	696	165
1371	1	129	052
1545	1	148	074
680	18	9131	165
1545	1	148	043
2729	23	2935	062
3343	21	9473	226
9144	18	1027	216
25	0	27	163
1586	15	4973	127
2404	8	2405	210
1214	1	122	067
2243	8	2244	185
613	1	416	100
2445	8	2446	212
818	1	416	041
3066	23	12524	073
7687	23	12511	040
5065	15	4973	098
1198	1	953	080
1162	1	953	020
990	1	991	032
1188	1	953	014
2447	8	2448	227
1042	18	979	198
458	15	4973	137
602	1	604	131
1094	15	4973	055
351	1	122	015
1200	1	953	068
2243	8	2244	192
9144	18	698	174
135	18	1013	212
5291	15	4973	142
3620	14	3423	101
8730	23	2951	107
156	1	123	090
9470	21	9455	212
780	1	125	058
474	1	148	025
474	1	148	076
636	18	1495	189
1491	1	125	000
680	1	137	069
5357	15	4973	124
167	1	148	025
3388	21	9473	223
492	1	493	018
802	1	123	124
1042	18	571	222
1042	18	435	227
993	1	122	069
8552	23	3023	101
810	1	416	104
7464	19	179	227
374	1	369	108
1415	1	148	114
1130	1	125	156
135	18	954	181
6726	23	2966	143
680	1	137	042
8842	23	3023	043
1042	18	1441	210
6247	23	2935	031
1042	18	715	183
999	1	122	078
5168	15	5088	151
1341	1	1142	127
139	1	125	141
8213	23	12526	022
5030	15	4973	005
2925	19	1926	186
7195	23	12531	133
1397	1	148	039
1202	1	953	042
1208	1	953	027
2373	8	2374	181
1042	18	645	188
4370	14	3710	123
135	18	1013	217
1419	1	123	091
909	1	148	020
1033	1	1035	075
5329	15	4973	131
806	1	123	106
9144	18	9136	195
9306	23	12511	117
3130	11	3131	124
1050	1	125	014
8692	23	12526	021
5065	15	4973	011
854	1	135	086
1419	1	123	119
1038	1	148	071
573	15	5094	050
1143	1	953	032
958	1	148	119
6400	19	9159	179
2402	8	2403	208
1370	1	129	018
9144	18	1035	214
6439	23	2956	130
1337	1	129	067
5269	15	4973	105
135	18	9131	185
9144	18	687	188
946	1	163	086
367	1	123	088
167	1	148	133
6400	19	9159	193
1294	1	129	031
309	15	5088	099
484	1	148	085
7018	19	1991	191
25	1	33	060
1489	1	122	080
1173	15	4973	141
3236	23	3023	157
2394	8	2395	195
264	15	4973	027
9390	23	12511	056
1279	1	129	048
2344	8	2345	228
135	18	9130	207
1208	1	953	047
9144	18	704	198
9144	18	1029	198
9018	23	3023	065
5153	15	4973	161
9144	18	698	227
2445	8	2446	207
5006	15	4986	091
135	18	9134	216
2301	23	2951	014
458	1	125	028
6529	23	3023	092
160	1	125	057
9144	18	9138	195
474	1	148	070
418	1	419	083
3236	23	3023	042
2414	8	2415	195
680	18	9135	173
1453	1	419	003
5006	15	4986	056
1489	1	122	035
1158	1	953	042
6400	19	9159	225
1642	1	123	145
1050	1	125	081
1386	1	129	016
2445	8	2446	177
1476	1	148	101
5128	15	4973	139
2362	8	2361	194
5119	15	4985	088
11557	22	5656	157
5168	15	5088	124
264	15	4973	029
2350	8	2351	176
1078	1	122	010
1273	1	1210	091
139	1	125	045
823	1	148	117
964	1	148	027
7293	19	1926	210
1590	1	122	046
3843	14	3791	050
135	18	9133	217
1039	1	1041	024
1551	1	125	005
8272	23	2975	017
4715	23	12510	073
1540	1	148	059
1576	1	419	048
9144	18	1041	217
2333	8	2332	229
157	1	123	123
1117	1	148	081
1377	1	953	038
1042	18	377	190
2472	8	2374	209
6400	19	9159	189
1527	1	126	098
7790	23	12511	040
3192	12	2175	086
1153	1	953	065
5063	15	4973	039
217	1	148	106
135	18	602	215
1094	15	4973	133
135	18	954	213
9144	18	1041	209
2351	8	2350	165
135	18	854	223
2828	9	2556	103
1162	1	1142	098
823	1	148	038
1042	18	567	198
1502	1	416	137
9144	18	1035	186
680	1	137	115
3790	14	3791	105
8692	23	12516	026
8499	23	12511	113
1230	1	122	015
1444	1	129	077
609	1	419	070
1173	1	953	073
251	1	125	073
2990	19	9159	198
1467	1	125	014
1240	1	129	031
9144	18	1027	201
8272	23	2975	126
5322	15	4986	057
5261	15	4973	126
1967	15	4973	001
1291	1	1210	116
1548	1	148	095
8552	23	3023	135
5324	15	5088	100
715	1	125	056
1187	1	953	150
946	1	163	130
734	15	4977	007
157	1	123	125
2828	9	2556	025
5166	15	4973	107
1265	1	1210	093
9144	18	1035	221
1444	1	123	100
988	15	4986	060
1397	1	148	055
9144	18	698	164
418	1	419	042
776	1	493	114
8730	23	2951	035
958	1	148	131
5320	15	4973	009
2350	8	2351	171
9144	18	687	228
152	1	122	082
680	18	9135	174
1360	1	1142	117
6439	23	12515	003
2243	8	2244	208
1453	15	4973	055
185	1	123	096
1133	6	592	137
1626	1	125	135
135	18	9130	225
1042	18	567	166
1217	1	953	049
135	18	602	206
1042	18	297	184
2462	8	2448	194
1168	1	953	031
9439	21	9434	204
972	1	122	014
5680	22	5652	145
135	18	954	185
1165	1	1142	033
806	1	123	086
5210	15	4973	088
6195	19	1991	184
1039	1	1041	112
784	1	317	110
1291	1	129	074
5083	15	4973	086
9144	18	1035	205
2729	23	2966	132
795	1	148	127
135	18	9135	223
135	18	534	172
9162	19	948	179
135	18	1426	175
1497	1	163	065
277	1	126	093
5128	15	4973	104
5165	15	4973	103
158	1	148	014
5269	15	4973	051
3790	14	4261	125
9144	18	9139	162
1213	1	129	157
712	1	163	097
2463	8	2464	217
1339	1	129	044
8272	23	12515	014
628	1	148	031
6371	23	3023	023
7178	23	12511	034
1850	23	2951	082
303	1	416	153
1126	1	148	128
4147	19	1935	230
7687	23	12511	073
5261	15	4973	095
9144	18	698	186
9018	23	3023	000
77	0	91	220
5128	15	4973	121
1196	1	953	032
795	1	148	119
1489	1	123	129
1015	1	148	119
1080	1	122	084
157	1	123	149
2691	23	3023	143
474	1	148	013
6599	23	12547	126
999	1	123	114
1165	1	953	052
1228	1	129	136
2377	8	2378	169
2445	8	2446	171
1373	1	953	160
6878	23	12520	017
5114	15	4973	095
1668	1	163	054
492	1	493	145
610	1	416	155
1491	1	125	040
7570	23	12516	159
9144	18	696	219
135	18	1591	168
9144	18	696	168
9162	19	948	174
1581	1	122	012
167	1	148	090
5249	15	4973	043
831	1	416	031
1251	1	129	137
995	1	148	111
5111	15	4973	014
458	15	4973	061
673	1	163	002
1841	23	2997	121
812	1	416	005
963	1	148	030
1669	1	419	100
1339	1	1210	131
1453	1	419	076
6400	19	9159	220
135	18	954	226
613	1	416	151
204	1	123	158
4976	15	4973	000
573	15	5094	039
1453	1	419	158
974	1	123	147
1240	1	1210	120
135	18	9133	228
8943	23	3023	051
1470	1	135	005
135	18	9131	219
2448	8	2447	225
1049	1	148	031
5179	15	4973	012
1510	1	122	049
775	1	122	034
1521	1	148	141
1042	18	645	190
135	18	9134	188
9144	18	9138	219
3135	11	3136	020
1203	1	1142	146
709	1	369	101
621	1	123	092
2414	8	2415	222
1354	1	953	159
1278	1	1210	095
2350	8	2351	201
392	1	148	029
7195	23	12531	033
6973	23	12501	088
455	1	125	085
9144	18	704	185
712	1	163	081
5178	15	5088	157
1491	1	125	085
1281	1	129	138
1216	1	953	032
1042	18	567	218
2729	23	2966	049
1540	1	148	061
1387	1	1210	082
4751	14	3937	087
424	15	4986	039
680	18	9133	169
2395	8	2394	201
1591	1	135	059
636	18	717	163
5303	15	4973	142
1426	1	135	039
8552	23	3023	088
2349	8	2348	183
4441	14	3710	153
5295	15	4973	052
2432	8	2433	211
2433	8	2432	205
4370	14	3710	050
417	1	319	038
2945	10	2946	111
377	1	125	041
376	1	369	054
2385	8	2386	200
9144	18	9139	178
2358	8	2359	207
2852	23	2952	001
371	1	369	100
505	1	148	095
1042	18	435	194
1213	1	122	048
652	1	148	006
1383	1	129	075
216	1	148	131
9144	18	9137	185
5065	15	4973	109
1338	1	1210	118
4394	14	3791	096
474	1	148	067
854	1	135	067
826	1	148	146
1463	15	4986	080
1143	15	4973	061
2463	8	2464	180
5245	15	4973	118
303	1	416	001
5261	15	4973	063
425	1	319	099
1669	1	419	097
1246	1	1210	132
1522	1	148	056
7997	23	2982	129
1237	1	1210	113
1042	18	435	180
1645	1	125	145
1042	18	1050	179
77	0	91	230
3923	23	12541	018
4547	14	3450	000
7790	23	12511	047
784	1	785	019
1360	1	953	049
135	18	1470	172
9508	21	9434	208
9144	18	1029	170
7079	23	12511	141
124	1	126	090
1383	1	129	069
832	1	416	027
1078	1	123	127
9144	18	9139	181
6400	19	9159	184
1042	1	687	025
1099	1	148	073
368	1	369	132
354	1	126	093
715	1	125	043
974	1	122	052
5303	15	4973	102
9144	18	1029	173
5348	15	5088	062
3243	19	1918	228
1240	1	1210	127
8006	23	2949	144
2294	23	12511	033
5111	15	4973	132
2729	23	2935	092
9162	19	948	195
254	1	148	029
1641	1	148	139
1386	1	129	064
1397	1	148	157
7975	23	3023	070
2427	8	2426	171
1415	1	148	085
8842	23	3023	089
9145	18	416	189
800	1	416	031
1858	19	969	225
1370	1	129	015
1189	1	953	051
9145	18	416	220
412	1	148	120
6247	23	12509	054
784	1	785	062
5271	15	4973	008
12503	23	2995	139
469	1	125	153
135	18	534	207
5251	15	4973	064
9144	18	9140	177
947	1	129	044
636	18	788	211
121	1	123	135
744	1	163	093
9144	18	1035	178
4715	23	12510	131
135	18	1014	200
1042	18	160	207
1626	1	125	017
156	1	122	082
1181	1	953	080
1311	1	129	148
2729	23	2966	070
1417	15	5088	100
8499	23	12511	127
706	1	708	154
1543	1	148	159
7018	19	1991	171
8943	23	2951	149
2426	8	2427	224
795	1	148	091
621	1	123	150
2404	8	2405	230
3620	14	3423	128
5238	15	5088	058
854	1	535	094
1545	1	148	095
1586	15	4973	129
2320	8	2321	226
685	1	687	004
654	1	129	031
313	1	148	023
156	1	122	038
2463	8	2464	179
1094	15	4973	031
434	1	123	156
5018	15	4973	101
7790	23	12511	114
788	18	1505	204
947	1	129	153
135	18	438	230
1377	1	953	079
954	1	604	127
121	1	123	147
1224	1	122	085
8667	23	3023	066
1196	1	1142	128
5246	15	4973	035
1281	1	1210	090
318	1	319	156
1467	1	125	081
680	18	9133	181
5246	15	4973	043
1354	1	1142	081
5357	15	4973	156
1351	1	129	064
947	1	975	146
1858	19	25	215
6529	23	3023	159
2265	8	2266	217
964	1	148	059
5341	15	4973	012
1042	18	1467	202
1253	1	1210	131
9162	19	948	188
135	18	1426	203
8787	23	2975	013
455	1	126	129
318	1	319	115
1329	1	129	009
1491	1	125	160
152	1	122	038
4715	23	12510	030
1203	1	953	058
2278	8	2277	191
135	18	9132	206
5065	15	4973	059
1240	1	1210	103
160	1	125	081
371	1	369	156
152	1	123	139
1051	1	125	079
135	18	1591	163
156	1	122	073
4269	14	3673	060
2373	23	12511	104
985	1	148	025
6414	23	2935	011
3192	12	2175	095
1042	18	160	215
1668	1	163	105
1212	1	129	150
5004	15	4973	151
8943	23	3023	005
12503	23	2995	145
135	18	9132	205
2422	8	2423	211
1081	1	135	090
2294	23	12511	003
5214	15	5088	149
1341	1	953	137
958	1	148	027
415	1	416	119
1196	1	953	034
1419	1	123	136
1279	1	129	024
2093	6	2012	099
1370	1	129	028
910	1	518	026
5251	15	4973	060
806	1	123	122
135	18	438	181
575	1	129	026
1293	1	129	021
1342	1	953	061
8272	23	2975	023
5165	15	4973	000
1419	1	129	022
266	1	148	037
5166	15	4973	151
8499	23	12511	114
249	1	148	130
1039	1	1041	116
5115	15	4973	095
995	1	148	072
1415	1	148	100
1078	1	122	030
309	15	5088	113
9144	18	687	189
5214	15	5088	160
124	1	125	147
1233	1	1210	103
1042	18	570	179
1278	1	1210	108
712	1	163	037
2414	8	2415	200
638	1	639	149
424	15	4986	158
2351	8	2350	171
1042	18	715	189
400	18	3078	187
705	1	687	081
135	18	438	194
135	18	1591	197
2358	8	2359	218
1489	1	123	155
4269	14	4270	125
5263	15	4973	053
4715	23	12510	061
1168	1	953	145
1181	1	1142	128
2432	8	2433	220
392	1	148	155
5303	15	4973	021
2310	19	1991	164
1329	1	129	061
135	18	534	227
2373	8	2374	175
25	1	33	080
1042	18	644	215
1414	1	123	087
1426	1	535	019
1375	1	1142	099
4963	17	4312	029
1253	1	1210	101
135	18	9132	214
7975	23	3023	132
9144	18	9138	164
7178	23	12511	090
2428	8	2429	215
963	1	148	089
644	1	125	080
3130	14	3437	130
6371	23	3023	029
2358	8	2359	213
811	1	416	036
1182	1	953	069
5165	15	4973	094
2265	23	2982	136
1383	1	1210	067
1354	1	953	044
5098	15	4986	113
5053	15	4973	107
1314	1	122	050
8385	23	3023	092
1189	1	953	050
1463	15	4986	027
2945	14	3623	123
1143	15	4973	050
9144	18	1041	178
9144	18	707	231
1296	1	1210	117
1850	23	2951	064
9390	23	12511	119
251	1	125	042
469	1	125	083
1254	1	129	084
25	0	26	193
5265	15	4973	013
6726	23	2966	047
9144	18	698	188
5165	15	4973	034
1042	18	645	182
1042	18	435	209
372	1	369	026
424	15	4986	022
351	1	122	046
1013	1	604	140
5148	15	5088	108
2432	8	2433	227
25	0	26	221
4824	14	3710	019
6599	23	12547	066
9045	23	2982	049
6247	23	2935	023
1015	1	148	075
135	18	1470	188
7079	23	12511	144
1336	1	1210	103
2691	23	3023	085
458	1	125	013
255	1	148	022
7195	23	12531	113
1202	1	953	140
351	1	123	121
2405	8	2404	211
1179	1	953	136
1187	1	953	159
818	1	416	138
1411	1	163	092
9144	18	9137	179
949	1	148	127
5303	15	4973	063
3243	19	1918	223
9018	23	3023	145
1099	1	148	047
575	1	129	010
135	18	1468	221
468	1	125	079
1547	1	1144	157
6529	23	2952	030
9470	21	9455	194
812	1	416	047
1251	1	122	004
5129	15	4973	142
135	18	1014	203
5341	15	4973	076
6247	23	12509	126
9390	23	12511	124
1278	1	122	041
1148	1	953	055
25	1	33	006
6529	23	3023	055
857	15	5088	135
5261	15	4973	070
5261	15	4973	096
1476	1	148	158
823	1	148	142
2361	8	2362	195
135	18	954	201
609	1	419	056
2073	6	2031	155
525	15	4973	024
5179	15	4973	091
1042	18	1050	225
447	1	126	101
1228	1	122	039
194	1	148	112
947	1	163	107
636	18	718	205
4976	15	4973	150
947	1	975	151
1042	18	1051	231
1014	1	604	109
1042	18	1050	218
1042	18	570	225
2414	8	2415	220
609	1	419	017
9045	23	2982	054
12545	23	2952	086
2990	19	9159	163
1854	23	2921	049
9144	18	137	166
1419	1	129	049
1590	1	122	040
135	18	1081	179
458	15	4973	116
9144	18	704	216
1265	1	1210	019
2463	8	2464	216
954	1	604	068
374	1	369	126
2925	23	2996	091
4715	23	12510	046
1641	1	148	088
1850	23	2951	069
9144	18	9136	220
468	1	125	024
1414	1	122	081
636	18	1495	210
5119	15	4985	035
1318	1	129	037
2385	8	2386	201
9144	18	9140	195
1042	18	570	185
8516	19	2048	176
1047	1	148	091
1042	18	979	213
3790	14	4261	129
1858	19	969	210
6400	19	9159	204
1042	18	567	212
25	0	26	207
1291	1	129	144
1130	1	125	014
438	1	135	146
1080	1	123	138
1320	1	129	062
2448	8	2462	197
1497	1	163	043
908	1	518	027
7975	23	2951	142
788	18	1505	217
628	1	148	082
1581	1	122	073
2990	19	9159	175
1042	18	1551	217
5031	15	4973	089
1042	18	1467	178
7975	23	2951	092
2990	19	9159	221
9144	18	9139	179
7570	23	12516	117
1935	6	2012	073
1042	18	715	193
2463	8	2464	231
744	1	163	068
2400	8	2401	182
12545	23	2951	098
2445	8	2446	206
470	1	126	102
1042	18	1467	194
6878	23	12520	083
1033	1	1035	042
376	1	369	048
517	1	519	127
806	1	122	083
1339	1	129	157
1230	1	122	062
680	18	9133	167
8552	23	3023	146
3942	14	3696	120
685	1	687	034
1667	1	126	124
372	1	369	055
157	1	123	155
1538	1	148	023
1042	18	568	189
1491	1	125	025
2243	8	2244	187
734	15	4977	095
822	1	416	134
1586	15	4973	040
5026	15	4973	005
6439	23	12515	084
461	1	125	034
1293	1	129	061
534	1	135	151
1428	1	126	098
706	1	708	074
1042	18	160	171
7195	23	12531	050
4568	23	2946	143
9144	18	9138	170
5279	15	4973	096
5166	15	4973	035
135	18	534	188
492	15	5088	011
1208	1	1142	101
1658	1	163	128
469	1	126	133
6973	23	2996	158
1470	1	135	100
908	1	518	108
1311	1	129	028
982	1	148	034
8667	23	3023	031
1858	19	969	221
2358	8	2359	215
613	1	416	066
9144	18	698	197
11233	22	9693	147
854	1	135	009
534	1	535	060
11372	22	9589	042
1042	18	297	208
517	1	519	149
734	15	4977	077
575	1	123	129
160	1	125	033
826	1	148	057
8213	23	12526	017
371	1	369	010
135	18	534	187
1668	1	163	121
2265	8	2266	227
8385	23	3023	023
568	1	125	059
1296	1	129	042
156	1	122	051
1935	6	2012	016
676	1	122	065
1515	1	148	078
5271	15	4973	023
219	15	4973	062
8552	23	3023	024
1153	1	953	055
5003	15	4973	134
135	18	9130	214
1042	18	160	211
9018	23	3023	028
135	18	1591	196
647	1	126	093
954	1	604	047
1188	1	1142	068
1656	1	639	148
8516	19	2048	187
224	1	123	128
5018	15	4973	130
9144	18	687	193
1858	19	969	205
5291	15	4973	103
1384	1	129	147
4568	23	2946	008
9144	18	137	187
636	18	717	164
947	1	1033	123
135	18	9130	192
788	18	1505	196
147	1	148	123
1042	18	1651	208
77	0	91	185
2427	8	2426	165
9144	18	1035	187
1099	1	148	159
1397	1	148	120
9144	18	704	174
5129	15	4973	019
9144	18	9136	186
734	15	4977	139
1042	18	570	209
6371	23	3023	124
7178	23	12511	134
9144	18	9140	215
5066	15	4973	145
7079	23	12511	000
354	1	125	066
5062	15	4973	103
1278	1	1210	098
6529	23	3023	157
4370	14	3710	115
2990	19	9159	230
455	1	125	135
469	1	125	047
947	1	148	115
472	1	148	020
5012	15	4973	063
12497	22	10813	155
1585	1	706	160
1042	18	568	226
5128	15	4973	061
1515	1	148	125
1162	1	1142	093
5026	15	4973	007
1182	1	953	010
997	1	123	091
135	18	1013	195
1042	18	377	226
1320	1	1210	133
8272	23	2975	045
368	1	369	062
9680	22	9544	065
373	1	369	113
216	1	148	144
1042	18	409	215
788	18	1505	198
1444	1	123	151
999	1	123	161
6599	23	12547	092
1515	1	148	069
135	18	1014	187
5308	15	5088	108
7847	23	2966	083
1038	1	148	067
1042	18	571	230
3066	23	2982	097
1415	1	148	160
5269	15	4973	114
1558	1	148	069
9470	21	9455	222
2345	8	2344	228
152	1	123	105
1612	1	148	083
77	0	91	183
1042	18	1441	214
8756	23	12511	144
1254	1	129	036
135	18	9133	212
636	18	718	164
1042	18	979	190
1042	18	571	176
1541	1	148	016
1143	1	953	054
1042	18	715	169
1011	1	122	075
1254	1	129	017
5031	15	4973	055
654	1	129	005
1042	18	568	214
1042	18	568	194
4976	15	4973	062
1453	15	4973	103
1168	1	1142	129
1042	18	1467	190
5341	15	4973	161
1195	1	953	054
3236	23	12520	044
2301	23	2951	003
1279	1	129	148
9144	18	708	168
792	1	789	149
6973	23	2996	131
1207	1	953	145
1049	1	148	025
575	1	123	115
4824	14	3710	077
1143	15	4973	039
1308	1	1210	102
5246	15	4973	089
1337	1	129	148
2447	23	12501	159
1195	1	953	041
802	1	122	057
412	1	148	091
1202	1	125	004
1360	1	953	039
1384	1	122	007
7079	23	12511	036
9144	18	687	211
1453	1	419	029
3215	12	2048	131
1323	1	129	077
5295	15	4973	000
1379	1	1142	107
1565	1	148	081
371	1	369	042
1591	1	135	032
9144	18	1029	202
1251	1	1210	106
1336	1	122	062
636	18	1495	171
4394	14	3791	000
4715	23	12510	132
781	1	148	121
1533	1	419	072
1515	1	148	139
9162	19	948	199
316	1	317	107
636	18	1495	168
5320	15	4973	054
9470	21	9455	216
11370	22	9568	125
3790	14	4261	091
1558	1	148	161
5245	15	4973	056
5269	15	4973	069
8787	23	2975	106
600	15	5088	105
2351	8	2350	203
1042	18	435	230
438	1	135	158
1042	18	435	225
7018	19	1991	200
647	1	125	150
8692	23	12516	011
224	1	123	138
826	1	148	059
1042	18	409	174
823	1	148	054
8499	23	12511	096
1351	1	1210	072
5259	15	4973	038
1463	1	1464	072
1898	23	2997	021
1566	1	148	024
135	18	9134	225
5111	15	4973	023
2447	8	2448	228
1970	6	2084	068
1668	1	163	071
5066	15	4973	069
9144	18	9139	201
412	1	148	109
9144	18	9138	208
947	1	129	157
5322	15	4986	069
392	1	148	018
1042	1	687	090
1188	1	1142	132
297	1	125	038
1143	1	953	066
5246	15	4973	096
7570	23	12516	054
1540	1	148	045
636	18	1495	180
1312	1	129	139
182	1	123	121
1353	1	129	004
1042	18	644	189
394	1	148	057
135	18	854	194
1397	1	148	083
4394	14	3791	148
5012	15	4973	153
812	1	416	064
1049	1	148	015
1184	1	953	148
2345	8	2344	230
8385	23	2982	022
1247	1	129	016
469	1	125	136
5018	15	4973	082
1537	1	920	159
976	1	148	111
1042	18	1051	173
1049	1	148	010
455	1	126	057
135	18	9131	223
6400	19	9159	222
7018	19	1991	166
5111	15	4973	111
1042	18	571	196
5271	15	4973	159
135	18	1013	209
438	1	135	096
1494	1	1495	160
9162	19	948	175
1522	1	148	131
1387	1	1210	075
1216	1	1142	099
12503	23	2995	006
1463	15	4986	062
1338	1	129	019
947	1	975	048
9063	23	3023	016
1042	18	1051	216
1228	1	1210	116
1234	1	122	056
6529	23	2952	049
1099	1	148	046
1841	23	2997	113
8516	19	2048	183
674	1	123	101
1188	1	953	082
168	1	148	020
9144	18	9137	205
2925	19	1926	219
217	1	148	047
1351	1	129	061
1585	1	706	145
1042	18	571	164
12545	23	2951	084
135	18	1468	217
25	0	27	193
1154	1	953	156
780	1	126	096
2351	8	2350	223
9144	18	9137	176
7178	23	12511	080
5164	15	4973	123
9306	23	12511	027
1202	1	1142	130
800	1	416	012
8943	23	2951	029
1240	1	129	143
219	15	4973	121
1590	1	123	155
9063	23	3023	015
2093	6	2012	111
1042	18	1651	162
5303	15	4973	013
354	1	125	045
3351	21	9435	213
6247	23	12509	158
1360	1	953	044
1494	1	1496	100
12503	23	12520	153
6439	23	12515	149
645	1	125	008
2301	23	2951	073
25	1	33	016
654	1	123	150
1094	1	125	009
583	1	584	022
4147	19	1935	213
1033	1	1035	077
6439	23	12515	152
1296	1	129	041
5249	15	4973	000
235	1	148	146
455	1	125	032
8692	23	12516	140
25	1	33	061
11372	22	9589	043
135	18	602	210
6973	23	12501	112
12497	22	10813	161
1658	1	163	072
2373	8	2374	169
910	1	518	086
2691	23	3023	103
135	18	2004	221
1442	1	126	119
717	1	636	026
1230	1	122	048
3066	23	12524	087
1042	1	687	043
194	1	148	044
1406	15	4986	124
6878	23	2966	028
972	1	122	038
128	1	123	141
1387	1	122	047
1165	1	1142	073
417	1	319	109
5350	15	4973	161
6529	23	3023	145
313	1	148	049
827	15	5088	118
1444	1	123	117
7293	19	1926	225
4441	14	3710	092
77	0	91	181
5098	15	4986	005
784	1	785	095
5006	15	4986	129
995	1	148	150
9470	21	9455	183
1858	19	25	227
5098	15	4986	147
811	1	416	015
985	1	148	014
5053	15	4973	011
1426	1	535	070
3420	14	3423	068
1858	19	25	213
3923	23	12541	000
1042	18	409	181
1489	1	122	050
1444	1	129	061
1187	1	1142	127
5063	15	4973	035
2093	6	2012	064
909	1	148	138
350	1	163	149
2310	19	1991	190
3122	11	3123	007
1481	1	126	130
135	18	1013	202
11316	22	9589	047
780	1	126	099
1042	18	409	201
5012	15	4973	064
1039	1	1041	047
469	1	125	076
579	1	656	101
1626	1	125	024
5012	15	4973	073
1042	18	435	206
156	1	122	020
5098	15	4986	137
2463	8	2464	210
5246	15	4973	045
1042	18	645	196
5341	15	4973	125
1047	1	148	099
1426	1	135	018
1143	15	4973	089
135	18	1081	176
1165	1	1142	131
5278	15	4986	136
1967	15	4973	099
2243	8	2244	179
474	1	148	122
1336	1	1210	130
806	1	123	104
9045	23	2982	101
1581	1	122	024
1370	1	129	158
2405	8	2404	197
1339	1	129	073
1327	1	129	059
1667	1	126	123
854	1	135	110
8943	23	3023	091
1199	1	1142	017
5133	15	5088	094
6439	23	2956	010
4048	14	3791	078
1214	1	122	006
1258	1	1210	121
579	15	5088	118
1415	1	163	124
475	1	148	034
5246	15	4973	013
1510	1	122	055
9162	19	948	218
1481	1	126	093
4716	14	3447	150
373	1	369	119
460	1	125	147
474	1	148	098
9144	18	704	178
1042	1	687	054
3066	23	2982	159
3809	14	3810	117
949	1	148	108
12545	23	2951	104
1323	1	129	028
999	1	122	045
628	1	148	156
4394	14	3791	161
1347	1	953	141
1521	1	148	108
1639	1	126	127
1323	1	1210	129
9144	18	698	218
6371	23	3023	105
8787	23	2975	019
8006	23	2949	121
9144	18	1035	194
368	1	369	060
1522	1	148	101
5159	15	5088	115
600	15	5088	143
636	1	479	156
5350	15	4973	085
194	1	148	082
305	1	148	077
703	1	704	112
2729	23	2966	155
1042	18	715	170
3250	21	9434	220
161	1	163	037
1171	15	4973	018
1204	1	953	033
1497	1	163	035
4715	23	12510	093
3082	11	3083	006
949	1	148	005
1233	1	122	048
673	1	163	035
2445	8	2446	195
135	18	1470	165
1191	1	953	012
9144	18	1041	184
1370	1	129	067
6247	23	2935	026
1273	1	129	057
1258	1	129	013
2852	23	2952	042
3047	10	3017	081
316	1	317	064
1049	1	148	122
7570	23	12516	129
25	1	33	126
947	1	129	152
985	1	148	031
2445	8	2446	219
963	1	148	021
1360	1	953	069
1656	1	639	142
1042	18	571	169
1081	1	135	121
1850	23	2951	001
8272	23	12515	062
2463	8	2464	227
10864	22	9763	146
1850	23	2951	000
1042	18	409	223
1179	1	1142	134
1143	1	1142	113
1165	1	953	063
1414	1	122	039
1547	1	1144	152
2990	19	9159	181
788	18	1505	227
5031	15	4973	075
1383	1	1210	002
425	1	319	023
7079	23	12511	066
965	1	148	026
1590	1	122	019
135	18	9134	204
1347	1	1142	115
157	1	123	156
734	15	4977	102
350	1	163	115
8213	23	12526	006
475	1	148	050
908	1	518	034
1042	18	979	205
1491	1	125	058
674	1	123	127
831	1	416	107
5130	15	4973	088
4147	19	1935	198
1143	15	4973	104
465	1	125	056
424	1	319	106
5322	15	4986	113
744	1	163	098
1329	1	129	039
831	1	416	131
7195	23	12531	120
5138	15	4973	074
1042	18	568	181
9144	18	1027	207
8426	23	12511	048
6726	23	2966	089
1195	1	953	014
135	18	602	186
1133	6	592	133
4147	19	1935	229
680	18	9131	175
3066	23	12524	046
7178	23	12511	043
9144	18	687	202
776	1	493	033
1497	1	163	159
12191	22	9863	153
5164	15	4973	077
135	18	854	201
216	1	148	031
447	1	125	156
135	18	534	211
135	18	9133	187
235	1	148	057
135	18	9131	192
534	1	135	059
2432	8	2433	230
1042	18	567	225
9162	19	948	163
6195	19	1991	187
4370	14	3710	092
5157	15	5110	155
609	1	419	027
2301	23	2951	049
818	1	416	095
1543	1	148	092
470	1	125	017
7018	19	1991	197
1253	1	129	063
1117	1	148	110
571	1	125	052
5271	15	4973	158
1658	1	163	093
135	18	1081	186
9439	21	9434	207
740	1	1093	115
2200	9	2713	092
135	18	2004	197
318	1	319	004
1639	1	125	023
5130	15	4973	014
1038	1	148	047
5179	15	4973	054
647	1	125	057
1203	1	953	069
1354	1	125	026
9390	23	12511	053
2373	23	12511	054
5031	15	4973	131
1351	1	129	057
1470	1	135	087
1042	18	644	178
465	1	126	118
3620	14	3423	108
2447	23	12501	107
1042	18	644	211
9070	23	2982	067
705	1	687	032
8667	23	3023	024
776	1	493	057
1042	18	1551	177
1042	18	645	169
9144	18	704	200
3134	11	3129	145
2350	8	2351	212
1961	6	2031	156
1042	18	979	227
9144	18	1027	203
5259	15	4973	098
11233	22	10457	148
5164	15	4973	011
5133	15	5088	111
680	18	9131	172
465	1	126	119
962	1	163	004
5320	15	4973	045
135	18	9130	183
447	1	125	010
2427	8	2426	192
5026	15	4973	144
6439	23	12515	051
1265	1	1210	104
9145	18	416	186
1314	1	122	072
7464	19	179	185
5265	15	4973	008
831	1	416	147
1042	18	571	175
5012	15	4973	059
2265	23	2982	131
1441	1	125	065
705	1	687	010
2351	8	2350	193
5165	15	4973	147
135	18	1013	193
4370	14	3710	019
706	1	708	104
740	1	1093	122
1642	1	122	034
775	1	123	131
2426	8	2427	211
1935	7	2182	225
5266	15	4973	022
1321	1	1210	104
1042	18	568	168
5129	15	4973	105
135	18	602	225
636	18	1495	209
534	1	135	057
1643	1	129	008
178	1	179	033
5130	15	4973	097
6878	23	12520	048
178	1	179	037
517	1	519	003
573	15	5094	062
5136	15	4973	125
6414	23	2935	078
6195	19	1991	163
9063	23	3023	069
4048	14	3791	109
5317	15	4973	024
2729	23	2935	021
1373	1	1142	123
5291	15	4973	082
368	1	369	109
1338	1	129	068
9144	18	1027	182
2427	8	2426	218
135	18	9130	210
2350	8	2351	179
1850	23	2951	138
1463	15	4986	129
135	18	1013	215
1669	1	419	055
9144	18	137	230
575	1	123	161
965	1	148	082
1264	1	1210	107
1641	1	148	150
1898	23	2997	043
6247	23	12509	088
8516	23	2981	006
979	1	125	051
4963	17	4312	016
988	15	4986	083
1222	1	1210	077
1941	5	1943	054
5350	15	4973	144
2309	8	2310	164
1470	1	135	012
2729	23	2966	120
1196	1	953	067
1347	1	953	085
4598	14	3447	027
973	1	454	043
12503	23	12520	035
4970	15	4973	017
6400	19	9159	180
7997	23	2982	127
1184	1	1142	088
1854	23	2921	072
6726	23	2966	092
135	18	602	226
318	1	319	010
9444	21	9446	216
1275	1	129	058
1354	1	1142	125
1321	1	1210	133
9506	21	9457	209
2262	8	2261	162
1042	18	1441	170
303	1	416	078
6371	23	3023	032
4721	14	3948	083
9144	18	1041	224
4598	14	3447	148
1222	1	1210	044
674	1	122	080
3343	21	9473	221
5308	15	5088	084
1435	1	125	078
400	18	3078	198
1042	18	644	184
2426	8	2403	199
1143	1	953	025
1337	1	1210	141
6878	23	12520	069
636	18	1495	166
135	18	1468	196
621	1	123	125
6371	23	3023	067
372	1	369	093
655	1	419	051
8213	23	12526	030
135	18	438	220
77	0	91	184
5269	15	4973	112
818	1	416	152
254	1	148	100
1148	1	953	062
2445	8	2446	208
1375	1	953	022
1038	1	148	090
1386	1	1210	133
1199	1	953	061
1667	1	125	038
1047	1	148	077
2925	23	2996	077
6247	23	12509	038
2445	8	2446	165
715	1	125	076
1415	1	148	132
1558	1	148	133
770	1	125	074
1247	1	129	050
1253	1	129	143
1489	1	122	032
5098	15	4986	052
135	18	9135	206
1312	1	129	076
297	1	125	005
1397	1	148	050
5115	15	4973	079
7079	23	12511	108
135	18	954	223
1406	15	4986	110
417	1	319	146
438	1	135	119
1426	1	135	119
1371	1	129	031
1668	1	163	125
2265	23	2982	088
415	1	416	041
2445	8	2446	205
7464	19	179	192
9144	18	9139	186
1042	18	571	216
1042	18	1467	193
636	18	792	205
947	1	123	136
997	1	123	144
2310	19	1991	167
525	15	4973	103
2463	8	2464	181
9144	18	708	220
9144	18	708	221
4998	15	4973	012
470	1	126	131
3236	23	3023	001
4776	14	3811	090
1387	1	1210	086
1042	18	644	162
1184	1	953	066
673	15	4973	050
3843	14	3791	033
1311	1	1210	088
2400	8	2401	183
1047	1	148	137
5165	15	4973	050
7847	23	2966	145
9144	18	687	179
2828	9	2556	150
825	1	129	069
277	1	126	121
1521	1	148	122
1275	1	129	082
269	1	126	123
609	1	419	025
9144	18	9140	230
1533	1	419	013
216	1	148	062
1476	1	148	147
9144	18	696	215
3790	14	4261	008
2243	8	2244	212
1347	1	953	143
135	18	1014	220
8272	23	12515	055
5329	15	4973	037
636	18	718	172
1306	1	122	005
1049	1	148	035
3345	21	9473	228
1202	1	953	005
135	18	1081	219
1042	18	567	190
1336	1	122	050
1976	6	229	022
5129	15	4973	007
5245	15	4973	025
680	18	9133	168
2294	23	12511	086
2350	8	2351	217
1296	1	129	006
1014	1	604	118
680	18	9131	169
12279	22	9650	137
9144	18	9136	175
1426	1	535	138
775	1	123	086
647	1	125	155
9144	18	1029	205
3250	21	9434	222
5111	15	4973	074
6247	23	2935	129
500	1	148	037
4260	14	4261	050
1406	1	1464	121
8426	23	12511	151
5165	15	4973	005
1339	1	129	013
135	18	1591	206
1042	18	568	211
7847	23	2966	123
1501	1	148	068
1353	1	1210	108
5219	15	4973	073
447	1	125	025
1612	1	148	123
2427	8	2426	204
1213	1	1210	147
1171	15	4973	149
9144	18	9140	188
1279	1	1210	112
9144	18	9137	213
2990	23	12502	040
1042	18	567	165
5003	15	4973	104
1565	1	148	133
652	1	148	051
1171	15	4973	089
1419	1	123	124
460	1	125	056
1281	1	1210	120
946	1	163	115
825	1	129	065
5111	15	4973	067
77	0	91	201
1566	1	148	056
2445	8	2446	211
1015	1	148	039
5179	15	4973	156
1342	1	953	020
1207	1	1142	018
139	1	125	061
1415	1	163	134
3944	14	3696	160
1351	1	129	053
135	18	1468	206
9470	21	9455	221
1141	1	953	135
1384	1	1210	138
826	1	148	081
1296	1	129	064
5329	15	4973	019
3352	21	9473	209
135	18	1468	223
1042	18	160	224
636	18	1495	185
135	18	438	191
3134	11	3129	037
609	1	419	006
1435	1	126	118
1237	1	129	045
415	1	416	061
1195	1	1142	025
1165	1	1142	083
1143	1	953	035
2394	8	2395	202
1491	1	125	067
1566	1	148	109
2990	23	12502	076
1576	1	419	143
6439	23	2956	111
3040	23	3023	062
1411	1	163	105
1222	1	1210	131
717	1	636	146
949	1	148	036
972	1	123	144
9162	19	948	173
6878	23	12520	035
3826	23	2996	011
1214	1	122	081
147	1	148	034
266	1	148	135
5128	15	4973	161
947	1	163	120
734	15	4977	115
1042	18	297	203
2852	23	2952	032
3790	14	3791	122
1042	18	297	223
447	1	125	158
4970	15	4973	043
1273	1	129	077
1527	1	125	160
1147	1	1142	098
135	18	9135	195
9144	18	704	162
993	1	123	150
1172	1	953	072
5341	15	4973	020
5115	15	4973	151
156	1	123	088
1258	1	1210	085
354	1	126	102
124	1	126	104
6247	23	2935	004
4716	14	3447	121
11316	22	9589	155
9386	23	12511	059
12503	23	2995	058
811	1	416	037
1014	1	604	028
636	18	791	201
780	1	126	104
5265	15	4973	126
1463	1	1464	005
1643	1	129	040
1339	1	1210	132
636	18	792	207
462	1	125	044
776	1	493	154
3066	23	12524	089
135	18	1081	209
160	1	125	066
77	0	91	176
1375	1	953	147
674	1	123	113
2301	23	2951	057
9144	18	1027	192
5083	15	4973	141
806	1	123	100
447	1	125	068
1042	18	568	178
2243	8	2244	205
5128	15	4973	160
2373	23	12511	021
972	1	122	048
12503	23	2995	021
5004	15	4973	059
447	1	125	009
1669	1	419	094
8516	19	2048	166
706	1	708	132
2990	23	12502	140
788	18	1505	192
4716	14	3447	003
3250	21	9434	189
484	1	148	081
5031	15	4973	102
4702	14	4422	113
2990	19	9159	162
1217	1	953	006
854	1	135	151
4568	23	2946	140
517	1	519	099
9144	18	1041	175
1042	18	409	203
4716	14	3447	102
734	15	4977	150
152	1	122	019
673	1	163	003
1253	1	129	032
1321	1	1210	107
135	18	1468	181
1329	1	129	140
2395	8	2394	205
6936	23	12511	026
8787	23	2975	056
1426	1	535	119
602	1	604	103
135	18	1081	192
5252	15	5088	143
135	18	9135	217
5102	15	4973	160
139	1	126	128
1323	1	1210	124
827	15	5088	124
135	18	602	209
786	15	5088	099
854	1	535	125
5356	15	4973	118
775	1	123	119
1442	1	126	109
534	1	135	047
3790	14	3791	125
1425	1	123	135
1204	1	953	038
1042	18	571	179
1476	1	148	094
2351	8	2350	191
7570	23	12516	153
255	1	148	039
1050	1	125	051
7570	23	12516	088
455	1	125	155
1273	1	129	013
135	18	9134	230
3826	23	2996	031
135	18	9130	228
6439	23	12515	038
1173	1	1142	118
368	1	369	139
9144	18	704	177
570	1	125	011
4048	14	3791	039
575	1	123	095
2852	23	2952	069
25	0	27	170
676	1	122	056
1039	1	1041	120
1415	1	148	144
25	0	27	191
2350	8	2351	197
784	1	785	126
1551	1	125	035
781	1	148	143
2244	8	2243	209
5012	15	4973	160
235	1	148	105
1143	15	4973	108
305	1	148	081
313	1	148	108
775	1	122	045
3826	23	2996	154
458	15	4973	069
6936	23	12511	144
534	1	535	056
680	18	9132	165
5214	15	5088	100
1941	5	1943	070
9144	18	9137	211
974	1	122	026
6439	23	2956	141
484	1	148	020
1354	1	953	141
1668	1	163	055
807	1	148	152
1898	23	2997	092
1669	1	419	077
812	1	416	024
1585	1	148	114
1669	1	419	109
2852	23	2952	081
9145	18	416	201
135	18	9133	214
2925	19	1926	207
1548	1	148	097
9145	18	416	204
3250	21	9434	174
5245	15	4973	042
1527	1	125	045
2445	8	2446	215
443	1	416	016
5246	15	4973	084
1581	1	123	136
780	1	125	155
962	1	163	143
3923	23	12541	155
135	18	1426	191
776	1	493	013
318	1	319	066
1094	1	125	017
25	0	26	177
818	1	416	036
1527	1	125	154
1199	1	953	140
5041	15	4986	003
1970	6	2084	061
1586	15	4973	159
3343	21	9473	220
313	1	148	072
434	1	122	030
909	1	148	017
2925	23	2996	078
2351	8	2350	183
9522	21	9457	186
583	1	584	020
5083	15	4973	042
5030	15	4973	081
1415	1	148	092
1273	1	129	143
1489	1	122	053
77	0	91	203
831	1	416	056
1510	1	123	161
2093	6	2012	089
1230	1	122	037
9063	23	3023	080
372	1	369	095
1126	1	148	094
810	1	416	033
6878	23	12520	076
135	18	1468	214
5119	15	4985	126
525	15	4973	113
9144	18	1029	217
394	1	148	032
2349	8	2348	187
800	1	416	124
1042	18	435	224
266	1	148	065
9144	18	708	227
1042	18	1651	206
1453	15	4973	109
5153	15	4973	141
472	1	148	044
1214	1	122	045
386	1	148	104
375	1	369	148
1658	1	163	095
962	1	163	106
1411	1	163	078
680	1	137	103
9018	23	3023	153
1585	1	163	112
822	1	416	054
447	1	126	073
621	1	122	015
147	1	148	053
1042	18	644	169
8927	23	12541	113
655	1	419	130
2350	8	2351	200
826	1	148	040
781	1	148	017
8927	23	12541	031
1042	18	297	166
1224	1	122	043
826	1	148	038
5317	15	4973	062
9144	18	696	176
1228	1	1210	125
1311	1	129	004
2427	8	2426	214
443	1	416	065
947	1	148	133
9144	18	9140	190
1481	1	125	040
909	1	148	025
1038	1	148	053
1497	1	163	114
6599	23	12547	032
1042	18	570	207
988	15	4986	044
1042	18	1651	229
976	1	148	030
1265	1	129	052
2729	23	2935	055
1042	18	567	229
5065	15	4973	054
8272	23	12515	035
645	1	125	057
7997	23	2982	011
1585	1	706	057
7079	23	12511	120
2925	23	2996	138
9144	18	9140	167
135	18	9132	211
1171	15	4973	007
5210	15	4973	056
1050	1	125	017
2448	8	2462	204
781	1	148	082
135	18	534	183
2420	8	2421	210
305	1	148	069
1168	1	1142	102
807	1	148	151
2351	8	2350	214
1275	1	129	161
8842	23	3023	005
636	18	792	215
2395	8	2394	199
412	1	148	154
5263	15	4973	148
1521	1	148	156
6726	23	2966	001
1339	1	129	071
367	1	122	030
1360	1	1142	127
1195	1	953	010
4547	14	3450	117
9144	18	687	201
5308	15	5088	087
1042	18	1467	169
740	1	1093	049
5030	15	4973	099
376	1	369	004
1224	1	1210	087
7018	19	1991	198
823	1	148	036
12545	23	2951	037
4441	14	3710	009
1042	18	1051	171
947	1	1033	118
9063	23	3023	076
5269	15	4973	097
1191	1	953	157
135	18	2004	227
673	1	948	154
525	15	4973	141
818	1	416	054
5164	15	4973	032
5128	15	4973	105
775	1	122	073
1216	1	953	064
1117	1	148	145
2448	8	2447	228
638	1	639	087
5317	15	4973	084
12503	23	12520	004
4105	14	3479	060
1230	1	122	022
1850	23	2951	049
4547	14	3450	116
235	1	148	139
4568	23	2946	100
1543	1	148	132
7018	19	1991	190
570	1	125	054
1336	1	122	026
1414	1	123	088
2925	19	1926	210
3215	12	2048	128
525	15	4973	088
5136	15	4973	148
5214	15	5088	029
1042	18	1441	175
1463	15	4986	130
3826	23	2996	138
1182	1	953	063
4998	15	4973	079
5003	15	4973	130
1078	1	123	125
1541	1	148	081
77	0	91	187
135	18	9133	194
1665	1	125	153
249	1	148	045
161	1	163	156
8272	23	2975	094
1373	1	953	081
1047	1	148	117
2378	8	2377	170
1227	1	129	030
1117	1	148	137
525	15	4973	016
25	0	26	220
5251	15	4973	082
534	1	535	121
685	1	687	086
972	1	122	068
376	1	369	065
1377	1	953	009
450	1	148	052
1047	1	148	059
1222	1	1210	098
2385	8	2386	204
2945	10	2946	100
1489	1	122	019
5136	15	4973	136
990	1	991	091
415	1	416	110
9144	18	1029	219
5341	15	4973	018
6195	19	1991	200
636	18	1495	214
1415	1	148	137
9144	18	1029	215
9144	18	9137	217
412	1	148	075
1265	1	129	025
2852	23	2952	018
9386	23	12511	085
7195	23	12531	094
8516	23	2981	068
465	1	125	154
1970	6	2084	006
1253	1	1210	116
1200	1	953	044
5158	15	5088	093
1387	1	122	059
1444	1	129	080
6414	23	2935	000
985	1	148	049
1203	1	953	062
1233	1	1210	131
168	1	148	040
5214	15	5088	104
9144	18	704	183
9144	18	9140	219
1643	1	123	116
1371	1	1210	105
1014	1	604	096
1222	1	1210	087
6439	23	2956	062
5261	15	4973	057
25	0	27	187
652	1	148	146
371	1	369	046
2691	23	3023	080
680	18	9134	164
5166	15	4973	016
475	1	148	078
461	1	126	116
5166	15	4973	150
965	1	148	120
1184	1	953	010
636	18	718	167
6936	23	12511	114
829	15	5088	141
9144	18	9140	184
2350	8	2351	198
2244	8	2243	205
1265	1	1210	091
962	1	163	026
1341	1	1142	086
5348	15	5088	032
744	1	163	161
636	18	792	212
9144	18	137	193
3790	14	4261	051
2990	19	9159	169
5322	15	4986	025
1042	18	1050	175
1352	1	953	152
5098	15	4986	058
4598	14	3447	085
447	1	126	134
1042	18	409	225
1165	1	953	009
25	0	26	179
3040	23	3023	024
5062	15	4973	033
5295	15	4973	145
673	1	948	100
6726	23	2966	037
1510	1	122	030
1078	1	122	021
1414	1	122	070
1858	19	969	217
386	1	148	012
2414	8	2415	219
1162	1	953	160
318	1	319	102
8552	23	3023	079
5308	15	5088	009
3420	14	3423	123
1042	18	570	219
266	1	148	139
6414	23	2935	028
1216	1	953	007
1941	5	1943	008
3243	19	1918	216
1527	1	125	077
5111	15	4973	052
135	18	1470	217
1042	18	297	165
963	1	148	063
1293	1	1210	120
1586	15	4973	058
5178	15	5088	143
25	0	26	202
3040	23	3023	068
1042	18	1441	202
1208	1	1142	104
954	1	604	038
9144	18	1041	228
5148	15	5088	150
674	1	123	106
277	1	125	061
2447	23	12501	052
135	18	854	221
9144	18	704	171
5128	15	4973	027
1181	1	1142	105
1094	1	125	000
647	1	125	056
9144	18	1029	184
4370	14	3710	160
1042	18	1467	217
1251	1	122	037
1042	18	1051	185
128	1	129	080
2990	19	9159	173
1626	1	126	103
1585	1	148	042
810	1	416	122
1291	1	129	028
776	15	5088	157
3236	23	3023	112
1351	1	1210	005
135	18	1081	193
3066	23	2982	150
1566	1	148	079
5350	15	4973	149
1935	7	2182	224
1126	1	148	134
1080	1	122	057
2362	8	2361	164
12158	22	10950	158
135	1	137	123
7464	19	179	190
2394	8	2395	222
613	1	416	149
1081	1	135	126
1551	1	125	058
9144	18	9136	200
178	1	179	002
1042	18	1651	213
368	1	369	054
776	1	493	076
963	1	148	138
1279	1	129	140
121	1	122	068
1515	1	148	068
823	1	148	008
135	18	9135	199
1321	1	129	030
1529	1	148	058
949	1	148	032
305	1	148	155
988	15	4986	139
636	18	718	195
2394	8	2395	191
2990	19	9159	174
1341	1	1142	118
6247	23	12509	161
470	1	125	145
7464	19	179	177
776	1	493	027
784	1	317	102
8213	23	12526	034
5102	15	4973	107
1850	23	2951	005
7464	19	179	167
264	15	4973	045
6878	23	2966	055
135	18	2004	180
583	1	584	067
1419	1	129	043
5168	15	5088	099
8552	23	3023	096
6247	23	2935	103
1234	1	122	063
1042	18	567	208
152	1	122	071
1411	1	163	111
318	1	319	117
7687	23	12511	127
9145	18	416	167
1042	18	568	228
1639	1	125	052
9439	21	9434	210
5063	15	4973	118
135	18	9131	210
1468	1	604	077
1415	1	148	036
204	1	122	052
6414	23	2935	017
1522	1	148	028
311	1	148	104
525	15	4973	043
6599	23	12547	047
217	1	148	068
947	1	163	044
2414	8	2415	202
1291	1	1210	098
1188	1	1142	008
2294	23	12511	016
5179	15	4973	141
674	1	123	094
77	0	91	199
1387	1	129	160
3790	14	3791	151
417	1	319	049
9144	18	9139	228
5138	15	4973	011
1094	1	125	074
8385	23	3023	075
135	18	602	201
9144	18	9138	220
1042	18	979	188
1411	1	163	108
947	1	163	131
470	1	125	139
1212	1	1210	129
1291	1	1210	091
993	1	122	025
2261	8	2262	162
1273	1	129	066
1042	18	568	164
135	18	9134	199
465	1	125	022
375	1	369	032
1202	1	125	076
2990	19	9159	216
1527	1	125	079
1296	1	1210	127
1043	1	125	083
1042	18	570	167
1321	1	129	151
676	1	122	037
1279	1	129	031
7790	23	12511	057
1414	1	123	131
438	1	135	122
1585	1	706	068
135	18	534	171
5031	15	4973	064
1858	19	969	202
4269	14	4270	078
1042	18	1051	205
781	1	148	090
2310	19	1991	183
5279	15	4973	002
638	1	639	119
1352	1	1142	090
5031	15	4973	114
9144	18	1029	166
1043	1	126	121
1171	1	953	032
77	0	91	180
4269	14	4270	092
6371	23	3023	064
644	1	125	027
5308	15	5088	132
9144	18	687	210
135	18	9134	221
9162	19	948	165
1251	1	1210	101
135	18	438	218
6247	23	2935	093
645	1	125	016
1970	6	2084	008
135	18	9134	227
1544	1	148	104
976	1	148	105
3250	21	9434	196
1435	1	125	030
1453	1	419	069
25	0	26	173
1278	1	122	013
1351	1	1210	054
8385	23	2982	087
5041	15	4986	076
9470	21	9455	187
2405	8	2404	196
995	1	148	027
1042	1	687	030
135	18	854	171
1294	1	129	013
6247	23	12509	004
1258	1	129	070
2445	8	2446	183
3066	23	12524	048
1841	23	2997	091
5006	15	4986	004
11316	22	9589	072
1383	1	129	077
135	18	9135	189
3343	21	9473	223
1406	1	1464	158
8943	23	2951	067
1042	18	1467	171
7195	23	12531	076
1042	18	571	201
706	1	708	037
1581	1	123	109
1656	1	639	160
2405	8	2404	215
1312	1	129	035
500	1	148	123
680	18	9131	162
9144	18	9139	214
9144	18	9137	182
5041	15	4986	024
9144	18	708	197
25	1	33	002
25	0	26	204
1281	1	1210	094
2420	8	2421	213
964	1	148	018
1162	1	953	138
1203	1	953	053
1042	18	1441	169
1935	7	2182	220
3790	14	4261	149
676	1	122	031
9144	18	9140	211
3826	23	2996	002
984	1	148	129
469	1	126	124
4260	14	4261	039
602	1	604	154
949	1	148	026
1387	1	122	037
9162	19	948	169
398	1	148	152
303	1	416	020
1228	1	129	142
775	1	122	023
973	1	454	153
4484	14	4366	157
6878	23	12520	149
5164	15	4973	066
4147	19	1935	231
1591	1	535	019
5153	15	4973	000
2925	19	1926	190
2427	8	2426	183
474	1	148	108
2310	19	1991	163
2445	8	2446	182
1329	1	129	160
3790	14	3791	099
1042	18	568	200
1641	1	148	116
2310	19	1991	173
908	1	518	045
788	18	1505	218
677	1	148	047
9144	18	136	231
9070	23	2982	133
2447	23	12501	151
1195	1	953	061
77	0	91	227
3420	14	3423	063
77	1	78	050
1042	18	409	195
3138	19	9157	179
1386	1	129	041
1148	1	953	048
958	1	148	036
4269	14	3781	088
1042	18	1551	189
4886	14	4560	140
9144	18	9140	165
1585	1	163	052
5119	15	4985	041
386	1	148	157
5246	15	4973	020
2990	23	12502	125
673	15	4973	019
1233	1	129	140
4147	19	1935	201
1199	1	1142	035
602	1	604	156
77	1	91	146
1941	5	1943	098
135	18	534	212
1042	18	567	175
2373	8	2374	173
5030	15	4973	159
152	1	123	136
9144	18	9138	188
309	15	5088	140
5165	15	4973	038
6400	19	9159	208
194	1	148	076
8927	23	12541	079
1042	18	377	180
135	18	9135	220
2463	8	2464	225
965	1	148	141
1171	15	4973	015
5252	15	5088	134
9144	18	698	222
5357	15	4973	028
1373	1	953	157
1502	1	416	032
1099	1	148	097
534	1	135	133
1585	1	706	069
368	1	369	161
2373	8	2374	179
823	1	148	064
2351	8	2350	207
636	18	1495	172
908	1	518	150
5066	15	4973	155
823	1	148	100
7975	23	3023	001
135	18	954	183
1143	1	953	036
2243	8	2244	199
3236	23	3023	118
418	1	419	074
135	18	534	221
1419	1	123	098
1581	1	122	042
1042	18	567	168
1150	1	953	146
583	1	584	042
685	1	687	007
1179	1	953	156
1323	1	1210	098
1296	1	1210	121
5159	15	5088	088
1858	19	25	229
1222	1	1210	089
1207	1	953	138
2200	9	2713	098
9144	18	9136	211
2448	8	2462	202
949	1	148	117
5130	15	4973	080
5346	15	4986	042
9144	18	9140	208
6529	23	3023	007
8499	23	12511	030
811	1	416	042
1199	1	953	029
311	1	148	068
1251	1	129	145
3250	21	9434	212
7790	23	12511	023
1042	18	160	230
8730	23	2951	097
1935	6	2012	028
1042	18	1467	211
1039	1	1041	154
1545	1	148	067
3082	11	3083	041
447	1	126	055
1581	1	122	072
5159	15	5088	094
636	18	791	207
1415	1	148	105
9144	18	708	229
1212	1	1210	122
1347	1	953	157
128	1	123	091
1491	1	125	020
2265	8	2266	218
1042	18	377	210
135	18	1470	193
235	1	148	124
9145	18	416	175
4147	19	1935	221
1188	1	953	019
1153	1	953	062
1049	1	148	150
573	1	574	136
9144	18	698	189
1042	18	1050	227
386	1	148	011
958	1	148	026
984	1	148	066
1042	18	160	167
976	1	148	137
2925	23	12502	155
1320	1	129	157
1379	1	1142	126
1182	1	1142	098
135	18	2004	179
443	1	416	073
5012	15	4973	046
6599	23	12547	128
1196	1	953	051
6414	23	2935	070
9144	18	137	171
2925	19	1926	193
964	1	148	013
712	1	163	057
1191	1	953	147
135	18	1081	208
9144	18	137	211
6439	23	12515	024
1522	1	148	154
2990	19	9159	164
8516	23	2981	119
1188	1	953	047
1042	18	435	189
1372	1	953	015
1406	1	1464	138
269	1	125	047
5018	15	4973	062
3346	21	9473	224
947	1	975	041
462	1	126	131
5066	15	4973	019
575	1	129	040
826	1	148	133
795	1	148	062
2852	23	2952	000
1265	1	1210	083
1094	15	4973	080
571	1	125	027
1234	1	1210	101
9144	18	708	204
2373	8	2374	185
1042	18	644	173
1042	18	1050	163
8943	23	3023	129
6400	19	9159	178
9144	18	1041	207
1406	15	4986	076
1331	1	129	057
6936	23	12511	150
2265	8	2266	171
1337	1	129	025
2153	6	2029	009
1858	19	25	217
2990	19	9159	180
161	1	163	087
2448	8	2447	211
1387	1	122	064
1327	1	129	150
1154	1	953	004
1191	1	953	015
784	1	317	004
962	1	163	085
1042	18	297	226
579	15	5088	093
2130	6	2031	156
770	1	126	115
1331	1	129	082
9144	18	708	162
995	1	148	067
5111	15	4973	038
1117	1	148	025
462	1	125	022
465	1	125	048
9144	18	9139	226
1341	1	1142	142
9070	23	2982	038
1626	1	125	065
1222	1	1210	115
2925	19	1926	188
946	1	163	084
1667	1	126	110
2447	23	12501	149
229	15	5057	151
638	1	639	113
5265	15	4973	015
5062	15	4973	008
264	15	4973	158
5350	15	4973	039
350	1	163	042
1351	1	1210	068
492	15	5088	127
8385	23	2981	093
1265	1	1210	089
5136	15	4973	140
6439	23	2956	038
168	1	148	005
394	1	148	051
500	1	148	144
6439	23	12515	018
1042	18	1441	183
709	1	369	132
8213	23	12526	095
269	1	125	030
4074	14	3791	006
161	1	163	105
740	1	1093	008
831	1	416	140
3490	14	3492	137
1948	15	5094	106
7195	23	12531	141
2351	8	2350	168
3790	14	3791	126
5341	15	4973	132
2990	19	9159	214
982	1	148	143
135	18	1470	201
1311	1	129	032
135	18	9130	195
534	1	135	096
1320	1	129	066
1199	1	1142	024
1265	1	1210	029
4147	19	1935	226
25	0	26	188
135	18	1081	173
468	1	125	082
1042	18	715	201
2445	8	2446	193
1854	23	2921	141
1500	1	163	160
9144	18	9136	199
6599	23	12547	080
5350	15	4973	023
1527	1	126	087
469	1	125	015
1042	18	1051	198
415	1	416	033
4260	14	4261	052
780	1	125	080
1442	1	126	105
135	18	438	231
124	1	125	076
1426	1	535	114
5153	15	4973	152
5030	15	4973	104
1171	1	953	012
1143	15	4973	046
438	1	135	148
857	15	5088	111
570	1	125	081
9144	18	9140	174
4963	17	4312	101
734	15	4977	082
6878	23	12520	034
139	1	125	046
1050	1	125	047
2350	8	2351	175
8499	23	12511	123
5179	15	4973	001
373	1	369	047
1420	1	126	104
3040	23	3023	076
1641	1	148	156
1042	18	297	186
5003	15	4973	095
1148	1	953	058
1406	1	1464	058
680	18	9135	163
2463	8	2464	201
5320	15	4973	069
371	1	369	070
6726	23	2966	128
636	18	791	193
997	1	129	078
4824	14	3710	009
182	1	123	161
161	1	163	016
740	1	1093	113
2200	9	2713	114
1042	18	1551	175
9144	18	704	181
2404	8	2405	224
2395	8	2394	207
264	15	4973	152
1042	18	1551	195
8692	23	12516	040
571	1	125	076
740	1	1093	068
1234	1	122	019
1042	18	1651	177
5083	15	4973	136
135	18	2004	186
5317	15	4973	123
12503	23	12520	110
4568	23	2946	059
1527	1	125	035
976	1	148	005
6195	19	1991	178
9144	18	9139	170
1538	1	148	153
468	1	126	109
135	18	9133	190
1011	1	123	107
1196	1	953	039
2394	8	2395	217
5165	15	4973	067
217	1	148	114
77	0	91	224
1042	18	567	186
1042	18	1467	192
5012	15	4973	117
11316	22	9589	024
1331	1	129	058
4269	14	4270	127
5348	15	5088	023
1216	1	1142	103
8943	23	3023	133
1538	1	148	065
636	18	718	216
424	15	4986	121
135	18	854	215
7975	23	3023	039
1165	1	953	043
3250	21	9434	165
8787	23	2975	055
5158	15	5088	136
264	15	4973	151
4050	14	4051	075
1208	1	953	041
1173	15	4973	155
645	1	125	034
1224	1	1210	113
1148	1	953	143
157	1	123	152
918	1	148	135
1329	1	129	067
158	1	148	076
1042	18	1050	213
6247	23	2935	048
1463	15	4986	100
1540	1	148	097
1314	1	1210	129
178	1	179	051
5164	15	4973	083
5031	15	4973	145
1370	1	129	063
654	1	129	077
158	1	148	100
5115	15	4973	076
1198	1	953	079
1420	1	125	026
1042	18	979	225
2852	23	2952	156
505	1	148	097
1042	18	297	205
5066	15	4973	028
3420	14	3423	044
775	1	122	046
185	1	122	080
9018	23	3023	125
610	1	416	018
1658	1	163	015
135	18	1013	185
8756	23	12511	019
1042	18	979	164
579	1	656	105
1081	1	135	138
5252	15	5088	153
2373	8	2374	178
949	1	148	080
2828	9	2556	040
475	1	148	022
645	1	125	014
424	1	319	105
8516	19	2048	169
435	1	125	033
1240	1	1210	119
8516	23	2981	065
985	1	148	083
677	1	148	069
1172	1	953	016
135	18	2004	181
1126	1	148	097
9144	18	1035	206
3420	14	3423	125
8385	23	2982	001
1222	1	1210	036
1538	1	148	139
1181	1	953	152
995	1	148	091
1354	1	125	005
2447	23	12501	062
2278	8	2277	187
5083	15	4973	159
1042	18	160	176
1898	23	2997	034
8385	23	2982	060
1042	18	1051	164
8692	23	12516	071
1351	1	129	024
1253	1	129	137
9144	18	704	192
135	18	1013	211
4824	14	3710	056
854	1	135	134
974	1	123	133
609	1	419	088
7997	23	2982	150
458	1	125	154
1370	1	1210	094
6414	23	2935	090
947	1	148	073
8730	23	2951	125
1042	18	570	216
6529	23	3023	038
6529	23	3023	064
1038	1	148	080
810	1	416	110
1336	1	122	078
1033	1	1035	004
135	1	137	067
568	1	125	065
9144	18	137	167
1419	1	123	142
822	1	416	135
954	1	604	076
1667	1	126	104
1080	1	122	041
2404	8	2405	221
156	1	122	056
8385	23	2981	129
1042	18	567	226
1189	1	953	040
9306	23	12511	142
6529	23	2952	031
2445	8	2446	202
3420	14	3423	095
1590	1	123	142
3826	23	2996	060
1898	23	2997	087
4048	14	3791	052
1042	18	377	192
1331	1	1210	118
9444	21	9445	216
249	1	148	012
1042	18	1441	184
3826	23	2996	037
1566	1	148	110
802	1	122	037
3790	14	4261	019
4984	15	4986	025
1352	1	1142	119
1336	1	122	047
1307	1	129	059
1143	15	4973	033
135	18	9132	204
2729	23	2935	088
2265	8	2266	226
1417	1	778	106
4984	15	4986	059
135	18	9135	190
443	1	416	026
1171	15	4973	088
1042	18	1651	169
1576	1	419	109
1216	1	953	026
135	18	1470	189
135	18	1013	230
8842	23	3023	017
1415	1	148	022
2433	8	2432	226
1141	1	1142	090
374	1	369	078
1038	1	148	140
1042	18	409	167
1976	6	229	058
5269	15	4973	088
1501	1	148	077
1453	1	419	064
5160	15	5088	091
6973	23	2996	060
709	1	369	123
4269	14	4270	146
1453	15	4973	007
1042	18	297	189
1576	1	419	101
1551	1	125	028
351	1	122	076
135	18	602	203
1258	1	1210	086
9144	18	704	196
1354	1	1142	111
965	1	148	135
6247	23	12509	043
680	18	9134	180
484	1	148	071
1038	1	148	082
1081	1	135	161
371	1	369	012
462	1	125	045
1196	1	1142	126
636	18	718	173
1442	1	126	102
5214	15	5088	140
2093	6	2012	070
9144	18	1029	221
5356	15	4973	030
1339	1	129	010
460	1	125	048
8943	23	2951	000
1406	15	4986	118
636	18	792	206
1013	1	604	021
4716	14	3447	152
5053	15	4973	084
1463	15	4986	133
5350	15	4973	139
185	1	123	088
1386	1	129	152
8552	23	3023	027
1042	18	1051	192
1042	1	687	028
1294	1	129	160
472	1	148	031
373	1	369	064
1563	1	129	041
2427	8	2426	208
5115	15	4973	126
1038	1	148	009
1379	1	1142	088
1502	1	416	109
1042	18	409	218
7975	23	3023	079
1188	1	953	066
2990	19	9159	200
652	1	148	037
1042	18	979	162
1042	18	1051	181
1237	1	1210	093
4394	14	3791	160
9144	18	696	171
6973	23	2996	086
5160	15	5088	119
9070	23	2982	117
1510	1	122	029
2265	8	2266	228
5320	15	4973	001
135	18	9135	208
1213	1	129	161
5063	15	4973	107
4568	23	2946	132
1196	1	953	035
1042	18	979	170
4394	14	3791	047
7975	23	3023	075
158	1	148	061
25	1	33	074
610	1	416	026
1411	1	163	065
1307	1	129	006
5031	15	4973	051
5265	15	4973	155
1668	1	163	058
1153	1	953	043
1415	1	148	086
2402	8	2403	209
1011	1	122	024
12545	23	2951	025
5329	15	4973	001
715	1	125	064
680	18	9135	179
9470	21	9455	223
1042	18	979	181
9306	23	12511	008
1042	18	568	198
1544	1	148	161
1590	1	123	091
167	1	148	134
1935	6	2012	067
5083	15	4973	027
1406	1	1464	154
9144	18	9138	177
8927	23	12541	081
5031	15	4973	128
1224	1	122	048
802	1	123	122
2350	8	2351	170
3066	23	12524	130
9144	18	704	224
1042	18	715	167
4998	15	4973	136
1179	1	953	009
1042	18	435	203
1590	1	123	129
7178	23	12511	007
178	1	179	068
8552	23	3023	118
1565	1	148	014
1042	18	1551	209
9144	18	1035	223
3236	23	12520	097
1204	1	953	072
1515	1	148	099
9144	18	1027	228
4370	14	3710	033
1042	18	645	213
1491	1	125	148
636	18	1495	216
9390	23	12511	151
5041	15	4986	080
250	1	148	007
1371	1	129	137
316	1	317	048
1254	1	1210	121
2068	6	2029	000
9144	18	687	226
1150	1	1142	085
1042	18	645	228
680	18	9131	170
4998	15	4973	043
3352	21	9473	211
8692	23	12516	015
3138	19	9157	180
3840	21	9468	177
1042	18	1651	210
2348	8	2349	184
972	1	122	013
217	1	148	077
1042	18	1651	192
1387	1	122	025
3236	23	12520	088
4105	14	3422	050
9162	19	948	217
9144	18	137	219
5102	15	4973	033
1042	18	645	197
1417	1	778	080
1639	1	125	061
134	1	125	042
2414	8	2415	205
1278	1	122	020
7018	19	1991	162
9144	18	9137	191
1386	1	129	035
784	1	317	049
462	1	125	139
9144	18	1027	179
5280	15	4973	039
1665	1	125	010
1645	1	125	083
1377	1	953	150
1264	1	1210	133
1353	1	129	005
1426	1	535	153
1198	1	1142	105
680	18	9134	179
251	1	125	049
1494	1	1496	125
134	1	125	082
600	15	5088	097
636	18	1495	174
1042	18	1651	188
1541	1	148	090
8552	23	3023	037
9144	18	708	194
1254	1	129	136
1397	1	148	107
9144	18	9140	213
628	1	148	055
1094	15	4973	115
5317	15	4973	086
8692	23	12526	056
1042	18	571	229
5346	15	4986	048
1318	1	129	072
2447	8	2448	219
1522	1	148	055
9144	18	1029	220
677	1	148	034
182	1	129	035
3040	23	3023	079
776	15	5088	029
6247	23	12509	157
135	18	954	198
705	1	687	011
305	1	148	138
1341	1	1142	150
372	1	369	097
8516	19	2048	164
9680	22	9544	121
1387	1	129	142
822	1	416	042
1168	1	1142	127
3420	14	3423	001
135	18	1426	214
1468	1	604	015
988	15	4986	120
9386	23	12511	104
1200	1	953	047
1415	1	163	146
6878	23	2966	093
1411	1	163	101
947	1	975	095
376	1	369	024
706	1	708	080
1320	1	129	159
1312	1	129	078
266	1	148	005
5295	15	4973	072
1533	1	419	139
947	1	123	087
4048	14	3791	100
4824	14	3710	021
3250	21	9434	164
135	18	1426	219
4905	14	3587	114
1970	6	2084	055
311	1	148	064
1172	1	953	085
1551	1	125	050
9144	18	698	182
788	18	1505	216
1656	1	639	119
5119	15	4985	079
6529	23	3023	022
2691	23	3023	106
1013	1	604	049
7687	23	12511	125
8667	23	3023	001
269	1	125	042
135	18	1591	213
1042	18	377	220
5261	15	4973	085
1967	15	4973	045
418	1	419	154
8385	23	2981	011
1585	1	148	098
976	1	148	126
135	18	1426	176
374	1	369	037
8842	23	3023	143
5164	15	4973	034
652	1	148	116
1203	1	953	084
579	1	656	156
1643	1	123	098
135	18	9130	184
1228	1	1210	132
1042	18	1441	207
638	1	639	067
473	1	416	078
5165	15	4973	051
392	1	148	139
473	6	2082	068
1521	1	148	044
9144	18	708	165
2470	8	2471	219
680	18	9131	166
2350	8	2351	220
5317	15	4973	025
1373	1	953	063
1042	18	1051	196
217	1	148	123
583	1	584	131
2377	8	2378	174
1961	6	2029	002
1544	1	148	083
447	1	126	046
8272	23	12515	122
744	1	163	099
1042	18	979	178
5291	15	4973	129
1360	1	953	147
1042	18	571	220
25	0	26	208
2395	8	2394	192
152	1	122	009
1850	23	2951	110
135	18	9131	186
1566	1	148	078
2463	8	2464	215
6247	23	2935	041
5320	15	4973	047
1898	23	2997	068
1214	1	122	017
918	1	148	159
9144	18	696	177
4824	14	3710	080
5356	15	4973	094
1417	1	778	047
918	1	148	060
2445	8	2446	181
712	1	163	021
6439	23	2956	011
1668	1	163	147
1179	1	953	158
400	18	3078	181
680	18	9130	171
1463	15	4986	136
1196	1	1142	111
1042	18	1467	206
706	1	708	089
1386	1	129	136
2427	8	2426	174
8552	23	3023	143
2332	8	2333	227
9070	23	2982	106
12503	23	2995	093
135	18	2004	211
135	18	954	209
1254	1	129	146
1042	18	568	196
455	1	125	074
4598	14	3447	052
1042	18	160	180
8667	23	3023	102
2277	8	2278	188
1173	1	1142	086
525	15	4973	147
1188	1	953	059
1258	1	129	033
6529	23	2952	152
409	1	125	074
7975	23	2951	156
610	1	416	074
1182	1	953	158
484	1	148	144
135	18	1081	222
709	1	369	136
204	1	122	026
455	1	126	098
831	1	416	041
8787	23	2975	143
1042	18	571	162
1545	1	148	094
712	1	163	152
1550	1	975	159
152	1	122	077
1414	1	122	006
1371	1	129	039
367	1	123	110
1339	1	129	006
5083	15	4973	106
2265	23	2982	132
3420	14	3423	013
1042	18	1467	168
1143	15	4973	051
1198	1	953	012
3040	23	3023	103
135	18	534	222
1042	18	377	215
3620	14	3421	155
473	1	416	011
811	1	416	014
1543	1	148	048
812	1	416	049
1203	1	1142	151
264	15	4973	112
135	18	854	200
1426	1	135	063
795	1	148	143
5210	15	4973	028
7975	23	3023	050
135	18	602	181
4598	14	3447	101
1279	1	129	070
135	18	1591	199
1153	1	1142	107
6414	23	2935	052
2990	19	9159	168
1042	18	1441	191
1635	6	2067	146
4048	14	3791	086
621	1	123	089
1353	1	129	043
812	1	416	017
9144	18	1027	176
5210	15	4973	004
999	1	123	115
1336	1	122	015
7790	23	12511	016
373	1	369	146
9470	21	9455	174
8213	23	12526	033
25	0	26	218
1329	1	129	081
1042	18	644	230
1375	1	1142	112
5111	15	4973	071
135	18	1591	220
709	1	369	035
1641	1	148	124
9144	18	9139	164
9162	19	948	186
2990	10	2926	153
1590	1	122	052
9144	18	9140	225
2729	23	2935	053
443	1	416	015
135	18	9135	215
8006	23	2949	044
5004	15	4973	063
9144	18	1027	212
1042	18	568	205
2265	8	2266	225
484	1	148	127
371	1	369	063
417	1	319	112
8426	23	12511	066
525	15	4973	074
1279	1	1210	090
8787	23	2975	090
6195	19	1991	196
9144	18	9139	202
962	1	163	136
979	1	125	024
999	1	123	137
1234	1	129	136
5115	15	4973	074
825	1	129	026
3923	23	12541	069
1585	1	163	048
1042	18	1651	174
1042	18	644	185
2448	8	2447	220
2093	6	2012	073
5245	15	4973	140
469	1	126	116
1323	1	129	037
1351	1	129	032
161	1	163	135
636	18	792	197
636	18	1495	196
8943	23	2951	124
636	18	788	214
5210	15	4973	106
3358	21	9473	228
316	1	317	066
5350	15	4973	113
1042	18	570	170
1099	1	148	048
5063	15	4973	112
135	18	1013	229
2925	19	1926	217
9144	18	9136	209
780	1	125	016
4963	17	4312	056
988	15	4986	071
2093	6	2012	088
1281	1	122	067
1898	23	2997	047
788	18	1505	231
2925	19	1926	170
706	1	708	068
1042	18	1551	169
8385	23	2981	061
216	1	148	019
1042	18	377	207
135	18	9130	213
5329	15	4973	079
5251	15	4973	136
1858	19	969	224
2350	8	2351	172
1667	1	125	147
1428	1	125	042
8927	23	12541	012
185	1	123	159
1442	1	125	137
377	1	125	069
5138	15	4973	131
784	1	785	151
2925	19	1926	173
3236	23	3023	008
1337	1	129	058
267	1	1144	153
425	1	319	000
1419	1	123	122
6599	23	12547	029
3826	23	2996	125
1970	6	2084	048
1453	1	419	024
5026	15	4973	022
135	18	1470	210
5031	15	4973	105
135	18	954	193
2427	8	2426	176
8385	23	2982	128
9144	18	1035	208
534	1	135	013
1379	1	953	008
12503	23	2995	133
5263	15	4973	106
1042	18	715	199
250	1	148	125
780	1	125	077
2501	9	2502	159
525	15	4973	023
1312	1	129	004
1133	6	592	160
1415	1	148	117
5128	15	4973	025
9144	18	9139	217
2691	23	3023	002
2278	8	2277	186
826	1	148	020
680	18	9132	169
1470	1	135	025
9144	18	9138	183
7570	23	12516	089
918	1	148	068
7195	23	12531	024
5356	15	4973	007
9390	23	12511	003
1581	1	123	097
376	1	369	046
2447	8	2448	214
9145	18	416	223
947	1	1033	155
5119	15	4985	057
1086	1	1087	154
1042	18	160	179
135	18	9132	199
5063	15	4973	031
1373	1	953	138
9144	18	9140	227
3066	23	12524	026
1195	1	953	154
2414	8	2415	193
3250	21	9434	162
1042	18	979	223
573	1	574	087
1042	18	1441	173
443	1	416	125
11316	22	9589	002
1426	1	535	123
1548	1	148	039
1314	1	122	040
5114	15	4973	072
434	1	123	124
1323	1	129	040
5062	15	4973	090
705	1	687	003
5026	15	4973	112
135	18	602	214
135	18	1426	174
2427	8	2426	181
974	1	123	094
1529	1	148	126
6371	23	3023	013
990	1	510	133
1360	1	953	054
9144	18	698	216
1293	1	129	024
947	1	148	070
954	1	604	067
386	1	148	063
2428	8	2429	218
424	1	319	157
1854	23	2921	115
5115	15	4973	052
1162	1	953	057
5041	15	4986	134
1278	1	122	027
854	1	135	087
5062	15	4973	065
1415	1	163	050
5165	15	4973	046
712	1	163	067
135	18	534	184
3236	23	3023	057
5111	15	4973	086
9144	18	696	207
1360	1	1142	126
680	18	9132	178
822	1	416	085
1039	1	1041	133
1042	18	435	190
1011	1	122	076
1199	1	1142	115
1318	1	129	063
5153	15	4973	028
264	15	4973	136
5346	15	4986	140
470	1	125	138
6439	23	2956	125
25	0	26	198
673	1	948	129
534	1	135	105
152	1	122	041
1470	1	135	029
447	1	126	083
25	1	33	013
9063	23	3023	082
5266	15	4973	019
644	1	125	009
158	1	148	050
9144	18	9138	192
1202	1	125	042
1230	1	1210	122
5115	15	4973	088
2310	19	1991	179
1548	1	148	088
705	1	687	125
1533	1	419	062
9144	18	9136	226
309	15	5088	114
1045	1	126	114
9144	18	1041	227
1265	1	1210	127
1143	1	953	045
647	1	125	049
1406	15	4986	105
993	1	122	079
9018	23	3023	137
680	18	9134	165
1253	1	1210	093
1544	1	148	156
1339	1	129	023
2344	8	2345	229
636	18	791	214
1042	18	644	222
1360	1	953	029
1383	1	1210	089
2432	8	2433	212
3244	21	9473	230
2445	8	2446	178
964	1	148	019
1042	18	1467	221
703	1	704	123
1415	1	163	154
160	1	125	038
8943	23	3023	155
610	1	416	059
5130	15	4973	016
2828	9	2556	059
1522	1	148	150
1198	1	953	055
3345	21	9473	222
4147	19	1935	189
9144	18	698	226
1414	1	122	037
375	1	369	091
264	15	4973	018
1850	23	2951	096
7464	19	179	222
770	1	125	136
9144	18	708	200
1337	1	1210	102
1171	1	953	008
5259	15	4973	074
5320	15	4973	055
9121	17	6209	155
1042	18	1441	197
135	18	1468	203
9470	21	9455	166
1078	1	123	093
9390	23	12511	057
947	1	1033	137
12279	22	6517	139
1237	1	1210	108
1545	1	148	061
655	1	419	117
636	18	718	211
712	1	163	055
908	1	518	153
351	1	122	035
409	1	125	058
806	1	122	079
2244	8	2243	183
4970	15	4973	126
135	18	854	179
1047	1	148	125
25	1	33	042
1338	1	129	084
1042	18	979	217
5062	15	4973	067
2421	8	2420	218
613	1	416	145
5341	15	4973	027
1387	1	129	156
7570	23	12516	095
458	1	125	047
394	1	148	004
5004	15	4973	016
1230	1	1210	114
5316	15	4973	148
9162	19	948	208
1042	18	715	186
4370	14	3710	015
135	18	2004	228
2404	8	2405	223
795	1	148	009
417	1	319	130
993	1	122	028
6247	23	12509	075
1468	1	604	107
1468	1	604	064
1081	1	135	076
1338	1	129	032
2265	23	2982	098
1171	15	4973	117
4715	23	12510	140
3809	14	3811	111
7790	23	12511	130
2380	20	6875	159
7975	23	2951	020
788	18	1505	195
255	1	148	151
5031	15	4973	087
25	0	26	217
795	1	148	025
139	1	125	053
135	18	1081	172
788	18	1505	205
2463	8	2464	221
1182	1	953	038
373	1	369	030
9144	18	704	228
5146	15	4973	125
121	1	122	049
3313	21	9434	180
1045	1	126	101
826	1	148	046
8943	23	3023	057
135	18	534	200
5166	15	4973	075
1337	1	1210	143
1042	18	979	165
1563	1	129	021
655	1	419	010
9145	18	416	183
5316	15	4973	008
5030	15	4973	025
5146	15	4973	132
3323	21	9435	210
400	18	3078	196
1383	1	129	079
8756	23	12511	095
918	1	148	009
9386	23	12511	089
5083	15	4973	130
1042	18	567	200
5128	15	4973	060
8692	23	12516	147
1669	1	419	134
3826	23	2996	136
5062	15	4973	125
1042	18	409	168
1373	1	953	054
1375	1	953	161
3134	11	3129	084
1033	1	1035	121
4260	14	4261	049
5346	15	4986	153
277	1	126	102
9144	18	698	207
1117	1	148	126
9144	18	9136	182
204	1	122	019
1500	1	163	139
9680	22	9544	034
5341	15	4973	085
1207	1	953	153
128	1	123	160
1042	18	570	218
5168	15	5088	145
135	18	9132	217
8552	23	3023	069
158	1	148	149
703	1	704	075
3082	11	3083	077
6414	23	2935	099
947	1	123	097
25	0	26	190
1258	1	1210	112
6529	23	3023	047
5136	15	4973	039
1563	1	123	132
1171	15	4973	156
11372	22	9589	052
2422	8	2423	214
1481	1	125	016
1127	1	846	145
1042	18	567	177
135	18	438	188
2362	8	2361	183
715	1	125	041
1042	18	1551	185
3040	23	3023	148
1264	1	122	075
1372	1	953	018
1081	1	135	140
680	1	137	107
9680	22	9544	091
3066	23	2982	096
12503	23	2995	072
1463	15	4986	152
1039	1	1041	032
9386	23	12511	147
4074	14	3791	001
468	1	126	092
1515	1	148	074
1558	1	148	032
277	1	126	111
5341	15	4973	114
1127	1	846	052
455	1	125	062
674	1	122	056
6439	23	12515	105
3900	14	3696	161
303	1	416	064
647	1	125	021
135	18	9132	186
9162	19	948	172
2082	15	5057	102
2852	23	2952	126
2348	8	2349	186
1612	1	148	141
373	1	369	052
954	1	604	118
5317	15	4973	012
447	1	125	136
1184	1	1142	128
647	1	125	005
6247	23	2935	152
1375	1	1142	102
1094	15	4973	014
1199	1	1142	121
1426	1	535	108
2990	23	12502	103
1195	1	953	073
374	1	369	011
1342	1	953	070
1042	1	687	098
2990	19	9159	211
121	1	122	038
1435	1	125	083
525	15	4973	105
1251	1	122	042
610	1	416	081
500	1	148	125
8385	23	3023	121
135	18	1470	175
825	1	123	099
9144	18	696	203
1935	7	2182	219
1042	18	979	187
2925	19	1926	165
135	18	1013	216
652	1	148	009
5356	15	4973	019
2729	23	2935	138
135	18	602	221
1308	1	129	051
1162	1	1142	097
458	15	4973	067
134	1	125	047
9515	21	9442	191
802	1	122	061
1141	1	1142	127
9144	18	698	220
367	1	122	077
1086	1	1087	145
636	18	718	163
9470	21	9455	196
1538	1	148	049
7997	23	2982	101
2068	6	2029	004
9145	18	416	226
8552	23	3023	153
976	1	148	140
1165	1	1142	123
9144	18	137	168
217	1	148	051
4048	14	3791	033
1397	1	148	156
1384	1	122	042
1501	1	148	013
1565	1	148	082
571	1	125	046
5158	15	5088	120
638	1	639	075
1213	1	1210	129
823	1	148	031
7790	23	12511	061
6247	23	2935	127
2925	19	1926	181
1013	1	604	094
147	1	148	159
1184	1	953	043
1415	1	163	140
5148	15	5088	161
1384	1	1210	112
1501	1	148	095
77	0	91	219
1126	1	148	108
12503	23	2995	136
394	1	148	016
460	1	125	038
676	1	123	132
249	1	148	093
570	1	125	082
2449	8	2366	163
2243	8	2244	189
2945	14	3623	155
1042	18	435	201
1042	18	1051	211
1042	18	568	229
5041	15	4986	056
918	1	148	079
8499	23	12511	040
443	1	416	101
135	18	854	211
958	1	148	120
6247	23	12509	119
264	15	4973	034
854	1	135	132
1042	18	645	227
1081	1	535	033
8943	23	3023	041
1581	1	123	105
7790	23	12511	100
435	1	125	044
424	1	319	052
1341	1	953	064
5119	15	4985	157
6726	23	2966	090
9144	18	9137	170
517	1	519	134
734	15	4977	142
1278	1	129	155
3243	19	1918	215
2200	9	2713	078
135	18	1470	163
4394	14	3791	126
1042	18	377	221
1195	1	1142	040
9144	18	687	205
1563	1	123	106
9018	23	3023	057
1042	18	568	185
680	18	9133	177
962	1	163	052
788	18	1505	193
4269	14	4270	075
1360	1	1142	087
776	15	5088	084
1165	1	1142	088
1489	1	123	097
255	1	148	063
1428	1	126	108
8385	23	3023	011
5146	15	4973	111
1081	1	535	161
1273	1	1210	108
1411	1	163	121
135	18	854	197
1641	1	148	091
6195	19	1991	167
1467	1	125	045
6247	23	2935	143
135	18	1468	228
1337	1	129	047
1179	1	953	026
219	15	4973	142
1141	1	953	139
579	15	5088	126
9144	18	9138	189
1318	1	1210	107
4984	15	4986	062
9144	18	9139	208
621	1	122	004
740	1	1093	016
135	18	1591	219
4147	19	1935	203
224	1	123	105
946	1	163	021
1339	1	1210	122
135	18	602	228
1015	1	148	109
135	18	1426	204
1841	23	2997	145
1453	15	4973	159
4998	15	4973	151
1042	18	435	170
435	1	125	034
4050	14	4051	062
5004	15	4973	143
770	1	125	064
2445	8	2446	196
831	1	416	154
1352	1	1142	112
135	18	854	162
435	1	125	043
1187	1	1142	094
1042	18	1551	164
3040	23	3023	005
1387	1	1210	130
1278	1	1210	103
1308	1	129	007
6973	23	12501	046
1230	1	122	069
1372	1	953	030
1202	1	1142	101
1612	1	148	136
1099	1	148	152
400	18	3078	191
4269	14	3673	067
1042	18	1467	195
1199	1	1142	111
1217	1	1142	102
1351	1	1210	007
1502	1	416	007
6726	23	2966	084
1543	1	148	142
1176	1	1142	110
5265	15	4973	130
1228	1	1210	104
5346	15	4986	070
135	18	854	199
1042	18	645	176
2362	8	2361	176
5063	15	4973	017
400	18	3078	172
5308	15	5088	112
3192	12	2175	147
1501	1	148	014
9144	18	1035	200
1336	1	129	149
974	1	123	158
5341	15	4973	155
9144	18	9139	190
12545	23	2952	121
5130	15	4973	042
636	1	479	106
9470	21	9455	172
1591	1	535	110
1279	1	129	060
8385	23	2982	004
1171	15	4973	140
1489	1	123	160
1467	1	125	049
2395	8	2394	203
1419	1	123	096
1354	1	1142	120
2404	8	2405	218
5129	15	4973	110
492	1	493	136
5259	15	4973	113
1042	18	567	227
4905	14	3587	054
310	15	5088	158
1453	15	4973	147
1042	18	567	180
277	1	125	013
77	0	91	177
254	1	148	062
3130	11	3131	134
784	1	785	055
1476	1	148	092
235	1	148	080
1181	1	953	019
1198	1	1142	097
9144	18	9136	171
1188	1	953	041
152	1	122	068
2729	23	2935	091
1639	1	125	136
740	1	1093	155
4260	14	4261	135
1453	1	419	044
1191	1	953	063
8692	23	12526	037
636	18	788	202
3250	21	9434	216
309	15	5088	097
4984	15	4986	016
3134	11	3129	140
4441	14	3710	004
7997	23	2982	045
1354	1	1142	118
2277	8	2278	185
9145	18	416	174
1338	1	129	025
8692	23	12516	084
367	1	123	089
806	1	122	039
465	1	125	024
135	1	137	104
5018	15	4973	117
854	1	135	013
386	1	148	068
9144	18	708	192
1050	1	125	035
392	1	148	122
579	15	5088	145
1042	18	1051	178
795	1	148	103
1080	1	122	074
134	1	126	097
318	1	319	014
575	1	129	012
1042	18	715	191
788	18	1505	203
1502	1	416	089
2427	8	2426	167
3134	11	3129	078
6247	23	12509	111
8667	23	3023	017
5004	15	4973	160
134	1	126	134
2404	8	2405	203
394	1	148	066
6247	23	12509	068
1415	1	148	143
12545	23	2951	000
160	1	125	005
7178	23	12511	148
1173	15	4973	096
4715	23	12510	049
11316	22	9589	043
25	0	26	171
1212	1	129	154
9144	18	1029	171
1042	18	567	203
9144	18	708	167
1042	18	568	201
9144	18	698	172
829	15	5088	156
1042	18	715	230
25	0	26	189
4984	15	4986	012
8516	23	2981	045
1200	1	953	042
1227	1	129	071
375	1	369	042
7847	23	2966	062
4050	14	4049	114
8006	23	2949	127
636	18	718	184
194	1	148	017
2447	8	2448	225
8943	23	3023	074
1501	1	148	015
829	15	5088	158
3243	19	1918	217
680	18	9133	171
8213	23	12526	099
1314	1	129	159
1094	15	4973	009
8943	23	2951	121
9144	18	696	162
1094	1	125	057
9144	18	1029	203
5114	15	4973	096
744	1	163	077
1171	1	953	041
4568	23	2946	070
812	1	416	161
2377	8	2378	165
1489	1	123	131
156	1	122	013
781	1	148	043
135	18	1470	187
2377	8	2378	167
12503	23	12520	148
1941	5	1943	087
1566	1	148	088
9144	18	1029	188
6414	23	2935	135
373	1	369	123
255	1	148	150
5030	15	4973	096
1042	18	1050	187
1612	1	148	054
1153	1	1142	115
854	1	535	145
9144	18	9136	218
6247	23	12509	024
1251	1	129	136
982	1	148	068
673	1	948	143
460	1	125	034
1336	1	122	022
6439	23	12515	027
9144	18	1027	204
2373	8	2374	174
1341	1	953	035
492	15	5088	038
4147	19	1935	215
5266	15	4973	072
1047	1	148	051
2448	8	2447	229
1643	1	123	104
1321	1	1210	131
505	1	148	114
9144	18	698	219
1467	1	125	022
9070	23	2982	079
425	1	319	098
447	1	125	066
2447	8	2448	222
5062	15	4973	137
781	1	148	125
9144	18	698	169
1538	1	148	110
5153	15	4973	107
135	18	2004	182
2373	8	2374	170
9144	18	1041	162
1187	1	953	021
4260	14	4261	035
1527	1	125	074
450	1	148	084
9144	18	687	213
135	18	854	218
1198	1	953	020
2244	8	2243	187
4394	14	3791	051
9144	18	9140	171
3358	21	9473	229
368	1	369	088
135	18	854	191
4147	19	1935	211
3236	23	12520	013
806	1	123	138
1042	18	1050	197
1143	1	953	007
5263	15	4973	145
4050	14	4049	103
1291	1	129	154
5148	15	5088	138
2414	8	2415	198
5265	15	4973	071
1500	1	163	151
1217	1	953	031
1426	1	535	105
1411	1	163	066
4598	14	3447	031
6439	23	2956	044
1181	1	953	015
2925	23	2996	018
1141	1	1142	117
1253	1	129	136
1291	1	129	069
2447	8	2448	217
2351	8	2350	215
1342	1	953	057
1246	1	122	011
1425	1	122	066
784	1	785	141
988	15	4986	102
135	18	534	198
602	1	604	149
4998	15	4973	093
135	18	534	229
567	1	125	028
908	1	518	052
77	1	78	006
392	1	148	143
3192	12	2175	091
1148	1	1142	119
811	1	416	115
11316	22	9589	062
680	1	137	106
135	18	1426	220
1501	1	148	046
1207	1	1142	015
1590	1	122	016
974	1	123	098
1354	1	1142	019
6529	23	3023	079
472	1	148	147
9145	18	416	200
168	1	148	117
3620	14	3423	027
573	1	574	114
354	1	126	118
958	1	148	032
5317	15	4973	131
999	1	123	108
9144	18	687	204
1042	18	1051	209
1240	1	1210	115
1639	1	125	083
167	1	148	077
3420	14	3423	141
1265	1	129	073
954	1	604	000
2925	23	2996	050
1543	1	148	072
1264	1	1210	087
5214	15	5088	039
2445	8	2446	209
1383	1	129	161
5291	15	4973	037
1042	18	645	173
4715	23	12510	114
1042	18	644	177
9144	18	1029	201
1541	1	148	047
1042	18	645	218
1541	1	148	125
135	18	1014	192
832	1	416	048
1042	18	715	162
6247	23	2935	036
1583	1	122	004
823	1	148	147
1042	18	715	184
5133	15	5088	048
124	1	125	067
156	1	122	058
313	1	148	096
1386	1	1210	129
1042	18	409	183
8943	23	3023	076
1320	1	129	010
1015	1	148	115
5133	15	5088	034
2265	23	2982	147
1013	1	604	081
5356	15	4973	154
1626	1	126	101
1126	1	148	070
1179	1	953	078
1442	1	125	031
1264	1	1210	103
2350	8	2351	196
5053	15	4973	017
1563	1	129	029
135	18	1468	225
1240	1	129	041
654	1	129	025
135	18	9130	216
1281	1	122	005
5271	15	4973	078
9144	18	1035	217
1312	1	1210	112
249	1	148	043
135	18	1013	181
1265	1	1210	114
9144	18	696	181
412	1	148	016
9144	18	9140	210
3134	11	3129	072
9144	18	9137	167
4394	14	3791	004
3345	21	9473	223
8385	23	2981	029
6973	23	12501	140
1441	1	125	070
806	1	122	071
1642	1	123	095
1342	1	953	047
135	18	1470	202
400	18	3078	200
12545	23	2952	000
5012	15	4973	042
984	1	148	149
946	1	163	094
3352	21	9473	204
1641	1	148	017
1195	1	953	081
1339	1	129	035
9680	22	9544	036
1591	1	135	053
1591	1	535	124
1642	1	123	088
1548	1	148	052
3409	21	9434	168
9144	18	9140	201
12536	23	2951	125
5165	15	4973	010
5259	15	4973	099
575	1	123	091
277	1	125	084
1544	1	148	046
3942	14	3696	121
1406	15	4986	123
3909	14	3910	074
517	1	519	058
8426	23	12511	026
1591	1	135	145
5249	15	4973	035
2691	23	3023	048
6414	23	2935	027
674	1	123	161
1042	18	1651	171
568	1	125	034
9470	21	9455	167
5168	15	5088	130
316	1	317	127
3790	14	4261	028
857	15	5088	086
2244	8	2243	198
5271	15	4973	104
4716	14	3447	067
1293	1	129	051
135	18	1591	198
2244	8	2243	181
1042	18	1551	192
135	18	9134	196
8756	23	12511	122
77	0	91	163
1668	1	163	044
1179	1	953	043
680	18	9130	180
3346	21	9473	231
784	1	785	119
3345	21	9473	218
5179	15	4973	120
135	18	1426	205
311	1	148	071
1377	1	953	036
673	1	948	142
1015	1	148	110
9144	18	698	171
811	1	416	055
1039	1	1041	020
1189	1	953	030
5168	15	5088	100
135	18	9131	191
254	1	148	123
6973	23	12501	049
673	1	948	112
1339	1	129	054
988	15	4986	058
5012	15	4973	002
373	1	369	088
1417	15	5088	095
1540	1	148	016
1668	1	163	079
1042	18	1441	178
8943	23	2951	050
8552	23	3023	032
434	1	123	122
9470	21	9455	224
3409	21	9434	165
1176	1	953	085
1414	1	123	105
374	1	369	146
1198	1	953	013
1417	1	778	116
1275	1	129	020
2445	8	2446	186
984	1	148	161
717	1	636	100
3040	23	3023	086
5214	15	5088	050
9162	19	948	205
1667	1	125	137
9162	19	948	176
636	18	718	192
3944	14	3696	154
9144	18	9138	191
958	1	148	127
770	1	125	069
9470	21	9455	193
11316	22	9589	060
1203	1	1142	118
473	1	416	013
784	1	317	073
995	1	148	063
997	1	123	131
157	1	123	095
1204	1	1142	118
573	1	574	137
1318	1	129	137
135	18	1468	218
316	1	317	142
1348	1	953	160
1425	1	123	092
2447	23	12501	085
11316	22	9589	146
473	6	2082	046
1278	1	129	143
1296	1	1210	105
6414	23	2935	006
1558	1	148	128
1042	18	1441	220
1527	1	125	075
135	18	1426	218
685	1	687	069
1189	1	1142	127
3243	19	1918	231
1240	1	129	024
1150	1	953	023
1204	1	953	078
1563	1	123	096
1565	1	148	158
135	18	1013	227
4970	15	4973	063
786	15	5088	138
1042	18	1651	225
534	1	535	142
1228	1	129	143
5280	15	4973	114
1042	18	644	212
216	1	148	079
1224	1	122	060
318	1	319	013
1420	1	125	156
269	1	125	006
1042	18	1051	225
5279	15	4973	152
6414	23	2935	021
4984	15	4986	033
5291	15	4973	127
372	1	369	070
135	18	954	199
5357	15	4973	020
2405	8	2404	229
1042	18	160	205
1527	1	125	039
9144	18	1041	206
630	1	631	155
6195	19	1991	177
1049	1	148	146
655	1	419	031
2427	8	2426	215
3795	14	3796	132
1042	18	644	220
1165	1	1142	006
2394	8	2395	200
3082	11	3083	120
135	18	602	199
1078	1	123	131
2265	8	2266	216
9144	18	1035	225
135	1	137	053
1522	1	148	038
25	0	26	166
4970	15	4973	055
2990	19	9159	194
1339	1	129	158
717	1	636	124
9306	23	12511	152
673	1	948	123
1558	1	148	050
475	1	148	059
2351	8	2350	197
5128	15	4973	092
8213	23	12526	048
673	1	163	024
2422	8	2423	212
9390	23	12511	079
5138	15	4973	034
5259	15	4973	083
135	18	954	187
2405	8	2404	214
6371	23	3023	085
458	15	4973	157
135	18	1081	165
1426	1	135	075
135	18	9134	217
571	1	125	031
1176	1	953	015
1406	1	1464	077
185	1	123	137
5119	15	4985	037
5129	15	4973	041
5083	15	4973	149
9386	23	12511	031
5279	15	4973	031
1264	1	129	142
5166	15	4973	031
517	1	519	157
5098	15	4986	017
1203	1	953	035
784	1	317	127
1331	1	129	012
1497	1	163	147
1173	1	953	055
636	18	788	193
367	1	122	007
1265	1	129	147
636	18	792	198
135	18	1013	218
2301	23	2951	052
1042	18	715	176
161	1	163	117
1375	1	1142	106
250	1	148	055
1189	1	953	142
5259	15	4973	143
9144	18	1027	206
470	1	125	056
1491	1	125	064
1425	1	122	049
4547	14	3450	010
1656	1	639	099
1521	1	148	059
2691	23	3023	075
9144	18	9138	196
1415	1	148	150
1645	1	125	030
1948	15	5094	102
717	1	636	003
947	1	975	102
25	0	27	213
25	0	26	180
9680	22	9544	139
3250	21	9434	166
475	1	148	139
1348	1	1142	104
135	18	1470	225
5348	15	5088	123
5160	15	5088	113
1042	18	297	173
400	18	3078	178
25	0	27	189
947	1	975	125
475	1	148	113
5246	15	4973	144
9144	18	137	186
1411	1	163	019
1281	1	1210	091
7293	19	1926	196
9144	18	687	220
1042	18	1441	199
1202	1	1142	115
8552	23	3023	135
8516	23	2981	108
734	15	4977	101
124	1	125	156
2262	8	2261	167
135	18	2004	190
4269	14	4270	076
9144	18	1027	215
465	1	126	131
2394	8	2395	193
1042	18	571	172
1199	1	953	079
9070	23	2982	119
1379	1	953	017
1141	1	953	149
4905	14	3587	110
8927	23	12541	045
525	15	4973	128
4976	15	4973	129
1042	18	571	217
2265	23	2982	000
1042	18	1651	221
2362	8	2361	188
161	1	163	154
12545	23	2951	074
135	18	1591	221
2990	19	9159	191
303	1	416	048
534	1	135	137
1214	1	1210	117
3826	23	2996	072
2427	8	2426	213
1014	1	604	133
9144	18	696	173
5249	15	4973	155
6439	23	2956	023
1442	1	125	061
2378	8	2377	165
9144	18	9139	182
505	1	148	057
417	1	319	132
825	1	123	155
1665	1	125	036
2395	8	2394	216
949	1	148	054
1643	1	129	056
2729	23	2966	146
5026	15	4973	089
613	1	416	052
1417	1	778	084
9306	23	12511	088
999	1	123	128
5138	15	4973	032
1176	1	953	004
5357	15	4973	069
1850	23	2951	062
9144	18	698	170
9390	23	12511	026
1581	1	123	087
673	15	4973	064
2925	23	2996	029
2990	19	9159	188
1585	1	163	054
2422	8	2423	218
1042	18	567	197
1497	1	163	058
2729	23	2966	139
715	1	125	059
1042	18	1051	163
9144	18	137	215
235	1	148	095
9306	23	12511	075
602	1	604	034
455	1	126	078
1643	1	123	092
3236	23	3023	080
6878	23	2966	035
1176	1	953	057
4976	15	4973	103
1351	1	1210	021
376	1	369	120
8552	23	3023	044
822	1	416	101
9018	23	3023	040
12503	23	12520	037
7847	23	2966	087
2925	19	1926	212
636	18	788	208
947	1	975	090
583	1	584	062
1094	1	125	159
1208	1	953	149
135	18	9134	229
1510	1	122	037
1143	1	953	063
77	0	91	214
1042	18	979	201
398	1	148	009
680	1	137	045
1379	1	953	061
418	1	419	067
2294	23	12511	129
473	6	2082	061
1327	1	129	044
2445	8	2446	214
1126	1	148	058
1042	18	1051	188
1360	1	953	068
1576	1	419	094
1233	1	129	148
1415	1	163	075
636	18	718	207
5322	15	4986	013
1278	1	122	053
801	15	5088	155
854	1	535	152
534	1	135	034
313	1	148	083
8516	19	2048	186
2432	8	2433	209
1453	15	4973	067
827	15	5088	139
9144	18	1027	199
1042	18	1050	180
204	1	122	045
492	1	493	093
266	1	148	089
5119	15	4985	068
1014	1	604	149
6247	23	2935	055
178	1	179	028
8692	23	12526	045
7464	19	179	226
77	1	78	016
2691	23	3023	074
1042	18	409	213
5133	15	5088	080
6973	23	12501	006
806	1	123	153
1967	15	4973	137
1015	1	148	057
1563	1	123	110
4547	14	3450	154
1045	1	125	006
7464	19	179	198
1191	1	953	064
3250	21	9434	170
135	18	2004	172
2365	8	2366	168
1224	1	1210	100
1042	18	160	193
5251	15	4973	054
788	18	1505	224
135	18	954	192
1042	1	687	050
5348	15	5088	090
5141	15	5088	127
394	1	148	058
1642	1	123	144
5031	15	4973	017
1651	1	125	010
734	15	4977	079
5157	15	5110	141
3066	23	12524	138
277	1	125	079
424	15	4986	118
1665	1	125	050
6414	23	2935	062
1158	1	1142	122
425	1	319	142
1311	1	129	060
638	1	639	146
1042	18	567	222
135	18	1591	184
1420	1	125	161
2433	8	2432	212
1253	1	1210	106
178	1	179	070
705	1	687	064
780	1	126	116
636	18	718	186
6878	23	2966	052
135	18	9132	192
354	1	126	094
3082	11	3083	001
354	1	125	029
854	1	535	078
311	1	148	150
826	1	148	127
5303	15	4973	098
5168	15	5088	156
135	18	1591	164
9144	18	9136	214
318	1	319	056
534	1	135	147
4547	14	3450	073
135	18	1426	167
636	18	1495	205
2925	19	1926	175
6247	23	12509	135
4370	14	3710	104
9144	18	9140	172
6878	23	12520	017
9470	21	9455	230
1143	1	1142	088
636	18	792	209
4889	14	3810	130
1541	1	148	149
5066	15	4973	043
1042	18	570	226
1033	1	1035	013
1336	1	129	134
5341	15	4973	000
3923	23	12541	039
781	1	148	148
9144	18	9139	198
1042	18	644	167
5245	15	4973	117
135	18	9135	213
1179	1	1142	113
1126	1	148	075
435	1	125	057
2394	8	2395	213
7293	19	1926	214
311	1	148	126
5179	15	4973	006
3236	23	3023	130
685	1	687	065
375	1	369	147
1042	18	1050	188
415	1	416	034
770	1	125	050
3345	21	9473	217
1195	1	953	049
1353	1	129	044
458	1	126	101
1042	18	1651	226
1042	18	644	179
5266	15	4973	032
636	18	717	165
1143	1	1142	122
135	18	9131	196
1042	18	160	188
9144	18	1027	205
1850	23	2951	060
807	1	148	132
1042	18	571	174
7293	19	1926	222
5031	15	4973	084
3346	21	9473	227
5350	15	4973	138
9470	21	9455	164
5119	15	4985	160
7293	19	1926	205
8552	23	3023	119
8272	23	2975	096
1668	1	163	133
1042	18	1651	190
9144	18	9136	202
135	18	1426	206
2243	8	2244	193
1042	18	1441	179
4905	14	3587	061
5041	15	4986	145
2244	8	2243	200
2445	8	2446	187
1352	1	1142	128
1566	1	148	091
5153	15	4973	157
1143	15	4973	096
1935	6	2012	124
1354	1	953	155
534	1	535	074
9144	18	9138	227
1258	1	129	049
5271	15	4973	051
802	1	123	115
2404	8	2405	215
9162	19	948	230
9144	18	9137	230
11316	22	9589	160
2422	8	2423	219
135	18	1014	207
1212	1	1210	099
2350	8	2351	163
1189	1	1142	120
776	15	5088	026
400	18	3078	199
1591	1	135	152
135	18	1014	225
135	18	9130	209
2361	8	2362	186
139	1	126	089
500	1	148	103
438	1	135	025
9306	23	12511	028
9144	18	707	230
1339	1	1210	107
1042	18	568	195
4598	14	3447	048
5166	15	4973	002
1042	18	435	168
2945	14	3623	161
5210	15	4973	104
4715	23	12510	113
135	18	1081	211
469	1	125	149
25	1	33	079
5004	15	4973	085
135	18	1081	170
3790	14	3791	033
974	1	123	153
609	1	419	057
2350	8	2351	165
1377	1	953	052
3795	14	3797	158
947	1	163	156
2373	8	2374	196
9144	18	1027	224
1307	1	129	010
9144	18	1041	199
2404	8	2405	199
1094	1	125	004
1667	1	126	095
135	18	1468	213
3244	21	9473	221
450	1	148	119
135	18	602	208
9144	18	687	172
5146	15	4973	011
135	18	1426	184
1850	23	2951	046
636	18	718	218
1199	1	1142	126
455	1	126	116
8730	23	2951	077
450	1	148	103
305	1	148	108
2348	8	2349	183
1273	1	129	158
802	1	122	040
1515	1	148	090
7790	23	12511	031
706	1	708	142
450	1	148	027
6529	23	2952	095
1336	1	1210	121
2294	23	12511	023
167	1	148	125
2373	8	2374	186
11372	22	9589	061
654	1	129	007
5320	15	4973	091
1042	18	1651	194
636	18	792	196
468	1	126	099
1585	1	148	104
1425	1	122	059
6439	23	2956	124
1202	1	953	053
3243	19	1918	214
1237	1	129	005
224	1	123	156
1626	1	125	031
918	1	148	091
1489	1	122	042
7464	19	179	218
1273	1	1210	127
455	1	125	070
579	1	656	083
9144	18	696	202
583	1	584	123
9439	21	9434	205
135	18	954	189
1541	1	148	124
6371	23	3023	036
8006	23	2949	122
8943	23	2951	079
1042	18	160	216
6247	23	2935	107
613	1	416	088
8272	23	12515	095
11065	22	9643	156
1042	18	979	195
1184	1	1142	123
3066	23	12524	150
812	1	416	025
717	1	636	092
9144	18	687	164
1415	1	163	040
2445	8	2446	203
1212	1	122	025
1181	1	953	062
979	1	125	043
5259	15	4973	100
135	18	534	178
5031	15	4973	130
135	18	9132	195
1481	1	125	047
135	18	1081	229
3250	21	9434	204
11365	22	11367	156
674	1	122	047
7195	23	12531	030
455	1	125	079
1126	1	148	085
4824	14	3710	137
1540	1	148	147
9144	18	1035	196
2852	23	2952	109
9144	18	1041	204
224	1	122	013
5219	15	4973	042
613	1	416	090
2429	8	2428	215
1371	1	129	149
3082	11	3083	002
1233	1	1210	123
135	18	9132	207
1165	1	1142	053
976	1	148	156
135	18	9135	191
645	1	125	037
1246	1	122	015
1415	1	148	053
2200	9	2713	113
9162	19	948	219
7687	23	12511	045
4074	14	3791	131
1154	1	953	018
462	1	126	133
4899	14	3623	141
1312	1	129	077
1529	1	148	118
1042	18	1441	195
2320	8	2321	220
158	1	148	011
3122	11	3123	038
1011	1	122	034
1347	1	1142	089
2990	19	9159	229
424	1	319	033
3130	14	3437	140
1323	1	129	083
1148	1	953	081
5219	15	4973	159
1415	1	163	036
2351	8	2350	164
2445	8	2446	221
5249	15	4973	009
135	18	1591	187
1426	1	535	040
826	1	148	157
1042	18	1050	214
811	1	416	029
1181	1	953	082
2243	8	2244	197
1182	1	1142	109
1042	18	1051	172
1497	1	163	081
1196	1	1142	123
1414	1	122	013
3620	14	3423	053
1312	1	1210	116
235	1	148	132
373	1	369	073
371	1	369	096
3420	14	3424	156
1415	1	148	062
5065	15	4973	097
1339	1	129	142
77	1	91	155
77	1	78	015
3082	11	3083	159
9144	18	137	169
6529	23	2952	118
8499	23	12511	154
8385	23	2981	055
415	1	416	161
392	1	148	010
135	18	9135	209
135	18	9135	181
2990	19	9159	172
5214	15	5088	032
5083	15	4973	070
534	1	535	018
647	1	126	102
3134	11	3129	156
5153	15	4973	144
8730	23	2951	024
1563	1	123	103
5026	15	4973	037
1426	1	535	141
652	1	148	053
2301	23	2951	084
3192	12	2175	156
135	18	9132	223
1442	1	126	117
517	1	519	008
135	18	438	198
1173	1	953	046
5115	15	4973	034
628	1	148	037
1850	23	2951	072
25	0	27	201
2405	8	2404	203
1314	1	1210	100
4269	14	4270	080
1323	1	129	151
9680	22	9544	123
1042	18	409	212
135	18	854	212
5136	15	4973	100
135	18	954	217
1850	23	2951	034
2432	8	2433	225
775	1	122	075
1150	1	953	160
1854	23	2921	030
7079	23	12511	030
1371	1	1210	107
1207	1	1142	079
5138	15	4973	153
811	1	416	086
1042	18	435	176
1641	1	148	069
1143	15	4973	161
5168	15	5088	157
8516	19	2048	172
5004	15	4973	068
377	1	125	004
8730	23	2951	058
3826	23	2996	108
1182	1	953	082
8516	23	2981	099
135	18	534	180
2448	8	2447	224
2265	8	2266	176
962	1	163	006
25	0	27	204
250	1	148	119
717	1	636	005
1312	1	129	024
2448	8	2447	209
9144	18	9137	192
2351	8	2350	194
1329	1	129	146
676	1	123	147
1515	1	148	088
424	15	4986	032
1042	18	644	203
1426	1	135	004
235	1	148	158
788	18	1505	202
2433	8	2432	211
25	0	27	208
5265	15	4973	070
417	1	319	021
1858	19	25	226
954	1	604	138
811	1	416	117
1042	18	297	170
1278	1	1210	104
121	1	122	078
4715	23	12510	036
2404	8	2405	208
1042	18	297	219
1173	15	4973	049
1042	18	1551	181
1212	1	122	041
9144	18	708	179
1094	1	125	021
1426	1	135	104
168	1	148	137
1651	1	125	052
135	18	1470	214
1510	1	123	118
6247	23	12509	047
1094	15	4973	106
9145	18	416	197
1354	1	1142	044
5346	15	4986	078
1042	18	160	189
1425	1	123	096
973	1	454	104
1415	1	163	153
655	1	419	104
1150	1	1142	091
374	1	369	007
9144	18	704	184
1033	1	1035	059
135	18	1426	223
7790	23	12511	143
5111	15	4973	106
9144	18	9137	180
979	1	125	032
2362	8	2361	165
9144	18	708	175
6878	23	12520	012
5317	15	4973	094
1047	1	148	080
254	1	148	135
947	1	975	097
135	18	534	197
475	1	148	092
1042	18	377	163
235	1	148	134
3923	23	12541	041
1667	1	125	081
3388	21	9473	228
1196	1	953	077
854	1	135	084
8943	23	2951	072
2351	8	2350	190
9144	18	9137	195
1042	18	435	172
680	18	9135	172
5179	15	4973	049
3236	23	3023	043
1586	15	4973	160
1191	1	953	011
7018	19	1991	215
5164	15	4973	023
1042	18	571	204
744	1	163	075
461	1	126	132
1850	23	2951	128
9144	18	9137	196
1935	6	2012	082
1246	1	129	134
5041	15	4986	048
1538	1	148	050
1522	1	148	122
1970	6	2084	000
469	1	125	004
6878	23	12520	079
8692	23	12516	090
744	1	163	055
734	15	4977	093
2421	8	2420	216
3192	12	2175	133
1171	15	4973	071
1850	23	2951	095
5026	15	4973	082
4394	14	3791	150
652	1	148	016
2945	14	3623	130
674	1	122	064
235	1	148	018
947	1	163	065
997	1	123	142
946	1	163	030
908	1	518	141
2925	23	2996	122
1165	1	953	159
1626	1	125	073
676	1	122	026
12545	23	2951	131
6878	23	12520	148
6195	19	1991	182
2691	23	3023	105
5295	15	4973	153
1133	6	592	150
1222	1	1210	037
135	18	438	170
583	1	584	127
371	1	369	073
5053	15	4973	088
3066	23	2982	109
1047	1	148	136
1042	18	644	183
806	1	123	114
2414	8	2415	212
6247	23	12509	160
450	1	148	047
1275	1	129	156
354	1	125	058
1468	1	604	012
472	1	148	057
435	1	125	038
11372	22	9589	132
1150	1	953	011
5062	15	4973	147
1375	1	1142	131
1314	1	129	149
8385	23	2981	067
784	1	317	018
1207	1	953	150
455	1	125	015
1406	1	1464	079
709	1	369	062
2362	8	2361	162
9144	18	708	170
6371	23	3023	142
9144	18	708	169
1181	1	953	066
6247	23	2935	042
461	1	125	043
1039	1	1041	009
372	1	369	061
1042	18	1441	203
1078	1	122	056
371	1	369	095
5119	15	4985	135
6414	23	2935	022
636	18	788	195
1042	1	687	092
2330	8	2331	228
310	15	5088	040
310	15	5088	152
367	1	123	105
645	1	125	084
472	1	148	137
5098	15	4986	084
4905	14	3587	153
9144	18	137	221
5133	15	5088	037
2852	23	2952	133
7079	23	12511	025
2433	8	2432	219
1203	1	953	032
1641	1	148	026
1184	1	1142	120
1015	1	148	036
135	18	1470	173
9162	19	948	182
9144	18	704	202
5041	15	4986	094
1656	1	639	003
462	1	125	161
1189	1	1142	108
1198	1	953	140
1476	1	148	036
3238	19	25	205
734	15	4977	121
6414	23	2935	093
8499	23	12511	082
2445	8	2446	170
5263	15	4973	066
1383	1	1210	091
1273	1	1210	122
392	1	148	135
152	1	122	012
1042	18	644	227
5148	15	5088	089
3130	14	3555	157
424	15	4986	150
25	1	33	134
5141	15	5088	124
9680	22	9544	020
2404	8	2405	205
1203	1	1142	134
1233	1	1210	133
3236	23	12520	072
1038	1	148	133
1426	1	135	115
800	1	416	122
1173	1	953	009
1179	1	953	143
1176	1	953	042
781	1	148	076
654	1	129	068
2350	8	2351	182
417	1	319	145
5320	15	4973	073
1425	1	123	140
1013	1	604	127
3345	21	9473	224
1179	1	953	067
5357	15	4973	049
475	1	148	012
984	1	148	058
800	1	416	083
135	18	9132	198
1237	1	1210	128
135	18	1014	205
2377	8	2378	173
135	18	534	228
909	1	148	027
5109	15	5110	141
1247	1	1210	110
712	1	163	007
1207	1	953	028
947	1	163	061
636	18	792	210
135	18	1426	222
2395	8	2394	204
1377	1	1142	118
1497	1	163	034
5238	15	5088	047
1237	1	1210	126
2691	23	3023	047
3236	23	3023	067
469	1	125	137
638	1	639	100
1417	15	5088	119
2445	8	2446	166
636	18	1495	187
6400	19	9159	200
5026	15	4973	125
1148	1	953	067
5246	15	4973	036
25	0	26	194
135	18	1081	199
1042	18	1551	172
135	18	602	213
918	1	148	030
1585	1	163	155
9144	18	698	190
1576	1	419	127
158	1	148	093
8552	23	3023	130
1293	1	129	059
1294	1	1210	089
1967	15	4973	110
194	1	148	037
9680	22	9544	096
1351	1	1210	074
910	1	518	150
1656	1	639	064
2400	8	2401	187
316	1	317	139
1372	1	953	060
676	1	122	083
1154	1	953	012
1258	1	129	047
9386	23	12511	105
822	1	416	041
5316	15	4973	007
3420	14	3423	047
6247	23	12509	011
417	1	319	016
9470	21	9455	218
194	1	148	153
371	1	369	103
9386	23	12511	096
5341	15	4973	116
677	1	148	039
831	1	416	091
12545	23	2952	069
9144	18	137	196
1199	1	953	152
5271	15	4973	032
1668	1	163	027
517	1	519	107
5138	15	4973	073
472	1	148	050
1590	1	122	058
309	15	5088	135
4547	14	3450	131
5266	15	4973	086
135	18	9131	187
5165	15	4973	062
8756	23	12511	086
1047	1	148	083
1130	1	125	151
1202	1	953	022
5146	15	4973	039
1042	18	1651	220
1373	1	953	136
8842	23	3023	133
3244	21	9473	227
636	18	718	187
2310	19	1991	192
77	0	91	189
5210	15	4973	000
9144	18	1041	186
2925	23	2996	140
2362	8	2361	195
2447	8	2448	216
9144	18	698	196
1042	18	645	212
7464	19	179	187
8756	23	12511	101
1162	1	1142	088
1354	1	125	074
1641	1	148	057
2472	8	2374	212
2277	8	2278	181
1278	1	1210	116
2414	8	2415	206
7018	19	1991	182
9144	18	708	177
412	1	148	082
1858	19	969	230
1150	1	953	036
1327	1	129	080
135	18	534	167
4441	14	3710	047
316	1	317	126
1645	1	125	148
9144	18	1035	182
2243	8	2244	174
680	18	9132	166
1042	18	1050	168
255	1	148	097
1033	1	1035	046
135	18	9133	199
5316	15	4973	147
1039	1	1041	159
4889	14	3810	133
910	1	518	125
5003	15	4973	021
1420	1	126	110
3250	21	9434	213
5129	15	4973	063
2990	23	12502	007
1191	1	1142	091
965	1	148	124
910	1	518	134
377	1	125	057
647	1	125	060
958	1	148	143
1494	1	1495	150
3135	11	3136	018
4370	14	3710	016
2427	8	2426	219
3192	12	2175	135
4568	23	2946	152
1042	18	1467	207
2243	8	2244	175
121	1	122	018
9144	18	695	230
375	1	369	117
1533	1	419	105
3250	21	9434	226
9144	18	9140	166
394	1	148	141
2351	8	2350	178
9144	18	1029	193
6247	23	12509	057
8692	23	12516	120
1329	1	129	054
5146	15	4973	138
1011	1	123	119
613	1	416	040
525	15	4973	084
8943	23	3023	089
1585	1	163	064
9144	18	687	181
9390	23	12511	005
1533	1	419	141
1521	1	148	045
5166	15	4973	102
5356	15	4973	013
9144	18	137	181
1133	6	592	149
4833	14	3811	116
740	1	1093	013
376	1	369	152
5130	15	4973	098
12503	23	12520	040
12545	23	2951	118
1858	19	969	226
1612	1	148	122
1042	18	644	170
5166	15	4973	038
1281	1	122	039
2310	19	1991	191
5119	15	4985	024
973	1	454	090
2463	8	2464	185
1275	1	129	010
1251	1	1210	120
9386	23	12511	013
139	1	125	066
1370	1	129	032
9145	18	416	219
636	18	788	218
534	1	135	065
229	15	5057	090
1643	1	123	119
1583	1	122	011
9144	18	9137	226
9144	18	696	191
254	1	148	042
25	1	33	065
947	1	148	140
1148	1	953	011
434	1	123	142
5271	15	4973	048
5263	15	4973	077
6414	23	2935	006
1042	18	645	175
1199	1	1142	087
313	1	148	016
2463	8	2464	172
1669	1	419	031
5119	15	4985	123
135	18	9134	201
135	18	1470	197
652	1	148	145
5266	15	4973	103
415	1	416	074
5280	15	4973	129
1187	1	1142	102
5136	15	4973	019
1351	1	129	150
3138	19	9157	177
135	18	2004	222
2301	23	2951	102
776	1	493	007
9144	18	1027	164
1148	1	1142	110
1538	1	148	047
1497	1	163	020
1426	1	135	131
9144	18	696	184
1551	1	125	070
194	1	148	141
4048	14	3791	125
2358	8	2359	222
2351	8	2350	162
1042	18	1050	224
194	1	148	094
2925	19	1926	195
832	1	416	008
2990	23	12502	147
9386	23	12511	005
1042	18	979	210
534	1	535	134
1150	1	953	072
1246	1	129	144
2990	19	9159	171
832	1	416	133
305	1	148	014
1414	1	122	048
135	18	1013	213
1117	1	148	125
6247	23	12509	153
5238	15	5088	152
534	1	535	002
1308	1	129	160
1042	18	1551	204
740	1	1093	116
740	1	1093	042
135	18	1014	185
372	1	369	034
1202	1	953	080
1042	18	1467	176
5065	15	4973	126
458	1	125	023
458	15	4973	156
1189	1	953	161
156	1	123	133
135	18	1591	205
458	1	126	121
5053	15	4973	133
9070	23	2982	028
1442	1	126	095
770	1	125	042
9162	19	948	192
194	1	148	128
1281	1	122	081
135	18	9132	193
1502	1	416	088
1042	18	1050	200
1612	1	148	006
2945	14	3623	160
1387	1	122	063
997	1	123	149
1246	1	129	137
995	1	148	153
1372	1	953	144
1377	1	953	016
1094	1	125	007
910	1	518	014
636	18	792	194
6973	23	2996	008
375	1	369	126
156	1	122	074
135	18	1081	169
1426	1	535	093
1203	1	953	068
4598	14	3447	025
857	15	5088	127
3343	21	9473	230
458	1	125	039
1563	1	123	086
1045	1	125	134
25	0	27	179
2362	8	2361	174
993	1	122	017
434	1	123	139
2395	8	2394	193
1042	18	409	216
1576	1	419	126
1042	18	435	162
135	18	2004	175
135	18	9133	200
5280	15	4973	068
3130	14	3437	123
9018	23	3023	109
6247	23	2935	154
5168	15	5088	149
1377	1	1142	119
10636	22	10637	139
4054	14	3623	094
5030	15	4973	061
25	0	27	224
2427	8	2426	199
9144	18	9138	168
2244	8	2243	184
1941	5	1943	065
1583	1	122	084
655	1	419	058
5341	15	4973	050
7975	23	3023	121
9144	18	708	171
1254	1	129	066
1246	1	122	019
1360	1	953	151
9145	18	416	190
3790	14	3791	042
2414	8	2415	210
216	1	148	130
9144	18	9136	216
628	1	148	116
685	1	687	044
25	0	26	178
1254	1	129	011
811	1	416	023
1264	1	122	070
394	1	148	033
680	1	137	001
784	1	785	084
1463	15	4986	039
310	15	5088	102
2990	19	9159	190
424	1	319	150
822	1	416	140
5348	15	5088	014
1502	1	416	135
1318	1	129	070
1467	1	125	029
2082	15	5057	120
8667	23	3023	089
5146	15	4973	065
8552	23	3023	147
1042	18	160	231
997	1	129	065
781	1	148	110
9144	18	137	218
2082	15	5057	150
1042	18	1551	205
567	1	125	079
2463	8	2464	184
305	1	148	141
1042	18	571	209
135	18	1081	220
305	1	148	010
1590	1	122	077
7195	23	12531	107
2362	8	2361	202
2925	19	1926	205
1419	1	123	111
6878	23	12520	139
1415	1	163	109
1086	1	1087	153
1639	1	126	099
9144	18	696	192
525	15	4973	027
6247	23	2935	127
1143	15	4973	013
367	1	122	024
354	1	126	085
1665	1	126	129
4970	15	4973	037
1296	1	129	039
2243	8	2244	173
443	1	416	122
1581	1	122	015
77	0	91	205
1042	18	979	203
135	18	854	213
447	1	126	110
1203	1	953	010
2945	14	3623	133
5006	15	4986	000
500	1	148	005
1406	1	1464	024
1042	18	1441	200
1371	1	129	066
5266	15	4973	087
1141	1	1142	129
2362	8	2361	178
1354	1	953	013
5166	15	4973	089
6878	23	12520	141
573	1	574	135
465	1	125	007
1581	1	122	056
2729	23	2966	013
974	1	122	025
135	18	9132	182
965	1	148	037
2351	8	2350	219
156	1	123	142
1591	1	535	015
1383	1	1210	114
5214	15	5088	097
135	18	1468	188
25	0	27	223
2427	8	2426	212
2333	8	2332	225
5271	15	4973	046
4824	14	3710	071
374	1	369	054
167	1	148	059
1042	18	979	180
7195	23	12531	149
6371	23	3023	121
443	1	416	112
5066	15	4973	117
1521	1	148	093
1585	1	148	100
9144	18	1029	169
6599	23	12547	049
9144	18	1027	210
5320	15	4973	121
1264	1	122	041
5238	15	5088	000
1415	1	163	094
947	1	163	090
1042	18	1051	168
1463	15	4986	046
628	1	148	079
3352	21	9473	217
674	1	123	099
1042	18	297	216
2472	8	2374	207
638	1	639	130
680	18	9130	177
2362	8	2361	167
1208	1	1142	097
135	18	854	183
373	1	369	122
5003	15	4973	077
573	1	574	132
1042	18	409	205
9045	23	2982	084
443	1	416	061
788	18	1505	230
318	1	319	082
12503	23	12520	102
5357	15	4973	157
6414	23	2935	100
1481	1	126	116
946	1	163	072
6599	23	12547	114
1033	1	1035	151
1179	1	953	070
6247	23	12509	081
368	1	369	035
9144	18	696	200
780	1	125	040
1042	18	570	166
854	1	135	125
398	1	148	016
705	1	687	005
5083	15	4973	004
5026	15	4973	157
12545	23	2951	090
636	18	717	185
9144	18	137	209
2925	23	2996	086
1042	18	377	204
4998	15	4973	154
2445	8	2446	217
1841	23	2997	138
8943	23	2951	087
6439	23	12515	022
77	0	91	197
194	1	148	150
1254	1	129	032
5018	15	4973	107
1591	1	535	030
918	1	148	103
2729	23	2966	023
12545	23	2951	015
5280	15	4973	055
135	18	9130	204
1042	1	687	064
135	18	534	204
1222	1	1210	022
178	1	179	025
1233	1	122	008
398	1	148	069
1042	18	1467	174
5179	15	4973	110
947	1	1033	067
676	1	123	088
475	1	148	102
1039	1	1041	007
2445	8	2446	201
1353	1	1210	133
1372	1	953	137
1850	23	2951	121
392	1	148	137
717	1	636	132
1078	1	122	063
784	1	317	081
5138	15	4973	109
1222	1	122	079
9162	19	948	207
5341	15	4973	113
1043	1	125	005
9144	18	1035	215
5128	15	4973	096
5063	15	4973	148
7464	19	179	203
674	1	123	142
194	1	148	072
135	18	438	226
8730	23	2951	002
1042	18	979	231
135	18	854	207
1224	1	1210	097
534	1	135	002
1338	1	129	033
776	1	493	094
5136	15	4973	065
9144	18	698	166
7997	23	2982	137
910	1	518	126
1491	1	126	120
5006	15	4986	022
1217	1	953	020
1281	1	122	082
9144	18	1035	184
5130	15	4973	155
1265	1	1210	035
2925	19	1926	162
4568	23	2946	073
1154	1	1142	109
673	1	948	156
3346	21	9473	229
2925	19	1926	206
1258	1	129	040
5006	15	4986	093
4970	15	4973	097
8667	23	3023	115
9144	18	137	185
135	18	9132	190
5004	15	4973	109
1566	1	148	138
1042	18	1551	168
2378	8	2377	171
135	18	438	165
316	1	317	015
1463	15	4986	125
7997	23	2982	088
7975	23	2951	010
5179	15	4973	115
654	1	129	059
676	1	123	139
9680	22	9544	154
4715	23	12510	160
2990	19	9159	207
9470	21	9455	202
6973	23	2996	053
350	1	163	073
1015	1	148	085
6247	23	2935	134
1171	15	4973	139
9144	18	9140	197
4970	15	4973	119
2925	19	1926	228
1042	18	377	186
9144	18	9138	218
1173	15	4973	110
9680	22	9544	088
997	1	129	056
1275	1	129	079
6414	23	2935	037
375	1	369	039
6400	19	9159	196
6599	23	12547	024
709	1	369	070
800	1	416	046
4751	14	4505	092
6400	19	9159	207
135	18	1013	224
472	1	148	026
5138	15	4973	036
636	18	718	176
1651	1	125	014
1042	18	1467	187
2373	23	12511	038
7975	23	3023	080
1463	15	4986	115
2448	8	2447	222
135	18	9130	223
826	1	148	036
993	1	123	112
5179	15	4973	108
25	0	27	188
5348	15	5088	115
1042	18	571	225
1042	18	570	217
788	18	1505	194
9145	18	416	221
1143	1	953	072
2990	19	9159	197
6878	23	12520	144
3826	23	2996	022
1014	1	604	050
470	1	126	132
447	1	126	030
1182	1	1142	127
135	18	1081	216
1042	18	645	205
1050	1	125	034
1126	1	148	050
1042	18	377	212
5062	15	4973	056
949	1	148	148
1585	1	163	069
2404	8	2405	206
1264	1	122	065
1045	1	125	071
398	1	148	108
1850	23	2951	090
1576	1	419	093
1306	1	122	012
135	18	1468	210
5146	15	4973	143
3066	23	2982	139
5148	15	5088	139
2945	14	3623	106
822	1	416	014
5246	15	4973	011
1153	1	1142	117
1230	1	122	057
525	15	4973	008
157	1	129	076
3250	21	9434	197
2404	8	2405	202
949	1	148	122
135	18	534	195
1080	1	122	017
9144	18	1027	185
1858	19	969	213
1387	1	1210	050
303	1	416	081
9045	23	2982	100
1312	1	1210	102
373	1	369	070
375	1	369	137
602	1	604	046
770	1	125	070
784	1	317	143
1591	1	135	079
135	18	954	219
8927	23	12541	060
9144	18	704	217
1216	1	953	157
250	1	148	073
297	1	125	035
1489	1	122	059
5279	15	4973	074
706	1	708	131
990	1	511	154
9144	18	9136	205
2404	8	2405	219
372	1	369	088
703	1	704	061
780	1	125	005
2244	8	2243	176
1207	1	1142	066
1354	1	125	072
781	1	148	132
5083	15	4973	097
135	18	602	216
534	1	135	115
1320	1	129	006
6973	23	12501	148
1858	19	25	218
4976	15	4973	154
568	1	125	032
9145	18	304	231
1042	18	645	187
484	1	148	154
1042	18	979	224
1426	1	535	133
374	1	369	027
1042	18	1651	172
1428	1	125	082
1214	1	1210	113
368	1	369	046
4394	14	3791	028
1426	1	135	077
1042	18	409	200
5098	15	4986	013
135	18	438	189
1042	18	1467	229
1045	1	126	127
1213	1	129	139
1147	1	1142	102
160	1	125	068
636	18	717	182
1042	18	571	215
135	18	1081	215
156	1	122	016
1481	1	126	123
8272	23	12515	143
1586	15	4973	156
1527	1	125	144
1042	18	715	227
775	1	122	008
135	18	854	205
5066	15	4973	151
447	1	126	057
1585	1	148	136
5214	15	5088	119
6726	23	2966	027
5003	15	4973	043
5246	15	4973	030
9162	19	948	206
1336	1	122	031
8943	23	2951	025
8385	23	2982	021
1078	1	122	043
1042	18	1551	165
9144	18	9138	186
1254	1	129	051
161	1	163	144
573	15	5094	082
1307	1	1210	087
1414	1	122	080
135	18	534	165
4824	14	3710	118
1080	1	122	053
973	1	454	017
5111	15	4973	125
517	1	519	129
425	1	319	150
1354	1	1142	003
712	1	163	147
7790	23	12511	113
703	1	704	159
1045	1	126	128
135	18	954	197
1339	1	129	027
1253	1	129	010
249	1	148	138
1042	18	644	197
609	1	419	155
1586	15	4973	157
8552	23	3023	060
1227	1	129	160
9680	22	9544	039
1414	1	122	061
1585	1	148	101
1294	1	1210	099
5138	15	4973	092
1042	18	1050	210
1331	1	129	146
1014	1	604	049
7293	19	1926	230
2433	8	2432	206
8730	23	2951	075
135	18	1013	219
2350	8	2351	194
1481	1	125	017
1078	1	122	055
1042	18	1051	201
25	1	33	010
1353	1	129	012
1522	1	148	109
4394	14	3791	073
812	1	416	018
1042	18	409	190
7790	23	12511	093
1171	1	953	040
1548	1	148	021
1453	15	4973	080
1191	1	953	033
5341	15	4973	139
5356	15	4973	076
636	18	717	179
2402	8	2403	212
9162	19	948	187
1042	18	1051	215
160	1	125	074
1165	1	1142	085
673	1	163	055
4074	14	3791	082
636	18	792	200
9144	18	9136	164
780	1	125	056
3135	11	3136	156
770	1	126	114
1212	1	122	066
628	1	148	094
5295	15	4973	018
376	1	369	016
135	18	1014	221
3082	11	3083	016
2445	8	2446	173
1476	1	148	144
857	15	5088	158
1042	18	571	184
9144	18	687	169
1341	1	953	016
1094	1	125	144
450	1	148	043
277	1	125	141
4048	14	3791	097
7464	19	179	225
1042	18	1050	186
1336	1	1210	114
8426	23	12511	144
6878	23	12520	058
609	1	419	137
8730	23	2951	062
1417	15	5088	118
3790	14	3791	025
5263	15	4973	105
25	0	26	225
784	1	785	104
5261	15	4973	051
1130	1	125	009
680	18	9134	181
9144	18	9140	228
224	1	123	088
8842	23	3023	117
7018	19	1991	209
677	1	148	160
167	1	148	137
1341	1	1142	098
5114	15	4973	154
3345	21	9473	216
9144	18	137	201
1327	1	129	068
152	1	123	119
2373	8	2374	162
2265	23	2982	119
6414	23	2935	047
1042	18	567	206
3135	11	3136	100
644	1	125	010
5280	15	4973	101
194	1	148	016
135	18	1468	230
4400	17	6449	152
7790	23	12511	103
1383	1	1210	076
854	1	135	049
12503	23	2995	161
3135	11	3136	074
1042	18	568	193
6529	23	2952	059
2395	8	2394	195
1172	1	953	155
1308	1	129	044
25	0	27	217
7464	19	179	184
1081	1	535	147
1042	18	644	214
9144	18	698	204
1420	1	125	049
9145	18	416	217
185	1	122	061
2414	8	2415	224
621	1	123	126
2729	23	2966	044
8943	23	3023	144
447	1	125	078
6414	23	2935	069
1386	1	129	066
1042	18	1551	186
1217	1	953	059
1415	1	163	148
947	1	129	133
4970	15	4973	084
1414	1	123	108
1042	18	570	162
784	1	317	087
5128	15	4973	145
5115	15	4973	064
1172	1	953	060
2414	8	2415	214
1379	1	1142	113
6529	23	2952	146
972	1	122	018
1237	1	129	148
470	1	126	091
25	0	27	184
1042	18	715	178
1143	15	4973	160
135	18	9130	220
135	18	1470	183
9144	18	9138	181
1217	1	953	013
77	0	91	194
2395	8	2394	220
1014	1	604	039
505	1	148	157
251	1	125	035
1199	1	953	072
3130	14	3437	136
579	1	656	085
1306	1	122	065
7178	23	12511	024
4998	15	4973	132
3420	14	3423	116
1246	1	129	150
1042	18	160	175
680	18	9132	176
6599	23	12547	054
8385	23	3023	022
484	1	148	067
3130	14	3437	138
3122	11	3123	016
264	15	4973	021
135	18	9133	182
8272	23	12515	149
1384	1	122	075
12503	23	12520	050
1566	1	148	096
1281	1	122	057
77	0	91	173
775	1	123	140
11557	22	5656	160
277	1	125	077
5165	15	4973	019
474	1	148	115
5164	15	4973	151
1047	1	148	040
473	1	416	024
135	18	1470	194
6414	23	2935	044
1850	23	2951	097
4269	14	4270	108
705	1	687	112
1383	1	129	159
1207	1	1142	083
1961	6	2031	153
600	15	5088	088
377	1	125	024
1453	1	419	046
964	1	148	132
1377	1	953	022
703	1	704	095
976	1	148	089
621	1	122	039
1406	15	4986	154
1254	1	129	159
9144	18	1035	179
1590	1	123	110
9526	21	9477	193
1042	18	1050	231
1641	1	148	158
1642	1	122	019
9145	18	416	202
947	1	148	080
9144	18	1035	218
1453	1	419	089
1278	1	1210	146
2350	8	2351	183
11065	22	9643	157
3845	14	3847	025
909	1	148	006
25	0	27	218
8927	23	12541	057
8213	23	12526	090
1042	18	377	224
217	1	148	081
134	1	125	008
5153	15	4973	026
135	18	854	178
740	1	1093	009
1165	1	1142	025
705	1	687	160
673	1	948	101
135	18	1468	185
2729	23	2935	081
473	1	416	054
818	1	416	052
1521	1	148	090
1042	18	160	214
740	1	1093	061
1565	1	148	128
680	1	137	050
1540	1	148	008
10864	22	9653	152
1258	1	129	068
250	1	148	116
1540	1	148	076
135	18	854	209
8787	23	2975	029
1251	1	122	072
1042	18	435	210
135	18	954	200
1247	1	129	061
8692	23	12516	062
1527	1	126	110
1441	1	125	057
5279	15	4973	057
1342	1	1142	107
2427	8	2426	180
1042	18	1551	210
3790	14	4261	155
972	1	122	080
6371	23	3023	034
1213	1	122	075
1668	1	163	037
1230	1	1210	089
1294	1	129	049
832	1	416	146
9144	18	698	177
1850	23	2951	001
135	18	1426	216
12545	23	2952	065
152	1	122	010
2395	8	2394	214
2082	15	5057	087
5166	15	4973	027
2351	8	2350	216
1204	1	1142	117
6371	23	3023	035
1189	1	953	151
194	1	148	004
9144	18	698	209
744	1	163	147
3135	11	3136	032
297	1	125	004
573	1	574	161
1224	1	122	033
8272	23	2975	119
251	1	126	123
5320	15	4973	114
5179	15	4973	032
715	1	125	060
316	1	317	071
135	1	137	132
1384	1	122	019
534	1	135	099
5115	15	4973	060
908	1	518	081
2277	8	2278	183
1234	1	1210	133
3040	23	3023	020
3250	21	9434	169
811	1	416	005
4905	14	3587	045
135	18	1468	204
1207	1	953	082
1545	1	148	033
1669	1	419	042
135	18	9133	208
1576	1	419	075
135	18	9131	203
4547	14	3450	023
1360	1	953	154
505	1	148	035
458	15	4973	121
9144	18	9136	168
1212	1	129	138
1453	1	419	121
1042	18	570	229
744	1	163	119
5279	15	4973	125
1165	1	1142	020
3236	23	3023	127
492	15	5088	102
7195	23	12531	032
1200	1	953	023
351	1	122	010
1320	1	1210	087
5263	15	4973	111
447	1	126	016
1667	1	126	126
997	1	123	156
12545	23	2952	090
6247	23	12509	005
5031	15	4973	158
1234	1	122	012
168	1	148	159
415	1	416	067
9680	22	9544	151
2277	8	2278	191
579	15	5088	087
2093	6	2012	141
985	1	148	109
2265	23	2982	066
1463	1	1464	019
4568	23	2946	030
1279	1	129	057
4970	15	4973	003
461	1	125	027
1612	1	148	089
4568	23	2946	131
1247	1	129	069
2990	23	12502	028
11065	22	10456	147
1291	1	129	055
795	1	148	146
8385	23	2981	100
4048	14	3791	037
984	1	148	139
5063	15	4973	070
1372	1	953	052
135	18	1013	192
135	18	9131	224
135	18	854	175
1204	1	1142	098
1311	1	1210	117
1191	1	953	004
1491	1	126	129
9070	23	2982	093
1415	1	148	070
3620	14	3423	115
1237	1	129	007
1042	18	297	177
6439	23	12515	100
6195	19	1991	190
575	1	129	024
734	15	4977	161
5291	15	4973	001
1591	1	135	158
788	18	1505	208
985	1	148	020
2990	23	12502	018
1042	18	979	184
2925	23	2996	064
8927	23	12541	119
947	1	163	136
6439	23	12515	145
5129	15	4973	048
7975	23	2951	066
5065	15	4973	112
1612	1	148	069
1415	1	148	112
135	18	1470	191
7079	23	12511	088
1858	19	25	210
832	1	416	128
465	1	125	069
1383	1	1210	073
5356	15	4973	152
4963	17	4312	071
5329	15	4973	159
1643	1	129	036
1481	1	125	022
1234	1	122	009
368	1	369	056
6247	23	2935	074
6414	23	2935	081
800	1	416	051
2350	8	2351	195
135	18	1470	192
418	1	419	073
424	1	319	147
8667	23	3023	124
9144	18	9139	163
973	1	454	051
780	1	125	054
800	1	416	131
788	18	1505	228
1247	1	1210	104
4716	14	3447	049
2426	8	2427	216
1043	1	125	064
1379	1	1142	095
1308	1	129	041
135	18	1013	201
1426	1	535	085
1667	1	125	156
135	18	1468	205
780	1	125	156
9144	18	687	185
1188	1	953	024
297	1	125	048
269	1	125	019
784	1	785	131
8943	23	2951	158
313	1	148	006
1042	18	377	214
1538	1	148	092
9144	18	1041	218
3790	14	3791	048
4547	14	3450	086
2729	23	2935	019
636	18	718	194
1251	1	129	139
2426	8	2403	198
77	0	91	202
9144	18	9136	222
2310	19	1991	172
1233	1	1210	100
1042	18	1050	199
1453	1	419	134
1291	1	129	010
1042	18	297	169
1171	15	4973	091
139	1	126	124
1039	1	1041	037
1038	1	148	096
1042	18	1651	197
1254	1	129	082
2362	8	2361	201
685	1	687	005
680	18	9134	177
1189	1	1142	134
2828	9	2556	128
1195	1	1142	070
1042	18	571	168
2405	8	2404	209
1081	1	535	050
474	1	148	160
310	15	5088	144
974	1	122	080
5269	15	4973	104
832	1	416	014
135	18	854	217
788	18	1505	210
1130	1	126	102
5261	15	4973	111
2427	8	2426	172
8552	23	3023	049
318	1	319	151
9470	21	9455	231
5329	15	4973	012
1042	18	645	171
1545	1	148	099
534	1	535	026
2990	19	9159	187
4048	14	3791	093
135	18	1081	177
5278	15	4986	139
621	1	122	052
1296	1	129	012
1306	1	122	042
1143	15	4973	016
1308	1	129	138
3250	21	9434	207
1476	1	148	086
1042	18	568	169
1042	18	377	185
1353	1	129	017
1204	1	953	138
4963	17	4312	010
973	1	454	133
409	1	125	033
1258	1	1210	110
9145	18	416	213
1099	1	148	058
6599	23	12547	016
1042	18	568	230
374	1	369	140
2310	19	1991	193
9144	18	687	219
638	1	639	137
4370	14	3710	008
3409	21	9434	175
9144	18	9136	215
5505	22	9985	160
1370	1	129	030
392	1	148	027
1411	1	163	029
1467	1	125	032
1331	1	129	156
8756	23	12511	087
473	6	2082	045
1127	1	846	033
1338	1	129	078
1042	18	979	179
135	18	1014	216
1383	1	1210	074
1442	1	126	093
25	0	26	196
473	1	416	076
168	1	148	030
7975	23	3023	051
1254	1	129	035
567	1	125	041
1126	1	148	113
1612	1	148	039
9144	18	1029	179
703	1	704	047
638	1	639	127
135	18	9133	224
9144	18	1029	167
1216	1	953	036
2351	8	2350	172
677	1	148	094
8943	23	2951	083
1314	1	122	061
5133	15	5088	079
1337	1	129	040
2310	19	1991	177
9144	18	137	229
7293	19	1926	231
717	1	636	055
2361	8	2362	197
1203	1	1142	158
3352	21	9473	212
1565	1	148	036
1147	1	953	069
5356	15	4973	033
12545	23	2951	061
947	1	129	084
6439	23	12515	074
1240	1	1210	134
1158	1	953	158
1336	1	122	005
5279	15	4973	080
135	18	9135	197
985	1	148	120
1222	1	1210	040
1467	1	125	010
1585	1	163	127
1213	1	1210	136
5066	15	4973	018
1042	18	570	228
5146	15	4973	145
636	18	791	217
1306	1	1210	129
6400	19	9159	187
947	1	163	096
6878	23	12520	113
985	1	148	048
5303	15	4973	077
7975	23	3023	056
1626	1	125	008
1173	1	953	030
1639	1	125	010
1094	1	125	085
4547	14	3450	079
4370	14	3710	155
6195	19	1991	173
2448	8	2447	227
1047	1	148	161
2427	8	2426	170
1312	1	1210	099
6439	23	12515	005
1188	1	1142	075
5238	15	5088	142
1246	1	122	084
517	1	519	032
1935	6	2012	062
1544	1	148	124
1042	18	1050	215
377	1	125	085
9144	18	708	222
705	1	687	026
5031	15	4973	010
1080	1	122	064
470	1	125	136
775	1	122	006
7195	23	12531	110
2447	23	12501	075
2405	8	2404	220
2990	23	12502	039
1437	1	920	149
500	1	148	090
776	1	493	091
974	1	123	139
11316	22	9589	079
910	1	518	034
534	1	535	081
465	1	125	039
5130	15	4973	075
5295	15	4973	124
5012	15	4973	000
12545	23	2952	146
2404	8	2405	213
135	18	9130	201
1150	1	1142	122
1224	1	129	154
1230	1	122	075
167	1	148	050
8787	23	2975	034
2093	6	2012	136
5018	15	4973	145
685	1	687	084
1994	6	2067	138
9144	18	9138	200
251	1	125	067
2470	8	2471	225
1665	1	126	094
415	1	416	053
852	21	9473	231
709	1	369	111
1551	1	125	052
409	1	125	077
1428	1	126	120
1667	1	125	059
1383	1	129	015
1015	1	148	093
305	1	148	045
1529	1	148	111
5238	15	5088	085
1850	23	2951	115
1014	1	604	093
1202	1	953	007
908	1	518	143
9144	18	9136	192
438	1	135	112
152	1	122	035
5128	15	4973	128
1581	1	123	159
5179	15	4973	123
2093	6	2012	120
1850	23	2951	014
135	18	9131	201
1563	1	123	133
1196	1	1142	112
1275	1	1210	113
1130	1	125	083
1042	18	1651	219
1665	1	125	008
135	18	534	199
5266	15	4973	030
964	1	148	053
1522	1	148	018
988	15	4986	014
1375	1	953	039
857	15	5088	088
811	1	416	082
999	1	122	050
706	1	708	019
1668	1	163	085
134	1	126	104
2351	8	2350	222
1042	18	715	185
636	18	718	188
9144	18	137	202
376	1	369	086
9144	18	1029	199
9144	18	704	230
458	1	126	120
2828	9	2556	106
8272	23	2975	127
6371	23	3023	068
1078	1	123	113
3826	23	2996	036
9390	23	12511	107
277	1	125	019
645	1	125	021
135	18	1426	185
1264	1	1210	085
1099	1	148	016
9063	23	3023	123
4970	15	4973	005
1195	1	1142	124
9144	18	1041	182
9144	18	9137	169
2414	8	2415	191
5062	15	4973	059
135	18	438	215
802	1	122	044
6400	19	9159	181
9390	23	12511	149
1078	1	122	045
77	1	78	019
963	1	148	016
3236	23	3023	100
1168	1	1142	108
3122	11	3123	082
468	1	125	140
9144	18	708	164
434	1	122	051
8385	23	2981	120
9144	18	9139	223
470	1	125	158
1293	1	129	022
610	1	416	088
392	1	148	035
2447	23	12501	106
1217	1	953	032
425	1	319	118
3923	23	12541	095
25	0	27	181
2427	8	2426	173
1850	23	2951	109
965	1	148	150
5291	15	4973	056
2404	8	2405	220
266	1	148	147
135	18	602	222
706	1	708	077
9386	23	12511	083
1198	1	1142	102
135	18	438	219
1296	1	129	025
77	1	78	081
788	18	1505	222
734	15	4977	159
373	1	369	102
9070	23	2982	102
311	1	148	145
1254	1	129	138
1240	1	129	063
788	18	1505	220
147	1	148	022
2265	8	2266	222
1253	1	129	008
685	1	687	147
1339	1	1210	108
812	1	416	133
2301	23	2951	060
3790	14	4261	012
5098	15	4986	106
9144	18	704	179
1522	1	148	052
1042	18	979	194
2361	8	2362	168
9144	18	687	198
12545	23	2952	150
5341	15	4973	046
680	18	9131	177
1042	18	644	202
1545	1	148	080
1273	1	129	076
8426	23	12511	057
9144	18	137	224
1639	1	126	113
800	1	416	088
959	1	163	161
3826	23	2996	109
460	1	125	041
1470	1	135	020
77	0	91	165
621	1	123	140
5251	15	4973	065
5210	15	4973	158
500	1	148	032
5136	15	4973	151
1291	1	129	139
831	1	416	036
2470	8	2471	223
1165	1	1142	036
1417	15	5088	115
5114	15	4973	052
4269	14	4270	087
1042	1	687	031
1033	1	1035	030
1342	1	953	140
1222	1	1210	079
1533	1	419	088
1273	1	1210	096
962	1	163	036
5031	15	4973	043
1176	1	1142	126
2395	8	2394	210
266	1	148	120
674	1	122	059
9162	19	948	231
1540	1	148	119
795	1	148	020
135	18	534	226
1189	1	953	041
1373	1	953	154
1544	1	148	102
2244	8	2243	174
11316	22	9589	000
709	1	369	086
135	18	1468	193
438	1	135	160
676	1	123	118
7464	19	179	181
2395	8	2394	211
610	1	416	094
2426	8	2403	195
368	1	369	074
1442	1	125	152
6726	23	2966	117
1540	1	148	072
1042	18	715	177
2447	23	12501	007
4054	14	3623	111
2429	8	2428	216
1476	1	148	106
2200	9	2713	141
5004	15	4973	132
2470	8	2471	222
1015	1	148	018
25	0	26	181
909	1	148	011
1080	1	122	034
4260	14	4261	118
1013	1	604	103
3843	14	3791	100
1850	23	2951	135
807	1	148	008
4260	14	4261	108
9144	18	704	189
776	1	493	123
5308	15	5088	027
1411	1	163	131
947	1	123	117
135	18	1014	204
854	1	535	089
251	1	125	134
636	18	1495	194
5348	15	5088	076
1042	18	377	162
9145	18	416	208
1198	1	953	071
1565	1	148	131
2351	8	2350	182
2463	8	2464	191
6439	23	2956	017
1502	1	416	071
7079	23	12511	145
1898	23	2997	003
1383	1	129	010
1080	1	122	006
135	18	1014	214
152	1	122	046
1591	1	135	142
1656	1	639	000
152	1	122	066
5165	15	4973	040
2394	8	2395	223
1428	1	125	034
1377	1	953	064
1426	1	135	112
1042	18	644	217
985	1	148	108
9386	23	12511	137
157	1	129	013
1042	18	979	197
5219	15	4973	114
4970	15	4973	064
9144	18	9140	214
1143	15	4973	142
157	1	123	101
1665	1	126	088
1541	1	148	077
5003	15	4973	084
1331	1	1210	095
781	1	148	008
1545	1	148	057
1354	1	1142	100
5356	15	4973	001
647	1	125	034
5030	15	4973	103
1321	1	129	039
2394	8	2395	192
7464	19	179	178
1094	1	126	102
139	1	125	034
2093	6	2012	082
1204	1	953	152
11316	22	9589	073
4976	15	4973	142
1208	1	953	160
795	1	148	105
229	15	5057	145
628	1	148	068
1141	1	953	151
5178	15	5088	088
7079	23	12511	006
2463	8	2464	202
685	1	687	074
4370	14	3710	077
1379	1	1142	085
974	1	122	005
5245	15	4973	095
1147	1	1142	128
1591	1	135	025
1352	1	1142	102
1173	1	953	043
5109	15	5110	147
1042	18	377	213
1042	18	409	165
217	1	148	121
1258	1	129	066
1898	23	2997	049
135	18	2004	206
1191	1	1142	125
1642	1	122	065
1050	1	125	080
6247	23	2935	149
12497	22	10627	152
455	1	126	131
2990	19	9159	196
5109	15	5110	108
7975	23	3023	096
1126	1	148	150
8213	23	12526	138
9144	18	687	200
1224	1	122	070
1189	1	953	084
997	1	123	129
9162	19	948	168
9144	18	1027	175
5133	15	5088	002
1214	1	1210	103
4547	14	3450	021
1470	1	135	056
135	18	1081	171
235	1	148	063
1387	1	129	158
5083	15	4973	122
1047	1	148	121
517	1	519	126
1147	1	953	060
963	1	148	097
1538	1	148	128
6878	23	12520	050
178	1	179	041
135	18	1426	173
1240	1	129	017
5041	15	4986	008
3843	14	3791	057
2990	19	9159	204
4568	23	2946	026
254	1	148	115
2470	8	2471	220
1336	1	1210	124
500	1	148	073
9144	18	687	221
5115	15	4973	093
1411	1	163	081
1353	1	129	063
474	1	148	032
1147	1	953	033
5133	15	5088	045
1099	1	148	069
3134	11	3129	161
4905	14	3587	093
6439	23	12515	021
6400	19	9159	185
8006	23	2949	018
644	1	125	031
5219	15	4973	137
854	1	535	057
5065	15	4973	046
219	15	4973	069
303	1	416	070
1042	18	1050	206
1898	23	2997	052
5266	15	4973	008
1168	1	953	077
1331	1	129	024
4998	15	4973	118
4074	14	3791	011
5269	15	4973	116
6439	23	12515	067
517	1	519	019
351	1	122	014
734	15	4977	089
2421	8	2420	215
7195	23	12531	064
1850	23	2951	150
1321	1	129	140
5317	15	4973	014
1203	1	1142	133
9144	18	1035	189
534	1	535	014
5316	15	4973	035
152	1	123	129
1173	1	1142	113
1265	1	1210	040
949	1	148	011
135	18	602	200
1387	1	1210	055
5141	15	5088	121
706	1	708	047
147	1	148	145
9145	18	416	207
1585	1	148	041
9144	18	1029	225
1583	1	123	149
2243	8	2244	180
5269	15	4973	058
435	1	125	065
776	1	493	044
770	1	125	148
77	0	91	175
1042	18	1050	177
5119	15	4985	027
1308	1	1210	125
1281	1	1210	124
1281	1	122	042
135	18	1013	210
1379	1	1142	105
9144	18	9136	201
1414	1	122	055
1527	1	126	129
254	1	148	158
1179	1	953	071
1049	1	148	061
2361	8	2362	183
25	0	27	162
468	1	126	115
8426	23	12511	000
1538	1	148	150
9144	18	704	173
740	1	1093	129
5214	15	5088	103
135	18	1470	178
1158	1	1142	115
435	1	125	082
2394	8	2395	209
9144	18	696	225
6414	23	2935	114
168	1	148	149
9145	18	416	212
636	18	1495	167
1850	23	2951	019
918	1	148	012
1143	1	1142	108
5346	15	4986	050
4963	17	4312	034
2277	8	2278	192
1529	1	148	027
5263	15	4973	135
9144	18	1027	227
1189	1	953	070
1538	1	148	106
2350	8	2351	167
5133	15	5088	046
473	6	2082	074
1042	18	160	229
740	1	1093	046
443	1	416	079
1042	18	644	188
7079	23	12511	086
1042	18	645	224
7464	19	179	196
1453	15	4973	089
1042	18	297	191
5259	15	4973	014
5053	15	4973	022
1320	1	129	082
11316	22	9589	127
9144	18	1029	207
1384	1	1210	128
372	1	369	154
4547	14	3450	137
1476	1	148	059
825	1	123	127
575	1	123	135
135	18	1470	223
5266	15	4973	052
1406	1	1464	071
1141	1	953	036
5031	15	4973	071
705	1	687	054
5329	15	4973	100
5130	15	4973	025
3923	23	12541	081
1133	6	592	145
984	1	148	006
1042	18	435	197
908	1	518	139
375	1	369	153
3122	11	3123	050
9144	18	9136	217
5138	15	4973	049
1323	1	129	158
9144	18	698	191
1247	1	129	015
8213	23	12526	118
636	1	479	137
827	15	5088	111
303	1	416	037
4394	14	3791	136
11316	22	9589	088
5271	15	4973	150
3040	23	3023	021
5115	15	4973	125
460	1	126	127
1042	18	377	182
11065	22	10458	156
1668	1	163	028
1669	1	419	071
1563	1	123	158
25	0	27	168
993	1	122	027
135	18	854	186
958	1	148	060
160	1	125	082
121	1	122	009
3826	23	2996	073
802	1	122	072
390	1	163	155
1042	18	567	181
1641	1	148	053
4048	14	3791	063
709	1	369	047
1612	1	148	115
135	18	1081	218
1626	1	125	032
5249	15	4973	038
1643	1	129	081
269	1	125	025
1042	18	1551	182
5119	15	4985	150
1168	1	953	038
1143	15	4973	157
6195	19	1991	194
705	1	687	156
1168	1	953	020
1042	18	645	192
415	1	416	109
3250	21	9434	184
5018	15	4973	088
167	1	148	056
375	1	369	004
1143	1	1142	110
1347	1	953	037
1321	1	1210	113
1042	18	409	211
9144	18	708	224
4547	14	3450	052
525	15	4973	056
1042	18	297	180
2925	23	2996	141
7790	23	12511	123
400	18	3078	179
7847	23	2966	010
5031	15	4973	069
2351	8	2350	206
776	1	493	118
2448	8	2462	196
135	18	438	212
434	1	123	123
1510	1	123	156
168	1	148	113
1278	1	122	028
1411	1	163	159
979	1	125	044
1033	1	1035	130
1182	1	953	135
5179	15	4973	101
784	1	317	067
5012	15	4973	141
4716	14	3447	005
9144	18	687	176
685	1	687	138
2351	8	2350	177
534	1	535	012
9144	18	9140	212
1042	18	570	206
1426	1	135	111
9144	18	1029	213
455	1	126	095
571	1	125	067
1042	18	715	202
313	1	148	136
5166	15	4973	048
235	1	148	056
375	1	369	057
9144	18	9136	193
135	18	1591	202
1171	1	953	022
313	1	148	160
8499	23	12511	067
1081	1	535	159
1042	18	1051	202
784	1	785	012
712	1	163	131
1351	1	1210	051
3066	23	12524	042
5128	15	4973	135
9144	18	9138	202
4963	17	4312	075
985	1	148	007
1308	1	1210	088
5238	15	5088	041
781	1	148	153
908	1	518	131
1336	1	122	013
5108	15	5088	139
1850	23	2951	071
4943	14	3696	116
1656	1	639	039
8272	23	2975	032
1173	15	4973	108
5031	15	4973	149
8385	23	2982	156
1665	1	125	151
4484	14	4367	138
2243	8	2244	190
77	1	78	064
1150	1	953	080
469	1	125	139
3066	23	2982	121
1045	1	125	030
636	18	1495	164
6247	23	12509	040
216	1	148	102
3790	14	4261	101
139	1	126	096
135	18	9130	189
1168	1	953	157
2729	23	2935	109
822	1	416	011
2320	8	2321	222
6414	23	2935	132
1042	18	1441	230
3843	14	3791	097
374	1	369	070
1042	18	568	165
1858	19	969	227
4370	14	3710	077
135	18	9130	226
5066	15	4973	091
1042	18	1467	197
5158	15	5088	085
255	1	148	051
1639	1	126	108
1467	1	125	023
4824	14	3710	123
1222	1	1210	120
1230	1	122	019
158	1	148	151
6400	19	9159	217
3134	11	3129	030
1278	1	122	042
1639	1	125	045
2294	23	12511	120
6247	23	12509	112
1668	1	163	029
734	15	4977	034
947	1	1033	156
918	1	148	041
1042	18	409	185
135	18	9132	202
7079	23	12511	035
1227	1	1210	108
5130	15	4973	035
7790	23	12511	104
1042	18	377	228
2432	8	2433	222
712	1	163	058
4598	14	3447	122
5303	15	4973	086
954	1	604	109
7975	23	2951	152
1042	18	567	176
9390	23	12511	069
1665	1	125	042
351	1	123	096
500	1	148	143
251	1	125	015
6599	23	12547	028
1126	1	148	137
854	1	135	026
1668	1	163	088
579	1	656	104
447	1	126	095
461	1	125	032
5346	15	4986	052
2945	10	2946	108
2350	8	2351	187
5168	15	5088	090
2463	8	2464	205
167	1	148	094
9144	18	9136	179
9306	23	12511	073
135	18	2004	176
1042	18	567	193
1191	1	1142	109
2394	8	2395	221
1502	1	416	080
1296	1	1210	132
4833	14	3811	123
988	15	4986	122
1850	23	2951	116
5111	15	4973	039
5166	15	4973	018
2925	19	1926	226
1384	1	1210	124
157	1	129	062
6414	23	2935	052
1296	1	129	051
249	1	148	058
1339	1	1210	133
4147	19	1935	217
685	1	687	124
655	1	419	018
8943	23	3023	146
2243	8	2244	183
8730	23	2951	085
9144	18	708	230
135	18	9135	196
1329	1	129	084
1240	1	129	076
1375	1	953	155
822	1	416	027
1566	1	148	097
1207	1	1142	124
5357	15	4973	063
8787	23	2975	104
1246	1	122	076
7293	19	1926	224
1042	18	377	183
5279	15	4973	037
1214	1	1210	095
250	1	148	079
8213	23	12526	153
7464	19	179	213
3923	23	12541	055
1042	18	571	170
706	1	708	139
2404	8	2405	198
7975	23	3023	018
964	1	148	145
25	0	26	197
2362	8	2361	173
9144	18	9136	212
2351	8	2350	179
9144	18	1035	171
4441	14	3710	070
1411	1	163	009
5251	15	4973	154
25	0	27	228
2925	19	1926	218
374	1	369	009
958	1	148	083
9144	18	687	187
5053	15	4973	034
703	1	704	101
8516	23	2981	103
1042	18	435	205
135	18	1013	186
8943	23	3023	126
3943	14	3696	141
443	1	416	021
1463	15	4986	045
1510	1	122	076
7570	23	12516	043
9144	18	1029	206
1441	1	125	077
636	18	717	172
2729	23	2935	100
1415	1	163	073
6529	23	2952	023
1372	1	953	065
1165	1	1142	094
204	1	122	068
1042	18	297	222
5012	15	4973	124
1246	1	129	145
1042	18	571	218
250	1	148	097
1360	1	953	065
5356	15	4973	091
12545	23	2952	072
6371	23	3023	147
8213	23	12526	058
3130	14	3555	154
2351	8	2350	173
249	1	148	025
1171	15	4973	048
1384	1	1210	147
474	1	148	101
5238	15	5088	106
1099	1	148	028
1051	1	125	030
4269	14	4270	121
5266	15	4973	042
1153	1	1142	124
1669	1	419	070
1078	1	122	053
1850	23	2951	018
1042	18	979	171
973	1	454	108
800	1	416	062
788	18	1505	209
2433	8	2432	230
1042	18	715	205
217	1	148	070
9144	18	1035	167
1171	1	1142	101
475	1	148	125
5065	15	4973	134
5322	15	4986	084
224	1	122	005
168	1	148	019
1212	1	122	016
250	1	148	013
6973	23	12501	038
1581	1	122	051
655	1	419	007
1338	1	129	070
7687	23	12511	098
734	15	4977	064
636	18	718	180
703	1	704	141
964	1	148	138
6973	23	12501	134
613	1	416	127
1207	1	953	026
1153	1	953	079
744	1	163	133
1191	1	1142	099
5269	15	4973	159
1529	1	148	026
5238	15	5088	139
417	1	319	081
135	18	1470	224
6371	23	3023	015
1336	1	122	014
135	18	1014	181
438	1	135	037
9144	18	9140	162
2447	23	12501	144
965	1	148	142
1147	1	953	139
438	1	135	007
9144	18	1027	213
7975	23	2951	022
135	1	137	160
1099	1	148	123
5279	15	4973	090
784	1	785	116
5341	15	4973	074
4426	14	3822	128
1463	1	1464	088
1171	15	4973	099
709	1	369	022
517	1	519	089
1014	1	604	065
9144	18	1029	177
1042	18	570	163
3620	14	3421	151
1854	23	2921	118
135	18	438	205
709	1	369	042
984	1	148	146
744	1	163	112
8692	23	12526	075
5115	15	4973	000
5130	15	4973	152
1341	1	953	034
1348	1	953	145
5295	15	4973	028
2394	8	2395	207
372	1	369	069
8499	23	12511	060
135	1	137	128
1042	18	979	229
1042	18	409	179
8272	23	12515	065
12545	23	2952	100
469	1	126	120
706	1	708	090
2378	8	2377	164
5128	15	4973	065
135	18	438	178
4716	14	3447	018
1383	1	1210	130
5083	15	4973	114
375	1	369	050
636	18	791	200
7570	23	12516	157
3236	23	3023	098
4547	14	3450	071
6439	23	12515	141
5251	15	4973	076
1551	1	125	078
4488	14	3937	139
4984	15	4986	108
2463	8	2464	212
5053	15	4973	003
1042	18	1651	166
2358	8	2359	229
4716	14	3447	079
4050	14	4051	063
1406	15	4986	084
1338	1	129	076
6247	23	2935	137
5168	15	5088	098
1543	1	148	110
3250	21	9434	171
5346	15	4986	072
9144	18	9138	193
400	18	3078	182
5062	15	4973	019
806	1	122	033
5026	15	4973	139
25	0	27	176
947	1	163	161
5329	15	4973	140
450	1	148	097
1541	1	148	053
784	1	317	135
685	1	687	115
5348	15	5088	138
976	1	148	070
354	1	125	019
784	1	785	092
999	1	122	082
6973	23	12501	005
135	18	1014	226
1397	1	148	074
435	1	125	027
6439	23	2956	022
2244	8	2243	194
7293	19	1926	203
997	1	123	092
740	1	1093	098
1042	18	715	214
135	18	1468	199
2445	8	2446	220
3929	14	3821	130
910	1	518	088
3066	23	12524	092
1527	1	125	015
2432	8	2433	208
1563	1	123	136
5166	15	4973	069
373	1	369	000
9144	18	687	177
9144	18	696	183
9144	18	1027	222
9162	19	948	180
9390	23	12511	135
2350	8	2351	164
424	1	319	095
1337	1	129	082
1042	18	571	214
350	1	163	006
1042	18	571	202
2925	23	2996	059
1126	1	148	020
962	1	163	116
1212	1	1210	091
1188	1	1142	028
9070	23	2982	086
1329	1	129	058
1258	1	129	026
1202	1	125	083
8499	23	12511	133
6973	23	2996	087
1042	18	1651	222
1150	1	953	137
7464	19	179	182
217	1	148	015
1172	1	953	037
5251	15	4973	091
4484	14	4366	136
277	1	126	120
135	1	137	158
676	1	123	108
2427	8	2426	203
1425	1	122	057
990	1	991	010
1264	1	122	033
303	1	416	118
5148	15	5088	147
5303	15	4973	079
1042	18	377	179
5346	15	4986	067
1043	1	125	152
636	18	1495	193
1463	1	1464	114
5251	15	4973	037
1658	1	163	055
7178	23	12511	015
5153	15	4973	076
492	15	5088	076
1094	1	125	001
135	18	534	189
124	1	126	095
2330	8	2331	215
1127	1	846	036
775	1	122	038
376	1	369	112
182	1	129	084
1379	1	1142	134
25	0	26	200
1042	18	645	172
124	1	125	142
1153	1	953	141
5018	15	4973	043
6414	23	2935	142
1042	18	1051	180
703	1	704	116
5210	15	4973	094
1042	18	297	220
1415	1	163	105
5026	15	4973	041
1130	1	125	029
534	1	535	137
354	1	126	087
1078	1	123	156
9144	18	687	194
168	1	148	025
9162	19	948	203
1230	1	122	074
786	15	5088	123
1417	1	778	151
1081	1	604	031
1042	18	1051	184
4963	17	4312	046
3082	11	3083	091
1042	18	1651	198
1444	1	129	008
3620	14	3423	110
3082	11	3083	149
3236	23	3023	091
525	15	4973	085
1199	1	1142	011
5316	15	4973	113
6599	23	12547	119
2244	8	2243	202
1576	1	419	039
1191	1	1142	153
9144	18	9140	223
409	1	125	047
3135	11	3136	161
447	1	125	054
9306	23	12511	009
1042	18	1050	167
1563	1	129	022
602	1	604	159
372	1	369	134
1426	1	535	149
424	1	319	064
811	1	416	124
7687	23	12511	026
135	18	1013	221
5133	15	5088	065
1281	1	129	146
607	1	596	143
1481	1	125	059
1042	18	377	222
4441	14	3710	042
1043	1	126	122
1191	1	1142	138
976	1	148	107
2445	8	2446	185
1042	18	160	223
254	1	148	077
1327	1	129	135
450	1	148	037
310	15	5088	037
7975	23	3023	090
985	1	148	137
784	1	785	140
1406	15	4986	013
217	1	148	074
2351	8	2350	181
1230	1	122	033
1642	1	123	091
1415	1	163	007
1360	1	1142	100
1199	1	1142	086
1143	1	953	024
1489	1	122	069
2925	19	1926	182
575	1	129	023
573	1	574	130
265	1	125	158
3790	14	4261	074
734	15	4977	038
1042	18	377	172
5280	15	4973	009
1042	18	377	170
5265	15	4973	063
2852	23	2952	060
5261	15	4973	122
135	18	9134	184
1042	18	570	180
2333	8	2332	231
5119	15	4985	132
1529	1	148	009
8499	23	12511	136
135	18	1426	189
128	1	123	093
303	1	416	044
1039	1	1041	060
673	15	4973	014
2463	8	2464	171
3250	21	9434	185
5062	15	4973	055
1307	1	1210	104
964	1	148	031
638	1	639	078
6195	19	1991	165
8756	23	12511	020
2309	8	2310	162
8552	23	3023	149
194	1	148	117
7975	23	2951	099
443	1	416	147
1042	18	570	210
5065	15	4973	161
517	1	519	125
2445	8	2446	168
1397	1	148	118
1042	18	979	191
1414	1	123	123
2462	8	2448	199
568	1	125	004
7178	23	12511	060
1291	1	129	058
909	1	148	078
5111	15	4973	046
5062	15	4973	107
368	1	369	149
1323	1	129	161
2852	23	2952	016
1360	1	953	047
11065	22	10458	161
4905	14	3587	124
1545	1	148	157
806	1	122	026
5133	15	5088	016
680	18	9130	172
1042	18	570	215
1307	1	129	085
1013	1	604	019
185	1	123	132
1375	1	953	041
2828	9	2556	057
386	1	148	062
1042	18	567	170
1463	1	1464	073
1590	1	123	103
1143	15	4973	057
458	1	126	131
1563	1	123	151
1042	18	377	187
1592	6	2029	000
575	1	123	143
6247	23	2935	099
1147	1	953	031
12100	22	9567	160
25	0	27	177
1181	1	953	055
1668	1	163	108
1314	1	122	069
982	1	148	111
266	1	148	075
823	1	148	102
947	1	1033	058
963	1	148	027
647	1	126	125
1228	1	122	041
1354	1	953	048
5164	15	4973	013
135	18	1014	190
8272	23	12515	044
1042	18	644	164
1258	1	129	056
6439	23	2956	126
1011	1	122	084
9144	18	1027	183
1042	18	645	163
3845	14	3846	043
1651	1	125	082
1669	1	419	046
7975	23	3023	061
135	18	1591	226
1148	1	1142	115
8006	23	2949	153
2093	6	2012	140
5341	15	4973	134
1014	1	604	043
5129	15	4973	095
2852	23	2952	052
5006	15	4986	085
5153	15	4973	091
9144	18	1027	186
3790	14	3791	035
1042	18	567	209
277	1	125	029
703	1	704	079
1172	1	953	055
9144	18	9140	204
318	1	319	048
3790	14	4261	040
5102	15	4973	027
77	1	78	102
5160	15	5088	139
8385	23	2981	127
9680	22	9544	094
468	1	125	045
7847	23	2966	114
826	1	148	100
6400	19	9159	195
6936	23	12511	070
776	1	493	160
6529	23	3023	050
1042	18	568	191
1329	1	129	028
1158	1	953	148
9144	18	9139	221
1181	1	953	151
958	1	148	128
1941	5	1943	091
1585	1	148	107
266	1	148	009
5280	15	4973	092
3843	14	3791	144
3244	21	9473	220
424	15	4986	140
2362	8	2361	189
1173	15	4973	114
9470	21	9455	195
2925	19	1926	211
636	18	718	171
8426	23	12511	029
654	1	123	106
1265	1	129	017
973	1	454	024
1341	1	1142	109
25	0	26	215
277	1	125	142
1314	1	122	039
1538	1	148	014
8006	23	2949	132
703	1	704	105
3826	23	2996	047
8787	23	2975	101
621	1	122	037
8756	23	12511	104
9144	18	1035	180
1898	23	2997	128
1327	1	129	077
1541	1	148	095
1179	1	953	041
979	1	125	054
12100	22	9567	159
2082	15	5057	075
1529	1	148	157
2445	8	2446	222
826	1	148	155
1453	15	4973	161
1351	1	1210	124
135	18	1081	175
1336	1	122	080
216	1	148	100
8385	23	2982	013
673	1	948	098
1199	1	1142	059
1665	1	125	085
462	1	126	127
135	18	854	189
1176	1	953	060
1566	1	148	111
1510	1	123	098
77	0	91	225
9144	18	1035	163
8787	23	2975	151
229	15	5057	119
250	1	148	067
3420	14	3423	062
1042	18	409	228
310	15	5088	055
4970	15	4973	139
9144	18	1027	172
1184	1	953	016
8385	23	3023	088
680	18	9130	162
7118	20	7119	149
434	1	122	055
6400	19	9159	199
438	1	135	104
1656	1	639	007
1370	1	1210	120
9144	18	9139	197
525	15	4973	064
5146	15	4973	057
2925	19	1926	167
2463	8	2464	211
469	1	125	070
1042	18	644	206
1566	1	148	157
680	18	9133	172
354	1	125	082
4394	14	3791	071
5146	15	4973	074
6726	23	2966	051
6247	23	12509	059
7790	23	12511	156
5238	15	5088	099
4048	14	3791	059
5053	15	4973	039
8552	23	3023	041
5066	15	4973	144
1042	18	1441	188
8943	23	2951	082
1651	1	125	029
7178	23	12511	151
976	1	148	067
982	1	148	127
12503	23	2995	128
5136	15	4973	090
1042	18	377	211
9390	23	12511	116
1279	1	1210	102
1279	1	129	036
645	1	125	069
1425	1	122	076
313	1	148	127
25	0	27	185
5003	15	4973	022
1162	1	953	080
1336	1	122	043
1354	1	953	030
7975	23	2951	015
5179	15	4973	041
1435	1	126	131
409	1	125	038
135	18	9130	193
1042	18	1441	189
1481	1	125	037
9460	21	9434	228
1042	18	1051	222
1182	1	953	012
7293	19	1926	202
1453	15	4973	020
1586	15	4973	084
1463	1	1464	013
823	1	148	039
909	1	148	015
157	1	123	099
1417	1	778	087
135	18	1081	225
5251	15	4973	141
5265	15	4973	046
1858	19	969	204
818	1	416	124
1529	1	148	145
9144	18	687	180
9144	18	9137	165
5246	15	4973	087
963	1	148	050
5303	15	4973	116
455	1	126	006
1043	1	125	014
9144	18	1027	193
1199	1	1142	003
1165	1	1142	095
4716	14	3447	098
1195	1	1142	130
674	1	123	116
2421	8	2420	217
1463	1	1464	142
1642	1	123	133
2448	8	2462	198
575	1	123	106
9144	18	1041	219
135	18	9131	181
6247	23	12509	099
311	1	148	076
400	18	3078	166
373	1	369	062
1444	1	123	149
5246	15	4973	080
1379	1	953	029
2373	23	12511	124
2362	8	2361	180
6726	23	2966	134
1208	1	1142	090
1278	1	1210	092
1042	18	1551	202
1354	1	1142	073
1043	1	125	010
2400	8	2401	180
468	1	126	093
3236	23	12520	019
9144	18	698	211
1331	1	129	005
1042	18	1651	204
1420	1	125	066
9144	18	1027	196
712	1	163	041
9145	18	416	196
5003	15	4973	003
77	0	91	216
9144	18	687	215
2333	8	2332	228
1042	18	571	227
680	18	9135	165
1417	1	778	111
350	1	163	143
1341	1	953	021
734	15	4977	053
1173	15	4973	015
8516	19	2048	177
9386	23	12511	157
316	1	317	016
11372	22	9589	134
579	15	5088	142
1188	1	1142	128
1453	15	4973	032
1204	1	1142	087
5012	15	4973	105
443	1	416	095
972	1	122	064
135	18	1591	190
9144	18	1041	211
3066	23	12524	028
462	1	126	114
8272	23	2975	129
424	15	4986	066
2373	8	2374	190
135	18	9130	197
161	1	163	113
2278	8	2277	184
4715	23	12510	115
1042	18	1551	227
680	18	9130	164
473	6	2082	054
636	18	791	211
1665	1	125	137
135	18	2004	202
1351	1	1210	011
8756	23	12511	130
6414	23	2935	079
949	1	148	138
9045	23	2982	092
398	1	148	116
1200	1	953	076
1265	1	1210	070
194	1	148	083
1081	1	604	021
7975	23	2951	037
5065	15	4973	152
135	18	9132	208
1199	1	953	158
2330	8	2331	225
1158	1	953	083
135	18	438	166
5066	15	4973	127
4984	15	4986	082
5115	15	4973	114
1117	1	148	016
354	1	126	108
25	0	27	207
1179	1	953	149
7687	23	12511	079
377	1	125	020
310	15	5088	121
7975	23	2951	065
1099	1	148	149
1165	1	953	149
636	18	1495	184
458	1	126	119
178	1	179	000
135	18	1014	223
8692	23	12526	152
5018	15	4973	037
182	1	129	076
1213	1	1210	108
3352	21	9473	207
8552	23	3023	071
3236	23	3023	116
135	1	137	050
375	1	369	134
1502	1	416	122
1544	1	148	021
1428	1	126	112
9470	21	9455	181
5006	15	4986	062
204	1	123	089
473	1	416	090
9470	21	9455	229
469	1	125	059
5164	15	4973	089
373	1	369	157
744	1	163	030
1158	1	953	068
135	18	1014	198
1354	1	125	043
1411	1	163	077
1042	18	645	221
458	15	4973	002
1172	1	953	136
5098	15	4986	031
1341	1	953	017
9680	22	9544	134
1191	1	1142	133
1042	18	160	165
1331	1	1210	098
2244	8	2243	189
1042	18	1050	193
8385	23	2982	090
474	1	148	157
568	1	125	029
8272	23	2975	107
9144	18	687	212
1639	1	125	036
368	1	369	027
680	1	137	052
9144	18	9140	175
371	1	369	079
1318	1	129	042
7570	23	12516	104
1042	18	1441	231
9144	18	1027	189
2990	19	9159	202
5295	15	4973	046
1311	1	129	050
7790	23	12511	138
1858	19	969	216
311	1	148	004
636	18	788	198
377	1	125	035
216	1	148	026
2427	8	2426	188
9144	18	708	203
1406	1	1464	061
484	1	148	044
6439	23	12515	150
1042	18	1551	174
1204	1	953	147
9495	21	9442	206
1669	1	419	153
1935	7	2182	222
367	1	122	055
3250	21	9434	163
908	1	518	096
5265	15	4973	047
946	1	163	113
1042	18	979	221
1372	1	1142	133
5166	15	4973	096
9144	18	1035	195
251	1	126	128
8499	23	12511	078
7293	19	1926	220
7079	23	12511	156
1651	1	125	065
1188	1	1142	039
9144	18	708	212
409	1	125	013
1386	1	129	156
1444	1	123	144
392	1	148	043
2432	8	2433	231
9018	23	3023	033
1246	1	129	146
1208	1	953	028
1336	1	122	034
505	1	148	014
135	18	9135	203
1576	1	419	141
8943	23	2951	096
492	1	493	002
2945	14	3623	117
443	1	416	024
958	1	148	102
2405	8	2404	206
4598	14	3447	050
9144	18	1027	184
2332	8	2333	228
7847	23	2966	000
1216	1	1142	095
1442	1	125	007
1658	1	163	047
5119	15	4985	008
1042	18	377	169
5115	15	4973	083
5053	15	4973	068
982	1	148	009
2244	8	2243	173
705	1	687	030
638	1	639	059
7195	23	12531	026
135	18	9131	202
5062	15	4973	025
1850	23	2951	007
680	18	9132	162
135	18	954	205
1338	1	129	074
568	1	125	084
318	1	319	100
1143	15	4973	028
1189	1	1142	097
1576	1	419	119
1323	1	129	141
6973	23	2996	082
1441	1	125	079
1042	18	1051	170
2432	8	2433	215
2394	8	2395	220
788	18	1505	223
492	15	5088	060
1143	15	4973	035
734	15	4977	070
534	1	135	093
1591	1	535	144
1042	18	160	206
2447	8	2448	213
371	1	369	059
1042	18	644	187
3250	21	9434	181
6247	23	12509	153
3236	23	3023	011
1042	18	570	194
825	1	129	004
800	1	416	035
305	1	148	125
6878	23	2966	011
1158	1	953	007
4963	17	4312	109
1042	18	571	203
1173	1	1142	134
1042	18	979	189
628	1	148	021
1217	1	1142	100
5146	15	4973	121
1042	18	570	230
8426	23	12511	030
680	1	137	060
5109	15	5110	121
265	1	125	025
2729	23	2966	090
12503	23	2995	100
4413	14	4414	151
1278	1	122	005
9144	18	9140	185
5111	15	4973	107
5279	15	4973	005
1481	1	126	097
12503	23	12520	049
677	1	148	070
1337	1	129	158
5322	15	4986	123
438	1	135	059
7687	23	12511	052
1042	18	567	201
135	18	1081	221
3066	23	2982	131
8692	23	12526	044
1373	1	953	026
1042	18	715	188
7975	23	2951	146
5303	15	4973	028
1234	1	122	051
135	1	137	014
417	1	319	090
1042	18	1467	180
5261	15	4973	103
1042	18	570	195
1078	1	123	126
6726	23	2966	034
1042	18	1051	228
1042	18	377	166
5041	15	4986	043
139	1	125	152
1576	1	419	026
674	1	123	088
8516	23	2981	133
1148	1	953	032
2361	8	2362	201
770	1	125	037
5083	15	4973	116
6371	23	3023	157
5164	15	4973	129
9144	18	687	218
655	1	419	109
1265	1	1210	134
1042	18	1050	222
1042	18	1651	181
9144	18	9140	217
461	1	125	068
1195	1	953	137
800	1	416	065
443	1	416	062
781	1	148	077
1265	1	1210	046
854	1	535	076
676	1	122	041
1042	18	1051	203
6247	23	12509	051
135	18	854	187
2448	8	2447	218
800	1	416	134
1126	1	148	078
1491	1	126	114
128	1	123	089
3066	23	12524	062
1314	1	1210	085
831	1	416	095
910	1	518	131
1094	1	126	093
1189	1	953	074
6371	23	3023	065
1850	23	2951	034
2243	8	2244	198
995	1	148	161
962	1	163	056
1858	19	969	212
350	1	163	092
3236	23	12520	103
134	1	125	058
949	1	148	017
3620	14	3423	020
806	1	123	099
2351	8	2350	184
2432	8	2433	226
5271	15	4973	143
216	1	148	047
1641	1	148	094
4147	19	1935	224
9144	18	1029	162
1275	1	129	049
638	1	639	030
2351	8	2350	170
1639	1	125	018
636	18	718	196
1042	18	409	198
135	18	534	175
654	1	123	141
1293	1	129	057
2447	23	12501	023
3826	23	2996	144
644	1	125	072
1296	1	129	037
415	1	416	092
908	1	518	061
1265	1	1210	113
1042	18	160	190
1406	1	1464	096
1212	1	122	011
3420	14	3423	010
1168	1	953	025
4048	14	3791	143
438	1	135	045
5164	15	4973	096
1158	1	953	039
8006	23	2949	067
2362	8	2361	197
4984	15	4986	058
1182	1	953	025
1228	1	122	045
1042	18	1551	203
636	18	718	213
1042	18	1467	223
621	1	122	084
1042	18	1050	205
1042	18	567	163
2447	8	2448	221
135	18	9131	207
985	1	148	079
455	1	126	009
135	18	9130	206
474	1	148	035
2990	23	12502	046
178	1	179	085
8842	23	3023	135
9144	18	1029	229
1976	6	229	027
4715	23	12510	154
194	1	148	085
9045	23	2982	002
610	1	416	099
6414	23	2935	130
1182	1	1142	102
854	1	535	143
800	1	416	038
1643	1	123	114
4568	23	2946	099
7847	23	2966	138
409	1	125	027
1529	1	148	128
1581	1	123	144
313	1	148	069
9390	23	12511	121
9144	18	704	195
947	1	148	144
484	1	148	026
2361	8	2362	179
77	0	91	169
5012	15	4973	005
1143	1	953	085
947	1	163	094
4260	14	4261	037
167	1	148	150
2448	8	2447	226
1415	1	148	042
609	1	419	093
1294	1	129	067
5265	15	4973	147
229	15	5057	138
3388	21	9473	229
9470	21	9455	206
825	1	123	106
1645	1	126	117
5308	15	5088	101
6439	23	2956	029
2277	8	2278	186
1042	18	297	187
2378	8	2377	173
5041	15	4986	075
5148	15	5088	121
1130	1	125	033
1042	18	1051	210
1195	1	953	069
3790	14	4261	112
832	1	416	153
2925	23	2996	072
1042	18	1441	229
1198	1	953	027
1314	1	1210	107
158	1	148	044
2200	9	2713	144
1591	1	535	113
1043	1	125	038
2309	8	2310	163
1043	1	125	149
1540	1	148	015
3138	19	9157	175
1094	1	125	045
135	18	1426	168
135	18	1591	195
135	18	9131	183
1042	18	571	195
135	18	9133	210
1935	6	2012	147
5269	15	4973	001
1228	1	129	140
376	1	369	003
1042	18	435	200
1042	18	377	175
8552	23	3023	154
1184	1	953	039
949	1	148	033
2093	6	2012	038
3134	11	3129	136
310	15	5088	062
1141	1	953	157
469	1	125	080
7997	23	2982	114
1296	1	1210	106
621	1	122	065
135	18	9131	205
2445	8	2446	164
4488	14	3937	123
1375	1	953	015
6247	23	12509	138
1667	1	126	107
621	1	122	033
1967	15	4973	058
1667	1	125	053
1182	1	953	005
1296	1	129	152
709	1	369	060
443	1	416	161
621	1	122	044
2427	8	2426	162
277	1	125	153
7195	23	12531	065
121	1	123	158
9144	18	708	191
1898	23	2997	027
9144	18	698	168
1042	18	567	205
3923	23	12541	117
2427	8	2426	197
5261	15	4973	123
1150	1	1142	089
8213	23	12526	077
1645	1	125	061
2426	8	2427	215
8927	23	12541	046
3138	19	9157	174
266	1	148	112
652	1	148	022
3040	23	3023	128
2990	19	9159	206
135	18	9135	192
135	18	534	213
2362	8	2361	181
1426	1	535	027
1153	1	953	138
1195	1	1142	024
2394	8	2395	190
734	15	4977	137
1585	1	163	045
1196	1	953	015
455	1	125	145
9144	18	9138	214
6726	23	2966	093
6439	23	2956	047
1377	1	1142	095
135	18	9130	215
3790	14	4261	104
2350	8	2351	173
1094	15	4973	086
1386	1	129	049
505	1	148	128
1296	1	129	153
1042	18	715	196
5031	15	4973	045
2361	8	2362	182
1585	1	148	105
1586	15	4973	092
802	1	123	089
135	18	9130	181
135	18	1591	203
825	1	129	058
2729	23	2966	031
1042	18	1467	219
5158	15	5088	111
3346	21	9473	230
492	15	5088	010
1426	1	535	051
1042	18	1467	175
8552	23	3023	087
1976	6	229	005
1158	1	953	082
6247	23	12509	054
1253	1	1210	094
802	1	122	071
450	1	148	128
832	1	416	144
135	18	1081	206
5271	15	4973	114
7975	23	2951	134
9144	18	708	182
8385	23	3023	012
8552	23	3023	161
9144	18	696	210
1195	1	1142	093
1386	1	129	071
1668	1	163	089
2852	23	2952	143
5115	15	4973	051
2990	23	12502	009
318	1	319	133
770	1	125	071
613	1	416	024
1383	1	1210	087
8272	23	2975	062
2990	19	9159	179
318	1	319	153
776	15	5088	086
9144	18	1029	224
990	1	510	139
854	1	135	104
5160	15	5088	161
636	18	788	200
135	18	1014	199
979	1	125	062
1042	18	645	177
2729	23	2935	044
135	18	2004	166
4370	14	3710	046
776	15	5088	115
1222	1	1210	025
909	1	148	071
3420	14	3423	115
350	1	163	144
1094	1	126	101
8385	23	2982	141
8552	23	3023	034
1191	1	1142	088
5341	15	4973	007
2351	8	2350	212
7975	23	2951	100
474	1	148	138
2925	19	1926	202
806	1	123	113
2350	8	2351	169
3236	23	3023	151
5003	15	4973	028
1033	1	1035	141
77	0	91	164
1591	1	135	052
7195	23	12531	119
677	1	148	137
12545	23	2951	052
135	18	9135	214
6878	23	12520	046
1935	6	2012	108
6247	23	12509	029
6195	19	1991	186
158	1	148	153
6195	19	1991	164
6439	23	12515	083
1491	1	125	035
204	1	122	011
1533	1	419	117
5026	15	4973	129
1188	1	1142	087
1293	1	1210	110
784	1	785	137
25	0	26	174
715	1	125	032
1154	1	953	037
1586	15	4973	002
1042	1	687	055
1042	18	1441	227
266	1	148	034
5146	15	4973	052
5269	15	4973	050
1273	1	129	059
1639	1	125	034
974	1	122	041
9144	18	1027	177
3923	23	12541	042
128	1	129	046
1148	1	953	082
3138	19	9157	181
1338	1	129	154
135	18	9134	205
1042	18	1551	166
2463	8	2464	178
2373	8	2374	166
1191	1	953	078
3358	21	9473	224
9144	18	696	211
3343	21	9435	220
1293	1	1210	109
995	1	148	102
8552	23	3023	109
412	1	148	027
3923	23	12541	011
2470	8	2471	212
4370	14	3710	115
9144	18	137	170
182	1	129	017
77	0	91	162
3409	21	9434	172
610	1	416	157
2447	8	2448	210
475	1	148	080
800	1	416	034
386	1	148	026
1042	1	687	147
147	1	148	044
959	1	163	159
458	1	125	084
8272	23	2975	093
1651	1	125	027
2386	8	2385	203
415	1	416	047
1371	1	129	010
2414	8	2415	207
229	15	5057	124
1049	1	148	011
5146	15	4973	032
1247	1	129	152
135	18	438	187
770	1	125	150
8426	23	12511	023
1642	1	123	099
3907	14	3908	138
654	1	123	086
6973	23	2996	098
7018	19	1991	195
3135	11	3136	078
823	1	148	146
2351	8	2350	213
1612	1	148	085
5246	15	4973	127
4269	14	4270	158
3620	14	3423	001
2082	15	5057	100
1078	1	123	155
77	0	91	206
1642	1	123	090
636	18	791	212
1042	18	297	162
1417	1	778	105
4715	23	12510	009
1976	6	229	021
1200	1	953	031
3138	19	9157	168
1354	1	1142	133
1049	1	148	138
9162	19	948	229
5219	15	4973	100
1171	15	4973	058
1667	1	125	020
1014	1	604	111
1338	1	1210	116
1370	1	129	085
744	1	163	125
1042	18	571	210
9144	18	1041	187
5129	15	4973	096
784	1	785	103
1541	1	148	052
973	1	454	144
458	15	4973	099
638	1	639	083
706	1	708	136
2330	8	2331	220
3130	11	3131	140
1038	1	148	156
492	15	5088	149
832	1	416	066
77	1	78	047
1162	1	953	159
266	1	148	150
613	1	416	153
6878	23	12520	118
7790	23	12511	052
9162	19	948	201
958	1	148	111
450	1	148	038
2729	23	2966	147
5129	15	4973	114
9680	22	9544	135
468	1	125	069
1540	1	148	107
135	18	1470	212
254	1	148	074
949	1	148	038
1188	1	1142	018
810	1	416	061
8516	19	2048	178
982	1	148	025
1414	1	122	015
1184	1	953	150
9456	21	9458	182
474	1	148	033
1581	1	123	114
1042	18	645	165
135	18	438	202
1042	18	1551	214
1158	1	953	152
1338	1	129	036
12545	23	2952	068
676	1	122	015
1147	1	953	062
908	1	518	090
468	1	125	012
1042	18	435	229
135	18	534	168
4050	14	4049	116
1150	1	953	013
1351	1	1210	101
9390	23	12511	028
811	1	416	114
473	1	416	032
139	1	125	136
1372	1	953	048
1042	18	570	197
2950	17	6412	158
2448	8	2462	195
219	15	4973	139
1181	1	953	033
680	18	9130	174
1665	1	125	029
394	1	148	039
135	18	438	214
979	1	125	004
1591	1	135	141
2414	8	2415	190
1042	18	568	213
1296	1	1210	093
455	1	126	020
1042	18	435	169
316	1	317	130
8069	21	9443	229
2350	8	2351	203
5063	15	4973	144
1042	18	979	169
2361	8	2362	202
947	1	975	088
570	1	125	036
1042	18	644	225
1195	1	953	136
788	18	1505	221
1042	18	979	230
4976	15	4973	010
1658	1	163	014
517	1	519	048
4370	14	3710	117
269	1	126	100
1538	1	148	119
2301	23	2951	083
1195	1	1142	080
1527	1	126	107
9144	18	137	188
1171	15	4973	078
1491	1	125	006
8385	23	2982	055
1656	1	639	037
9162	19	948	213
135	18	1470	169
1203	1	953	138
776	1	493	014
1230	1	129	144
8756	23	12511	103
579	1	656	095
1470	1	135	139
1545	1	148	054
5146	15	4973	021
1336	1	122	064
1265	1	129	151
135	18	438	221
135	18	438	182
124	1	125	060
8842	23	3023	008
1442	1	125	136
9144	18	1029	204
3929	14	3822	110
5159	15	5088	131
7997	23	2982	100
3192	12	2175	081
77	0	91	208
3066	23	12524	017
982	1	148	152
706	1	708	112
9144	18	704	206
1168	1	953	037
831	1	416	126
1397	1	148	105
2729	23	2966	159
1311	1	129	054
1234	1	122	039
9144	18	9140	187
219	15	4973	027
1591	1	135	024
251	1	126	132
1976	6	229	037
7997	23	2982	018
135	18	2004	195
185	1	123	109
5153	15	4973	121
1329	1	129	037
470	1	125	047
1233	1	1210	119
1312	1	129	144
1667	1	126	096
424	1	319	029
135	18	9132	197
447	1	126	084
1208	1	1142	127
2426	8	2427	213
5141	15	5088	129
5291	15	4973	014
800	1	416	040
5271	15	4973	059
826	1	148	062
990	1	991	047
8927	23	12541	148
9144	18	687	222
1384	1	122	009
1642	1	123	154
5053	15	4973	147
1198	1	953	004
9144	18	696	205
3923	23	12541	143
1279	1	129	045
1339	1	129	005
831	1	416	087
4260	14	4261	000
2362	8	2361	192
152	1	122	004
1550	1	975	155
5356	15	4973	088
3243	19	1918	218
250	1	148	065
962	1	163	070
5053	15	4973	130
2691	23	3023	034
807	1	148	105
1207	1	1142	073
1099	1	148	116
1591	1	535	024
9144	18	9140	202
1337	1	129	075
1033	1	1035	144
800	1	416	158
1171	1	953	052
1323	1	129	149
2433	8	2432	210
1013	1	604	135
1188	1	1142	093
1042	18	644	210
1130	1	126	132
1078	1	123	142
680	18	9130	167
4054	14	3623	112
1558	1	148	088
1216	1	953	067
2925	19	1926	229
1200	1	953	067
5111	15	4973	055
2361	8	2362	192
984	1	148	027
613	1	416	161
3250	21	9434	210
2828	9	2556	143
5018	15	4973	021
1042	18	645	211
438	1	135	024
2294	23	12511	140
372	1	369	111
677	1	148	017
2414	8	2415	203
973	1	454	127
628	1	148	102
10310	22	10311	142
1147	1	953	140
636	18	717	180
1665	1	125	007
5279	15	4973	159
1444	1	129	041
1042	18	409	226
602	1	604	087
4998	15	4973	112
474	1	148	052
1279	1	129	040
1854	23	2921	116
1042	18	645	229
2320	8	2321	223
2925	19	1926	168
9144	18	9138	205
5158	15	5088	092
1370	1	1210	125
450	1	148	147
636	18	718	181
5111	15	4973	065
5246	15	4973	114
1527	1	125	028
354	1	125	017
654	1	123	097
1047	1	148	100
1246	1	1210	089
5303	15	4973	080
1544	1	148	038
1154	1	953	065
705	1	687	132
2470	8	2471	218
9144	18	698	225
1227	1	129	065
1463	15	4986	036
6247	23	12509	123
135	18	438	180
1502	1	416	110
11316	22	9589	040
534	1	135	088
1591	1	135	054
5322	15	4986	049
6878	23	12520	044
135	18	1426	162
818	1	416	117
1337	1	1210	108
9144	18	698	214
5329	15	4973	009
2925	23	2996	027
1590	1	123	152
204	1	122	036
25	0	27	214
1013	1	604	145
412	1	148	041
1311	1	1210	127
7975	23	2951	153
5259	15	4973	091
1042	18	571	208
1042	1	687	077
3036	14	3922	061
2361	8	2362	191
7018	19	1991	206
8006	23	2949	031
652	1	148	097
2990	23	12502	017
128	1	129	008
6439	23	12515	040
1312	1	129	034
9144	18	9138	223
1042	18	409	220
4394	14	3791	022
2278	8	2277	183
609	1	419	083
5146	15	4973	067
636	18	791	198
135	18	954	230
1117	1	148	144
1042	18	715	179
1463	15	4986	019
1527	1	126	140
811	1	416	038
1327	1	129	041
1042	18	1051	213
505	1	148	023
2405	8	2404	216
377	1	125	022
1387	1	1210	031
3250	21	9434	221
1130	1	126	093
638	1	639	080
1387	1	1210	091
5249	15	4973	044
9144	18	9138	224
5219	15	4973	133
2310	19	1991	170
909	1	148	057
776	1	493	150
1321	1	129	021
1967	15	4973	006
5041	15	4986	011
447	1	126	001
1375	1	953	008
375	1	369	086
2265	23	2982	148
447	1	126	033
135	18	602	191
135	18	1591	174
1665	1	125	034
4260	14	4261	062
194	1	148	138
2350	8	2351	199
1858	19	969	218
1406	15	4986	001
1308	1	1210	100
492	15	5088	148
455	1	125	016
4715	23	12510	161
4998	15	4973	133
152	1	122	075
1850	23	2951	088
9162	19	948	167
832	1	416	147
1858	19	25	223
1014	1	604	087
1049	1	148	119
4074	14	3791	071
8692	23	12526	140
1153	1	953	051
9070	23	2982	145
1233	1	122	011
806	1	123	158
1199	1	953	143
8943	23	3023	107
826	1	148	061
1850	23	2951	095
484	1	148	025
4824	14	3710	107
1042	18	645	220
1042	1	687	123
1050	1	125	050
1258	1	129	062
2351	8	2350	205
5271	15	4973	125
1147	1	953	065
4970	15	4973	024
7997	23	2982	122
1441	1	125	022
812	1	416	149
135	18	9131	221
5341	15	4973	159
1176	1	1142	122
1360	1	953	013
5322	15	4986	055
2447	23	12501	034
9144	18	137	217
3434	14	3437	153
962	1	163	055
1314	1	122	048
3236	23	3023	059
8667	23	3023	093
77	0	91	171
465	1	125	059
1013	1	604	137
982	1	148	131
152	1	122	033
1247	1	129	007
6247	23	12509	150
412	1	148	156
9386	23	12511	093
8692	23	12526	124
5350	15	4973	066
7178	23	12511	027
417	1	319	027
9144	18	708	178
25	1	33	130
135	18	438	185
1386	1	1210	098
988	15	4986	019
135	18	1426	224
1858	19	969	228
1354	1	125	050
469	1	125	074
134	1	125	156
8842	23	3023	080
9063	23	3023	105
1510	1	123	114
9162	19	948	215
918	1	148	077
1247	1	1210	113
5159	15	5088	146
2405	8	2404	199
185	1	123	131
1463	1	1464	042
744	1	163	159
1264	1	129	160
2333	8	2332	230
1651	1	125	045
993	1	122	064
1189	1	1142	086
7018	19	1991	212
5356	15	4973	045
5065	15	4973	094
1015	1	148	062
2142	6	2031	158
1042	18	644	204
8385	23	3023	077
832	1	416	007
1353	1	129	080
3790	14	3791	079
178	1	179	087
1548	1	148	091
5130	15	4973	056
1296	1	1210	085
823	1	148	134
1230	1	1210	113
1254	1	129	160
6973	23	12501	019
1042	18	377	174
2265	23	2982	091
1858	19	25	219
673	15	4973	009
1585	1	148	060
1042	18	1050	203
455	1	126	012
5271	15	4973	147
7687	23	12511	012
3409	21	9434	164
438	1	135	031
6195	19	1991	199
1176	1	953	083
447	1	125	022
1130	1	125	139
4899	14	3623	143
447	1	125	041
2432	8	2433	217
6414	23	2935	028
9470	21	9455	162
1042	18	1551	193
1042	18	1441	176
1150	1	953	005
8272	23	12515	116
2414	8	2415	201
1558	1	148	102
1042	18	409	221
219	15	4973	011
9144	18	9139	194
1173	1	1142	104
443	1	416	094
1150	1	953	141
373	1	369	011
297	1	125	054
673	15	4973	010
1042	18	1651	196
425	1	319	066
4998	15	4973	114
372	1	369	036
1042	18	567	187
9144	18	698	229
4048	14	3791	160
973	1	454	049
1191	1	953	055
392	1	148	007
2990	23	12502	137
5308	15	5088	071
1158	1	1142	091
5128	15	4973	144
1565	1	148	040
4976	15	4973	064
1042	18	644	228
963	1	148	018
1207	1	1142	023
158	1	148	069
1544	1	148	072
1207	1	1142	057
6936	23	12511	068
1323	1	129	027
680	18	9130	176
255	1	148	069
4394	14	3791	011
1154	1	953	155
1453	15	4973	086
5238	15	5088	143
224	1	123	139
2320	8	2321	218
2130	6	2031	158
2427	8	2426	206
1502	1	416	053
2729	23	2966	012
418	1	419	091
158	1	148	015
5214	15	5088	156
1042	18	644	207
949	1	148	101
9144	18	708	218
135	18	1591	186
5278	15	4986	104
5129	15	4973	058
135	18	2004	169
5153	15	4973	082
807	1	148	074
1200	1	953	010
217	1	148	091
400	18	3078	201
9162	19	948	204
2691	23	3023	068
6529	23	2952	157
5130	15	4973	071
3047	10	3048	066
4147	19	1935	208
1042	18	297	228
415	1	416	086
1230	1	122	009
2990	19	9159	219
2294	23	12511	100
854	1	135	138
613	1	416	114
818	1	416	081
5341	15	4973	025
5066	15	4973	062
7464	19	179	200
7975	23	2951	095
1417	1	778	110
3346	21	9473	216
2447	8	2448	218
7079	23	12511	117
3790	14	3791	078
995	1	148	096
712	1	163	073
654	1	123	148
2404	8	2405	204
1081	1	604	057
11372	22	9589	048
1501	1	148	005
802	1	122	009
802	1	122	014
5062	15	4973	097
9470	21	9455	217
1042	18	409	178
1171	15	4973	053
703	1	704	076
9144	18	686	230
965	1	148	114
1522	1	148	083
5065	15	4973	111
1039	1	1041	085
3250	21	9434	194
2433	8	2432	217
1377	1	953	136
621	1	122	038
400	18	3078	176
1337	1	129	022
823	1	148	069
194	1	148	015
5063	15	4973	043
1042	18	1651	223
2925	19	1926	215
5219	15	4973	017
1320	1	129	044
1172	1	953	148
1099	1	148	072
4147	19	1935	197
7570	23	12516	079
2427	8	2426	225
776	15	5088	124
8943	23	3023	001
4105	14	3422	057
4054	14	3623	128
1850	23	2951	031
8385	23	3023	146
4963	17	4312	123
5295	15	4973	136
5350	15	4973	047
5130	15	4973	114
351	1	122	008
5119	15	4985	093
786	15	5088	160
135	18	438	197
6414	23	2935	020
1425	1	123	130
2244	8	2243	197
5136	15	4973	036
277	1	126	134
1273	1	129	016
5133	15	5088	133
3250	21	9434	190
1042	18	645	174
135	18	9133	186
1351	1	1210	134
609	1	419	135
3020	10	2981	147
1858	19	969	209
810	1	416	109
1273	1	129	081
786	15	5088	142
128	1	129	019
795	1	148	042
7293	19	1926	195
1042	18	644	226
1347	1	1142	124
7464	19	179	197
717	1	636	084
1591	1	535	093
1184	1	953	058
311	1	148	070
1626	1	125	045
9144	18	687	170
135	18	2004	194
854	1	135	004
1354	1	125	069
1203	1	1142	087
1042	18	297	217
1354	1	125	017
1426	1	535	015
1013	1	604	153
908	1	518	053
1453	1	419	017
1591	1	135	080
9470	21	9455	175
1099	1	148	054
447	1	125	028
8552	23	3023	049
2405	8	2404	202
1306	1	122	033
9144	18	1041	226
12545	23	2952	160
9144	18	698	162
1094	1	126	108
2333	8	2332	226
811	1	416	010
1854	23	2921	057
5062	15	4973	031
447	1	126	039
636	18	718	209
4370	14	3710	065
350	1	163	099
8385	23	2981	056
8385	23	3023	076
9144	18	9136	163
1502	1	416	130
135	18	854	184
2310	19	1991	171
5322	15	4986	076
11372	22	9589	081
5136	15	4973	098
158	1	148	148
9144	18	686	231
818	1	416	027
1967	15	4973	076
1463	15	4986	048
1042	18	160	198
9070	23	2982	088
1590	1	122	011
160	1	125	009
9144	18	696	217
5295	15	4973	149
4905	14	3587	073
4260	14	4261	017
458	15	4973	009
472	1	148	061
372	1	369	074
7195	23	12531	040
1281	1	122	047
135	18	854	185
1141	1	953	005
135	18	2004	218
2277	8	2278	190
910	1	518	097
5136	15	4973	146
7790	23	12511	022
5316	15	4973	107
1207	1	953	143
5317	15	4973	016
5136	15	4973	083
6878	23	12520	121
9144	18	1035	170
1379	1	1142	119
310	15	5088	002
1379	1	953	142
4269	14	4270	129
415	1	416	018
1181	1	953	136
1417	15	5088	125
161	1	163	153
1189	1	953	036
1042	18	645	170
1181	1	953	026
6247	23	2935	160
2414	8	2415	218
217	1	148	035
1406	1	1464	109
2330	8	2331	226
124	1	125	057
705	1	687	095
135	1	137	002
1645	1	125	019
1463	15	4986	012
963	1	148	132
5130	15	4973	149
5316	15	4973	096
135	18	1081	223
3236	23	3023	018
5329	15	4973	081
1417	1	778	157
1213	1	122	007
8842	23	3023	003
178	1	179	084
373	1	369	014
2428	8	2429	216
1171	1	953	009
770	1	125	060
3923	23	12541	121
770	1	126	103
371	1	369	123
2093	6	2012	007
3923	23	12541	080
800	1	416	104
135	18	1591	227
25	0	27	173
1387	1	122	056
1011	1	122	078
5098	15	4986	144
2414	8	2415	227
9144	18	708	173
1383	1	129	025
636	18	717	174
1354	1	953	062
1585	1	706	126
2362	8	2361	193
703	1	704	104
2990	19	9159	217
1042	18	571	166
1199	1	953	063
709	1	369	084
1042	18	377	229
9680	22	9544	048
1538	1	148	005
1576	1	419	078
5259	15	4973	057
1043	1	125	049
434	1	123	089
947	1	148	054
1173	15	4973	117
5030	15	4973	008
460	1	125	134
8552	23	3023	092
636	18	1495	183
780	1	125	065
9466	21	9440	228
135	18	9130	196
11774	22	10458	151
988	15	4986	016
1153	1	1142	102
1658	1	163	083
1497	1	163	038
5179	15	4973	139
354	1	125	011
135	18	1014	196
6936	23	12511	045
908	1	518	010
1323	1	1210	133
795	1	148	159
5271	15	4973	034
1281	1	122	007
5178	15	5088	128
7997	23	2982	025
3082	11	3083	068
8756	23	12511	058
7997	23	2982	126
5063	15	4973	104
1042	18	1050	220
9144	18	9139	219
1320	1	129	136
800	1	416	033
1522	1	148	090
135	18	1591	185
685	1	687	039
918	1	148	145
705	1	687	002
25	0	27	222
9162	19	948	185
2463	8	2464	222
135	18	1468	226
1521	1	148	042
3236	23	12520	146
1042	18	568	225
12191	22	11006	150
4441	14	3710	073
1354	1	1142	002
1347	1	953	029
4147	19	1935	205
734	15	4977	140
2447	8	2448	229
135	18	9135	200
4105	14	3422	054
182	1	123	139
2427	8	2426	202
1341	1	1142	146
25	1	33	129
3250	21	9434	206
135	18	1426	193
484	1	148	075
1143	15	4973	085
9144	18	137	177
9144	18	137	172
7975	23	3023	136
3795	14	3797	156
1042	18	160	163
744	1	163	138
958	1	148	025
534	1	535	097
249	1	148	120
2472	8	2374	210
990	1	510	143
823	1	148	121
8756	23	12511	013
135	18	534	192
77	1	78	068
135	18	9133	230
25	1	33	068
1406	1	1464	127
1216	1	953	150
534	1	135	136
135	18	954	214
1331	1	129	008
1081	1	535	021
1468	1	604	093
1042	18	571	189
224	1	123	089
1387	1	1210	108
2349	8	2348	185
2073	6	2031	158
2853	9	2712	144
1273	1	129	017
1165	1	1142	023
780	1	126	124
1042	18	160	169
1042	18	1050	209
1234	1	122	025
3343	21	9473	229
2447	8	2448	224
368	1	369	007
216	1	148	103
9145	18	416	163
1042	18	715	226
6247	23	12509	000
135	18	1470	208
534	1	135	116
1213	1	1210	115
1203	1	953	065
2729	23	2935	135
492	1	493	031
1042	18	567	196
3066	23	12524	036
1042	18	435	207
854	1	535	096
1291	1	129	053
1841	23	2997	136
9144	18	9137	212
9144	18	1041	189
1237	1	1210	121
999	1	123	118
972	1	123	149
609	1	419	112
135	18	1591	208
1538	1	148	059
9144	18	1029	194
1240	1	1210	097
9144	18	1035	213
5115	15	4973	017
781	1	148	109
854	1	535	003
8516	23	2981	044
2470	8	2471	217
1415	1	148	146
947	1	123	098
1202	1	1142	087
1042	18	435	191
9144	18	9140	206
6439	23	2956	114
2925	19	1926	225
6414	23	2935	062
1585	1	706	082
4370	14	3710	146
5004	15	4973	158
1858	19	25	231
168	1	148	014
517	1	519	074
6973	23	12501	121
2828	9	2556	091
462	1	125	042
2427	8	2426	210
2448	8	2447	223
1251	1	129	144
351	1	122	028
1042	18	1050	217
157	1	129	059
1042	18	568	204
2691	23	3023	087
1591	1	535	004
685	1	687	067
135	18	534	196
3346	21	9473	214
9306	23	12511	115
135	18	9133	188
5136	15	4973	137
438	1	135	034
462	1	126	129
1042	18	1467	185
1039	1	1041	051
677	1	148	135
5083	15	4973	146
372	1	369	075
2373	23	12511	114
947	1	1033	159
318	1	319	119
1042	18	1441	222
636	18	788	209
250	1	148	064
1014	1	604	025
982	1	148	059
602	1	604	015
156	1	122	066
6247	23	2935	135
1318	1	1210	111
734	15	4977	037
740	1	1093	005
373	1	369	007
1565	1	148	066
1153	1	953	155
6400	19	9159	186
135	18	9131	222
390	1	163	138
1042	18	979	215
1173	1	953	004
963	1	148	056
25	0	26	182
2422	8	2423	221
135	18	854	208
2362	8	2361	191
161	1	163	078
4257	14	3696	148
311	1	148	121
1339	1	1210	116
424	1	319	123
9144	18	698	203
398	1	148	141
636	18	791	216
1230	1	122	030
6371	23	3023	021
947	1	1033	147
1042	18	1051	220
1222	1	129	146
12503	23	2995	151
1583	1	122	024
7687	23	12511	111
570	1	125	020
1042	18	160	187
9144	18	1027	171
1042	18	160	201
2362	8	2361	179
9144	18	1029	165
1042	18	1467	213
9144	18	9139	220
1042	18	297	209
1234	1	122	050
5066	15	4973	122
2463	8	2464	209
1463	15	4986	098
703	1	704	082
1342	1	953	062
461	1	126	086
1204	1	953	040
5006	15	4986	054
9144	18	9140	173
1533	1	419	050
424	1	319	005
8730	23	2951	101
1337	1	129	155
400	18	3078	190
1591	1	135	148
2990	19	9159	193
1279	1	129	049
4370	14	3710	015
610	1	416	126
7570	23	12516	058
8943	23	2951	160
6400	19	9159	214
3942	14	3696	118
680	18	9131	179
810	1	416	019
573	15	5094	053
5291	15	4973	158
5031	15	4973	096
3790	14	4261	084
6414	23	2935	138
2463	8	2464	229
2200	9	2713	091
9144	18	704	214
9144	18	1034	231
1331	1	1210	125
5348	15	5088	095
1042	18	1467	177
2394	8	2395	205
1279	1	1210	096
469	1	126	115
3243	19	1918	225
1541	1	148	008
9144	18	704	221
613	1	416	121
1529	1	148	143
854	1	135	074
1935	6	2012	132
1541	1	148	078
1200	1	953	016
4998	15	4973	110
6973	23	2996	076
5168	15	5088	111
1042	18	979	163
5133	15	5088	043
1565	1	148	096
135	18	1591	165
135	18	1014	191
1426	1	535	058
5214	15	5088	057
124	1	125	150
6247	23	12509	090
1353	1	129	076
1042	18	1050	223
6973	23	2996	010
1047	1	148	144
1354	1	1142	052
613	1	416	028
1080	1	123	126
1130	1	126	099
1420	1	126	105
1042	18	979	219
492	1	493	153
1204	1	953	154
9144	18	708	225
947	1	148	127
316	1	317	035
1224	1	129	153
5004	15	4973	088
5114	15	4973	011
9145	18	416	168
1042	18	571	212
5066	15	4973	121
600	15	5088	124
1015	1	148	024
610	1	416	124
1246	1	122	066
628	1	148	015
568	1	125	024
10636	22	9538	138
1217	1	953	076
2462	8	2448	203
160	1	125	020
6878	23	12520	011
9018	23	3023	097
255	1	148	038
770	1	125	065
135	18	9134	214
5295	15	4973	154
9144	18	704	211
1428	1	125	076
1253	1	129	141
2265	23	2982	004
8385	23	3023	133
1642	1	123	150
3490	14	3491	139
9144	18	1041	212
6195	19	1991	185
5303	15	4973	112
5346	15	4986	060
676	1	123	127
9144	18	9137	223
8213	23	12526	121
638	1	639	124
1667	1	125	047
8730	23	2951	064
9144	18	137	195
254	1	148	036
9144	18	696	206
1372	1	953	062
1126	1	148	091
680	1	137	058
636	18	718	190
3236	23	3023	000
4441	14	3710	062
1233	1	122	027
1538	1	148	029
5148	15	5088	105
1042	18	1441	177
492	15	5088	019
703	1	704	146
438	1	135	147
1426	1	535	074
1042	18	568	203
135	18	602	202
1529	1	148	056
5026	15	4973	048
25	1	33	036
3581	14	3555	136
1173	1	953	034
135	18	854	174
806	1	123	137
1275	1	1210	090
1540	1	148	140
135	18	2004	183
6414	23	2935	057
636	18	791	202
1417	1	778	059
5291	15	4973	121
1291	1	129	153
2244	8	2243	192
4441	14	3710	154
2361	8	2362	165
1360	1	953	037
6599	23	12547	095
1384	1	122	005
468	1	125	083
705	1	687	141
3346	21	9473	217
1463	1	1464	134
1428	1	126	118
8272	23	12515	017
5246	15	4973	076
1470	1	135	116
2332	8	2333	226
135	18	9130	185
1187	1	953	036
8842	23	3023	012
5102	15	4973	085
4054	14	3623	124
6878	23	2966	054
470	1	125	080
2405	8	2404	219
2447	23	12501	118
947	1	148	103
5350	15	4973	100
318	1	319	112
1173	15	4973	014
1377	1	953	155
447	1	126	077
788	18	1505	215
2350	8	2351	221
1171	15	4973	130
5280	15	4973	100
1251	1	122	053
1342	1	953	024
680	18	9133	174
2294	23	12511	015
5269	15	4973	119
9144	18	9136	183
415	1	416	017
1453	15	4973	046
25	0	26	162
5114	15	4973	074
5263	15	4973	084
946	1	163	136
1377	1	1142	128
377	1	125	063
655	1	419	076
583	1	584	112
1042	18	644	176
424	1	319	028
995	1	148	049
7464	19	179	195
1331	1	129	036
1379	1	953	076
135	1	137	090
1538	1	148	130
8943	23	3023	135
2350	8	2351	210
3287	21	9473	213
709	1	369	036
5271	15	4973	012
1510	1	123	112
1527	1	126	146
525	15	4973	077
2405	8	2404	208
5102	15	4973	158
135	18	854	169
1162	1	953	038
6878	23	12520	109
250	1	148	124
1279	1	129	011
1543	1	148	015
9144	18	9138	176
5098	15	4986	003
1489	1	122	033
505	1	148	056
9063	23	3023	048
475	1	148	110
1314	1	1210	116
947	1	148	064
964	1	148	112
680	18	9132	179
780	1	125	042
135	18	1591	223
7018	19	1991	208
135	18	438	192
1042	18	1441	174
6878	23	12520	099
4394	14	3791	095
823	1	148	141
4998	15	4973	113
135	18	1470	221
1545	1	148	050
1360	1	953	008
1415	1	163	151
9144	18	698	224
1045	1	126	104
8692	23	12526	080
10864	22	9557	147
2200	9	2713	096
5018	15	4973	004
9144	18	704	227
2350	8	2351	166
2405	8	2404	204
802	1	122	050
1406	15	4986	086
1383	1	129	068
303	1	416	087
5317	15	4973	160
802	1	123	118
6247	23	2935	001
1336	1	122	070
706	1	708	010
1042	18	644	200
4147	19	1935	225
217	1	148	122
705	1	687	031
2447	23	12501	130
1150	1	953	007
135	18	1470	222
1154	1	953	047
1417	15	5088	113
25	0	27	206
571	1	125	078
5348	15	5088	102
4824	14	3710	089
1307	1	1210	121
9045	23	2982	085
2950	10	2951	159
1154	1	1142	104
1352	1	953	148
636	18	792	217
1612	1	148	144
458	15	4973	091
5350	15	4973	107
9018	23	3023	156
1014	1	604	143
1481	1	125	074
5219	15	4973	048
368	1	369	059
7018	19	1991	189
1585	1	148	119
5320	15	4973	064
313	1	148	103
1222	1	1210	105
2433	8	2432	214
6529	23	2952	109
2953	10	2956	142
135	18	1426	164
6973	23	2996	036
1222	1	122	063
1858	19	969	206
1130	1	126	117
2243	8	2244	177
5278	15	4986	148
674	1	122	054
1042	18	377	167
8213	23	12526	024
1533	1	419	161
412	1	148	159
1576	1	419	023
1544	1	148	132
5130	15	4973	104
9144	18	9137	201
492	15	5088	085
7845	17	5827	150
9680	22	9544	144
1230	1	1210	130
776	1	493	017
2447	23	12501	115
447	1	126	062
9144	18	9137	174
652	1	148	036
9144	18	9138	213
8756	23	12511	061
135	18	9133	203
135	18	9132	216
3134	11	3129	153
392	1	148	015
5041	15	4986	103
434	1	122	049
7195	23	12531	085
7178	23	12511	083
9439	21	9434	208
1406	1	1464	028
1543	1	148	087
636	1	479	113
734	15	4977	101
254	1	148	075
6247	23	12509	098
1042	18	568	212
6936	23	12511	085
465	1	126	094
194	1	148	092
1370	1	129	010
652	1	148	054
1253	1	129	134
135	18	602	212
8385	23	2981	039
4970	15	4973	116
9470	21	9455	214
4147	19	1935	192
9144	18	9138	172
4715	23	12510	080
1202	1	125	085
25	0	27	178
417	1	319	124
4048	14	3791	079
781	1	148	140
5148	15	5088	145
2463	8	2464	207
1476	1	148	038
3250	21	9434	211
9144	18	9137	214
947	1	129	070
1042	18	645	204
6878	23	2966	146
1042	18	1050	191
1047	1	148	039
568	1	125	077
680	18	9133	162
468	1	126	102
255	1	148	026
4716	14	3447	045
636	18	792	213
802	1	123	105
135	18	854	220
2301	23	2951	004
744	1	163	126
1371	1	129	044
776	15	5088	042
6371	23	3023	104
818	1	416	150
8842	23	3023	024
392	1	148	053
1042	18	1051	166
7570	23	12516	105
1643	1	123	139
9144	18	137	165
135	18	954	208
374	1	369	161
266	1	148	125
2925	23	2996	111
1214	1	1210	101
3135	11	3136	125
2351	8	2350	169
1265	1	129	020
12503	23	12520	007
908	1	518	104
740	1	1093	106
135	18	534	186
6936	23	12511	086
316	1	317	090
465	1	125	051
534	1	535	140
1379	1	953	052
770	1	126	109
3122	11	3123	120
2422	8	2423	208
1976	6	229	080
1042	18	160	196
621	1	123	119
5166	15	4973	092
1126	1	148	009
800	1	416	108
534	1	535	053
1314	1	122	070
2432	8	2433	206
2093	6	2012	016
266	1	148	110
7790	23	12511	077
310	15	5088	034
12058	22	10523	160
1047	1	148	018
434	1	122	062
8385	23	2981	082
194	1	148	096
568	1	125	023
1042	18	715	218
2093	6	2012	130
854	1	535	161
2427	8	2426	168
505	1	148	136
7464	19	179	180
1171	1	1142	100
1331	1	1210	096
458	1	126	118
376	1	369	128
947	1	163	073
8385	23	2981	131
655	1	419	158
5026	15	4973	050
9144	18	696	172
1470	1	135	091
963	1	148	091
1529	1	148	131
2265	8	2266	224
1042	18	1467	165
1094	15	4973	052
832	1	416	135
135	18	1081	162
5026	15	4973	077
579	15	5088	113
6973	23	2996	011
2361	8	2362	181
6414	23	2935	137
3826	23	2996	061
2925	19	1926	194
705	1	687	055
2945	14	3623	138
1154	1	1142	085
946	1	163	056
1354	1	953	161
447	1	126	063
1042	18	567	219
1576	1	419	017
9070	23	2982	092
1042	18	409	210
9144	18	1027	225
1426	1	135	080
5159	15	5088	109
6726	23	2966	131
1080	1	122	007
3122	11	3123	049
4984	15	4986	068
677	1	148	098
5238	15	5088	059
1275	1	129	027
3130	14	3437	143
5356	15	4973	124
1042	18	644	208
2265	23	2982	090
135	18	2004	209
6414	23	2935	020
135	18	954	211
1042	18	979	214
124	1	125	071
6247	23	12509	053
1033	1	1035	116
806	1	123	133
135	18	9135	212
636	18	792	216
5168	15	5088	085
8552	23	3023	046
470	1	125	150
1476	1	148	132
1042	18	377	223
827	15	5088	130
4147	19	1935	209
6973	23	2996	106
1042	18	715	220
2463	8	2464	223
1323	1	1210	113
9144	18	137	227
254	1	148	145
7293	19	1926	227
1501	1	148	021
5004	15	4973	013
424	1	319	080
77	1	78	057
3066	23	12524	055
1550	1	975	160
313	1	148	050
583	1	584	069
717	1	636	013
1375	1	953	030
9680	22	9544	087
973	1	454	154
1265	1	1210	002
784	1	785	051
1234	1	1210	100
7975	23	2951	057
636	18	788	197
229	15	5057	144
1331	1	1210	111
455	1	126	005
371	1	369	019
1294	1	1210	109
1198	1	1142	129
1442	1	125	138
1541	1	148	111
1420	1	125	085
25	0	26	175
788	18	1505	200
3040	23	3023	071
613	1	416	082
9386	23	12511	035
5004	15	4973	056
6529	23	2952	068
5280	15	4973	070
8385	23	2981	094
567	1	125	076
7997	23	2982	060
583	1	584	115
3130	11	3131	123
1321	1	129	007
1590	1	123	093
2294	23	12511	095
1383	1	1210	084
5279	15	4973	058
9144	18	9140	178
946	1	163	014
6400	19	9159	209
8927	23	12541	116
3244	21	9473	231
2395	8	2394	208
2945	14	3623	142
2350	8	2351	206
128	1	129	077
1453	15	4973	062
1527	1	125	155
1042	18	570	175
5322	15	4986	151
6439	23	12515	143
1247	1	129	070
1444	1	123	105
2691	23	3023	065
224	1	123	127
1042	18	979	174
1387	1	122	028
5316	15	4973	095
1387	1	1210	015
5214	15	5088	122
636	18	788	204
812	1	416	030
135	1	137	098
458	15	4973	006
602	1	604	104
1042	18	568	186
8385	23	2982	027
400	18	3078	168
128	1	129	015
949	1	148	073
740	1	1093	011
1307	1	1210	094
135	18	1013	207
269	1	126	124
2350	8	2351	162
8756	23	12511	021
1515	1	148	017
8385	23	3023	072
1042	18	645	223
8927	23	12541	042
9144	18	9137	173
309	15	5088	080
1042	18	570	212
946	1	163	118
367	1	122	044
135	18	1081	197
1042	18	567	174
2925	19	1926	197
6878	23	2966	066
800	1	416	150
7464	19	179	231
156	1	123	143
1195	1	953	145
135	1	137	005
610	1	416	120
194	1	148	070
9144	18	708	209
1375	1	953	013
1171	1	953	146
1970	6	2084	012
609	1	419	085
1294	1	129	139
9144	18	9137	184
2421	8	2420	219
135	18	854	202
8272	23	2975	108
525	15	4973	112
135	18	1014	229
1669	1	419	016
8667	23	3023	034
194	1	148	089
135	18	1426	172
1042	18	160	212
1081	1	535	072
1143	15	4973	130
788	18	1505	225
8692	23	12526	071
5128	15	4973	005
9144	18	1041	176
1545	1	148	102
462	1	125	027
6936	23	12511	098
965	1	148	068
636	18	1495	192
677	1	148	141
1081	1	535	103
1581	1	123	146
7464	19	179	194
469	1	125	011
680	18	9131	174
5165	15	4973	158
3047	10	3017	079
12545	23	2952	055
372	1	369	157
1470	1	135	006
7687	23	12511	035
7195	23	12531	073
11316	22	9589	085
613	1	416	074
5350	15	4973	007
25	0	26	224
135	18	2004	213
3192	12	2175	084
168	1	148	045
475	1	148	114
5030	15	4973	050
1453	1	419	058
647	1	125	148
5246	15	4973	071
823	1	148	090
3040	23	3023	045
1941	5	1943	100
2729	23	2935	133
251	1	125	071
5063	15	4973	088
1442	1	126	089
1386	1	129	137
2462	8	2448	198
1165	1	953	030
4147	19	1935	188
8516	19	2048	173
1515	1	148	152
832	1	416	068
4970	15	4973	102
11372	22	9589	113
1251	1	122	047
1420	1	126	114
636	18	1495	200
7018	19	1991	173
3620	14	3423	036
9144	18	687	224
1127	1	846	047
4984	15	4986	071
9144	18	9139	207
5219	15	4973	014
9144	18	704	220
2463	8	2464	218
1042	18	160	195
1470	1	135	112
7018	19	1991	218
3250	21	9434	195
4715	23	12510	109
2395	8	2394	197
5303	15	4973	046
1541	1	148	070
985	1	148	111
1042	18	297	212
6973	23	2996	041
3066	23	12524	103
3345	21	9473	226
305	1	148	146
1656	1	639	115
5341	15	4973	108
9145	18	416	172
2404	8	2405	229
1148	1	953	151
6878	23	12520	086
224	1	122	018
1291	1	1210	112
1196	1	953	069
25	0	27	202
1375	1	1142	108
434	1	122	019
1212	1	1210	111
135	18	1426	183
8426	23	12511	038
135	18	2004	171
5259	15	4973	107
5166	15	4973	138
9144	18	1041	166
2691	23	3023	039
135	18	1591	171
1476	1	148	108
1453	1	419	001
6247	23	2935	148
1411	1	163	100
579	1	656	092
2426	8	2403	197
5291	15	4973	132
810	1	416	068
946	1	163	005
9531	21	9457	175
1150	1	1142	125
367	1	122	057
3382	21	9435	204
316	1	317	049
1094	15	4973	068
2358	8	2359	211
1042	18	571	180
5168	15	5088	119
235	1	148	062
6529	23	3023	091
1656	1	639	031
4050	14	4049	098
1323	1	1210	128
644	1	125	008
318	1	319	053
3066	23	2982	070
6439	23	2956	036
25	0	27	167
5279	15	4973	024
1081	1	535	012
636	18	792	214
460	1	126	101
3236	23	12520	007
1042	18	645	186
4715	23	12510	076
1042	18	715	211
4547	14	3450	077
1386	1	129	011
5063	15	4973	024
5130	15	4973	140
1565	1	148	105
636	18	718	168
1502	1	416	046
2414	8	2415	208
5111	15	4973	057
1351	1	1210	039
6936	23	12511	060
135	18	1591	170
9144	18	708	193
1329	1	129	027
5065	15	4973	027
135	18	9132	225
5245	15	4973	119
500	1	148	085
1154	1	953	062
744	1	163	016
8730	23	2951	079
706	1	708	001
5062	15	4973	038
5031	15	4973	113
717	1	636	134
571	1	125	047
1354	1	1142	124
1171	15	4973	006
7018	19	1991	220
5018	15	4973	105
1042	18	1050	185
680	18	9132	174
2350	8	2351	174
1342	1	953	029
5329	15	4973	153
1126	1	148	152
1354	1	1142	001
1200	1	953	026
4568	23	2946	042
9144	18	1029	211
7464	19	179	193
5356	15	4973	116
1042	18	1651	199
1039	1	1041	048
1127	1	846	071
2990	19	9159	231
9144	18	1035	166
9145	18	416	206
1258	1	1210	114
1273	1	1210	130
947	1	975	148
235	1	148	161
2990	23	12502	069
139	1	126	091
9144	18	137	183
8385	23	2981	030
964	1	148	087
1351	1	1210	026
1182	1	953	032
5018	15	4973	135
135	18	2004	208
7178	23	12511	100
473	6	2082	072
1150	1	1142	127
1042	18	644	198
303	1	416	149
4984	15	4986	142
6936	23	12511	105
8552	23	3023	144
1143	15	4973	155
9144	18	1035	164
182	1	129	042
1386	1	129	146
135	18	1591	167
1158	1	1142	089
2404	8	2405	197
579	1	656	115
5159	15	5088	154
680	18	9132	163
1558	1	148	108
5279	15	4973	026
5269	15	4973	093
1291	1	129	007
1176	1	1142	102
1481	1	126	121
4370	14	3710	034
5341	15	4973	030
5178	15	5088	111
219	15	4973	038
1667	1	126	131
1094	1	125	052
1463	1	1464	047
1336	1	1210	109
1094	15	4973	050
3082	11	3083	083
818	1	416	148
1212	1	122	073
5329	15	4973	000
1042	18	715	204
5166	15	4973	119
311	1	148	046
6247	23	12509	091
705	1	687	138
918	1	148	034
1527	1	125	145
4370	14	3710	096
995	1	148	040
4269	14	3781	070
4976	15	4973	042
121	1	123	132
1216	1	953	072
6439	23	2956	043
6247	23	2935	036
1203	1	1142	127
9144	18	137	225
909	1	148	129
1042	18	160	170
985	1	148	055
1042	18	377	199
1375	1	953	153
1143	1	1142	111
8272	23	2975	039
6439	23	2956	009
1199	1	953	137
1377	1	1142	100
2362	8	2361	171
810	1	416	056
135	18	1470	164
121	1	123	109
636	18	788	196
5269	15	4973	041
1387	1	1210	005
8385	23	2981	075
9144	18	1027	211
1237	1	129	022
12503	23	12520	066
386	1	148	148
1372	1	953	016
795	1	148	132
135	18	438	204
2427	8	2426	185
673	1	948	130
1351	1	1210	118
2691	23	3023	053
7997	23	2982	158
1171	15	4973	110
5303	15	4973	120
1042	18	1651	230
9144	18	9140	193
2448	8	2447	215
5210	15	4973	044
447	1	125	139
264	15	4973	051
602	1	604	083
1515	1	148	160
3135	11	3136	090
1327	1	129	084
6529	23	2952	020
1042	18	435	174
2265	8	2266	223
5179	15	4973	126
4370	14	3710	032
5280	15	4973	151
392	1	148	147
636	18	1495	190
1204	1	1142	119
9470	21	9455	168
134	1	126	128
2265	23	2982	140
1042	18	160	199
5279	15	4973	003
1428	1	125	159
2990	19	9159	184
3943	14	3696	159
1045	1	126	094
1042	18	160	178
1540	1	148	124
7018	19	1991	194
3020	10	2981	154
135	18	9133	222
5280	15	4973	130
602	1	604	114
997	1	129	018
1181	1	953	070
1941	5	1943	030
575	1	129	039
1411	1	163	025
135	18	1470	179
1643	1	129	079
3066	23	12524	066
354	1	126	124
392	1	148	112
1042	18	571	206
1042	18	297	174
2447	23	12501	084
5265	15	4973	019
1275	1	129	052
5166	15	4973	074
1501	1	148	086
1590	1	123	085
776	15	5088	073
139	1	125	069
636	18	788	215
277	1	126	117
1453	1	419	014
135	18	534	203
949	1	148	034
1171	15	4973	083
1094	1	125	055
1042	18	715	192
600	15	5088	110
995	1	148	103
636	18	718	217
5098	15	4986	020
954	1	604	023
4568	23	2946	060
740	1	1093	125
1165	1	1142	060
460	1	125	058
4147	19	1935	182
135	18	1591	172
2414	8	2415	197
9018	23	3023	103
1042	18	409	189
1042	18	1651	179
1481	1	125	159
5053	15	4973	091
409	1	125	011
310	15	5088	140
424	15	4986	003
2361	8	2362	177
823	1	148	051
1278	1	1210	137
4976	15	4973	067
1426	1	135	096
1612	1	148	135
947	1	123	145
398	1	148	027
1042	1	687	070
2394	8	2395	201
673	1	948	115
6195	19	1991	193
1042	18	1050	173
254	1	148	030
5114	15	4973	058
1639	1	125	004
1585	1	163	046
135	18	9133	227
5166	15	4973	094
134	1	125	026
5265	15	4973	052
135	18	1426	192
9144	18	9139	183
12503	23	12520	017
1224	1	129	150
468	1	125	073
517	1	519	088
316	1	317	119
680	18	9130	178
575	1	129	056
1126	1	148	155
1585	1	148	075
135	18	854	229
474	1	148	111
7464	19	179	199
1470	1	135	083
2301	23	2951	081
8385	23	2982	042
1591	1	535	039
4472	14	3802	153
636	18	792	208
25	0	27	169
806	1	122	072
310	15	5088	161
1216	1	953	062
962	1	163	103
8499	23	12511	021
534	1	135	053
1372	1	953	061
1202	1	953	159
1254	1	129	007
9459	21	9451	192
1311	1	129	139
826	1	148	108
1176	1	953	161
1216	1	953	042
1195	1	1142	062
5111	15	4973	105
1042	18	645	215
1042	18	160	213
135	18	602	185
3420	14	3423	066
734	15	4977	021
135	18	602	192
1323	1	129	032
947	1	123	158
4905	14	3587	010
167	1	148	155
2400	8	2401	181
135	18	534	225
2470	8	2471	221
1336	1	122	024
7464	19	179	206
128	1	123	104
5066	15	4973	119
2422	8	2423	207
5065	15	4973	035
8927	23	12541	139
826	1	148	145
1246	1	122	030
484	1	148	110
313	1	148	146
458	1	125	046
310	15	5088	083
3122	11	3123	112
2426	8	2403	196
636	18	1495	178
1173	1	1142	131
121	1	122	058
9144	18	9136	194
5265	15	4973	087
371	1	369	157
2447	8	2448	230
5271	15	4973	035
2447	23	12501	056
995	1	148	053
5279	15	4973	089
1246	1	1210	119
1527	1	125	056
1641	1	148	134
7975	23	2951	106
6247	23	12509	067
1042	18	979	226
9018	23	3023	042
579	15	5088	108
5214	15	5088	051
5164	15	4973	041
2472	8	2374	208
128	1	129	068
3943	14	3696	139
9390	23	12511	145
676	1	123	103
5133	15	5088	055
135	18	602	190
5003	15	4973	105
910	1	518	017
5329	15	4973	023
1042	18	979	206
963	1	148	139
1199	1	1142	125
8943	23	3023	119
9390	23	12511	114
1544	1	148	032
9386	23	12511	008
5179	15	4973	145
9470	21	9455	197
1294	1	129	068
800	1	416	098
5063	15	4973	136
1042	18	568	218
310	15	5088	135
6439	23	2956	045
277	1	126	086
621	1	123	130
1541	1	148	063
135	18	854	181
374	1	369	050
600	15	5088	157
1042	18	377	201
9144	18	704	213
254	1	148	058
1341	1	1142	128
6529	23	3023	061
492	1	493	128
715	1	125	023
2395	8	2394	223
9144	18	687	229
5168	15	5088	152
5357	15	4973	021
9145	18	416	180
135	18	9135	221
8499	23	12511	149
167	1	148	007
1042	18	1551	200
9018	23	3023	045
1383	1	129	146
1339	1	1210	102
367	1	122	076
5263	15	4973	157
5083	15	4973	092
1850	23	2951	135
1307	1	129	019
2445	8	2446	191
1043	1	126	100
6371	23	3023	024
1165	1	953	047
6371	23	3023	134
1265	1	129	070
450	1	148	058
135	18	9133	201
2472	8	2374	205
1375	1	953	074
636	18	1495	191
135	18	9133	192
2445	8	2446	213
780	1	125	028
1176	1	953	011
128	1	129	053
264	15	4973	058
5136	15	4973	075
5109	15	5110	139
135	18	1591	194
372	1	369	079
909	1	148	103
5166	15	4973	136
4260	14	4261	131
9144	18	9139	209
305	1	148	086
5041	15	4986	062
1442	1	125	044
1336	1	1210	097
5018	15	4973	035
4441	14	3710	160
988	15	4986	114
249	1	148	140
909	1	148	090
4715	23	12510	033
2402	8	2403	216
1341	1	1142	160
973	1	454	060
788	18	1505	206
11372	22	9589	021
717	1	636	033
652	1	148	064
3420	14	3423	074
161	1	163	139
438	1	135	088
1154	1	953	161
6247	23	2935	121
1590	1	122	029
2463	8	2464	219
135	18	9131	200
135	18	1081	191
1321	1	1210	124
25	0	26	228
2925	23	2996	123
5030	15	4973	154
6726	23	2966	108
6371	23	3023	054
1143	15	4973	036
1467	1	125	058
5317	15	4973	146
4547	14	3450	108
2361	8	2362	184
1354	1	125	070
1585	1	706	088
964	1	148	041
77	0	91	231
1117	1	148	053
1279	1	129	149
1351	1	1210	100
2449	8	2366	162
350	1	163	061
795	1	148	065
8552	23	3023	088
8692	23	12516	150
25	0	27	182
313	1	148	044
394	1	148	129
990	1	991	070
9144	18	696	174
1544	1	148	137
4970	15	4973	140
6878	23	12520	085
1042	18	160	174
1641	1	148	140
1042	18	377	217
1563	1	123	113
1195	1	953	067
908	1	518	054
1217	1	953	025
3082	11	3083	147
1042	18	1441	228
673	1	948	127
425	1	319	077
1011	1	122	066
2294	23	12511	009
135	18	9131	197
1551	1	125	048
3338	21	9473	230
4370	14	3710	052
823	1	148	130
1179	1	953	150
4441	14	3710	081
1141	1	1142	116
1240	1	129	014
9144	18	687	225
1216	1	1142	087
135	18	9134	182
673	1	163	025
5348	15	5088	053
1228	1	1210	101
5115	15	4973	134
1373	1	953	027
1583	1	122	064
1441	1	125	031
12545	23	2952	049
8756	23	12511	054
1341	1	953	039
1337	1	129	068
3843	14	3791	151
680	1	137	117
8842	23	3023	077
473	1	416	056
1360	1	1142	096
1171	1	953	025
1117	1	148	036
5266	15	4973	161
460	1	125	142
135	18	854	216
1336	1	1210	088
6599	23	12547	011
1147	1	953	146
25	1	33	102
6247	23	2935	016
5136	15	4973	113
5065	15	4973	057
1039	1	1041	084
2990	19	9159	178
8927	23	12541	125
3236	23	3023	128
775	1	122	082
8385	23	2981	128
351	1	122	054
5164	15	4973	001
1042	18	1467	230
1042	18	1551	212
1341	1	1142	087
4984	15	4986	067
135	18	1591	216
1042	18	567	216
6439	23	2956	004
5114	15	4973	053
1667	1	125	062
2945	10	2946	102
1042	18	1467	224
1042	18	1051	223
9045	23	2982	110
647	1	125	010
1581	1	123	119
9144	18	9137	177
310	15	5088	100
1043	1	125	137
3130	11	3131	130
135	18	1081	212
2426	8	2427	219
492	1	493	049
400	18	3078	203
1182	1	1142	118
811	1	416	092
1275	1	1210	100
224	1	122	040
1669	1	419	038
9144	18	9139	212
204	1	123	161
386	1	148	035
5063	15	4973	129
5065	15	4973	107
1354	1	1142	132
178	1	179	099
1127	1	846	107
2200	9	2713	104
412	1	148	039
1858	19	25	211
5219	15	4973	146
5324	15	5088	140
7847	23	2966	052
5320	15	4973	130
135	18	1081	166
9162	19	948	196
2243	8	2244	201
1042	18	715	217
470	1	125	018
1199	1	953	017
77	0	91	221
807	1	148	031
810	1	416	081
305	1	148	061
8552	23	3023	060
2990	19	9159	183
1941	5	1943	014
5219	15	4973	041
412	1	148	020
8943	23	2951	005
9145	18	416	198
6878	23	12520	037
1387	1	1210	061
8552	23	3023	021
139	1	125	029
784	1	317	061
1240	1	129	010
9144	18	1041	198
8552	23	3023	145
1165	1	953	059
135	18	1426	165
1406	15	4986	107
460	1	126	113
5350	15	4973	133
638	1	639	019
5210	15	4973	016
9070	23	2982	030
1397	1	148	145
854	1	135	019
461	1	125	015
12503	23	2995	059
800	1	416	123
947	1	129	138
1047	1	148	060
9145	18	416	184
4976	15	4973	036
5114	15	4973	134
909	1	148	064
910	1	518	091
1150	1	953	033
135	18	534	208
600	15	5088	149
6936	23	12511	061
1042	18	567	213
6247	23	2935	133
6973	23	12501	061
465	1	125	135
5006	15	4986	136
1360	1	1142	111
703	1	704	080
3122	11	3123	116
3843	14	3791	091
135	18	9133	198
8516	23	2981	134
3082	11	3083	153
135	18	1013	188
4715	23	12510	091
4147	19	1935	206
825	1	129	052
3250	21	9434	225
269	1	126	104
367	1	123	133
1247	1	129	053
5130	15	4973	144
1348	1	1142	108
2361	8	2362	178
4715	23	12510	021
1470	1	135	095
1415	1	163	026
9390	23	12511	108
351	1	123	142
5133	15	5088	004
9070	23	2982	156
424	1	319	022
1502	1	416	016
473	1	416	149
1360	1	953	070
7293	19	1926	204
8692	23	12516	103
2828	9	2556	151
9162	19	948	212
1354	1	1142	041
6247	23	2935	064
636	18	717	186
1222	1	122	056
1586	15	4973	115
7079	23	12511	027
5146	15	4973	045
636	18	717	170
6247	23	2935	128
371	1	369	112
4598	14	3447	037
135	18	9131	225
1042	18	568	176
178	1	179	091
4716	14	3447	147
2265	8	2266	177
2422	8	2423	204
1222	1	1210	072
5341	15	4973	105
5004	15	4973	124
636	18	718	201
3130	11	3131	137
2265	8	2266	219
351	1	123	091
7293	19	1926	194
11372	22	9589	029
9144	18	137	176
2405	8	2404	224
5680	22	9689	145
1042	18	435	215
250	1	148	142
1420	1	125	152
492	1	493	061
958	1	148	030
1042	18	570	172
135	18	438	162
465	1	126	116
7975	23	3023	049
776	15	5088	102
8426	23	12511	020
372	1	369	058
6371	23	3023	079
2405	8	2404	227
1042	18	1051	174
2420	8	2421	214
997	1	129	044
1967	15	4973	136
500	1	148	058
2200	9	2713	079
9306	23	12511	105
1321	1	129	058
776	1	493	016
5111	15	4973	031
674	1	122	025
135	18	9130	227
1414	1	122	010
9018	23	3023	060
4976	15	4973	092
313	1	148	021
775	1	122	027
204	1	122	006
1327	1	129	076
1387	1	1210	009
812	1	416	091
806	1	123	107
377	1	125	054
655	1	419	152
354	1	125	079
135	18	1468	194
5263	15	4973	007
6973	23	12501	075
266	1	148	066
583	1	584	026
1154	1	953	136
1669	1	419	021
1417	15	5088	161
1042	18	568	220
947	1	148	149
5004	15	4973	006
310	15	5088	018
392	1	148	116
1377	1	953	017
1014	1	604	097
9386	23	12511	019
1198	1	953	011
1338	1	1210	124
1042	18	409	162
954	1	604	125
2373	8	2374	198
958	1	148	133
235	1	148	017
251	1	125	077
780	1	125	025
788	18	1505	201
5316	15	4973	017
135	18	9131	228
9306	23	12511	056
1533	1	419	029
6973	23	12501	074
9144	18	9139	204
6439	23	2956	140
8552	23	3023	005
470	1	125	062
9144	18	1035	211
4257	14	3696	160
2470	8	2471	226
1521	1	148	054
204	1	122	056
168	1	148	046
1042	18	571	191
9144	18	9138	228
1080	1	123	117
673	1	163	065
2426	8	2427	229
9144	18	704	191
909	1	148	120
2261	8	2262	167
1216	1	1142	091
5278	15	4986	132
8499	23	12511	093
1320	1	129	033
9144	18	1029	192
7018	19	1991	181
3377	21	9435	208
5030	15	4973	088
434	1	123	085
947	1	163	148
705	1	687	129
9144	18	696	178
313	1	148	113
1038	1	148	160
780	1	125	073
985	1	148	058
161	1	163	089
8552	23	3023	143
12545	23	2952	126
3790	14	4261	141
1337	1	129	142
5102	15	4973	127
2301	23	2951	012
2362	8	2361	200
9144	18	1029	209
8943	23	2951	017
674	1	122	043
1384	1	1210	106
1042	18	160	217
1042	18	645	200
1639	1	125	140
216	1	148	040
316	1	317	003
3134	11	3129	031
6439	23	2956	145
1224	1	122	081
910	1	518	129
1042	18	1651	176
6878	23	2966	009
2265	23	2982	040
1265	1	129	026
1667	1	125	068
5280	15	4973	052
1080	1	122	071
1491	1	125	012
3122	11	3123	129
571	1	125	070
9144	18	9138	165
4269	14	4270	079
1042	18	435	177
2945	14	3623	137
1444	1	129	028
1442	1	125	008
5128	15	4973	107
7018	19	1991	193
1372	1	953	017
1383	1	1210	000
1042	18	409	171
1581	1	122	020
7079	23	12511	059
219	15	4973	143
1494	1	1495	158
770	1	125	080
1585	1	706	111
135	18	9134	185
1426	1	535	028
3066	23	2982	051
1642	1	122	058
1435	1	125	151
77	0	91	215
9390	23	12511	044
255	1	148	067
394	1	148	076
1158	1	1142	102
1014	1	604	035
1042	18	297	171
2445	8	2446	218
958	1	148	070
8272	23	2975	066
135	18	9131	208
5210	15	4973	058
386	1	148	030
1521	1	148	064
9470	21	9455	173
3144	17	6304	158
1651	1	125	033
7790	23	12511	118
424	1	319	086
5030	15	4973	064
1321	1	1210	119
9144	18	687	230
9144	18	9138	212
1861	19	3327	231
25	1	33	099
6371	23	3023	034
2925	19	1926	177
1011	1	122	065
1043	1	125	145
7687	23	12511	043
8667	23	3023	032
316	1	317	112
3135	11	3136	130
1360	1	953	076
434	1	123	095
135	18	2004	217
2378	8	2377	174
376	1	369	055
1189	1	953	023
5356	15	4973	060
264	15	4973	095
9144	18	9138	194
5160	15	5088	129
636	18	792	193
135	18	9132	191
1841	23	2997	152
6878	23	12520	144
2990	19	9159	208
167	1	148	149
3135	11	3136	117
9144	18	9140	186
135	1	137	152
1651	1	125	038
1246	1	122	048
1184	1	953	084
375	1	369	132
400	18	3078	171
1639	1	126	114
613	1	416	155
7570	23	12516	071
1935	6	2012	080
1384	1	122	049
376	1	369	028
8213	23	12526	104
1426	1	135	045
5259	15	4973	145
8552	23	3023	044
2244	8	2243	191
1576	1	419	113
135	18	1081	214
1042	18	160	227
249	1	148	083
5130	15	4973	013
5210	15	4973	086
455	1	126	027
2729	23	2935	017
1279	1	129	076
297	1	125	007
311	1	148	141
9470	21	9455	171
811	1	416	105
5119	15	4985	161
182	1	129	021
2404	8	2405	226
1371	1	1210	112
976	1	148	084
5003	15	4973	015
2365	8	2366	167
647	1	126	107
822	1	416	142
1590	1	123	135
1217	1	1142	106
990	1	991	033
5041	15	4986	131
250	1	148	070
3343	21	9473	225
2445	8	2446	167
2400	8	2401	185
3358	21	9473	226
2729	23	2935	129
1667	1	125	152
823	1	148	034
1147	1	1142	130
988	15	4986	051
1318	1	129	151
5146	15	4973	000
780	1	126	089
9162	19	948	222
3929	14	3822	105
9144	18	9139	184
1042	18	1050	182
147	1	148	098
784	1	317	010
9470	21	9455	178
135	18	438	217
9144	18	1035	168
392	1	148	026
1481	1	126	113
1042	18	715	213
1420	1	125	137
1251	1	122	009
5012	15	4973	087
784	1	785	047
350	1	163	054
5341	15	4973	104
135	18	9133	185
316	1	317	053
2445	8	2446	216
373	1	369	023
135	1	137	073
1426	1	535	037
1127	1	846	119
1042	18	377	196
1442	1	125	024
673	1	948	104
9063	23	3023	047
1173	1	953	066
3082	11	3083	045
1541	1	148	110
795	1	148	125
2925	19	1926	164
5219	15	4973	099
8552	23	3023	137
316	1	317	124
2405	8	2404	205
9144	18	696	212
2925	19	1926	185
3790	14	3791	154
9144	18	708	190
25	0	27	175
734	15	4977	028
9145	18	416	170
2432	8	2433	213
1042	18	645	216
264	15	4973	004
6439	23	12515	160
2320	8	2321	229
1384	1	1210	126
135	18	854	225
2427	8	2426	195
4715	23	12510	071
628	1	148	086
4269	14	4270	138
2361	8	2362	198
8787	23	2975	159
1858	19	25	220
1042	18	409	176
9145	18	416	176
219	15	4973	126
5004	15	4973	150
990	1	991	087
1491	1	126	118
4598	14	3447	034
7975	23	2951	149
392	1	148	115
5279	15	4973	073
135	18	1014	208
135	18	1470	211
6529	23	2952	093
412	1	148	121
740	1	1093	149
9144	18	696	221
1351	1	129	020
2852	23	2952	139
1406	1	1464	132
4147	19	1935	185
2990	19	9159	205
609	1	419	106
703	1	704	083
775	1	123	118
5165	15	4973	065
734	15	4977	028
1042	18	1651	168
25	0	26	230
6878	23	12520	065
9144	18	9140	220
250	1	148	126
1199	1	1142	112
2427	8	2426	221
5317	15	4973	133
2404	8	2405	207
988	15	4986	032
7975	23	3023	022
1426	1	535	083
5004	15	4973	048
709	1	369	050
1294	1	129	155
5303	15	4973	148
1415	1	148	109
7570	23	12516	036
2320	8	2321	228
4394	14	3791	059
9145	18	416	222
1669	1	419	115
534	1	535	015
1545	1	148	042
8109	23	12524	096
350	1	163	025
5128	15	4973	021
5160	15	5088	138
2294	23	12511	130
1042	18	297	192
9144	18	698	210
1042	18	1051	175
9063	23	3023	035
9144	18	1035	197
9441	21	9477	202
470	1	126	099
2082	15	5057	091
5263	15	4973	123
680	1	137	126
1216	1	1142	134
4488	14	3937	135
2925	19	1926	208
458	15	4973	004
1187	1	953	052
1042	18	435	198
947	1	1033	125
25	0	27	212
472	1	148	030
706	1	708	070
25	0	26	163
4984	15	4986	117
5119	15	4985	125
9144	18	1035	219
25	0	26	170
455	1	125	043
645	1	125	058
525	15	4973	011
1306	1	1210	090
1384	1	129	134
9018	23	3023	072
1042	18	409	231
1172	1	953	035
1042	18	979	186
3066	23	2982	079
351	1	122	061
2691	23	3023	110
158	1	148	157
5259	15	4973	109
438	1	135	072
1306	1	1210	093
1042	18	568	166
534	1	535	023
1548	1	148	148
1042	1	687	141
6878	23	12520	131
9145	18	416	166
1042	18	160	225
1042	18	297	227
6973	23	2996	145
709	1	369	122
806	1	122	031
6439	23	2956	065
1463	15	4986	144
1189	1	1142	089
982	1	148	010
1130	1	125	155
1415	1	148	019
4943	14	3696	120
3134	11	3129	024
5026	15	4973	066
1354	1	1142	051
579	1	656	023
5238	15	5088	102
8499	23	12511	043
1042	18	568	177
1468	1	604	136
1184	1	953	055
1651	1	125	069
139	1	125	144
706	1	708	003
8756	23	12511	079
1373	1	953	049
1042	18	715	173
1337	1	129	048
1233	1	1210	104
1042	18	979	199
1387	1	122	043
2386	8	2385	201
135	18	1468	192
9145	18	416	181
6247	23	12509	148
1042	18	571	226
6414	23	2935	129
3790	14	4261	045
1042	1	687	081
1370	1	129	049
135	18	438	209
1538	1	148	066
3790	14	3791	092
424	1	319	146
1501	1	148	110
135	18	9130	198
1045	1	126	121
636	18	1495	186
705	1	687	024
1467	1	125	067
1099	1	148	147
11372	22	9589	124
1463	15	4986	107
147	1	148	117
5269	15	4973	075
2945	14	3623	150
135	18	1013	214
135	18	9134	215
1612	1	148	120
1176	1	953	040
1173	15	4973	145
1237	1	129	071
351	1	123	137
801	15	5088	145
579	1	656	009
1307	1	1210	092
636	18	792	199
9386	23	12511	121
265	1	125	013
1199	1	1142	074
1265	1	129	055
1641	1	148	016
628	1	148	019
3409	21	9434	163
9018	23	3023	119
135	18	1081	196
534	1	135	126
135	18	9133	202
124	1	125	019
5245	15	4973	154
5279	15	4973	050
157	1	123	108
1153	1	1142	088
4260	14	4261	033
1240	1	129	049
9145	18	416	185
425	1	319	114
11316	22	9589	154
1195	1	1142	032
1406	15	4986	059
3929	14	3822	109
5263	15	4973	103
1642	1	122	056
1042	18	567	199
1337	1	129	027
1372	1	1142	113
1425	1	123	141
823	1	148	157
135	18	1470	229
6371	23	3023	053
709	1	369	057
8927	23	12541	005
1143	15	4973	140
434	1	123	131
4702	14	4422	116
255	1	148	104
1042	18	1551	215
376	1	369	155
3066	23	2982	151
9144	18	137	190
5004	15	4973	148
443	1	416	145
1195	1	953	059
185	1	123	092
135	18	2004	203
1386	1	1210	110
5322	15	4986	037
3826	23	2996	034
1253	1	129	139
676	1	123	148
2729	23	2966	076
1042	18	568	197
1639	1	125	137
568	1	125	052
534	1	135	108
784	1	317	056
9144	18	9140	189
8730	23	2951	126
2433	8	2432	225
825	1	129	019
9144	18	9136	166
1351	1	1210	117
1148	1	953	156
1143	15	4973	008
776	15	5088	037
5130	15	4973	100
377	1	125	005
1854	23	2921	117
7079	23	12511	082
2243	8	2244	184
680	18	9130	181
1148	1	953	061
985	1	148	124
1148	1	953	038
9470	21	9455	184
525	15	4973	034
5129	15	4973	148
1033	1	1035	055
1042	18	1441	172
1558	1	148	152
1042	18	571	183
1497	1	163	098
9306	23	12511	006
3122	11	3123	160
1013	1	604	023
2990	19	9159	167
5249	15	4973	052
7464	19	179	219
264	15	4973	094
644	1	125	019
6439	23	12515	019
636	18	718	203
812	1	416	001
1370	1	129	152
5165	15	4973	069
1967	15	4973	029
1318	1	129	143
9144	18	698	217
12545	23	2951	005
636	18	792	204
600	15	5088	142
1042	18	979	183
1042	18	409	209
4370	14	3710	126
1338	1	1210	102
460	1	125	143
1042	18	644	168
5320	15	4973	136
1212	1	129	143
4998	15	4973	148
1585	1	148	095
458	15	4973	142
9145	18	416	179
1176	1	953	145
297	1	125	057
1158	1	953	085
3243	19	1918	230
5066	15	4973	010
5266	15	4973	055
4260	14	4261	161
2262	8	2261	168
9162	19	948	184
6439	23	2956	135
1976	6	229	036
368	1	369	072
135	18	1470	213
1080	1	123	109
570	1	125	022
1047	1	148	025
5026	15	4973	015
1545	1	148	014
831	1	416	072
4998	15	4973	144
135	18	1081	180
9144	18	704	225
6247	23	2935	081
157	1	123	112
854	1	135	128
1425	1	122	077
8272	23	2975	021
473	1	416	039
9144	18	1027	169
9460	21	9434	225
680	1	137	137
310	15	5088	067
6726	23	2966	139
250	1	148	046
964	1	148	084
2462	8	2448	204
1216	1	953	151
1527	1	126	149
5006	15	4986	150
5114	15	4973	069
462	1	125	082
2358	8	2359	225
1273	1	129	136
1489	1	122	061
9144	18	1041	164
12503	23	12520	071
1042	18	377	171
973	1	454	130
1258	1	1210	091
1014	1	604	040
1147	1	953	007
1339	1	129	047
954	1	604	148
2990	19	9159	186
158	1	148	024
2378	8	2377	167
962	1	163	051
1081	1	604	010
6414	23	2935	046
1171	15	4973	069
1042	18	570	164
492	1	493	099
2301	23	2951	111
1318	1	1210	129
1281	1	122	008
5261	15	4973	132
249	1	148	005
135	18	1468	220
1585	1	706	098
1042	18	1551	194
135	18	854	163
6400	19	9159	219
2350	8	2351	215
6878	23	12520	137
1042	18	567	162
1013	1	604	037
277	1	126	088
5115	15	4973	030
8385	23	3023	027
425	1	319	074
135	18	1470	226
7169	17	5876	122
963	1	148	090
11316	22	9589	123
1281	1	122	025
964	1	148	115
412	1	148	044
1338	1	129	016
6247	23	2935	050
1341	1	1142	144
1279	1	1210	111
1214	1	129	148
5114	15	4973	046
12497	22	10813	152
8692	23	12526	022
1497	1	163	080
469	1	125	063
1042	18	297	193
1042	18	568	190
5041	15	4986	125
9144	18	708	195
1426	1	535	009
1042	18	570	203
993	1	123	140
1228	1	122	058
1275	1	129	159
1563	1	123	089
9145	18	416	173
825	1	123	147
976	1	148	139
5030	15	4973	007
9144	18	9138	221
1011	1	122	032
2402	8	2403	210
1253	1	129	026
909	1	148	149
135	18	1014	219
2332	8	2333	231
1264	1	122	028
984	1	148	015
1320	1	129	007
1247	1	1210	133
854	1	135	063
455	1	125	080
1590	1	123	116
5261	15	4973	097
1468	1	604	049
5322	15	4986	056
1371	1	1210	087
8272	23	12515	026
1208	1	953	157
1347	1	953	153
374	1	369	115
204	1	123	123
1042	18	1051	176
1510	1	122	045
9144	18	9136	167
1207	1	953	031
470	1	126	121
1181	1	953	007
5012	15	4973	156
784	1	785	076
947	1	975	138
5265	15	4973	151
11316	22	9589	086
1338	1	1210	094
124	1	125	008
1583	1	123	093
1586	15	4973	093
1491	1	126	090
255	1	148	029
376	1	369	113
7195	23	12531	000
373	1	369	143
8550	17	5862	104
1011	1	122	045
4905	14	3587	062
1191	1	1142	161
1354	1	125	015
1279	1	129	066
2394	8	2395	214
5329	15	4973	151
5266	15	4973	102
810	1	416	141
311	1	148	137
854	1	535	039
6878	23	12520	115
636	18	1495	173
9144	18	708	196
8692	23	12516	117
255	1	148	037
2990	10	2926	155
5238	15	5088	093
3250	21	9434	208
8272	23	12515	039
5356	15	4973	133
1383	1	1210	092
2925	19	1926	199
4886	14	4560	144
5102	15	4973	090
417	1	319	031
534	1	535	000
1501	1	148	117
1563	1	129	006
1275	1	129	026
1042	18	570	173
443	1	416	033
1233	1	122	042
2432	8	2433	228
1463	15	4986	155
832	1	416	059
156	1	123	158
5018	15	4973	115
2243	8	2244	176
264	15	4973	014
1081	1	135	107
9144	18	696	189
135	18	9132	222
217	1	148	041
2427	8	2426	194
949	1	148	159
575	1	123	157
1323	1	129	063
2463	8	2464	193
373	1	369	076
1042	18	571	205
781	1	148	083
2853	9	2712	138
1527	1	125	159
6400	19	9159	183
1543	1	148	160
575	1	123	153
854	1	535	073
135	18	602	211
135	18	602	188
2153	6	2031	155
1533	1	419	133
6195	19	1991	183
1207	1	953	040
9144	18	696	208
1643	1	123	088
1182	1	953	030
1444	1	123	122
135	18	9134	193
1014	1	604	091
5153	15	4973	130
5324	15	5088	103
4568	23	2946	032
1264	1	122	081
25	0	27	186
135	18	9131	226
135	18	9135	224
1198	1	953	142
4048	14	3791	142
636	1	479	127
492	15	5088	156
5179	15	4973	004
1042	18	1467	205
3790	14	4261	047
5129	15	4973	150
2729	23	2966	160
2445	8	2446	192
11233	22	10458	141
5265	15	4973	136
1279	1	129	043
1854	23	2921	005
2470	8	2471	224
3040	23	3023	080
1383	1	1210	072
9144	18	9137	207
1042	18	409	164
9144	18	1041	171
4568	23	2946	056
788	18	1505	219
135	18	1470	171
9144	18	696	163
1153	1	953	071
1198	1	953	008
1141	1	953	037
1545	1	148	125
1360	1	953	010
443	1	416	039
5108	15	5088	136
5031	15	4973	144
1042	18	644	231
1143	1	953	153
3236	23	3023	007
8516	23	2981	069
1042	18	1651	185
1042	18	644	192
3134	11	3129	001
9144	18	696	216
9063	23	3023	099
5129	15	4973	091
1042	18	1050	216
2294	23	12511	123
492	1	493	138
1320	1	1210	106
3215	12	2048	142
1042	18	409	192
303	1	416	008
1196	1	953	056
1566	1	148	095
854	1	535	038
3409	21	9434	166
1898	23	2997	033
1591	1	535	117
6247	23	12509	149
8385	23	2981	070
8385	23	3023	105
4568	23	2946	020
1042	18	715	221
5320	15	4973	135
1130	1	126	116
1042	18	644	166
1200	1	953	034
1583	1	122	037
310	15	5088	082
1042	18	160	186
5164	15	4973	039
1339	1	1210	092
1279	1	129	139
297	1	125	044
9144	18	9139	172
2463	8	2464	177
5346	15	4986	106
1379	1	953	069
7790	23	12511	147
1383	1	129	083
947	1	148	061
1543	1	148	049
2294	23	12511	087
9470	21	9455	209
135	18	602	229
1565	1	148	080
812	1	416	032
1265	1	129	053
965	1	148	030
8730	23	2951	056
8692	23	12516	057
4441	14	3710	127
5012	15	4973	097
776	15	5088	079
318	1	319	042
1543	1	148	129
1948	15	5094	098
9144	18	1041	215
680	18	9132	172
1042	18	570	181
8552	23	3023	076
5138	15	4973	054
1386	1	1210	097
415	1	416	114
1158	1	953	009
1042	18	1050	201
776	15	5088	021
2463	8	2464	197
680	1	137	043
965	1	148	091
135	18	9135	204
135	18	602	198
6400	19	9159	227
628	1	148	129
990	1	991	116
3040	23	3023	112
8499	23	12511	135
715	1	125	021
1042	18	1441	201
1042	18	1651	227
1042	18	377	177
1626	1	126	091
2426	8	2427	210
1566	1	148	021
3923	23	12541	130
993	1	122	077
822	1	416	103
9144	18	9136	229
6878	23	12520	078
316	1	317	143
2362	8	2361	184
602	1	604	020
1042	18	571	224
412	1	148	125
25	0	26	213
1217	1	1142	093
1080	1	122	052
6247	23	2935	101
1491	1	125	161
3338	21	9473	231
135	18	9135	210
965	1	148	069
1240	1	129	057
473	1	416	020
1645	1	125	004
993	1	122	049
1015	1	148	007
305	1	148	114
1042	18	644	180
8426	23	12511	088
135	18	9133	226
462	1	126	122
219	15	4973	136
1117	1	148	106
780	1	125	063
157	1	123	121
1463	1	1464	095
135	18	534	166
5346	15	4986	138
235	1	148	122
740	1	1093	117
946	1	163	023
525	15	4973	156
9144	18	698	187
1510	1	123	104
1406	15	4986	068
351	1	123	088
5320	15	4973	075
394	1	148	159
621	1	123	121
1182	1	953	040
1639	1	126	126
462	1	125	077
2925	23	2996	068
636	18	788	217
255	1	148	125
1042	18	160	181
2265	8	2266	220
1442	1	125	051
147	1	148	111
9144	18	1041	177
1204	1	953	043
147	1	148	056
313	1	148	073
135	18	1470	177
135	18	534	169
5295	15	4973	078
4147	19	1935	216
1291	1	129	045
1042	18	160	219
7464	19	179	168
1265	1	1210	036
705	1	687	077
1080	1	123	120
5066	15	4973	078
5266	15	4973	015
6371	23	3023	089
5053	15	4973	057
1181	1	953	028
8756	23	12511	077
135	1	137	148
3843	14	3791	071
1278	1	122	054
9144	18	687	186
1318	1	1210	123
1187	1	953	022
185	1	122	054
135	18	1426	179
1013	1	604	076
5102	15	4973	119
1566	1	148	086
465	1	125	156
25	0	27	209
265	1	125	154
135	18	9131	190
4260	14	4261	099
9144	18	9137	219
1094	1	126	131
8842	23	3023	137
1354	1	953	085
394	1	148	090
4715	23	12510	067
1360	1	953	078
25	0	27	180
25	0	26	203
964	1	148	073
5160	15	5088	090
194	1	148	031
5136	15	4973	093
5003	15	4973	040
1199	1	953	047
1233	1	1210	094
235	1	148	130
135	18	9130	224
1935	7	2182	217
1143	1	953	078
350	1	163	012
492	15	5088	025
1583	1	123	103
305	1	148	134
1042	18	979	173
9144	18	137	179
5130	15	4973	015
9680	22	9544	003
949	1	148	055
3238	19	25	206
135	18	1013	191
709	1	369	127
1217	1	953	045
1417	15	5088	088
9386	23	12511	126
2243	8	2244	172
826	1	148	092
351	1	123	161
2243	8	2244	181
135	18	1591	189
1323	1	129	034
135	18	954	207
5303	15	4973	099
4269	14	4270	121
9144	18	704	222
11316	22	9589	029
5245	15	4973	005
600	15	5088	120
1331	1	129	134
11372	22	9589	099
135	18	9135	201
505	1	148	018
1042	18	715	198
5065	15	4973	089
5308	15	5088	110
613	1	416	044
1042	18	715	181
135	18	1470	174
1265	1	1210	065
9144	18	1041	167
435	1	125	071
1042	18	1051	195
4269	14	4270	089
4394	14	3791	061
9144	18	9137	186
3352	21	9473	208
1042	18	1441	219
157	1	123	126
534	1	535	042
680	18	9130	175
8552	23	3023	059
376	1	369	076
2394	8	2395	218
8552	23	3023	058
1191	1	1142	108
818	1	416	073
2729	23	2966	037
7018	19	1991	165
2445	8	2446	199
4963	17	4312	112
398	1	148	091
1080	1	123	124
1585	1	163	106
5153	15	4973	127
1049	1	148	036
9144	18	9137	224
4984	15	4986	145
25	0	26	210
825	1	123	107
178	1	179	026
450	1	148	041
1426	1	535	147
9144	18	9139	199
4370	14	3710	087
825	1	129	032
371	1	369	097
1353	1	1210	100
1042	18	1551	170
1188	1	953	070
8006	23	2949	131
9522	21	9451	184
5322	15	4986	062
9515	21	9451	184
1173	15	4973	103
1042	18	297	224
9144	18	137	192
1347	1	953	072
8499	23	12511	014
781	1	148	134
1453	15	4973	004
8272	23	2975	084
77	0	91	168
1042	18	1441	204
1425	1	122	030
1051	1	125	036
2925	23	2996	028
4269	14	4270	066
2350	8	2351	219
77	0	91	166
1182	1	953	159
964	1	148	062
1253	1	1210	108
3358	21	9473	227
313	1	148	009
425	1	319	061
947	1	123	155
8756	23	12511	108
9145	18	416	182
1354	1	953	009
1042	18	377	200
161	1	163	106
235	1	148	157
1318	1	1210	121
2261	8	2262	168
1033	1	1035	090
1042	18	715	175
121	1	122	020
11316	22	9589	107
1042	18	1651	180
443	1	416	098
9144	18	696	197
5279	15	4973	040
1042	18	567	164
461	1	125	158
2427	8	2426	224
415	1	416	028
1586	15	4973	133
1081	1	604	020
25	1	33	027
9144	18	9140	199
744	1	163	137
469	1	125	066
674	1	123	114
9144	18	698	167
1590	1	122	063
1042	18	1551	211
638	1	639	002
8756	23	12511	123
8667	23	3023	105
1351	1	129	005
135	18	9131	204
5158	15	5088	121
1898	23	2997	061
654	1	129	045
1204	1	953	080
3244	21	9473	222
5164	15	4973	138
1527	1	126	118
1042	18	570	177
5265	15	4973	053
371	1	369	028
1143	1	1142	109
1419	1	123	107
264	15	4973	024
9144	18	137	204
185	1	122	047
3346	21	9473	223
712	1	163	094
1585	1	148	099
1042	18	1651	173
4370	14	3710	053
2301	23	2951	095
1510	1	123	154
135	18	1013	225
2433	8	2432	220
1548	1	148	010
121	1	123	093
995	1	148	100
1188	1	1142	091
5119	15	4985	122
2427	8	2426	163
984	1	148	057
1476	1	148	046
1198	1	953	161
3343	21	9473	227
2463	8	2464	189
9144	18	137	200
5278	15	4986	134
1127	1	846	115
6878	23	2966	013
946	1	163	091
775	1	123	108
1521	1	148	097
4370	14	3710	069
1341	1	1142	120
1428	1	126	123
217	1	148	032
5357	15	4973	008
1042	18	568	162
744	1	163	152
636	18	1495	170
1038	1	148	129
6247	23	2935	066
2320	8	2321	221
712	1	163	121
1351	1	129	028
1353	1	129	053
135	18	9134	222
316	1	317	058
1011	1	122	010
8385	23	3023	000
417	1	319	082
6414	23	2935	048
2362	8	2361	166
9144	18	9139	225
1042	18	160	192
1179	1	1142	120
455	1	125	134
1667	1	125	029
1042	18	1050	178
217	1	148	159
1258	1	1210	122
316	1	317	081
734	15	4977	117
8516	19	2048	181
1372	1	953	155
400	18	3078	185
375	1	369	081
1510	1	123	122
9162	19	948	223
963	1	148	037
1371	1	129	037
472	1	148	018
1039	1	1041	058
776	15	5088	016
2402	8	2403	211
390	1	163	146
1275	1	129	011
5128	15	4973	036
826	1	148	099
1264	1	129	139
1294	1	129	004
1147	1	953	053
373	1	369	118
995	1	148	066
458	15	4973	153
1294	1	129	044
1669	1	419	113
9144	18	1029	230
1645	1	126	094
1377	1	1142	129
1049	1	148	054
517	1	519	113
9144	18	137	216
638	1	639	034
394	1	148	053
946	1	163	109
25	0	27	192
776	1	493	106
1341	1	953	006
6400	19	9159	211
825	1	123	138
1308	1	129	079
5269	15	4973	082
780	1	125	015
5165	15	4973	149
167	1	148	021
2990	19	9159	210
1585	1	148	118
8667	23	3023	072
1935	6	2012	094
2405	8	2404	222
5006	15	4986	112
1656	1	639	038
744	1	163	044
680	18	9132	171
1329	1	129	156
5062	15	4973	110
5308	15	5088	017
1386	1	1210	122
1042	18	1551	201
9144	18	698	206
2394	8	2395	216
2445	8	2446	174
3790	14	4261	160
1331	1	129	055
374	1	369	116
1198	1	953	073
305	1	148	126
1042	18	1051	199
5159	15	5088	108
8426	23	12511	012
1590	1	123	123
1383	1	129	014
9144	18	9140	218
1491	1	125	062
135	18	2004	224
8756	23	12511	080
9144	18	9138	190
1199	1	1142	010
963	1	148	134
9144	18	1035	193
470	1	125	043
1050	1	125	070
652	1	148	133
1850	23	2951	037
5178	15	5088	121
303	1	416	015
823	1	148	058
3066	23	12524	075
1414	1	122	059
269	1	125	014
135	18	9131	189
9306	23	12511	026
158	1	148	023
832	1	416	036
7847	23	2966	022
1042	18	715	164
5348	15	5088	108
946	1	163	088
6878	23	12520	120
1591	1	535	073
372	1	369	114
2294	23	12511	083
1419	1	123	104
458	1	125	062
7293	19	1926	200
1585	1	148	152
375	1	369	075
1293	1	129	043
2414	8	2415	226
1306	1	122	023
1154	1	953	007
1296	1	129	038
6936	23	12511	092
9144	18	1035	204
443	1	416	090
135	18	854	198
1042	18	571	186
2445	8	2446	175
1042	18	1651	183
6400	19	9159	182
5279	15	4973	030
854	1	535	100
135	18	954	188
5295	15	4973	082
1187	1	953	016
1217	1	953	056
1047	1	148	047
1583	1	122	074
910	1	518	027
5324	15	5088	152
309	15	5088	157
1306	1	122	055
8692	23	12516	135
1641	1	148	059
1967	15	4973	032
157	1	123	105
2691	23	3023	036
5114	15	4973	028
4556	14	3519	018
2463	8	2464	196
1417	15	5088	098
8272	23	2975	109
5214	15	5088	069
425	1	319	004
8943	23	3023	015
1195	1	953	160
7975	23	2951	031
1217	1	953	061
251	1	126	096
6599	23	12547	115
5164	15	4973	107
784	1	317	091
1351	1	1210	107
1426	1	135	021
4488	14	3949	120
5138	15	4973	085
8756	23	12511	147
680	1	137	102
1042	18	571	178
216	1	148	124
139	1	125	063
134	1	125	066
583	1	584	094
25	0	26	199
6726	23	2966	067
3134	11	3129	077
9144	18	9137	164
1117	1	148	136
1420	1	125	144
1042	18	1441	217
374	1	369	056
8943	23	2951	076
1651	1	125	015
9506	21	9442	212
1216	1	1142	114
415	1	416	093
6195	19	1991	176
1042	18	568	192
135	18	9131	229
947	1	148	134
1171	1	953	149
392	1	148	019
135	18	1014	224
9306	23	12511	096
1171	1	1142	094
1042	18	160	177
472	1	148	023
135	18	954	224
1444	1	123	136
1515	1	148	127
424	15	4986	004
135	18	9134	207
3122	11	3123	079
9144	18	1029	191
680	18	9131	176
1042	18	1050	221
1208	1	953	054
1590	1	123	087
703	1	704	045
9144	18	687	195
2350	8	2351	222
854	1	535	061
979	1	125	084
2427	8	2426	179
1348	1	1142	130
2462	8	2448	202
1165	1	953	051
5138	15	4973	100
647	1	125	066
224	1	122	060
800	1	416	145
6973	23	12501	089
249	1	148	097
139	1	125	062
703	1	704	107
1042	18	160	183
1318	1	129	006
1585	1	163	042
4905	14	3587	012
5269	15	4973	154
484	1	148	156
1042	18	435	187
135	18	1470	182
9144	18	704	210
9162	19	948	177
77	1	78	075
9390	23	12511	055
1042	18	570	214
1428	1	126	126
1668	1	163	117
6195	19	1991	179
8006	23	2949	030
5357	15	4973	065
5357	15	4973	023
1850	23	2951	155
9144	18	695	231
135	18	854	193
854	1	135	041
1228	1	129	144
475	1	148	052
2320	8	2321	219
135	18	9134	183
1576	1	419	084
6247	23	2935	092
993	1	122	006
1306	1	1210	089
1642	1	122	084
1941	5	1943	130
1240	1	129	134
500	1	148	044
947	1	975	075
4568	23	2946	086
1051	1	125	031
5160	15	5088	143
1581	1	123	157
9144	18	698	205
579	1	656	047
9386	23	12511	099
5030	15	4973	146
135	18	1470	200
3346	21	9473	219
982	1	148	064
1612	1	148	157
4715	23	12510	005
6371	23	3023	122
9144	18	9138	206
1497	1	163	062
786	15	5088	127
8499	23	12511	059
1279	1	129	071
6439	23	12515	039
2691	23	3023	037
469	1	125	064
962	1	163	080
3066	23	12524	088
5263	15	4973	128
8756	23	12511	042
4259	14	3847	059
1081	1	604	034
1240	1	129	068
1428	1	125	011
1651	1	125	025
394	1	148	049
734	15	4977	098
1612	1	148	110
1143	15	4973	011
636	18	717	162
1147	1	1142	100
1515	1	148	122
784	1	317	085
812	1	416	044
128	1	129	038
135	18	9132	213
1502	1	416	121
4963	17	4312	068
2828	9	2556	044
2945	14	3623	158
135	18	1081	226
1198	1	1142	123
1043	1	125	031
316	1	317	001
3790	14	3791	090
158	1	148	017
1202	1	125	043
194	1	148	116
1217	1	953	017
2427	8	2426	216
9526	21	9457	198
947	1	148	142
135	18	1014	194
1247	1	129	026
8692	23	12526	060
3790	14	3791	040
947	1	1033	069
8552	23	3023	118
2463	8	2464	224
1411	1	163	034
9144	18	9140	163
812	1	416	156
9144	18	696	195
1406	1	1464	012
947	1	975	098
9144	18	708	223
832	1	416	098
2448	8	2447	230
1665	1	125	054
3135	11	3136	121
375	1	369	024
6400	19	9159	215
4048	14	3791	121
645	1	125	042
636	18	1495	212
1033	1	1035	124
9470	21	9455	201
6247	23	2935	028
3826	23	2996	008
269	1	125	021
2426	8	2427	217
5003	15	4973	150
1463	15	4986	076
5041	15	4986	066
3040	23	3023	156
25	0	27	165
5041	15	4986	124
636	18	791	209
1353	1	129	135
703	1	704	117
152	1	123	112
9144	18	136	230
9460	21	9434	224
1154	1	953	135
9144	18	1041	197
1094	15	4973	084
1015	1	148	037
1591	1	535	027
9386	23	12511	139
7079	23	12511	053
6439	23	12515	137
1527	1	125	030
9144	18	9138	180
1342	1	953	066
135	18	1081	198
1240	1	129	139
135	18	9133	193
2832	14	3922	071
1331	1	129	085
425	1	319	160
9162	19	948	214
316	1	317	032
1042	18	1441	193
680	18	9131	173
1583	1	122	050
1042	18	979	228
371	1	369	105
1258	1	1210	127
1372	1	1142	091
1406	1	1464	091
1117	1	148	111
1428	1	125	033
1386	1	129	007
1435	1	125	071
5063	15	4973	091
854	1	135	107
788	18	1505	211
2351	8	2350	201
1329	1	129	072
1081	1	535	054
224	1	123	108
5251	15	4973	151
1360	1	953	053
9144	18	698	163
1207	1	953	046
1247	1	129	066
1081	1	604	016
152	1	122	083
781	1	148	031
1188	1	1142	119
2852	23	2952	117
124	1	125	136
1854	23	2921	145
2350	8	2351	216
9144	18	687	171
6247	23	2935	047
434	1	123	103
1207	1	1142	086
9018	23	3023	093
8552	23	3023	014
1213	1	122	035
351	1	122	021
993	1	122	058
135	18	854	206
8756	23	12511	094
652	1	148	155
2358	8	2359	216
1013	1	604	010
9386	23	12511	025
135	18	1081	185
822	1	416	023
1360	1	1142	129
2394	8	2395	210
1191	1	953	060
4970	15	4973	041
918	1	148	085
717	1	636	082
3944	14	3696	152
1171	1	953	060
1338	1	129	031
5146	15	4973	107
4147	19	1935	202
1042	18	1441	186
954	1	604	092
1198	1	1142	110
266	1	148	132
135	18	602	194
1042	18	297	172
5341	15	4973	095
8552	23	3023	062
4147	19	1935	181
1203	1	1142	110
2093	6	2012	101
1281	1	1210	086
269	1	125	148
135	18	1470	162
124	1	126	125
610	1	416	006
972	1	122	006
974	1	122	072
1665	1	125	156
1042	18	1441	206
2093	6	2012	076
5031	15	4973	101
673	15	4973	060
473	6	2082	049
3409	21	9434	162
6414	23	2935	030
2990	19	9159	195
2427	8	2426	198
1051	1	125	018
988	15	4986	038
2925	19	1926	198
168	1	148	010
269	1	125	061
505	1	148	021
2427	8	2426	191
3130	14	3437	137
1858	19	25	216
1042	18	435	175
6414	23	2935	113
1586	15	4973	077
1171	1	953	047
811	1	416	035
984	1	148	035
5214	15	5088	024
1172	1	953	030
5018	15	4973	124
500	1	148	102
156	1	122	070
135	18	2004	192
6371	23	3023	002
3490	14	3491	141
1544	1	148	097
9063	23	3023	040
2925	19	1926	180
909	1	148	125
908	1	518	035
3843	14	3791	131
4568	23	2946	118
962	1	163	016
128	1	129	076
1341	1	1142	110
5251	15	4973	056
1196	1	1142	108
993	1	123	090
5003	15	4973	048
135	1	137	161
8943	23	2951	090
1130	1	125	067
5030	15	4973	111
705	1	687	006
9144	18	9137	218
1375	1	953	069
135	18	1426	169
636	18	1495	176
3358	21	9473	221
4260	14	4261	063
386	1	148	032
9144	18	1027	197
1127	1	846	139
1033	1	1035	131
1426	1	535	098
354	1	126	103
9144	18	1041	202
5003	15	4973	160
1415	1	163	072
5160	15	5088	082
135	18	9130	212
1576	1	419	058
1038	1	148	059
6529	23	3023	003
9144	18	9137	225
1541	1	148	144
1312	1	1210	132
2925	19	1926	216
9144	18	1035	199
505	1	148	073
9470	21	9455	186
135	18	1081	200
1165	1	953	031
7997	23	2982	147
8385	23	2981	012
1591	1	135	051
5119	15	4985	006
135	18	1470	185
157	1	129	014
802	1	123	119
795	1	148	071
5166	15	4973	111
802	1	122	056
1415	1	148	021
9144	18	9140	194
474	1	148	140
5114	15	4973	106
135	18	9134	189
7464	19	179	173
6973	23	2996	147
802	1	123	139
706	1	708	100
6247	23	12509	008
5166	15	4973	060
1204	1	953	030
1264	1	122	051
5303	15	4973	062
811	1	416	080
831	1	416	032
1314	1	129	143
1384	1	1210	095
954	1	604	029
135	18	9135	183
1184	1	1142	087
462	1	125	154
1042	18	377	230
7018	19	1991	196
374	1	369	044
1411	1	163	038
1639	1	125	024
1591	1	135	160
1187	1	953	070
135	18	854	188
350	1	163	136
1341	1	953	150
9390	23	12511	024
1538	1	148	038
1854	23	2921	040
2200	9	2713	157
1470	1	135	099
1042	18	297	229
1173	15	4973	055
9144	18	1027	217
310	15	5088	073
121	1	123	105
4547	14	3450	139
831	1	416	023
1858	19	969	214
1544	1	148	098
5146	15	4973	147
235	1	148	009
5308	15	5088	029
3358	21	9473	231
4050	14	4049	107
8943	23	3023	052
204	1	122	061
1042	18	567	211
1850	23	2951	056
525	15	4973	138
811	1	416	079
990	1	510	148
6414	23	2935	068
988	15	4986	133
673	1	163	014
4715	23	12510	045
12503	23	12520	039
311	1	148	036
3420	14	3423	142
8692	23	12526	159
910	1	518	115
997	1	123	085
1379	1	953	082
5308	15	5088	056
1442	1	125	004
8385	23	3023	150
9144	18	1029	183
5322	15	4986	036
350	1	163	074
462	1	126	104
3923	23	12541	051
1372	1	953	029
9144	18	708	183
1529	1	148	044
1586	15	4973	108
5166	15	4973	019
9144	18	696	187
1042	18	1050	169
1510	1	122	006
2294	23	12511	144
1308	1	129	068
1042	18	377	165
8552	23	3023	022
1182	1	953	035
8283	21	9443	231
636	18	792	202
680	18	9132	175
1311	1	129	066
9144	18	696	196
3040	23	3023	117
5041	15	4986	061
818	1	416	088
2398	8	2399	166
3343	21	9473	228
1420	1	125	058
139	1	125	038
715	1	125	031
9144	18	1041	210
1354	1	953	023
1187	1	953	161
224	1	122	010
1481	1	125	025
25	0	27	174
1042	18	1441	187
1042	18	1051	194
204	1	122	063
3236	23	3023	015
1147	1	953	022
680	18	9133	165
1078	1	123	121
5245	15	4973	098
1042	18	1441	163
2200	9	2713	111
1042	18	979	211
1042	18	1051	167
2433	8	2432	209
3134	11	3129	102
1426	1	535	068
418	1	419	094
740	1	1093	067
5031	15	4973	057
12545	23	2952	071
11703	22	9557	155
5063	15	4973	124
460	1	126	124
157	1	129	070
780	1	125	036
1337	1	129	138
8426	23	12511	031
1417	15	5088	087
2200	9	2713	115
377	1	125	013
5279	15	4973	017
417	1	319	087
2073	6	2031	159
1426	1	135	081
1420	1	125	007
2394	8	2395	219
5210	15	4973	052
4905	14	3587	100
7018	19	1991	192
1051	1	125	027
1377	1	953	078
2925	19	1926	223
161	1	163	107
1639	1	125	147
6973	23	12501	027
1051	1	125	041
525	15	4973	061
3066	23	12524	033
703	1	704	157
1187	1	1142	087
1468	1	604	138
6529	23	2952	100
447	1	126	128
5317	15	4973	096
636	18	1495	169
4568	23	2946	113
1148	1	953	065
7464	19	179	202
9680	22	9544	024
3082	11	3083	138
5179	15	4973	046
2373	23	12511	057
1294	1	129	159
949	1	148	028
8385	23	2981	151
734	15	4977	108
224	1	122	056
1501	1	148	029
1265	1	1210	129
1612	1	148	004
3082	11	3083	071
5111	15	4973	128
2243	8	2244	178
1042	18	1441	218
1463	15	4986	041
386	1	148	094
636	18	717	168
1854	23	2921	016
1426	1	135	135
1583	1	123	133
2351	8	2350	189
1165	1	953	049
372	1	369	072
492	1	493	076
5308	15	5088	091
5030	15	4973	032
3135	11	3136	150
3923	23	12541	110
1094	15	4973	001
1360	1	1142	101
5166	15	4973	091
470	1	126	126
2427	8	2426	201
1154	1	953	077
954	1	604	064
1265	1	129	018
139	1	125	032
4394	14	3791	040
517	1	519	112
135	18	854	227
1143	15	4973	097
3236	23	12520	151
1515	1	148	059
3122	11	3123	142
1420	1	125	050
9144	18	9137	187
4905	14	3587	003
1426	1	535	131
1296	1	129	139
1199	1	953	083
831	1	416	024
712	1	163	089
1179	1	1142	097
1976	6	229	000
5026	15	4973	095
6936	23	12511	133
5308	15	5088	119
1323	1	1210	101
462	1	125	054
676	1	123	115
1042	18	645	184
7018	19	1991	174
2422	8	2423	216
647	1	125	134
5316	15	4973	042
5341	15	4973	057
2447	23	12501	157
1850	23	2951	059
1273	1	1210	095
8272	23	2975	001
999	1	123	129
947	1	1033	126
2925	19	1926	183
9018	23	3023	031
167	1	148	132
5160	15	5088	122
443	1	416	043
5214	15	5088	115
8006	23	2949	005
1150	1	953	082
5686	22	10952	157
1042	18	1651	163
1642	1	123	148
25	0	27	197
636	18	791	206
1372	1	953	043
1586	15	4973	031
2330	8	2331	217
909	1	148	135
1342	1	953	136
1042	18	567	184
2729	23	2935	035
9386	23	12511	046
3420	14	3423	039
1576	1	419	016
4715	23	12510	150
703	1	704	038
1383	1	1210	040
1117	1	148	077
1207	1	1142	110
1222	1	122	047
1234	1	122	006
1254	1	1210	110
2852	23	2952	030
1042	18	377	197
9070	23	2982	044
583	1	584	024
1541	1	148	133
2394	8	2395	196
425	1	319	134
985	1	148	147
269	1	126	112
1013	1	604	055
9144	18	1029	216
7464	19	179	216
5148	15	5088	131
157	1	123	100
8692	23	12526	082
3243	19	1918	220
6195	19	1991	191
1042	18	645	209
854	1	535	068
1043	1	126	128
6247	23	12509	005
1529	1	148	141
1658	1	163	089
3082	11	3083	141
1468	1	604	091
8272	23	12515	090
1279	1	129	083
1042	1	687	058
1042	18	1551	184
993	1	122	081
412	1	148	094
802	1	123	102
9144	18	9140	182
1314	1	122	026
962	1	163	082
5004	15	4973	026
9162	19	948	197
947	1	148	137
9470	21	9455	189
1375	1	953	012
5238	15	5088	108
1590	1	122	061
135	18	1426	209
4370	14	3710	023
1463	1	1464	090
8272	23	2975	076
1417	15	5088	146
2265	23	2982	030
1591	1	135	137
8552	23	3023	103
505	1	148	010
8213	23	12526	133
9506	21	9451	208
9386	23	12511	154
9145	18	416	205
8842	23	3023	051
1042	18	571	194
7293	19	1926	212
156	1	122	012
1042	18	1441	205
621	1	122	055
7464	19	179	207
9144	18	9138	198
2729	23	2966	154
1234	1	1210	094
6973	23	12501	043
1042	18	645	207
3409	21	9434	174
800	1	416	155
224	1	122	041
9441	21	9457	210
5219	15	4973	142
583	1	584	096
5128	15	4973	154
2093	6	2012	122
947	1	123	144
908	1	518	138
1467	1	125	082
3923	23	12541	023
1348	1	953	147
5238	15	5088	160
1583	1	122	047
7847	23	2966	050
5003	15	4973	147
235	1	148	068
2432	8	2433	219
1468	1	604	021
3388	21	9473	224
638	1	639	132
168	1	148	085
12503	23	2995	083
305	1	148	070
1373	1	953	011
9390	23	12511	068
3192	12	2175	150
1042	18	715	172
5146	15	4973	097
677	1	148	159
964	1	148	159
167	1	148	128
9144	18	708	181
784	1	785	120
194	1	148	159
807	1	148	109
8006	23	2949	106
1042	18	1467	196
5303	15	4973	089
217	1	148	120
9145	18	416	169
425	1	319	153
7178	23	12511	108
854	1	135	113
1590	1	122	059
7997	23	2982	145
475	1	148	093
570	1	125	075
135	18	534	182
9162	19	948	178
1501	1	148	052
3420	14	3423	098
807	1	148	141
982	1	148	043
6726	23	2966	010
717	1	636	147
9162	19	948	228
134	1	126	122
135	18	1426	199
8499	23	12511	010
1141	1	1142	125
1442	1	125	071
1042	18	570	183
1042	18	570	182
1967	15	4973	135
5251	15	4973	015
473	1	416	118
135	18	9133	209
7847	23	2966	147
583	1	584	021
124	1	125	065
8756	23	12511	023
854	1	135	069
1586	15	4973	024
1042	18	377	208
770	1	126	094
386	1	148	097
2243	8	2244	200
685	1	687	101
958	1	148	098
1042	18	568	188
1179	1	1142	101
1372	1	953	007
1143	1	953	019
1476	1	148	103
7464	19	179	179
2925	19	1926	163
167	1	148	075
1042	18	1551	228
219	15	4973	088
573	15	5094	036
570	1	125	055
505	1	148	094
1153	1	953	072
1233	1	122	070
3624	14	3437	159
1291	1	1210	093
229	15	5057	140
465	1	125	033
9680	22	9544	013
1227	1	129	072
5179	15	4973	099
6371	23	3023	092
1576	1	419	077
988	15	4986	013
946	1	163	157
4370	14	3710	059
8516	19	2048	180
8516	19	2048	168
1502	1	416	152
3250	21	9434	199
776	15	5088	013
2244	8	2243	211
9145	18	416	225
947	1	163	052
11316	22	9589	097
1415	1	148	120
5065	15	4973	002
5098	15	4986	139
1042	18	645	214
655	1	419	060
811	1	416	120
1354	1	1142	080
4370	14	3710	107
1463	1	1464	106
613	1	416	107
9144	18	9139	211
974	1	122	044
1042	18	297	183
376	1	369	007
1360	1	1142	098
1182	1	953	052
135	18	1591	177
251	1	126	105
435	1	125	062
571	1	125	074
1321	1	1210	117
1590	1	123	156
1463	15	4986	034
947	1	129	150
1173	15	4973	024
5158	15	5088	125
5098	15	4986	028
6529	23	3023	072
1143	1	953	161
5357	15	4973	154
1188	1	953	060
1143	15	4973	120
831	1	416	103
5317	15	4973	150
5291	15	4973	041
609	1	419	110
1237	1	129	020
1294	1	1210	087
1426	1	135	090
2244	8	2243	210
1281	1	1210	128
1204	1	953	060
4074	14	3791	060
1203	1	1142	136
4370	14	3710	106
4370	14	3710	073
1141	1	953	042
829	15	5088	161
5266	15	4973	059
2265	8	2266	229
1042	18	1551	176
2243	8	2244	186
4970	15	4973	038
5280	15	4973	107
6414	23	2935	112
9144	18	708	188
4260	14	4261	085
3066	23	12524	085
1038	1	148	052
9144	18	9138	211
1246	1	1210	126
1372	1	953	071
1015	1	148	147
1415	1	163	135
9306	23	12511	011
810	1	416	066
3236	23	12520	016
636	18	718	177
8667	23	3023	010
999	1	122	022
2445	8	2446	169
484	1	148	131
1342	1	953	064
9144	18	687	203
9144	18	1040	230
9145	18	416	209
6878	23	12520	111
12545	23	2952	131
1033	1	1035	143
680	18	9134	175
1216	1	1142	096
6439	23	2956	039
5012	15	4973	098
5129	15	4973	024
1420	1	125	044
1042	18	1050	172
9386	23	12511	161
376	1	369	057
6371	23	3023	108
1515	1	148	096
8426	23	12511	017
9144	18	9140	183
4260	14	4261	048
1014	1	604	159
1533	1	419	053
823	1	148	048
2414	8	2415	187
3122	11	3123	022
781	1	148	015
5160	15	5088	141
135	18	1426	190
4984	15	4986	055
9144	18	1041	185
1042	18	568	174
351	1	123	157
1294	1	129	144
9144	18	9139	188
806	1	122	036
3352	21	9473	213
5166	15	4973	001
8516	23	2981	035
1590	1	122	027
9144	18	9137	200
473	1	416	151
1377	1	953	033
1162	1	953	048
1187	1	953	063
1497	1	163	070
1042	18	715	225
472	1	148	149
1551	1	125	073
1042	18	568	224
4260	14	4261	113
9144	18	687	178
1529	1	148	119
25	1	33	024
2320	8	2321	225
12503	23	12520	078
775	1	122	085
8006	23	2949	012
8927	23	12541	131
5018	15	4973	122
2349	8	2348	186
7464	19	179	210
9470	21	9455	176
1468	1	604	076
5004	15	4973	065
1665	1	125	044
2828	9	2556	152
5003	15	4973	112
7464	19	179	224
2925	23	2996	127
1336	1	1210	131
1208	1	1142	087
1850	23	2951	146
636	18	1495	197
1858	19	969	208
1043	1	125	144
680	18	9135	178
1415	1	163	023
5295	15	4973	084
8213	23	12526	002
831	1	416	156
135	18	1470	227
1254	1	1210	134
1468	1	604	017
5308	15	5088	023
780	1	125	135
673	1	163	012
1042	18	645	193
12545	23	2952	095
1337	1	1210	093
135	18	9134	226
810	1	416	069
1173	15	4973	003
313	1	148	156
5303	15	4973	064
636	18	788	205
6878	23	2966	003
1172	1	953	151
825	1	129	016
5164	15	4973	146
135	18	438	216
1585	1	706	087
7687	23	12511	057
1078	1	123	100
8756	23	12511	159
1377	1	953	042
1414	1	122	009
1179	1	1142	093
776	1	493	051
8667	23	3023	051
6247	23	12509	018
1042	18	570	168
3066	23	12524	099
8516	23	2981	017
161	1	163	031
2433	8	2432	221
124	1	125	159
1273	1	129	004
1203	1	953	151
5115	15	4973	143
4547	14	3450	133
424	1	319	102
135	18	1014	218
313	1	148	085
9144	18	704	218
974	1	122	051
1187	1	1142	097
1228	1	122	076
1042	18	435	184
7464	19	179	170
9144	18	704	208
1425	1	122	067
947	1	163	154
1043	1	126	123
1042	18	1051	191
9144	18	9139	166
2330	8	2331	214
1669	1	419	133
1323	1	1210	087
1590	1	123	095
636	18	1495	213
1406	1	1464	088
3923	23	12541	120
988	15	4986	087
7687	23	12511	016
1099	1	148	090
1841	23	2997	156
1080	1	122	085
1015	1	148	121
947	1	1033	063
311	1	148	124
947	1	129	154
810	1	416	106
5259	15	4973	144
1541	1	148	005
1181	1	1142	085
5265	15	4973	144
1463	1	1464	043
9144	18	9136	172
9144	18	708	206
135	18	9130	205
1489	1	122	049
5141	15	5088	125
1094	1	125	030
910	1	518	001
1426	1	135	006
5012	15	4973	051
525	15	4973	149
3790	14	4261	158
985	1	148	065
570	1	125	068
2447	23	12501	110
2463	8	2464	228
1214	1	1210	128
2945	14	3623	119
1543	1	148	011
1379	1	1142	123
1314	1	122	029
705	1	687	012
685	1	687	055
9144	18	704	219
1204	1	1142	113
1228	1	122	073
8943	23	2951	063
4715	23	12510	004
135	18	1591	176
1130	1	125	153
2729	23	2935	032
2852	23	2952	097
5329	15	4973	053
1406	1	1464	064
825	1	129	009
5130	15	4973	077
5320	15	4973	138
5303	15	4973	157
373	1	369	138
2350	8	2351	191
1453	15	4973	151
135	18	534	191
1042	18	1050	176
450	1	148	153
2310	19	1991	165
134	1	125	011
2395	8	2394	224
1047	1	148	132
1442	1	126	107
1339	1	1210	118
7018	19	1991	175
2925	19	1926	187
2294	23	12511	005
9144	18	9137	193
418	1	419	103
135	18	954	191
9144	18	9139	167
1522	1	148	130
1207	1	953	061
265	1	125	144
2414	8	2415	199
6529	23	3023	002
655	1	419	145
1481	1	126	122
4905	14	3587	143
988	15	4986	151
2405	8	2404	231
5030	15	4973	085
1476	1	148	009
3346	21	9473	220
484	1	148	013
1195	1	953	021
255	1	148	009
7178	23	12511	147
235	1	148	111
473	6	2082	075
460	1	125	063
135	18	1081	210
8426	23	12511	055
3250	21	9434	201
5320	15	4973	011
9144	18	708	215
810	1	416	057
1351	1	1210	122
1967	15	4973	121
2361	8	2362	169
2448	8	2447	231
311	1	148	108
9144	18	9139	227
1668	1	163	153
811	1	416	142
3620	14	3423	035
2432	8	2433	210
1013	1	604	157
784	1	785	147
462	1	125	066
135	18	9130	202
2925	23	2996	143
6400	19	9159	228
1049	1	148	052
134	1	125	080
1078	1	122	084
1667	1	126	101
1188	1	953	058
2990	19	9159	223
1331	1	129	034
1042	18	568	222
5018	15	4973	084
5210	15	4973	049
2691	23	3023	128
9144	18	1027	221
5263	15	4973	102
1199	1	1142	091
5271	15	4973	010
9144	18	1035	212
988	15	4986	027
8552	23	3023	138
5012	15	4973	026
1173	15	4973	026
351	1	122	082
3790	14	3791	026
1204	1	1142	090
1341	1	1142	138
1181	1	953	142
1426	1	135	069
5324	15	5088	105
1172	1	953	040
5165	15	4973	029
1042	18	1441	216
1417	1	778	038
1527	1	125	013
135	18	9132	229
1372	1	1142	129
438	1	135	053
949	1	148	126
9386	23	12511	050
458	15	4973	035
2373	8	2374	194
7687	23	12511	050
6241	17	6242	060
135	18	9132	221
1212	1	1210	128
854	1	535	059
1042	18	1467	214
1337	1	1210	115
2373	8	2374	189
1233	1	122	025
1042	18	567	204
3135	11	3136	108
5265	15	4973	156
1426	1	135	076
1181	1	1142	129
1626	1	125	041
1468	1	604	098
4050	14	3910	092
250	1	148	042
5308	15	5088	086
621	1	123	127
1307	1	129	069
9144	18	1035	210
568	1	125	054
374	1	369	121
5348	15	5088	028
249	1	148	019
806	1	122	066
5259	15	4973	030
1383	1	1210	106
1591	1	535	079
1042	18	1467	170
4050	14	4049	097
1470	1	135	013
652	1	148	140
1099	1	148	089
1189	1	1142	124
1195	1	1142	033
373	1	369	083
3944	14	3696	153
6936	23	12511	138
1127	1	846	155
4394	14	3791	098
1042	18	297	181
1202	1	953	141
368	1	369	061
1898	23	2997	097
7018	19	1991	210
412	1	148	144
2358	8	2359	220
25	0	27	226
5004	15	4973	000
1515	1	148	134
1976	6	229	076
1347	1	953	058
5271	15	4973	043
573	1	574	121
135	18	1470	198
3215	12	2048	136
5138	15	4973	128
525	15	4973	060
984	1	148	137
121	1	123	094
9386	23	12511	094
2278	8	2277	188
77	0	91	186
2990	19	9159	226
135	18	1591	183
1444	1	129	046
826	1	148	070
1353	1	129	041
8385	23	2981	141
311	1	148	060
812	1	416	041
5129	15	4973	040
1273	1	129	018
973	1	454	140
1668	1	163	126
5322	15	4986	058
1970	6	2084	011
2373	23	12511	111
1015	1	148	071
1148	1	953	052
908	1	518	151
1158	1	953	046
908	1	518	019
5018	15	4973	147
310	15	5088	070
8787	23	2975	038
5003	15	4973	045
680	18	9134	169
5153	15	4973	093
673	1	163	066
680	18	9133	176
3236	23	12520	011
818	1	416	065
6247	23	2935	106
1265	1	1210	068
25	0	26	223
1042	18	435	219
6529	23	2952	120
832	1	416	158
7178	23	12511	061
7079	23	12511	077
5066	15	4973	015
2373	8	2374	164
1558	1	148	156
1612	1	148	121
9144	18	9137	199
3346	21	9473	226
525	15	4973	139
1583	1	123	123
1537	1	920	146
2350	8	2351	185
5128	15	4973	073
5065	15	4973	124
135	18	2004	204
224	1	123	104
135	18	854	165
1148	1	953	075
1307	1	129	135
1470	1	135	044
636	18	718	166
1591	1	135	038
128	1	129	083
993	1	123	146
1043	1	125	056
77	0	91	226
1264	1	1210	094
185	1	122	057
1293	1	1210	122
2395	8	2394	209
7178	23	12511	009
135	18	1014	215
1150	1	953	039
1850	23	2951	126
9306	23	12511	033
1347	1	1142	101
776	15	5088	007
1042	18	1051	230
5350	15	4973	092
484	1	148	130
2378	8	2377	172
7079	23	12511	121
806	1	123	135
135	18	534	173
7570	23	12516	004
1042	18	409	172
460	1	125	018
1383	1	129	063
1208	1	1142	119
1127	1	846	004
6371	23	3023	145
1386	1	129	012
1127	1	846	010
9144	18	696	218
1172	1	953	013
1967	15	4973	012
1196	1	953	141
1489	1	123	151
9144	18	9137	202
645	1	125	019
468	1	125	038
1162	1	953	134
182	1	129	050
1545	1	148	128
354	1	125	073
9680	22	9544	125
367	1	122	013
6599	23	12547	085
3900	14	3696	144
5003	15	4973	079
9144	18	1029	226
1179	1	953	147
5322	15	4986	040
909	1	148	148
1639	1	125	148
1043	1	125	027
3138	19	9157	170
5317	15	4973	152
2358	8	2359	217
525	15	4973	037
709	1	369	046
1275	1	129	061
972	1	123	105
5263	15	4973	079
1224	1	1210	085
1042	18	297	230
6878	23	12520	012
5259	15	4973	136
4905	14	3587	064
1253	1	129	066
2945	14	3623	121
9045	23	2982	028
415	1	416	150
1182	1	953	149
1154	1	953	017
9162	19	948	164
147	1	148	072
6400	19	9159	194
1042	1	687	120
1147	1	953	152
135	18	9134	210
5249	15	4973	041
9162	19	948	194
8943	23	3023	025
962	1	163	118
6439	23	2956	101
462	1	125	029
8385	23	2981	013
680	18	9133	170
1176	1	953	080
9145	18	416	211
157	1	129	079
5348	15	5088	089
9144	18	696	180
1042	18	1051	207
11316	22	9589	143
655	1	419	000
822	1	416	061
7464	19	179	163
9390	23	12511	032
425	1	319	005
2294	23	12511	092
354	1	125	147
4394	14	3791	100
135	18	2004	199
394	1	148	113
1337	1	129	023
5065	15	4973	024
5102	15	4973	097
1258	1	129	081
573	1	574	127
5322	15	4986	041
462	1	125	011
1094	15	4973	122
534	1	135	011
1246	1	1210	086
2362	8	2361	172
2420	8	2421	218
1296	1	129	011
7790	23	12511	059
425	1	319	031
9144	18	9136	181
9144	18	704	164
5062	15	4973	035
4716	14	3447	066
1251	1	122	083
1207	1	953	060
8516	23	2981	136
443	1	416	123
517	1	519	051
1544	1	148	058
4147	19	1935	183
985	1	148	082
3243	19	1918	227
2691	23	3023	104
1254	1	129	145
147	1	148	039
5164	15	4973	088
255	1	148	013
674	1	123	145
25	0	26	176
5265	15	4973	044
377	1	125	040
9144	18	9140	196
1014	1	604	138
1264	1	122	023
472	1	148	054
1576	1	419	116
135	18	2004	188
434	1	122	050
1406	15	4986	079
447	1	125	150
9145	18	416	171
5179	15	4973	024
990	1	510	153
25	1	33	014
9070	23	2982	017
1417	15	5088	103
1042	18	1467	198
5179	15	4973	005
974	1	122	074
8552	23	3023	045
1042	18	570	224
1338	1	1210	099
1042	18	1051	177
908	1	518	119
5133	15	5088	054
2244	8	2243	172
1273	1	129	042
6371	23	3023	068
3790	14	4261	007
135	18	1014	206
5129	15	4973	043
1639	1	125	072
1426	1	535	086
135	18	1013	197
6371	23	3023	081
9470	21	9455	177
781	1	148	066
2404	8	2405	201
636	1	479	121
1049	1	148	037
3020	10	2981	148
2422	8	2423	205
1042	18	1051	206
1202	1	125	052
135	18	2004	193
6414	23	2935	031
703	1	704	149
2344	8	2345	230
636	18	1495	198
1386	1	129	004
392	1	148	077
1275	1	1210	091
1327	1	129	157
1371	1	1210	132
976	1	148	106
5308	15	5088	103
9144	18	137	194
5280	15	4973	069
216	1	148	113
135	1	137	094
826	1	148	156
157	1	129	052
25	0	26	186
5178	15	5088	122
3843	14	3791	038
2852	23	2952	157
1341	1	953	077
3845	14	3846	045
776	1	493	149
5063	15	4973	013
139	1	125	004
2330	8	2331	218
997	1	123	138
5168	15	5088	150
1042	18	297	175
135	18	438	184
5114	15	4973	085
973	1	454	100
832	1	416	090
1127	1	846	124
135	18	954	225
458	15	4973	014
1585	1	163	151
3134	11	3129	097
988	15	4986	023
492	1	493	148
1127	1	846	106
12503	23	2995	101
1331	1	129	160
1240	1	1210	096
2447	23	12501	017
7975	23	2951	089
1214	1	1210	089
1360	1	1142	097
2395	8	2394	221
1417	1	778	060
505	1	148	024
2414	8	2415	204
1590	1	123	101
235	1	148	031
9386	23	12511	068
1042	18	568	208
822	1	416	125
1265	1	1210	076
1014	1	604	055
1387	1	129	137
1470	1	135	145
2373	23	12511	080
135	18	954	220
9386	23	12511	048
1251	1	129	156
826	1	148	053
1042	18	568	180
1428	1	125	150
712	1	163	006
1230	1	122	078
832	1	416	078
1470	1	135	101
2925	23	2996	030
570	1	125	023
1042	18	160	173
4484	14	4366	138
5295	15	4973	002
8213	23	12526	097
673	1	948	110
1406	15	4986	159
7018	19	1991	164
1011	1	122	012
492	1	493	140
5246	15	4973	039
5012	15	4973	100
1967	15	4973	056
5146	15	4973	098
5130	15	4973	121
5246	15	4973	103
424	1	319	074
5053	15	4973	119
776	15	5088	061
525	15	4973	057
974	1	122	069
135	18	854	219
135	18	534	174
1042	18	570	227
2852	23	2952	004
571	1	125	009
135	18	9135	184
178	1	179	044
823	1	148	085
947	1	975	142
3420	14	3423	054
492	15	5088	122
5278	15	4986	107
1195	1	1142	087
636	18	717	178
993	1	123	093
1279	1	1210	129
781	1	148	071
7018	19	1991	167
1426	1	535	145
918	1	148	154
2433	8	2432	213
673	15	4973	026
417	1	319	095
1141	1	953	032
1377	1	953	154
1042	18	1551	198
1078	1	122	007
135	18	2004	226
5341	15	4973	080
461	1	126	118
1387	1	122	034
583	1	584	091
5259	15	4973	114
1050	1	125	032
4074	14	3791	124
644	1	125	012
1545	1	148	161
5004	15	4973	089
613	1	416	042
2404	8	2405	231
775	1	123	138
4370	14	3710	068
854	1	535	071
1501	1	148	127
7079	23	12511	028
217	1	148	118
570	1	125	080
3250	21	9434	218
3135	11	3136	157
5214	15	5088	101
6247	23	12509	133
135	18	438	195
1265	1	129	042
784	1	317	021
9144	18	704	186
1240	1	129	146
1042	18	570	204
1038	1	148	158
1468	1	604	130
1656	1	639	057
2332	8	2333	229
534	1	535	154
2432	8	2433	216
8311	17	7427	157
9070	23	2982	056
204	1	123	100
788	18	1505	213
1435	1	125	058
135	18	9134	192
135	18	2004	225
269	1	125	008
8213	23	12526	093
5012	15	4973	144
1230	1	122	046
5249	15	4973	031
908	1	518	093
3066	23	12524	020
5317	15	4973	103
988	15	4986	145
1463	1	1464	153
400	18	3078	170
823	1	148	068
2361	8	2362	193
1273	1	1210	134
400	18	3078	175
25	1	33	070
124	1	126	123
997	1	123	148
5165	15	4973	078
2093	6	2012	046
575	1	129	011
636	18	718	162
2404	8	2405	222
1651	1	125	053
8667	23	3023	055
4899	14	3623	154
1544	1	148	126
443	1	416	121
1217	1	1142	121
1039	1	1041	055
822	1	416	075
680	18	9134	167
949	1	148	112
1377	1	953	047
680	18	9135	169
1224	1	129	135
1318	1	129	016
1419	1	129	065
3250	21	9434	198
4147	19	1935	222
4441	14	3710	118
1543	1	148	133
5102	15	4973	106
9144	18	708	185
1168	1	953	061
3843	14	3791	055
806	1	122	020
4269	14	4270	072
1126	1	148	135
9144	18	137	228
1228	1	122	042
3900	14	3696	142
1468	1	604	029
5114	15	4973	105
1581	1	122	029
1038	1	148	063
2990	19	9159	177
2691	23	3023	014
823	1	148	081
135	18	9134	200
1042	18	979	175
1212	1	1210	124
9018	23	3023	107
3790	14	4261	077
680	18	9134	174
1626	1	126	105
636	1	479	148
8756	23	12511	076
784	1	785	054
1207	1	953	038
5165	15	4973	042
5295	15	4973	017
2432	8	2433	223
3420	14	3423	069
4984	15	4986	119
3352	21	9473	216
654	1	129	023
1154	1	953	019
492	1	493	046
2990	19	9159	218
4269	14	3673	055
4943	14	3696	125
135	18	9130	218
1353	1	129	031
1515	1	148	029
984	1	148	096
2990	19	9159	166
1042	18	435	208
636	18	788	203
1435	1	125	057
9144	18	9137	210
3826	23	2996	152
1195	1	1142	003
9144	18	9136	228
4547	14	3450	004
1406	1	1464	026
9144	18	9136	190
374	1	369	153
77	0	91	229
5251	15	4973	145
1307	1	1210	107
1042	18	571	163
313	1	148	142
5245	15	4973	102
1081	1	604	032
8516	19	2048	163
1042	18	715	163
5238	15	5088	081
1042	18	297	188
1195	1	953	074
458	1	126	102
8692	23	12516	038
776	15	5088	002
1338	1	129	050
2330	8	2331	231
5114	15	4973	104
1224	1	122	083
1042	18	644	201
1639	1	126	086
5249	15	4973	146
1042	18	1467	183
1336	1	122	063
400	18	3078	184
1586	15	4973	094
1576	1	419	111
11316	22	9589	090
636	18	718	178
8842	23	3023	042
465	1	126	108
1188	1	1142	065
3352	21	9473	214
1417	1	778	048
371	1	369	055
706	1	708	053
9144	18	1029	174
2373	23	12511	012
1548	1	148	055
8385	23	2982	018
1117	1	148	041
1323	1	1210	123
636	18	718	165
1639	1	125	156
964	1	148	006
135	18	9130	187
9144	18	137	198
2350	8	2351	178
1441	1	125	013
1515	1	148	018
1406	1	1464	033
1548	1	148	123
5065	15	4973	149
158	1	148	124
3236	23	3023	104
5246	15	4973	015
3236	23	12520	071
1042	18	435	165
4050	14	4051	078
5138	15	4973	001
5210	15	4973	112
5119	15	4985	158
4048	14	3791	073
5164	15	4973	153
5245	15	4973	105
135	18	1426	215
9144	18	9137	168
1042	18	568	217
1240	1	129	081
2470	8	2471	216
3192	12	2175	145
1379	1	953	034
9144	18	696	213
680	18	9130	166
4426	14	3822	119
1015	1	148	021
1198	1	1142	100
1273	1	129	050
266	1	148	029
1307	1	1210	126
77	0	91	193
418	1	419	119
8927	23	12541	140
1419	1	123	117
1141	1	953	047
313	1	148	025
475	1	148	130
161	1	163	116
9145	18	416	191
9144	18	9138	209
1265	1	1210	066
9144	18	696	185
5329	15	4973	144
6439	23	2956	137
776	1	493	049
1278	1	122	038
158	1	148	089
9390	23	12511	048
1233	1	122	084
2385	8	2386	205
318	1	319	046
4824	14	3710	013
703	1	704	068
1224	1	122	080
826	1	148	138
9144	18	687	197
2362	8	2361	190
2432	8	2433	229
375	1	369	035
5251	15	4973	026
1294	1	1210	128
2925	19	1926	184
1042	18	409	182
1547	1	1144	155
267	1	1144	157
217	1	148	053
5322	15	4986	137
309	15	5088	106
2395	8	2394	196
7687	23	12511	066
139	1	126	094
462	1	125	138
135	18	2004	201
9470	21	9455	185
5357	15	4973	086
1491	1	126	119
5280	15	4973	119
1665	1	126	133
800	1	416	022
1013	1	604	154
415	1	416	038
1042	18	435	183
807	1	148	072
5098	15	4986	146
1042	18	570	192
974	1	122	054
135	18	9131	214
9018	23	3023	001
1491	1	126	130
1373	1	953	040
6439	23	12515	085
8516	23	2981	101
2345	8	2344	229
1042	18	1551	199
2445	8	2446	198
3826	23	2996	007
1558	1	148	103
1154	1	953	148
1558	1	148	149
1383	1	129	038
965	1	148	102
958	1	148	045
4370	14	3710	150
135	18	2004	223
6878	23	2966	062
1586	15	4973	041
5259	15	4973	023
1150	1	953	075
6414	23	2935	057
3250	21	9434	183
7464	19	179	223
25	0	26	187
167	1	148	042
2244	8	2243	212
1042	18	715	208
316	1	317	084
5259	15	4973	065
1341	1	1142	093
9144	18	708	226
2365	8	2366	164
1081	1	535	056
5214	15	5088	079
1265	1	1210	078
1351	1	129	140
1042	18	377	181
5346	15	4986	098
7079	23	12511	084
8927	23	12541	161
135	18	438	173
2421	8	2420	211
677	1	148	007
974	1	123	093
135	18	534	218
2365	8	2366	170
680	18	9132	181
9144	18	9136	180
831	1	416	159
156	1	123	102
458	1	125	057
1961	6	2031	155
2361	8	2362	170
1042	18	715	206
1141	1	953	148
8272	23	12515	150
2373	8	2374	192
5041	15	4986	085
152	1	123	125
1042	18	1441	198
9144	18	1027	195
1411	1	163	114
135	18	1426	229
249	1	148	112
9470	21	9455	165
1323	1	129	036
1314	1	122	022
390	1	163	116
918	1	148	071
706	1	708	088
2925	23	2996	070
6247	23	12509	003
1033	1	1035	119
997	1	123	114
2432	8	2433	218
3082	11	3083	017
4716	14	3447	094
8552	23	3023	074
1275	1	129	145
1042	18	644	174
1171	15	4973	001
1254	1	129	034
9063	23	3023	090
1042	18	715	165
1970	6	2084	038
135	18	9135	188
6247	23	2935	083
1246	1	129	141
2945	10	2946	097
1338	1	129	043
2990	19	9159	212
310	15	5088	107
8730	23	2951	112
135	18	602	195
443	1	416	102
988	15	4986	049
1976	6	229	048
5269	15	4973	056
1081	1	535	003
77	0	91	213
963	1	148	028
9145	18	416	194
3790	14	3791	117
1353	1	129	145
573	15	5094	037
9144	18	137	226
2332	8	2333	230
1352	1	953	146
2351	8	2350	209
1501	1	148	099
775	1	123	102
5265	15	4973	080
908	1	518	087
1254	1	129	134
264	15	4973	127
628	1	148	038
703	1	704	059
368	1	369	123
25	0	27	183
2404	8	2405	211
636	18	788	201
265	1	125	042
5210	15	4973	156
1042	18	435	204
1453	15	4973	008
139	1	126	122
135	18	1426	213
4441	14	3710	093
9144	18	9138	187
525	15	4973	072
1148	1	953	049
1207	1	1142	112
135	18	9135	185
1338	1	129	021
2351	8	2350	196
1228	1	122	061
224	1	122	076
3420	14	3423	048
305	1	148	023
161	1	163	020
9144	18	1029	222
4547	14	3450	075
1042	18	1050	164
1042	18	435	216
3345	21	9473	221
9144	18	9137	178
8516	19	2048	175
1214	1	129	135
910	1	518	157
9144	18	9139	213
1147	1	953	071
135	18	1013	226
717	1	636	020
425	1	319	133
573	15	5094	049
305	1	148	096
266	1	148	030
811	1	416	012
3923	23	12541	022
178	1	179	082
5348	15	5088	007
9144	18	1040	231
2377	8	2378	171
443	1	416	089
8787	23	2975	146
1081	1	604	027
2925	19	1926	166
121	1	122	064
4269	14	4270	089
1042	18	409	217
1042	18	568	173
1200	1	953	013
135	18	9135	186
5157	15	5110	160
1858	19	969	222
9144	18	708	184
1240	1	129	141
9144	18	687	209
1935	7	2182	218
4715	23	12510	095
1042	18	571	213
709	1	369	071
371	1	369	131
1411	1	163	136
1548	1	148	086
5164	15	4973	109
135	18	9132	228
1234	1	122	026
1230	1	122	040
1171	1	953	005
1566	1	148	020
1199	1	953	049
5303	15	4973	003
857	15	5088	154
3352	21	9473	206
376	1	369	047
3066	23	2982	161
3790	14	3791	132
1228	1	122	084
465	1	126	121
1168	1	953	147
5251	15	4973	109
1222	1	1210	064
11372	22	9589	050
999	1	123	146
9144	18	9137	189
5026	15	4973	092
807	1	148	039
1591	1	135	004
8552	23	3023	006
8385	23	2982	068
12503	23	12520	133
9145	18	304	229
7975	23	2951	094
1117	1	148	100
6247	23	12509	129
2373	8	2374	195
1521	1	148	084
5249	15	4973	026
1042	18	571	171
740	1	1093	063
1042	18	570	202
415	1	416	136
135	18	602	231
5356	15	4973	037
4598	14	3447	063
1042	18	377	219
636	18	718	212
135	18	1426	188
5129	15	4973	113
1126	1	148	006
5098	15	4986	065
9390	23	12511	138
354	1	125	158
1265	1	129	142
1441	1	125	045
5303	15	4973	097
744	1	163	155
156	1	122	076
5062	15	4973	048
5210	15	4973	048
5158	15	5088	110
6247	23	12509	064
636	18	1495	199
1307	1	1210	130
573	15	5094	065
12503	23	2995	153
1296	1	129	017
5062	15	4973	079
6247	23	2935	032
1207	1	1142	113
8692	23	12516	082
717	1	636	078
5280	15	4973	057
1279	1	1210	121
5685	22	5655	160
1216	1	953	039
1126	1	148	021
1967	15	4973	149
5245	15	4973	114
4984	15	4986	034
135	18	534	181
1172	1	953	054
1291	1	129	159
5006	15	4986	061
9144	18	1029	187
1258	1	129	060
1415	1	163	132
472	1	148	103
1042	18	409	196
4568	23	2946	025
5063	15	4973	071
5128	15	4973	122
4963	17	4312	096
9018	23	3023	129
135	18	9132	218
5063	15	4973	120
1217	1	953	063
1198	1	953	062
647	1	126	097
5280	15	4973	118
6195	19	1991	172
505	1	148	043
947	1	163	122
9306	23	12511	062
2320	8	2321	231
9144	18	1035	181
1435	1	126	106
4905	14	3587	066
677	1	148	012
1258	1	129	073
1189	1	953	046
1642	1	122	055
425	1	319	096
1171	1	1142	110
628	1	148	035
982	1	148	093
425	1	319	064
7997	23	2982	153
5026	15	4973	128
412	1	148	057
1651	1	125	017
135	18	1426	211
1306	1	122	038
1015	1	148	040
1168	1	1142	111
1314	1	1210	124
6439	23	2956	143
2310	19	1991	178
5238	15	5088	073
2310	19	1991	174
1337	1	129	012
1234	1	1210	109
1278	1	1210	159
740	1	1093	018
9144	18	1029	196
706	1	708	046
9144	18	1041	208
1230	1	122	056
5246	15	4973	009
6726	23	2966	095
9144	18	1035	175
823	1	148	114
6414	23	2935	061
2925	19	1926	220
3843	14	3791	149
4370	14	3710	111
1370	1	129	081
573	1	574	096
3134	11	3129	157
9144	18	687	174
5210	15	4973	070
1360	1	953	018
450	1	148	100
2361	8	2362	174
316	1	317	113
424	1	319	118
135	18	1426	208
3809	14	3810	114
654	1	123	143
5111	15	4973	097
677	1	148	021
5133	15	5088	147
135	18	1081	202
644	1	125	006
9144	18	9140	181
1585	1	706	150
5350	15	4973	052
5030	15	4973	001
409	1	125	018
303	1	416	126
1375	1	953	058
680	18	9132	180
5030	15	4973	010
5114	15	4973	070
1669	1	419	086
1667	1	125	010
1126	1	148	086
438	1	135	067
5179	15	4973	133
2402	8	2403	217
216	1	148	154
517	1	519	038
135	18	2004	216
1841	23	2997	122
1042	18	571	197
988	15	4986	106
9045	23	2982	029
946	1	163	044
1042	18	160	162
712	1	163	093
1463	1	1464	066
1501	1	148	126
1258	1	129	024
392	1	148	078
1254	1	129	157
2427	8	2426	207
5111	15	4973	053
368	1	369	081
1336	1	1210	100
1191	1	1142	123
313	1	148	077
1854	23	2921	069
734	15	4977	147
6878	23	12520	018
8552	23	3023	010
500	1	148	075
1126	1	148	103
77	1	78	120
7018	19	1991	186
6414	23	2935	060
825	1	129	059
2691	23	3023	086
12545	23	2952	087
1162	1	953	058
4998	15	4973	150
5263	15	4973	087
135	18	1468	187
1463	15	4986	146
1668	1	163	115
995	1	148	065
135	18	1470	184
5111	15	4973	150
525	15	4973	107
5065	15	4973	091
976	1	148	054
9144	18	1041	181
2200	9	2713	109
1234	1	122	077
156	1	123	153
9390	23	12511	062
1150	1	953	049
2427	8	2426	169
676	1	122	044
1967	15	4973	044
1043	1	125	011
962	1	163	079
9145	18	416	187
2093	6	2012	063
706	1	708	051
579	1	656	046
2462	8	2448	197
636	18	1495	201
1307	1	129	153
2394	8	2395	215
1179	1	953	080
1147	1	953	137
2729	23	2966	060
135	18	1591	214
1042	18	1551	224
822	1	416	094
570	1	125	059
4976	15	4973	152
5130	15	4973	041
1042	18	160	166
1373	1	953	042
818	1	416	075
1470	1	135	071
135	18	1591	193
1308	1	1210	108
135	18	9134	208
2925	19	1926	222
135	18	1081	207
204	1	123	160
8272	23	12515	097
1200	1	953	148
5062	15	4973	052
947	1	163	126
1502	1	416	025
6247	23	2935	000
5179	15	4973	048
135	18	534	194
5320	15	4973	063
9145	18	416	178
706	1	708	107
418	1	419	076
579	1	656	056
2398	8	2399	165
784	1	317	093
962	1	163	039
2405	8	2404	201
1203	1	1142	149
1187	1	953	071
9144	18	1035	172
9144	18	9139	189
1665	1	126	099
1042	1	687	022
1279	1	1210	130
5263	15	4973	155
613	1	416	027
5158	15	5088	099
1179	1	1142	085
1234	1	1210	131
9144	18	9139	192
1199	1	1142	033
1042	18	1551	162
5210	15	4973	010
9144	18	9138	204
1668	1	163	068
1576	1	419	092
2310	19	1991	162
1200	1	953	142
784	1	317	032
1265	1	1210	099
9144	18	9136	177
11316	22	9589	125
5119	15	4985	069
2093	6	2012	091
135	18	9133	183
1641	1	148	023
1230	1	122	050
474	1	148	093
990	1	510	132
424	15	4986	095
157	1	123	157
949	1	148	105
1042	18	1551	188
802	1	122	059
8385	23	2982	017
1435	1	125	143
6247	23	12509	047
5350	15	4973	128
993	1	123	108
9386	23	12511	015
2277	8	2278	184
1854	23	2921	010
652	1	148	137
9144	18	704	209
4547	14	3450	104
313	1	148	039
780	1	125	068
3250	21	9434	192
6247	23	12509	159
254	1	148	103
185	1	123	134
1339	1	1210	091
6247	23	12509	041
9144	18	687	183
1042	18	1467	163
1246	1	122	008
818	1	416	096
5157	15	5110	151
5102	15	4973	036
854	1	535	001
972	1	122	028
1202	1	953	037
8385	23	3023	097
1841	23	2997	158
9386	23	12511	064
2426	8	2427	212
1348	1	1142	115
1198	1	953	068
6371	23	3023	088
1042	18	644	191
1042	18	409	163
1500	1	163	148
6439	23	2956	059
2373	8	2374	171
6439	23	12515	107
3250	21	9434	191
9144	18	1041	180
806	1	123	092
826	1	148	084
224	1	123	140
1278	1	122	052
5271	15	4973	083
1042	18	1551	197
1198	1	1142	098
5317	15	4973	099
5004	15	4973	098
3345	21	9473	229
5341	15	4973	053
1033	1	1035	083
1360	1	1142	114
4147	19	1935	196
1042	18	644	194
1143	1	1142	134
9145	18	416	228
2350	8	2351	186
157	1	129	019
8385	23	2982	092
4598	14	3447	023
1858	19	969	215
7293	19	1926	206
443	1	416	067
1234	1	122	030
6529	23	3023	005
5062	15	4973	139
818	1	416	049
9144	18	1027	166
1042	18	160	184
135	18	2004	177
5179	15	4973	074
1281	1	122	076
5210	15	4973	101
1338	1	129	012
3066	23	2982	006
316	1	317	134
1212	1	122	027
910	1	518	161
1200	1	953	074
1042	18	1051	179
5324	15	5088	141
5111	15	4973	127
9144	18	137	220
135	18	9130	194
1370	1	1210	114
7293	19	1926	207
135	18	1470	219
447	1	126	123
7997	23	2982	044
1347	1	953	036
1406	1	1464	124
373	1	369	003
135	18	854	192
135	18	9135	227
2200	9	2713	150
9144	18	9139	229
4715	23	12510	081
135	18	9130	191
1165	1	953	081
135	18	534	223
3066	23	12524	064
2463	8	2464	190
5159	15	5088	140
1042	18	297	195
505	1	148	122
1417	1	778	144
1042	18	644	181
139	1	126	103
1373	1	953	083
4269	14	4270	157
4547	14	3450	135
1273	1	129	156
135	18	534	179
8667	23	3023	098
1130	1	126	113
5018	15	4973	154
5271	15	4973	013
4715	23	12510	089
135	18	954	204
135	18	9134	195
4702	14	4422	111
11316	22	9589	019
1667	1	125	017
1417	1	778	056
1042	18	715	174
1850	23	2951	086
6599	23	12547	093
636	18	792	211
135	18	1081	195
1527	1	126	144
7079	23	12511	092
5279	15	4973	081
2445	8	2446	188
1442	1	125	025
1042	18	297	231
6414	23	2935	087
1042	18	1551	163
9144	18	708	207
655	1	419	097
4269	14	4270	124
7687	23	12511	123
1306	1	122	063
9145	18	304	230
3420	14	3423	092
636	18	717	169
1406	15	4986	066
579	1	656	127
1051	1	125	045
8787	23	2975	048
11316	22	9589	142
3082	11	3083	129
5341	15	4973	081
1639	1	125	076
2093	6	2012	151
1203	1	953	014
3250	21	9434	188
135	18	9133	215
5128	15	4973	125
1976	6	229	042
2448	8	2447	219
250	1	148	093
1182	1	953	067
1172	1	953	045
1383	1	1210	011
6414	23	2935	015
947	1	163	118
2432	8	2433	221
4074	14	3791	013
1308	1	1210	098
982	1	148	040
2427	8	2426	177
1042	18	377	218
1165	1	1142	087
1042	18	1551	230
1314	1	122	009
1591	1	135	007
1042	18	409	208
9144	18	687	163
1453	1	419	043
7018	19	1991	201
135	18	9135	194
472	1	148	075
1387	1	1210	026
1291	1	129	046
5083	15	4973	073
447	1	125	080
5356	15	4973	048
770	1	125	038
9470	21	9455	190
2244	8	2243	178
8552	23	3023	064
5303	15	4973	000
8516	23	2981	056
1042	18	645	189
1188	1	1142	088
2422	8	2423	213
4824	14	3710	005
636	18	1495	202
9144	18	687	196
1042	18	645	222
4370	14	3710	112
1502	1	416	124
4568	23	2946	072
1234	1	1210	106
1306	1	1210	109
134	1	126	123
1253	1	1210	100
135	1	137	077
4074	14	3791	025
1042	18	297	196
458	1	125	059
1419	1	123	097
2330	8	2331	216
1585	1	163	136
2265	23	2982	076
5041	15	4986	157
1042	18	567	231
1094	1	125	036
2361	8	2362	190
2470	8	2471	215
1230	1	1210	109
2200	9	2713	088
1165	1	1142	122
135	18	602	220
1563	1	129	008
706	1	708	096
182	1	129	053
5214	15	5088	011
1331	1	1210	114
8787	23	2975	117
1188	1	953	144
3134	11	3129	134
1296	1	1210	116
1515	1	148	030
5316	15	4973	150
1039	1	1041	153
1386	1	129	034
9144	18	9140	205
375	1	369	013
1184	1	953	071
1566	1	148	075
2262	8	2261	166
5316	15	4973	152
2082	15	5057	141
9144	18	9136	213
1321	1	129	157
1543	1	148	118
4260	14	4261	123
1254	1	129	079
7018	19	1991	219
1224	1	122	005
1202	1	1142	125
709	1	369	054
1667	1	126	098
1042	18	570	189
1187	1	1142	110
8552	23	3023	012
609	1	419	077
1281	1	129	139
376	1	369	119
3352	21	9473	205
2463	8	2464	198
500	1	148	034
2462	8	2448	201
5018	15	4973	129
450	1	148	072
5210	15	4973	005
313	1	148	055
5245	15	4973	010
1337	1	129	140
775	1	122	007
455	1	125	139
8006	23	2949	071
673	1	948	158
77	1	78	096
3826	23	2996	160
947	1	975	061
1150	1	953	012
1042	18	567	188
12545	23	2951	107
8272	23	2975	161
517	1	519	092
8730	23	2951	105
1565	1	148	138
1548	1	148	071
1200	1	953	073
4824	14	3710	042
5083	15	4973	112
157	1	123	137
25	0	27	230
447	1	126	068
135	1	137	055
5179	15	4973	121
1522	1	148	082
1426	1	135	047
5266	15	4973	010
674	1	123	129
5129	15	4973	088
4441	14	3710	074
9018	23	3023	083
371	1	369	009
460	1	125	158
2447	8	2448	226
2470	8	2471	228
135	18	2004	162
1171	1	953	077
77	1	78	062
500	1	148	110
8692	23	12516	138
1481	1	125	038
8787	23	2975	121
1150	1	1142	097
1042	18	160	226
1522	1	148	160
4370	14	3710	102
744	1	163	031
717	1	636	119
1643	1	123	124
4715	23	12510	125
1042	18	435	188
1240	1	129	152
7847	23	2966	033
1173	1	1142	119
1314	1	1210	104
1181	1	1142	119
1275	1	129	029
3790	14	4261	130
157	1	129	041
1548	1	148	076
12545	23	2952	034
264	15	4973	155
455	1	126	096
5108	15	5088	158
216	1	148	068
156	1	122	018
1042	18	1551	223
135	18	9134	231
1042	18	568	199
5278	15	4986	109
1467	1	125	044
6195	19	1991	202
135	18	9135	202
77	1	78	105
11372	22	9589	069
1426	1	535	089
4269	14	4270	117
265	1	125	152
9063	23	3023	053
5316	15	4973	099
6414	23	2935	111
6400	19	9159	201
2378	8	2377	169
5303	15	4973	056
680	18	9135	177
5329	15	4973	026
1590	1	122	066
1278	1	122	046
1042	18	570	188
11372	22	9589	148
2361	8	2362	164
5269	15	4973	008
958	1	148	126
972	1	122	033
5115	15	4973	037
1294	1	129	014
1188	1	953	148
4105	14	3422	047
2433	8	2432	228
1189	1	1142	128
1258	1	129	152
1042	18	715	195
1247	1	129	020
2990	23	12502	005
12536	23	2951	127
2427	8	2426	166
1216	1	953	074
958	1	148	063
135	18	1013	187
1224	1	1210	092
350	1	163	057
2426	8	2427	225
1042	18	715	171
5178	15	5088	140
1042	18	570	165
776	15	5088	109
1042	18	567	172
3250	21	9434	200
1417	15	5088	150
784	1	785	105
474	1	148	110
9470	21	9455	170
770	1	126	124
4598	14	3447	004
1042	18	297	185
962	1	163	108
4370	14	3710	048
9162	19	948	193
6529	23	2952	083
11372	22	9589	028
1643	1	129	041
1233	1	129	141
1406	1	1464	142
979	1	125	026
5251	15	4973	090
5249	15	4973	099
1383	1	129	160
676	1	122	035
2925	19	1926	203
5115	15	4973	058
3943	14	3901	146
1342	1	1142	086
908	1	518	023
2925	19	1926	231
1042	18	1551	206
636	1	479	142
5350	15	4973	076
1011	1	122	035
178	1	179	101
1253	1	129	069
3236	23	12520	060
135	18	534	220
5269	15	4973	014
972	1	123	085
628	1	148	113
5249	15	4973	025
949	1	148	090
1042	18	1051	182
1247	1	129	021
1011	1	123	117
2385	8	2386	202
638	1	639	016
1171	15	4973	147
1419	1	129	052
1203	1	953	060
1384	1	122	081
2350	8	2351	204
3826	23	2996	091
2265	8	2266	173
128	1	129	036
9144	18	1041	174
2332	8	2333	225
447	1	125	063
1162	1	953	158
1247	1	1210	123
266	1	148	130
1047	1	148	127
2404	8	2405	196
3923	23	12541	157
417	1	319	121
158	1	148	059
3420	14	3423	104
5119	15	4985	013
5246	15	4973	067
1042	18	160	182
1042	18	1651	201
250	1	148	159
450	1	148	120
1254	1	1210	109
1591	1	535	105
5357	15	4973	003
2414	8	2415	221
1217	1	1142	089
350	1	163	150
265	1	125	033
607	1	596	144
157	1	129	047
9144	18	9136	208
1247	1	1210	100
802	1	123	094
997	1	123	100
5278	15	4986	113
1415	1	148	099
6247	23	12509	009
5083	15	4973	071
2420	8	2421	208
2404	8	2405	228
972	1	122	070
235	1	148	054
4998	15	4973	111
1415	1	163	101
1397	1	148	006
1207	1	1142	048
9144	18	9136	230
1669	1	419	116
9144	18	1029	163
7464	19	179	229
997	1	129	075
1042	18	570	196
5316	15	4973	053
795	1	148	081
1338	1	1210	120
1540	1	148	154
673	1	948	146
1665	1	125	159
9144	18	698	201
135	18	1591	179
1850	23	2951	131
5083	15	4973	008
5111	15	4973	137
77	1	78	118
2463	8	2464	183
1253	1	129	142
780	1	125	139
1476	1	148	027
645	1	125	031
1387	1	1210	057
1147	1	953	005
1311	1	129	155
8213	23	12526	052
1533	1	419	006
1042	18	1651	214
462	1	125	143
636	18	718	175
450	1	148	057
3135	11	3136	027
5346	15	4986	091
1323	1	129	072
1171	15	4973	125
1306	1	1210	116
417	1	319	085
135	18	1426	171
1521	1	148	094
9144	18	9137	215
135	18	1426	163
5271	15	4973	133
1379	1	953	154
7687	23	12511	122
135	18	854	228
673	15	4973	041
1406	1	1464	085
6529	23	3023	004
156	1	123	094
9063	23	3023	045
1042	18	1467	212
2828	9	2556	084
703	1	704	110
8552	23	3023	100
910	1	518	053
947	1	975	064
857	15	5088	134
139	1	125	146
1320	1	1210	132
2301	23	2951	094
962	1	163	014
1419	1	129	039
1281	1	122	071
8667	23	3023	126
2310	19	1991	195
7975	23	3023	006
505	1	148	065
204	1	122	015
135	18	2004	191
1042	18	1651	216
568	1	125	067
831	1	416	061
135	18	954	215
8692	23	12516	043
1420	1	125	135
717	1	636	009
9144	18	9140	192
5157	15	5110	136
3790	14	3791	153
1665	1	125	152
7018	19	1991	216
1213	1	122	018
7997	23	2982	156
1258	1	1210	089
1941	5	1943	089
264	15	4973	150
1522	1	148	126
217	1	148	044
265	1	126	097
185	1	123	102
4269	14	4270	153
5261	15	4973	151
1042	18	1441	226
269	1	125	139
7464	19	179	221
135	18	2004	219
5259	15	4973	040
3066	23	2982	047
1414	1	123	114
135	18	1470	203
802	1	122	065
1387	1	1210	119
135	18	9133	221
368	1	369	037
1414	1	123	101
1453	1	419	149
1521	1	148	104
5356	15	4973	025
1117	1	148	154
135	18	9133	206
9144	18	137	203
1188	1	953	135
2404	8	2405	200
1453	15	4973	115
1224	1	1210	103
2373	8	2374	172
1168	1	953	049
1545	1	148	090
2200	9	2713	082
2362	8	2361	182
1042	18	570	222
829	15	5088	147
802	1	122	074
492	1	493	065
1417	1	778	074
1049	1	148	071
1179	1	953	064
6529	23	3023	083
1042	18	1051	218
2320	8	2321	230
265	1	125	067
1491	1	126	102
5018	15	4973	018
