2116	6	2018	092
3808	14	3711	109
3756	14	3757	062
588	6	30	114
1902	23	3074	007
2911	10	2720	127
2007	6	2008	070
2584	9	2482	154
2090	6	115	159
19	6	2044	144
3068	23	3027	064
1931	6	116	130
1110	15	5120	137
2010	6	2018	144
2681	9	2476	074
428	15	5024	160
1947	6	405	098
3208	12	2120	080
2119	6	2045	037
3756	14	3741	060
205	15	4990	107
2909	9	2720	034
284	1	189	101
2909	9	2593	149
205	15	4990	050
1866	12	170	082
2003	6	30	118
2119	6	2008	055
2077	6	2061	001
2119	6	2120	148
396	6	29	139
88	1	90	111
796	15	4990	079
9283	20	6012	123
3232	12	29	131
4582	14	3794	099
2637	14	4535	094
4393	14	3495	159
8863	17	5816	091
1851	9	2520	157
2923	10	2924	129
659	1	341	139
2874	9	2476	000
44	6	29	147
2	6	30	092
83	1	58	149
2008	15	4988	022
796	15	4990	111
8779	23	2989	085
3739	14	3496	017
2663	17	5816	147
2582	9	2520	089
478	1	444	155
8529	23	2989	139
3225	23	2989	065
2903	11	3089	158
2020	6	2018	136
2717	9	2517	151
2809	9	2705	142
588	6	30	110
28	1	29	153
771	1	629	114
260	1	189	092
114	1	116	018
2726	20	6012	147
172	1	402	065
921	1	30	091
3225	23	2938	068
2845	14	3956	082
8824	23	2977	028
2909	9	2593	073
2917	9	2593	154
2911	10	2720	125
2744	9	2593	125
2909	9	2720	094
2080	6	115	141
8529	23	2989	094
2094	6	2040	119
8301	23	3060	034
478	1	444	070
1902	23	3074	013
3206	12	2120	149
2121	6	405	116
6243	17	5818	033
3106	11	3087	039
921	6	30	065
2105	6	2027	159
2663	17	5816	146
4885	17	8813	041
1871	12	2155	090
2586	9	2482	157
2141	6	171	150
3064	23	12505	051
2785	9	2520	106
2017	6	2008	071
2006	6	29	052
3170	17	6704	156
3216	12	2155	032
2812	9	2517	089
2121	6	402	144
3232	12	29	032
1983	6	405	106
2127	6	171	100
2077	6	2061	018
2917	9	2593	128
1931	6	116	020
2744	9	2593	115
2074	6	405	095
1110	15	5120	121
381	6	405	062
198	1	189	039
1588	1	276	147
796	15	4990	071
446	1	259	078
8571	23	12518	078
196	1	189	022
2911	9	2482	077
1889	23	2922	158
921	1	30	083
588	6	30	016
2006	6	29	063
2178	6	30	117
3068	23	3027	052
19	6	2009	125
399	6	171	148
15	1	797	157
2126	6	625	154
488	1	30	110
2723	9	2517	114
2102	6	2040	114
2102	6	2040	130
8779	23	2989	026
88	1	90	024
3866	14	3487	158
428	6	402	139
2	1	3	158
211	1	189	089
2589	9	2517	158
1473	1	114	132
212	1	189	068
4520	14	3496	007
2809	17	5935	123
2812	10	2924	088
796	15	4990	130
3225	12	2155	160
196	1	189	036
44	6	30	091
4885	17	8813	079
115	15	4969	161
2917	9	2593	126
284	6	2040	105
2917	9	2593	148
9036	17	6066	160
2140	6	2045	010
4036	14	3498	105
2809	17	5817	094
40	6	1439	145
3205	12	2055	134
2021	6	402	139
428	15	5024	135
1922	6	2061	059
195	1	189	051
762	1	28	153
3187	23	12518	142
3197	12	2120	105
2681	9	2476	080
2632	9	2476	146
2693	14	3468	155
1931	6	116	072
480	15	4990	032
1947	6	405	090
2909	9	2593	115
2822	14	3475	124
198	1	189	114
4691	14	3860	032
771	6	29	142
2809	17	5816	117
195	1	189	147
2916	9	2517	099
2811	9	2517	135
2511	9	2517	141
2119	6	2045	095
40	6	1439	135
431	1	189	083
199	1	189	068
198	1	189	018
428	15	5024	118
1975	6	625	138
196	1	189	158
1922	6	2061	013
2157	6	2120	145
44	6	30	097
3106	11	3087	037
2655	20	7092	140
1975	6	2008	045
172	1	402	129
2021	6	402	138
198	1	189	061
169	1	173	100
1945	6	170	159
114	1	116	044
771	6	30	083
2644	10	2924	067
4393	14	3495	154
2030	6	2045	014
733	1	731	055
771	1	629	117
8779	23	2989	056
169	1	173	124
2629	9	2520	106
211	1	189	133
2744	10	2924	093
8204	23	2989	040
3225	23	2989	023
8863	17	5817	088
3214	12	2120	084
4	1	5	105
2615	9	2593	124
2615	9	2476	148
3093	23	12538	052
2069	6	2018	113
2006	6	29	061
2883	9	2482	150
213	1	189	040
2693	11	3087	114
8529	23	2989	144
212	1	189	107
1003	1	589	151
2809	17	5818	139
2037	6	2009	132
3068	23	3027	115
1975	6	2008	072
2917	10	2942	064
2074	6	402	144
2911	9	2482	152
4586	14	4587	112
3034	14	3956	159
2615	9	2517	156
2895	9	2517	150
2020	6	2009	083
919	1	921	103
381	6	405	053
3143	11	3087	017
1110	15	5120	140
213	1	189	108
2615	9	2476	127
1922	6	2061	035
771	6	30	018
2006	6	29	075
188	1	189	032
2126	6	2009	095
284	6	2045	011
588	6	30	048
2126	6	2008	036
2663	17	5935	137
2688	9	2517	122
3143	11	3087	099
675	15	4990	000
2101	6	285	001
212	1	189	069
3106	11	3087	159
3106	11	3087	098
2059	6	2061	012
2017	6	2009	090
2693	12	28	026
2020	6	2009	087
2101	6	2008	035
3068	23	3027	022
44	1	550	132
2663	17	5816	140
2874	9	2476	030
1975	6	2008	050
172	1	402	002
675	6	171	149
381	6	405	098
195	1	189	013
478	1	444	138
2615	9	2517	144
8863	17	5817	118
205	15	4990	074
2791	9	2476	113
8301	23	3060	062
8957	23	2922	036
381	6	405	050
2845	9	2518	088
2168	6	173	074
2809	17	5818	113
260	1	189	022
3064	23	12505	100
172	1	402	135
1912	6	259	056
2149	6	29	142
2129	6	30	047
2102	6	2040	128
2663	17	5817	141
1110	15	5120	043
196	1	189	031
1912	6	259	081
629	1	30	002
1429	6	30	049
381	1	405	125
113	6	30	115
381	6	405	084
446	1	405	121
211	1	189	055
2644	9	2593	057
2102	6	2040	121
2655	9	2482	145
2874	9	2476	064
8571	23	12518	061
3225	23	2938	073
2903	11	3089	011
2723	9	2517	155
2809	17	5817	119
399	6	171	157
11201	22	10030	151
2017	6	2018	157
3187	23	12518	133
2102	6	2008	051
1429	6	30	089
2157	6	2120	114
199	1	189	006
2845	14	3956	143
100	6	30	101
19	6	2008	041
3208	12	2120	084
2681	9	2476	078
3032	10	2940	101
4036	14	3498	005
211	1	189	041
8863	17	5817	035
480	15	5067	113
1958	6	2009	116
211	1	189	104
729	1	731	075
2080	6	116	117
3218	12	2018	136
100	6	30	079
2119	6	2008	080
2792	9	2578	133
19	6	2009	129
2074	6	402	142
2	6	30	048
2172	6	2009	087
11201	22	11202	137
1110	15	5120	151
2516	9	2517	144
2003	6	30	124
2007	6	2008	031
3208	12	2120	151
2582	9	2520	101
2809	17	5817	115
2105	6	30	111
3143	11	3087	090
40	6	1439	085
4	1	5	050
771	1	629	033
921	6	30	080
2681	9	2476	151
3106	11	3087	002
2	6	30	042
2127	6	171	139
1931	6	116	134
44	6	30	096
197	1	189	149
1110	15	5120	069
1473	1	114	146
3187	23	12518	067
3206	12	2120	118
2717	9	2517	157
2917	9	2593	068
3233	23	2977	139
4534	14	4535	107
211	1	189	012
8824	23	2977	056
2127	6	171	001
2770	9	2482	150
1983	15	5024	110
2102	6	2040	156
2126	6	625	150
2172	6	2009	081
2809	17	5818	095
2008	15	4988	044
2140	6	2008	066
1956	6	2040	154
260	1	189	124
2632	9	2517	123
1947	6	173	061
2809	17	5817	137
2719	10	3016	127
2632	9	2476	126
3187	23	12518	058
2116	6	2061	005
2178	6	2027	161
2101	6	2040	158
3064	23	12505	047
3225	23	2989	122
3208	12	2120	148
799	1	766	151
8529	23	2989	116
2688	9	2517	113
3218	12	2018	056
2693	12	28	092
88	1	90	084
3032	10	2940	078
2124	6	115	153
729	1	731	060
2069	6	2018	090
2582	9	2520	141
3157	11	3095	152
3200	17	5816	109
2074	6	405	122
3211	12	2120	092
2909	9	2593	130
675	15	5120	094
19	6	2009	086
8282	23	12519	036
8301	23	3060	095
2069	6	2018	111
2911	10	2720	118
396	6	30	104
2693	11	3087	117
15	1	797	159
396	6	30	110
2172	6	2008	059
675	6	402	147
3233	12	2009	112
2629	9	2520	114
2744	9	2593	145
2632	9	2476	133
3218	12	2018	118
114	1	115	158
2785	9	2593	079
2138	6	2008	047
2911	9	2482	082
3068	23	3027	093
742	1	748	099
3225	23	2938	043
3093	23	12538	127
2006	6	29	126
2006	6	29	072
3190	12	2120	160
2003	6	2019	140
2774	11	3107	156
921	1	46	138
3208	12	2120	157
205	15	4990	130
8154	20	7092	122
446	1	405	114
188	1	189	006
2119	6	2104	018
199	1	189	041
1947	6	173	050
3187	23	12518	094
2080	6	115	146
659	15	5024	161
2785	9	2593	150
2681	9	2476	148
3021	10	2924	076
40	6	1439	078
2744	9	2593	095
199	1	189	152
2761	9	2517	118
2129	6	30	119
2917	9	2593	150
213	1	189	098
114	1	116	114
2010	6	2018	139
2126	6	2008	068
2785	9	2520	111
2530	14	3431	071
2629	9	2520	128
588	6	1560	005
3021	10	2924	079
921	6	30	106
2723	9	2517	137
2059	6	2061	081
2874	9	2476	153
399	1	171	152
284	1	189	124
169	6	405	119
1975	6	2008	067
213	1	189	122
2644	9	2593	064
2140	6	2018	155
114	1	116	061
2785	9	2520	126
169	6	405	095
1473	1	114	130
3143	11	3087	153
2632	9	2476	140
2	6	30	059
1588	6	30	058
195	1	189	159
2845	9	2518	104
2127	6	171	011
3216	12	2155	102
431	1	189	079
2812	9	2517	137
4	1	5	035
1922	6	2061	009
1975	6	2009	125
1588	6	30	029
2074	6	405	111
260	1	189	111
3200	12	2055	122
919	1	921	027
1588	6	30	044
8957	23	2922	006
205	15	4990	094
88	1	90	058
2127	6	171	151
2979	10	2924	137
2530	14	3431	014
215	1	189	116
3206	14	4739	069
2006	6	29	080
1894	23	2920	131
8957	23	2922	112
2785	9	2593	151
794	1	478	132
4586	17	5817	131
1473	1	114	096
2808	10	2924	076
675	6	405	123
428	6	259	040
2723	9	2482	157
2693	12	28	091
215	1	189	151
2080	6	116	043
284	6	2045	012
1983	15	5024	125
1957	6	171	152
2644	9	2593	113
381	1	405	094
771	6	29	137
2	6	30	106
28	9	29	142
1110	15	5120	024
4281	14	4155	095
2101	6	285	000
1957	6	173	038
2874	9	2476	016
3218	12	2018	107
8957	23	2922	070
2867	9	2588	138
2822	14	3475	135
1894	23	2920	034
260	1	189	146
2632	9	2517	134
794	1	478	145
2773	9	2517	142
3204	12	170	157
2769	9	2476	121
2059	6	2061	090
4586	17	5816	160
284	6	2040	135
2629	9	2520	100
1866	12	170	100
480	15	4990	124
729	15	4990	088
8301	23	3060	072
399	6	402	135
2809	17	5818	118
2644	10	2924	060
729	15	4990	159
1959	6	2009	113
2874	9	2476	085
1957	6	173	074
1865	20	6706	152
113	6	30	128
3051	10	2924	022
2916	9	2517	125
199	1	189	097
428	15	5024	148
113	6	30	010
211	1	189	023
8759	20	6706	138
729	1	731	064
2140	6	2009	117
2911	10	2940	081
2124	6	116	100
40	1	41	018
2632	9	2476	111
2008	9	259	069
2592	9	2593	142
205	6	30	055
1956	6	2095	024
2909	9	2593	066
1958	6	2061	054
2074	6	405	120
2644	9	2593	084
2172	6	2009	130
169	6	402	136
3032	10	2940	087
2681	9	2476	073
195	1	189	016
1110	15	5120	017
196	1	189	030
771	1	629	120
2809	17	5935	117
2744	9	2593	146
629	1	30	090
629	1	30	071
2119	6	2045	002
8863	17	5935	068
44	6	30	043
3216	12	2155	069
2080	6	116	077
381	6	405	122
172	1	402	038
2637	9	2593	137
172	1	171	152
1429	6	30	083
675	15	5120	029
3178	11	3087	141
1894	23	2920	078
381	6	405	093
1957	6	405	108
1931	6	116	111
2916	9	2517	132
2895	9	2517	151
2663	9	2588	150
211	1	189	125
2584	9	2482	153
428	6	405	110
4582	14	3793	138
2030	6	2009	107
733	1	731	075
4659	14	3512	073
1983	6	405	089
1902	23	3074	023
3190	12	2120	142
2138	6	2009	105
215	1	189	063
4940	14	3426	158
40	6	2114	004
2101	6	2040	118
2003	6	30	094
2140	6	2008	053
2798	9	2505	131
381	1	405	099
1959	6	2009	123
1588	1	276	151
729	1	731	069
3924	14	3925	087
2583	9	2476	130
2911	9	2482	131
2007	6	2009	110
2119	6	2045	047
2481	9	2482	125
1912	6	405	105
675	15	5120	042
1975	6	2009	089
2094	6	2040	135
2589	9	2517	159
1945	6	171	154
100	6	29	136
381	6	405	118
3170	11	3087	155
488	1	30	123
2077	6	2060	096
509	6	2146	155
2080	6	116	066
675	15	4990	149
4036	14	3498	161
2102	6	2040	158
480	1	481	152
3032	10	2940	070
213	1	189	150
2909	9	2593	120
2770	9	2482	127
4582	14	3794	101
8282	23	12519	092
4654	14	3786	111
2069	6	2018	154
1975	6	2009	082
8529	23	2989	149
2769	9	2476	149
2	6	30	100
198	1	189	017
3064	23	12505	120
2693	12	28	076
199	1	189	003
198	1	189	158
2157	6	2120	142
3204	12	170	155
742	15	4990	135
8949	23	12518	113
1871	12	2155	119
588	6	30	068
2105	6	2027	139
2883	9	2517	137
211	1	189	158
2663	17	5816	131
733	1	731	081
396	6	30	025
1959	6	2009	115
1473	1	114	021
55	6	29	152
2010	6	2008	038
1433	9	2486	159
1959	6	2009	124
8282	23	12519	040
729	1	731	146
1866	12	170	117
2632	9	2476	135
3206	12	2120	110
675	15	4990	021
2769	9	2476	077
1473	1	114	050
2124	6	116	067
2172	6	2009	093
2172	6	2008	038
742	15	4990	129
2080	6	117	006
1429	6	173	016
2845	10	2977	130
2157	6	2120	125
3068	23	3027	020
2605	9	2476	145
3225	23	2989	064
2530	9	2517	153
88	1	90	020
19	6	2009	124
4036	14	3498	057
480	15	4990	144
6170	17	6171	063
88	6	30	033
2770	9	2540	144
381	1	259	066
3190	12	2120	103
2172	6	2008	029
2102	6	2040	140
2911	10	2720	147
2655	9	2482	150
8759	20	6780	141
211	1	189	074
10751	22	9859	148
2637	9	2593	094
2615	9	2476	110
4	1	5	019
2511	9	2517	152
2003	6	2019	154
2094	6	2095	020
8863	17	6190	134
197	1	189	113
172	1	171	155
2105	6	30	075
2077	6	2018	142
1860	9	2517	154
19	6	2044	154
446	1	259	053
2845	10	2977	093
3064	23	12505	044
100	6	30	057
8204	23	2989	070
2845	10	2977	161
3225	23	2989	019
113	6	30	014
1922	6	2018	140
213	1	189	152
1429	6	173	007
3229	12	29	158
2845	10	2977	146
2008	9	259	035
1931	6	116	086
7881	17	6780	160
3225	23	2989	125
2615	9	2593	126
2010	6	2008	070
798	1	589	151
8863	17	5935	082
2822	9	2529	120
9431	20	5762	152
4	1	5	047
2511	9	2517	139
2909	9	2720	048
396	6	30	121
284	6	285	001
396	6	29	161
2035	6	625	135
1429	6	173	018
2688	9	2517	114
771	6	30	010
8282	23	12519	071
2792	9	2578	138
1866	12	170	027
2124	6	116	075
675	15	5120	109
4036	14	3498	047
1866	12	170	050
2909	9	2593	116
2010	6	2009	116
2809	17	5818	110
1983	6	405	085
1871	12	170	132
8863	17	5816	077
3216	12	2155	145
2909	9	2593	129
2909	9	2593	005
8492	20	6706	120
2059	6	2061	073
2530	9	2517	146
2006	6	29	033
4885	17	8813	029
2681	9	2476	095
2874	9	2476	107
284	1	189	108
100	6	30	037
3143	11	3087	041
188	1	189	100
2903	11	3089	063
8863	17	5935	129
2138	6	2018	138
55	6	30	104
2080	6	116	089
2637	9	2593	152
88	1	90	105
2119	6	2045	014
2	6	30	130
2785	9	2593	096
3232	12	29	122
44	1	46	142
2080	6	116	070
2917	9	2593	077
1894	23	2920	129
2663	17	5818	139
2583	9	2476	149
2744	9	2593	133
2629	9	2520	101
3233	12	2009	129
2140	6	2045	008
3197	12	2055	127
2592	9	2593	135
2693	12	28	086
3204	12	170	161
3217	12	28	109
4036	14	3498	082
2867	9	2588	127
8957	23	2922	125
2880	9	2517	116
2791	9	2476	010
2035	6	625	158
2812	10	2924	078
8863	17	5935	098
2140	6	2045	006
8529	23	2989	117
188	1	189	061
4582	14	3794	118
2010	6	2008	075
2144	6	2009	093
675	6	405	089
1588	6	30	019
2785	9	2593	130
2007	6	2018	160
3229	12	29	154
2663	9	2476	150
3187	23	12518	057
8957	23	2922	005
2693	14	3468	146
675	15	5120	092
205	15	4990	043
195	1	189	023
2632	9	2517	127
1871	12	170	141
742	1	748	113
2808	9	2517	087
2903	11	3089	084
733	1	731	136
2094	6	2040	137
2909	9	2593	039
2917	9	2593	146
2110	6	171	159
2663	17	6190	138
2020	6	2008	040
2129	6	30	131
444	1	405	118
100	6	30	085
2615	9	2593	154
431	1	189	129
2629	9	2520	129
2102	6	2040	079
3032	10	2940	111
1473	1	114	134
2129	6	30	002
83	1	58	145
199	1	189	134
1956	6	2008	061
2909	9	2593	112
488	1	30	099
2589	14	4898	126
771	1	629	140
2129	6	30	082
2119	6	2045	107
2809	17	5817	097
2663	17	5816	130
2785	9	2593	127
8863	17	5816	069
2770	9	2540	145
8957	23	2922	105
2663	17	5935	145
1900	10	3043	139
1931	6	116	023
2059	6	2061	037
2059	6	2060	155
2785	9	2593	142
3197	12	2120	096
4602	14	3496	143
1902	23	3074	048
212	1	189	151
2030	6	2045	006
2102	6	2008	054
659	1	341	105
2909	9	2593	126
2003	6	2019	131
2927	10	2929	137
2006	6	29	012
1433	9	2490	159
1983	6	405	122
8863	17	5818	087
2845	9	2518	098
3206	12	2120	084
2845	14	3956	142
2059	6	2061	028
205	15	4990	038
2909	9	2593	020
2030	6	2009	119
3635	14	3636	160
1922	6	2018	107
197	1	189	029
3093	23	12538	066
2917	10	2942	120
2883	9	2517	103
4	1	5	057
1959	6	2018	139
2102	6	2040	146
2141	6	402	134
2074	6	405	090
2105	6	30	005
19	6	625	155
446	1	259	055
1902	23	3074	143
2586	9	2482	154
3232	12	29	061
478	1	444	144
2094	6	2040	147
2927	10	2932	143
588	6	30	050
8282	23	12519	144
675	15	4990	076
1959	6	2008	078
2587	9	2588	144
2845	9	2518	101
2080	6	115	159
340	6	402	138
4534	14	4535	095
2582	9	2520	102
199	1	189	036
1902	23	3074	113
2637	9	2593	129
2911	10	2940	147
2809	9	2705	112
3064	23	12505	004
6929	20	6706	138
2916	9	2517	147
197	1	189	126
2808	10	2924	088
205	15	4990	034
2059	6	2061	074
114	1	115	138
2911	9	2482	101
2007	6	2009	130
4885	17	8813	063
480	15	4990	127
8863	17	5817	143
8824	23	2977	151
2126	6	2008	056
1975	6	625	158
195	1	189	034
2769	9	2476	152
3106	11	3087	053
3208	12	2120	159
9288	20	5762	118
205	6	2019	157
2880	9	2517	121
2615	9	2517	124
399	1	405	089
8301	23	3060	002
188	1	189	102
197	1	189	079
2138	6	2018	147
3200	12	2055	108
2090	6	116	080
28	6	29	142
2	6	2061	003
2644	9	2593	129
588	6	589	140
480	15	4990	116
2008	15	4988	075
40	6	1439	140
2909	9	2720	064
480	15	4990	094
113	6	46	136
2020	6	2009	126
2006	6	29	015
2927	10	2930	152
733	1	731	076
381	6	405	037
3216	12	2155	056
2	6	30	066
198	1	189	049
2131	6	2009	112
2769	9	2476	118
2026	6	30	075
3217	12	28	101
1956	6	2040	152
2105	6	30	096
2717	9	2517	148
1866	12	170	000
2	6	30	112
2867	9	2517	141
2017	6	2008	067
2030	6	2008	055
2059	6	2060	126
1922	6	2061	092
2119	6	2008	036
2003	6	30	080
381	1	259	042
2909	9	2720	113
8824	23	2977	023
2809	17	5935	125
629	1	30	069
3187	12	2055	149
3187	23	12518	134
2911	10	2720	111
2516	9	2517	107
1871	12	2155	045
2867	9	2588	117
629	1	30	014
195	1	189	145
3068	23	3027	155
2587	9	2588	057
1983	15	5024	115
675	15	5120	133
1956	6	2040	148
3208	12	2120	109
40	6	1439	058
2909	9	2720	063
3225	23	2989	075
8779	23	2989	052
2020	6	2008	070
3143	11	3087	107
2917	9	2593	151
2077	6	2061	044
4885	17	8813	077
8863	17	5816	121
2629	9	2520	117
1931	6	116	069
446	1	259	031
1429	6	30	099
428	6	259	033
3032	10	2940	107
431	1	189	118
1912	6	259	031
2909	9	2720	097
2017	6	2008	076
2663	17	5817	132
3769	14	3752	050
4885	17	8813	095
28	9	29	144
2138	6	2045	007
2587	9	2588	103
88	1	90	085
205	15	4990	000
2105	6	30	068
2127	6	171	021
4586	17	5818	116
2030	6	2008	051
197	1	189	110
8529	23	2989	074
1959	6	2008	071
215	1	189	015
83	6	29	140
2909	9	2593	015
2020	6	2008	032
2909	9	2593	095
3225	23	2989	066
3064	23	12505	110
3232	12	29	128
4582	14	3794	035
3200	12	2055	126
2917	10	2942	069
114	1	115	144
284	1	189	128
2077	6	2060	118
4393	14	3496	147
205	6	2038	011
3217	12	28	019
2119	6	2008	045
2845	9	2518	103
2026	6	30	107
796	15	4990	097
8204	23	2989	109
3211	12	2120	154
2121	6	2122	017
2105	6	30	087
2895	9	2517	137
1866	12	170	125
213	1	189	125
3190	14	4363	075
3143	11	3087	064
1902	23	3074	092
2149	6	29	152
2629	9	2520	107
2785	9	2593	099
2663	17	5935	135
215	1	189	149
446	1	405	123
1956	6	2040	160
2812	9	2517	158
113	6	30	094
169	1	172	137
2798	9	2505	147
205	6	30	098
2874	9	2476	044
2102	6	2040	113
3214	12	2120	119
1588	6	30	048
8863	17	5817	084
169	6	173	069
2770	9	2482	125
2530	14	3431	150
3232	12	29	013
1588	6	29	160
2127	6	171	110
2003	6	30	058
3225	12	2155	131
2867	9	2517	133
399	1	402	141
2587	9	2476	074
2615	9	2517	095
2530	9	2476	161
88	6	30	041
4586	14	4587	116
211	1	189	008
3068	23	3027	150
8824	23	2977	095
1947	6	173	074
2744	9	2593	159
8441	20	7092	161
2584	20	6780	144
8863	17	5818	116
2090	6	116	127
1110	15	5120	142
399	1	405	110
4036	14	3498	072
919	1	921	032
1902	23	3074	161
2183	9	2490	161
588	6	30	096
1958	6	2009	109
2917	9	2593	110
798	1	1503	139
3233	23	12521	153
2101	6	2040	084
8301	23	3060	032
212	1	189	161
1588	6	29	140
478	1	444	061
478	1	444	002
340	6	402	144
8204	23	2989	072
104	1	74	156
3197	12	2120	114
428	6	2055	025
3225	12	2155	152
7447	20	6780	157
919	1	921	088
2587	9	2588	156
1912	6	402	144
1894	23	2920	081
921	6	30	048
3200	17	5817	099
2102	6	2008	066
4953	14	3523	098
196	1	189	011
396	6	29	160
2798	9	2505	149
1912	15	5024	116
205	6	30	058
2655	9	2482	153
480	15	4990	080
8863	17	6190	152
1912	6	171	151
2909	9	2593	057
3159	23	3012	136
1588	6	30	069
7553	20	5762	136
284	6	2008	019
1902	23	3074	000
2845	10	2977	101
2	1	3	157
588	6	30	120
4036	14	3498	142
2761	9	2517	138
478	1	444	121
198	1	189	131
2909	9	2593	114
2663	17	5935	149
7382	20	6012	137
1902	23	3074	151
2021	6	171	155
3218	12	2018	086
2909	9	2593	096
3143	11	3087	021
2172	6	2018	150
8708	23	12505	130
2010	6	2009	114
1429	6	173	020
213	1	189	157
2867	9	2588	151
2090	6	116	053
1947	6	405	096
2101	6	2040	142
381	6	405	067
213	1	189	028
2101	6	2045	018
205	15	4990	134
2693	17	5952	157
1894	23	2920	042
8529	23	2989	112
8571	23	12518	080
2812	9	2517	095
3143	11	3087	103
169	6	173	038
4659	14	3793	074
3216	12	2155	073
428	15	5024	110
205	6	30	024
794	1	478	130
211	1	189	033
2845	10	2977	110
2126	6	625	136
2773	14	3636	091
205	6	30	052
2080	6	116	037
8301	23	3060	122
659	1	341	107
215	1	189	011
396	6	30	059
198	1	189	115
2026	6	30	050
3211	12	2120	081
8863	17	5816	066
2007	6	2009	111
2056	15	4988	006
2094	6	2040	076
396	6	30	107
2140	6	2009	129
260	1	189	160
1956	6	2009	092
205	15	4990	082
2090	6	117	007
2770	9	2482	107
3232	12	29	062
172	1	402	069
659	1	341	136
3216	12	2155	096
1957	6	402	146
1871	12	2155	055
1956	6	285	006
771	1	629	099
2681	9	2476	063
1922	6	2061	072
1911	23	12505	101
2812	9	2517	114
2923	10	2924	123
3011	14	3906	157
2008	9	259	048
3232	12	29	080
3190	12	2120	084
4659	14	3793	072
3815	14	3779	073
212	1	189	154
2822	14	3475	123
381	1	405	157
1473	1	114	052
4582	14	3794	084
2105	6	30	046
742	1	748	127
2723	9	2517	144
2119	6	2008	046
399	6	402	137
2131	6	2008	059
211	1	189	152
2589	9	2517	153
2003	6	30	104
3233	23	2977	133
2791	9	2476	123
1958	6	2170	145
2090	6	116	104
675	15	4990	071
1110	15	5120	051
8282	23	12519	137
1871	12	2155	013
197	1	189	101
3225	23	2989	108
2059	6	2060	127
1931	6	116	119
6884	17	6171	035
83	1	58	139
771	1	629	104
1588	6	30	116
3225	23	2989	063
1429	6	30	126
2911	9	2482	141
1429	6	30	124
2141	6	171	148
2903	11	3089	073
2116	6	2018	150
340	1	381	126
381	6	405	107
2637	9	2593	133
19	6	2008	022
2874	9	2476	072
2102	6	285	008
1956	6	2009	088
2059	6	2061	082
3211	12	2120	116
100	6	30	106
213	1	189	004
114	1	117	001
733	1	731	151
431	1	189	089
3190	12	2120	124
3218	12	2018	068
2116	6	2061	041
114	1	117	005
2615	9	2517	151
1429	6	30	095
2105	6	30	016
2105	6	30	001
2637	9	2593	124
2592	17	6268	088
3756	14	3495	066
2761	9	2517	129
3225	12	2155	150
2090	6	116	015
2911	10	2720	088
8863	17	6190	079
2131	6	2009	103
2845	14	3956	126
2	6	2061	015
796	15	4990	156
2140	6	2018	142
2798	9	2505	148
8529	23	2989	130
2126	6	625	149
100	6	30	090
4586	17	5818	143
2909	9	2593	084
3769	14	3496	045
4684	14	3980	154
4582	14	3794	108
2105	6	30	036
2127	6	171	037
2845	9	2518	119
2845	10	2977	149
2127	6	171	123
2119	6	2045	111
2770	9	2482	161
2911	10	2940	148
3157	11	3107	153
8957	23	2922	113
733	1	731	141
197	1	189	063
1110	15	5120	093
2003	6	30	128
8863	17	5816	098
3216	12	2155	118
2681	9	2476	051
2116	6	2018	119
1956	6	2040	147
478	1	444	105
44	6	30	126
83	6	29	153
431	1	189	040
3190	12	2120	136
2845	10	2977	091
4586	17	5818	158
113	6	29	150
284	1	189	094
399	6	171	155
2530	14	3431	158
2516	9	2517	143
3064	23	12505	133
8571	23	12518	111
4885	17	8813	146
3064	23	12505	152
2035	6	2009	105
3143	11	3087	147
44	6	30	024
431	1	189	026
1959	6	2009	088
8863	17	6190	102
8779	23	2989	048
2116	6	2018	156
1912	15	5024	130
2131	6	2018	149
1947	6	173	030
1957	6	405	085
2723	9	2482	127
2785	9	2520	130
2140	6	2045	016
2131	6	2009	093
2090	6	116	068
3068	23	3027	151
8983	17	6791	070
1866	12	170	081
198	1	189	152
2129	6	30	107
488	1	30	103
198	1	189	084
509	6	30	110
55	6	30	116
2007	6	2009	095
1975	6	2009	107
796	15	4990	054
1983	6	405	132
100	6	30	081
1110	15	5120	086
771	1	629	072
2172	6	2018	157
2809	9	2705	107
2773	9	2517	099
2105	6	30	041
2138	6	2045	017
3225	23	2989	114
212	1	189	073
2119	6	2045	030
1975	6	2008	062
3142	14	3793	063
3211	12	2120	087
629	1	30	054
1947	6	173	020
2605	9	2476	152
1902	23	3074	011
215	1	189	079
3784	14	3785	154
3206	12	2120	095
2909	9	2720	057
2144	6	2018	147
1871	12	2155	078
588	6	589	146
2693	11	3087	133
729	15	4990	132
1945	6	171	152
44	6	30	106
2026	6	30	104
2909	9	2720	083
1957	6	402	138
2903	11	3089	153
2530	14	3431	145
1866	12	170	111
2105	6	2027	158
2507	9	2476	148
2129	6	30	011
4646	14	3510	136
2101	6	2040	126
2587	9	2588	079
675	15	4990	154
88	1	90	060
44	6	30	003
588	6	30	069
19	6	2044	143
4586	17	5935	156
2126	6	2009	094
2663	17	5935	153
745	1	747	159
2744	9	2593	141
588	6	30	095
1894	23	2920	141
3106	11	3087	134
1588	6	30	081
2629	9	2520	115
3225	23	2938	103
1860	9	2517	145
2822	9	2529	136
199	1	189	143
2017	6	2008	025
198	1	189	069
2	6	2061	005
2119	6	2045	115
8957	23	2922	086
2809	17	5817	157
3211	12	2120	147
2030	6	2008	060
8204	23	2989	135
2101	6	2008	047
28	1	29	154
2874	9	2476	088
1110	15	5120	102
2845	14	3956	146
675	15	4990	105
2663	9	2588	137
2655	17	6403	153
8767	20	7092	141
8957	23	2922	097
1957	6	405	093
2911	10	2720	086
8863	17	5817	075
2069	6	2018	082
446	1	171	150
4	1	5	106
2010	6	2008	042
1110	15	5120	094
2909	9	2720	062
1110	15	5120	155
3187	12	2055	112
3032	10	2940	144
2693	12	28	072
2006	6	29	079
2010	6	2009	131
2021	6	171	158
4733	14	3496	137
2663	17	5816	143
1979	6	30	115
100	6	28	135
2845	9	2518	125
2117	6	2032	134
2059	6	2061	054
1931	6	116	080
4615	14	3496	091
729	1	731	089
2845	10	2977	116
3106	11	3087	062
629	1	30	109
2102	6	2008	072
2770	9	2540	153
3064	23	12505	139
2080	6	116	022
2530	14	3431	090
40	6	1439	047
3178	11	3087	153
196	1	189	016
588	6	30	097
2791	9	2476	062
1910	14	3956	150
480	15	5067	112
399	1	405	100
8529	23	2989	115
2693	12	28	060
733	1	731	084
88	6	30	055
172	1	402	094
3844	14	3496	067
4586	14	4587	114
1931	6	116	108
215	1	189	126
4885	17	8813	026
2681	9	2476	088
2129	6	30	097
2911	10	2940	152
444	1	405	132
3064	23	12505	132
431	1	189	135
3218	12	2018	109
169	6	173	001
8824	23	2977	097
1958	6	2170	136
2909	9	2593	097
2693	12	28	056
4111	14	3496	071
2615	9	2476	125
198	1	189	063
2149	6	29	157
659	1	341	064
2020	6	2008	065
2126	6	2009	118
1003	1	589	144
2127	6	171	043
4602	14	3496	153
2101	6	2040	097
1947	6	173	051
88	1	90	091
8529	23	2989	071
2138	6	2009	113
381	1	405	121
4582	14	3794	000
1983	15	5024	122
3217	12	28	036
2131	6	2018	153
2874	9	2476	075
4582	14	3794	012
8863	17	5818	101
2172	6	2009	094
2110	6	171	158
771	6	30	121
2792	9	2578	150
2129	6	30	054
211	1	189	090
2007	6	2008	021
2911	17	5762	116
213	1	189	047
3866	14	3487	079
629	1	28	132
2094	6	2040	121
3200	12	2055	151
2077	6	2061	015
2003	6	2038	016
2	6	30	110
2037	6	2009	131
1902	23	3074	102
1945	6	171	150
8282	23	12519	063
2629	9	2520	144
399	6	402	139
921	6	30	124
2020	6	2009	112
675	15	4990	088
195	1	189	144
3216	12	2155	015
113	6	29	138
211	1	189	131
3233	23	12521	145
2138	6	2045	001
172	1	402	020
2769	9	2476	083
198	1	189	111
2003	6	30	093
2530	14	3431	079
284	6	2040	112
2587	9	2476	130
1947	6	173	033
3225	23	2938	020
3206	12	2120	107
921	1	30	112
55	6	30	013
3208	12	2120	087
3232	12	29	019
100	6	30	112
3233	23	12521	139
9179	20	5762	117
196	1	189	077
1957	6	170	160
2483	9	2518	147
921	6	30	123
3064	23	12505	064
1429	6	30	128
2007	6	2008	018
6986	17	6987	152
1429	6	30	092
2811	9	2517	142
509	6	30	030
1912	6	171	149
2883	9	2482	157
4586	14	4587	138
284	6	2040	160
2059	6	2061	071
2629	9	2520	099
1429	6	30	117
3216	12	2155	031
284	6	2040	081
2172	6	2018	141
2903	11	3089	066
1473	1	114	085
396	6	29	145
1931	6	116	031
196	1	189	067
2693	12	28	116
488	1	30	083
2007	6	2008	034
1871	12	2155	131
114	1	116	019
260	1	189	139
2663	17	6190	143
3093	23	12538	000
169	1	171	157
2055	9	2490	159
1866	12	170	132
771	1	772	157
2637	9	2593	144
1912	6	171	150
396	6	29	144
2511	9	2476	144
8301	23	3060	139
3217	12	28	002
4	1	5	068
2077	6	2060	099
8571	23	12518	103
1945	6	405	100
675	15	5120	150
8571	23	12518	086
2010	6	2008	028
1959	6	2008	040
381	6	405	089
2911	9	2482	074
733	1	731	160
8863	17	6190	065
261	1	262	016
83	6	29	149
675	15	5120	160
2719	9	2720	161
4885	17	8813	075
729	1	731	111
2126	6	2045	000
2124	6	115	148
3225	23	2938	087
2644	9	2593	142
2010	6	2008	054
1958	6	2009	113
2587	9	2588	093
3200	12	2055	136
2911	10	2720	161
8301	23	3060	041
733	1	731	064
2157	6	2120	123
213	1	189	090
2008	15	4988	043
2138	6	2018	155
8779	23	2989	123
169	1	173	029
2845	14	3956	156
3784	14	3786	148
2845	14	3956	108
3225	23	2938	093
2644	9	2593	055
197	1	189	033
3068	23	3027	050
3218	12	2018	140
2909	9	2593	021
771	1	629	026
919	1	921	121
729	1	731	130
2909	9	2593	035
2119	6	2045	048
2688	9	2517	141
2119	6	2045	088
8282	23	12519	096
1958	6	2061	086
2717	9	2517	132
2017	6	2008	038
2911	9	2482	149
3769	14	3496	037
88	6	30	016
2	6	30	116
205	15	4990	103
2909	9	2720	142
2131	6	2008	074
3225	12	2155	140
2726	20	6706	118
3106	11	3087	038
11201	22	9756	154
4940	14	3426	135
3068	23	3027	037
675	1	320	092
1931	6	116	095
197	1	189	120
2583	9	2476	135
205	15	4990	056
4582	14	3794	076
2886	11	3111	161
1866	12	170	085
7893	20	6706	140
8779	23	2989	043
88	6	30	049
381	6	405	048
100	6	29	159
1871	12	2155	074
2791	9	2476	110
196	1	189	072
3216	12	2155	033
2917	10	2942	107
2020	6	2045	017
8195	17	6465	154
1900	10	3043	160
2020	6	2018	160
3170	17	5947	158
4885	17	8813	142
2010	6	2008	033
2102	6	2040	118
3034	10	2963	151
509	6	30	058
4036	14	3498	093
199	1	189	010
8204	23	2989	048
2909	9	2720	089
1902	23	3074	033
3756	14	3495	071
1110	15	5120	131
8204	23	2989	120
2655	17	6719	147
1956	6	2009	086
2681	9	2476	072
3225	23	2938	097
1894	23	2920	046
796	15	4990	154
3034	10	2963	148
729	15	4990	118
2791	9	2476	024
2530	14	3711	131
3197	12	2120	109
1894	23	2920	036
2102	6	2008	059
4885	17	8813	116
2693	12	28	119
7878	17	7448	144
8204	23	2989	159
10751	22	9579	149
8204	23	2989	052
3187	12	2055	121
2785	9	2520	091
2059	6	2060	101
2035	6	625	151
8779	23	2989	053
2090	6	116	042
3106	11	3087	034
2663	17	5817	144
1429	6	173	021
2845	10	2977	086
2059	6	2061	066
2069	6	2018	109
431	1	189	018
2059	6	2060	118
8282	23	12519	038
2	6	30	121
2911	9	2482	076
2587	9	2588	090
2693	11	3087	124
4582	14	3794	017
733	1	731	152
2688	9	2517	119
3233	23	2977	128
2138	6	2008	064
8204	23	2989	069
2105	6	2027	136
2911	10	2720	103
8824	23	2977	012
771	6	30	040
794	1	478	103
1959	6	2018	146
2883	9	2517	153
113	6	550	132
729	15	4990	103
2017	6	2008	042
1959	6	2018	152
2909	9	2593	118
195	1	189	019
742	15	4990	157
55	6	30	050
3021	10	2924	067
2080	6	116	120
733	1	731	126
1003	1	1004	160
8824	23	2977	029
100	6	30	078
2090	6	117	001
2867	9	2588	119
199	1	189	050
211	1	189	062
8949	23	12518	117
2809	17	5935	141
1473	1	114	113
3093	23	12538	123
2903	12	170	151
2663	17	5816	159
212	1	189	114
197	1	189	051
2119	6	2120	147
3225	23	2989	128
28	15	4988	131
1922	6	2061	038
1922	6	2018	137
2911	10	2720	079
2809	17	5816	137
2010	6	2008	032
44	6	30	035
1947	6	173	041
446	1	405	105
2637	9	2593	156
2026	6	30	115
2791	9	2476	020
2021	6	405	094
381	1	405	091
2637	9	2593	095
2138	6	2045	010
2020	6	2008	033
2615	9	2476	117
198	1	189	082
729	1	731	129
2681	14	4880	008
2809	17	5816	116
2663	17	6190	136
794	1	478	144
2845	9	2518	116
4036	14	3498	004
2	6	2061	021
3187	12	2055	125
2121	6	171	149
2587	9	2476	145
1957	6	402	133
2069	6	2018	142
1588	6	30	096
1931	6	116	048
3205	20	6012	150
114	1	116	079
431	1	189	096
2693	12	28	044
260	1	189	142
2010	6	2008	072
3217	12	28	034
2917	9	2593	132
2663	17	6190	158
44	6	30	069
2021	6	171	152
8957	23	2922	012
1912	15	5024	152
3217	12	28	001
4036	14	3498	019
215	1	189	154
3064	23	12505	127
3225	23	2938	094
2026	6	30	024
396	6	30	099
205	15	4990	129
8282	23	12519	100
919	1	921	066
3216	12	2155	052
196	1	189	147
19	6	2044	161
2927	10	2930	149
431	1	189	147
2127	6	171	024
2119	6	2120	152
2880	9	2517	120
3232	12	29	156
2080	6	116	052
2017	6	2009	128
4582	14	3794	088
9363	20	6706	137
2911	10	2720	081
8204	23	2989	036
8529	23	2989	153
3756	14	3433	074
3068	23	3027	111
2911	10	2940	123
260	1	189	040
4036	14	3498	030
2909	9	2720	144
3143	11	3087	058
4885	17	8813	160
729	1	731	097
2979	10	2924	134
509	6	30	026
2124	6	116	040
19	6	2044	147
509	6	30	022
88	1	90	122
205	15	4990	065
2008	15	4988	068
28	9	29	150
2681	9	2476	037
2770	9	2540	139
2911	10	2720	089
4659	14	3793	069
431	1	189	143
172	1	402	063
2021	6	405	131
114	1	117	003
2010	6	2018	145
381	6	405	060
1958	6	2061	049
55	6	30	002
3232	12	29	085
9308	20	5762	157
1975	6	2009	129
480	15	4990	062
113	6	30	024
1866	12	170	140
8957	23	2922	139
1975	6	2008	024
3866	14	3487	122
114	1	116	130
172	1	402	030
2911	10	2720	157
3866	14	3487	136
211	1	189	149
114	1	116	030
1473	1	114	144
8529	23	2989	106
2035	6	2009	098
2726	9	2593	147
169	1	173	023
1429	6	30	098
2587	9	2588	064
675	15	4990	011
2587	9	2476	057
7497	20	6780	148
3217	12	28	010
2530	14	3431	094
199	1	189	108
2785	9	2593	091
3214	12	2120	085
3068	23	3027	114
8529	23	2989	120
3218	12	2018	101
3211	12	2120	156
3187	12	2055	158
44	6	30	031
1429	6	173	010
396	6	30	006
4393	14	3495	156
629	1	30	118
2874	9	2476	155
198	1	189	096
3218	12	2018	007
260	1	189	000
8863	17	5935	117
2917	10	2942	154
1957	6	405	094
2008	15	4988	019
284	1	189	139
396	6	30	002
2883	9	2517	159
2909	9	2593	105
100	6	29	154
8779	23	2989	109
1956	6	2008	057
2909	9	2720	120
2101	6	2040	110
3211	12	2120	119
3208	12	2120	105
3157	11	3095	147
2883	9	2482	110
2880	9	2517	109
3217	12	28	133
2774	11	3107	153
478	1	444	023
2530	9	2517	150
1429	6	30	036
8863	17	5816	161
4885	17	8813	119
169	6	402	135
205	15	4990	122
675	15	5120	087
480	15	4990	120
212	1	189	127
588	6	30	090
1956	6	2040	146
509	6	30	038
794	1	478	150
2587	9	2588	130
1931	6	116	101
2511	9	2517	135
381	1	405	097
1893	23	2947	141
169	6	405	090
340	1	341	141
4036	14	3498	103
2121	6	2122	020
196	1	189	115
2127	6	171	097
4582	14	3793	140
3068	23	3027	096
2124	6	116	127
2809	17	5817	153
2911	9	2482	160
2172	6	2008	005
1959	6	2009	119
480	15	4990	125
2586	9	2482	158
260	1	189	007
114	1	116	096
44	6	30	093
199	1	189	160
44	6	29	142
3064	23	12505	105
169	6	173	079
1975	6	2008	043
1910	14	3971	135
8863	17	5817	139
2615	9	2517	126
2126	6	2045	006
478	1	444	041
2773	9	2517	135
172	1	171	151
2006	6	29	040
1894	23	2920	049
8863	17	6190	076
1922	6	2061	046
113	6	30	101
2808	10	2924	090
399	1	171	153
2008	9	259	056
2140	6	2008	040
478	1	444	006
3225	23	2938	124
509	6	29	160
3106	11	3087	069
8863	17	5818	131
2637	9	2593	080
2129	6	30	045
2140	6	2018	150
2101	6	2040	109
3093	23	12538	114
2007	6	2008	078
659	1	660	160
7621	17	7142	134
100	6	30	019
2030	6	2032	132
1957	6	405	112
4582	14	3794	029
8863	17	5816	131
2909	9	2720	128
2909	9	2720	044
2090	6	116	026
198	1	189	067
2140	6	2018	147
2845	10	2977	106
1910	14	3956	125
396	6	30	024
2605	9	2476	157
2587	9	2476	139
3106	11	3087	045
100	6	30	006
8282	23	12519	005
3068	23	3027	053
2809	9	2705	143
8824	23	2977	030
2008	9	259	067
428	6	405	109
88	1	90	023
431	1	189	004
2587	9	2588	060
2010	6	2008	068
2867	9	2517	103
2663	17	6190	148
4885	17	8813	047
478	1	444	039
1588	6	30	002
2149	6	29	153
2874	9	2476	159
3064	23	12505	161
1473	1	114	125
2116	6	2018	105
2903	11	3089	103
2911	9	2482	138
2785	9	2520	100
629	1	30	130
2809	17	5817	123
1429	6	30	109
8529	23	2989	090
3032	10	2940	131
3225	23	2989	094
44	6	30	046
2791	9	2476	097
2127	6	171	067
2587	9	2588	106
8529	23	2989	152
2874	9	2476	158
3106	11	3087	003
8957	23	2922	092
4630	17	6059	135
340	1	381	130
3866	14	3487	104
1473	1	114	108
169	1	173	108
215	1	189	055
188	1	189	087
3206	12	2120	099
2693	12	28	100
2911	10	2720	101
7621	17	6566	135
3062	10	2924	071
10751	22	2157	139
2874	9	2476	048
2587	9	2588	109
3106	11	3087	068
659	1	341	089
3225	23	2938	051
2059	6	2060	159
2883	9	2517	154
2116	6	2061	039
2168	6	173	052
4	1	5	117
2131	6	2009	115
1922	6	2061	042
2845	9	2518	131
2916	9	2517	139
446	1	405	089
2909	9	2720	131
1473	1	114	107
2909	9	2720	111
919	1	921	049
205	6	30	088
675	6	171	153
675	6	173	080
3197	12	2120	097
212	1	189	063
2587	9	2476	126
3093	23	12538	071
3924	14	3495	077
3093	23	12538	102
659	1	341	071
4	1	5	029
4036	14	3498	154
83	1	58	154
2007	6	2008	032
446	1	259	042
215	1	189	089
8824	23	2977	122
1473	1	114	157
196	1	189	012
213	1	189	095
8863	17	5816	099
2615	9	2593	144
3218	12	2018	126
1959	6	2009	129
796	15	4990	075
2037	6	2009	113
2119	6	2045	064
2090	6	116	103
1473	1	114	051
675	15	5120	039
799	1	773	148
211	1	189	079
197	1	189	060
8571	23	12518	118
2808	9	2517	157
284	1	189	144
2615	9	2517	109
8301	23	3060	006
2663	17	6190	131
2809	17	5818	149
212	1	189	134
211	1	189	050
284	1	189	083
675	6	171	155
2119	6	2045	079
1947	6	405	123
2026	6	30	098
2798	9	2505	134
2010	6	2009	109
260	1	189	067
4586	17	5817	151
2020	6	2008	048
195	1	189	006
2883	9	2517	130
2059	6	2018	130
3225	23	2938	031
3208	12	2120	141
675	15	4990	008
2178	6	30	118
659	1	341	052
2822	9	2529	146
2785	9	2593	154
44	6	29	140
4749	14	3794	077
211	1	189	130
44	1	551	156
659	1	341	109
3218	12	2018	022
2069	6	2018	160
4586	14	3475	136
2867	9	2588	136
629	1	30	063
3206	12	2120	109
8824	23	2977	007
2809	17	5817	140
2077	6	2061	055
921	6	30	047
4730	14	3717	026
509	6	30	004
113	6	30	070
3214	12	2120	097
169	6	173	065
2119	6	2045	138
1947	6	173	011
675	15	5120	072
1922	6	2061	064
1947	6	173	004
2582	9	2520	112
2481	9	2482	146
1900	23	3042	102
213	1	189	025
796	15	4990	060
2744	9	2593	111
2744	10	2924	084
381	1	259	043
2077	6	2060	111
1947	6	173	031
2074	6	405	129
55	6	30	067
2129	6	30	100
2663	17	5818	140
3735	14	3737	079
205	15	4990	053
2138	6	2008	048
55	6	30	121
3093	23	12538	051
2121	6	171	153
4227	14	3496	090
2008	15	4988	036
7893	20	6706	135
8708	17	7697	159
3232	12	29	010
7881	20	6706	153
2637	9	2593	107
2172	6	2009	129
3190	12	2120	101
488	1	30	107
4663	14	3496	161
2592	9	2593	138
2769	9	2476	131
1956	6	2045	011
1866	12	170	101
3197	12	2055	154
2811	9	2517	131
921	1	30	056
381	6	405	095
2911	10	2940	140
284	6	2040	095
3866	14	3487	101
2129	6	30	050
4281	14	4155	100
363	1	364	152
2172	6	2008	053
11201	22	2157	156
2785	9	2520	150
2867	9	2517	149
2769	9	2476	140
40	6	1439	110
199	1	189	035
2003	6	30	046
40	6	2114	001
2916	9	2517	135
2119	6	2045	155
3032	10	2940	129
169	1	172	146
919	1	921	072
205	15	4990	064
3225	23	2989	078
8529	23	2989	108
4691	14	3737	024
1110	15	5120	130
211	1	189	144
3232	12	29	027
2481	9	2482	132
2808	9	2517	155
2688	9	2517	109
2007	6	2009	088
1429	6	2027	140
8301	23	3060	115
588	6	30	057
2017	6	2018	155
675	1	320	142
799	1	773	146
113	6	29	153
2456	20	6706	160
480	15	4990	106
2911	10	2940	130
381	1	259	057
1588	6	29	155
260	1	189	037
2615	9	2593	106
3200	12	2055	116
4586	17	5817	139
3064	23	12505	012
3233	12	2009	108
771	1	629	106
8571	23	12518	109
3216	12	2155	061
2037	6	2009	110
2911	10	2940	134
8863	17	5816	114
2127	6	171	073
1871	12	2155	121
2003	6	2019	136
8204	23	2989	144
3211	12	2120	141
2511	9	2476	137
4736	14	3495	071
114	1	116	026
2867	9	2588	118
19	6	2009	109
1931	6	116	135
2770	9	2540	102
2845	9	2518	126
2090	6	115	137
3232	12	29	023
2895	9	2517	110
1866	12	170	113
2102	6	2095	019
2069	6	2018	088
8824	23	2977	118
1588	6	30	050
8863	17	5935	148
480	15	4990	014
4586	17	5817	129
8863	17	5935	140
3204	12	170	159
4586	14	4587	130
40	6	2114	005
188	1	189	048
2131	6	2009	091
1922	6	2061	049
2126	6	625	155
675	15	4990	049
1871	12	2155	025
1894	23	2920	093
3211	12	2120	148
205	6	30	125
196	1	189	132
2140	6	2008	041
675	1	320	098
2693	12	28	046
114	1	116	076
44	6	29	153
1429	6	30	093
3866	14	3487	114
2917	9	2593	052
9348	20	6012	116
2883	9	2482	136
198	1	189	124
2717	9	2517	111
3214	12	2120	093
1958	6	2061	026
172	1	402	088
431	1	189	108
2917	10	2942	096
4684	14	3707	137
794	1	478	100
3064	23	12505	018
284	1	189	080
2124	6	116	076
2511	9	2476	145
2582	9	2520	120
2126	6	2009	123
2116	6	2061	032
3784	14	3785	161
205	6	30	097
2644	9	2593	045
8824	23	2977	110
2007	6	2008	056
1871	12	2155	046
1900	10	3043	161
8957	23	2922	029
2074	6	405	109
1947	6	405	127
2809	17	5817	135
2003	6	30	065
5826	23	2989	160
284	6	2095	023
8863	17	6190	070
2149	6	29	156
2911	10	2720	116
3068	23	3027	059
284	6	2008	067
284	6	2008	077
1866	12	170	004
8863	17	6190	095
2615	9	2476	160
2007	6	2008	066
675	15	5120	070
3225	23	2938	114
428	6	405	089
3216	12	2155	005
2785	9	2593	076
2587	9	2588	122
1931	6	116	125
40	6	1439	094
2080	6	117	004
2909	9	2720	129
1866	12	170	115
211	1	189	105
2693	12	28	077
2172	6	2008	003
2681	9	2476	091
8779	23	2989	153
4582	14	3794	077
2059	6	2018	131
428	6	405	093
2140	6	2018	132
4582	14	3794	060
2911	10	2720	102
1947	6	173	049
213	1	189	153
2917	9	2593	057
3225	23	2989	113
2592	9	2593	140
2077	6	2061	092
3425	14	3430	110
2020	6	2008	073
1983	15	5024	089
480	15	4990	067
188	1	189	078
197	1	189	017
44	6	30	128
8759	20	6706	143
3208	12	2120	081
2883	9	2517	117
8779	23	2989	154
3233	12	2009	123
733	1	731	047
1473	1	114	111
2615	9	2517	150
2582	9	2520	113
2688	9	2517	147
2102	6	2040	116
4586	17	5816	154
2773	9	2517	105
2681	9	2476	086
2119	6	2045	134
478	1	444	033
8154	20	7092	116
2007	6	2018	147
2	6	30	114
2798	9	2505	152
2880	9	2517	104
1894	23	2920	125
2021	6	402	144
4953	14	3523	095
3143	11	3087	039
2481	9	2482	155
199	1	189	032
3815	14	3779	076
55	6	30	045
284	6	2008	032
2059	6	2061	056
480	1	481	154
3232	12	29	001
2007	6	2008	076
4615	14	3496	093
2845	9	2518	139
396	6	29	153
1902	23	3074	144
2140	6	2008	063
3143	11	3087	074
2681	9	2476	081
2119	6	2045	008
1912	6	259	037
1922	6	2061	052
3218	12	2018	130
2017	6	2008	026
3206	12	2120	136
2777	9	2505	158
2141	6	171	152
8301	23	3060	108
2010	6	2008	074
3143	11	3087	124
2769	9	2476	130
8767	17	6639	140
205	6	30	073
626	6	46	157
2723	9	2482	109
8824	23	2977	093
2744	9	2593	158
1473	1	114	115
19	6	2008	068
8282	23	12519	087
2681	9	2476	019
921	6	30	120
260	1	189	158
2172	6	2009	082
1958	6	2170	140
2903	11	3089	062
1110	15	5120	066
8863	17	6190	126
509	6	30	116
2030	6	2009	088
2006	6	29	103
2761	17	6758	076
2020	6	2008	075
921	6	30	021
3206	12	2120	104
199	1	189	158
3143	11	3087	020
2791	9	2476	091
399	1	405	111
284	6	2008	049
2587	9	2588	051
4659	14	3509	062
3204	12	170	152
2530	9	2517	129
480	1	481	157
2717	9	2517	147
2791	9	2476	138
2017	6	2008	046
1902	23	3074	148
88	1	90	049
3217	12	28	081
3233	23	2977	157
729	1	731	048
2127	6	171	129
205	6	30	064
199	1	189	034
2017	6	2008	078
2080	6	116	019
1110	15	5120	095
2791	9	2476	115
771	6	30	096
2769	9	2476	102
2138	6	2008	018
8957	23	2922	161
2006	6	29	059
3225	23	2938	038
2809	17	5816	115
2026	6	2027	153
1860	23	3060	076
3093	23	12538	103
2127	6	171	125
428	6	405	092
4534	14	4535	097
2845	10	2977	150
921	1	30	050
2116	6	2018	083
1894	23	2920	047
40	6	1439	048
1957	6	173	071
205	15	4990	028
55	6	30	118
480	15	5067	127
2723	9	2517	139
796	15	4990	132
2026	6	30	097
8708	17	5947	147
284	6	2040	138
2615	9	2593	089
40	6	2114	008
3200	12	2055	157
1588	6	30	049
284	1	189	153
3211	12	2120	091
1975	6	2009	119
8863	17	5818	092
1959	6	2008	067
2105	6	30	058
2121	6	2122	015
44	6	30	064
1922	6	2018	151
3187	23	12518	069
2080	6	116	030
55	6	30	101
213	1	189	041
2131	6	2018	145
188	1	189	117
3637	14	3636	010
771	6	30	057
4582	14	3793	150
729	15	4990	096
172	1	402	003
396	6	30	016
188	1	189	126
2644	9	2593	092
2069	6	2018	137
1958	6	2061	031
2116	6	2061	002
88	1	90	026
3233	23	2977	158
205	6	30	046
1866	12	170	105
919	1	921	071
2773	14	3636	090
2102	6	2040	099
1931	6	116	022
2140	6	2008	035
2909	9	2593	063
88	6	30	007
4885	17	8813	111
1945	6	171	156
2883	9	2482	109
742	15	4990	137
2615	9	2476	156
3232	12	29	137
2020	6	2008	080
771	1	629	016
1912	15	5024	160
3225	23	2989	012
742	15	4990	160
3232	12	29	045
8779	23	2989	100
659	1	341	117
2663	17	5817	155
205	6	2038	000
4885	17	8813	147
2094	6	2103	015
3143	11	3087	050
2511	9	2517	116
1900	10	3043	142
3021	10	2924	078
2723	9	2482	106
1979	6	30	117
3208	12	2120	123
2101	6	2040	080
675	15	5120	125
2021	6	171	154
2791	9	2476	084
3211	12	2120	098
399	6	171	151
1983	6	405	095
8282	23	12519	028
3093	23	12538	072
2883	9	2482	118
4654	14	3786	112
1958	6	2061	039
8876	17	6556	114
4582	14	3793	141
44	6	29	160
114	1	116	119
2124	6	116	133
2105	6	30	066
1871	12	2155	064
729	15	4990	099
3068	23	3027	113
2693	12	28	089
1902	23	3074	140
3197	12	2120	087
1931	6	116	073
396	6	29	136
626	6	46	149
2791	9	2476	074
8863	17	5816	148
1975	6	2008	012
2140	6	2008	057
2007	6	2009	097
169	1	173	016
2080	6	116	132
199	1	189	078
2909	9	2720	145
1863	9	2518	154
1957	6	2056	004
2587	9	2588	129
260	1	189	015
1931	6	116	062
8779	23	2989	074
169	1	173	113
83	6	29	150
100	6	30	043
1902	23	3074	117
114	1	116	133
2035	6	2009	102
2587	9	2588	054
3093	23	12538	109
2035	6	625	152
199	1	189	062
199	1	189	076
431	1	189	144
9166	20	6012	151
211	1	189	102
431	1	189	022
1975	6	2008	060
2119	6	2120	116
428	6	259	080
771	1	774	155
3225	23	2938	128
1912	6	405	113
729	15	4990	083
7184	20	6706	150
8301	23	3060	111
659	1	341	070
2124	6	116	125
4582	14	3794	135
8863	17	6190	066
2077	6	2060	124
2030	6	2009	091
1902	23	3074	112
188	1	189	065
2812	9	2517	113
2644	9	2593	041
169	6	405	123
1894	23	2920	101
11201	22	9756	149
169	1	171	150
675	6	402	133
88	6	30	087
3143	11	3087	152
1947	6	173	048
2809	17	5816	125
211	1	189	025
2094	6	2040	087
3232	12	29	074
675	15	4990	068
169	6	402	145
2798	9	2505	137
195	1	189	032
2010	6	2008	027
2909	9	2720	087
211	1	189	059
3093	23	12538	133
659	1	341	112
446	1	405	128
2140	6	2008	073
2126	6	2045	013
2723	9	2517	108
196	1	189	119
3216	12	2155	109
2637	9	2593	140
8957	23	2922	123
1947	6	2027	141
629	1	30	101
3032	10	2940	079
2903	11	3089	102
205	15	4990	153
2629	9	2520	142
2010	6	2018	153
12016	22	9630	153
2769	9	2476	125
2726	20	6012	143
205	6	30	084
2007	6	2008	060
1902	23	3074	031
2791	9	2476	148
1871	12	170	142
2035	6	2009	116
212	1	189	027
2785	9	2593	131
3064	23	12505	112
1959	6	2009	117
3187	23	12518	105
2006	6	29	046
588	6	30	128
2021	6	405	107
2845	9	2518	158
3143	11	3087	151
7446	20	6780	141
2632	9	2476	130
2124	6	115	137
8571	23	12518	154
195	1	189	069
7893	20	6706	141
2172	6	2009	097
921	6	30	069
2121	6	2122	000
796	15	4990	159
2917	9	2593	100
3197	12	2055	160
2770	9	2482	144
2090	6	117	011
205	15	4990	088
2140	6	2009	089
2516	9	2517	157
2119	6	2045	034
88	1	90	112
1588	6	29	138
1956	6	285	000
8957	23	2922	101
1900	10	3043	153
3225	23	2938	000
2681	9	2476	023
2080	6	116	020
1959	6	2009	090
3187	23	12518	152
2785	9	2593	117
2026	6	30	013
8957	23	2922	044
921	1	30	070
44	6	30	053
733	1	731	089
2126	6	2008	042
2114	15	4988	007
7203	17	6403	104
2644	9	2593	155
2644	9	2593	048
3232	12	29	106
2880	9	2517	154
2077	6	2018	128
188	1	189	073
2131	6	2009	094
2105	6	30	092
2605	9	2476	148
2744	10	2924	092
2812	10	2924	090
8779	23	2989	149
2883	9	2517	144
188	1	189	149
8863	17	5935	100
2007	6	2018	156
1863	9	2518	153
113	6	30	117
1957	6	2056	005
381	1	405	120
733	1	731	104
431	1	189	013
2037	6	2009	096
2080	6	116	129
3216	12	2155	074
1110	15	5120	012
729	15	4990	086
3093	23	12538	073
1866	12	170	059
44	6	30	101
2582	9	2520	132
8863	17	6190	105
8863	17	5817	158
4736	14	3495	067
3225	23	2989	052
2127	6	171	042
215	1	189	090
3233	23	12521	148
428	6	405	097
8824	23	2977	116
2693	12	28	131
2583	9	2476	155
8571	23	12518	060
2770	9	2540	156
7184	20	6706	142
114	1	117	008
675	1	320	157
396	6	29	138
1851	9	2520	156
3211	12	2120	103
428	6	2055	024
114	1	116	059
478	1	444	000
2693	12	28	115
7000	17	5953	157
3208	12	2120	161
1958	6	2170	137
2629	9	2520	149
172	1	402	109
588	6	30	012
675	15	5120	058
3187	12	2055	137
3200	12	2055	095
284	6	2095	022
2903	12	170	142
629	1	30	089
2791	9	2476	027
8301	23	3060	003
8779	23	2989	110
284	1	189	097
2589	9	2517	120
2168	6	173	059
2773	9	2517	153
4036	14	3498	098
1894	23	2920	051
794	1	478	115
2812	9	2517	152
2637	9	2593	136
3217	12	28	049
205	15	4990	136
196	1	189	051
771	1	629	050
3214	12	2120	115
2909	9	2593	127
113	6	29	148
2583	9	2476	126
197	1	189	077
113	6	29	160
2681	9	2476	128
2138	6	2009	103
2003	6	2038	006
2141	6	171	159
478	1	444	030
2069	6	2018	129
3197	12	2055	120
2030	6	2045	001
2119	6	2045	141
3068	23	3027	147
2007	6	2009	101
1003	1	589	145
2808	10	2924	084
3232	12	29	112
2131	6	2009	106
729	1	731	066
480	15	4990	107
8863	17	6190	142
15	1	797	161
1958	6	2061	006
3032	10	2940	132
2481	9	2482	130
2126	6	2008	075
2587	9	2588	091
340	6	405	126
2774	11	3107	157
2102	6	2095	023
921	1	30	033
1947	6	2027	156
8824	23	2977	085
796	15	4990	013
2026	6	30	033
1912	6	402	140
2021	6	402	135
212	1	189	123
2681	9	2476	142
2777	9	2505	127
100	6	30	111
2845	14	3956	100
2090	6	116	089
2911	10	2720	096
115	9	2486	161
4582	14	3794	061
1959	6	2008	026
2127	6	171	116
2172	6	2018	152
4586	17	5818	131
1912	6	259	054
215	1	189	081
8863	17	5817	148
2035	6	625	145
4582	14	3794	075
675	15	4990	150
8957	23	2922	138
83	1	58	141
919	1	921	077
2119	6	2120	119
488	1	30	069
3106	11	3087	060
3225	23	2989	059
1931	6	116	126
2909	9	2720	158
2791	9	2476	023
2144	6	2009	089
2903	11	3089	079
1429	6	173	009
40	6	2114	000
428	6	259	071
2903	11	3089	106
399	1	405	098
675	1	320	135
1947	6	173	065
2583	9	2476	158
2874	9	2476	047
4684	14	3980	156
629	1	30	104
1922	6	2018	120
2744	9	2593	132
3011	10	3012	136
3068	23	3027	011
771	6	30	048
3225	23	2989	005
3225	23	2989	107
113	6	30	127
2761	9	2517	130
1947	6	2027	140
8571	23	12518	102
1956	6	285	002
2809	17	5818	087
1975	6	2008	028
2909	9	2720	102
205	15	4990	058
2903	11	3089	142
2101	6	2008	071
2637	9	2593	103
2101	6	2040	148
205	6	30	027
2017	6	2018	146
2883	9	2517	119
1975	6	2008	066
381	1	259	047
8571	23	12518	077
2101	6	2040	124
2681	9	2476	027
8863	17	5818	122
2090	6	117	000
729	15	4990	070
8957	23	2922	078
197	1	189	036
2895	9	2517	128
2059	6	2061	008
2791	9	2476	086
8529	23	2989	150
3216	12	2155	062
1947	6	405	118
2074	6	173	084
2124	6	116	032
8863	17	5816	155
19	6	2045	013
2026	6	30	110
396	6	30	045
428	6	259	063
921	1	30	044
2110	6	171	161
2681	9	2476	040
340	6	171	151
629	1	30	127
2056	15	4988	009
2094	6	2040	117
2105	6	30	015
172	1	171	158
2917	9	2593	130
4720	14	3495	080
2094	6	2040	089
2895	9	2517	135
921	1	30	023
1931	6	115	154
114	1	116	134
1893	12	2155	156
1975	6	2008	040
1894	23	2920	140
2172	6	2008	027
8824	23	2977	124
480	15	5067	082
675	15	4990	006
3068	23	3027	154
2845	10	2977	148
2530	14	3431	088
2605	9	2476	154
2035	6	2025	132
675	6	171	156
8779	23	2989	140
3032	10	2940	136
3208	12	2120	100
2809	17	5817	116
2516	9	2517	149
1894	23	2920	095
2815	17	6308	159
3143	11	3087	111
2809	17	5817	146
1947	6	405	097
2845	10	2977	120
2812	9	2517	083
2119	6	2120	089
2809	17	5817	136
2808	10	2924	085
1871	12	2155	109
1866	12	170	120
1866	12	170	118
1975	6	2025	133
4586	17	5817	136
8571	23	12518	082
1957	6	2055	011
169	1	173	102
2119	6	2045	033
588	1	591	154
2895	9	2517	143
1894	23	2920	023
2168	6	173	016
478	1	444	024
4582	14	3794	037
114	1	116	023
8863	17	5818	082
3106	11	3087	013
3051	10	2924	027
213	1	189	058
1893	12	2155	158
675	15	5120	157
509	6	30	031
2516	9	2517	140
2791	9	2476	019
675	15	5120	083
2102	6	2008	052
1110	15	5120	063
215	1	189	091
114	1	116	091
478	1	444	018
19	6	2008	028
1931	6	116	046
629	1	30	099
188	1	189	118
2080	6	115	153
2007	6	2008	038
431	1	189	098
2911	10	2720	145
196	1	189	125
2726	9	2593	138
1959	6	2008	070
3106	11	3087	010
2822	14	3475	130
211	1	189	151
3769	14	3496	047
2811	9	2517	155
2909	9	2720	151
10751	22	9859	147
199	1	189	079
2663	17	6190	159
1922	6	2061	001
2069	6	2018	096
88	6	30	035
2785	9	2593	080
2911	9	2482	122
2119	6	2045	075
113	6	46	133
2917	9	2593	090
4	1	5	120
2909	9	2593	002
1900	10	3043	145
2681	9	2476	053
2911	10	2940	153
2791	9	2476	100
3068	23	3027	045
2530	14	3431	012
588	6	30	081
675	15	4990	046
2883	9	2517	118
2144	6	2009	100
2637	9	2593	097
2	6	30	118
8204	23	2989	156
3106	11	3087	146
431	1	189	047
2119	6	2055	011
215	1	189	040
2129	6	30	024
381	1	405	142
2909	9	2720	018
55	6	30	088
396	6	30	028
3178	11	3087	143
2809	17	5818	108
1910	14	4329	136
1959	6	2008	077
9423	20	6706	144
88	6	30	005
4036	14	3498	064
114	1	116	094
8863	17	6190	136
197	1	189	150
733	1	731	070
19	6	2008	036
2077	6	2061	008
3232	12	29	091
2003	6	30	095
431	1	189	116
284	1	189	141
1922	6	2018	126
921	6	30	102
2101	6	2040	155
4586	17	5818	139
742	15	4990	122
2917	10	2942	088
2017	6	2008	069
205	15	4990	146
11201	22	9678	139
1957	6	2055	009
675	1	320	112
2917	9	2593	059
1922	6	2061	071
3187	23	12518	103
8779	23	2989	122
1871	12	2155	129
675	15	4990	057
2059	6	2061	059
2020	6	2009	109
729	1	731	041
2010	6	2008	050
2080	6	116	078
2632	9	2517	157
8204	23	2989	130
2663	17	5817	146
3021	10	2924	066
284	1	189	127
675	1	320	133
588	6	30	026
381	1	259	054
284	6	2040	100
1931	6	115	144
2102	6	2008	050
629	1	30	080
2144	6	2009	106
1945	6	405	129
2021	6	405	109
196	1	189	105
488	1	28	140
2880	9	2517	128
396	6	30	047
2792	9	2578	137
2017	6	2008	034
2655	9	2482	151
2615	9	2476	146
2119	6	2008	070
742	15	4990	138
8957	23	2922	039
212	1	189	103
2809	17	5818	129
3225	23	2989	089
742	1	748	132
919	1	921	115
3217	12	28	027
3866	14	3487	078
172	1	402	040
2867	9	2517	124
488	1	30	118
1110	15	5120	057
729	1	731	047
8529	23	2989	038
2119	6	2104	016
2911	10	2940	154
771	6	30	061
3233	12	2009	119
2911	10	2940	079
2972	10	2924	153
2090	6	116	049
2681	9	2476	059
2059	6	2061	091
478	1	444	054
2008	9	259	041
2644	9	2593	058
771	6	30	082
2003	6	30	078
2845	14	3956	157
2017	6	2008	077
1958	6	2061	091
1959	6	2018	147
88	6	29	139
2116	6	2018	095
4885	17	8813	150
363	1	120	144
480	15	4990	119
2822	14	3475	141
2102	6	2040	124
399	1	405	088
8779	23	2989	010
2126	6	2008	019
9348	20	6012	119
1860	9	2517	147
399	1	171	156
1958	6	2170	139
3068	23	3027	146
8863	17	5816	046
2903	11	3089	000
796	15	4990	108
197	1	189	007
2770	9	2482	143
1110	15	5120	078
2911	9	2482	155
3021	10	2924	085
2903	11	3089	059
771	6	30	115
3232	12	29	124
3190	12	2120	116
88	6	30	112
1983	15	5024	145
1894	23	2920	030
100	6	30	093
3225	23	2989	084
2809	17	5935	132
2761	9	2517	128
919	1	921	065
1866	12	170	037
921	1	30	092
113	6	30	035
113	6	30	046
428	6	405	129
2157	6	2120	120
2008	15	4988	037
2140	6	2009	109
4036	14	3498	107
729	15	4990	130
2811	9	2517	118
1588	6	30	111
2003	6	2019	147
8863	17	5817	136
1957	6	405	107
3205	20	6012	147
659	1	341	085
2655	9	2482	128
1922	6	2061	033
588	6	30	130
659	1	341	098
2020	6	2009	098
2809	17	5935	122
8529	23	2989	093
3068	23	3027	089
6405	17	6406	142
4586	17	5818	151
3032	10	2940	119
8863	17	5818	139
3232	12	29	146
1922	6	2018	159
4914	14	4746	008
195	1	189	085
8282	23	12519	146
2785	9	2593	092
2812	9	2517	124
2530	14	3431	048
3217	12	28	040
2883	9	2517	126
3190	12	2120	119
2809	9	2705	111
114	1	116	116
2026	6	30	077
2916	9	2517	154
2791	9	2476	132
1902	23	3074	037
4036	14	3498	141
3218	12	2018	047
4534	14	4535	094
260	1	189	082
3218	12	2018	090
733	1	731	053
3200	12	2055	145
2069	6	2018	121
2883	9	2482	106
2129	6	30	041
260	1	189	078
2017	6	2008	081
3200	12	2055	130
2094	6	2040	139
480	15	4990	070
1110	15	5120	037
2809	17	5817	144
2080	6	116	016
284	1	285	005
213	1	189	001
8548	17	8549	143
3204	12	170	151
2020	6	2008	039
104	1	74	154
188	1	189	024
2138	6	2018	144
1947	6	173	082
8824	23	2977	084
3143	11	3087	053
3068	23	3027	079
799	1	773	145
1958	6	2170	151
2059	6	2018	134
2020	6	2008	067
2917	9	2593	073
3187	23	12518	124
2126	6	625	151
3143	11	3087	114
212	1	189	120
2809	9	2705	108
1956	6	2009	115
2917	10	2942	112
2917	10	2942	083
771	1	629	139
205	6	30	130
1865	20	6706	139
2663	17	6190	152
1900	10	3042	133
2644	9	2593	065
2530	9	2476	149
2072	6	29	158
8863	17	5935	065
2141	6	402	140
3157	11	3107	154
3206	12	2120	122
172	1	402	027
921	1	30	123
8863	17	6190	116
3232	12	29	158
7449	17	6399	141
8863	17	5818	144
2127	6	171	051
8529	23	2989	004
188	1	189	018
3206	12	2120	088
675	1	320	094
2017	6	2008	031
8863	17	5816	113
114	1	116	043
1902	23	3074	030
2615	9	2593	104
919	1	921	068
1110	15	5120	090
4940	14	4342	134
2723	9	2482	102
2530	14	3431	092
2094	6	2040	133
2867	9	2588	157
2785	9	2520	105
3063	10	2924	148
8571	23	12518	139
8779	23	2989	062
2615	9	2593	111
2129	6	30	060
195	1	189	046
88	6	30	038
7449	17	6566	150
3232	12	29	109
8983	17	6791	072
205	15	4990	017
1922	6	2061	084
3064	23	12505	026
919	1	921	056
1473	1	114	007
381	1	405	134
2003	6	30	070
199	1	189	104
1139	1	772	160
2003	6	2019	161
488	1	28	138
172	1	171	156
3064	23	12505	046
3206	12	2120	140
2102	6	2008	045
88	1	90	040
113	6	30	027
2911	10	2940	105
2903	11	3089	083
9356	20	6780	147
2017	6	2018	158
399	6	171	152
729	15	4990	157
198	1	189	143
2511	9	2476	133
8863	17	5816	117
2587	9	2476	070
260	1	189	010
2094	6	2040	158
19	6	2044	139
2903	12	170	156
284	6	2095	024
1956	6	2008	077
2030	6	2008	040
2812	9	2517	120
196	1	189	045
8438	20	6780	136
2530	14	3431	099
2909	9	2720	030
4582	14	3794	134
2663	17	5818	135
2909	9	2593	049
2874	9	2476	134
284	1	189	086
2769	9	2476	070
480	15	5067	147
100	6	30	010
2105	6	2027	157
2589	9	2517	142
675	15	4990	132
1912	6	259	030
2911	9	2482	106
2074	6	405	100
3232	12	29	140
675	15	4990	023
1588	6	29	161
659	1	341	014
1975	6	2008	064
396	6	30	019
4347	14	3475	157
100	6	30	102
2126	6	2008	061
2909	9	2593	102
771	1	629	022
8301	23	3060	125
1958	6	2061	064
1433	15	4969	159
19	6	2044	145
8529	23	2989	021
2	6	30	030
7382	17	7383	111
729	1	731	128
3233	12	2009	113
2587	9	2476	149
205	6	30	071
8529	23	2989	131
88	6	29	144
2530	9	2476	151
8571	23	12518	127
8204	23	2989	078
284	6	2008	031
215	1	189	142
1851	10	3012	138
2003	6	30	040
2681	9	2476	107
2911	10	2720	144
2168	6	173	078
113	6	30	119
6234	17	6235	109
2724	9	2476	161
1588	6	551	156
1979	6	30	116
1866	12	170	019
44	6	30	095
675	6	405	113
2124	6	116	114
794	1	478	142
2845	14	3956	139
3217	12	28	006
742	1	743	147
8863	17	5818	069
4582	14	3794	095
2090	6	115	138
2845	10	2977	095
8863	17	5935	094
1866	12	170	001
8957	23	2922	153
2909	9	2720	117
399	1	405	106
2003	6	2038	008
4347	14	3475	159
2094	6	2040	155
2059	6	2061	007
2874	9	2476	003
381	6	405	099
3034	10	2963	150
629	1	30	068
2792	9	2578	159
7436	17	5817	091
3218	12	2018	124
1947	6	2027	137
2809	17	5818	152
2080	6	116	083
1912	15	5024	146
8282	23	12519	018
2	6	30	115
3225	12	2155	148
8708	23	12505	131
8863	17	5818	066
8779	23	2989	001
2077	6	2061	027
659	1	341	032
3093	23	12538	032
212	1	189	002
104	1	74	158
3200	12	2055	155
2587	9	2476	144
3068	23	3027	103
2	6	30	028
4	1	627	151
446	1	402	146
444	1	405	116
2129	6	30	084
428	6	405	103
8301	23	3060	130
675	15	4990	122
2917	10	2942	121
3093	23	12538	045
2592	9	2593	123
2637	9	2593	090
2723	9	2482	116
2663	17	5816	156
2059	6	2060	158
8957	23	2922	055
2008	15	4988	046
1912	6	171	147
396	6	30	051
742	1	748	088
211	1	189	085
2006	6	29	049
1866	12	170	116
1473	1	114	074
2101	6	285	003
169	6	173	070
2845	14	3956	158
2644	9	2593	096
2129	6	30	130
2008	15	4988	061
2909	9	2720	071
2119	6	2120	124
3143	11	3087	083
2637	9	2593	150
3093	23	12538	053
2909	9	2720	075
1871	12	2155	072
2791	9	2476	092
2131	6	2009	105
2874	14	3493	007
260	1	189	047
2770	9	2540	094
8824	23	2977	117
444	1	405	111
1894	23	2920	118
588	6	589	142
2116	6	2018	158
2124	6	116	106
2101	6	2008	050
8957	23	2922	027
8824	23	2977	137
284	6	2008	036
284	1	285	006
2026	6	30	117
1588	6	551	157
762	1	28	157
588	6	30	117
2909	9	2593	037
2587	9	2588	146
4	1	5	127
1588	6	29	146
169	1	173	008
2792	9	2578	134
2809	17	5818	150
2895	9	2517	098
3216	12	2155	135
3751	14	3495	105
2723	9	2517	159
2059	6	2061	070
1588	6	30	031
44	6	30	110
2102	6	2040	161
1958	6	2061	067
1429	6	30	064
8957	23	2922	001
3170	11	3087	161
4586	17	5818	154
1429	6	30	081
428	6	405	096
2811	9	2517	148
2903	11	3089	020
3106	11	3087	100
742	1	748	097
260	1	189	041
211	1	189	110
113	6	29	139
729	1	731	161
2481	9	2482	152
172	1	402	125
3232	12	29	058
8282	23	12519	068
44	6	30	118
2003	6	30	026
1947	6	173	072
2119	6	2008	047
114	1	116	095
2035	6	625	138
8529	23	2989	061
2655	17	6109	122
2917	10	2942	149
1947	6	173	071
1959	6	2008	075
2809	17	5818	114
55	6	30	049
2723	9	2482	112
3769	14	3752	048
2119	6	2008	054
2777	9	2505	161
921	1	30	064
2094	6	2040	157
3216	12	2155	104
172	1	402	073
1902	23	3074	028
2	6	30	056
2663	17	5818	138
2808	10	2924	089
2792	9	2578	148
729	1	731	088
2809	17	5816	148
1922	6	2061	006
1866	12	170	098
199	1	189	092
3197	12	2120	090
3062	10	2924	065
1956	6	2040	158
3208	12	2120	135
2809	9	2705	129
2094	6	2104	019
478	1	444	073
3216	12	2155	125
113	6	30	057
1912	6	259	032
215	1	189	014
2530	14	3431	031
480	15	5067	103
205	15	4990	048
88	6	30	123
2	1	3	155
2845	14	3956	084
2003	6	2038	007
1983	15	5024	148
199	1	189	155
2157	6	2120	157
431	1	189	002
284	1	189	137
2178	6	30	122
509	6	30	069
2637	14	4535	089
4805	14	3711	144
428	6	259	055
2121	6	405	130
2017	6	2008	019
2119	6	2045	116
2121	6	405	123
1871	12	2155	002
1110	15	5120	116
2916	9	2517	143
2026	6	30	122
2530	14	3431	046
3225	23	2989	017
729	1	731	081
2020	6	2008	034
2149	6	29	159
40	6	1439	072
55	6	30	032
2021	6	171	150
2172	6	2018	145
3187	23	12518	146
2090	6	116	058
44	6	29	146
2895	9	2517	115
729	1	731	061
480	15	5067	123
2895	9	2517	141
2615	9	2517	159
8983	17	5816	114
444	1	405	093
1983	6	171	150
3063	10	2924	150
733	1	731	088
205	6	30	036
2587	9	2476	086
8863	17	5816	138
2080	6	116	071
8957	23	2922	111
396	6	28	132
1894	23	2920	124
2811	9	2517	126
2119	6	2095	020
2693	11	3087	155
2769	9	2476	096
3064	23	12505	010
1110	15	5120	022
2911	10	2940	110
2116	6	2018	108
213	1	189	118
196	1	189	004
771	6	30	041
2144	6	2009	090
1860	9	2517	113
3032	10	2940	153
3064	23	12505	095
1429	6	30	122
428	6	259	069
796	15	4990	008
1983	15	5024	105
2003	6	30	059
3218	12	2018	004
1922	6	2061	075
2140	6	2008	049
169	6	402	137
2589	9	2517	136
8824	23	2977	107
3225	23	2938	005
8282	23	12519	098
2916	9	2517	097
3866	14	3487	121
675	6	405	094
919	1	921	042
2138	6	2008	070
2020	6	2008	066
3217	12	28	042
2663	17	5816	144
19	6	2009	122
431	1	189	052
4646	14	3509	139
197	1	189	062
588	6	30	076
381	1	405	139
8779	23	2989	047
399	1	405	113
1931	6	116	121
100	6	30	084
2102	6	2040	105
2116	6	2018	141
2791	9	2476	077
9084	20	6706	142
675	15	5120	009
675	15	5120	034
2917	9	2593	142
3021	10	2924	073
8779	23	2989	017
659	1	341	058
733	1	731	124
284	1	189	151
2681	9	2476	113
4036	14	3498	158
2020	6	2009	096
55	1	58	159
733	1	731	043
1912	6	405	130
1588	6	30	105
729	15	4990	113
2644	9	2593	126
2582	17	5873	095
588	1	590	140
2809	17	5816	145
172	1	402	116
4582	14	3794	137
919	1	921	020
2138	6	2008	078
213	1	189	136
3218	12	2018	103
2761	9	2517	151
1588	6	29	152
2903	11	3089	043
7436	17	5935	109
2511	9	2517	158
1871	12	170	156
198	1	189	029
675	15	5120	010
2867	9	2517	144
2883	9	2482	144
4036	14	3498	018
2055	15	4969	159
919	1	921	129
195	1	189	039
8571	23	12518	087
2	6	30	062
480	15	5067	143
211	1	189	141
2003	6	30	067
2102	6	2040	139
2744	10	2924	079
1947	6	2027	149
199	1	189	126
396	6	30	057
3217	12	28	044
1959	6	2009	081
588	6	30	065
2909	9	2593	104
2126	6	2009	101
2116	6	2018	100
196	1	189	039
44	6	30	129
1110	15	5120	158
8863	17	5818	154
1975	6	2008	041
1983	15	5024	099
4775	14	3496	142
364	1	28	152
2582	9	2520	070
2035	6	625	147
2121	6	405	097
428	6	259	068
2770	9	2540	136
215	1	189	121
3064	23	12505	020
2080	6	116	054
2168	6	173	067
2105	6	30	078
8779	23	2989	090
1860	9	2517	114
2010	6	2009	129
2102	6	2040	137
588	6	589	143
172	1	402	098
8204	23	2989	054
2131	6	2008	055
675	15	5120	065
284	1	189	085
215	1	189	152
2102	6	2040	144
428	15	5024	138
211	1	189	109
796	15	4990	027
2129	6	30	034
629	1	30	065
284	6	2040	082
196	1	189	154
4940	14	4342	135
199	1	189	020
2812	9	2517	084
40	6	1439	108
3106	11	3087	028
675	6	405	131
197	1	189	161
196	1	189	120
2909	9	2720	046
2102	6	2040	077
3068	23	3027	144
629	1	30	005
399	6	171	159
729	15	4990	148
3208	12	2120	128
2811	9	2517	156
8529	23	2989	101
2845	9	2518	121
2681	9	2476	137
188	1	189	012
212	1	189	159
4582	14	3794	091
172	1	402	068
100	6	30	052
478	1	444	044
205	15	4990	085
2693	12	28	103
2688	17	5873	150
2007	6	2018	136
2077	6	2061	022
19	6	2009	095
8957	23	2922	117
213	1	189	074
8863	17	5818	161
7446	20	6780	142
2909	9	2720	103
4691	14	3860	031
113	6	550	131
8282	23	12519	020
3187	23	12518	071
188	1	189	106
2770	9	2482	135
2138	6	2045	012
3225	23	2938	037
4036	14	3498	048
6929	20	6706	144
3211	12	2120	158
428	6	2055	016
215	1	189	012
2637	9	2593	092
2008	15	4988	060
3225	23	2938	050
3062	17	5818	051
2615	9	2517	108
205	15	4990	014
3866	17	6066	050
2587	9	2588	159
1866	12	170	099
1851	10	3012	134
3187	23	12518	144
2770	9	2540	127
2080	6	116	076
428	6	171	150
3021	10	2924	075
196	1	189	018
3211	12	2120	077
2090	6	116	119
2809	9	2705	118
8863	17	6190	146
2101	6	2008	059
2883	9	2517	158
2681	9	2476	024
363	1	364	157
1902	23	3074	154
199	1	189	069
675	15	4990	075
2149	6	29	150
44	6	29	150
4227	14	3496	094
8957	23	2922	148
2972	10	2924	155
8571	23	12518	053
4	1	5	062
446	1	259	030
2777	9	2505	141
2006	6	29	104
8824	23	2977	161
796	15	4990	101
2808	9	2517	103
2883	9	2517	131
1139	1	773	150
1473	1	114	072
3064	23	12505	140
3032	10	2940	105
215	1	189	144
8282	23	12519	029
1860	9	2517	123
114	1	116	022
1958	6	2061	081
2681	9	2476	071
2090	6	116	066
1912	6	259	077
675	15	4990	015
8863	17	5817	051
2069	6	2018	150
796	15	4990	125
3784	14	3785	160
2008	15	4988	077
2124	6	116	027
100	6	30	056
2785	9	2593	113
2911	10	2940	142
3211	12	2120	114
2909	9	2720	114
2582	9	2520	125
88	1	90	062
1983	15	5024	155
169	1	172	147
2911	10	2940	161
8876	17	6491	109
2883	9	2517	110
2116	6	2061	023
771	1	629	075
2131	6	2008	076
2809	17	5816	132
8571	23	12518	056
4940	14	3428	158
2140	6	2009	096
2138	6	2009	119
2644	9	2593	147
675	6	405	132
2769	9	2476	138
2917	10	2942	055
2770	9	2482	134
4684	14	3980	155
431	1	189	056
2140	6	2045	005
2030	6	2009	124
919	1	921	128
381	6	405	041
2516	9	2517	139
2644	9	2593	044
284	1	189	122
919	1	921	033
28	9	29	158
2127	6	171	019
3064	23	12505	077
2693	17	5950	159
2530	14	3431	021
2761	9	2517	146
3197	12	2055	130
2637	9	2593	118
2809	17	5818	096
3232	12	29	104
2	6	30	035
2717	9	2517	125
2663	17	5818	152
1902	23	3074	086
8195	20	7092	140
509	6	30	015
626	1	46	148
1959	6	2009	104
3143	11	3087	135
114	1	116	126
4940	14	4363	133
675	15	5120	080
3225	23	2989	104
2688	9	2517	111
2511	9	2517	115
3225	12	2155	154
212	1	189	050
3200	12	2055	088
1983	15	5024	102
2172	6	2008	067
88	1	90	010
1947	6	405	108
1429	6	30	100
2131	6	2009	092
3216	12	2155	071
3200	12	2055	132
675	15	5120	077
2077	6	2060	113
659	1	341	132
1958	6	2009	131
2644	9	2593	077
480	15	4990	083
1902	23	3074	045
2822	9	2529	111
2021	6	405	106
3190	12	2120	117
396	6	30	129
2116	6	2018	094
1860	9	2517	135
2140	6	2018	137
2867	9	2517	115
1473	1	114	022
381	1	259	053
2917	9	2593	058
2615	9	2593	119
197	1	189	122
340	1	341	150
3143	11	3087	144
2723	9	2517	135
197	1	189	024
4131	14	4132	093
2681	9	2476	125
55	6	29	136
2644	9	2593	111
1588	6	30	122
771	1	629	108
2017	6	2008	054
3866	14	3487	093
2481	9	2482	161
2077	6	2018	154
2030	6	2009	129
2895	9	2517	148
88	6	29	145
1958	6	2061	050
771	6	30	075
211	1	189	126
2589	9	2517	148
771	1	629	142
2530	14	3431	062
3225	23	2938	086
3206	12	2120	148
19	6	2009	123
11693	22	2157	154
2909	9	2720	086
446	1	405	091
2124	6	116	045
2927	10	2930	155
100	6	30	100
2119	6	2008	059
2632	9	2517	119
2769	9	2476	107
8824	23	2977	131
2812	9	2517	094
2785	9	2593	147
40	6	1439	081
215	1	189	024
2587	9	2588	107
169	1	173	105
2911	10	2940	149
2663	17	6190	140
2077	6	2061	032
8957	23	2922	000
659	1	341	158
205	6	2038	004
1959	6	2008	027
431	1	189	146
1866	12	170	031
729	1	731	126
2808	10	2924	083
3211	12	2120	131
3064	23	12505	061
2770	9	2540	098
3233	23	12521	161
2094	6	2040	078
2119	6	2008	032
2003	6	30	084
4885	17	8813	132
2007	6	2009	106
4036	14	3498	012
15	1	797	160
3232	12	29	100
1860	10	2932	089
3178	17	5950	154
1983	6	405	093
2812	10	2924	085
2090	6	117	006
198	1	189	095
1983	6	405	131
3021	10	2924	077
113	6	30	037
428	6	259	061
3068	23	3027	119
1588	6	30	090
1958	6	2009	112
2102	6	2040	101
2010	6	2018	135
2693	12	28	018
2105	6	30	099
2809	17	5817	147
1110	15	5120	091
3225	23	2938	008
4435	14	3636	107
205	6	30	061
675	15	4990	027
28	15	4988	134
3068	23	3027	108
2008	9	259	080
1902	23	3074	085
2021	6	171	153
3068	23	3027	145
55	6	30	133
2126	6	2008	024
2035	6	625	156
381	6	405	028
4	1	5	114
1110	15	5120	141
3233	12	2009	117
2681	14	4880	009
2105	6	30	037
1429	6	30	042
2880	17	6758	074
3143	11	3087	023
2006	6	29	139
44	6	46	135
199	1	189	077
172	1	402	078
205	6	30	057
113	6	29	143
3218	12	2018	117
19	6	2009	093
4630	14	3895	150
2138	6	2008	019
4582	14	3794	123
3225	23	2938	003
2681	9	2476	041
3190	12	2120	133
381	1	259	046
211	1	189	097
3508	14	3436	157
2516	9	2517	137
3068	23	3027	148
3064	23	12505	052
2582	9	2520	156
488	1	30	101
2121	6	405	128
2791	9	2476	031
8863	17	5816	150
2744	10	2924	091
212	1	189	113
629	1	30	018
2124	6	116	124
675	15	5120	041
2030	6	2009	110
6683	20	5762	133
2030	6	2032	160
19	6	2008	071
2102	6	2008	064
2481	9	2482	120
2644	9	2593	146
2030	6	2045	000
55	6	30	011
3218	12	2018	040
197	1	189	049
2723	9	2482	142
2883	9	2482	153
2663	17	5818	133
2693	12	28	017
2074	6	405	115
2681	14	4574	011
2723	9	2517	098
1139	1	774	154
2069	6	2018	101
2615	9	2593	103
2615	9	2517	152
2911	10	2940	090
3093	23	12538	047
2003	6	30	055
2744	9	2593	107
2021	6	402	147
2138	6	2008	021
2110	6	171	151
1975	6	2008	075
8529	23	2989	025
3064	23	12505	126
363	1	364	151
2030	6	2032	144
2119	6	2120	151
44	6	30	075
8204	23	2989	016
2909	9	2593	138
44	1	46	155
3190	12	2120	149
8957	23	2922	026
675	15	5120	136
1956	6	2009	111
2507	17	7538	140
2785	9	2520	104
8957	23	2922	082
1894	23	2920	137
2119	6	2120	141
3214	12	2120	149
2744	9	2593	081
3157	11	3107	157
2090	6	116	022
2074	6	405	104
2744	9	2593	154
2101	6	2008	054
113	6	30	005
794	1	478	135
1958	6	2061	053
2021	6	405	091
2587	9	2588	124
2481	9	2482	135
260	1	189	029
2126	6	2008	078
100	6	30	114
1922	6	2061	031
2785	9	2593	077
588	6	30	131
197	1	189	103
1931	6	115	136
8863	17	6190	067
3216	12	2155	034
2874	14	3493	002
8759	20	6706	137
2138	6	2008	071
215	1	189	053
659	1	341	057
3197	12	2055	123
8863	17	5817	059
4	1	5	076
2007	6	2008	043
729	15	4990	120
1957	6	2055	017
2090	6	116	047
3143	11	3087	029
2010	6	2009	099
8824	23	2977	035
2809	17	5818	109
1959	6	2008	055
4582	14	3794	120
2172	6	2009	121
1922	6	2018	125
8825	17	5817	134
2020	6	2008	027
1957	6	405	103
3216	12	2155	094
2582	9	2520	133
733	1	731	131
19	6	2008	031
1956	6	2009	104
3106	11	3087	116
196	1	189	046
212	1	189	094
509	6	30	024
8957	23	2922	147
3214	12	2120	159
1860	10	2932	102
1956	6	2009	089
211	1	189	081
3068	23	3027	160
478	1	444	085
2582	9	2520	093
3225	23	2938	129
8824	23	2977	041
1863	9	2518	151
114	1	116	016
211	1	189	139
919	1	921	135
742	15	4990	114
1473	1	114	117
2129	6	30	106
2126	6	2009	106
2026	6	2027	141
3866	14	3487	112
8708	17	7418	158
2770	9	2482	105
4582	14	3794	081
2911	9	2482	096
428	6	405	117
3106	11	3087	091
2010	6	2009	081
1851	9	2520	161
2059	6	2018	147
3032	10	2940	127
8492	20	6706	117
3143	11	3087	160
1958	6	2061	027
2119	6	2120	138
919	1	921	047
2615	9	2517	154
3064	23	12505	130
3739	14	3496	018
2815	11	3087	157
2903	11	3089	116
8863	17	5818	095
588	6	1560	003
446	1	402	142
2090	6	116	124
44	6	30	013
2911	9	2482	151
44	6	30	015
4582	14	3794	093
1910	14	3971	136
44	6	30	078
2809	17	5818	128
8863	17	6190	084
2845	9	2518	084
7446	20	6780	150
1588	6	30	020
3032	10	2940	122
1866	12	170	046
3093	23	12538	111
2	6	2061	017
3190	12	2120	094
675	15	4990	153
2845	10	2977	088
2895	9	2517	159
4805	14	3498	134
8301	23	3060	118
8301	23	3060	077
100	6	30	117
8301	23	3060	065
588	6	30	070
8949	23	12518	116
205	6	2019	146
3068	23	3027	091
2655	9	2482	127
2681	9	2476	085
2102	6	2008	035
1110	15	5120	159
1958	6	2061	078
3218	12	2018	071
1473	1	114	159
3143	11	3087	081
2592	9	2593	108
1975	6	2009	092
44	6	332	131
4586	14	4587	129
2726	9	2593	156
1866	12	170	119
1866	12	170	071
588	6	30	099
2909	9	2593	155
729	15	4990	098
2917	9	2593	079
2126	6	2008	080
2080	6	116	116
198	1	189	035
2663	17	5818	116
1975	6	2008	074
1912	6	405	116
2077	6	2061	003
675	6	402	140
114	1	116	046
4582	14	3794	133
509	6	30	088
742	15	4990	116
114	1	115	137
2172	6	2008	064
2105	6	30	131
2172	6	2009	110
188	1	189	099
729	15	4990	078
3204	12	170	147
2917	10	2942	097
3062	10	2924	066
8863	17	5816	093
2157	6	2040	160
113	6	30	096
480	1	481	156
2077	6	2061	016
2094	6	2040	160
2663	17	5816	137
2605	9	2476	150
4036	14	3498	129
8957	23	2922	073
2102	6	2008	036
1957	6	405	132
1912	6	405	132
2582	9	2520	144
4	1	5	111
428	6	259	060
2895	9	2517	131
509	6	30	120
113	6	30	020
1959	6	2008	066
1958	6	2061	037
2101	6	2008	058
798	1	1503	140
4582	14	3794	096
2660	15	4969	160
8779	23	2989	030
28	6	29	154
8779	23	2989	003
2069	6	2018	120
629	1	30	057
431	1	189	141
2530	14	3431	018
2903	12	170	146
2026	6	30	068
196	1	189	043
3142	14	3793	062
396	6	30	106
11201	22	9776	155
2131	6	2009	126
3218	12	2018	149
2101	6	2008	029
659	1	341	002
3204	12	170	146
4586	14	4587	132
1957	6	173	053
2119	6	2120	081
4659	14	3793	078
2693	12	28	042
2017	6	2008	023
1860	10	2932	099
1912	15	5024	123
480	15	4990	036
399	1	405	126
100	6	30	091
2129	6	30	089
794	1	478	160
2911	10	2940	096
3218	12	2018	069
2629	9	2520	098
100	6	30	024
3093	23	12538	028
3208	12	2120	111
771	1	629	111
2080	6	115	142
2126	6	2009	098
2615	9	2476	135
1947	6	405	112
113	6	550	133
2909	9	2593	076
2035	6	2009	088
1956	6	2008	030
197	1	189	048
2020	6	2009	113
2026	6	30	044
399	1	405	107
4	1	5	086
2629	9	2520	145
2693	11	3087	159
8301	23	3060	049
3106	11	3087	120
446	1	402	137
2119	6	2120	111
8957	23	2922	045
3214	12	2120	150
3225	23	2989	131
3206	12	2120	126
2	6	2061	019
921	6	30	108
675	6	405	092
2141	6	171	151
2812	9	2517	087
4036	14	3498	160
2117	6	2032	135
2744	9	2593	119
2615	9	2476	106
431	1	189	094
113	6	30	130
2637	9	2593	105
478	1	444	078
2903	11	3089	027
55	6	30	004
3216	12	2155	159
4582	14	3794	018
1588	6	30	025
2809	17	5817	093
428	6	259	030
1900	10	3043	148
4586	17	5817	128
2726	9	2593	139
199	1	189	159
2008	15	4988	039
100	6	30	049
8492	20	6706	119
4749	14	3794	076
1429	6	30	051
212	1	189	053
2592	9	2593	158
1959	6	2009	103
2845	9	2518	155
215	1	189	145
1473	1	114	010
2586	9	2482	149
659	1	341	147
3190	12	2120	152
2140	6	2009	113
3208	12	2120	113
8529	23	2989	009
2101	6	2008	044
480	15	4990	150
2637	9	2593	134
2777	9	2505	148
3808	14	3711	107
11201	22	10030	148
2129	6	30	086
488	1	30	126
4036	14	3498	139
771	1	773	145
675	6	402	142
2589	9	2517	124
2178	6	2027	159
8957	23	2922	126
2006	6	29	138
3225	23	2989	073
4586	17	5817	134
3233	12	2009	110
213	1	189	006
1912	15	5024	141
2874	9	2476	115
188	1	189	101
2693	17	5947	159
196	1	189	124
796	15	4990	099
2632	9	2476	137
211	1	189	150
2127	6	171	035
4520	14	3496	011
399	1	405	090
3211	12	2120	102
8529	23	2989	097
659	1	341	101
2770	9	2540	143
4830	14	3715	042
8957	23	2922	089
1957	6	173	079
3106	11	3087	073
381	1	405	135
2116	6	2018	088
588	6	589	152
4582	14	3794	078
2017	6	2009	116
2583	9	2476	122
8204	23	2989	161
2119	6	2120	149
2131	6	2008	040
55	6	30	083
169	1	173	098
2138	6	2008	041
2006	6	29	130
44	6	30	115
2105	6	30	018
2637	9	2593	110
284	6	2040	156
2688	9	2517	104
2777	9	2505	153
44	1	46	136
215	1	189	138
195	1	189	119
8824	23	2977	159
3233	23	2977	145
197	1	189	023
3216	12	2155	107
2037	6	2009	102
3068	23	3027	062
431	1	189	093
4586	17	5818	138
4885	17	8813	089
1983	6	171	149
1959	6	2008	061
2615	9	2593	138
196	1	189	159
1931	6	116	021
198	1	189	123
83	6	29	156
2791	9	2476	104
44	6	30	081
1473	1	114	126
1958	6	2061	044
8863	17	5817	149
2845	10	2977	105
4036	14	3498	132
1931	6	116	050
188	1	189	103
3068	23	3027	002
196	1	189	150
88	6	30	095
2121	6	405	117
1959	6	2008	021
8863	17	5935	095
2867	9	2517	121
2791	9	2476	044
2102	6	2008	042
629	1	30	060
2102	6	2008	058
3844	14	3496	068
4	1	5	123
399	6	402	141
1902	23	3074	006
1912	6	405	088
4582	14	3793	143
284	6	2008	064
2791	9	2476	056
2530	9	2517	155
2785	9	2593	161
2693	14	3468	153
4885	14	3690	060
1588	6	30	064
100	6	30	122
2116	6	2018	120
2903	11	3089	140
675	15	5120	099
2530	9	2517	145
2785	9	2593	116
2172	6	2008	017
2693	12	28	021
2909	9	2593	137
197	1	189	148
1473	1	114	039
396	6	30	065
2138	6	2009	101
2129	6	30	078
2909	9	2720	068
399	6	402	142
2	6	2061	018
8301	23	3060	067
199	1	189	004
2911	10	2720	158
3214	12	2120	082
3187	12	2055	119
2119	6	2008	033
260	1	189	018
3143	11	3087	119
381	6	405	127
8863	17	5818	135
2026	6	30	037
172	1	402	010
2909	9	2593	089
2008	9	259	054
2030	6	2009	114
8301	23	3060	009
3106	11	3087	070
675	1	320	154
1958	6	2061	036
480	15	4990	049
8863	17	5816	061
4	1	5	102
921	1	30	019
1473	1	114	056
2663	17	5817	130
1871	12	170	150
1975	6	2009	091
2812	9	2517	129
796	15	4990	080
742	1	748	130
2911	9	2482	127
215	1	189	027
2785	9	2593	098
2037	6	2009	083
3064	23	12505	148
2723	9	2517	140
2663	17	6190	139
478	1	444	156
1588	6	30	053
8863	17	5935	144
1894	23	2920	002
2006	6	29	019
3208	12	2120	127
509	6	30	107
2744	9	2593	097
2791	9	2476	037
113	6	30	006
2615	9	2517	131
2693	11	3087	147
399	1	405	132
6929	20	6706	147
8863	17	6190	135
1959	6	2008	044
40	6	1439	109
188	1	189	151
3214	12	2120	124
40	6	1439	029
4036	14	3498	123
7515	20	7092	147
1110	15	5120	072
2	6	30	039
88	6	30	040
260	1	189	151
1902	23	3074	051
188	1	189	135
8863	17	5816	154
3216	12	2155	144
3232	12	29	005
798	1	591	156
2909	9	2593	026
199	1	189	147
1983	6	405	123
396	6	30	011
4775	14	3496	135
2693	12	28	117
2632	9	2476	143
212	1	189	108
2124	6	117	009
2030	6	2008	045
4036	14	3498	039
2917	10	2942	115
675	15	4990	142
8529	23	2989	057
1910	14	3971	133
1860	9	2517	118
2723	9	2482	123
919	1	921	091
55	6	29	153
8282	23	12519	078
2059	6	2061	009
2030	6	2032	133
2119	6	2008	053
8204	23	2989	113
733	1	731	034
729	1	731	073
1922	6	2061	026
3068	23	3027	107
2144	6	2009	132
2020	6	2018	145
2144	6	2018	158
1957	6	173	059
2101	6	2008	031
215	1	189	008
1894	23	2920	105
2903	11	3089	146
446	1	259	047
2644	9	2593	116
4281	14	4156	116
2105	6	30	093
2116	6	2061	026
733	1	731	095
480	15	4990	056
211	1	189	103
3157	11	3095	158
480	15	4990	045
488	1	30	078
729	1	731	062
2030	6	2008	069
3200	12	2055	147
2723	9	2482	155
2530	14	3431	139
8413	17	6403	136
1588	6	30	006
675	15	4990	098
3208	12	2120	147
40	6	1439	098
100	6	30	050
2644	9	2593	059
2582	9	2520	152
2744	9	2593	136
2719	10	3016	132
88	1	90	070
1866	12	170	039
771	1	772	161
2140	6	2018	135
2007	6	2009	118
2770	9	2482	109
2080	6	116	058
2003	6	2019	150
2157	6	2120	141
212	1	189	101
83	1	58	140
9308	20	5762	159
428	15	5024	125
284	6	2045	015
1956	6	2009	101
3200	12	2055	154
8571	23	12518	050
213	1	189	133
2979	10	2924	132
921	1	30	095
2511	9	2517	122
1860	9	2517	137
195	1	189	055
1902	23	3074	038
169	6	173	004
396	6	30	109
199	1	189	095
2080	6	116	134
3187	23	12518	147
2026	6	30	062
2693	12	28	027
28	1	29	148
771	6	30	064
2017	6	2008	037
2102	6	2104	016
1871	12	2155	029
675	6	402	144
169	1	173	002
2809	9	2705	127
675	15	4990	143
2008	9	259	046
1959	6	2008	058
7621	20	6780	136
2615	9	2517	147
1958	6	2061	076
1866	12	170	147
2644	9	2593	159
2059	6	2061	000
260	1	189	034
1975	6	2009	097
44	6	30	105
2116	6	2061	029
1110	15	5120	135
169	6	405	120
2791	9	2476	159
588	1	591	158
4586	14	4587	128
205	15	4990	139
2149	6	29	136
2584	20	6780	151
2105	6	30	080
2744	9	2593	098
2530	14	3431	148
3211	12	2120	097
1894	23	2920	139
446	1	259	048
381	1	405	145
4885	17	8813	091
2587	9	2588	108
211	1	189	045
169	6	405	089
771	1	629	109
8824	23	2977	014
1922	6	2061	048
2129	6	30	039
9074	17	6491	137
8779	23	2989	037
260	1	189	044
8301	23	3060	004
659	1	341	000
199	1	189	021
3216	12	2155	077
2017	6	2008	018
4586	17	5817	148
675	1	320	095
9431	20	5762	142
172	1	402	114
260	1	189	023
3205	12	2055	155
113	6	30	015
733	1	731	099
2880	9	2517	105
211	1	189	129
2583	9	2476	139
2655	9	2482	149
3143	11	3087	096
588	6	1560	004
2116	6	2061	043
2773	9	2517	156
2105	6	30	026
3232	12	29	079
1429	6	173	014
2812	9	2517	135
205	6	2038	023
729	15	4990	126
2917	9	2593	155
2003	6	2019	152
215	1	189	074
629	1	30	019
8779	23	2989	036
8529	23	2989	056
3205	12	2055	157
2917	9	2593	109
2119	6	2120	100
8863	17	5816	037
2587	9	2588	114
3225	23	2989	053
8824	23	2977	060
8708	23	12505	127
215	1	189	114
2119	6	2045	020
8779	23	2989	082
40	6	1439	039
1979	6	30	113
2511	9	2476	140
4646	14	3591	116
169	1	173	107
2140	6	2008	050
675	15	4990	060
381	1	259	048
2077	6	2061	090
3225	23	2989	095
199	1	189	056
444	1	405	098
114	1	116	136
3232	12	29	025
8301	23	3060	074
2917	10	2942	074
55	6	30	063
8282	23	12519	106
2026	6	30	015
2105	6	30	060
3815	14	3779	079
1894	23	2920	057
2017	6	2009	100
2121	6	405	095
2615	9	2517	127
1959	6	2009	089
2688	9	2517	137
3218	12	2018	049
205	15	4990	106
1900	10	3043	143
40	6	1439	137
2072	6	29	148
2101	6	2008	048
2916	9	2517	146
2074	6	405	113
2587	9	2476	112
3844	14	3737	052
3106	11	3087	131
2867	9	2588	150
199	1	189	103
2663	9	2476	143
2726	20	6012	148
2101	6	2040	092
588	6	30	033
478	1	444	090
2770	9	2540	110
1931	6	116	083
509	6	30	081
9348	20	6012	122
55	6	30	034
8408	23	12518	151
2583	9	2476	117
2116	6	2061	009
100	6	30	039
2037	6	2009	101
733	1	731	056
2102	6	285	003
1912	6	402	142
8571	23	12518	063
2119	6	2120	132
1588	6	29	136
8863	17	5935	124
88	6	30	039
2874	9	2476	007
198	1	189	145
3217	12	28	110
2131	6	2009	108
2094	6	2040	095
2021	6	405	122
8863	17	6190	149
55	6	29	142
2822	14	3475	137
729	1	731	152
2017	6	2009	110
340	1	341	149
2102	6	2008	031
1958	6	2061	022
196	1	189	116
2693	12	28	047
4582	14	3794	143
28	9	29	156
2845	9	2518	106
3218	12	2018	038
1902	23	3074	119
2020	6	2008	076
3784	14	3786	147
2007	6	2008	055
3718	14	3719	025
1902	23	3074	088
88	1	90	018
2637	9	2593	085
2903	11	3089	137
2006	6	29	062
2583	9	2476	156
8204	23	2989	087
212	1	189	074
1429	6	30	039
729	15	4990	085
1911	4	1901	113
3784	14	3757	153
1866	12	170	124
215	1	189	057
1429	6	2027	135
2131	6	2009	122
2688	9	2517	151
2681	9	2476	045
3218	12	2018	156
2010	6	2009	086
1473	1	114	122
399	1	405	129
8957	23	2922	040
2126	6	2009	084
675	6	405	088
8529	23	2989	051
8957	23	2922	059
2615	9	2517	116
629	1	30	022
88	6	30	052
2605	9	2476	142
2615	9	2593	145
2615	9	2593	127
675	15	5120	127
114	1	116	015
100	6	30	003
114	1	116	107
4736	14	4044	090
478	1	444	021
742	15	4990	154
1860	10	2940	088
212	1	189	099
2119	6	2045	052
3718	14	3495	037
199	1	189	047
771	6	29	143
2867	9	2517	136
2583	9	2476	161
2726	9	2593	160
2511	9	2476	153
2121	6	171	154
1866	12	170	002
2681	9	2476	153
1945	6	405	114
2020	6	2009	092
197	1	189	152
2903	11	3089	017
88	1	90	055
3106	11	3087	063
4736	14	4044	091
2127	6	171	117
188	1	189	088
2172	6	2009	104
1959	6	2008	048
629	1	30	037
2895	9	2517	102
3187	23	12518	136
921	6	30	109
2102	6	2040	095
2663	9	2588	151
2883	9	2482	104
3064	23	12505	001
2006	6	29	047
2010	6	2008	019
340	6	402	140
3218	12	2018	076
478	1	444	038
675	6	405	127
1956	6	2008	027
771	6	29	147
2637	9	2593	113
2127	6	171	046
2845	10	2977	081
198	1	189	064
3232	12	29	003
2917	10	2942	103
2911	10	2720	083
8863	17	5935	130
188	1	189	025
2644	9	2593	097
1588	6	46	134
340	6	171	148
3068	23	3027	040
1947	6	173	024
3143	11	3087	005
428	15	5024	129
1947	6	2027	142
381	6	405	115
2080	6	116	059
2644	10	2924	049
1871	12	2155	038
2916	9	2517	110
2507	9	2476	149
921	1	46	139
3068	23	3027	033
2681	9	2476	157
3187	23	12518	111
4	1	5	020
3233	23	2977	147
8204	23	2989	015
2101	6	2008	074
3233	23	12521	157
3225	23	2938	015
2168	6	173	060
3225	23	2989	050
3157	11	3107	152
8438	20	6780	142
446	1	171	148
199	1	189	118
3216	12	2155	028
2124	6	116	090
2168	6	173	027
19	6	2009	082
2582	9	2520	121
794	1	478	125
1975	6	2008	019
3032	10	2940	103
8301	23	3060	134
8204	23	2989	046
2811	9	2517	128
172	1	402	087
2026	6	2027	138
1894	23	2920	096
3032	10	2940	160
2909	9	2720	055
2770	9	2482	106
2077	6	2061	053
733	1	731	118
1975	6	2009	121
8863	17	5816	141
2867	9	2517	129
8863	17	5816	052
1871	12	2155	016
1110	15	5120	154
921	6	30	103
1894	23	2920	119
2845	10	2977	144
2880	9	2517	146
2717	9	2517	139
83	1	58	136
364	6	29	154
2923	17	6406	126
2124	6	116	116
205	15	4990	060
3216	12	2155	136
1139	1	774	152
2592	9	2593	105
2629	9	2520	120
2080	6	116	068
2903	11	3089	031
2030	6	2009	126
3143	11	3087	128
4582	14	3794	115
3187	23	12518	131
8204	23	2989	071
729	1	731	036
2874	9	2476	116
1958	6	2170	155
196	1	189	137
196	1	189	111
4586	17	5818	150
2090	6	116	078
381	6	405	069
2008	15	4988	035
2874	9	2476	004
4	1	627	140
2770	9	2540	161
2791	9	2476	079
213	1	189	061
2909	9	2593	071
8301	23	3060	119
2140	6	2008	071
2116	6	2018	152
2909	9	2720	155
3225	23	2938	113
2785	9	2593	103
2809	17	5818	117
3062	10	2924	067
2010	6	2009	112
284	1	189	138
2911	9	2482	121
8282	23	12519	076
733	1	731	083
771	1	629	025
3093	23	12538	021
675	15	4990	144
11201	22	2157	155
3106	11	3087	008
2516	9	2517	125
1863	10	3027	122
4586	14	4587	133
1110	15	5120	008
2632	9	2476	156
3218	12	2018	023
2017	6	2009	094
3216	12	2155	023
1957	6	402	145
2587	9	2588	118
2140	6	2018	141
2785	9	2520	155
675	6	405	104
1922	6	2061	012
675	15	4990	089
2003	6	30	056
675	15	4990	029
2105	6	30	109
2074	6	402	133
3143	11	3087	012
1956	6	2040	149
2090	6	116	046
2726	20	6012	126
3032	10	2940	071
2026	6	30	043
8863	17	5816	120
1900	10	3042	136
2809	17	5818	136
675	15	5120	059
1893	23	3074	139
1110	15	5120	038
8863	17	5818	045
919	1	921	062
8863	17	5817	154
2663	9	2588	143
3187	23	12518	140
2101	6	2040	144
2026	6	30	112
3093	23	12538	060
2773	9	2517	102
2080	6	117	010
2131	6	2009	132
2006	6	29	161
1958	6	2061	018
2131	6	2008	036
480	15	4990	078
2681	9	2476	106
8282	23	12519	083
2059	6	2018	150
2119	6	2120	160
8204	23	2989	011
629	1	30	098
921	1	30	034
260	1	189	136
1922	6	2061	041
1871	12	2155	122
2923	10	2924	115
2090	6	116	061
381	6	405	082
3197	12	2055	116
8301	23	3060	091
399	1	405	118
2911	10	2940	094
478	1	444	125
2003	6	2038	010
796	15	4990	014
2129	6	30	115
8957	23	2922	003
2809	17	5817	132
8779	23	2989	073
44	6	30	060
480	15	4990	115
2917	10	2942	159
3866	14	3487	137
3106	11	3087	056
2663	17	5818	148
2020	6	2018	134
3225	23	2989	093
2511	9	2517	145
169	1	172	133
3197	12	2055	161
2822	9	2529	129
771	6	30	059
2006	6	29	055
381	1	405	128
921	1	46	136
2812	9	2517	091
919	1	921	095
4582	14	3793	137
2077	6	2061	062
4393	14	3495	152
729	1	731	141
8863	17	5816	040
2809	17	5817	113
3217	12	28	056
1588	6	46	136
2140	6	2008	037
1983	6	405	109
8863	17	5817	151
3739	14	3737	036
213	1	189	034
729	1	731	049
2121	6	405	091
1912	15	5024	109
729	1	731	158
2172	6	2018	143
771	1	629	030
8008	20	7092	120
1866	12	170	074
2644	9	2593	149
8779	23	2989	009
2592	9	2593	154
2582	9	2520	119
188	1	189	125
3021	10	2924	084
205	6	2019	149
2149	6	29	135
8863	17	5817	103
2138	6	2008	030
284	1	189	089
742	1	748	103
3143	11	3087	122
2483	9	2518	148
2126	6	625	152
733	1	731	074
381	6	405	065
2909	9	2593	042
12016	22	9678	160
1429	6	30	050
113	6	30	067
729	15	4990	151
215	1	189	059
2663	17	5935	151
2131	6	2018	154
2812	9	2517	134
2026	6	30	088
2131	6	2008	018
2909	9	2593	056
2	6	30	051
2867	9	2517	106
1003	1	1005	142
2693	12	28	006
2909	9	2720	059
488	1	30	077
675	15	4990	099
1922	6	2061	056
2511	9	2517	161
4036	14	3498	078
2874	9	2476	104
2592	9	2593	160
2059	6	2060	103
2632	9	2517	151
3232	12	29	020
2129	6	30	014
2761	9	2517	116
195	1	189	108
2809	9	2705	119
2629	9	2520	113
169	6	173	042
1975	6	2009	106
4582	14	3794	090
2663	17	5817	129
919	1	921	064
2785	9	2520	093
8301	23	3060	061
1947	6	2027	136
2644	9	2593	124
771	6	30	036
659	1	341	146
431	1	189	133
3187	23	12518	132
3211	12	2120	086
3204	12	170	156
3232	12	29	129
2026	6	30	028
729	1	731	115
2094	6	2040	116
733	1	731	133
199	1	189	161
197	1	189	129
2815	23	2922	127
2909	9	2720	125
8492	20	6706	115
2008	15	4988	045
8957	23	2922	024
8204	23	2989	068
629	1	28	151
1922	6	2018	147
8863	17	5818	148
2785	9	2593	075
2663	17	5816	148
771	1	773	150
8204	23	2989	084
195	1	189	053
4036	14	3498	046
2102	6	2008	060
8957	23	2922	075
2124	6	115	158
796	15	4990	139
2511	9	2476	157
213	1	189	134
8863	17	6190	099
172	1	402	039
195	1	189	035
4582	14	3794	140
2021	6	405	089
2530	14	3431	013
1957	6	171	157
4691	14	3495	024
2020	6	2018	140
40	6	1439	063
2719	9	2720	151
771	1	629	102
198	1	189	128
1912	6	402	134
381	6	405	081
2003	6	30	127
3216	12	2155	026
2006	6	29	029
2059	6	2060	119
4281	14	4155	098
2530	14	3431	106
3142	14	3509	075
771	6	30	007
478	1	444	010
2693	11	3087	135
205	15	4990	120
40	6	1439	118
8204	23	2989	051
1866	12	170	035
8863	17	5818	033
2587	9	2476	141
2080	6	117	002
7449	20	6780	151
83	1	58	153
2663	9	2588	134
2916	9	2517	113
2663	9	2588	147
2909	9	2593	158
2035	6	625	143
8204	23	2989	075
284	6	2040	131
2059	6	2018	154
213	1	189	126
2615	9	2476	131
659	1	341	100
2511	9	2476	128
205	6	30	044
2785	9	2593	136
921	1	30	085
2007	6	2008	050
1959	6	2018	153
2006	6	29	128
113	6	30	042
2129	6	30	019
1866	12	170	133
2017	6	2009	083
2587	9	2588	096
2017	6	2008	033
1957	6	171	148
3751	14	3495	096
3739	14	3495	033
4914	14	4746	009
2007	6	2008	033
2090	6	115	136
2101	6	2008	041
4582	14	3794	149
2917	10	2942	099
2144	6	2009	083
2131	6	2018	134
100	6	30	108
2681	9	2476	156
2030	6	2009	103
4534	14	4535	106
431	1	189	152
2080	6	116	073
1983	6	405	128
396	6	30	003
8779	23	2989	079
8529	23	2989	043
675	15	5120	101
2140	6	2008	059
2030	6	2008	072
213	1	189	003
2822	9	2529	144
2880	9	2517	141
2895	20	6706	120
3208	12	2120	091
2138	6	2009	106
3216	12	2155	151
659	1	341	074
44	6	30	025
2809	9	2705	150
742	1	748	087
1429	6	2111	130
3866	14	3487	140
2008	9	259	044
3064	23	12505	017
2917	10	2942	118
8301	23	3060	050
195	1	189	074
796	15	4990	160
2883	9	2482	121
40	6	1439	079
205	6	30	063
1956	6	2045	015
169	1	173	011
1912	15	5024	122
8529	23	2989	107
2481	9	2482	142
284	6	2040	144
2077	6	2061	024
2867	9	2517	127
1110	15	5120	011
733	1	731	080
2874	9	2476	108
44	6	30	028
1931	6	116	109
340	6	405	127
2770	9	2482	108
2124	6	116	057
284	6	2008	068
2632	9	2517	120
8863	17	5935	109
431	1	189	041
3200	12	2055	152
2808	9	2517	091
9084	20	6706	138
211	1	189	007
2101	6	2008	039
4582	14	3794	127
3225	12	2155	147
675	15	4990	141
4	1	5	077
2917	10	2942	082
55	6	30	055
3214	12	2120	146
2017	6	2018	161
2059	6	2018	128
2903	11	3089	149
2127	6	171	120
340	1	341	147
399	1	405	094
2030	6	2032	148
3218	12	2018	026
8863	17	5816	063
4885	14	3690	059
2791	9	2476	052
480	15	4990	085
3064	23	12505	027
2010	6	2009	100
3211	12	2120	109
4582	14	3794	142
1429	6	171	153
2080	6	116	018
2105	6	30	117
1975	6	2009	084
796	15	4990	152
2168	6	173	048
2530	14	3711	133
2129	6	30	111
2785	9	2593	105
212	1	189	081
211	1	189	016
2172	6	2008	034
381	6	405	088
3068	23	3027	100
213	1	189	144
742	1	748	126
1945	6	405	120
3217	12	28	026
2867	9	2588	143
4659	14	3512	072
2615	9	2593	122
8863	17	6190	080
284	6	2040	151
2791	9	2476	048
215	1	189	137
2770	9	2540	148
629	1	28	142
8438	20	6780	134
2895	9	2517	105
2761	9	2517	141
733	1	731	100
675	6	405	117
212	1	189	025
2030	6	2009	118
3216	12	2155	080
2798	9	2505	161
2037	6	2009	114
8824	23	2977	135
1473	1	114	064
1902	23	3074	109
2909	9	2720	043
2582	9	2520	110
3225	23	2989	069
2693	11	3087	144
2903	11	3089	029
3197	12	2120	115
2138	6	2018	149
1912	6	259	057
195	1	189	120
2126	6	2009	122
2917	9	2593	121
19	6	2008	077
2917	10	2942	095
2131	6	2009	114
2069	6	2018	087
431	1	189	106
114	1	116	090
381	6	405	031
2693	12	28	035
2102	6	2008	039
2845	14	3956	118
1959	6	2008	079
2744	9	2593	127
675	6	405	120
8529	23	2989	036
2615	9	2476	126
8571	23	12518	058
1588	6	29	142
1473	1	114	062
2080	6	115	161
629	1	30	039
4582	14	3794	139
771	6	30	037
2723	9	2517	152
2121	6	405	109
44	1	46	159
2105	6	2027	161
509	6	30	010
5826	23	2989	161
3866	14	3487	113
4586	17	5817	119
19	6	2009	084
8863	17	5818	110
509	6	30	003
3197	12	2055	151
2138	6	2018	139
2845	10	2977	113
2785	9	2520	159
1975	6	625	140
3232	12	29	136
1931	6	116	136
4586	17	5818	122
211	1	189	044
4582	14	3794	006
2592	9	2593	107
2077	6	2061	067
1902	23	3074	041
2693	17	5954	160
4347	14	3475	156
205	15	4990	067
2583	9	2476	150
675	15	4990	041
480	15	5067	121
2911	10	2720	110
2726	9	2593	148
284	1	189	111
1860	10	2932	097
1922	6	2061	004
2037	6	2009	097
2663	17	5818	131
729	15	4990	107
88	6	30	053
1956	6	2045	012
1922	6	2061	045
2916	14	3509	080
4586	17	5817	145
2637	9	2593	100
794	1	478	151
2008	9	259	061
1983	15	5024	104
794	1	478	104
3866	14	3487	159
1894	23	2920	008
169	6	173	012
100	6	30	044
2101	6	2008	053
2530	14	3431	127
3068	23	3027	131
3206	12	2120	083
284	6	2040	161
2074	6	402	146
675	15	4990	127
2119	6	2045	128
2003	6	30	069
1931	6	116	087
4582	14	3794	085
44	1	46	147
19	6	2044	148
4885	17	8813	057
8301	23	3060	106
1429	6	30	060
2017	6	2008	061
2777	9	2505	134
2903	11	3089	025
2911	10	2720	133
2874	9	2476	082
1957	6	173	050
488	1	30	074
3021	10	2924	081
169	6	173	047
198	1	189	050
215	1	189	094
2168	6	173	054
197	1	189	145
675	15	4990	155
195	1	189	030
1983	6	171	151
2021	6	405	103
921	1	30	020
1931	6	116	110
396	6	30	017
921	6	30	075
8779	23	2989	080
2909	9	2593	124
2127	6	171	033
2140	6	2009	131
2911	10	2720	152
2644	9	2593	098
480	15	5067	140
1975	6	2008	048
4036	14	3498	027
2809	17	5935	147
2026	6	30	041
169	1	173	097
2077	6	2061	040
1429	6	30	077
2008	9	259	064
196	1	189	104
2	6	30	071
3197	12	2055	132
2059	6	2018	129
172	1	402	037
2138	6	2018	156
100	6	29	155
478	1	444	062
659	1	341	053
381	1	405	088
4582	14	3794	113
2511	9	2517	133
2090	6	116	105
3093	23	12538	055
28	9	29	146
742	15	4990	112
4885	17	8813	158
588	6	30	064
2069	6	2018	080
2637	9	2593	099
2121	6	402	141
19	6	2045	003
44	6	30	076
88	1	90	081
55	6	30	112
2809	17	5818	106
3232	12	29	120
1851	9	2520	159
2911	9	2482	065
3064	23	12505	144
2867	9	2517	159
3093	23	12538	108
205	15	4990	137
2026	6	30	099
3190	14	4363	076
921	1	30	038
3225	12	2155	142
2119	6	2120	094
2055	15	4969	160
3208	12	2120	112
40	6	1439	143
2530	14	3431	067
2010	6	2009	107
88	1	90	103
1429	6	2027	149
2074	6	170	159
2172	6	2009	118
4036	14	3498	038
3032	10	2940	143
2874	9	2476	063
1902	23	3074	094
8863	17	5818	130
2030	6	2032	142
2102	6	2008	056
1866	12	170	055
2583	9	2476	138
771	1	629	038
3093	23	12538	015
4036	14	3498	147
771	1	629	076
2102	6	2103	013
3204	12	170	154
919	1	921	073
428	6	171	147
629	1	30	112
2530	14	3431	001
4885	17	8813	082
8282	23	12519	093
2903	11	3089	114
4582	14	3794	045
2007	6	2008	054
8301	23	3060	040
2883	9	2517	113
675	15	4990	033
1922	6	2061	057
2010	6	2018	157
3211	14	3426	080
3233	12	2009	111
2	6	30	061
428	6	405	124
28	9	29	152
100	6	30	087
2026	6	30	074
2809	17	5817	134
2077	6	2061	080
28	6	29	157
169	6	173	013
480	15	5067	115
431	1	189	000
4586	14	4587	127
1866	12	170	144
3225	23	2938	061
3815	14	3495	097
8957	23	2922	061
195	1	189	112
1975	6	625	151
675	6	402	135
396	6	30	105
8824	23	2977	098
3232	12	29	055
3190	12	2120	137
215	1	189	016
1957	6	173	061
1958	6	2061	059
2809	17	5817	124
1473	1	114	091
2903	11	3089	120
2979	10	2924	146
4586	17	5818	107
169	6	173	008
8957	23	2922	159
2909	9	2720	033
8863	17	5816	092
1947	6	173	042
1947	6	173	043
40	6	1439	096
1473	1	114	012
205	6	30	102
2681	9	2476	119
44	6	550	133
169	6	405	131
2769	9	2476	093
2808	9	2517	131
8438	20	6780	138
2110	6	402	142
8863	17	5817	114
114	1	116	053
197	1	189	014
2770	9	2540	131
44	6	30	036
88	6	30	012
215	1	189	135
2102	6	285	011
3106	11	3087	055
3034	14	3956	158
196	1	189	065
1110	15	5120	126
188	1	189	028
2615	9	2476	141
2589	9	2517	147
2530	14	3431	077
188	1	189	058
659	1	341	148
4036	14	3498	090
8301	23	3060	107
2105	6	30	059
4885	17	8813	036
2099	15	4969	161
675	15	5120	148
113	6	30	026
2808	10	2924	093
1947	6	2027	154
55	6	30	053
675	15	4990	156
1863	9	2518	155
446	1	259	054
1958	6	2061	040
921	1	30	130
2010	6	2009	115
188	1	189	094
2530	9	2476	142
169	1	172	144
2116	6	2061	031
2845	10	2977	099
1912	6	405	093
588	6	30	059
8571	23	12518	114
396	6	30	023
1863	10	3027	121
1947	6	405	132
1894	23	2920	060
2116	6	2018	126
2791	9	2476	001
2880	9	2517	126
2663	17	6190	155
8282	23	12519	012
8529	23	2989	141
3064	23	12505	015
284	6	2095	021
2845	9	2518	151
2101	6	2040	122
8824	23	2977	155
1983	6	402	139
480	15	4990	118
480	15	4990	041
3751	14	3752	092
2116	6	2018	144
8282	23	12519	001
3064	23	12505	117
2035	6	2009	122
1931	6	116	097
3232	12	29	050
2923	10	2924	140
8863	17	5816	088
83	1	58	147
2094	6	2040	161
729	15	4990	102
1473	1	114	135
796	15	4990	015
921	6	30	076
1910	14	3956	124
2077	6	2018	139
4586	17	5935	161
1958	6	2061	047
675	15	4990	063
629	1	30	108
4749	14	3794	061
260	1	189	123
8301	23	3060	121
480	15	4990	097
7878	17	6399	144
205	15	4990	013
2723	9	2517	138
4586	17	5817	122
629	1	30	114
729	1	731	147
2681	9	2476	018
1956	6	2008	071
675	15	4990	106
659	1	341	025
4914	14	4746	000
2105	6	30	003
478	1	444	028
2769	9	2476	147
205	15	4990	116
2637	9	2593	160
196	1	189	002
100	6	30	054
8863	17	5816	065
3187	23	12518	090
196	1	189	152
8779	23	2989	004
3233	23	2977	143
3217	12	28	073
7893	20	6706	139
40	6	1439	158
2006	6	29	113
2592	9	2593	153
2903	11	3089	033
796	15	4990	029
1473	1	114	124
2101	6	2095	027
796	15	4990	064
44	6	30	099
1429	6	2027	136
1588	6	30	078
188	1	189	001
8863	17	5817	125
2717	9	2517	101
2769	9	2476	109
3200	12	2055	104
169	1	173	025
88	6	30	099
396	6	30	032
2110	6	402	143
921	1	30	027
2129	6	30	048
2119	6	2045	097
1922	6	2018	104
4582	14	3794	106
172	1	402	028
2017	6	2009	081
2157	6	2120	131
3211	12	2120	138
2911	10	2720	076
2717	9	2517	127
2883	9	2517	138
4036	14	3498	152
1956	6	2009	130
2080	6	115	136
2883	9	2482	147
2809	17	5817	096
2655	17	8343	152
1902	23	3074	019
2688	9	2517	101
2026	6	30	106
55	6	30	025
446	1	405	122
2655	9	2482	158
2979	10	2924	148
428	15	5024	150
8863	17	5816	123
2677	9	2486	160
2080	6	116	124
2744	10	2924	082
3866	14	3487	132
2688	9	2517	129
2124	6	116	049
2119	6	2008	060
798	1	591	158
796	15	4990	065
198	1	189	057
431	1	189	115
100	6	30	035
196	1	189	098
169	6	405	097
9348	20	6012	115
2592	9	2593	095
2911	9	2482	119
2059	6	2018	136
4885	17	8813	153
8301	23	3060	082
675	15	4990	100
2589	9	2517	156
2007	6	2008	023
260	1	189	069
2911	10	2720	090
2808	9	2517	121
794	1	478	121
188	1	189	133
3064	23	12505	000
2693	12	28	098
2584	9	2482	157
8301	23	3060	081
2587	9	2476	122
3068	23	3027	105
211	1	189	071
2809	17	5818	133
2074	6	405	125
2021	6	405	087
88	1	90	092
675	15	5120	035
2629	9	2520	137
1956	6	2009	120
8824	23	2977	006
1957	6	173	065
2530	14	3431	154
2530	14	3431	059
15	1	797	155
100	6	30	127
2911	10	2940	108
3218	12	2018	151
2102	6	2040	086
2121	6	405	090
3106	11	3087	014
2006	6	29	120
215	1	189	010
205	15	4990	083
509	6	30	036
212	1	189	131
2644	9	2593	145
2069	6	2018	145
488	1	28	142
2809	17	5935	129
771	6	30	006
729	1	731	127
2516	9	2517	161
2116	6	2018	086
1956	6	2040	155
2069	6	2018	135
2874	9	2476	092
2632	9	2517	124
771	1	629	073
1894	23	2920	134
2008	9	259	049
2	6	30	090
196	1	189	110
3064	23	12505	159
3187	23	12518	109
1922	6	2018	124
794	1	478	131
3064	23	12505	036
1975	6	625	143
381	1	405	161
197	1	189	050
2644	9	2593	042
675	1	320	159
196	1	189	058
2688	9	2517	108
2116	6	2061	025
4586	17	5816	149
198	1	189	147
100	6	30	020
8825	17	5816	146
1959	6	2008	052
205	15	4990	095
172	1	402	011
2681	9	2476	030
6995	17	5950	157
1473	1	114	014
3218	12	2018	131
733	1	731	137
3508	14	3436	159
3032	10	2940	096
2003	6	30	085
83	6	29	154
2530	9	2517	138
2080	6	116	087
2072	6	29	146
798	1	1004	161
396	6	30	060
2615	9	2593	087
2663	17	6190	150
2903	11	3089	113
284	1	189	112
2516	9	2517	131
2874	9	2476	083
2094	6	2040	100
83	1	262	010
169	6	405	114
2017	6	2008	059
2	6	30	037
2589	14	4898	118
2516	9	2517	133
2006	6	29	125
2644	9	2593	139
396	6	30	039
215	1	189	130
1912	6	405	091
1958	6	2061	043
10751	22	10030	142
8863	17	5816	140
10751	22	2157	141
2773	9	2517	115
3218	12	2018	041
2172	6	2018	161
100	6	30	058
4586	14	4587	110
2845	14	3956	151
2	6	30	093
3200	12	2055	093
2655	9	2482	137
2615	9	2476	140
1588	6	30	028
771	1	629	028
2126	6	2009	113
1588	6	30	121
2144	6	2009	116
4885	17	8813	039
2903	11	3089	016
1959	6	2018	138
3068	23	3027	073
3206	12	2120	078
3032	10	2940	100
1922	6	2061	091
1983	15	5024	161
2059	6	2061	084
40	6	1439	069
2717	9	2517	123
588	6	30	055
2693	17	5953	157
340	6	402	141
196	1	189	073
3218	12	2018	113
1947	6	2027	143
2773	14	3636	086
212	1	189	089
2809	9	2705	158
2101	6	2040	107
2140	6	2009	097
2105	6	30	094
2582	9	2520	143
1429	6	30	082
2777	9	2505	139
2911	9	2482	091
2131	6	2018	157
55	6	30	097
3225	23	2989	102
2582	9	2520	134
431	1	189	114
169	6	405	092
3187	23	12518	117
2101	6	2040	154
2632	9	2476	118
1922	6	2061	060
19	6	2008	062
1912	6	259	078
2101	6	285	005
2105	6	30	108
2845	10	2977	153
921	6	30	100
1958	6	2009	092
4	1	5	032
195	1	189	080
2124	6	116	061
2090	6	116	067
1957	6	173	031
8824	23	2977	039
195	1	189	121
199	1	189	146
796	15	4990	148
3232	12	29	043
3232	12	29	123
88	1	90	033
2586	9	2482	146
742	15	4990	144
1588	1	262	011
2116	6	2018	099
2632	9	2476	109
212	1	189	115
921	1	46	137
1473	1	114	139
2809	9	2705	123
2059	6	2061	032
2127	6	171	028
4615	14	3737	082
172	1	402	070
198	1	189	090
2663	9	2588	158
8863	17	5816	043
921	1	30	094
8529	23	2989	005
55	6	30	119
2582	9	2520	128
2017	6	2018	136
509	6	30	040
1947	6	405	100
1588	6	30	082
3218	12	2018	154
198	1	189	005
2055	9	2486	160
4586	17	5817	141
3204	12	170	148
2822	14	3475	138
796	15	4990	073
2809	17	5817	126
2916	9	2517	124
626	1	46	149
742	15	4990	140
2129	6	30	095
196	1	189	136
2615	9	2476	152
28	9	29	143
3232	12	29	155
3143	11	3087	136
199	1	189	037
771	6	29	155
2867	9	2588	137
2883	9	2482	143
2909	9	2720	028
19	6	2008	049
1910	14	3981	145
2615	9	2593	105
1912	15	5024	121
921	1	30	104
2030	6	2009	109
4	1	5	073
659	1	341	079
2124	6	116	118
2119	6	2045	101
172	1	402	082
2587	9	2476	155
199	1	189	055
196	1	189	047
1473	1	114	133
1866	12	170	018
2131	6	2018	146
3197	12	2055	144
169	6	171	147
2	6	30	095
2655	9	2482	161
205	15	4990	135
88	6	29	156
8282	23	12519	057
2726	9	2593	159
3093	23	12538	037
675	15	5120	104
2808	9	2517	137
88	1	90	093
3739	14	3496	026
8824	23	2977	016
28	6	29	138
2693	17	5955	159
742	15	4990	111
1429	6	30	090
2874	9	2476	102
55	6	30	048
9423	20	6706	139
3214	12	2120	118
1931	6	116	074
2681	9	2476	068
2693	11	3087	116
3208	12	2120	102
478	1	444	051
629	1	30	064
2880	9	2517	135
2911	10	2940	082
284	1	189	113
2587	9	2476	143
399	6	402	140
55	6	30	107
1947	6	2027	152
8529	23	2989	044
114	1	116	047
2020	6	2045	013
8863	17	6190	073
260	1	189	109
2006	6	29	100
796	15	4990	151
3217	12	28	066
3106	11	3087	051
195	1	189	031
919	1	921	139
2663	17	5935	159
8779	23	2989	078
88	1	90	115
3214	12	2120	098
2867	9	2588	146
2483	9	2518	149
2131	6	2009	102
2693	12	28	123
8957	23	2922	041
2791	9	2476	017
2903	12	170	155
3032	10	2940	142
8529	23	2989	063
8204	23	2989	101
3216	12	2155	060
2101	6	285	009
2916	9	2517	105
2798	9	2505	158
1975	6	2008	042
2144	6	2018	143
2037	6	2009	119
2809	17	5818	143
2909	9	2720	069
198	1	189	066
3216	12	2155	116
3866	14	3487	070
284	1	189	140
8282	23	12519	022
100	6	30	120
1894	23	2920	025
2530	9	2476	144
195	1	189	000
729	15	4990	109
3225	23	2989	049
284	1	189	109
2867	9	2517	152
2077	6	2060	109
3143	11	3087	102
8957	23	2922	160
2587	9	2476	060
3217	12	28	007
2102	6	2040	126
2069	6	2018	105
3225	23	2938	007
55	6	29	140
1902	23	3074	095
44	6	30	021
2582	9	2520	075
1910	14	3956	137
2744	10	2924	080
1588	6	30	119
8824	23	2977	076
1931	6	116	061
3190	12	2120	134
8282	23	12519	139
2774	9	2748	147
3143	11	3087	044
3200	12	2055	156
1959	6	2008	072
3068	23	3027	028
2105	6	30	069
1975	6	2008	081
2809	17	5816	160
3218	12	2018	072
215	1	189	068
2808	9	2517	099
2874	9	2476	065
197	1	189	052
213	1	189	070
284	1	189	114
1912	6	405	095
2693	12	28	074
3218	12	2018	031
4684	14	3971	154
3232	12	29	051
3225	23	2938	026
1110	15	5120	117
2144	6	2009	085
2129	6	30	066
3739	14	3496	024
3032	10	2940	108
675	1	320	090
100	6	30	072
2809	17	5935	126
2140	6	2008	076
2688	9	2517	126
2587	9	2476	123
2127	6	171	112
729	1	731	154
2119	6	2120	135
1871	12	2155	098
431	1	189	157
2688	9	2517	135
2723	9	2482	154
2644	9	2593	037
2074	6	405	126
1900	10	3042	127
2003	6	2038	018
2069	6	2018	089
2511	9	2476	121
919	1	921	113
55	6	30	091
8863	17	5818	098
2592	9	2593	125
3844	14	3737	054
3187	12	2055	103
195	1	189	041
428	15	5024	123
4154	14	4155	143
2744	9	2593	122
2773	9	2517	116
40	6	1439	095
2026	6	30	113
2883	9	2482	113
199	1	189	093
2026	6	2027	144
2903	11	3089	003
2688	9	2517	130
2127	6	171	148
2172	6	2018	133
3208	12	2120	132
4749	14	3794	071
431	1	189	049
2911	10	2940	097
3106	11	3087	085
1957	6	2056	006
284	6	2008	048
1910	14	3956	126
1866	12	170	151
588	6	589	154
3064	23	12505	022
921	1	30	128
4582	14	3794	150
3866	14	3487	106
4586	14	4587	119
1110	15	5120	107
3187	23	12518	126
8529	23	2989	034
2911	10	2940	102
8282	23	12519	062
196	1	189	055
431	1	189	016
2126	6	2008	043
480	15	4990	055
1902	23	3074	003
1588	6	30	091
88	6	29	141
284	1	189	126
40	6	1439	154
1900	10	3043	138
444	1	405	108
212	1	189	038
3233	23	12521	144
2615	9	2476	113
8282	23	12519	070
2080	6	116	106
3068	23	3027	083
3068	23	3027	087
3068	23	3027	015
8350	17	6268	112
1902	23	3074	077
2131	6	2009	101
28	15	4988	135
55	6	29	149
1956	6	2009	082
2592	9	2593	112
8529	23	2989	111
2582	9	2520	130
1957	6	405	125
2723	9	2517	110
2744	9	2593	089
2020	6	2009	081
1956	6	2008	050
1429	6	30	102
2101	6	2008	060
197	1	189	013
3200	12	2055	094
444	1	405	102
3866	14	3487	152
3143	11	3087	133
2681	9	2476	065
199	1	189	061
8983	17	6005	068
3205	12	2055	141
2792	9	2578	144
8204	23	2989	088
2172	6	2009	101
2516	9	2517	113
2126	6	2009	121
2516	9	2517	099
2157	6	2120	156
2020	6	2045	005
3866	14	3487	088
2074	6	405	123
172	1	402	133
2094	6	2103	013
44	6	30	061
1912	6	171	154
44	6	46	136
2909	9	2593	119
4534	14	4535	102
2116	6	2061	007
675	15	5120	064
2101	6	2040	125
742	15	4990	106
3233	23	2977	155
2761	9	2517	099
2126	6	2009	114
3197	12	2055	139
40	6	1439	128
659	1	341	108
3218	12	2018	134
3021	10	2924	074
431	1	189	131
2770	9	2540	150
2035	6	2009	118
794	1	478	113
2769	9	2476	160
2874	9	2476	054
8204	23	2989	042
2124	6	116	033
428	15	5024	140
1945	6	405	091
3718	14	3433	045
428	6	405	111
480	15	4990	137
2080	6	116	028
1922	6	2018	093
1110	15	5120	073
1958	6	2061	020
1922	6	2018	149
2138	6	2008	051
3866	14	3487	127
114	1	116	093
3211	12	2120	082
2644	9	2593	141
197	1	189	058
399	1	405	085
2080	6	116	103
2127	6	171	136
44	6	30	116
2791	9	2476	146
1912	6	259	062
2582	9	2520	086
2127	6	171	104
2909	9	2593	080
284	6	2008	038
1473	1	114	112
1429	6	30	031
921	6	30	036
2769	9	2476	155
2080	6	116	045
2671	17	6171	022
2105	6	30	104
9431	20	5762	151
2126	6	2008	081
2080	6	115	139
2101	6	2040	128
205	15	4990	119
399	1	171	148
2583	17	5818	114
431	1	189	006
2693	12	28	016
8863	17	5935	152
1975	6	2009	102
2157	6	2120	112
2127	6	171	036
742	1	748	094
2121	6	2122	013
1894	23	2920	033
3214	12	2120	127
340	1	341	144
4691	14	3737	028
2903	11	3089	049
659	1	341	013
396	6	29	148
2131	6	2008	035
2172	6	2009	107
1429	6	30	053
1866	12	170	114
2587	9	2476	082
2003	6	30	081
2592	9	2593	126
113	6	30	039
3756	14	3495	070
3032	10	2940	080
921	6	30	011
1902	23	3074	052
212	1	189	018
2124	6	116	126
197	1	189	137
2785	9	2520	103
1860	23	2940	079
2126	6	2008	050
2582	9	2520	107
2080	6	116	104
3190	12	2120	112
88	6	30	068
3225	23	2938	040
2761	9	2517	136
2693	12	28	037
2119	6	2008	037
169	6	173	034
3232	12	29	134
3190	12	2120	082
2140	6	2008	023
2157	6	2120	148
3068	23	3027	030
659	1	341	082
771	6	30	117
3232	12	29	088
28	1	29	151
1110	15	5120	092
2530	14	3431	135
1871	12	170	133
771	6	30	025
2530	14	3431	029
1871	12	170	135
172	1	402	067
4582	14	3794	147
211	1	189	020
1871	12	2155	010
2637	9	2593	131
169	1	172	134
44	6	30	104
2809	9	2705	134
2587	9	2476	071
771	6	30	053
2845	14	3956	140
2116	6	2061	014
211	1	189	009
2644	9	2593	046
3225	23	2938	076
3211	12	2120	128
1975	6	2008	073
113	6	29	158
2072	6	29	147
2124	6	116	066
2809	17	5816	149
675	15	4990	135
3217	12	28	028
3190	12	2120	083
2615	9	2476	116
3157	11	3107	160
2717	9	2517	106
2119	6	2045	089
2663	17	5935	144
2663	17	5817	153
2172	6	2008	024
211	1	189	051
2717	9	2517	116
2530	14	3431	075
4036	14	3498	055
1959	6	2008	031
675	15	4990	090
381	6	405	035
2069	6	2018	098
19	6	2008	080
1956	6	2008	044
8529	23	2989	075
4582	14	3794	092
1959	6	2018	140
2119	6	2045	099
284	6	2040	103
88	6	30	091
3190	12	2120	155
2481	9	2482	105
2127	6	171	084
2017	6	2008	057
3866	14	3487	075
205	15	4990	057
2138	6	2008	074
2077	6	2061	081
8529	23	2989	013
2592	9	2593	146
1429	6	30	075
19	6	2008	040
480	15	5067	093
2644	10	2924	065
2124	6	116	095
2101	6	2095	029
2010	6	2008	044
2923	10	2924	136
2923	10	2924	119
796	15	4990	124
2138	6	2018	137
261	1	46	146
172	1	402	058
1900	10	3042	124
2126	6	2009	111
2090	6	116	063
2026	6	30	094
8824	23	2977	059
1860	9	2517	120
733	1	731	101
8282	23	12519	089
2777	9	2505	129
2026	6	2027	136
188	1	189	062
2008	15	4988	056
215	1	189	006
428	15	5024	127
2006	6	29	135
2121	6	405	103
1959	6	2008	033
2119	6	2008	071
2140	6	2009	119
2909	9	2593	094
675	6	171	157
8571	23	12518	133
2785	9	2520	151
2663	17	5935	147
100	6	30	066
1959	6	2008	024
3214	12	2120	108
198	1	189	062
1957	6	173	076
2026	6	30	118
2511	9	2517	109
4749	14	3794	073
1983	6	405	121
198	1	189	003
3197	12	2120	112
196	1	189	003
1912	15	5024	138
8863	17	5816	108
114	1	115	140
2615	9	2593	093
8779	23	2989	088
205	6	30	065
3211	12	2120	099
3200	12	2055	160
675	1	320	117
480	15	4990	028
3232	12	29	052
2895	9	2517	097
197	1	189	001
8824	23	2977	027
2172	6	2008	043
588	6	589	136
1912	6	405	101
8824	23	2977	033
2582	9	2520	068
2077	6	2060	105
1945	6	402	147
2719	10	3016	126
2101	6	2008	070
3225	23	2938	055
8282	23	12519	101
169	6	405	116
3187	23	12518	123
114	1	116	036
3032	10	2940	106
480	15	5067	090
8204	23	2989	067
2660	9	2486	161
675	15	4990	003
55	6	30	094
2587	9	2476	090
8301	23	3060	005
2792	9	2578	149
197	1	189	021
196	1	189	038
12469	22	9756	156
3206	14	3426	087
8824	23	2977	061
3217	12	28	088
199	1	189	099
509	6	30	011
2126	6	2008	045
114	1	116	031
2785	9	2520	098
2530	14	3431	089
1947	6	405	093
3866	14	3487	125
215	1	189	098
8767	20	7092	149
2582	9	2520	083
10751	22	9991	148
2090	6	116	134
2785	9	2520	131
2723	9	2517	100
3106	11	3087	118
2867	9	2588	129
114	1	116	067
921	1	30	051
3032	10	2940	130
8824	23	2977	080
2119	6	2045	073
1958	6	2061	045
1956	6	2008	046
8438	20	6780	139
1958	6	2009	102
2530	14	3712	131
2791	9	2476	006
675	1	320	146
2791	9	2476	135
2138	6	2008	054
2812	10	2924	101
4582	14	3794	032
2101	6	2045	017
2909	9	2593	044
480	15	5067	083
340	1	381	129
3106	11	3087	161
2909	9	2720	153
2121	6	405	098
2587	9	2476	152
205	6	30	032
213	1	189	048
921	1	30	127
3217	12	28	000
2644	10	2924	046
3225	23	2938	058
399	1	405	131
8301	23	3060	053
8863	17	5817	061
8301	23	3060	030
921	6	30	098
8282	23	12519	081
3143	11	3087	052
1588	6	30	095
8301	23	3060	078
198	1	189	070
431	1	189	138
1975	6	2008	005
1957	6	405	128
2916	9	2517	136
2808	9	2517	136
2911	9	2482	086
19	6	2008	057
796	15	4990	036
2119	6	2045	062
2126	6	2045	012
3032	10	2940	098
1922	6	2061	024
2140	6	2018	140
1922	6	2061	070
44	1	46	160
629	1	28	161
1912	6	259	070
3232	12	29	089
2077	6	2018	134
172	1	402	103
2530	14	3431	126
2909	9	2720	104
2587	9	2588	046
2615	9	2476	132
188	1	189	027
2785	9	2520	108
2003	6	30	079
8529	23	2989	132
3216	12	2155	029
8154	17	5935	151
2140	6	2009	118
2681	9	2476	143
2124	6	116	021
3064	23	12505	115
1473	1	114	036
2516	9	2517	115
771	1	629	078
659	1	341	118
2105	6	30	097
8779	23	2989	147
729	1	731	125
8863	17	5818	107
55	6	30	006
2867	9	2588	130
44	6	30	019
921	1	30	069
88	1	90	138
1947	6	405	121
7000	17	5953	158
2791	9	2476	108
2080	6	116	081
9103	17	6245	024
2883	9	2517	102
3143	11	3087	100
3225	23	2989	109
169	6	173	076
1902	23	3074	074
169	1	172	138
2917	9	2593	116
3216	12	2155	123
629	1	28	156
1975	6	2008	011
3718	14	3496	047
1003	1	1004	159
195	1	189	126
2127	6	171	018
205	6	30	128
675	15	4990	078
3143	11	3087	139
2124	6	116	053
480	15	4990	025
8301	23	3060	123
1588	6	30	088
215	1	189	132
771	6	30	066
431	1	189	054
2903	11	3089	082
1871	12	2155	093
7382	20	6012	136
2090	6	116	069
3206	12	2120	111
1912	6	259	050
2099	9	2490	161
2074	6	173	083
2589	9	2517	146
2007	6	2008	027
796	15	4990	106
3170	11	3087	158
428	6	2055	015
3068	23	3027	109
284	6	2040	133
1979	6	30	114
2069	6	2018	141
2845	14	3956	092
83	1	58	158
1866	12	170	040
197	1	189	059
1871	12	2155	130
2681	9	2476	110
8779	23	2989	029
2129	6	30	012
4036	14	3498	076
169	6	405	091
8863	17	5817	157
1931	6	116	103
659	1	341	067
1893	23	3074	138
2693	11	3087	160
169	1	172	141
2138	6	2018	151
771	6	29	151
205	15	4990	020
2761	9	2517	131
675	1	320	120
480	15	4990	084
100	6	30	031
195	1	189	042
100	6	30	029
2026	6	30	014
2530	14	3431	056
794	1	478	133
2629	9	2520	112
1894	23	2920	100
113	6	30	029
480	15	4990	027
921	1	30	099
2792	9	2578	160
4	1	5	101
2785	9	2520	134
2131	6	2009	096
2917	9	2593	099
2903	11	3089	030
3187	23	12518	113
2744	9	2593	123
211	1	189	138
3218	12	2018	046
1957	6	173	054
8863	17	6190	074
798	1	1004	160
44	6	30	056
2791	9	2476	015
1958	6	2170	134
2007	6	2008	061
113	6	30	071
2035	6	625	153
8301	23	3060	075
3232	12	29	114
3214	12	2120	130
2511	9	2517	147
196	1	189	068
2909	9	2720	056
3064	23	12505	007
2615	9	2593	094
8204	23	2989	083
2131	6	2018	135
2808	9	2517	159
40	6	1439	129
2138	6	2009	084
2077	6	2018	146
215	1	189	133
1110	15	5120	112
205	15	4990	087
733	1	731	048
3225	23	2938	095
2584	9	2482	150
2785	9	2593	135
19	6	2045	009
2791	9	2476	095
284	6	2040	098
2681	9	2476	109
509	6	30	075
196	1	189	040
2105	6	30	076
2923	10	2924	118
3093	23	12538	022
2615	9	2593	156
2587	9	2476	156
197	1	189	016
2637	9	2593	104
629	1	30	126
3217	12	28	064
2911	10	2940	122
1959	6	2018	137
3739	14	3737	039
260	1	189	140
1588	6	30	123
205	6	2038	010
2791	9	2476	088
100	6	30	121
1945	6	405	107
2090	6	115	143
588	6	30	020
1956	6	2009	099
2583	9	2476	152
733	1	731	161
9283	20	6012	121
2723	9	2482	146
675	6	171	150
2124	6	115	160
2003	6	30	075
2131	6	2008	056
675	6	405	102
8779	23	2989	000
1473	1	114	034
205	15	4990	093
1931	6	116	093
3225	23	2938	025
2172	6	2009	085
2615	9	2476	155
2101	6	2008	049
2909	9	2720	138
8863	17	5817	122
2020	6	2018	135
199	1	189	007
4036	14	3498	011
2761	9	2517	150
169	6	171	148
205	6	2038	002
195	1	189	104
3143	11	3087	157
2080	6	117	009
4684	14	3707	141
1429	6	173	013
1945	6	171	147
4036	14	3498	065
2124	6	116	048
2770	9	2540	159
2903	11	3089	126
196	1	189	140
3093	23	12538	134
2131	6	2008	068
2874	9	2476	025
2119	6	2045	055
4720	14	3495	078
2010	6	2008	040
1110	15	5120	133
2138	6	2018	158
4885	17	8813	122
2644	9	2593	099
2681	9	2476	121
199	1	189	102
2791	9	2476	143
675	15	5120	051
8863	17	5817	099
169	6	173	059
381	6	405	056
2168	6	173	066
2116	6	2018	116
4586	17	5935	151
2127	6	171	072
1110	15	5120	062
771	6	30	017
260	1	189	114
3068	23	3027	084
3190	12	2120	151
1957	6	173	032
172	1	402	049
659	1	341	156
1959	6	2009	132
3218	12	2018	035
211	1	189	030
2530	9	2517	160
2761	9	2517	139
2785	9	2593	090
88	1	90	094
729	15	4990	075
2592	9	2593	111
169	1	173	000
2030	6	2008	027
2867	9	2588	159
771	6	29	148
3093	23	12538	074
480	15	4990	141
2168	6	173	072
212	1	189	075
509	6	30	078
2003	6	30	119
1959	6	2008	038
2791	9	2476	008
44	1	46	141
1956	6	2008	039
3225	23	2989	055
675	6	405	111
1959	6	2008	019
2663	17	6190	149
3232	12	29	121
3032	23	3060	051
2020	6	2045	010
2874	9	2476	128
211	1	189	015
2808	9	2517	146
3021	10	2924	080
2077	6	2061	069
4586	17	5818	114
4582	14	3794	020
172	1	402	076
4036	14	3498	120
1945	6	405	092
2077	6	2018	127
4036	14	3498	081
12016	22	9630	154
7881	20	6780	158
2119	6	2045	156
2911	9	2482	147
172	1	402	043
1959	6	2009	110
3225	23	2989	092
4885	17	8813	090
3216	12	2155	064
796	15	4990	137
2105	6	30	085
2845	10	2977	135
771	1	629	107
8863	17	5818	086
2072	6	29	161
2077	6	2060	095
2587	9	2476	117
2094	6	2095	019
4586	17	5817	156
3143	11	3087	046
771	1	629	061
659	1	341	120
3211	12	2120	112
3143	11	3087	016
3218	12	2018	148
3216	12	2155	157
675	15	4990	145
2516	9	2517	153
1893	23	3074	140
921	1	30	048
2587	9	2476	159
629	1	30	076
3143	11	3087	141
205	6	30	103
921	6	30	093
196	1	189	000
3225	23	2989	130
1902	23	3074	065
88	1	90	137
2168	6	173	013
588	6	30	032
2090	6	116	029
2909	9	2593	108
2917	10	2942	136
509	6	29	154
2511	9	2517	124
2909	9	2593	006
88	6	30	130
9363	20	6706	141
3216	12	2155	105
488	1	28	132
4582	14	3794	131
2140	6	2008	070
2119	6	2008	076
2717	9	2517	144
3739	14	3496	023
215	1	189	018
3064	23	12505	009
729	1	731	039
2773	9	2517	128
3187	23	12518	099
2481	9	2482	104
8978	17	5817	114
2131	6	2008	079
2037	6	2009	084
1900	10	3042	126
172	1	402	115
1912	6	259	038
8863	17	5817	128
2126	6	2009	132
114	1	116	132
2909	9	2593	136
396	6	30	131
3225	23	2938	099
2030	6	2008	031
10751	22	9859	144
88	1	90	074
3218	12	2018	006
1588	1	276	148
4036	14	3498	017
1866	12	170	014
3225	23	2938	083
10751	22	9988	134
197	1	189	140
2	6	30	070
799	1	773	144
3093	23	12538	144
2785	9	2520	110
100	6	28	132
4885	17	8813	080
399	1	402	142
2777	9	2505	125
1912	15	5024	129
675	6	405	109
2080	6	116	048
8863	17	5818	044
1110	15	5120	040
2102	6	2040	092
2845	10	2977	117
921	6	30	081
8492	17	6877	105
2030	6	2032	147
480	15	5067	133
1110	15	5120	148
2072	6	29	155
2124	6	116	078
1902	23	3074	128
2074	6	171	147
675	1	320	124
2880	9	2517	117
2693	12	28	029
2587	9	2588	050
2903	11	3089	078
3866	14	3487	138
196	1	189	027
284	1	189	091
1110	15	5120	075
2773	9	2517	112
8863	17	5818	120
1139	1	772	159
2090	6	116	071
8529	23	2989	041
1975	6	2009	122
197	1	189	074
2770	9	2482	157
88	6	30	060
1958	6	2061	083
3894	14	3895	122
2587	9	2588	152
921	1	30	129
284	6	2040	143
11201	22	9678	140
1473	1	114	004
3206	12	2120	157
446	1	171	147
8779	23	2989	058
3756	14	3496	051
3218	12	2018	030
2761	9	2517	152
2101	6	2095	022
3200	12	2055	089
44	1	46	148
3735	14	3736	079
771	1	629	098
114	1	117	010
2003	6	2019	135
2006	6	29	088
113	6	29	157
2006	6	29	067
2077	6	2018	153
2809	17	5935	128
1894	23	2920	082
3068	23	3027	019
212	1	189	136
198	1	189	036
205	6	2038	014
8779	23	2989	107
2895	9	2517	156
8529	23	2989	070
1975	6	2008	010
2583	9	2476	118
19	6	2008	079
19	6	2008	030
2144	6	2009	108
2883	9	2482	158
2883	9	2517	114
921	1	30	015
771	1	629	062
919	1	921	019
3143	11	3087	048
2010	6	2008	018
2874	9	2476	124
659	1	341	062
2587	9	2588	097
2644	9	2593	130
2769	9	2476	110
428	6	405	130
88	6	30	118
3093	23	12538	135
100	6	30	011
205	15	4990	055
480	1	481	155
2511	9	2476	159
28	1	29	146
8204	23	2989	056
2809	9	2705	153
2798	9	2505	151
8708	17	5947	161
3217	12	28	025
8863	17	5817	092
3216	12	2155	040
8529	23	2989	095
4	1	5	118
8204	23	2989	060
771	1	629	123
2808	10	2924	082
2008	9	259	042
919	1	921	010
2811	9	2517	108
3216	12	2155	022
88	6	28	131
771	6	30	109
478	1	444	139
629	1	30	072
2006	6	29	148
2094	6	2040	098
771	6	30	107
1957	6	173	083
4940	14	3427	135
2681	9	2476	139
3217	12	28	114
2516	9	2517	147
88	1	90	114
1958	6	2009	104
212	1	189	014
188	1	189	075
2129	6	30	055
675	15	4990	114
2587	9	2588	048
745	1	747	161
2	6	30	117
2119	6	2045	121
3208	12	2120	079
2615	9	2593	157
3216	12	2155	009
8824	23	2977	153
284	6	2095	025
2003	6	2019	151
2127	6	171	040
2080	6	116	080
19	6	2008	042
1902	23	3074	157
100	6	30	099
2530	9	2476	160
113	6	30	023
363	1	120	146
4602	14	3496	152
114	1	116	073
381	6	405	129
480	15	4990	075
675	15	4990	093
211	1	189	086
729	1	731	140
675	1	320	110
8863	17	5935	146
1975	6	625	145
2	6	30	083
196	1	189	088
8204	23	2989	050
4582	14	3794	036
1473	1	114	120
2074	6	405	116
2909	9	2720	008
2916	9	2517	159
1958	6	2061	057
211	1	189	096
19	6	2008	025
4	1	5	054
2124	6	116	107
2903	11	3089	028
2583	9	2476	154
2663	17	5935	132
2110	6	402	146
2845	14	3956	105
2127	6	171	135
1912	6	259	083
3178	17	5953	158
215	1	189	061
675	15	5120	060
213	1	189	059
19	6	2009	118
8204	23	2989	106
7436	17	5816	097
188	1	189	053
2909	9	2720	050
1956	6	2008	066
40	6	1439	051
212	1	189	034
480	15	5067	094
480	15	5067	141
2632	9	2476	139
2874	9	2476	137
284	1	189	102
1983	6	171	154
675	15	4990	059
1894	23	2920	142
1956	6	2008	072
2822	14	3475	125
213	1	189	029
381	1	405	105
1956	6	2040	133
1983	15	5024	127
1975	6	2009	099
4586	14	4587	135
8204	23	2989	097
172	1	171	153
794	1	478	105
100	6	30	032
3217	12	28	121
211	1	189	119
114	1	116	083
2584	9	2482	161
480	15	4990	005
1922	6	2061	032
2119	6	2008	051
480	15	4990	089
1902	23	3074	106
675	15	4990	094
1956	6	2008	055
3032	10	2940	150
2791	9	2476	055
213	1	189	079
1473	1	114	088
2481	9	2482	121
88	1	90	077
114	1	115	142
1931	6	116	055
212	1	189	019
114	1	116	080
4602	14	3496	149
729	15	4990	161
8301	23	3060	044
2138	6	2018	159
675	15	4990	053
195	1	189	130
8863	17	5816	082
1429	6	2027	134
2080	6	116	130
446	1	259	039
3229	12	29	155
260	1	189	070
284	1	189	084
3178	11	3087	149
733	1	731	149
212	1	189	104
8957	23	2922	011
1871	12	2155	095
1860	10	2932	098
771	6	29	150
2094	6	2040	085
396	6	30	001
1912	6	405	100
198	1	189	056
2119	6	2008	062
4582	14	3794	049
2629	9	2520	130
3187	23	12518	073
1922	6	2018	156
1956	6	2008	069
1912	6	405	119
100	6	30	060
2129	6	30	074
44	6	30	103
428	6	259	057
2644	9	2593	036
83	1	262	013
19	6	2009	108
4	1	5	075
212	1	189	047
212	1	189	116
729	15	4990	140
215	1	189	117
2101	6	2040	150
2582	9	2520	122
2845	9	2518	127
2119	6	2045	112
2663	17	6190	146
114	1	116	097
1947	6	173	060
1851	9	2520	160
588	6	30	113
4586	17	5817	124
1958	6	2061	073
2077	6	2061	088
2020	6	2008	055
2744	9	2593	092
215	1	189	086
3205	12	2055	146
3208	12	2120	129
2916	9	2517	153
55	1	58	146
2663	17	5817	145
2077	6	2061	004
659	1	341	091
2903	11	3089	014
2021	6	405	108
2010	6	2009	122
1588	6	29	150
2102	6	2008	068
2021	6	405	101
4	1	5	061
2530	14	3431	038
3106	11	3087	090
28	6	29	156
1588	6	550	133
796	15	4990	059
2791	9	2476	099
205	15	4990	113
381	6	405	036
1902	23	3074	076
1922	6	2018	123
3225	23	2938	074
2615	9	2517	136
2688	9	2517	107
2717	9	2517	108
2791	9	2476	085
1429	6	30	038
2030	6	2009	115
2880	9	2517	115
4036	14	3498	079
3214	12	2120	148
2530	14	3431	087
1922	6	2018	141
3218	12	2018	102
1866	12	170	090
3068	23	3027	149
771	6	30	022
205	15	4990	092
7621	20	6780	138
798	1	589	152
1860	9	2517	136
11201	22	9756	153
1947	6	173	078
2172	6	2008	048
2105	6	30	070
480	15	5067	114
919	1	921	123
2808	9	2517	124
2157	6	2120	117
1893	23	2947	142
2037	6	2009	117
8957	23	2922	048
1871	12	170	152
215	1	189	003
169	1	172	139
2138	6	2009	126
4036	14	3498	010
1871	12	2155	120
2102	6	2040	111
2530	14	3431	030
213	1	189	148
1866	12	170	042
8204	23	2989	152
3190	12	2120	141
2688	9	2517	099
8301	23	3060	124
2140	6	2008	024
2632	9	2517	116
3218	12	2018	036
2632	9	2476	108
2911	9	2482	100
2101	6	2040	120
4730	14	3717	027
3894	14	3895	116
196	1	189	017
2808	9	2517	090
2637	14	4535	092
1910	14	3707	140
4602	14	3496	156
1110	15	5120	056
2909	9	2593	008
199	1	189	015
2637	9	2593	115
8204	23	2989	057
8529	23	2989	123
1473	1	114	101
1866	12	170	129
260	1	189	128
2116	6	2018	091
428	6	259	047
8863	17	5817	144
2655	20	7092	143
2101	6	2040	130
3143	11	3087	040
44	6	30	058
8824	23	2977	100
8143	17	5818	117
3214	12	2120	153
3206	12	2120	098
3208	12	2120	133
8559	17	6476	143
3197	12	2120	103
169	6	405	128
1983	15	5024	098
2074	6	405	088
2867	9	2588	126
2629	9	2520	161
8204	23	2989	117
428	6	259	036
2822	9	2529	127
2077	6	2060	122
2916	9	2517	116
3106	11	3087	021
8863	17	6190	121
1894	23	2920	005
2785	9	2593	109
2007	6	2009	123
2126	6	2008	049
195	1	189	014
1931	6	116	115
2516	9	2517	134
921	1	30	047
2010	6	2008	063
3187	12	2055	108
3866	14	3487	133
1947	6	173	029
2183	9	2486	160
2883	9	2482	116
509	6	30	045
2911	9	2482	130
3187	12	2055	114
2017	6	2009	082
1860	9	2517	132
2026	6	30	048
2681	9	2476	097
2119	6	2045	149
2080	6	116	127
2770	9	2482	128
1912	6	171	153
919	1	921	082
2629	9	2520	132
2035	6	2009	087
2663	17	5818	119
2693	12	28	129
771	1	629	135
44	1	46	146
8204	23	2989	025
2808	10	2924	098
771	6	30	046
1959	6	2018	158
480	15	4990	054
1003	1	1004	158
3208	12	2120	122
3021	10	2924	086
428	15	5024	142
2007	6	2009	086
260	1	189	153
3218	12	2018	050
2770	9	2482	158
2530	14	3431	055
2717	9	2517	104
796	1	797	153
2874	9	2476	002
2124	6	116	034
2726	9	2593	131
2149	6	29	154
2530	14	3431	153
2587	9	2588	086
2138	6	2009	097
2792	9	2578	135
588	6	30	124
381	1	405	153
2144	6	2009	130
588	6	589	150
2074	6	405	132
3170	17	5949	154
4885	17	8813	148
2144	6	2009	084
2895	9	2517	140
3233	12	2009	124
3216	12	2155	089
2911	10	2940	132
3225	23	2989	013
2157	6	2120	150
2615	9	2476	136
284	1	189	100
2074	6	405	094
488	1	28	136
2010	6	2008	026
2006	6	29	099
1945	6	405	117
3232	12	29	076
2903	11	3089	036
4586	17	5816	150
2874	9	2476	156
2119	6	2045	050
1866	12	170	067
2917	10	2942	134
431	1	189	105
1912	6	402	145
8863	17	5818	124
2632	9	2476	116
799	1	766	155
2017	6	2008	036
1912	15	5024	133
8583	17	5873	124
205	6	30	120
2010	6	2009	102
2006	6	29	005
2822	9	2529	114
3065	23	12519	158
4036	14	3498	009
1912	6	259	072
396	6	30	022
2663	17	5818	151
2927	10	2932	144
2140	6	2045	013
1931	6	115	160
2909	9	2720	096
2663	17	6190	144
2880	9	2517	134
3032	10	2940	137
2809	17	5818	116
2911	9	2482	117
509	6	30	046
8492	17	5873	120
796	15	4990	104
4586	17	5817	127
428	15	5024	114
2119	6	2008	030
3064	23	12505	147
2785	9	2593	140
478	1	444	025
1894	23	2920	083
3216	12	2155	142
2017	6	2009	089
2909	9	2720	052
2530	14	3431	092
3214	12	2120	125
488	1	30	100
40	6	1439	111
1894	23	2920	116
8204	23	2989	066
1983	6	171	148
3170	11	3087	157
2056	15	4988	020
2138	6	2009	128
2911	10	2940	143
2020	6	2009	117
2094	6	2040	114
2681	9	2476	096
8863	17	6190	089
195	1	189	140
8282	23	12519	042
88	1	90	108
3068	23	3027	018
3064	23	12505	025
2094	6	2040	134
659	1	341	022
88	1	90	129
1983	6	405	098
2615	9	2517	107
2008	15	4988	074
172	1	402	035
2030	6	2009	087
2077	6	2061	085
2909	9	2593	011
7515	17	7092	150
796	15	4990	025
8571	23	12518	072
2168	6	173	077
2077	6	2060	120
2808	9	2517	125
2811	9	2517	161
396	6	30	031
796	1	797	152
2008	15	4988	067
2909	9	2720	074
3064	23	12505	063
2530	9	2476	139
2006	6	29	023
2006	6	29	123
205	15	4990	076
1860	9	2517	131
2105	6	30	013
2615	9	2517	129
381	6	405	068
8863	17	5816	094
284	1	189	130
480	15	4990	139
2809	17	5818	125
2129	6	30	087
2102	6	2008	063
1945	6	405	098
8863	17	5818	054
2020	6	2008	051
396	6	30	102
3217	12	28	032
188	1	189	052
198	1	189	033
4	1	627	138
3225	23	2989	072
2021	6	405	102
2168	6	173	056
196	1	189	052
2172	6	2008	012
4885	17	8813	102
1947	6	405	089
3190	12	2120	138
215	1	189	066
1110	15	5120	010
3233	23	2977	146
215	1	189	095
3815	14	3495	100
2144	6	2009	104
3225	23	2989	120
4036	14	3498	128
2663	17	5816	136
2127	6	171	127
1975	6	2008	054
2157	6	2120	139
2632	9	2476	150
8204	23	2989	043
19	6	2008	060
2516	9	2517	110
3217	12	28	090
381	1	259	055
1983	15	5024	151
40	6	1439	146
4582	14	3794	043
659	1	341	113
2030	6	2009	092
2149	6	29	141
2693	11	3087	129
446	1	405	094
3218	12	2018	098
8824	23	2977	001
2157	6	2120	144
3143	11	3087	070
1893	23	2947	157
3218	12	2018	091
2916	9	2517	096
675	6	405	086
2587	9	2588	154
2172	6	2009	106
509	6	30	068
8863	17	5935	092
260	1	189	011
2105	6	30	107
1110	15	5120	058
1894	23	2920	043
2030	6	2008	025
3190	12	2120	092
40	6	1439	042
88	1	90	143
8863	17	5816	049
2144	6	2018	135
675	6	405	129
2077	6	2061	078
2903	11	3089	009
40	6	1439	055
2917	9	2593	054
2744	9	2593	103
211	1	189	095
2511	9	2517	106
2530	9	2517	147
2010	6	2009	085
1900	10	3043	144
1003	1	1005	139
3064	23	12505	082
2172	6	2009	089
1931	6	116	037
2874	14	3493	001
2119	6	2008	042
8301	23	3060	105
2903	12	170	154
100	6	30	007
3064	23	12505	023
100	6	30	115
2681	9	2476	066
2481	9	2482	114
3214	12	2120	151
2867	9	2517	113
1922	6	2018	135
197	1	189	056
198	1	189	122
2129	6	30	028
3187	23	12518	156
3866	14	3487	074
2909	9	2720	116
2530	9	2476	154
2117	6	2032	150
2006	6	29	102
675	6	405	133
8863	17	5817	076
771	1	629	110
2911	9	2482	150
2077	6	2061	082
169	6	405	126
1975	6	2008	032
19	6	2044	158
213	1	189	030
2124	6	116	046
8863	17	5816	135
733	1	731	063
2909	9	2593	072
2094	6	2040	136
2105	6	30	074
2917	9	2593	078
2909	9	2720	126
794	1	478	154
381	1	259	080
2693	12	28	079
1473	1	114	070
771	6	30	065
8204	23	2989	149
213	1	189	113
3187	12	2055	145
1860	9	2517	130
1957	6	402	139
2723	9	2482	153
2	1	3	156
2812	9	2517	080
3032	10	2940	123
2632	9	2476	120
428	6	405	118
2006	6	29	111
509	6	2146	157
3206	12	2120	093
2090	6	116	083
480	15	4990	007
675	15	4990	113
428	6	405	107
2582	9	2520	131
2845	14	3956	091
1894	23	2920	014
169	1	173	109
2074	6	171	148
1894	23	2920	120
729	1	731	157
675	15	5120	021
8571	23	12518	155
1947	6	173	006
205	15	4990	004
2056	15	4988	001
0	1	625	157
195	1	189	127
2903	11	3089	094
3068	23	3027	110
2119	6	2008	052
8301	23	3060	104
2007	6	2018	158
3233	23	2977	149
1983	15	5024	120
4885	17	8813	058
480	15	5067	132
3200	12	2055	096
431	1	189	153
1959	6	2009	084
11201	22	9776	154
2035	6	2009	113
1871	12	2155	126
340	6	402	146
3208	12	2120	120
3197	12	2055	155
3866	14	3487	095
2131	6	2018	159
2874	14	3493	000
1912	15	5024	126
2744	9	2593	088
2809	17	5816	130
2006	6	29	121
2	6	30	113
3143	11	3087	071
921	1	30	109
2172	6	2008	080
2773	9	2517	122
396	6	30	058
588	6	30	072
4736	14	3496	058
1945	6	405	113
8571	23	12518	126
2141	6	171	155
205	15	4990	138
478	1	444	017
919	1	921	119
2845	10	2977	089
363	1	120	151
4036	14	3498	054
3225	23	2989	116
2903	11	3089	032
2587	9	2588	069
2903	11	3089	099
921	6	30	083
2916	9	2517	126
2090	6	116	038
2688	9	2517	143
2812	9	2517	107
211	1	189	024
1922	6	2018	098
284	6	2040	147
1931	6	116	032
2809	17	5935	144
4586	17	5818	109
2589	9	2517	125
8759	20	6706	140
2094	6	2103	011
2119	6	2045	040
2874	9	2476	056
169	6	402	132
40	6	1439	159
2020	6	2008	057
480	15	4990	134
2090	6	116	075
2511	9	2476	127
8438	20	6780	130
4036	14	3498	026
8983	17	6791	071
1956	6	2009	094
188	1	189	116
771	6	30	052
2770	9	2540	147
3425	14	3428	129
3187	23	12518	129
1139	1	774	153
2010	6	2008	049
100	6	30	080
1959	6	2009	097
2102	6	2040	132
1910	14	3707	142
2010	6	2008	031
2903	11	3089	007
1912	15	5024	127
2845	10	2977	158
8529	23	2989	033
2845	10	2977	152
2140	6	2008	065
4154	20	6012	124
4	1	5	021
2909	9	2593	077
771	6	30	128
8863	17	5935	112
2770	9	2482	113
4395	14	3496	101
100	6	30	107
2903	11	3089	096
3106	11	3087	076
213	1	189	117
3178	11	3087	146
4586	17	5817	118
2059	6	2061	031
1588	6	30	085
3143	11	3087	105
588	6	30	087
2138	6	2008	033
188	1	189	150
1975	6	2009	104
188	1	189	124
19	6	2009	107
3229	12	29	160
2007	6	2009	128
480	15	4990	113
2587	9	2476	056
3216	12	2155	122
88	1	90	009
3218	12	2018	016
205	6	30	066
3232	12	29	070
2644	9	2593	073
2006	6	29	091
2809	17	5817	130
1894	23	2920	086
8548	17	5873	161
2693	12	28	136
2069	6	2018	146
626	6	46	151
8282	23	12519	134
2845	14	3956	112
2770	9	2540	107
114	1	116	039
4	1	5	080
213	1	189	071
2637	9	2593	158
195	1	189	122
215	1	189	104
195	1	189	068
8863	17	6190	147
1003	1	1005	144
742	1	748	107
1871	12	2155	114
8957	23	2922	136
2119	6	2045	105
2144	6	2009	098
3225	23	2989	074
2116	6	2061	030
2917	10	2942	100
2080	6	116	021
2895	9	2517	158
2121	6	171	158
1912	6	259	034
3011	10	3012	134
2663	17	5818	137
771	6	30	070
363	1	120	148
2895	9	2517	130
675	15	5120	159
2003	6	30	042
771	6	28	131
2037	6	2009	106
2587	9	2476	148
478	1	444	116
2072	6	29	157
1958	6	2061	080
8863	17	5817	095
4586	17	5817	130
2119	6	2045	015
2116	6	2061	022
729	15	4990	149
205	6	30	033
2008	15	4988	076
172	1	402	126
284	1	189	125
8863	17	5817	070
629	1	30	015
2126	6	2008	041
3093	23	12538	115
213	1	189	027
1922	6	2018	118
2105	6	30	019
3106	11	3087	079
2507	9	2476	152
1139	1	774	151
4885	17	8813	103
100	6	30	059
742	15	4990	130
211	1	189	048
3590	14	3592	095
3142	14	3793	079
2094	6	2040	140
4885	17	8813	127
172	1	402	007
169	6	405	109
3106	11	3087	123
2815	11	3087	160
3106	11	3087	078
4	1	5	098
2587	9	2476	147
2809	9	2705	136
40	6	1439	130
2101	6	2040	105
2723	9	2482	104
205	15	4990	143
2006	6	29	115
2074	6	405	085
1912	6	259	068
446	1	259	059
2116	6	2018	127
2007	6	2009	119
2972	10	2924	154
4	1	5	087
2090	6	117	003
2809	17	5818	155
1110	15	5120	029
2587	9	2476	133
2811	9	2517	124
771	6	30	074
1958	6	2170	143
2587	9	2588	139
2809	17	5816	131
396	6	30	010
4885	17	8813	081
2785	9	2593	124
1975	6	2008	049
114	1	116	108
2511	9	2476	129
2059	6	2060	092
3866	14	3487	091
8824	23	2977	048
675	15	5120	137
197	1	189	046
198	1	189	103
1588	6	30	108
4131	14	4044	112
2644	9	2593	063
1959	6	2009	096
8863	17	6190	086
2792	9	2578	147
2090	6	116	087
2149	6	29	144
2030	6	2009	083
1956	6	2008	065
3011	10	3012	137
729	15	4990	156
480	15	4990	059
205	6	2038	020
3218	12	2018	033
2127	6	171	038
2131	6	2008	081
629	1	30	036
675	15	4990	140
742	1	748	136
172	1	402	101
8863	17	5935	080
3218	12	2018	070
1902	23	3074	103
3217	12	28	039
169	6	173	046
172	1	402	108
3217	12	28	045
2035	6	2009	100
2615	9	2476	100
8204	23	2989	028
2812	9	2517	088
3106	11	3087	044
1900	10	3043	147
3093	23	12538	080
3064	23	12505	040
9423	20	6780	140
729	1	731	107
8863	17	5817	039
588	6	589	136
169	1	171	152
199	1	189	075
2102	6	2104	019
3225	23	2938	032
198	1	189	110
921	6	30	087
3216	12	2155	058
1866	12	170	025
3232	12	29	105
2020	6	2008	060
8282	23	12519	082
2916	9	2517	151
2615	9	2593	113
2867	9	2517	109
1922	6	2061	061
2090	6	117	004
2121	6	405	106
771	1	629	021
2880	9	2517	132
1975	6	2008	070
2693	14	3468	160
88	1	90	063
1902	23	3074	093
1473	1	114	092
215	1	189	020
2663	9	2588	142
1429	6	30	073
8863	17	5818	061
3218	12	2018	055
3206	12	2120	115
212	1	189	126
1894	23	2920	065
2644	9	2593	122
9348	20	6012	118
8779	23	2989	019
2917	9	2593	113
205	15	4990	063
729	15	4990	076
2168	6	173	063
8708	17	5947	159
55	6	30	022
2090	6	116	037
2809	9	2705	122
2681	9	2476	048
2003	6	2038	020
8529	23	2989	007
1922	6	2061	015
3187	23	12518	077
2587	9	2588	116
188	1	189	022
28	9	29	148
205	15	4990	023
197	1	189	008
1983	15	5024	159
3233	23	12521	141
2808	9	2517	140
396	6	30	049
675	15	5120	081
3206	12	2120	125
169	6	171	159
2481	9	2482	156
3216	12	2155	154
4582	14	3794	082
8863	17	5935	075
4582	14	3794	058
199	1	189	117
488	1	30	122
2017	6	2008	074
44	6	30	130
2026	6	2027	132
629	1	30	027
396	6	30	070
2138	6	2008	027
2592	9	2593	128
1871	12	2155	102
3425	14	3427	123
796	15	4990	004
2582	9	2520	155
2688	9	2517	127
169	6	173	074
1959	6	2009	126
2663	17	5817	159
2911	10	2940	124
1863	10	3027	120
2589	9	2517	137
2030	6	2008	066
2007	6	2008	058
2007	6	2009	108
2121	6	2122	011
113	6	30	031
2116	6	2018	106
197	1	189	155
188	1	189	043
3143	11	3087	055
2	6	2061	014
114	1	116	050
8708	23	12505	126
3200	12	2055	101
2911	10	2940	086
4	1	5	024
2168	6	173	058
113	6	30	109
2119	6	2045	160
8863	17	5817	094
3233	23	12521	149
211	1	189	052
2119	6	2008	049
921	6	30	041
2127	6	171	140
196	1	189	048
260	1	189	074
2688	9	2517	117
8301	23	3060	135
1975	6	625	148
284	6	2040	150
796	15	4990	024
1893	23	2947	151
2138	6	2045	016
260	1	189	145
2020	6	2009	128
729	1	731	102
2140	6	2008	068
2121	6	405	085
2629	9	2520	152
8824	23	2977	094
2769	9	2476	153
44	6	30	114
215	1	189	134
2809	9	2705	106
2105	6	30	040
428	6	171	149
2119	6	2045	127
1956	6	2008	078
2481	9	2482	131
1947	6	173	045
2615	9	2476	147
796	15	4990	088
1959	6	2009	102
428	6	259	059
1866	12	170	131
2845	9	2518	109
195	1	189	029
3021	10	2924	090
2589	9	2517	155
1958	6	2061	009
3106	11	3087	115
733	1	731	134
8863	17	6190	161
1429	6	30	084
2138	6	2008	028
2127	6	171	047
381	1	259	039
2811	9	2517	099
1947	6	405	119
1983	15	5024	143
2121	6	2122	016
19	6	2008	070
2110	6	171	154
675	6	171	152
212	1	189	035
2681	9	2476	052
2909	9	2593	092
2131	6	2008	041
40	1	41	017
919	1	921	133
2121	6	171	148
2026	6	30	087
2792	9	2578	152
488	1	28	141
205	6	30	096
15	1	797	151
4036	14	3498	087
2	6	30	094
3200	12	2055	112
2911	9	2482	129
2037	6	2009	107
2663	17	5935	150
215	1	189	071
2615	9	2593	147
205	15	4990	125
2105	6	30	061
3093	23	12538	131
172	1	402	057
1957	6	402	137
3143	11	3087	150
2874	9	2476	109
2105	6	30	106
8282	23	12519	044
114	1	116	071
2144	6	2018	134
2035	6	2009	090
2785	9	2593	095
2615	9	2517	117
19	6	2008	034
8779	23	2989	127
2101	6	2040	161
1110	15	5120	113
771	1	629	047
729	1	731	085
2026	6	2027	148
2516	9	2517	111
794	1	478	110
2127	6	171	089
8863	17	6190	098
1957	6	170	161
3233	23	2977	127
2632	9	2476	123
2131	6	2009	104
729	15	4990	138
3187	12	2055	160
3205	20	6012	145
675	15	5120	074
2911	9	2482	146
3211	12	2120	101
2909	9	2720	066
446	1	405	097
2911	10	2720	146
428	15	5024	149
3225	23	2938	048
2911	10	2720	159
2637	14	4535	082
2867	9	2588	132
3232	12	29	111
2909	9	2593	157
3206	12	2120	089
3784	14	3764	152
3229	12	29	159
2127	6	171	057
197	1	189	115
2845	9	2518	156
588	6	1560	006
2811	14	3711	096
205	15	4990	154
4586	17	5817	132
2144	6	2009	101
2511	9	2476	143
4003	20	6012	120
284	6	2040	148
11201	22	2157	149
2119	6	2095	023
729	15	4990	106
2008	15	4988	032
1588	1	262	013
4003	14	3717	113
8779	23	2989	031
2632	9	2476	154
9288	20	5762	120
2	6	332	131
2483	9	2518	150
2020	6	2009	089
198	1	189	058
399	1	405	127
2124	6	116	120
8863	17	6190	081
213	1	189	115
921	6	30	117
1139	1	774	157
113	6	30	028
2121	6	405	114
2867	9	2517	114
1945	6	405	133
771	1	629	129
446	1	405	109
212	1	189	137
2681	9	2476	112
3200	12	2055	135
8863	17	6190	141
480	15	4990	100
195	1	189	082
114	1	116	060
196	1	189	157
40	6	1439	103
284	1	189	116
2126	6	2008	062
3218	12	2018	025
629	1	28	140
431	1	189	109
2026	6	30	049
2681	9	2476	035
40	6	2114	007
2587	9	2476	088
1429	6	30	046
2105	6	30	071
3068	23	3027	006
919	1	921	097
2785	9	2593	143
2917	9	2593	159
1957	6	173	036
1931	6	116	089
8204	23	2989	073
2655	9	2482	139
8957	23	2922	131
796	15	4990	118
2769	9	2476	088
2632	9	2476	114
2726	9	2593	151
428	6	259	029
1922	6	2061	051
188	1	189	036
675	15	4990	010
3106	11	3087	005
2644	10	2924	057
8824	23	2977	073
3866	14	3487	123
8957	23	2922	063
1893	23	2947	154
1975	6	2009	111
4154	14	4155	140
260	1	189	106
2101	6	2008	079
675	15	5120	095
3187	23	12518	102
3718	14	3495	042
284	6	2095	027
428	15	5024	133
188	1	189	049
2037	6	2009	111
2105	6	30	038
659	1	341	006
1959	6	2009	111
2632	9	2517	152
480	15	4990	090
2917	10	2942	090
2644	9	2593	101
2119	6	2045	025
796	15	4990	096
4582	14	3794	028
2126	6	2009	093
1110	15	5120	084
2655	9	2482	144
1588	6	332	131
3216	12	2155	156
2785	9	2593	160
284	1	189	143
3225	23	2989	016
659	1	341	094
3218	12	2018	120
444	1	405	085
3064	23	12505	008
2660	9	2486	160
2809	17	5817	141
2003	6	30	108
213	1	189	046
2138	6	2008	024
8529	23	2989	012
1912	6	405	087
480	15	4990	004
4830	14	3496	029
1958	6	2061	025
113	6	29	140
4435	14	3523	100
8204	23	2989	027
113	6	30	085
3214	12	2120	161
2629	9	2520	146
260	1	189	031
742	15	4990	128
2094	6	2040	138
2126	6	2008	044
2030	6	2008	056
480	15	5067	119
8759	20	6706	142
2693	12	28	023
921	1	30	111
4691	14	3860	029
921	1	30	126
2105	6	2027	141
3205	20	6012	146
1956	6	2008	036
2003	6	30	036
215	1	189	110
2822	9	2529	134
3216	12	2155	095
40	6	1439	083
1866	12	170	023
3229	12	29	161
2693	11	3087	145
4036	14	3498	067
188	1	189	146
2105	6	2027	142
213	1	189	129
3064	23	12505	080
2481	9	2482	141
3032	10	2940	154
771	1	629	080
8779	23	2989	038
100	6	29	149
2059	6	2061	021
2909	9	2593	079
199	1	189	043
2845	9	2518	092
2126	6	2008	026
8571	23	12518	138
1866	12	170	036
1871	12	2155	006
2587	9	2588	087
771	1	629	070
88	1	90	136
197	1	189	107
215	1	189	141
2530	14	3431	123
1912	6	405	094
659	1	341	033
2530	14	3431	043
1983	15	5024	156
2632	9	2517	154
1957	6	173	052
9268	20	6706	128
2632	9	2476	160
3205	20	6012	148
2917	10	2942	098
2126	6	2008	029
2530	14	3431	076
8571	23	12518	099
1912	15	5024	155
3032	10	2940	094
2911	10	2720	073
55	6	30	054
2615	9	2476	098
172	1	402	072
1894	23	2920	111
2168	6	173	061
3232	12	29	026
480	15	4990	017
1110	15	5120	039
1866	12	170	141
1912	6	259	067
2811	9	2517	160
2587	9	2588	141
4885	17	8813	101
2917	10	2942	063
2094	6	2040	110
1893	20	7092	157
2102	6	2040	109
100	6	30	076
2140	6	2008	079
2867	9	2588	124
729	15	4990	145
2511	9	2517	156
588	1	590	143
659	1	341	150
2791	9	2476	064
3205	12	2055	153
3106	11	3087	019
1975	6	2008	030
2119	6	2045	124
2030	6	2032	145
2481	9	2482	158
114	1	115	146
44	1	46	161
2629	9	2520	109
446	1	405	113
8863	17	6190	160
88	1	90	124
2090	6	116	086
2895	9	2517	157
1983	15	5024	141
4885	14	3690	058
3425	14	3426	124
2693	12	28	118
198	1	189	094
733	1	731	143
771	6	30	071
2020	6	2008	071
205	15	4990	002
8876	17	6403	126
8301	23	3060	020
509	6	30	114
55	6	30	085
3217	12	28	059
8779	23	2989	115
7446	17	7197	135
2119	6	2045	063
2010	6	2008	055
3217	12	28	079
1902	23	3074	107
215	1	189	054
771	1	629	036
8863	17	6190	077
3187	23	12518	074
113	6	30	036
12469	22	9756	159
3217	12	28	126
2903	12	170	152
19	6	2009	089
1975	6	2008	046
480	15	5067	086
8413	17	6685	136
629	1	28	134
2010	6	2009	128
40	6	1439	152
196	1	189	092
215	1	189	072
340	1	341	151
1959	6	2018	151
1110	15	5120	105
3208	12	2120	090
2127	6	171	079
794	1	478	143
8824	23	2977	079
921	6	30	050
2090	6	116	062
1945	6	402	144
169	6	402	133
2644	9	2593	119
3815	14	3779	078
3637	14	3636	004
1983	15	5024	144
2655	20	7092	150
2903	11	3089	143
798	1	1503	138
215	1	189	029
3208	12	2120	150
796	15	4990	138
2773	9	2517	146
8008	17	5912	102
11693	22	10615	160
1958	6	2061	023
2007	6	2009	083
7449	17	6287	151
3106	11	3087	119
3924	14	3495	081
2586	9	2482	147
2530	14	3711	122
2681	9	2476	070
213	1	189	035
195	1	189	066
4914	14	4746	010
199	1	189	022
3206	12	2120	131
2124	6	116	016
55	6	29	135
1473	1	114	136
2769	9	2476	136
1894	23	2920	026
2126	6	2009	125
2923	10	2924	135
794	1	478	136
3143	11	3087	047
2003	6	28	131
2917	10	2942	114
431	1	189	140
3068	23	3027	138
2911	10	2940	089
55	1	58	148
205	6	30	101
8863	17	5817	150
3216	12	2155	134
2615	9	2476	157
2530	14	3431	103
260	1	189	102
3866	14	3487	156
3106	11	3087	023
2874	9	2476	121
2693	12	28	125
798	1	591	157
340	6	405	128
2069	6	2018	099
742	15	4990	136
4582	14	3544	137
211	1	189	084
8863	17	5816	102
8529	23	2989	039
2693	12	28	127
1429	6	2027	147
2074	6	171	159
2822	9	2529	138
2655	9	2482	132
2812	10	2924	083
2008	9	259	066
675	6	405	112
4036	14	3498	137
2644	10	2924	068
2785	9	2593	144
431	1	189	058
1473	1	114	026
1983	15	5024	140
921	6	30	015
2141	6	171	149
2917	10	2942	094
1473	1	114	081
2811	9	2517	101
1871	12	2155	069
2069	6	2018	118
4586	17	5816	159
2080	6	115	158
2037	6	2018	159
28	6	29	144
2006	6	29	038
1866	12	170	128
3208	12	2120	158
3232	12	29	046
4227	14	3496	089
2006	6	29	134
3068	23	3027	125
2121	6	402	143
2663	17	5935	154
199	1	189	131
2144	6	2009	096
2140	6	2009	093
4036	14	3498	113
2744	9	2593	128
2020	6	2008	024
199	1	189	135
1003	1	589	146
1947	6	2027	161
284	6	2040	088
4691	14	3860	028
2791	9	2476	007
2144	6	2009	117
2119	6	2008	068
396	6	30	075
3068	23	3027	009
2530	9	2517	141
729	15	4990	131
3106	11	3087	124
431	1	189	005
44	6	30	079
1871	12	170	151
2080	6	116	023
10751	22	9859	146
3225	23	2989	091
2883	9	2517	124
2035	6	625	136
2138	6	2008	080
2809	17	5817	149
2483	9	2518	157
3068	23	3027	098
2663	9	2588	144
2035	6	625	155
114	1	116	033
2644	9	2593	102
2105	6	30	122
363	1	364	158
2812	9	2517	125
2140	6	2009	103
3143	11	3087	161
196	1	189	131
212	1	189	031
2605	23	3268	098
3233	12	2009	107
2632	9	2517	113
197	1	189	054
3232	12	29	054
1912	6	402	139
2090	6	117	009
88	1	90	073
629	1	30	021
2845	9	2518	142
1922	6	2018	155
1945	6	405	099
742	1	748	128
8863	17	5816	143
88	6	29	146
2874	9	2476	151
3064	23	12505	049
428	6	405	095
195	1	189	105
1931	6	116	123
2874	9	2476	127
2637	9	2593	154
8529	23	2989	089
3143	11	3087	156
2822	9	2529	137
188	1	189	123
478	1	444	092
0	1	46	159
8301	23	3060	045
2911	10	2940	109
2008	9	259	072
3217	12	28	095
2119	6	2045	090
2688	9	2517	148
3217	12	28	024
205	15	4990	069
2007	6	2009	127
2138	6	2018	142
1110	15	5120	147
1588	6	46	135
1588	6	30	094
771	1	629	014
509	6	29	159
2105	6	30	128
9397	20	6706	157
88	6	30	094
3866	14	3487	118
2726	9	2593	144
44	6	30	085
215	1	189	111
8863	17	5818	093
2592	9	2593	137
2465	14	3495	132
1588	6	30	061
396	6	30	095
1945	6	171	148
2511	14	3711	131
260	1	189	094
2917	10	2942	111
796	15	4990	021
2615	9	2476	109
3068	23	3027	041
113	6	30	049
742	1	748	112
88	6	30	117
2105	6	30	055
1429	6	30	115
1912	6	405	124
2589	9	2517	139
4582	14	3794	031
2507	9	2476	153
729	1	731	114
480	15	5067	144
7000	17	5947	159
2114	15	4988	001
260	1	189	030
88	6	30	086
675	1	320	105
2530	9	2517	125
2183	9	2490	160
428	6	2055	011
2511	9	2517	117
198	1	189	030
396	6	30	041
2074	6	405	128
169	6	405	088
1473	1	114	059
675	6	402	141
729	1	731	033
3217	12	28	017
113	6	30	022
2883	9	2517	160
1912	6	405	128
211	1	189	069
3225	23	2938	127
205	15	4990	009
104	1	74	159
55	6	30	028
2883	9	2482	160
2592	9	2593	119
2127	6	171	012
2116	6	2018	131
3093	23	12538	044
2693	12	28	124
919	1	921	137
4	1	5	034
44	6	30	088
588	1	591	153
1871	12	2155	103
4582	14	3794	089
12016	22	9579	151
3718	14	3495	043
169	1	173	125
2080	6	116	047
588	6	30	107
2030	6	2045	007
2883	9	2517	151
3200	12	2055	118
4	1	5	049
3187	12	2055	107
8957	23	2922	087
2138	6	2009	122
3157	11	3095	150
44	6	29	143
2911	10	2720	138
2587	9	2588	102
2811	9	2517	105
675	6	173	083
2090	6	116	109
8957	23	2922	124
3143	11	3087	146
1003	1	956	158
2909	9	2593	022
399	6	402	147
4586	17	5818	110
2798	9	2505	134
2105	6	30	105
4730	14	3717	029
4940	14	3430	135
2101	6	2040	085
1957	6	173	073
3208	12	2120	117
169	1	173	018
1860	9	2517	122
2688	9	2517	154
2812	9	2517	104
2026	6	2027	160
2911	10	2940	106
488	1	30	079
2761	9	2517	120
2911	10	2940	145
2903	11	3089	141
44	1	46	135
3216	12	2155	099
1956	6	2009	122
1947	6	173	032
2077	6	2061	045
2141	6	402	139
1866	12	170	145
2090	6	116	090
3068	23	3027	117
381	6	405	114
169	6	173	031
2681	9	2476	058
675	15	4990	077
2723	9	2482	113
2655	20	7092	138
1910	14	3956	136
2030	6	2008	074
659	1	341	142
396	6	29	141
8863	17	5817	135
428	6	405	094
8863	17	6190	156
8863	17	5935	071
1866	12	170	034
480	15	4990	043
2632	9	2476	151
3093	23	12538	069
3218	12	2018	027
2808	9	2517	097
3187	23	12518	076
2010	6	2009	110
381	1	405	095
626	6	46	146
2168	6	173	022
381	6	405	071
2121	6	405	086
88	6	30	034
2008	15	4988	048
3866	14	3487	076
2	6	30	065
675	6	173	085
2141	6	402	146
675	1	320	081
2809	17	5816	114
8863	17	5816	101
428	6	259	051
2791	9	2476	061
195	1	189	038
2129	6	30	096
2026	6	30	078
2119	6	2120	142
2615	9	2593	091
212	1	189	006
675	15	5120	012
1900	10	3043	155
675	6	402	143
2021	6	405	123
8571	23	12518	059
4582	14	3794	013
771	6	30	100
44	6	30	020
1947	6	405	125
2094	6	2040	142
3225	23	2989	123
2102	6	2008	048
188	1	189	017
1959	6	2009	130
2637	9	2593	086
8863	17	5817	043
1959	6	2018	155
8957	23	2922	002
3197	12	2055	133
1473	1	114	109
2809	17	5818	159
3225	23	2989	077
796	15	4990	126
4557	14	3436	134
9012	17	6190	138
2094	6	2040	113
1894	23	2920	077
3208	12	2120	089
1922	6	2018	158
2644	10	2924	056
446	1	405	101
3011	14	3906	156
4940	14	4342	134
6539	17	5873	062
2791	9	2476	120
3217	12	28	127
8957	23	2922	037
2917	10	2942	155
8863	17	5817	053
169	1	173	111
3217	12	28	035
4586	17	5817	121
771	6	30	068
1865	20	6706	136
921	6	30	071
2605	9	2476	153
205	15	4990	081
2785	9	2593	108
2	6	2018	136
3064	23	12505	029
7382	17	6988	103
729	1	731	106
428	6	259	077
1588	6	30	038
2117	6	2032	159
8863	17	5935	078
3143	11	3087	089
1947	6	173	046
8204	23	2989	001
2917	9	2593	152
675	6	405	095
2129	6	30	104
1902	23	3074	032
1957	6	405	126
3211	12	2120	126
2812	9	2517	108
3068	23	3027	035
2140	6	2009	122
44	6	30	018
2119	6	2040	160
2090	6	115	139
1588	6	30	056
2655	9	2482	142
3225	12	2155	158
3425	14	3428	133
2809	17	5818	144
3894	14	3895	123
2587	9	2588	099
4805	14	3711	152
659	1	341	144
1945	6	405	122
2007	6	2008	041
3214	12	2120	083
2895	9	2517	108
2809	17	5818	093
2129	6	30	123
2090	6	116	115
2909	9	2720	137
381	1	405	085
197	1	189	139
8824	23	2977	052
733	1	731	125
114	1	116	045
3197	12	2120	102
2880	9	2517	101
2874	9	2476	111
197	1	189	032
2582	9	2520	104
2812	9	2517	122
729	15	4990	115
2006	6	29	034
1473	1	114	129
2615	9	2517	118
3232	12	29	049
2615	9	2517	096
2007	6	2009	098
2773	14	3636	092
2655	9	2482	146
2507	9	2476	151
480	15	5067	099
2006	6	29	129
2119	6	2045	029
2069	6	2018	125
9423	20	6780	139
742	1	748	101
4582	14	3794	086
428	15	5024	147
8529	23	2989	028
2644	9	2593	136
114	1	116	055
195	1	189	002
2123	9	2490	161
8571	23	12518	097
1871	12	170	131
284	1	285	003
2916	9	2517	144
2168	6	170	161
675	15	4990	051
675	15	5120	113
1865	4	1839	124
396	6	29	150
480	15	4990	001
2168	6	173	062
2723	9	2517	102
3233	23	2977	148
2101	6	2095	026
2637	9	2593	153
212	1	189	110
19	6	2009	099
3204	12	170	160
2124	6	116	086
2663	9	2588	152
1975	6	625	136
2874	9	2476	113
3093	23	12538	094
8863	17	6190	071
3143	11	3087	143
88	1	90	126
1958	6	2009	111
195	1	189	091
2059	6	2018	153
794	1	478	101
1866	12	170	029
3093	23	12538	082
1894	23	2920	011
2010	6	2008	060
172	1	402	022
284	6	2040	117
2812	9	2517	147
88	6	30	110
8779	23	2989	084
588	6	1560	007
396	6	30	092
1975	6	2008	068
428	6	259	065
2124	6	116	129
6234	17	5809	142
88	1	90	007
729	1	731	078
2903	11	3089	108
2530	9	2476	157
1894	23	2920	128
2101	6	2040	094
488	1	30	113
919	1	921	030
2102	6	2103	012
8282	23	12519	108
205	15	4990	027
28	1	29	159
113	6	30	012
55	6	30	108
8204	23	2989	062
2777	9	2505	143
2917	10	2942	158
2172	6	2008	009
2903	11	3089	019
2909	9	2593	032
44	6	30	112
2	6	30	088
7497	20	6780	146
2663	17	5935	155
2006	6	29	151
197	1	189	109
88	6	29	148
83	1	262	014
2917	10	2942	157
2909	9	2593	101
588	6	30	073
4914	14	4746	004
114	1	116	098
2030	6	2009	090
40	6	1439	148
205	6	30	054
480	15	4990	121
2530	14	3431	002
113	6	30	125
3211	12	2120	093
2587	9	2588	140
113	6	30	131
1922	6	2018	116
196	1	189	090
2017	6	2009	102
2116	6	2061	001
1957	6	171	147
8282	23	12519	000
2119	6	2120	140
260	1	189	066
215	1	189	082
2090	6	116	093
2129	6	30	020
2911	10	2720	117
1894	11	3107	158
2124	6	116	035
8571	17	5818	063
919	1	921	060
2121	6	405	120
2026	6	30	067
2809	9	2705	121
215	1	189	070
381	1	259	030
771	6	30	078
2677	9	2486	159
2077	6	2061	051
260	1	189	020
2069	6	2018	102
1975	6	2008	078
100	6	30	064
9308	20	5762	158
729	15	4990	150
2923	10	2924	142
2874	9	2476	036
212	1	189	058
2006	6	29	076
2026	6	30	039
3157	11	3095	139
8957	23	2922	116
2126	6	2009	088
2	6	30	063
1902	23	3074	123
1429	6	30	107
1871	12	170	158
3216	12	2155	093
2021	6	405	132
364	1	28	159
260	1	189	072
1866	12	170	054
2583	9	2476	142
3233	23	12521	156
2744	9	2593	142
212	1	189	155
4	1	5	067
1851	17	6011	155
2020	6	2018	158
19	6	2045	000
2812	10	2924	080
8779	23	2989	146
2119	6	2045	158
771	1	629	044
1588	6	30	045
215	1	189	030
188	1	189	158
55	6	30	005
1473	1	114	048
2017	6	2018	160
100	6	30	047
1957	6	171	150
2074	6	170	161
197	1	189	094
771	1	629	088
2530	14	3431	124
675	15	5120	018
509	6	30	028
2761	9	2517	115
796	15	4990	035
2693	14	3468	143
172	1	402	105
2592	9	2593	115
2094	6	2040	150
1473	1	114	160
2026	6	30	124
733	1	731	147
8204	23	2989	080
2822	9	2529	135
2909	9	2720	012
3208	12	2120	137
8529	23	2989	103
742	1	748	141
2010	6	2009	132
2589	9	2517	129
2773	9	2517	108
2811	9	2517	154
44	6	29	155
381	6	405	044
88	1	90	127
2909	9	2593	067
796	15	4990	018
2105	6	30	028
396	6	29	158
488	1	28	133
2123	9	2486	160
199	1	189	113
198	1	189	140
260	1	189	079
2127	6	171	075
2131	6	2008	051
4582	14	3794	005
2129	6	30	118
3214	12	2120	101
588	6	2146	157
8863	17	5935	123
2812	10	2924	104
733	1	731	071
188	1	189	063
2629	9	2520	118
114	1	116	029
675	15	4990	034
2530	14	3431	052
4736	14	3717	063
213	1	189	109
2693	12	28	109
3225	23	2989	018
215	1	189	122
2845	14	3956	090
2530	14	3431	025
2077	6	2061	052
796	15	4990	087
629	1	30	062
2811	9	2517	146
2637	9	2593	123
428	15	5024	117
446	1	259	066
8863	17	5818	068
2629	9	2520	155
2726	20	6012	138
2074	6	405	098
771	6	30	013
2124	6	116	030
2131	6	2008	021
2773	9	2517	127
2121	6	405	127
3200	12	2055	098
2867	9	2517	130
2909	9	2593	133
2809	17	5818	160
2822	20	6706	120
2911	9	2482	103
3225	23	2989	021
195	1	189	043
8301	23	3060	129
3200	12	2055	105
260	1	189	095
8779	23	2989	104
1473	1	114	138
771	6	30	005
480	15	4990	082
3718	14	3495	041
213	1	189	037
172	1	402	044
364	1	28	156
196	1	189	014
40	6	1439	150
2030	6	2045	017
2123	15	4969	161
2020	6	2008	077
1912	6	405	103
2516	9	2517	102
796	15	4990	009
2127	6	171	065
4036	14	3498	023
3208	12	2120	118
2144	6	2009	109
8204	23	2989	090
1110	15	5120	048
3157	11	3107	161
771	1	629	085
2006	6	29	158
2030	6	2045	010
3216	12	2155	147
2126	6	2009	096
3064	23	12505	153
2770	9	2540	132
2911	10	2720	137
1959	6	2009	083
509	6	30	053
4914	14	4746	007
83	6	29	157
2126	6	2066	161
8204	23	2989	115
4586	17	5818	134
921	6	30	091
3068	23	3027	126
2774	11	3107	154
260	1	189	159
6555	17	5829	146
2663	9	2588	154
2583	9	2476	153
195	1	189	061
3106	11	3087	147
2770	9	2540	105
3218	12	2018	074
2822	9	2529	130
8863	17	5935	066
2168	6	173	029
396	6	28	133
2007	6	2018	144
428	6	259	064
2883	9	2482	141
172	1	402	012
2119	6	2120	145
2811	9	2517	104
8282	23	12519	024
796	15	4990	034
8282	23	12519	127
2020	6	2008	026
675	15	4990	112
2587	9	2588	125
2003	6	2038	000
2582	9	2520	095
212	1	189	044
659	1	341	129
3815	14	3779	075
1956	6	2008	059
588	6	30	098
396	6	30	122
8863	17	5816	074
55	6	30	024
169	6	402	141
4663	14	3496	159
2785	9	2593	107
509	6	30	085
2090	6	116	054
1851	10	3012	145
2110	6	171	150
2693	11	3087	154
2094	6	2103	012
2094	6	2040	124
675	15	5120	152
199	1	189	024
2102	6	2095	024
796	15	4990	068
198	1	189	157
3216	12	2155	137
629	1	30	020
2168	6	173	024
771	1	629	094
2629	9	2520	156
2909	9	2720	099
2010	6	2018	148
114	1	116	112
114	1	116	054
2157	6	2120	127
742	15	4990	127
2717	9	2517	118
215	1	189	044
2809	17	5817	106
215	1	189	157
2917	9	2593	067
2140	6	2009	106
284	6	2040	141
480	15	5067	117
2021	6	171	159
3190	12	2120	090
629	1	30	078
4395	14	3771	079
4	1	5	026
8779	23	2989	094
4036	14	3498	041
8824	23	2977	018
3216	12	2155	160
2172	6	2009	099
211	1	189	148
2072	6	29	151
2883	9	2517	146
2020	6	2009	121
100	6	30	005
2809	17	5816	113
2785	9	2593	074
3032	10	2940	140
2723	9	2517	116
4	1	627	139
2917	9	2593	107
260	1	189	075
2026	6	30	080
8863	17	5818	112
19	6	2008	029
1912	6	405	129
3068	23	3027	074
3866	14	3487	094
4	1	5	085
2927	10	2929	139
2903	11	3089	139
19	6	2009	112
771	1	629	115
1588	6	30	040
205	15	4990	018
729	1	731	119
3063	10	2924	146
428	15	5024	116
588	1	589	147
1983	15	5024	137
2138	6	2008	057
213	1	189	073
2587	9	2476	101
2168	6	173	019
1863	4	1839	105
3064	23	12505	081
2003	6	30	125
399	6	171	153
3232	12	29	040
3092	14	4384	161
2010	6	2018	154
2587	9	2588	067
1588	6	30	065
188	1	189	107
4	1	5	043
2791	9	2476	032
197	1	189	147
2867	9	2517	111
1956	6	2009	105
197	1	189	039
8282	23	12519	011
3739	14	3496	021
3093	23	12538	110
1947	6	405	105
2119	6	2120	085
2119	6	2008	069
729	1	731	044
3187	12	2055	109
284	6	2040	110
199	1	189	085
7203	17	6685	104
2822	14	3475	142
2809	17	5818	104
2094	6	2104	017
8204	23	2989	140
340	1	341	138
2587	9	2476	076
100	6	29	144
2530	14	3431	068
626	1	46	146
3232	12	29	067
478	1	444	032
83	1	262	012
675	1	320	086
588	6	30	108
2126	6	2009	099
2883	9	2482	134
4	1	5	091
260	1	189	108
4684	14	3971	153
2102	6	2040	098
2785	9	2593	081
195	1	189	100
2769	9	2476	087
2911	10	2720	149
205	6	2038	005
3232	12	29	127
2090	6	115	161
2903	11	3089	077
1110	15	5120	026
396	6	30	015
2172	6	2008	073
2080	6	116	025
3218	12	2055	161
2874	9	2476	084
478	1	444	107
381	6	405	078
3208	12	2120	096
3217	12	28	014
2116	6	2018	147
2114	15	4988	004
2003	6	30	037
2770	9	2540	141
2761	9	2517	105
796	15	4990	103
2773	9	2517	113
2010	6	2018	132
2809	17	5816	141
2116	6	2018	129
1902	23	3074	116
205	6	30	040
3233	23	12521	151
4036	14	3498	127
3206	12	2120	154
1866	12	170	107
2126	6	2009	105
729	15	4990	141
3217	12	28	108
2140	6	2008	025
2121	6	405	122
2917	9	2593	123
2909	9	2593	161
4586	17	5817	115
3425	14	3427	124
2909	9	2720	136
2119	6	2045	024
2116	6	2018	110
675	15	5120	008
2693	12	28	007
675	6	405	105
771	1	629	023
2131	6	2008	026
196	1	189	089
169	6	173	035
40	6	1439	112
2723	9	2517	133
2637	9	2593	101
2909	9	2720	031
196	1	189	144
488	1	30	088
2131	6	2018	151
2785	9	2520	097
2030	6	2032	159
100	6	30	062
796	15	4990	115
2119	6	2045	043
1975	6	625	144
2007	6	2018	132
2035	6	2009	131
199	1	189	144
3143	11	3087	120
2615	9	2517	114
381	1	405	133
1902	23	3074	160
3218	12	2018	044
2119	6	2045	010
480	15	4990	132
3064	23	12505	035
212	1	189	013
742	15	4990	159
2867	9	2517	158
2481	9	2482	112
4586	17	5818	112
8824	23	2977	022
8863	17	5816	128
2809	17	5935	153
3225	23	2989	080
2059	6	2061	080
195	1	189	116
2723	9	2482	160
8863	17	5818	123
1983	6	405	110
3021	10	2924	071
3021	17	5817	088
2101	6	2008	033
211	1	189	034
2119	6	2120	136
771	6	29	139
114	1	115	149
4582	14	3794	053
1959	6	2008	059
2923	10	2924	131
3106	11	3087	149
2917	9	2593	114
197	1	189	114
3208	12	2120	107
733	1	731	108
1983	6	405	127
88	6	30	009
4586	17	5818	118
2172	6	2008	026
213	1	189	156
8863	17	6190	091
2911	9	2482	073
659	1	341	075
100	6	29	150
4	1	5	042
480	15	5067	102
798	1	589	147
2822	9	2529	124
588	6	30	116
921	6	30	094
188	1	189	122
2791	9	2476	124
2117	6	2032	151
2632	9	2476	127
2917	10	2942	153
1958	6	2061	001
1902	23	3074	010
2785	9	2593	086
2	6	29	158
2693	14	3468	136
2744	9	2593	083
2880	9	2517	161
205	6	30	072
2119	6	2120	143
3208	12	2120	075
88	6	30	037
2035	6	2009	082
55	6	30	059
729	1	731	099
2911	10	2940	095
8571	23	12518	067
2812	10	2924	092
2030	6	2009	131
729	15	4990	124
3225	23	2989	115
2017	6	2018	159
2880	9	2517	136
8204	23	2989	006
2102	6	285	000
188	1	189	060
1429	6	30	043
626	6	46	150
2809	9	2705	148
2021	6	405	100
2791	9	2476	014
3217	12	28	068
4036	14	3498	116
3093	23	12538	121
44	6	30	006
4557	14	3544	136
431	1	189	055
2119	6	2045	076
83	17	5104	159
771	1	629	141
675	15	5120	066
771	6	29	144
1922	6	2061	027
8779	23	2989	060
114	1	116	075
28	6	29	155
3866	14	3487	099
3032	10	2940	148
3093	23	12538	093
88	6	30	020
3756	14	3433	075
2723	9	2482	151
284	6	2040	140
509	6	30	108
3866	14	3487	146
2069	6	2018	143
2632	9	2476	122
2874	9	2476	125
2131	6	2018	137
2007	6	2008	020
55	6	30	043
19	6	2008	078
2511	9	2517	132
2909	9	2593	065
2681	9	2476	083
2126	6	2009	107
2903	11	3089	039
3808	14	3648	108
8204	23	2989	146
1910	14	3956	143
2681	9	2476	120
2583	20	5762	128
3232	12	29	092
2909	9	2720	011
2017	6	2009	113
629	1	30	116
629	1	30	006
480	15	4990	140
2880	9	2517	151
8529	23	2989	023
3208	12	2120	139
11693	22	2157	157
2615	9	2476	161
40	6	1439	123
2511	9	2517	138
3808	14	3711	108
8824	23	2977	066
428	15	5024	108
8204	23	2989	004
2131	6	2008	053
2172	6	2008	022
88	1	90	037
2632	9	2517	132
2744	9	2593	096
8571	23	12518	140
2809	9	2705	117
2815	23	2922	126
2055	9	2490	161
1911	23	12505	099
446	1	402	133
284	6	2008	056
1912	6	402	133
2008	15	4988	057
2909	9	2593	150
2644	9	2593	054
2129	6	30	116
1945	6	405	130
629	1	30	040
195	1	189	155
729	1	731	042
2105	6	30	057
2059	6	2061	014
588	6	30	011
100	6	30	097
8863	17	6190	069
2883	9	2517	116
83	6	29	160
44	1	46	143
1956	6	2009	097
1902	23	3074	150
2010	6	2009	092
1866	12	170	130
88	1	90	119
2117	6	2032	140
480	15	5067	116
2582	9	2520	103
2911	9	2482	161
2791	9	2476	045
1959	6	2009	093
446	1	259	043
55	6	30	015
3034	14	3956	156
3211	12	2120	096
2874	14	3493	005
733	1	731	035
3866	14	3487	153
675	15	4990	055
3064	23	12505	114
428	6	259	039
428	6	259	035
3225	23	2938	126
215	1	189	146
509	6	30	077
2030	6	2008	038
8863	17	6190	125
2770	9	2482	140
2663	9	2476	153
2587	9	2476	114
8863	17	5818	046
1894	23	2920	010
205	15	4990	015
509	6	30	129
8301	23	3060	022
3143	11	3087	030
2077	6	2061	076
2119	6	2120	144
1912	6	259	042
199	1	189	129
213	1	189	067
2845	14	3956	144
2126	6	2009	115
100	6	29	141
19	6	2045	016
3187	23	12518	118
2880	9	2517	112
8824	23	2977	154
260	1	189	024
2021	6	405	115
188	1	189	159
444	1	405	104
2	6	30	084
1863	9	2518	157
2809	17	5817	161
8863	17	5818	149
9431	20	5762	154
428	6	259	075
675	15	4990	005
2101	6	285	010
396	6	30	000
260	1	189	071
2812	9	2517	151
3225	23	2938	069
1959	6	2008	049
2917	9	2593	161
3233	23	12521	147
1945	6	405	089
2693	11	3087	146
4582	14	3794	025
2129	6	30	038
3718	14	3433	043
2663	17	5818	136
2101	6	2008	019
44	1	46	152
3106	11	3087	099
2511	9	2517	151
2655	20	7092	159
921	6	30	030
1851	9	2520	158
3206	12	2120	142
2140	6	2008	029
2030	6	2008	067
2903	11	3089	013
919	1	921	101
381	6	405	051
205	6	30	041
205	6	30	106
215	1	189	127
675	6	405	100
2822	14	3475	134
1912	6	405	110
2644	9	2593	049
2822	9	2529	141
2791	9	2476	154
796	15	4990	085
796	15	4990	123
629	1	30	111
1473	1	114	023
8957	23	2922	145
396	6	30	073
1957	6	402	144
284	1	189	142
2644	9	2593	088
88	6	30	054
8282	23	12519	054
2874	9	2476	061
1931	6	116	092
3218	12	2018	116
3866	14	3487	087
3815	14	3495	102
2809	17	5817	129
8529	23	2989	064
198	1	189	079
1910	14	3956	147
169	1	173	129
3187	23	12518	088
2129	6	30	049
729	15	4990	091
431	1	189	045
100	6	29	161
921	1	30	096
396	6	30	013
88	6	29	153
2903	11	3089	037
2744	9	2593	135
771	6	30	014
675	15	5120	000
2587	9	2588	059
2655	9	2482	156
211	1	189	088
2923	10	2924	137
2688	9	2517	155
3093	23	12538	008
2663	9	2588	155
1912	6	405	112
4	1	5	046
629	1	30	095
2138	6	2009	095
921	6	550	132
2026	6	30	030
215	1	189	148
4953	14	3523	099
1912	6	405	114
428	6	405	100
2663	17	6190	134
9268	20	6706	139
88	6	30	113
88	1	90	121
8779	23	2989	021
1931	6	116	079
2020	6	2045	011
199	1	189	101
1871	12	2155	111
8492	20	6706	122
675	15	5120	103
2124	6	115	146
205	15	4990	029
3197	12	2055	121
2693	12	28	104
2809	17	5818	137
1473	1	114	067
1958	6	2061	019
1957	6	405	109
2140	6	2009	105
2131	6	2008	078
1874	4	1862	146
2010	6	2009	095
2080	6	115	148
2094	6	2040	109
213	1	189	137
113	6	29	137
197	1	189	158
114	1	116	052
2693	11	3087	126
1871	12	2155	032
2010	6	2008	051
2006	6	29	155
3214	12	2120	077
3894	14	3895	115
3034	10	2963	154
2791	9	2476	098
729	1	731	084
205	6	2038	001
3106	11	3087	027
4131	14	4132	094
771	1	629	032
2008	15	4988	041
2792	9	2578	145
2020	6	2008	038
6929	20	6706	143
2059	6	2061	005
3206	12	2120	139
2874	9	2476	023
2637	9	2593	157
8957	23	2922	091
1975	6	2008	026
3093	23	12538	010
431	1	189	044
2688	9	2517	145
3225	12	2155	153
2124	6	117	001
4582	14	3794	015
3232	12	29	004
3216	12	2155	091
2681	9	2476	090
381	6	405	059
4749	14	3794	060
921	1	30	025
100	6	30	070
1894	23	2920	015
3218	12	2018	045
2917	9	2593	074
188	1	189	110
2102	6	2040	153
626	1	46	156
3093	23	12538	005
2761	9	2517	155
675	1	320	127
7497	20	6780	151
1945	6	405	095
3205	12	2055	144
2845	9	2518	089
2102	6	2008	049
2615	9	2593	161
771	6	30	093
3208	12	2120	160
1912	15	5024	113
2770	9	2482	148
2769	9	2476	144
2582	9	2520	127
2845	14	3956	097
2717	9	2517	149
211	1	189	011
12016	22	9630	151
169	6	171	153
3068	23	3027	021
2172	6	2009	126
4885	17	8813	030
399	1	402	135
2080	6	116	033
1902	23	3074	043
2131	6	2008	070
2116	6	2018	123
215	1	189	017
2017	6	2018	134
8571	23	12518	108
213	1	189	099
4582	14	3794	097
2059	6	2061	085
2909	9	2720	141
675	15	5120	003
1866	12	170	092
172	1	402	093
3093	23	12538	039
7497	17	6287	150
2770	9	2482	114
8779	23	2989	040
1894	23	2920	080
2903	11	3089	051
3206	12	2120	156
195	1	189	052
2530	14	3431	009
2074	6	405	101
2909	9	2720	110
3218	12	2018	155
428	6	259	066
2140	6	2008	051
588	6	30	079
2077	6	2061	065
8876	17	7383	107
2003	6	2019	134
919	1	921	043
2010	6	2009	105
478	1	444	063
2080	6	117	003
4	1	5	038
629	1	30	023
1912	6	405	121
2773	9	2517	111
2808	9	2517	143
431	1	189	095
2773	9	2517	123
2530	14	3431	004
4582	14	3794	069
284	6	2040	091
2808	9	2517	106
2644	9	2593	133
1983	6	405	103
1110	15	5120	100
212	1	189	112
1957	6	2055	014
2895	20	6706	116
1871	12	2155	030
919	1	921	028
215	1	189	045
2583	9	2476	120
2761	9	2517	149
2723	9	2482	150
2069	6	2018	081
2077	6	2061	030
3197	12	2055	141
196	1	189	032
2101	6	2045	011
2744	9	2593	104
1429	1	747	161
2582	9	2520	147
2010	6	2009	125
2138	6	2009	129
1958	6	2061	061
3208	12	2120	119
2909	9	2720	007
2119	6	2045	119
260	1	189	053
4036	14	3498	151
2903	11	3089	100
8779	23	2989	025
3206	12	2120	117
2589	9	2517	123
3106	11	3087	130
2124	6	116	087
8529	23	2989	069
2121	6	2122	014
2172	6	2009	122
8438	20	6780	137
2172	6	2008	044
2077	6	2061	089
675	15	4990	116
205	6	30	078
284	1	189	150
3143	11	3087	025
8863	17	5935	157
2808	9	2517	107
2020	6	2018	150
1958	6	2009	103
2744	9	2593	100
2909	9	2593	070
2655	9	2482	160
3232	12	29	011
3187	23	12518	116
428	6	259	046
1473	1	114	145
2168	6	173	006
3208	12	2120	130
2726	9	2593	140
8863	17	6190	119
2867	9	2517	108
2129	6	30	042
2080	6	116	122
197	1	189	057
2008	15	4988	071
213	1	189	056
2923	10	2924	125
2126	6	2008	070
2629	9	2520	102
1931	6	116	104
2010	6	2008	066
2138	6	2009	123
1956	6	2008	070
2809	17	5816	124
2021	6	405	093
8571	23	12518	122
2119	6	2045	066
2917	9	2593	118
2845	14	3956	147
428	6	405	121
2845	9	2518	157
55	6	30	014
4885	17	8813	055
215	1	189	143
1947	6	2027	132
3093	23	12538	012
1110	15	5120	153
1863	10	3027	123
2172	6	2018	140
446	1	405	099
8282	23	12519	142
2	6	2018	149
1947	6	2027	158
1947	6	405	104
2119	6	2095	027
8863	17	5817	073
2845	9	2518	117
675	15	5120	052
8863	17	5817	074
4	1	5	119
742	15	4990	141
428	6	171	156
2530	9	2476	148
675	1	320	144
3143	11	3087	077
197	1	189	045
1912	6	259	029
2127	6	171	053
675	6	171	147
2903	11	3089	010
4036	14	3498	077
2	6	30	101
2809	17	5818	101
1956	6	2009	107
3064	23	12505	154
169	6	173	010
2	6	2061	013
2090	6	116	052
4586	17	5817	143
2693	12	28	106
794	1	478	111
1958	6	2061	033
114	1	116	064
2140	6	2009	108
196	1	189	026
55	1	58	150
2744	9	2593	131
1956	6	2095	021
284	1	285	002
172	1	402	004
2809	17	5816	140
1863	4	1829	108
4	1	5	094
446	1	259	072
2909	9	2720	025
2798	9	2505	144
2917	10	2942	060
675	6	402	146
2916	9	2517	145
215	1	189	161
2587	9	2588	052
1110	15	5120	059
4435	14	3636	105
8957	23	2922	049
4940	14	3426	159
40	6	1439	038
796	15	4990	109
2119	6	2008	077
8204	23	2989	061
1922	6	2061	007
3204	12	170	158
88	1	90	095
488	1	30	085
8779	23	2989	034
2587	9	2476	084
4586	17	5817	154
2129	6	30	109
1975	6	2009	090
2172	6	2008	063
2809	17	5817	110
8863	17	5817	054
3143	11	3087	032
1588	6	30	003
2090	6	116	111
4534	14	4535	099
2530	14	3431	037
2253	20	6012	145
2030	6	2008	077
1959	6	2009	118
2030	6	2009	130
480	15	4990	099
1931	6	116	075
6876	17	5912	117
8571	23	12518	084
771	1	629	133
2903	11	3089	110
8863	17	5818	042
2583	9	2476	160
4691	14	3737	026
3216	12	2155	044
3206	12	2120	127
2582	9	2520	109
55	6	29	141
2644	9	2593	081
2	6	2061	012
396	6	30	086
428	15	5024	146
215	1	189	077
2511	9	2476	149
2663	17	5816	139
2903	11	3089	050
3233	23	2977	144
2119	6	2045	011
2911	9	2482	145
55	6	30	038
1959	6	2008	068
3200	12	2055	159
1902	23	3074	099
1912	6	259	061
2785	9	2593	094
2874	9	2476	029
211	1	189	058
3208	12	2120	124
2026	6	30	069
1983	15	5024	114
2693	12	28	102
771	6	30	079
8863	17	5816	062
796	15	4990	066
729	1	731	030
3718	14	3496	046
2632	9	2517	129
2129	6	30	081
2126	6	625	159
2026	6	30	026
1945	6	171	153
2069	6	2018	084
199	1	189	066
2909	9	2720	093
169	6	173	053
1871	12	2155	021
3233	23	12521	160
40	6	2055	026
2773	9	2517	120
742	15	4990	143
8824	23	2977	133
675	6	405	098
2101	6	2008	043
1910	14	3956	152
1860	23	2940	078
2917	9	2593	060
8863	17	5816	115
199	1	189	139
2072	6	29	153
2157	6	2120	143
2008	9	259	075
1958	6	2061	046
260	1	189	148
196	1	189	057
3225	23	2938	057
4586	14	4587	123
2131	6	2008	072
480	15	4990	098
729	1	731	074
196	1	189	121
1975	6	2009	081
2059	6	2060	097
2867	9	2517	135
8863	17	5816	124
2587	9	2476	102
2138	6	2008	023
1975	6	2008	014
1922	6	2018	161
2021	6	171	156
8824	23	2977	090
2909	9	2720	015
2770	9	2540	113
169	6	405	101
2037	6	2009	109
1922	6	2018	100
2770	9	2540	093
2845	10	2977	090
8529	23	2989	037
8863	17	5816	136
2845	9	2518	099
4602	14	3496	148
4885	17	8813	129
428	6	402	147
8863	17	5935	067
3217	12	28	013
381	1	405	112
2903	12	170	160
480	15	4990	064
2116	6	2061	027
44	6	29	144
3217	12	28	023
3225	23	2938	077
2693	11	3087	156
2909	9	2720	009
1900	10	3043	140
4885	17	8813	096
2808	9	2517	088
172	1	402	104
446	1	405	095
55	6	30	033
2010	6	2008	021
3187	12	2055	115
480	15	4990	033
2911	10	2940	112
2874	9	2476	041
9363	20	6706	140
796	15	4990	143
2530	9	2476	147
205	6	30	039
2090	6	116	085
8204	23	2989	142
4586	17	5816	146
8301	23	3060	132
3718	14	3433	044
8204	23	2989	131
3508	14	3436	158
2126	6	2008	028
8863	17	5817	067
9423	20	6780	141
2592	9	2593	093
8301	23	3060	143
2059	6	2061	064
2030	6	2045	008
205	15	4990	091
169	1	173	009
28	1	29	140
2	6	30	054
4720	14	3717	076
2911	10	2940	126
675	15	4990	115
729	1	731	151
2867	9	2517	155
2003	6	30	044
2138	6	2009	107
3211	12	2120	088
1947	6	405	102
8204	23	2989	032
8957	23	2922	028
381	1	405	151
2516	9	2517	150
2615	9	2593	151
8863	17	5817	093
2077	6	2061	060
1957	6	2055	029
2030	6	2008	029
2589	14	4897	130
83	6	29	148
8957	23	2922	137
19	6	2008	039
729	15	4990	129
2761	9	2517	144
729	15	4990	114
2723	9	2517	154
2726	9	2593	135
205	6	30	074
2809	17	5818	089
1931	6	116	131
1912	6	171	148
396	6	30	120
2006	6	29	150
2785	9	2520	139
3143	11	3087	037
4	1	5	044
2874	9	2476	097
3143	11	3087	085
431	1	189	136
2511	9	2517	148
284	6	2008	034
4885	17	8813	137
2127	6	171	121
675	1	320	139
2127	6	171	068
2883	9	2517	104
8350	17	6066	110
100	6	30	096
100	6	30	028
1902	23	3074	108
3225	23	2938	106
169	6	171	158
40	6	1439	138
2791	9	2476	150
172	1	171	160
284	1	189	147
3187	23	12518	079
2	6	30	109
169	6	173	048
509	6	29	158
1956	6	285	001
2080	6	117	001
2007	6	2009	112
2770	9	2540	157
2017	6	2009	107
9074	20	5762	143
199	1	189	023
2808	9	2517	145
8863	17	6190	093
88	6	29	137
198	1	189	022
2102	6	2008	034
260	1	189	048
478	1	444	152
3217	12	28	125
796	15	4990	077
2101	6	2040	083
3200	12	2055	138
919	1	921	106
1866	12	170	044
2723	9	2482	108
2681	9	2476	076
1866	12	170	052
3068	23	3027	024
88	1	90	090
3068	23	3027	077
2615	9	2476	159
2105	6	2027	148
1894	23	2920	088
2911	9	2482	083
44	6	30	113
2874	14	3493	003
2812	9	2517	096
2017	6	2009	119
4914	14	4746	005
2168	6	173	043
1588	6	30	018
212	1	189	077
1902	23	3074	056
83	6	29	147
2693	12	28	108
1429	6	30	045
4885	17	8813	053
1866	12	170	097
921	6	30	028
2812	10	2924	103
399	1	405	087
2845	9	2518	148
675	15	5120	112
675	15	5120	145
675	6	173	081
2774	11	3107	155
1958	6	2061	011
1957	6	405	099
675	6	405	103
8779	23	2989	045
2008	15	4988	026
8571	17	6791	057
100	6	30	051
2822	14	3475	122
428	15	5024	122
2663	17	5817	137
3068	23	3027	054
195	1	189	143
2587	9	2476	087
2530	14	3431	152
1945	6	402	133
2116	6	2018	140
2530	14	3431	060
742	1	748	114
2583	9	2476	134
1959	6	2008	025
44	6	30	051
2006	6	29	031
2131	6	2009	113
1975	6	2066	161
100	6	30	014
260	1	189	019
4036	14	3498	156
2010	6	2008	029
4586	17	5818	141
2017	6	2008	049
188	1	189	138
381	6	405	083
1003	1	589	152
3197	12	2055	138
2141	6	402	135
1912	15	5024	112
2172	6	2008	051
196	1	189	101
509	6	30	057
742	1	748	098
2808	9	2517	089
2481	9	2482	124
742	1	748	116
480	15	4990	122
8204	23	2989	160
1871	4	1839	102
2909	9	2593	041
8863	17	5817	038
88	1	90	113
4940	14	3427	158
2874	9	2476	006
8529	23	2989	077
2	6	2018	152
428	15	5024	111
488	1	28	139
3216	12	2155	003
55	6	30	016
2693	11	3087	141
215	1	189	160
3218	12	2018	160
2069	6	2018	144
2632	9	2476	161
19	6	2044	140
2903	12	170	157
1894	23	2920	144
2744	9	2593	148
1588	1	276	150
2867	9	2588	161
7073	23	2989	161
3106	11	3087	046
2903	11	3089	038
1947	6	173	034
675	15	5120	047
199	1	189	122
2798	20	5762	142
2116	6	2018	103
2010	6	2009	130
2172	6	2008	015
1894	23	2920	089
8571	17	6791	056
2909	9	2593	086
2812	9	2517	133
3142	14	3509	076
1429	6	30	055
478	1	444	074
55	6	30	122
2895	9	2517	149
3093	23	12538	011
3106	11	3087	011
2808	9	2517	149
1894	23	2920	048
114	1	116	099
2006	6	29	085
44	6	30	029
8779	23	2989	096
2644	9	2593	132
1429	6	30	111
2693	12	28	015
2149	6	29	151
215	1	189	039
1902	23	3074	100
771	1	629	037
2007	6	2009	131
2723	9	2482	121
100	6	332	131
205	15	4990	100
8500	17	7157	142
629	1	30	026
3232	12	29	037
2911	10	2940	100
2017	6	2018	133
44	6	30	057
1003	1	1005	143
2172	6	2018	135
4691	14	3860	030
4036	14	3498	095
1912	15	5024	132
2979	10	2924	125
659	1	341	135
4036	14	3498	052
588	6	1560	002
2516	9	2517	154
1947	6	173	067
1871	12	2155	037
2883	9	2482	119
205	15	4990	049
2077	6	2061	071
205	15	4990	033
3866	14	3487	086
2129	6	30	033
3093	23	12538	081
2074	6	405	089
196	1	189	106
8957	23	2922	151
4534	14	4535	100
2632	9	2476	148
2723	9	2517	104
1956	6	2009	131
2663	14	3711	155
428	6	402	145
2010	6	2018	155
3187	23	12518	056
55	6	30	076
19	6	625	154
2117	6	2032	153
8863	17	5818	106
2845	9	2518	114
1983	15	5024	095
2615	9	2517	097
195	1	189	001
1959	6	2008	065
2010	6	2009	084
3214	12	2120	111
2003	6	30	121
2119	6	2045	028
2026	6	30	032
2035	6	2009	106
1588	6	30	023
2127	6	171	094
2785	9	2520	124
2119	6	2120	122
2	6	30	120
381	6	405	030
4885	17	8813	110
2080	6	116	090
2007	6	2018	143
1871	12	2155	034
2127	6	171	096
4646	14	3509	141
1588	6	30	098
2615	9	2517	138
205	6	2019	144
2059	6	2061	035
196	1	189	146
1922	6	2061	040
8957	23	2922	079
2632	9	2476	121
284	1	189	098
1959	6	2018	133
733	1	731	050
1894	11	3107	152
8301	23	3060	048
100	6	30	036
1894	23	2920	103
2144	6	2018	146
921	6	30	026
1912	6	405	125
284	1	189	157
1893	23	2947	161
3068	23	3027	133
2530	9	2517	139
2101	6	2040	090
172	1	402	132
771	1	773	147
169	1	172	136
2105	6	30	029
921	1	550	131
2903	11	3089	093
2917	9	2593	144
478	1	444	047
1902	23	3074	070
1866	12	170	020
3197	12	2120	100
2916	9	2517	155
796	15	4990	041
1429	6	30	052
2020	6	2045	002
205	6	2038	021
364	1	28	158
2140	6	2008	078
2719	10	3016	129
1983	6	405	087
199	1	189	029
3225	20	6706	161
205	15	4990	006
2916	9	2517	106
2909	9	2593	064
4940	14	4363	131
2911	10	2720	160
3232	12	29	065
2744	10	2924	096
2059	6	2060	108
729	15	4990	095
2511	9	2476	154
3034	10	2963	158
771	1	629	074
675	15	4990	158
675	15	4990	159
2663	9	2588	160
2644	9	2593	138
1902	23	3074	159
2874	9	2476	081
2140	6	2018	152
2074	6	405	117
431	1	189	156
2911	10	2720	084
55	6	30	017
1956	6	2045	016
8204	23	2989	107
113	6	30	118
2129	6	30	088
3032	10	2940	138
1588	6	30	016
8824	23	2977	024
4	1	5	063
2880	9	2517	111
1110	15	5120	161
396	6	29	151
796	15	4990	033
2059	6	2060	124
4520	14	3496	009
169	6	173	080
211	1	189	065
2744	10	2924	097
196	1	189	042
2003	6	2019	137
2168	6	173	057
1922	6	2018	102
2681	9	2476	111
2979	10	2924	133
2030	6	2009	132
284	6	2040	099
197	1	189	102
8204	23	2989	108
2129	6	30	004
675	15	4990	146
1871	12	2155	007
2116	6	2018	080
188	1	189	120
3233	12	2009	132
2605	23	3268	100
284	6	2040	128
3217	12	28	117
675	15	5120	001
2769	9	2476	142
2592	9	2593	103
3218	23	2920	149
2129	6	30	076
212	1	189	158
2911	10	2720	075
480	15	4990	128
2080	6	116	079
2017	6	2018	143
2874	9	2476	049
3225	23	2989	082
2726	20	6706	125
7446	20	6780	140
798	1	589	148
1959	6	2018	154
284	1	285	009
2069	6	2018	110
1871	12	170	143
2035	6	625	146
211	1	189	056
2587	9	2588	157
2663	17	5816	153
1429	6	30	047
3225	23	2938	016
3216	12	2155	146
3206	14	3426	084
2172	6	2008	046
2017	6	2009	123
2026	6	30	096
2845	10	2977	103
509	6	30	117
3187	23	12518	091
4749	14	3794	070
1893	23	2947	140
198	1	189	138
2587	9	2588	151
509	6	30	109
2637	9	2593	093
399	6	402	133
1871	12	2155	123
188	1	189	081
2615	9	2517	149
284	6	2040	092
2127	6	171	074
2069	6	2018	115
188	1	189	129
4885	17	8813	067
2911	10	2720	082
2867	9	2588	131
169	1	173	112
199	1	189	039
659	1	341	023
3021	10	2924	070
3034	14	3956	152
8957	23	2922	017
2719	10	2929	161
2785	9	2593	148
2017	6	2008	075
1957	6	173	072
381	6	405	126
2909	9	2593	058
1931	6	116	078
199	1	189	123
213	1	189	045
2530	14	3431	098
113	6	30	102
197	1	189	105
2131	6	2009	128
4586	17	5816	148
2587	9	2476	151
2693	12	28	111
114	1	115	153
2172	6	2008	054
284	6	2008	053
2119	6	2045	051
2069	6	2018	128
8779	23	2989	132
2026	6	30	023
4036	14	3498	136
2074	6	173	080
2007	6	2009	122
1894	23	2920	145
8282	23	12519	004
55	6	30	117
444	1	405	091
100	6	29	139
1429	6	30	104
2903	12	170	145
588	6	30	031
1975	6	2009	113
2006	6	29	153
1473	1	114	041
1870	4	1862	038
1871	12	2155	058
2681	9	2476	126
2007	6	2008	046
205	6	30	031
2883	9	2482	102
1975	6	2008	058
2911	10	2940	078
2168	6	173	037
2867	9	2588	160
4885	17	8813	112
2035	6	625	144
8863	17	5818	055
40	6	1439	105
198	1	189	012
2681	9	2476	152
2511	9	2517	110
659	1	341	055
8949	23	12518	115
1957	6	405	133
2903	11	3089	117
1902	23	3074	072
2792	9	2578	139
8863	17	5818	094
3808	14	3711	112
2	6	30	031
478	1	444	027
2592	9	2593	145
3815	14	3495	095
3062	10	2924	070
3064	23	12505	088
3021	10	2924	065
3093	23	12538	014
509	6	30	130
2080	6	116	039
2077	6	2018	130
2693	12	28	082
794	1	478	109
588	6	30	129
488	1	30	092
2911	10	2940	085
2105	6	30	004
2582	9	2520	136
40	6	2055	029
88	6	28	136
1588	6	30	015
4885	17	8813	149
2026	6	30	061
2822	14	3475	121
172	1	402	144
2116	6	2061	010
3187	12	2055	116
794	1	478	156
3064	23	12505	142
2017	6	2009	105
431	1	189	113
3214	12	2120	095
2895	9	2517	100
2090	6	116	072
396	6	30	088
2693	12	28	084
2903	11	3089	047
8301	23	3060	112
1956	6	2040	137
2074	6	405	087
8863	17	5817	091
2077	6	2061	086
8571	23	12518	145
4586	17	5818	132
9179	20	5762	116
2119	6	2120	114
1902	23	3074	039
1912	6	259	065
399	1	405	114
169	1	173	128
3197	12	2120	085
188	1	189	142
2168	6	173	070
629	1	30	113
3216	12	2155	024
2059	6	2060	093
4953	14	3512	120
2090	6	116	031
260	1	189	086
196	1	189	053
3064	23	12505	096
2094	6	2040	118
2811	9	2517	098
446	1	259	058
2903	11	3089	021
2511	9	2517	107
2903	11	3089	006
28	6	29	149
1429	6	171	154
381	6	405	034
2121	6	405	089
3187	12	2055	136
2909	9	2720	085
1959	6	2009	122
2080	6	115	154
1588	6	30	037
2923	10	2924	124
8863	17	5816	122
2511	9	2517	160
8204	23	2989	118
2663	9	2588	138
1958	6	2061	012
796	15	4990	116
4	1	5	136
428	6	402	141
2126	6	625	153
2770	9	2540	122
44	1	46	154
588	6	30	021
2116	6	2018	134
2809	9	2705	131
381	1	259	059
2127	6	171	138
8469	20	5762	160
2845	10	2977	127
2809	17	5818	112
8824	23	2977	072
169	6	173	061
284	6	285	000
3093	23	12538	040
2010	6	2018	134
205	6	30	029
796	15	4990	006
7553	17	5762	136
215	1	189	103
2845	10	2977	157
6995	17	5953	157
284	1	189	118
2615	9	2593	134
2530	14	3431	156
2719	9	2720	152
2138	6	2009	085
3206	12	2120	113
2094	6	2040	081
3190	12	2120	140
284	6	2008	029
2615	9	2517	092
215	1	189	087
172	1	402	124
260	1	189	161
3208	12	2120	086
2660	15	4969	159
2867	9	2517	153
1931	6	116	026
381	6	405	097
3216	12	2155	051
4582	14	3794	129
1931	6	116	053
1871	12	2155	047
2655	9	2482	147
2615	9	2593	101
509	6	30	073
2582	9	2520	140
4885	17	8813	043
3200	17	5819	093
478	1	444	087
3233	23	2977	142
8779	23	2989	044
2126	6	2009	097
19	6	2009	132
8863	17	5818	129
3756	14	3433	073
2615	9	2517	135
8824	23	2977	055
2911	9	2482	123
2769	9	2476	116
2119	6	2008	039
2020	6	2008	054
2080	6	116	049
169	6	173	022
2773	9	2517	117
3217	12	28	046
1110	15	5120	129
480	15	5067	120
2723	9	2482	118
4036	14	3498	146
198	1	189	161
3187	12	2055	142
3068	23	3027	010
3032	10	2940	147
2116	6	2061	042
2511	9	2517	125
205	6	30	100
2615	9	2476	108
284	6	2040	126
3051	10	2924	029
2911	10	2720	120
733	1	731	037
1894	23	2920	110
2655	9	2482	136
8708	23	12505	125
2080	6	117	008
2138	6	2008	052
8301	23	3060	131
1429	6	30	081
40	6	1439	125
2530	14	3431	129
396	6	30	034
2101	6	2040	112
10751	22	2157	140
284	6	2008	057
1947	6	405	091
1902	23	3074	105
2026	6	30	120
2777	9	2505	152
8983	17	6791	069
2121	6	402	133
2615	9	2517	104
3225	12	2155	133
796	1	797	151
215	1	189	131
1910	14	3956	130
8438	20	6780	145
2582	9	2520	160
2	6	30	123
44	6	29	151
113	6	29	147
4953	14	3523	094
762	1	28	158
8438	20	6780	141
88	1	90	035
88	1	90	029
198	1	189	013
2006	6	29	008
3216	12	2155	088
742	15	4990	142
8204	23	2989	076
2119	6	2120	102
2909	9	2720	076
55	6	30	109
399	1	402	140
8529	23	2989	062
2693	11	3087	120
2717	9	2517	156
2003	6	30	053
3068	23	3027	044
2021	6	405	111
199	1	189	080
8282	23	12519	026
197	1	189	099
2030	6	2045	004
9363	20	6706	139
8863	17	5816	080
3063	10	2924	152
1871	12	170	154
2102	6	2040	085
212	1	189	143
2003	6	30	131
2916	9	2517	100
2008	15	4988	055
2744	9	2593	153
3068	23	3027	106
213	1	189	104
771	6	29	159
2017	6	2008	063
2074	6	171	157
3143	11	3087	132
88	1	90	017
2615	9	2517	155
2006	6	29	137
2903	11	3089	095
44	6	30	047
363	1	74	142
2979	10	2924	123
2773	9	2517	131
2880	9	2517	148
2681	9	2476	094
199	1	189	154
2785	9	2520	141
733	1	731	116
2	6	30	027
1912	15	5024	125
2845	9	2518	108
7382	17	6403	103
3225	23	2938	125
2845	10	2977	102
8863	17	5817	041
4	1	627	141
2007	6	2009	125
2880	9	2517	118
2516	9	2517	151
2094	6	2040	125
8863	17	5818	099
3187	23	12518	072
2010	6	2009	094
8863	17	6190	106
2880	9	2517	160
2663	17	5818	145
1866	12	170	048
8529	23	2989	134
197	1	189	123
205	15	4990	090
2105	6	30	056
205	6	30	105
428	6	2055	026
3216	12	2155	053
2770	9	2482	156
3187	12	2055	123
8204	23	2989	063
4	1	5	072
284	6	2008	051
2101	6	2040	113
205	15	4990	032
2007	6	2008	026
4036	14	3498	037
588	6	30	122
2	6	30	040
2059	6	2018	132
172	1	402	077
4586	17	5817	137
211	1	189	106
1110	15	5120	061
172	1	402	122
2030	6	2009	102
2903	11	3089	088
40	6	1439	059
2172	6	2008	066
2077	6	2061	025
2644	9	2593	154
212	1	189	085
2582	9	2520	149
2121	6	2122	006
1979	6	30	112
771	1	629	089
199	1	189	053
771	6	29	149
2119	6	2045	004
3216	12	2155	141
8779	23	2989	105
3032	23	3060	050
1975	6	2008	080
2582	9	2520	161
2	6	30	074
44	6	30	131
83	1	58	143
919	1	921	080
428	6	259	067
396	6	30	089
2874	9	2476	038
8863	17	5817	064
2809	17	5818	146
478	1	444	160
1922	6	2018	112
2119	6	2120	113
1003	1	956	157
28	6	29	151
659	1	341	015
113	6	30	099
2761	9	2517	126
4227	14	3496	087
2030	6	2009	112
2592	9	2593	114
3217	12	28	074
2020	6	2008	025
1947	6	405	110
3214	12	2120	117
88	6	30	018
509	6	30	042
675	15	5120	143
2030	6	2008	052
3205	12	2055	139
4582	14	3794	073
8571	23	12518	137
8301	23	3060	087
2909	9	2593	147
478	1	444	131
88	1	90	005
1911	20	7092	119
1947	6	173	070
381	1	405	141
2105	6	2027	145
260	1	189	073
1429	1	747	158
260	1	189	003
2126	6	2045	007
8863	17	5818	084
3143	11	3087	019
2530	9	2517	142
2582	9	2520	118
2744	9	2593	105
2655	20	7092	152
2811	9	2517	132
40	1	41	021
3142	14	3512	081
2168	6	173	025
729	1	731	068
771	6	30	056
2010	6	2009	088
2916	9	2517	103
1860	9	2517	116
284	1	285	011
2037	6	2009	095
2717	9	2517	126
4	1	5	022
2037	6	2009	093
2020	6	2009	124
8154	20	7092	134
44	6	30	045
28	6	29	158
284	1	189	135
919	1	921	014
195	1	189	153
2138	6	2008	037
478	1	444	094
2119	6	2095	021
771	1	629	084
2909	9	2593	111
3205	12	2055	150
1931	6	116	090
4646	14	3544	117
3206	14	4739	072
88	6	30	111
381	1	405	155
3204	12	170	149
2791	9	2476	101
2008	9	259	036
588	6	30	023
2006	6	29	092
88	1	90	133
2587	9	2476	049
2883	9	2482	105
796	15	4990	149
3187	23	12518	093
2815	11	3087	161
172	1	402	119
2080	6	116	015
2020	6	2008	021
100	6	30	061
3232	12	29	099
188	1	189	104
1429	6	30	069
8301	23	3060	147
2587	9	2476	064
2026	6	30	081
2717	9	2517	160
399	1	405	092
1110	15	5120	016
1947	6	405	126
742	15	4990	125
3225	23	2989	028
2172	6	2018	139
2637	9	2593	081
2911	10	2940	156
1473	1	114	082
2883	9	2482	138
2615	9	2517	112
1860	9	2517	129
480	15	5067	136
1931	6	115	139
480	15	4990	035
2632	9	2476	145
4	1	5	134
1931	6	116	096
1922	6	2018	119
2909	9	2593	121
2126	6	2009	116
2511	9	2517	102
6995	17	5947	155
2481	9	2482	118
2172	6	2008	081
1957	6	405	122
2101	6	2040	088
2582	9	2520	129
2119	6	2120	125
8779	23	2989	135
9423	20	6706	153
1588	6	29	158
381	6	405	131
212	1	189	100
205	15	4990	054
8863	17	6190	083
588	6	30	044
55	6	30	125
675	1	320	082
2168	6	173	051
2769	9	2476	056
2582	9	2520	071
742	15	4990	108
4	1	5	097
8824	23	2977	112
3216	12	2155	018
919	1	921	076
2917	9	2593	070
2726	9	2593	133
480	15	4990	038
2030	6	2008	021
8957	23	2922	142
742	1	748	129
8863	17	6190	150
2003	6	332	131
199	1	189	058
1958	6	2170	152
478	1	444	146
2917	10	2942	079
431	1	189	029
771	6	30	029
2909	9	2720	042
1429	6	30	105
8863	17	5818	113
2845	10	2977	122
88	6	30	100
8824	23	2977	057
1958	6	2061	048
44	6	30	073
195	1	189	093
3924	14	3925	086
2808	9	2517	150
19	6	2045	005
1912	6	259	055
588	6	30	071
2131	6	2009	116
2874	9	2476	055
2007	6	2018	140
284	6	2095	020
733	1	731	041
1958	6	2009	099
2811	9	2517	113
2124	6	116	113
2127	6	171	146
2632	9	2517	131
1429	6	30	114
2785	9	2593	112
2119	6	2045	038
2644	9	2593	109
1866	12	170	137
446	1	402	144
431	1	189	104
2916	14	3509	081
921	1	30	068
2035	6	2009	104
2663	9	2476	157
2020	6	2009	082
1957	6	2056	001
921	6	30	129
1860	9	2517	109
3064	23	12505	094
3216	12	2155	113
4654	14	3786	094
2632	9	2517	146
2003	6	2019	160
169	6	173	067
2116	6	2018	160
2124	6	116	096
28	9	29	157
213	1	189	036
1902	23	3074	001
675	15	5120	116
2663	17	5935	138
2874	9	2476	101
2090	6	116	081
3233	12	2009	118
3187	12	2055	104
4131	14	4044	111
8779	23	2989	152
2769	9	2476	154
2582	9	2520	139
446	1	402	141
212	1	189	001
2909	9	2593	085
2587	9	2476	153
11201	22	10030	144
3187	23	12518	151
2693	12	28	045
381	6	405	040
2138	6	2008	025
3205	12	2055	156
3225	23	2989	047
199	1	189	109
2144	6	2018	154
2808	9	2517	126
2020	6	2008	029
4830	14	3715	043
1866	12	170	153
205	6	30	119
675	15	5120	030
733	1	731	129
1871	12	2155	105
3211	12	2120	118
2101	6	2045	013
2129	6	30	072
169	6	173	028
2663	17	5817	148
921	1	30	041
2895	9	2517	106
6876	20	6706	144
2131	6	2008	027
2867	9	2588	154
2530	14	3431	149
211	1	189	091
3218	12	2055	160
2530	14	3431	044
1956	6	2008	067
2090	6	117	008
8863	17	5935	118
428	6	171	155
2867	9	2588	139
3187	23	12518	055
2917	10	2942	058
1900	10	3043	154
3187	12	2055	134
3206	12	2120	091
480	15	4990	096
2026	6	30	034
2812	10	2924	113
4582	14	3794	021
4	1	5	036
2121	6	405	118
3178	11	3087	144
4	1	5	023
2874	9	2476	052
3232	12	29	135
2874	9	2476	019
509	6	30	007
2127	6	171	152
4885	14	3690	057
2917	10	2942	129
2124	6	116	037
771	6	30	032
2102	6	2040	127
188	1	189	079
1945	6	405	128
2845	14	3956	161
1912	6	259	063
212	1	189	135
1956	6	2040	150
488	1	30	090
2119	6	2045	154
2077	6	2060	127
2587	9	2588	160
2102	6	2008	071
3739	14	3495	030
2129	6	30	017
480	15	4990	126
199	1	189	057
2030	6	2008	049
2090	6	116	102
2874	9	2476	077
488	1	30	082
8529	23	2989	096
114	1	116	035
1983	6	405	102
2121	6	402	139
2010	6	2009	120
2663	17	5817	154
3197	12	2120	104
4036	14	3498	150
2119	6	2045	147
3032	10	2940	117
8204	23	2989	141
88	1	90	012
8863	17	5935	079
2637	14	4535	098
197	1	189	134
2	6	2018	145
2006	6	29	110
2773	9	2517	121
3590	14	3506	100
3225	23	2938	059
799	1	766	153
3211	12	2120	125
771	6	29	141
8154	17	5817	122
8863	17	5818	127
3200	12	2055	158
8863	17	5935	150
3093	23	12538	001
8863	17	5817	116
8863	17	5817	102
213	1	189	110
1959	6	2008	022
4586	17	5817	157
3187	23	12518	083
2903	11	3089	087
1473	1	114	029
2917	9	2593	156
1958	6	2061	058
3218	12	2018	011
2010	6	2018	142
2006	6	29	144
2006	6	29	026
284	6	2008	039
588	6	589	161
8824	23	2977	009
195	1	189	077
2119	6	2045	071
3218	12	2018	003
2644	10	2924	045
4534	14	4535	092
8204	23	2989	110
2791	9	2476	116
431	1	189	046
1860	9	2517	099
113	6	30	095
2785	9	2593	133
2663	17	5818	143
3866	14	3487	109
3206	14	4739	073
2121	6	402	135
2917	9	2593	158
4036	14	3498	050
8204	23	2989	151
7881	20	6780	160
1959	6	2008	064
2809	17	5817	150
3032	10	2940	120
919	1	921	094
2717	9	2517	155
2791	9	2476	128
260	1	189	098
1931	6	116	099
195	1	189	022
8301	23	3060	127
172	1	402	060
2681	9	2476	154
213	1	189	130
1871	12	170	145
733	1	731	033
113	6	30	054
100	6	30	034
19	6	2009	115
4036	14	3498	042
1945	6	405	094
2917	9	2593	084
3157	11	3095	161
588	6	589	147
2	6	30	055
2511	9	2517	108
4	1	5	084
2010	6	2009	087
1983	15	5024	142
2094	6	2040	082
196	1	189	007
100	6	30	053
2124	6	117	011
2102	6	2040	096
659	1	341	026
428	6	405	132
1975	6	2008	053
675	15	5120	044
196	1	189	083
2090	6	116	130
0	1	625	158
3063	10	2924	151
8957	23	2922	121
19	6	2008	024
2007	6	2008	052
2723	9	2482	152
480	15	4990	065
19	6	2044	134
2972	10	2924	152
2587	9	2588	080
2530	9	2476	156
169	6	173	015
215	1	189	115
2530	14	3431	058
3225	23	2938	013
195	1	189	097
3204	12	2155	157
2909	9	2720	147
2010	6	2008	020
7893	17	6706	143
2808	10	2924	074
2124	6	116	082
3200	12	2055	110
1947	6	173	085
4885	17	8813	033
8863	17	5816	059
2916	9	2517	115
1866	12	170	028
2059	6	2060	112
2791	9	2476	022
1860	9	2517	161
3216	12	2155	120
172	1	402	083
2693	11	3087	148
212	1	189	097
114	1	116	063
88	1	90	080
3021	10	2924	072
3143	11	3087	094
2809	9	2705	125
1959	6	2008	032
1902	23	3074	083
2663	17	5935	158
213	1	189	055
480	15	4990	109
675	15	4990	045
215	1	189	009
2172	6	2008	057
3178	11	3087	140
3216	12	2155	110
3187	12	2055	105
83	6	29	141
1900	10	3042	132
2030	6	2008	026
169	6	173	056
2168	6	173	028
197	1	189	038
509	6	30	122
3032	10	2940	110
2615	9	2593	159
213	1	189	026
675	15	5120	161
8863	17	5818	064
2010	6	2008	030
1931	6	116	041
4	1	627	150
0	1	625	153
2006	6	29	066
629	1	30	103
2006	6	29	032
381	1	259	075
2090	6	116	064
2516	9	2517	123
2770	9	2482	142
2808	10	2924	095
8204	23	2989	121
3051	10	2924	031
2632	9	2476	155
2693	12	28	022
2587	9	2476	054
1912	6	405	104
480	15	4990	021
431	1	189	061
2124	6	116	065
212	1	189	007
2903	11	3089	065
2059	6	2061	072
2632	9	2476	112
8282	23	12519	030
8863	17	5935	154
1910	14	3956	144
675	1	320	107
4586	17	5935	158
3206	12	2120	116
1983	15	5024	092
1959	6	2008	028
2917	9	2593	066
1902	23	3074	068
260	1	189	068
2693	12	28	014
8863	17	5816	146
2744	9	2593	101
2124	6	116	112
8863	17	5935	070
1871	12	2155	124
4733	14	3496	135
8204	23	2989	031
2008	15	4988	034
2010	6	2009	103
431	1	189	066
1945	6	171	151
6986	17	6403	144
1956	6	2009	100
2769	9	2476	091
2909	9	2720	080
2663	17	5816	149
733	1	731	156
284	6	2040	113
1922	6	2061	011
796	15	4990	030
2681	9	2476	054
55	6	30	110
396	6	30	101
2637	9	2593	145
2101	6	2040	127
2587	9	2588	068
2845	9	2518	113
3815	14	3495	104
1947	6	2027	133
172	1	402	146
729	15	4990	071
3815	14	3779	072
211	1	189	021
1473	1	114	031
1959	6	2009	085
921	6	29	137
629	1	30	017
4586	17	5935	160
2845	14	3956	127
629	1	28	143
19	6	2008	047
1983	15	5024	134
1975	6	2008	003
3208	12	2120	156
205	6	30	050
3190	12	2120	143
2074	6	402	147
2026	6	30	130
3225	23	2989	008
8571	23	12518	098
8863	17	5816	038
2021	6	170	161
588	1	589	145
2791	9	2476	139
2717	9	2517	131
4582	14	3544	136
2903	11	3089	090
2723	9	2482	141
199	1	189	138
3190	12	2120	128
197	1	189	111
1902	23	3074	114
2744	9	2593	087
2845	9	2518	086
2663	17	5818	121
3197	12	2055	131
2138	6	2009	093
8863	17	5817	142
2129	6	30	112
55	1	58	145
729	1	731	093
729	1	731	143
2021	6	402	145
7553	20	5762	135
431	1	189	063
169	6	405	129
2719	9	2720	156
2883	9	2482	122
1959	6	2009	131
675	15	4990	009
428	6	259	070
2726	9	2593	134
3032	10	2940	139
4586	17	5818	159
2723	9	2517	157
3205	20	6012	144
2530	14	3431	120
1979	6	30	118
195	1	189	036
260	1	189	035
3217	12	28	043
12469	22	9833	161
8282	23	12519	085
2101	6	2008	080
588	1	590	141
2017	6	2018	138
1922	6	2018	117
1983	15	5024	117
8571	23	12518	068
2632	9	2476	128
2119	6	2008	028
2124	6	116	110
2080	6	116	101
2074	6	405	092
40	6	1439	134
675	15	5120	123
3233	23	2977	140
3063	10	2924	155
172	1	402	006
2090	6	116	132
8571	23	12518	062
8957	23	2922	155
1945	6	402	136
2465	14	3736	119
3211	14	3426	076
7893	20	6706	134
3784	14	3785	158
2138	6	2018	148
2101	6	2040	089
2074	6	171	149
284	6	2040	122
212	1	189	057
1429	6	30	033
3093	23	12538	128
2102	6	2040	102
2845	10	2977	115
9431	20	5762	150
2101	6	2008	073
3190	12	2120	161
733	1	731	144
8282	23	12519	027
733	1	731	069
2516	9	2517	114
4036	14	3498	025
3032	10	2940	093
771	1	629	121
2916	9	2517	117
3211	12	2120	079
8863	17	5818	053
2080	6	116	086
2769	9	2476	156
2090	6	117	013
169	1	171	153
3211	12	2120	155
2003	6	30	063
2798	9	2505	132
2131	6	2008	043
921	1	30	117
88	6	29	157
3200	17	5818	093
172	1	402	138
480	15	4990	110
1894	23	2920	117
2644	9	2593	161
205	6	30	087
8779	23	2989	116
3232	12	29	084
588	6	30	082
1910	14	3707	135
2587	9	2588	111
2059	6	2061	042
260	1	189	046
509	6	30	059
2909	9	2593	046
1956	6	2040	135
919	1	921	029
626	6	46	153
629	1	30	048
1922	6	2061	080
3208	12	2120	093
444	1	405	103
4586	17	5817	133
8301	23	3060	042
2615	9	2517	142
1866	12	170	061
2605	23	3268	097
2615	9	2593	141
195	1	189	028
8863	17	5818	088
1975	6	2008	007
2867	9	2517	125
1588	6	30	046
197	1	189	154
4586	17	5818	126
2867	9	2517	147
4586	17	5817	155
114	1	116	127
3190	12	2120	108
2883	9	2517	135
2007	6	2008	053
2637	9	2593	127
199	1	189	072
8529	23	2989	098
2129	6	30	001
2785	9	2520	090
1473	1	114	089
2867	9	2517	116
2126	6	2008	060
2138	6	2009	082
2138	6	2018	141
8529	23	2989	151
2637	9	2593	114
2693	12	28	132
396	6	30	113
2792	14	3711	139
771	1	629	039
2615	9	2517	125
2138	6	2045	011
2874	9	2476	046
8204	23	2989	055
399	1	402	146
733	1	731	105
2140	6	2018	160
2008	9	259	038
1900	10	3043	159
2688	9	2517	110
7184	20	6706	149
675	15	4990	024
3769	14	3752	049
675	1	320	115
197	1	189	117
2663	9	2588	135
2129	6	30	094
3068	23	3027	051
2127	6	171	131
4733	14	3496	134
796	15	4990	063
3093	23	12538	096
2773	9	2517	107
1110	15	5120	099
2663	17	5935	136
2121	6	171	155
114	1	116	088
675	6	405	085
8529	23	2989	087
771	6	30	045
1983	6	405	108
921	1	30	071
2589	9	2517	127
1945	6	405	101
3217	12	28	031
2080	6	117	005
2172	6	2009	086
2003	6	30	123
2809	17	5818	158
3093	23	12538	116
2791	9	2476	013
478	1	444	143
83	6	29	158
215	1	189	037
4393	14	3495	151
675	15	4990	013
771	6	30	055
2587	9	2588	120
172	1	402	033
3225	23	2989	067
2035	6	2009	114
798	1	591	152
2121	6	2122	009
2693	11	3087	143
2927	10	2930	158
2867	9	2517	150
28	9	29	137
8779	23	2989	051
2010	6	2009	098
1860	10	2932	100
8204	23	2989	000
509	6	30	093
2017	6	2008	043
215	1	189	088
1910	14	3956	139
2059	6	2061	065
1871	12	2155	071
2883	9	2517	108
3866	14	3487	120
2903	11	3089	130
3187	23	12518	087
2172	6	2008	028
8863	17	6190	120
4	1	5	074
2127	6	171	090
2008	15	4988	028
44	6	30	055
588	6	30	009
478	1	444	012
2632	9	2517	160
2077	6	2018	141
798	1	589	150
44	1	551	155
480	15	4990	042
2723	9	2517	143
2119	6	2045	065
1860	10	2932	103
2008	15	4988	038
3216	12	2155	035
4885	14	3690	047
8863	17	5816	076
2140	6	2008	026
428	6	405	098
2909	9	2593	027
588	6	589	138
1959	6	2018	156
2822	20	6706	117
2785	9	2593	120
3232	12	29	160
428	15	5024	139
3225	23	2989	105
100	6	30	013
4	1	5	070
3034	14	3956	151
733	1	731	142
2006	6	29	090
3143	11	3087	061
8957	23	2922	071
260	1	189	058
1959	6	2008	041
205	6	30	070
3217	12	28	011
1894	11	3107	159
2655	9	2482	129
1958	6	2170	141
2693	12	28	110
2021	6	171	148
2791	9	2476	058
2026	6	30	126
2632	9	2476	119
188	1	189	039
626	1	46	150
2917	9	2593	140
729	15	4990	153
198	1	189	071
2	6	30	124
8863	17	5818	047
2511	9	2517	126
771	6	29	161
1975	6	2008	022
100	6	30	077
88	6	30	105
3205	12	2055	159
3924	14	3495	078
3225	23	2989	027
2172	6	2018	155
659	1	341	054
8779	23	2989	065
2632	9	2517	136
428	15	5024	144
921	6	30	043
2138	6	2018	160
2615	9	2476	112
2127	6	171	029
446	1	259	077
796	15	4990	022
2770	9	2540	116
3106	11	3087	128
2110	6	171	153
1956	6	285	005
3068	23	3027	153
2744	10	2924	098
4582	14	3512	145
2121	6	405	087
113	6	30	007
3106	11	3087	017
2094	6	2040	126
212	1	189	017
1958	6	2009	093
1871	12	2155	051
4885	17	8813	121
2812	10	2924	095
8863	17	5935	085
3021	10	2924	087
3157	11	3095	153
2102	6	2040	159
919	1	921	104
2116	6	2061	021
4036	14	3498	126
2121	6	2122	012
3225	23	2989	011
169	1	173	103
2916	9	2517	090
113	6	30	030
1957	6	173	069
2080	6	116	055
2129	6	30	127
1912	15	5024	111
675	15	5120	005
2615	9	2476	114
3225	23	2989	006
2010	6	2008	062
3064	23	12505	149
659	1	341	004
2812	9	2517	155
2127	6	171	023
2	6	30	043
198	1	189	108
260	1	189	134
1588	6	30	113
2117	6	2032	146
1956	6	2008	064
28	15	4988	132
798	1	589	145
113	6	29	141
2172	6	2008	050
2074	6	171	151
1922	6	2018	115
213	1	189	146
771	1	629	015
675	15	4990	103
8571	23	12518	073
19	6	2008	058
1912	6	405	115
2895	9	2517	109
213	1	189	088
2006	6	29	056
2172	6	2009	102
8863	17	5935	111
629	1	30	119
1958	6	2009	098
2124	6	116	028
260	1	189	008
40	6	1439	077
4	1	5	104
2126	6	2045	010
2168	6	173	039
113	6	30	107
729	15	4990	137
733	1	731	130
196	1	189	095
2129	6	30	098
40	6	1439	124
399	1	405	128
2530	9	2517	157
2917	10	2942	138
396	6	30	077
4534	14	4535	096
8863	17	5818	057
2121	6	405	119
3068	23	3027	086
1588	6	30	117
2917	10	2942	066
2644	9	2593	143
4885	17	8813	072
2119	6	2120	133
3216	12	2155	006
2140	6	2045	002
2094	6	2040	149
8301	23	3060	000
196	1	189	061
2094	6	2040	141
4036	14	3498	159
2511	9	2517	104
8529	23	2989	003
1588	6	29	149
3093	17	5947	159
1931	6	116	019
2880	9	2517	133
114	1	116	037
2874	14	3493	004
3068	23	3027	066
3032	10	2940	081
113	6	30	034
2644	9	2593	083
3208	12	2120	101
2874	9	2476	144
921	6	30	131
2530	9	2517	143
2126	6	2045	011
2119	6	2008	057
742	1	748	115
729	1	731	070
3225	23	2938	122
1912	6	405	117
3197	12	2120	107
2769	9	2476	067
675	15	4990	001
4646	14	3509	138
675	15	4990	109
2008	15	4988	065
1959	6	2009	101
2	6	30	034
8863	17	5935	103
211	1	189	101
55	6	30	084
3218	12	2018	099
1958	6	2061	038
9268	20	6706	120
2008	15	4988	063
1588	1	262	014
284	1	189	115
2026	6	30	114
3143	11	3087	088
2124	6	116	031
3232	12	29	093
1947	6	173	083
2116	6	2061	008
7446	20	6780	125
2090	6	116	077
1902	23	3074	129
3211	12	2120	122
921	1	30	037
2172	6	2008	074
8204	23	2989	147
381	6	405	111
2101	6	2095	028
1588	6	30	014
1902	23	3074	135
1902	23	3074	058
675	1	320	137
675	1	320	153
2124	6	116	080
1983	6	171	153
2059	6	2061	001
2127	6	171	045
8301	23	3060	138
8863	17	5817	062
2777	9	2505	137
8529	23	2989	076
1959	6	2009	112
205	6	2038	012
2644	10	2924	055
8824	23	2977	047
4281	14	4156	099
2644	9	2593	103
2140	6	2045	014
1958	6	2009	096
98	5	2003	161
7893	20	6706	131
172	1	402	045
2895	9	2517	095
1947	6	173	054
2917	10	2942	084
921	6	30	044
1588	6	30	047
3093	23	12538	067
100	6	30	009
428	6	171	158
8863	17	5935	097
2119	6	2045	135
2582	9	2520	088
284	6	2045	018
195	1	189	106
1975	6	2008	000
3187	23	12518	108
8282	23	12519	118
2911	10	2940	144
2077	6	2018	144
3233	23	2977	138
1429	6	30	071
8529	23	2989	099
921	1	30	080
8863	17	6190	088
2021	6	402	133
2791	9	2476	029
2592	9	2593	099
1429	6	173	015
1912	6	405	131
2811	9	2517	122
2144	6	2009	095
199	1	189	157
215	1	189	025
3093	23	12538	101
2138	6	2008	075
2592	9	2593	104
2644	9	2593	107
169	6	405	130
659	1	341	035
1429	6	2027	153
1429	6	30	065
3216	12	2155	129
40	6	2114	003
1894	23	2920	104
8863	17	6190	154
3143	11	3087	024
2059	6	2061	083
40	1	41	019
4036	14	3498	121
2615	9	2517	153
3187	23	12518	064
2006	6	29	078
1860	23	3060	077
8204	23	2989	020
8863	17	5818	119
1429	6	30	088
2770	9	2540	104
2056	15	4988	000
3739	14	3496	020
2035	6	2009	109
1922	6	2018	143
2105	6	30	043
8957	23	2922	141
3197	12	2055	125
2615	9	2593	129
8204	23	2989	085
2008	9	259	050
3200	12	2055	123
2584	9	2482	156
3034	14	3956	150
198	1	189	042
1893	23	2947	148
8863	17	5816	084
2723	9	2517	132
1429	6	171	157
2909	9	2720	041
2126	6	625	139
3232	12	29	094
2140	6	2018	157
3068	23	3027	047
2644	10	2924	066
2020	6	2008	036
3216	12	2155	117
196	1	189	087
796	15	4990	052
2105	6	30	073
2127	6	171	064
2516	9	2517	100
205	6	2038	008
2094	6	2040	111
2587	9	2476	119
2637	9	2593	119
796	15	4990	051
2102	6	2008	061
260	1	189	081
771	6	30	122
2006	6	29	037
2883	9	2482	099
1110	15	5120	085
2149	6	29	155
1866	12	170	009
2483	9	2518	154
3232	12	29	017
8301	23	3060	090
2909	9	2720	051
1588	6	30	062
1860	9	2517	149
211	1	189	075
2895	9	2517	155
659	1	341	060
2811	9	2517	117
205	6	30	051
8301	23	3060	054
2798	9	2505	156
1588	6	29	151
2808	9	2517	139
446	1	259	062
2003	6	2038	001
4118	14	3719	161
2069	6	2018	122
28	1	29	150
2026	6	30	052
1983	15	5024	150
2688	9	2517	146
2845	14	3956	115
2140	6	2009	120
2530	14	3431	007
2121	6	405	112
2026	6	30	109
8863	17	5816	048
3218	12	2018	075
2117	6	2032	144
4914	14	4746	001
2883	9	2517	139
2791	9	2476	078
4582	14	3794	059
205	15	4990	062
2094	6	2040	090
2909	9	2720	088
1429	6	2027	161
205	15	4990	097
195	1	189	123
8824	23	2977	017
4885	17	8813	034
2903	11	3089	125
2845	10	2977	123
4582	14	3794	010
1851	10	3012	146
1912	6	405	126
2026	6	2027	147
19	6	2008	052
629	1	30	083
771	6	29	156
1900	23	12538	106
1900	10	3042	113
205	15	4990	150
1866	12	170	030
4885	17	8813	024
2030	6	2045	013
2629	9	2520	133
3217	12	28	058
2172	6	2008	008
1959	6	2018	135
8779	23	2989	054
188	1	189	119
2131	6	2008	058
2592	9	2593	122
729	1	731	072
188	1	189	064
480	15	4990	009
1860	10	2932	093
3021	10	2924	089
2003	6	2019	148
2129	6	30	013
2006	6	29	057
729	15	4990	077
4586	17	5818	111
196	1	189	085
4036	14	3498	020
2124	6	116	026
2587	9	2476	095
2867	9	2517	160
2812	9	2517	126
2808	9	2517	158
2723	9	2517	130
2693	12	28	135
675	15	5120	078
2812	10	2924	081
2007	6	2008	074
8204	23	2989	103
2030	6	2009	101
205	15	4990	158
1865	20	6706	151
9397	20	6706	154
2090	6	116	041
1922	6	2018	110
8863	17	6190	159
2030	6	2008	047
4586	17	5816	155
2010	6	2018	152
4646	14	3509	140
2812	9	2517	115
4347	14	3475	155
2917	10	2942	148
2140	6	2008	054
2059	6	2018	143
2587	9	2588	110
172	1	402	102
2090	6	116	065
3217	12	28	067
2037	6	2009	100
215	1	189	042
2917	10	2942	130
2090	6	116	092
2105	6	30	129
799	1	766	160
2895	17	5873	116
172	1	402	131
1983	15	5024	149
3157	11	3095	156
1866	12	170	026
88	1	90	106
2121	6	2122	002
8282	23	12519	079
2026	6	30	086
446	1	405	115
1871	12	2155	128
2895	9	2517	125
480	15	5067	146
396	6	30	064
2693	12	28	013
2717	9	2517	102
2592	9	2593	109
3225	23	2938	028
12469	22	9990	154
1860	9	2517	152
2080	6	116	031
798	1	591	153
1429	6	30	054
742	15	4990	149
1931	6	116	077
2717	9	2517	107
381	1	405	114
396	6	30	127
488	1	30	109
381	6	405	096
3032	10	2940	128
2138	6	2009	087
4	1	5	037
2126	6	2008	038
3197	12	2120	093
260	1	189	103
2663	17	5935	152
2726	9	2593	150
2030	6	2032	140
2	6	30	097
100	6	30	026
2010	6	2018	133
1851	10	3012	140
2126	6	625	160
3034	14	3956	161
8824	23	2977	031
3217	12	28	077
2761	9	2517	140
197	1	189	012
2035	6	2009	097
88	1	90	131
1473	1	114	061
8863	17	5817	060
8957	23	2922	152
88	1	90	100
44	6	29	157
3068	23	3027	112
2774	9	2748	150
2017	6	2009	099
196	1	189	118
659	1	341	124
284	6	2040	106
3187	12	2055	128
2030	6	2008	073
8529	23	2989	042
2592	9	2593	094
2723	9	2482	143
19	6	2009	102
381	1	259	041
2911	9	2482	153
2	6	30	128
3769	14	3496	038
2080	6	116	062
215	1	189	102
675	6	405	091
2008	9	259	051
1902	23	3074	158
733	1	731	123
2845	14	3956	094
2582	9	2520	137
3032	23	3027	052
2481	9	2482	150
480	15	4990	003
2809	17	5818	140
919	1	921	122
2883	9	2517	127
1894	23	2920	050
2677	15	4969	161
1866	12	170	062
3225	23	2938	098
2138	6	2008	062
1975	6	625	159
2883	9	2482	151
83	1	262	015
2605	9	2476	141
211	1	189	087
1902	23	3074	081
2035	6	2066	160
2911	9	2482	081
480	15	4990	047
2808	9	2517	153
3064	23	12505	137
2127	6	2027	159
8863	17	5935	149
2586	9	2482	151
2003	6	30	103
480	15	4990	130
8571	23	12518	093
40	6	1439	133
8863	17	5818	151
55	6	30	060
169	6	173	002
2006	6	29	119
9308	20	5762	155
284	6	285	006
2845	9	2518	118
675	15	4990	123
7446	20	6780	149
4602	14	3496	146
2131	6	2008	062
1110	15	5120	157
55	6	30	102
2006	6	29	116
196	1	189	109
2785	9	2520	129
1910	14	3956	148
4684	14	3980	157
8863	17	5935	076
2157	6	2120	147
3197	12	2055	152
8863	17	5817	058
1956	6	2040	145
1975	6	2008	039
3225	23	2989	010
446	1	405	108
2587	9	2476	085
196	1	189	161
3756	14	3496	052
3225	23	2938	030
3187	23	12518	066
1983	15	5024	097
8282	23	12519	058
4745	14	4746	139
2886	14	4384	161
2815	11	3087	156
2903	12	170	141
1588	6	30	057
3232	12	29	152
8957	23	2922	058
480	15	5067	110
88	1	90	102
428	6	402	143
659	1	341	138
198	1	189	099
2911	9	2482	072
3143	11	3087	130
3064	23	12505	070
2030	6	2032	161
188	1	189	143
2911	10	2720	124
2693	14	3468	141
2917	9	2593	129
588	6	30	063
2017	6	2008	060
629	1	30	124
2124	6	116	088
3866	14	3487	083
2131	6	2018	148
1871	12	2155	117
742	15	4990	145
8571	23	12518	151
771	6	30	104
509	6	30	127
2094	6	2040	156
2693	12	28	005
2693	12	28	066
1110	15	5120	036
2808	9	2517	085
588	6	30	019
1983	15	5024	154
1958	6	2009	110
2149	6	29	145
1871	12	2155	053
3093	23	12538	143
2589	9	2517	141
1956	6	285	008
8571	23	12518	141
478	1	444	049
2979	10	2924	145
1947	6	173	076
675	15	4990	131
8204	23	2989	139
4885	17	8813	144
8863	17	5818	059
729	1	731	067
2059	6	2061	004
3225	23	2989	121
4749	14	3794	080
284	1	189	117
2770	9	2482	122
1945	6	405	119
2140	6	2008	044
2615	9	2517	098
446	1	405	111
11201	22	11202	141
3225	23	2989	029
11201	22	10030	150
675	15	4990	121
284	6	2040	136
172	1	402	092
2124	6	116	060
3225	12	2155	134
1983	15	5024	113
2723	9	2517	118
2845	9	2518	085
488	1	30	117
8957	23	2922	109
2007	6	2009	114
88	6	30	098
2007	6	2008	035
428	15	5024	137
3068	23	3027	065
659	1	341	039
195	1	189	048
3064	23	12505	160
2	6	2061	023
2615	9	2517	148
2615	9	2593	128
2094	6	2095	025
2895	9	2517	129
588	1	589	149
2663	17	5935	146
1902	23	3074	036
431	1	189	107
733	1	731	051
3217	12	28	075
9356	20	6780	145
1931	6	116	017
2080	6	116	042
196	1	189	066
8863	17	5818	126
742	15	4990	109
2007	6	2008	042
509	6	30	097
1473	1	114	078
2867	9	2588	147
1912	6	402	147
428	6	259	054
2105	6	30	008
2761	9	2517	113
195	1	189	095
2917	10	2942	139
659	1	341	005
212	1	189	148
8571	17	6005	051
2020	6	2008	046
198	1	189	059
8863	17	6190	085
2773	9	2517	101
113	6	30	072
2587	9	2588	128
8863	17	5816	034
2020	6	2045	003
2615	9	2476	107
2845	10	2977	079
771	1	629	046
172	1	402	090
381	6	405	109
8824	23	2977	044
2903	11	3089	005
4036	14	3498	058
7515	20	7092	150
8863	17	5816	071
2792	9	2578	155
2809	17	5935	151
2008	9	259	053
2589	9	2517	132
2008	9	259	037
2138	6	2008	056
399	1	405	086
2037	6	2009	087
2131	6	2009	121
2615	9	2476	101
2923	10	2924	139
2035	6	2009	092
284	6	2040	080
729	1	731	150
1588	6	30	124
3157	11	3095	159
1975	6	2009	087
2874	9	2476	096
3233	12	2009	114
3216	12	2155	150
1894	23	2920	039
396	6	30	072
2157	6	2120	118
1958	6	2170	159
2124	6	116	017
8863	17	6190	072
4654	14	3786	097
2693	12	28	058
8438	20	6780	143
1429	6	2027	144
3217	12	28	009
2589	9	2517	131
169	6	405	102
8708	23	12505	123
2693	12	28	093
1922	6	2018	113
794	1	478	140
260	1	189	107
3208	12	2120	155
2003	6	2019	142
2116	6	2018	084
921	6	46	133
3225	23	2938	024
1902	23	3074	139
3064	23	12505	042
3106	11	3087	152
8957	23	2922	018
2059	6	2061	046
1866	12	170	008
3866	14	3487	107
8863	17	5817	055
113	6	30	093
2845	10	2977	112
8282	23	12519	056
2172	6	2009	116
2726	20	6706	121
396	6	30	030
2911	9	2482	098
260	1	189	143
2516	9	2517	112
1922	6	2061	017
2769	9	2476	122
2589	14	3500	130
3032	10	2940	086
1900	10	3042	115
399	6	402	144
2909	9	2593	019
8863	17	5818	070
114	1	117	013
1956	6	2009	126
2140	6	2009	132
4036	14	3498	075
2117	6	2032	161
2909	9	2593	017
1975	6	2008	044
729	1	731	080
4586	17	5816	140
3106	11	3087	121
2809	17	5817	104
1975	6	2009	116
2026	6	30	016
3106	11	3087	092
762	1	28	155
2017	6	2009	092
1866	12	170	003
2127	6	171	092
88	1	90	021
2874	9	2476	053
2099	9	2486	161
2530	14	3431	130
1110	15	5120	139
2592	9	2593	139
428	15	5024	134
114	1	115	145
2791	9	2476	131
88	6	29	143
431	1	189	159
2681	9	2476	115
2105	6	30	049
40	6	1439	088
3200	12	2055	103
8824	23	2977	142
3157	11	3107	150
2077	6	2061	034
169	1	171	158
2090	6	116	136
196	1	189	037
2140	6	2018	146
2026	6	30	079
3225	23	2938	062
8301	23	3060	038
2124	6	115	144
172	1	402	005
8779	23	2989	143
9423	20	6706	141
2809	17	5935	148
1900	10	3042	128
2017	6	2008	055
733	1	731	036
3093	23	12538	036
796	15	4990	091
1902	23	3074	012
2582	9	2520	142
2124	6	116	041
2129	6	30	129
172	1	402	130
1947	6	173	063
8863	17	5816	118
2791	9	2476	039
2090	6	115	141
1945	6	170	161
2007	6	2009	109
2770	9	2540	108
3232	12	29	096
1983	6	405	115
196	1	189	149
3225	12	2155	144
2911	9	2482	159
3064	23	12505	075
2874	9	2476	024
2481	9	2482	136
4154	14	4155	141
478	1	444	014
1902	23	3074	015
2026	6	30	063
169	6	173	023
1110	15	5120	044
381	6	405	042
2917	10	2942	110
796	15	4990	055
3225	23	2989	015
2812	9	2517	111
509	6	30	006
4582	14	3794	002
8957	23	2922	119
3211	12	2120	106
3068	23	3027	034
169	6	405	111
2007	6	2008	064
2812	9	2517	128
3866	17	5873	035
478	1	444	114
2583	9	2476	136
2102	6	2040	143
2911	10	2720	141
3190	12	2120	089
340	1	341	148
8863	17	5935	134
1902	23	3074	147
2010	6	2018	143
1473	1	114	024
2	6	2018	143
2006	6	29	024
44	6	30	084
44	6	30	023
2911	9	2482	120
3106	11	3087	020
172	1	402	053
3425	14	3426	120
771	1	629	018
3170	17	5953	159
771	1	629	054
2693	12	28	114
2131	6	2009	130
4586	17	5818	128
2530	14	3431	159
1959	6	2008	081
3143	11	3087	060
4	1	5	041
198	1	189	021
44	6	30	083
3068	23	3027	067
1959	6	2008	056
2105	6	30	098
2144	6	2009	115
2006	6	29	145
1983	6	405	088
2909	9	2593	075
3216	12	2155	001
1922	6	2018	096
2773	9	2517	136
213	1	189	054
1931	6	116	051
2080	6	115	156
1958	6	2009	100
2681	9	2476	049
2530	14	3431	063
2481	9	2482	134
2144	6	2018	150
2131	6	2009	117
2010	6	2018	138
2141	6	171	156
2006	6	29	041
2845	10	2977	145
2681	9	2476	147
2663	17	5935	143
169	1	173	005
3093	23	12538	007
2026	6	30	017
55	6	29	148
3508	14	3436	155
3214	12	2120	081
4036	14	3498	091
2138	6	2008	050
2	6	29	161
2629	9	2520	116
659	1	341	001
205	6	30	082
2105	6	30	101
3208	12	2120	115
2094	6	2040	108
2090	6	116	110
2811	9	2517	094
205	6	30	067
1931	6	116	029
3232	12	29	148
8957	23	2922	114
431	1	189	057
771	6	30	080
2140	6	2009	123
2979	10	2924	135
212	1	189	076
2105	6	30	024
2126	6	2009	102
3206	12	2120	097
431	1	189	073
771	1	773	144
2069	6	2018	092
2157	6	2120	138
2008	15	4988	053
3187	23	12518	095
3225	23	2989	101
2144	6	2009	081
11201	22	10030	146
8282	23	12519	110
1931	6	116	033
381	6	405	079
2006	6	29	122
3784	14	3764	153
284	6	2008	074
381	1	405	104
2809	17	5816	112
3815	14	3495	105
675	15	4990	095
2030	6	2032	152
675	15	5120	053
88	6	30	024
88	6	30	057
2917	10	2942	145
3190	12	2120	105
1902	23	3074	087
2693	12	28	034
8957	23	2922	107
1473	1	114	054
28	6	29	160
2138	6	2008	076
1956	6	2009	108
8824	23	2977	127
4393	14	3496	145
2026	6	30	092
8863	17	5935	159
1931	6	116	042
55	6	30	131
2102	6	2104	017
2911	10	2940	075
188	1	189	040
1957	6	2055	015
2124	6	116	115
2903	11	3089	074
3064	23	12505	157
1866	12	170	075
2719	9	2720	153
1860	9	2517	144
199	1	189	018
771	1	629	058
2917	9	2593	136
2021	6	171	157
3756	14	3495	067
284	6	2040	109
172	1	402	143
8529	23	2989	081
480	15	4990	103
2003	6	2019	138
88	6	30	096
2003	6	30	086
2592	9	2593	102
1983	6	405	120
480	15	5067	150
2615	9	2593	152
4582	14	3794	038
197	1	189	142
8863	17	5935	063
8957	23	2922	104
8571	23	12518	107
2080	6	115	144
2010	6	2008	079
3218	12	2018	110
2507	9	2476	155
431	1	189	155
1900	10	3042	121
3106	11	3087	143
8414	17	5994	000
4582	14	3794	112
771	1	629	064
2644	10	2924	050
733	1	731	159
2138	6	2045	008
196	1	189	069
1975	6	2009	124
2140	6	2008	067
3225	23	2989	071
169	6	173	027
284	6	2040	108
921	1	30	040
675	1	320	114
2077	6	2060	114
8863	17	6190	082
478	1	444	103
1958	6	2061	069
2101	6	2008	046
2119	6	2120	130
8779	23	2989	050
2723	9	2482	126
675	1	320	134
40	6	1439	036
83	1	58	144
2003	6	30	115
1866	12	170	068
2465	14	3495	134
1922	6	2061	081
188	1	189	003
1958	6	2009	107
2693	12	28	032
8863	17	5816	132
381	6	405	066
113	6	30	083
396	6	30	007
2129	6	30	099
3106	11	3087	140
1959	6	2018	150
2719	9	2720	158
11693	22	2157	156
771	6	30	044
1902	23	3074	018
195	1	189	099
2663	17	6190	156
2822	14	3475	145
2017	6	2009	108
1871	12	2155	100
8957	23	2922	021
2116	6	2061	020
2080	6	116	102
2769	9	2476	057
4691	14	3860	036
2605	9	2476	160
2589	9	2517	154
675	15	5120	071
675	1	320	116
260	1	189	042
2693	14	3468	148
444	1	405	127
1429	6	30	127
771	1	629	125
2006	6	29	011
921	6	30	039
199	1	189	038
2090	6	116	101
2077	6	2060	126
3032	10	2940	091
3216	12	2155	021
3211	12	2120	153
1429	6	2027	137
1983	6	405	100
2903	11	3089	086
2037	6	2009	118
8282	23	12519	099
3106	11	3087	081
1110	15	5120	143
588	6	589	158
3206	12	2120	081
2017	6	2018	154
2770	9	2540	151
2587	9	2476	129
2003	6	30	122
3214	12	2120	131
1902	23	3074	044
2121	6	405	096
3051	10	2924	030
2126	6	2008	033
6174	17	5873	072
2903	11	3089	057
2867	9	2588	148
2911	10	2940	093
2010	6	2008	081
2744	10	2924	086
2010	6	2008	061
169	6	173	007
55	1	58	140
1110	15	5120	127
8204	23	2989	014
729	1	731	149
3217	12	28	128
1473	1	114	038
2121	6	2122	008
796	15	4990	028
446	1	259	071
4586	17	5818	152
3106	11	3087	012
2006	6	29	074
2917	9	2593	072
3214	12	2120	116
8494	20	6780	158
2726	9	2593	142
3214	12	2120	104
1902	23	3074	008
729	15	4990	105
3032	10	2940	133
6876	17	5873	129
2010	6	2008	025
2605	9	2476	147
659	1	341	024
3216	12	2155	027
169	6	173	051
1959	6	2009	087
431	1	189	090
3866	14	3487	128
2589	9	2517	152
2080	6	116	050
2530	9	2517	134
2693	14	3468	152
8438	20	6780	135
2895	9	2517	111
629	1	30	074
1871	12	2155	003
172	1	402	085
260	1	189	038
2020	6	2009	106
2615	9	2593	142
1947	6	173	019
2035	6	625	140
3217	12	28	070
2006	6	29	010
921	1	30	122
2615	9	2593	130
3064	23	12505	109
733	1	731	127
2124	6	116	055
195	1	189	148
196	1	189	129
8863	17	5817	097
2101	6	2008	057
2	6	30	126
2911	9	2482	142
1110	15	5120	149
1863	9	2518	149
28	1	29	157
2629	9	2520	143
2172	6	2008	030
2770	9	2482	130
205	6	30	113
381	1	405	154
2030	6	2009	096
2916	9	2517	112
1922	6	2061	014
2688	9	2517	152
197	1	189	104
2035	6	2009	089
444	1	405	117
55	6	30	100
2615	9	2517	121
114	1	115	143
212	1	189	056
1588	6	30	010
2059	6	2061	002
2903	11	3089	129
3217	12	28	065
3214	12	2120	140
2874	9	2476	154
2037	6	2009	082
4	1	5	109
2131	6	2008	063
205	6	30	030
8282	23	12519	120
2582	9	2520	080
2530	9	2517	133
794	1	478	128
2511	9	2476	141
2102	6	2104	018
3218	12	2018	088
2587	9	2476	104
675	15	5120	108
44	6	29	158
55	6	30	073
2124	6	115	138
2119	6	2120	080
3187	12	2055	156
4586	17	5818	108
2457	20	6706	161
675	6	171	158
2119	6	2045	045
2798	9	2505	157
3200	12	2055	141
8824	23	2977	123
480	15	4990	023
675	15	5120	138
2010	6	2009	091
1473	1	114	015
2003	6	30	102
729	1	731	063
2129	6	30	063
3216	12	2155	016
2637	9	2593	096
3216	12	2155	030
2909	9	2720	019
675	15	4990	130
1866	12	170	108
4730	14	3717	024
4	1	5	124
2770	9	2482	117
1922	6	2018	134
2589	9	2517	135
729	15	4990	125
431	1	189	142
478	1	444	096
2845	9	2518	112
3229	12	29	157
3232	12	29	053
2744	9	2593	078
919	1	921	075
771	1	629	081
431	1	189	010
729	1	731	059
1866	12	170	142
172	1	402	019
2785	9	2593	100
675	6	402	145
340	6	405	132
88	6	30	124
8957	23	2922	118
2080	6	116	121
8204	23	2989	136
2615	9	2476	158
211	1	189	132
4885	14	3690	054
2511	9	2476	132
3064	23	12505	103
8500	17	6725	147
381	6	405	123
1912	6	259	058
794	1	478	106
113	6	551	155
1110	15	5120	033
2911	9	2482	107
2809	17	5816	120
446	1	402	147
2144	6	2009	094
2663	17	6190	151
2809	17	5816	147
215	1	189	107
2119	6	2120	146
8282	23	12519	119
4	1	5	027
205	6	2019	134
2761	9	2517	145
2671	17	5817	022
742	15	4990	119
88	6	30	114
2138	6	2018	133
1983	6	405	118
2917	10	2942	101
1947	6	173	000
2644	10	2924	061
2809	9	2705	109
8301	23	3060	086
1902	23	3074	024
2	6	29	159
1983	15	5024	121
260	1	189	090
1110	15	5120	002
55	1	58	141
2121	6	405	126
794	1	478	149
2637	9	2593	161
4	1	5	108
196	1	189	112
2903	11	3089	161
675	15	5120	151
2587	9	2588	066
8863	17	6190	153
2102	6	2040	136
3068	23	3027	031
2105	6	30	054
1922	6	2018	099
188	1	189	080
2845	14	3956	110
675	15	4990	040
921	1	30	093
205	15	4990	159
2168	6	173	079
8301	23	3060	142
2663	17	5816	133
188	1	189	139
8301	23	3060	126
2845	10	2977	085
8204	23	2989	038
8779	23	2989	042
3187	23	12518	120
4	1	5	113
2026	6	30	084
729	1	731	138
796	15	4990	127
2587	9	2476	138
733	1	731	061
3190	12	2120	113
444	1	405	123
198	1	189	053
196	1	189	056
88	1	90	140
2080	6	116	035
919	1	921	018
2116	6	2061	012
729	1	731	121
2119	6	2095	025
2770	9	2540	118
2127	6	171	134
399	1	405	123
478	1	444	158
2121	6	2122	010
2006	6	29	152
428	15	5024	130
3217	12	28	129
2006	6	29	112
8204	23	2989	008
3093	23	12538	056
2006	6	29	077
44	6	30	034
2056	15	4988	015
2791	9	2476	133
2101	6	2008	078
3232	12	29	078
205	15	4990	047
8863	17	5817	042
1983	15	5024	116
4586	17	5818	106
364	6	29	159
8204	23	2989	005
629	1	30	031
2530	14	3431	140
83	1	262	016
2717	9	2517	120
2723	9	2517	112
2021	6	405	116
3214	12	2120	128
199	1	189	142
2020	6	2009	099
3143	11	3087	000
1947	6	173	010
396	6	30	124
1931	6	115	146
4	1	5	055
396	6	30	021
113	6	30	064
2138	6	2045	004
1865	20	6706	144
2129	6	30	122
2077	6	2061	021
3143	11	3087	022
2006	6	29	007
2102	6	285	010
8301	23	3060	080
2895	20	6706	118
3068	23	3027	036
3157	11	3095	154
261	1	262	010
205	15	4990	114
2791	9	2476	155
169	1	173	095
1110	15	5120	081
2777	9	2505	154
1429	6	171	155
2090	6	116	025
675	6	402	137
2481	9	2482	123
2059	6	2061	076
114	1	116	027
1983	15	5024	136
4885	14	3690	053
197	1	189	124
3034	10	2963	152
2126	6	2025	132
2769	9	2476	081
921	6	30	084
3211	12	2120	090
3143	11	3087	084
8143	17	5817	136
2644	9	2593	067
3216	12	2155	153
2886	11	3111	160
2138	6	2009	116
2911	10	2940	091
742	1	748	133
9012	17	5818	102
2916	9	2517	107
2144	6	2009	092
588	1	591	160
2637	9	2593	087
3211	12	2120	151
1945	6	170	160
3190	12	2120	148
2723	9	2517	148
88	6	28	134
169	6	405	112
8957	23	2922	081
428	6	2055	022
3032	10	2940	146
4586	17	5818	145
2119	6	2045	085
1866	12	170	051
2094	6	2040	132
2592	9	2593	127
8863	17	5935	143
8204	23	2989	124
195	1	189	018
8863	17	5935	090
2006	6	29	054
2026	6	30	025
1931	6	116	129
2637	9	2593	148
771	1	629	057
588	6	1560	001
480	15	5067	081
83	6	29	139
2587	9	2588	135
919	1	921	050
4582	14	3794	033
742	1	748	105
9395	20	6012	147
172	1	402	055
4940	14	3427	136
113	6	551	157
478	1	444	115
2119	6	2045	159
1902	23	3074	062
4036	14	3498	100
3206	12	2120	135
2770	9	2482	118
284	1	189	154
8204	23	2989	022
2693	12	28	043
2126	6	2009	087
1947	6	405	107
2812	9	2517	106
2791	9	2476	147
1956	6	285	003
363	1	364	153
4586	17	5818	142
2172	6	2008	076
55	1	58	147
212	1	189	144
921	1	30	084
2809	17	5935	150
2723	9	2482	103
399	1	405	124
169	1	173	006
2655	9	2482	154
1866	12	170	064
8301	23	3060	016
8154	17	7092	134
2769	9	2476	076
2010	6	2009	083
921	1	30	075
88	6	30	044
3187	23	12518	084
1922	6	2061	020
2172	6	2008	023
2808	9	2517	128
2090	6	116	094
2629	9	2520	122
2587	9	2588	088
1871	12	2155	011
733	1	731	032
1866	12	170	060
2030	6	2008	068
3216	12	2155	078
2530	14	3431	093
198	1	189	116
195	1	189	063
742	15	4990	120
169	6	173	062
1922	6	2061	058
2006	6	29	053
28	6	29	146
2020	6	2009	104
3225	12	2155	151
113	6	46	135
2761	17	6758	075
2785	9	2520	112
8779	23	2989	119
113	6	29	154
1110	15	5120	025
921	6	30	086
742	15	4990	105
396	6	28	131
88	1	90	109
1863	10	3027	126
2744	10	2924	087
284	6	2008	080
2629	9	2520	153
2105	6	30	022
260	1	189	002
729	1	731	103
2809	9	2705	124
197	1	189	010
2822	14	3475	140
2927	10	2932	140
2663	9	2476	152
8529	23	2989	079
762	1	28	154
2632	9	2476	134
3064	23	12505	056
626	1	46	151
1860	10	2932	091
2911	9	2482	158
1956	6	2040	144
205	15	4990	042
19	6	2045	012
199	1	189	074
40	6	1439	115
169	1	172	140
428	15	5024	109
2481	9	2482	137
213	1	189	121
794	1	478	134
100	6	30	129
1959	6	2009	125
2693	14	3468	151
2895	9	2517	103
1910	14	4329	137
2845	9	2518	087
2586	9	2482	159
2812	9	2517	150
2008	9	259	033
480	15	4990	037
2006	6	29	093
1931	6	116	107
1957	6	405	117
215	1	189	100
4	1	5	132
284	1	189	105
2867	9	2588	121
428	6	259	076
4520	14	3496	003
675	15	5120	126
1983	6	405	114
3232	12	29	081
2688	9	2517	131
2138	6	2045	014
2008	9	259	076
2809	17	5818	131
2530	14	3431	017
771	6	29	160
1912	6	259	052
2131	6	2008	069
921	1	30	078
2017	6	2008	062
729	1	731	112
1959	6	2009	105
629	1	30	049
3225	23	2938	116
381	1	259	072
509	6	30	009
3218	12	2018	064
3211	14	4342	075
2020	6	2008	053
1902	23	3074	002
1866	12	170	091
2105	6	30	035
205	15	4990	133
771	1	629	048
3218	12	2018	037
4036	14	3498	059
771	6	30	092
172	1	402	024
8863	17	6190	112
2127	6	171	004
3178	11	3087	148
40	6	1439	107
478	1	444	112
4586	17	5818	149
340	1	341	132
8863	17	5816	100
2677	9	2490	161
2770	9	2482	154
3032	10	2940	099
1110	15	5120	055
2582	9	2520	159
921	6	30	095
399	6	402	136
2117	6	2032	142
428	15	5024	128
1957	6	405	098
2127	6	171	031
2178	6	30	129
8282	23	12519	075
2124	6	117	014
4914	14	4746	003
2101	6	2040	137
2008	15	4988	078
2017	6	2009	106
8863	17	5818	040
1860	9	2517	155
212	1	189	010
733	1	731	082
2530	9	2476	140
2632	9	2517	140
2102	6	2095	029
2119	6	2045	144
205	15	4990	025
1866	12	170	095
3225	23	2938	108
3784	14	3757	154
83	1	58	157
742	1	743	142
2530	14	3431	066
211	1	189	026
19	6	2009	113
2587	9	2588	084
2583	9	2476	137
733	1	731	102
2074	6	405	119
771	6	30	089
211	1	189	154
199	1	189	137
1902	23	3074	127
2010	6	2009	126
2812	9	2517	093
921	1	30	073
2140	6	2008	072
8863	17	5818	074
509	6	30	125
675	15	5120	027
2845	10	2977	124
1957	6	405	116
1900	10	3043	150
3068	23	3027	008
3032	10	2940	114
1931	6	116	059
399	1	405	122
2917	10	2942	144
2069	6	2018	134
2917	10	2942	141
921	6	29	139
19	6	2044	152
1429	6	2027	152
4	1	5	128
172	1	402	134
1912	15	5024	159
1975	6	2008	023
2101	6	2040	116
742	15	4990	150
2511	9	2517	155
4582	14	3793	138
1473	1	114	058
3032	10	2940	076
199	1	189	082
2770	9	2540	146
2127	6	171	157
1957	6	405	119
2845	9	2518	135
2845	9	2518	152
2138	6	2009	114
198	1	189	024
1945	6	405	093
4	1	5	100
3216	12	2155	057
381	1	259	033
2903	11	3089	107
2481	9	2482	126
3217	12	28	080
2530	14	3431	125
742	1	748	137
2909	9	2720	092
4885	17	8813	105
205	15	4990	016
114	1	116	092
1588	6	30	072
197	1	189	156
2138	6	2008	081
11201	22	10030	149
284	1	189	152
742	1	748	090
2773	9	2517	114
188	1	189	014
742	1	748	091
1894	23	2920	056
4749	14	3794	078
2008	15	4988	040
588	6	30	106
478	1	444	053
446	1	259	080
2035	6	625	141
9084	20	6706	128
2090	6	116	123
100	6	30	021
2530	14	3431	115
1947	6	2027	135
2127	6	171	060
2917	9	2593	122
2798	9	2505	136
675	15	5120	106
729	1	731	113
2589	9	2517	160
3206	12	2120	143
2917	9	2593	086
919	1	921	013
8204	23	2989	010
3217	12	28	094
3866	14	3487	151
8301	23	3060	059
3051	10	2924	024
771	6	30	050
1931	6	115	142
4036	14	3498	060
2632	9	2517	115
2867	9	2517	122
8282	23	12519	049
188	1	189	148
2090	6	116	112
28	6	29	137
2809	17	5818	098
1588	6	30	021
2773	9	2517	137
2131	6	2018	138
8824	23	2977	108
2	6	2061	006
1433	9	2486	160
284	6	2040	129
3205	12	2055	161
1958	6	2061	003
2883	9	2482	155
198	1	189	153
626	6	46	152
921	1	30	043
2008	9	259	055
771	1	629	079
12469	22	9990	155
626	6	46	159
2809	9	2705	105
1945	6	405	118
428	15	5024	115
2791	9	2476	119
215	1	189	002
381	6	405	113
2809	17	5816	136
675	15	4990	058
1912	6	259	059
8282	23	12519	051
771	6	30	049
2693	11	3087	137
2812	10	2924	098
1975	6	625	134
8863	17	5818	125
1900	10	3043	151
2030	6	2009	085
2021	6	405	114
3064	23	12505	158
2637	14	4535	088
88	6	30	061
2916	9	2517	094
8863	17	5817	161
9348	20	6012	121
2883	9	2482	108
284	6	2055	011
2101	6	2008	042
2655	17	6987	140
113	6	30	002
8863	17	5935	126
28	1	29	145
88	6	30	078
1958	6	2128	159
19	6	2045	008
3032	10	2940	072
428	6	259	072
2026	6	2111	131
771	1	629	051
3157	11	3107	147
3032	10	2940	074
169	6	405	085
2586	9	2482	153
4036	14	3498	135
4885	17	8813	094
796	15	4990	134
2726	20	6012	146
2056	15	4988	017
2867	9	2588	140
3064	23	12505	146
2126	6	2008	072
3034	10	2963	149
2909	9	2593	088
2140	6	2008	055
2811	9	2517	110
4582	14	3794	103
3217	12	28	021
340	1	381	128
284	6	2040	134
3187	23	12518	154
2615	9	2476	154
921	1	46	134
2127	6	171	070
213	1	189	038
2744	10	2924	090
2777	9	2505	133
2632	9	2517	144
196	1	189	133
2144	6	2009	112
198	1	189	149
921	1	30	031
199	1	189	149
771	6	30	101
2530	14	3431	096
428	6	259	058
2812	9	2517	103
199	1	189	070
88	6	30	081
8824	23	2977	144
1945	6	405	103
2003	6	2038	019
2592	9	2593	144
2693	11	3087	130
3197	12	2120	088
2822	9	2529	148
1975	6	2009	108
8863	17	5818	077
3208	12	2120	138
921	6	30	128
2923	10	2924	138
211	1	189	043
2481	9	2482	144
2074	6	405	102
2037	6	2009	129
2090	6	115	158
1871	12	2155	091
44	6	30	125
3718	14	3719	031
381	1	405	119
2	6	2061	009
2770	9	2540	106
100	6	30	073
381	6	405	094
4586	17	5816	142
4885	17	8813	156
2629	9	2520	110
205	6	30	028
480	15	4990	066
2138	6	2018	143
19	6	2008	064
8957	23	2922	054
478	1	444	142
1588	6	30	059
2867	9	2588	128
1110	15	5120	114
4557	14	3436	133
2008	9	259	063
3225	23	2938	104
8529	23	2989	016
8863	17	5818	160
8863	17	5818	145
1956	6	2008	053
3232	12	29	030
3866	14	3487	110
2809	17	5818	134
4393	14	3495	147
1957	6	405	115
2615	9	2593	158
284	6	2008	055
3815	14	3495	101
260	1	189	051
3187	12	2055	152
4749	14	3794	068
8863	17	5818	052
1956	6	2045	018
2723	9	2482	110
2911	10	2720	107
1894	23	2920	121
446	1	402	143
2770	9	2482	124
88	1	90	117
488	1	30	111
2769	9	2476	120
2072	6	29	145
2119	6	2095	019
478	1	444	148
2026	6	30	058
2124	6	116	089
44	6	46	134
480	15	4990	095
8282	23	12519	031
2003	6	2038	009
2880	9	2517	138
446	1	405	131
1956	6	2008	038
629	1	28	149
3216	12	2155	037
444	1	405	109
4775	14	3496	138
2979	10	2924	130
1473	1	114	116
1902	23	3074	156
2808	9	2517	141
3190	12	2120	096
2917	9	2593	149
1110	15	5120	019
2909	9	2593	074
7436	17	5818	073
2119	6	2045	100
11201	22	9756	150
2972	17	6623	152
2119	6	2045	133
396	6	30	071
3032	10	2940	118
88	6	30	043
2681	9	2476	044
446	1	405	106
2681	9	2476	159
100	6	30	001
2021	6	171	151
8824	23	2977	136
771	6	30	126
284	6	2008	065
8863	17	6190	104
1957	6	171	153
2138	6	2009	091
1110	15	5120	088
211	1	189	035
428	6	2055	014
2770	9	2540	099
2138	6	2008	073
8282	23	12519	072
211	1	189	019
1975	6	2008	059
2582	9	2520	091
2003	6	30	082
2681	9	2476	077
2168	6	173	000
3216	12	2155	158
188	1	189	154
215	1	189	140
659	1	341	047
2094	6	2040	094
3924	14	3495	080
2530	9	2517	128
55	6	30	051
1110	15	5120	068
2116	6	2018	136
1912	6	259	047
2006	6	29	147
1958	6	2009	117
55	6	30	090
1588	6	30	036
3064	23	12505	086
1860	9	2517	156
9288	20	5762	117
2006	6	29	042
2717	9	2517	146
188	1	189	044
2808	10	2924	078
2845	10	2977	133
4885	17	8813	124
44	6	30	009
2008	15	4988	058
771	1	629	083
4582	14	3794	042
172	1	402	142
431	1	189	092
8779	23	2989	112
3064	23	12505	108
1429	6	30	106
2074	6	405	106
1922	6	2018	132
11201	22	10030	152
9268	20	6706	143
4586	17	5817	116
3187	23	12518	157
2723	9	2517	156
1588	6	30	063
2530	14	3431	113
478	1	444	083
3178	11	3087	154
2785	9	2593	118
114	1	116	041
2693	12	28	128
1860	10	2940	087
1866	12	170	006
4720	14	3717	075
1947	6	405	099
2681	9	2476	129
4586	17	5817	140
733	1	731	138
2140	6	2009	086
2168	6	173	012
4749	14	3794	069
1893	23	2947	145
399	6	402	146
3143	11	3087	078
1947	6	405	117
3225	23	2989	111
2102	6	2095	025
44	6	30	042
2020	6	2009	125
8824	23	2977	078
215	1	189	106
55	6	30	129
1912	6	259	045
4914	14	4746	002
2140	6	2009	124
2090	6	116	076
213	1	189	018
8282	23	12519	007
2481	9	2482	127
205	15	4990	012
659	1	341	119
8708	17	6308	147
8301	23	3060	017
2119	6	2120	091
3106	11	3087	110
2761	9	2517	117
10751	22	9991	149
2917	10	2942	142
478	1	444	098
2880	9	2517	152
2582	9	2520	157
1588	6	30	093
2511	9	2476	135
629	1	30	047
2663	17	5817	156
2127	6	2027	160
1871	12	2155	087
2129	6	30	007
1931	6	115	147
4586	14	4587	137
211	1	189	098
729	1	731	056
2587	9	2476	107
1110	15	5120	089
2845	9	2518	137
2587	9	2476	124
2110	6	171	147
2909	9	2720	036
2069	6	2018	161
2006	6	29	025
2785	9	2593	134
19	6	2008	033
921	1	30	046
2845	14	3956	155
88	6	29	136
2007	6	2008	069
2183	9	2486	159
1922	6	2018	152
8779	23	2989	092
196	1	189	135
446	1	405	096
3064	23	12505	093
2582	9	2520	138
729	15	4990	081
196	1	189	151
2909	9	2593	060
8571	23	12518	090
1871	12	170	140
195	1	189	135
2172	6	2008	056
675	15	5120	006
3068	23	3027	120
113	6	30	013
3232	12	29	116
3159	23	3012	137
431	1	189	075
2812	10	2924	100
6929	20	6706	140
4534	14	4535	098
3233	12	2009	120
1473	1	114	142
3068	23	3027	081
2822	9	2529	128
3217	12	28	069
2791	9	2476	050
2101	6	2040	096
1975	6	2009	131
205	15	4990	010
8154	20	7092	128
2911	10	2720	072
6539	17	6066	080
1922	6	2018	106
3170	11	3087	156
2587	9	2476	067
1956	6	2040	153
4885	17	8813	097
9431	20	5762	143
3211	12	2120	105
1945	6	402	137
2119	6	2045	081
2077	6	2060	101
2077	6	2061	049
2809	17	5816	122
4582	14	3793	149
3844	14	3496	069
2883	9	2517	106
172	1	402	031
4586	17	5817	146
212	1	189	039
2127	6	171	106
8949	23	12518	118
2077	6	2060	110
2809	17	5816	129
396	6	30	079
213	1	189	132
88	1	90	098
381	6	405	074
2895	9	2517	099
88	6	29	158
478	1	444	109
188	1	189	160
1588	6	30	008
2615	9	2593	096
381	1	259	056
771	6	30	077
1866	12	170	038
1922	6	2061	062
629	1	28	146
1958	6	2009	097
8863	17	5816	137
104	1	74	160
3232	12	29	149
2911	10	2940	160
2761	9	2517	110
381	6	405	116
8863	17	5816	129
2587	9	2476	146
2777	9	2505	123
88	6	30	074
8204	23	2989	064
1956	6	2040	141
55	6	29	145
2874	9	2476	123
2138	6	2045	018
2809	9	2705	133
2822	14	3475	131
2903	11	3089	042
3216	12	2155	067
2909	9	2720	148
2140	6	2008	033
8863	17	5818	142
2119	6	2120	150
1956	6	2008	054
2663	17	6190	141
284	6	2040	094
4940	14	3426	136
3062	10	2924	068
2785	9	2593	146
2037	6	2009	115
4582	14	3794	146
446	1	259	079
2124	6	116	102
1902	23	3074	101
2003	6	2019	155
626	6	46	147
2655	9	2482	138
4	1	626	150
44	6	30	067
2131	6	2008	034
3170	17	5947	147
2131	6	2018	150
8863	17	5818	039
2644	9	2593	075
3178	11	3087	135
3204	12	170	144
3866	14	3487	160
2168	6	173	011
4646	20	6012	140
196	1	189	035
3187	12	2055	118
363	1	120	147
1871	12	2155	023
729	1	731	105
215	1	189	034
8282	23	12519	122
2140	6	2008	077
3064	23	12505	083
197	1	189	018
3064	23	12505	043
2037	6	2009	105
2077	6	2061	000
8282	23	12519	047
2792	9	2578	151
211	1	189	001
2094	6	2040	083
8863	17	5817	037
2003	6	2019	159
629	1	30	102
2911	10	2720	135
3206	12	2120	129
4736	14	3495	065
8863	17	5816	057
2003	6	2038	005
8204	23	2989	019
3068	23	3027	159
2809	9	2705	138
260	1	189	120
2903	11	3089	131
3206	14	3427	079
8301	23	3060	056
2909	9	2720	121
2007	6	2018	142
2006	6	29	096
3784	14	3764	151
3233	23	12521	143
2059	6	2060	115
211	1	189	157
2785	9	2520	133
381	1	405	106
205	6	30	083
2072	6	29	156
478	1	444	104
2080	6	116	133
2010	6	2009	121
796	15	4990	005
2101	6	2040	132
2909	9	2720	000
4582	14	3794	066
284	1	285	000
1931	6	115	145
2808	9	2517	160
771	1	774	152
19	6	2009	117
2030	6	2009	084
2769	9	2476	158
1894	23	2920	024
2003	6	30	062
169	1	173	116
88	6	28	133
729	15	4990	087
2605	20	5762	149
199	1	189	141
169	1	173	004
675	15	5120	117
260	1	189	131
1866	12	170	103
2172	6	2008	069
2681	9	2476	124
1139	1	772	158
113	6	30	008
2020	6	2018	137
2808	9	2517	096
2069	6	2018	123
2911	10	2940	113
205	6	2019	143
2116	6	2018	128
2030	6	2008	046
4582	14	3794	008
1473	1	114	156
2761	9	2517	100
3216	12	2155	008
44	6	29	145
2615	9	2593	100
2883	9	2517	111
3187	23	12518	135
1866	12	170	010
796	15	4990	122
3200	12	2055	100
2140	6	2009	095
172	1	402	080
9363	20	6706	136
19	6	2025	132
198	1	189	040
3093	23	12538	059
169	6	173	073
2770	9	2482	139
3068	23	3027	128
2017	6	2018	135
3214	12	2120	120
3217	12	28	115
3064	23	12505	121
771	6	30	063
2791	9	2476	087
2917	9	2593	056
1959	6	2008	080
2809	17	5935	137
2812	9	2517	117
2101	6	2045	016
2822	9	2529	122
3032	10	2940	121
3106	11	3087	052
8863	17	5816	060
1922	6	2018	144
1110	15	5120	134
88	1	90	072
2644	9	2593	039
8957	23	2922	134
509	6	30	074
1957	6	2055	024
12016	22	9574	157
2909	9	2593	031
8492	20	6706	118
480	15	5067	108
7447	17	6399	152
2129	6	30	125
762	1	28	156
4	1	5	137
2911	10	2720	143
2773	9	2517	139
2121	6	171	156
3216	12	2155	036
196	1	189	059
3218	12	2018	080
3143	11	3087	045
2116	6	2018	145
55	6	30	068
1894	23	2920	079
446	1	405	092
2655	9	2482	135
2119	6	2120	159
742	15	4990	131
9084	20	6706	146
1473	1	114	002
2105	6	2027	150
4720	14	3495	077
2080	6	116	111
2911	9	2482	066
1110	15	5120	146
3064	23	12505	113
2541	9	2482	144
478	1	444	108
3218	12	2018	105
8863	17	5935	091
2615	9	2517	161
2	6	2018	154
3187	12	2055	106
2811	9	2517	116
381	6	405	045
2101	6	2040	101
2587	9	2588	065
2615	9	2593	108
2157	6	2120	115
2101	6	2040	146
2511	9	2517	100
2637	14	4535	081
7497	20	6780	149
431	1	189	110
2663	17	5816	135
381	6	405	077
509	6	30	066
1588	6	30	087
2615	9	2476	120
88	1	90	118
3143	11	3087	142
2090	6	116	096
198	1	189	120
2693	12	28	030
88	6	30	050
2020	6	2018	148
4885	17	8813	021
169	1	173	131
1959	6	2008	054
2511	14	3711	128
396	6	29	143
1910	14	3956	142
114	1	116	125
2744	9	2593	124
1894	23	2920	018
2815	23	2922	128
260	1	189	157
2172	6	2009	083
381	1	405	098
1588	6	30	114
40	6	1439	160
55	6	30	105
1931	6	116	105
4749	14	3794	064
2530	9	2476	135
2129	6	30	040
3232	12	29	000
796	15	4990	076
2923	10	2924	143
478	1	444	150
4	1	5	079
2121	6	405	110
2812	9	2517	123
2909	9	2720	001
364	6	29	153
2094	6	2040	129
2003	6	2019	141
2511	9	2517	105
729	15	4990	127
729	1	731	148
509	6	30	033
1110	15	5120	041
2090	6	116	129
19	6	2008	044
4691	14	3737	025
199	1	189	019
2903	11	3089	124
2003	6	2019	149
2138	6	2009	090
3225	23	2989	022
2726	17	6706	127
2911	10	2940	155
2101	6	2040	103
2693	12	28	025
8529	23	2989	122
659	1	341	093
2037	6	2009	112
733	1	731	068
2172	6	2008	041
2808	9	2517	104
2008	9	259	052
211	1	189	093
172	1	402	113
44	6	30	066
2903	12	170	135
2511	9	2517	103
19	6	2009	121
2010	6	2009	113
1863	10	3027	124
771	1	629	017
2507	9	2476	147
2717	9	2517	158
659	1	341	086
659	1	341	102
2693	12	28	120
2119	6	2120	083
2723	9	2517	134
2035	6	2009	117
1902	23	3074	118
4281	14	4155	094
2003	6	2019	146
2637	9	2593	111
2026	6	30	105
260	1	189	036
6621	17	6622	160
2131	6	2009	109
2688	9	2517	120
212	1	189	071
431	1	189	121
2530	14	3431	114
921	6	30	126
211	1	189	037
169	6	171	151
2008	15	4988	066
2101	6	2040	087
364	1	28	157
169	1	173	123
3718	14	3495	040
2809	17	5817	127
3187	12	2055	140
2809	17	5816	127
83	6	29	151
2777	9	2505	124
55	6	30	044
1588	6	30	051
2822	9	2529	113
1473	1	114	118
2911	9	2482	068
1900	10	3043	149
3225	23	2938	034
381	1	405	092
2773	9	2517	130
40	6	1439	052
8824	23	2977	037
2693	14	3468	145
509	6	30	037
4885	17	8813	019
1429	6	30	085
3214	12	2120	158
2059	6	2061	027
2909	9	2720	027
2822	14	3475	143
3032	10	2940	092
4036	14	3498	119
8282	23	12519	125
19	6	625	157
2774	9	2748	151
2917	9	2593	108
2637	9	2593	125
19	6	2008	045
2138	6	2009	083
480	15	4990	048
626	1	46	155
188	1	189	007
113	6	30	044
629	1	28	150
114	1	116	128
2530	14	3711	120
2007	6	2008	048
8957	23	2922	083
284	6	2008	018
921	6	30	012
2916	9	2517	152
2663	17	5935	134
2909	9	2593	160
431	1	189	158
40	6	1439	132
88	6	30	125
771	1	629	042
2923	10	2924	144
2101	6	2045	012
2030	6	2008	036
588	6	30	125
2785	9	2520	135
588	6	30	119
2129	6	30	085
2773	9	2517	106
113	6	30	124
8529	23	2989	088
2589	9	2517	130
2080	6	115	138
2124	6	117	005
2037	6	2009	121
3225	23	2938	056
169	6	173	024
675	15	5120	017
88	1	90	001
3225	23	2989	037
2923	10	2924	120
2178	6	2111	132
8571	23	12518	142
3197	12	2055	148
478	1	444	029
431	1	189	033
4582	14	3794	011
169	6	171	157
169	6	173	060
2006	6	29	143
4885	17	8813	131
771	6	28	132
2909	9	2593	098
2077	6	2061	072
2119	6	2045	031
4582	14	3794	063
172	1	402	120
1947	6	2027	134
480	15	5067	135
2003	6	30	083
4347	14	3475	161
2530	14	3711	123
1957	6	405	118
2119	6	2045	027
196	1	189	021
2791	9	2476	066
2791	9	2476	004
2080	6	116	065
3093	23	12538	089
2127	6	171	032
2138	6	2009	109
3093	23	12538	018
3106	11	3087	031
2917	10	2942	061
3232	12	29	035
28	9	29	154
2663	17	5816	145
2874	9	2476	068
659	1	341	063
8282	23	12519	013
478	1	444	088
8529	23	2989	052
8863	17	5816	127
588	6	589	145
2006	6	29	098
1956	6	2008	052
1931	6	116	070
2723	9	2517	128
3200	12	2055	119
1959	6	2009	086
2026	6	30	029
480	15	4990	086
2074	6	405	124
2629	9	2520	096
8863	17	5817	145
2080	6	116	114
3143	11	3087	034
3187	23	12518	061
1588	6	29	141
2644	9	2593	160
205	15	4990	078
4775	14	3496	141
1958	6	2061	089
396	6	30	100
212	1	189	022
2	6	30	064
2655	20	7092	154
1947	6	2027	147
40	6	2114	002
4534	14	4535	108
921	6	30	113
8824	23	2977	139
2809	17	5818	147
3093	23	12538	084
2037	6	2009	085
675	1	320	091
2845	10	2977	142
198	1	189	037
1959	6	2009	092
1902	23	3074	125
3187	23	12518	082
2808	9	2517	123
2681	9	2476	161
40	6	2114	006
3232	12	29	150
7446	20	6780	135
2911	9	2482	135
1473	1	114	106
4586	17	5816	144
1975	6	2008	016
659	1	341	027
8408	23	12518	152
211	1	189	092
2077	6	2060	102
2117	6	2032	136
40	6	1439	075
2909	9	2593	007
2131	6	2008	037
2681	9	2476	056
431	1	189	149
169	6	173	009
198	1	189	156
340	6	405	130
4749	14	3793	066
1866	12	170	033
2663	17	5817	135
28	9	29	160
2008	15	4988	033
2124	6	116	056
19	6	2044	146
771	6	30	002
3216	12	2155	011
2035	6	2066	161
446	1	171	159
4749	14	3793	080
8282	23	12519	043
1866	12	170	065
114	1	116	118
195	1	189	103
4582	14	3794	080
2874	9	2476	012
2123	15	4969	160
1912	6	402	146
2020	6	2008	019
2723	9	2482	120
3739	14	3495	027
88	6	30	021
2717	9	2517	130
55	6	30	077
3225	23	2989	099
2035	6	2009	124
3064	23	12505	062
2126	6	625	138
381	6	405	092
2587	9	2476	047
215	1	189	056
2140	6	2045	009
196	1	189	141
2791	9	2476	144
1922	6	2018	108
1910	14	3707	133
2006	6	29	084
446	1	171	152
8301	23	3060	071
2	6	2061	022
8863	17	5816	144
675	6	171	151
2587	9	2588	147
19	6	2009	081
6995	17	5947	159
478	1	444	005
2845	9	2518	105
4953	14	3523	096
44	6	30	049
2511	9	2517	131
3197	12	2055	159
2883	9	2482	149
3142	14	3509	074
2017	6	2008	020
3068	23	3027	122
2116	6	2018	089
2157	6	2120	129
169	6	173	078
762	1	28	151
2074	6	405	118
2037	6	2009	090
3143	11	3087	065
1900	10	3042	134
2138	6	2008	059
3206	12	2120	112
2777	9	2505	149
509	6	30	124
2808	9	2517	109
2845	10	2977	139
2744	10	2924	083
2126	6	2008	025
2020	6	2008	056
3216	12	2155	046
919	1	921	069
2791	9	2476	051
3225	23	2938	080
1912	6	405	097
1871	12	170	137
2069	6	2018	155
15	1	797	152
2917	10	2942	072
199	1	189	025
796	15	4990	128
2917	10	2942	128
742	1	748	119
1429	6	30	130
2723	9	2482	134
3866	14	3487	066
675	1	320	147
2017	6	2009	091
2102	6	2040	084
2530	14	3431	118
3032	10	2940	083
8957	23	2922	009
1429	6	30	029
478	1	444	059
2030	6	2009	100
2077	6	2061	041
3064	23	12505	138
2140	6	2009	081
3068	23	3027	076
3232	12	29	015
2101	6	2040	133
8863	17	5817	098
2693	17	5949	153
205	6	2019	139
381	1	405	160
3032	10	2940	124
921	1	30	125
199	1	189	086
2121	6	402	134
2587	9	2476	132
2003	6	30	025
3093	23	12538	129
2909	9	2720	124
196	1	189	019
205	15	4990	084
188	1	189	113
3425	14	3428	132
2808	9	2517	135
2511	9	2476	126
1947	6	405	086
1975	6	625	153
2010	6	2008	041
172	1	402	106
205	6	30	038
771	1	629	101
340	1	341	134
172	1	402	112
3064	23	12505	122
771	6	29	136
3093	23	12538	092
199	1	189	008
2116	6	2061	033
3217	12	28	111
742	15	4990	115
284	6	2040	121
8863	17	5935	077
2917	10	2942	075
1912	6	402	141
260	1	189	133
675	1	320	158
1429	6	30	078
2059	6	2061	067
2717	9	2517	109
44	6	46	133
2798	20	6012	148
675	1	320	148
2021	6	405	125
8529	23	2989	127
2874	9	2476	005
2693	12	28	009
2903	11	3089	160
1429	6	30	030
2681	9	2476	079
488	1	30	115
11201	22	11202	142
3187	23	12518	086
2785	9	2520	127
3232	12	29	002
2138	6	2045	003
1911	4	1839	105
2769	9	2476	079
2172	6	2018	159
3200	12	2055	139
2880	9	2517	114
1473	1	114	033
2883	9	2517	143
2663	14	3711	156
2874	9	2476	100
2010	6	2008	022
2141	6	171	147
1871	12	2155	044
796	15	4990	140
480	15	4990	104
2119	6	2120	095
2080	6	116	100
3143	11	3087	121
4281	14	4155	115
19	6	2045	002
1588	6	30	130
1975	6	2008	027
1956	6	2008	032
2094	6	2040	101
2655	20	7092	158
2094	6	2040	122
2105	6	30	115
921	1	30	063
1947	6	2027	151
113	6	30	001
1003	1	1004	161
40	6	1439	141
1957	6	173	082
2124	6	116	042
1900	10	3042	135
3197	12	2055	149
211	1	189	080
8438	20	6780	131
1958	6	2170	153
444	1	405	088
3205	12	2055	148
3205	12	2055	147
199	1	189	049
771	1	629	059
2637	9	2593	088
1957	6	405	086
1893	23	2947	144
1947	6	405	088
8469	20	5762	161
10751	22	9592	146
195	1	189	081
3218	12	2018	089
2909	9	2720	101
3225	23	2989	088
2663	17	6190	132
2917	10	2942	132
215	1	189	093
2077	6	2061	079
2903	12	170	153
2822	9	2529	145
1003	1	589	150
2587	9	2476	142
1945	6	402	140
2693	11	3087	149
2583	9	2476	128
8863	17	5935	116
3064	23	12505	045
428	6	405	131
2909	9	2593	109
2811	9	2517	159
2809	17	5816	128
2615	9	2593	092
675	6	402	134
1983	6	402	146
261	1	262	014
4749	14	3794	067
2809	9	2705	132
444	1	405	112
2972	10	2924	161
3143	11	3087	159
1110	15	5120	128
2903	11	3089	145
88	6	29	138
100	6	29	157
729	15	4990	158
113	6	29	146
742	15	4990	153
729	15	4990	136
2127	6	171	054
205	15	4990	008
588	1	589	150
2105	6	30	086
1851	10	3012	143
205	15	4990	075
3032	10	2940	095
2874	9	2476	095
2140	6	2008	061
381	1	405	129
2615	9	2593	137
8204	23	2989	111
2693	12	28	011
3216	12	2155	065
2026	6	2027	142
2017	6	2018	140
211	1	189	060
3218	12	2018	077
8957	23	2922	096
798	1	1004	158
2121	6	171	151
1851	10	3012	139
2090	6	116	091
8863	17	5817	104
2116	6	2061	040
2911	9	2482	085
1871	12	170	153
2074	6	402	140
8301	23	3060	145
919	1	921	011
8863	17	5935	136
1957	6	173	075
921	1	30	022
659	1	341	155
8779	23	2989	128
2808	9	2517	093
2129	6	30	026
2903	11	3089	053
7446	20	6780	151
1945	6	402	143
3064	23	12505	060
212	1	189	015
1958	6	2009	128
2138	6	2045	002
8282	23	12519	124
2791	9	2476	140
2592	9	2593	106
2056	15	4988	003
2917	10	2942	068
2117	6	2032	148
3157	11	3095	142
771	1	629	118
1983	6	171	147
771	6	30	095
399	1	405	103
169	6	405	098
2127	6	171	005
2911	10	2720	115
3232	12	29	159
1931	6	116	065
2880	9	2517	157
3232	12	29	082
1910	14	3956	122
3232	12	29	016
8863	17	5935	087
2769	9	2476	113
2785	9	2520	158
205	6	30	049
2007	6	2008	022
1922	6	2061	043
3815	14	3779	071
2811	9	2517	143
1429	6	30	087
2681	9	2476	132
3216	12	2155	087
2587	9	2476	118
1947	6	173	017
205	6	30	080
4534	14	4535	112
2880	9	2517	140
3197	12	2055	129
509	6	30	019
2172	6	2008	062
2003	6	30	087
2909	9	2593	107
733	1	731	096
2903	11	3089	157
919	1	921	074
2008	9	259	077
8500	17	6175	151
2127	6	171	076
675	6	405	124
381	1	405	150
2761	9	2517	153
2516	9	2517	116
2812	10	2924	102
2582	9	2520	099
3214	12	2120	091
381	1	405	149
2769	9	2476	124
114	1	116	051
3106	11	3087	132
2090	6	116	028
2663	17	5818	149
2008	15	4988	073
211	1	189	159
4586	17	5818	148
2791	9	2476	049
2808	9	2517	095
2121	6	171	152
2080	6	115	137
771	1	629	011
3217	12	28	099
2172	6	2009	105
2530	14	3431	041
1957	6	405	113
2586	9	2482	160
2632	9	2476	129
1912	15	5024	145
19	6	2009	119
2615	9	2476	153
3214	12	2120	154
2003	6	30	066
480	15	5067	087
2105	6	30	113
8204	23	2989	018
8301	23	3060	117
9036	17	6068	156
3206	12	2120	132
88	1	90	032
2008	9	259	047
1588	1	276	149
212	1	189	130
2587	9	2588	142
1931	6	116	128
2090	6	116	021
169	6	173	003
2903	11	3089	128
588	6	30	027
2090	6	116	073
675	1	320	089
44	6	30	086
659	1	341	096
396	6	30	046
1922	6	2061	050
2808	10	2924	077
114	1	116	109
8529	23	2989	104
8863	17	5817	050
2769	9	2476	148
588	6	30	013
3866	14	3487	116
2867	9	2517	112
40	6	1439	046
396	6	30	078
2017	6	2009	104
199	1	189	054
2589	9	2517	161
1863	23	3060	106
4582	14	3794	104
2809	9	2705	141
2530	14	3431	005
2587	9	2476	094
205	15	4990	105
3214	12	2120	080
8571	23	12518	096
188	1	189	082
2059	6	2061	033
3216	12	2155	155
2822	9	2529	119
8282	23	12519	131
1947	6	173	026
2140	6	2009	104
3211	12	2120	095
2822	9	2529	126
1429	6	30	110
444	1	405	113
1894	23	2920	068
4586	17	5817	135
2895	9	2517	112
2121	6	405	101
2916	9	2517	101
2003	6	30	088
675	1	320	129
2845	9	2518	129
675	15	5120	062
2911	10	2720	129
2909	9	2720	106
919	1	921	127
1866	12	170	110
2172	6	2008	037
2693	12	28	000
431	1	189	151
2909	9	2593	122
2785	9	2520	107
2116	6	2018	154
2178	6	30	127
480	15	5067	097
213	1	189	143
771	6	30	069
431	1	189	039
2530	14	3431	053
2791	9	2476	068
2845	9	2518	124
2077	6	2061	007
8863	17	6190	109
2615	9	2517	134
2663	9	2588	146
2116	6	2018	107
1912	15	5024	115
1956	6	2009	121
2126	6	2008	047
8301	23	3060	043
2090	6	115	140
675	15	5120	129
197	1	189	004
8301	23	3060	097
2769	9	2476	066
2917	9	2593	134
2030	6	2008	030
3021	10	2924	069
2582	9	2520	117
3143	11	3087	033
195	1	189	024
3206	12	2120	086
4003	17	6012	120
1893	12	2155	161
28	1	29	139
8824	23	2977	034
2663	17	6190	153
169	6	173	072
659	1	341	122
2017	6	2008	047
55	6	30	115
2119	6	2008	050
2481	9	2482	126
3211	14	3428	080
2785	9	2520	145
215	1	189	051
44	1	46	149
2010	6	2009	117
195	1	189	064
3190	12	2120	075
1983	6	405	104
2693	14	3468	144
742	1	743	145
2681	9	2476	100
260	1	189	049
794	1	478	127
509	6	30	115
2587	9	2588	127
2723	9	2482	159
588	6	589	134
198	1	189	101
55	1	58	139
3190	12	2120	085
509	6	30	014
480	15	5067	128
2105	6	30	048
205	15	4990	073
2809	17	5817	105
2693	12	28	049
2126	6	2008	066
480	15	5067	139
199	1	189	027
3142	14	3793	061
2026	6	30	089
2979	17	5817	137
1959	6	2009	121
921	1	30	082
2637	9	2593	122
1860	9	2517	158
8824	23	2977	077
771	1	629	041
2035	6	2009	128
1947	6	2027	157
2909	9	2593	040
3225	23	2938	082
4885	17	8813	109
446	1	259	032
3232	12	29	012
2812	9	2517	082
8529	23	2989	060
172	1	402	023
6995	17	6601	157
8863	17	5817	110
1912	15	5024	144
2140	6	2009	098
3206	12	2120	130
2809	17	5818	130
2811	9	2517	129
197	1	189	118
205	15	4990	096
1866	12	170	087
2911	10	2720	085
205	6	2019	159
3093	23	12538	063
2124	6	116	101
4733	14	3496	133
8863	17	5818	062
2903	11	3089	071
2017	6	2009	121
3064	23	12505	078
2629	9	2520	135
480	15	4990	015
2080	6	117	007
8301	23	3060	023
2785	9	2520	156
2809	17	5935	135
19	6	2009	094
2809	9	2705	114
1893	4	1833	142
4730	14	3717	025
2693	11	3087	115
2003	6	30	077
629	1	30	033
2530	14	3711	121
2770	9	2482	138
1983	15	5024	146
2917	9	2593	145
1931	6	116	102
3143	11	3087	118
172	1	402	001
478	1	444	126
2003	6	30	100
2587	9	2476	081
2615	9	2517	160
6929	20	6706	139
2917	10	2942	108
8863	17	5935	089
3064	23	12505	150
659	1	341	080
4582	14	3794	119
2131	6	2008	050
2785	9	2520	152
2583	9	2476	133
9423	20	6706	142
1429	6	30	072
3190	12	2120	087
40	6	1439	049
396	6	29	142
188	1	189	141
1473	1	114	099
2140	6	2008	021
2644	9	2593	051
3206	12	2120	077
4663	14	3496	157
211	1	189	004
2769	9	2476	095
4659	14	3509	065
2693	11	3087	121
205	6	30	127
4582	14	3794	039
771	6	30	026
1588	1	46	145
260	1	189	055
55	6	29	137
675	1	320	096
2874	9	2476	091
2592	9	2593	131
88	6	30	071
55	6	30	056
2979	10	2924	136
675	15	5120	128
428	15	5024	104
3190	12	2120	109
1947	6	173	066
2030	6	2008	080
733	1	731	042
381	6	405	120
2911	10	2940	139
100	6	30	004
8957	23	2922	060
2883	9	2482	112
2090	6	116	051
88	6	28	132
2808	9	2517	094
381	1	405	152
1922	6	2061	076
83	1	262	011
12016	22	11832	156
2791	9	2476	096
2119	6	2045	060
1588	6	30	012
2809	9	2705	147
2059	6	2061	029
2909	9	2720	020
428	6	405	104
2916	9	2517	121
2979	10	2924	139
431	1	189	030
2809	17	5817	143
260	1	189	127
2140	6	2009	094
2007	6	2008	062
1922	6	2018	122
8204	23	2989	079
478	1	444	031
3143	11	3087	010
2140	6	2018	139
2059	6	2061	017
19	6	2009	088
3233	23	2977	135
2030	6	2045	005
2119	6	2045	016
2030	6	2009	125
1959	6	2009	094
1922	6	2061	067
7446	20	6780	143
2008	9	259	078
2069	6	2018	086
2530	9	2476	143
2059	6	2061	053
1871	12	2155	048
4281	14	4156	095
1912	6	259	082
3218	12	2018	009
2791	9	2476	016
2101	6	2008	076
1922	6	2061	068
444	1	405	129
1429	6	30	086
8441	20	7092	149
2516	9	2517	109
431	1	189	148
8863	17	6190	097
4520	14	3496	008
2812	9	2517	118
4885	17	8813	143
3225	12	2155	157
3217	12	28	020
3187	12	2055	100
2172	6	2008	070
8957	23	2922	062
2080	6	116	029
55	6	30	000
2615	9	2476	105
2798	9	2505	143
2149	6	29	147
1947	6	173	053
213	1	189	042
2809	17	5935	127
199	1	189	048
629	1	28	137
2172	6	2018	149
113	6	30	098
2644	9	2593	131
675	15	4990	070
1871	12	2155	049
2090	6	117	010
588	6	589	144
2808	9	2517	138
381	1	405	108
488	1	30	080
428	6	405	119
1429	6	30	113
2119	6	2045	017
733	1	731	077
3751	14	3495	093
3894	14	3895	118
2587	9	2476	098
2102	6	2095	021
2	6	30	108
2629	9	2520	103
2791	9	2476	005
1958	6	2009	129
675	15	5120	036
729	1	731	131
1945	6	405	123
796	15	4990	001
2895	9	2517	138
100	6	30	042
3218	12	2018	087
3217	12	28	087
2020	6	2009	103
3232	12	29	008
3206	14	3427	084
2127	6	171	145
1957	6	402	141
195	1	189	142
2102	6	2040	123
1429	6	30	074
2511	9	2476	122
2026	6	30	042
215	1	189	158
3214	12	2120	129
8863	17	5935	108
2723	9	2482	130
1900	10	3043	152
2615	9	2517	103
659	1	341	045
733	1	731	045
114	1	117	000
2074	6	402	141
1429	6	30	034
2587	9	2588	061
1110	15	5120	047
3233	23	2977	134
8863	17	6190	140
1912	15	5024	106
260	1	189	117
4586	17	5818	133
4749	14	3793	073
3051	10	2924	032
3225	12	2155	136
1983	6	402	136
211	1	189	039
113	6	30	052
3187	12	2055	130
3216	12	2155	112
1957	6	405	096
2845	14	3956	087
2770	9	2482	110
1588	6	29	148
4733	14	3496	136
796	15	4990	046
100	6	30	089
3735	14	3737	080
446	1	259	069
2911	9	2482	063
771	1	629	012
2129	6	30	061
4885	17	8813	035
3068	23	3027	080
1473	1	114	043
2124	6	116	097
3093	23	12538	120
2773	9	2517	138
205	6	30	129
169	1	173	010
2717	9	2517	115
19	6	2009	098
3206	12	2120	092
2845	9	2518	111
2101	6	2008	067
2723	9	2517	101
2688	9	2517	106
675	15	4990	120
2105	6	30	021
1473	1	114	057
2017	6	2009	088
478	1	444	052
3216	12	2155	082
3143	11	3087	059
2812	10	2924	114
1947	6	405	101
2157	6	2120	119
2007	6	2018	155
2126	6	2008	020
2693	12	28	122
2644	9	2593	120
381	1	405	138
2845	9	2518	161
114	1	115	141
2017	6	2008	073
169	6	173	014
113	6	29	142
2094	6	2095	027
8863	17	5817	063
381	6	405	058
771	1	774	153
4582	14	3794	054
509	6	30	025
1983	15	5024	093
4602	14	3496	154
2102	6	2040	107
771	6	30	004
2883	9	2482	131
2883	9	2517	152
205	15	4990	155
1110	15	5120	054
629	1	30	041
9423	20	6706	146
2126	6	2008	018
2791	9	2476	103
2090	6	116	019
3093	23	12538	139
8571	23	12518	148
588	6	30	067
2059	6	2061	025
729	15	4990	154
2903	12	170	150
2030	6	2008	024
2026	6	30	040
2101	6	2095	024
2102	6	2040	091
1947	6	173	023
113	6	30	053
284	1	189	161
2131	6	2018	141
3178	11	3087	137
188	1	189	055
9167	20	5762	116
100	6	30	048
4036	14	3498	034
3032	10	2940	152
2007	6	2009	084
212	1	189	109
2744	9	2593	077
213	1	189	092
197	1	189	006
8863	17	5816	147
8438	20	6780	146
2923	10	2924	133
2126	6	625	140
675	15	4990	020
205	15	4990	110
113	6	30	032
8529	23	2989	072
2511	9	2517	140
8204	23	2989	138
3187	12	2055	127
2681	9	2476	032
478	1	444	132
742	1	743	135
2584	9	2482	161
8824	23	2977	157
3216	12	2155	059
1429	6	30	118
771	1	629	060
1110	15	5120	023
2923	10	2924	121
2880	9	2517	099
2770	9	2540	140
8779	23	2989	118
2157	6	2120	140
3225	12	2155	159
2809	17	5935	156
2677	9	2486	161
3216	12	2155	083
2059	6	2018	141
4736	14	4044	087
428	6	402	134
3187	12	2055	102
2530	14	3431	019
2785	9	2520	153
2026	6	30	046
2006	6	29	114
196	1	189	103
4736	14	4044	084
2020	6	2045	016
4036	14	3498	148
1910	14	3956	129
2917	9	2593	064
2127	6	171	113
2909	9	2720	159
55	6	30	126
3190	12	2120	130
2615	9	2476	150
3225	23	2938	101
3093	23	12538	033
396	6	30	037
199	1	189	153
197	1	189	025
2105	6	30	120
113	6	30	061
3170	17	6308	146
794	1	478	112
2637	14	4535	096
0	1	625	152
2006	6	29	149
3217	12	28	120
3011	10	3012	135
55	6	30	128
205	15	4990	001
2010	6	2008	043
1866	12	170	024
6929	20	6706	145
205	6	30	089
2777	9	2505	135
2101	6	2040	115
588	6	30	127
1983	6	402	138
444	1	405	100
2809	17	5818	138
284	6	2008	042
2774	9	2748	152
169	6	405	093
2530	14	3431	095
4654	14	3786	096
199	1	189	016
55	6	29	138
28	9	29	138
1871	12	2155	115
478	1	444	043
2632	9	2517	141
4586	14	4587	115
2785	9	2520	154
2116	6	2061	035
2911	10	2940	129
2530	14	3712	132
212	1	189	042
2917	9	2593	093
431	1	189	091
921	6	30	059
10751	22	9592	142
55	1	58	156
2105	6	2027	134
2138	6	2009	088
2681	9	2476	160
2131	6	2009	100
480	15	5067	098
2030	6	2008	076
4	1	5	096
205	15	4990	019
1912	15	5024	140
4036	14	3498	138
2127	6	171	101
1958	6	2009	114
2037	6	2009	104
2105	6	30	090
2168	6	173	021
3092	23	2940	148
2909	9	2593	014
284	6	2008	066
2035	6	2009	112
8779	23	2989	041
588	6	30	083
1957	6	173	077
19	6	2008	075
2124	6	115	142
2030	6	2009	113
44	6	30	124
4435	14	3636	104
675	15	4990	137
2693	12	28	048
1958	6	2061	034
2124	6	116	130
205	15	4990	145
2880	9	2517	100
2903	11	3089	127
2094	6	2040	084
480	15	4990	138
2138	6	2009	111
480	15	4990	114
2909	9	2720	105
2770	9	2540	103
729	1	731	054
195	1	189	088
7446	20	6780	137
2119	6	2120	117
198	1	189	092
1931	6	116	098
478	1	444	097
2094	6	2040	115
4885	17	8813	133
2895	9	2517	145
675	1	320	132
3106	11	3087	097
340	1	381	132
8282	23	12519	008
2507	9	2476	157
1957	6	173	034
733	1	731	110
1110	15	5120	144
2632	9	2476	132
2903	12	170	137
2102	6	285	001
2119	6	2120	127
2035	6	2009	096
2059	6	2018	139
381	6	405	087
215	1	189	022
3187	23	12518	075
195	1	189	152
729	15	4990	116
1860	9	2517	146
2140	6	2045	011
446	1	171	149
1429	6	30	061
2880	9	2517	125
55	1	58	144
729	1	731	057
2168	6	170	160
40	6	1439	067
675	6	405	130
2035	6	2009	132
2812	9	2517	101
2168	6	173	036
55	6	30	062
3187	23	12518	160
19	6	2009	085
4036	14	3498	016
2744	9	2593	076
8301	23	3060	063
446	1	405	102
3032	10	2940	115
188	1	189	140
83	1	58	137
4745	14	4746	138
205	15	4990	039
3200	12	2055	140
8301	23	3060	060
2895	9	2517	136
2080	6	117	000
8529	23	2989	125
2592	9	2593	117
1110	15	5120	046
2808	9	2517	112
100	6	30	086
1866	12	170	083
199	1	189	110
2911	9	2482	140
1912	15	5024	136
2017	6	2009	130
8301	23	3060	102
2080	6	116	027
88	1	90	052
8529	23	2989	143
2119	6	2008	056
2777	9	2505	146
2530	14	3431	097
2845	10	2977	126
771	6	30	085
2883	9	2482	142
2895	9	2517	127
1429	6	30	058
2726	9	2593	145
211	1	189	136
3068	23	3027	070
2127	6	171	071
675	15	5120	025
3216	12	2155	084
2530	14	3431	082
1588	6	30	033
3032	10	2940	151
8571	23	12518	120
1865	20	6706	142
3218	12	2018	157
3225	12	2155	132
742	15	4990	121
771	6	30	021
260	1	189	061
196	1	189	075
2903	11	3089	044
1866	12	170	047
3225	12	2155	139
4602	14	3496	155
2157	6	2120	137
2077	6	2060	093
4036	14	3498	015
2102	6	2040	117
2895	9	2517	153
798	1	1503	141
2845	9	2518	123
2119	6	2045	001
2131	6	2009	089
2785	9	2520	101
8863	17	5818	035
3205	12	2055	160
8957	23	2922	020
1871	12	2155	020
3866	14	3487	143
2178	6	30	119
3197	12	2055	128
2	6	30	050
8282	23	12519	121
2589	9	2517	151
675	1	320	100
2693	12	28	081
2006	6	29	060
3142	14	3512	080
2582	9	2520	123
3894	14	3895	121
1947	6	405	131
4586	17	5818	125
2102	6	2040	138
1871	12	2155	083
1922	6	2061	086
215	1	189	065
3211	12	2120	080
4534	14	4535	093
1894	23	2920	052
431	1	189	027
284	6	2040	146
2812	9	2517	081
2003	6	30	045
381	6	405	039
8957	23	2922	047
2168	6	173	033
197	1	189	095
2059	6	2060	122
3216	12	2155	149
2723	9	2482	147
1975	6	625	141
2979	10	2924	128
260	1	189	013
2785	9	2593	093
2	6	30	045
3200	12	2055	143
8863	17	5817	085
446	1	259	049
197	1	189	096
399	6	171	158
2809	17	5817	121
2140	6	2025	132
3225	23	2938	110
1473	1	114	084
2582	9	2520	098
8863	17	6190	158
3208	12	2120	125
3214	12	2120	126
2812	10	2924	094
9223	20	5762	153
675	15	4990	160
742	1	748	140
1588	6	30	074
1958	6	2061	005
2119	6	2120	121
2105	6	2027	137
1959	6	2008	069
1863	9	2518	152
3211	14	3426	081
100	6	30	002
8154	20	7092	127
114	1	116	014
1588	6	30	067
195	1	189	045
1866	12	170	149
2615	9	2517	100
169	6	405	087
2693	11	3087	139
8438	20	6780	126
1922	6	2018	129
2003	6	30	034
629	1	28	133
2020	6	2009	085
733	1	731	087
2127	6	171	154
4691	14	3860	037
55	6	30	103
675	6	405	116
478	1	444	013
2138	6	2008	022
3032	17	5873	109
3225	23	2989	042
2010	6	2018	156
2026	6	2027	139
205	6	30	026
1110	15	5120	109
3225	23	2938	091
2511	9	2476	131
211	1	189	116
2911	10	2940	127
2121	6	405	129
3756	14	3741	061
3190	12	2120	107
4582	14	3794	026
169	6	405	096
2979	10	2924	144
44	6	30	082
1947	6	173	015
8204	23	2989	157
480	15	5067	138
3093	23	12538	124
4586	17	5818	161
2516	9	2517	160
4805	14	3498	139
3143	11	3087	117
205	15	4990	030
2101	6	2040	106
2663	17	5817	151
1912	6	259	064
8204	23	2989	112
2895	9	2517	160
1922	6	2061	089
446	1	405	112
2144	6	2009	127
8957	23	2922	038
2917	9	2593	124
169	6	173	063
3217	12	28	084
8824	23	2977	051
1958	6	2170	142
2770	9	2540	138
8282	23	12519	141
198	1	189	119
3225	23	2989	051
1922	6	2018	160
588	6	589	149
2119	6	2120	092
213	1	189	051
2903	12	170	158
480	15	5067	122
2026	6	30	101
2006	6	29	089
2663	17	5817	157
284	6	2095	028
213	1	189	145
381	1	259	036
431	1	189	035
2895	9	2517	119
2895	9	2517	126
1902	23	3074	130
919	1	921	109
3217	12	28	072
2119	6	2045	000
195	1	189	132
364	6	29	158
1910	14	3707	138
3218	12	2018	097
659	1	341	029
260	1	189	129
428	15	5024	131
2511	9	2517	149
40	6	1439	157
260	1	189	138
2587	9	2476	121
3064	23	12505	128
2020	6	2008	018
2693	12	28	019
2126	6	2008	034
2822	9	2529	115
2903	11	3089	035
921	6	30	062
205	15	4990	071
44	6	30	087
8301	23	3060	116
3217	12	28	078
2880	9	2517	158
2	1	3	159
4227	14	3496	095
2010	6	2008	023
55	6	30	134
2911	10	2720	151
197	1	189	112
921	1	30	055
2883	9	2482	161
4615	14	3737	080
2693	12	28	061
8863	17	5817	106
172	1	402	047
2094	6	2095	028
1429	6	30	103
8282	23	12519	052
3106	11	3087	150
19	6	2009	106
2903	12	170	134
2077	6	2018	143
3068	23	3027	061
3106	11	3087	082
2693	17	5952	159
3032	10	2940	109
3225	23	2989	003
4557	14	3523	135
2110	6	402	141
2911	10	2940	125
198	1	189	043
44	1	46	137
2883	9	2482	124
1945	6	402	142
169	1	171	149
1922	6	2018	097
198	1	189	041
44	6	30	005
2105	6	30	088
919	1	921	138
8957	23	2922	065
3200	12	2055	114
100	6	30	103
2168	6	173	068
40	6	1439	149
195	1	189	003
2008	9	259	073
8529	23	2989	145
3200	12	2055	153
2845	9	2518	115
196	1	189	145
1931	6	116	058
2688	9	2517	100
2059	6	2060	094
2105	6	30	077
1958	6	2061	063
1429	6	173	019
2583	9	2476	131
1902	23	3074	021
1983	6	405	086
629	1	30	105
2119	6	2008	040
2726	9	2593	128
8863	17	5817	033
2138	6	2008	036
4885	17	8813	083
1912	15	5024	157
799	1	766	152
509	6	30	090
2587	9	2476	051
3784	14	3785	156
40	6	1439	074
675	15	5120	020
2020	6	2009	100
921	1	30	026
1874	4	1839	150
3217	12	28	016
1866	12	170	049
1894	23	2920	094
2059	6	2060	098
2867	9	2588	141
213	1	189	008
2119	6	2008	048
3143	11	3087	067
19	6	2044	142
381	6	405	038
1931	6	116	132
3211	12	2120	089
3157	11	3095	146
8863	17	5816	109
1922	6	2061	077
199	1	189	017
3068	23	3027	042
2102	6	2008	073
2845	14	3956	129
55	6	30	098
2911	10	2720	134
3064	23	12505	069
2663	9	2588	149
396	6	30	126
3217	12	28	085
2121	6	405	092
3232	12	29	102
2	6	2061	025
2119	6	2120	126
1975	6	2009	088
198	1	189	150
197	1	189	070
1958	6	2170	138
1931	6	115	159
2511	9	2476	151
8863	17	6190	145
921	1	30	060
2773	9	2517	148
19	6	2045	014
1588	6	30	026
1956	6	285	011
2911	10	2940	111
2105	6	2027	146
629	1	30	077
8863	17	5818	117
100	6	30	119
2101	6	2040	143
1588	6	30	126
381	1	259	037
4885	17	8813	018
4435	14	3636	102
169	6	173	049
4885	17	8813	098
2116	6	2018	137
2117	6	2032	143
2101	6	2040	134
3214	12	2120	137
1958	6	2061	035
629	1	28	157
4	1	5	052
4885	17	8813	037
3093	23	12538	087
4	1	627	143
3032	10	2940	116
771	6	30	105
3218	12	2018	137
12016	22	11832	155
195	1	189	049
2006	6	29	018
2909	9	2720	006
211	1	189	013
88	1	90	015
2917	10	2942	131
205	15	4990	118
3233	23	2977	154
919	1	921	079
211	1	189	160
2792	9	2578	141
2008	15	4988	042
509	6	332	131
8863	17	5818	076
2020	6	2009	101
205	6	2038	009
19	6	2045	006
2080	6	115	145
2094	6	2040	127
3143	11	3087	027
2077	6	2061	031
2744	9	2593	106
113	6	30	051
2090	6	115	155
488	1	30	108
8195	20	7092	139
3032	10	2940	077
771	6	30	020
1871	12	2155	036
197	1	189	133
2809	9	2705	146
2917	9	2593	127
2101	6	2008	052
3225	23	2989	045
1871	12	2155	077
2	6	2061	010
2911	9	2482	116
2129	6	30	018
381	1	405	131
2119	6	2045	006
2917	9	2593	061
2140	6	2018	159
2094	6	2040	088
169	6	173	021
88	6	30	070
794	1	478	138
3106	11	3087	025
396	6	30	009
675	15	5120	132
2769	9	2476	134
8301	23	3060	001
2717	9	2517	117
3225	23	2938	102
3217	12	28	076
2809	9	2705	140
2138	6	2008	038
8204	23	2989	114
3064	23	12505	031
88	6	30	010
100	6	29	140
2144	6	2018	151
446	1	405	124
1912	6	405	085
2080	6	116	088
675	6	405	110
2923	10	2924	116
919	1	921	031
480	15	4990	148
2020	6	2009	084
172	1	402	111
2693	12	28	064
114	1	115	154
44	6	30	027
2923	10	2924	141
4582	14	3794	094
196	1	189	113
2007	6	2008	045
4659	14	3509	060
2077	6	2061	056
2808	10	2924	096
742	1	748	108
260	1	189	105
3178	11	3087	142
19	6	2008	063
588	6	30	103
3216	12	2155	086
1894	23	2920	003
921	1	30	011
1931	6	116	068
2077	6	2061	063
4036	14	3498	104
2874	9	2476	037
3187	23	12518	068
2744	9	2593	086
2792	9	2578	157
2149	6	29	146
8154	20	7092	117
2770	9	2482	136
478	1	444	011
211	1	189	083
742	15	4990	107
2688	9	2517	149
2008	15	4988	064
2124	6	115	136
4885	17	8813	065
2874	9	2476	114
2874	9	2476	067
8529	23	2989	133
2131	6	2009	095
1900	10	3042	130
2867	9	2588	142
2090	6	116	106
1957	6	173	066
8529	23	2989	086
3232	12	29	009
3157	11	3095	160
2681	9	2476	130
2587	9	2588	126
2006	6	29	043
2845	14	3956	124
675	1	320	083
2808	10	2924	080
2530	14	3431	061
2090	6	116	118
1860	9	2517	111
919	1	921	022
114	1	116	074
2777	9	2505	126
2124	6	116	093
2909	9	2593	050
12016	22	9579	148
2140	6	2008	032
2909	9	2593	145
2119	6	2120	118
729	15	4990	080
4885	17	8813	104
4582	14	3794	145
796	15	4990	086
2530	9	2476	150
1922	6	2061	065
2761	17	6758	074
3178	17	5947	159
3106	11	3087	024
2101	6	2040	093
2895	9	2517	123
446	1	259	029
2530	14	3431	116
733	1	731	040
2809	17	5818	156
113	6	30	081
8301	23	3060	026
3064	23	12505	048
478	1	444	086
1912	6	259	039
2874	9	2476	120
1866	12	170	016
2116	6	2018	111
2007	6	2009	082
3233	23	12521	154
2916	9	2517	149
2867	9	2588	152
195	1	189	102
1956	6	2009	127
19	6	2009	103
2030	6	2008	054
2511	9	2476	147
1871	12	2155	110
1894	23	2920	136
478	1	444	001
2138	6	2008	039
169	1	173	026
2149	6	29	138
19	6	2009	091
3233	12	2009	109
44	6	30	065
2909	9	2720	133
1871	12	2155	043
3211	12	2120	113
428	15	5024	153
2007	6	2008	047
8863	17	5818	067
2874	9	2476	073
114	1	117	002
2681	9	2476	064
1473	1	114	053
3065	23	12519	160
2030	6	2008	050
588	6	30	058
169	6	405	086
169	1	173	017
2	6	30	119
2744	9	2593	118
771	1	629	119
2	6	30	111
2903	12	170	144
197	1	189	091
4347	14	3475	160
212	1	189	121
2587	9	2476	063
113	6	30	113
478	1	444	042
8779	23	2989	070
4036	14	3498	145
172	1	402	061
796	15	4990	038
2809	17	5816	152
509	6	30	020
8301	23	3060	103
1957	6	173	056
2917	9	2593	085
3225	23	2989	118
1931	6	116	047
2021	6	405	129
2911	10	2940	141
2124	6	115	161
588	6	589	155
1957	6	173	042
3232	12	29	161
675	15	4990	037
2812	9	2517	132
2008	9	259	031
2131	6	2018	155
2530	14	3431	010
3032	10	2940	090
2030	6	2045	003
3225	23	2938	112
2010	6	2008	039
659	1	341	099
169	1	171	154
8301	23	3060	031
2094	6	2040	159
3233	23	12521	150
1958	6	2061	021
2972	10	2924	160
2127	6	171	115
3106	11	3087	154
2909	9	2720	122
509	6	30	067
2021	6	405	121
2587	9	2476	072
1957	6	173	046
284	6	2008	041
2632	9	2476	124
659	1	341	087
8863	17	5818	083
919	1	921	086
8957	23	2922	057
2845	14	3956	120
921	1	30	107
114	1	116	065
2845	14	3956	114
2006	6	29	159
284	6	285	011
796	15	4990	039
2589	14	4897	131
2909	9	2720	135
2917	9	2593	141
919	1	921	111
8529	23	2989	047
2080	6	116	060
172	1	402	051
3211	12	2120	115
260	1	189	089
2006	6	29	065
2615	9	2476	151
197	1	189	143
2530	9	2517	161
2003	6	2038	013
198	1	189	102
195	1	189	070
3093	23	12538	024
921	6	30	049
1902	23	3074	005
2026	6	30	022
4691	14	3737	027
2119	6	2045	117
2822	14	3475	147
2020	6	2018	159
2140	6	2018	149
1910	14	3707	144
2074	6	170	160
2903	11	3089	056
2761	9	2517	104
2791	9	2476	059
188	1	189	030
4	1	5	122
4736	14	4044	083
3187	12	2055	143
3205	12	2055	142
588	6	30	036
1894	23	2920	020
2883	9	2517	161
172	1	171	148
3068	23	3027	134
381	6	405	072
284	6	2040	097
446	1	405	093
2172	6	2008	011
3894	14	3895	120
2116	6	2018	114
3769	14	3496	043
3225	23	2989	036
675	15	4990	111
2744	9	2593	140
1894	23	2920	063
19	6	2009	116
4154	14	4155	142
198	1	189	125
113	6	30	065
215	1	189	076
1931	6	115	157
3217	12	28	038
1956	6	2008	033
2127	6	171	027
40	6	1439	117
1473	1	114	016
2587	9	2476	089
8301	23	3060	013
19	6	2044	150
2008	15	4988	070
8863	17	5935	088
3218	12	2018	051
3218	12	2018	111
2026	6	30	102
2037	6	2009	098
169	6	173	066
2769	9	2476	089
8529	23	2989	053
2138	6	2008	066
629	1	30	079
3187	12	2055	141
2017	6	2009	118
2769	9	2476	082
8282	23	12519	006
4582	14	3794	001
381	1	259	069
2874	9	2476	093
1429	6	173	012
2895	9	2517	122
2006	6	29	027
2791	9	2476	076
2867	9	2517	146
2845	10	2977	136
3218	12	2018	147
1902	23	3074	078
2808	9	2517	122
2909	9	2720	002
2007	6	2009	117
3866	14	3487	100
8301	23	3060	098
1110	15	5120	067
2026	6	30	012
3093	23	12538	085
2903	11	3089	068
771	1	773	149
3068	23	3027	071
1110	15	5120	152
1110	15	5120	050
215	1	189	150
3034	14	3956	155
2530	14	3431	121
88	6	29	155
2117	6	2032	133
921	1	30	115
4586	17	5818	117
2059	6	2060	157
188	1	189	051
2006	6	29	048
2006	6	29	131
921	6	30	060
509	6	30	056
2131	6	2008	045
8301	23	3060	047
28	1	29	141
2845	10	2977	143
2168	6	173	008
2811	9	2517	102
2511	9	2517	154
197	1	189	072
4036	14	3498	140
2006	6	29	058
197	1	189	138
659	1	341	084
1139	1	774	150
2874	9	2476	020
196	1	189	122
675	15	4990	016
488	1	30	102
19	6	2008	037
197	1	189	135
55	1	58	138
195	1	189	079
796	15	4990	012
1473	1	114	037
771	1	629	134
114	1	116	106
2644	9	2593	104
444	1	405	086
480	1	481	160
2663	17	5818	125
1957	6	173	085
2094	6	2040	096
399	1	405	115
1860	9	2517	125
733	1	731	054
2777	9	2505	145
4	1	5	066
1912	15	5024	139
2007	6	2008	075
2059	6	2060	107
796	15	4990	057
1139	1	773	146
4	1	5	048
0	1	625	154
2693	20	6012	159
196	1	189	114
2008	9	259	059
2688	9	2517	142
629	1	28	138
2080	6	116	084
8863	17	6190	068
2615	9	2517	093
2845	14	3956	160
114	1	115	159
8863	17	6190	110
2903	11	3089	008
509	6	30	099
3225	23	2938	018
199	1	189	011
478	1	444	084
3157	11	3107	148
742	15	4990	146
284	6	2040	115
2845	9	2518	145
8529	23	2989	050
215	1	189	085
2121	6	2042	159
2769	9	2476	157
40	6	1439	151
796	15	4990	043
3218	12	2018	061
2017	6	2018	147
2791	9	2476	102
211	1	189	046
729	1	731	083
1922	6	2018	133
2007	6	2018	135
2744	10	2924	075
195	1	189	073
2632	9	2476	115
478	1	444	009
12016	22	9630	152
3092	23	2940	147
3143	11	3087	109
1959	6	2009	100
8863	17	5818	090
195	1	189	076
2632	9	2476	147
1957	6	405	095
3208	12	2120	108
1912	6	405	098
2809	17	6005	072
28	15	4988	136
1900	10	3042	119
3225	23	2989	100
675	15	5120	147
195	1	189	083
2822	9	2529	123
2681	9	2476	131
2138	6	2018	135
2102	6	2040	076
1975	6	2008	055
4885	17	8813	085
2583	9	2476	157
2017	6	2009	114
284	6	2045	017
3190	12	2120	139
260	1	189	063
428	6	402	137
381	1	259	060
211	1	189	053
196	1	189	033
2663	17	5816	157
198	1	189	127
4582	14	3512	144
431	1	189	077
1912	6	402	137
2007	6	2008	081
3106	11	3087	061
1957	6	2055	013
2140	6	2045	001
3225	23	2938	078
1957	6	405	129
3866	14	3487	155
2587	9	2588	100
12016	22	9630	155
3637	14	3636	005
2644	9	2593	093
2030	6	2008	022
2909	9	2593	078
1894	23	2920	130
40	6	1439	099
44	6	30	063
2911	10	2940	150
446	1	405	107
28	1	29	149
340	1	341	146
3751	14	3495	094
796	15	4990	117
2116	6	2018	132
8708	23	12505	129
2127	6	171	085
1912	15	5024	156
1473	1	114	143
8824	23	2977	021
1473	1	114	141
205	15	4990	037
1957	6	171	149
2587	9	2588	058
2116	6	2018	113
12016	22	10956	153
2140	6	2018	133
2102	6	2040	148
2785	9	2593	122
3225	23	2989	026
8863	17	5816	055
1983	15	5024	130
729	15	4990	104
284	1	189	136
659	1	341	157
2791	9	2476	117
44	6	30	108
3208	12	2120	097
3206	12	2120	080
478	1	444	149
2785	9	2593	084
480	15	4990	034
2911	9	2482	084
199	1	189	065
3217	12	28	103
2172	6	2009	113
2917	9	2593	098
1945	6	405	097
2681	9	2476	039
2791	9	2476	041
2874	9	2476	033
1975	6	2008	079
2530	14	3431	069
1902	23	3074	040
3218	12	2018	121
2785	9	2593	152
8779	23	2989	024
3032	17	5912	101
2140	6	2008	043
8863	17	5817	100
205	15	4990	111
480	15	5067	111
729	15	4990	110
2663	17	5816	138
2119	6	2045	069
2773	9	2517	158
2911	9	2482	133
2681	9	2476	093
2822	14	3475	129
480	15	4990	147
188	1	189	111
4885	17	8813	159
428	6	405	085
1956	6	2040	161
3197	12	2055	142
2592	9	2593	110
55	6	30	124
8204	23	2989	034
55	1	58	155
4885	17	8813	126
2874	9	2476	076
2874	9	2476	140
1894	23	2920	044
480	15	4990	052
19	6	2045	018
3225	23	2938	045
2845	9	2518	122
2030	6	2009	121
3739	14	3737	040
1871	12	2155	008
169	6	405	104
3751	14	3495	101
921	1	30	061
4720	14	3495	079
2035	6	2025	133
28	1	29	136
205	15	4990	024
2101	6	2095	019
28	9	29	159
1473	1	114	148
2773	9	2517	125
2655	20	7092	153
2129	6	30	091
381	6	405	055
205	15	4990	160
2253	20	5762	145
2030	6	2008	059
2809	17	5817	095
509	6	30	084
199	1	189	100
8824	23	2977	068
88	6	30	014
1860	10	2940	084
478	1	444	120
446	1	259	073
1871	12	2155	061
88	1	90	097
284	1	189	107
2010	6	2008	077
588	6	30	109
197	1	189	076
2681	14	4574	013
1947	6	173	040
2785	9	2520	089
169	1	171	147
199	1	189	089
3815	14	3495	096
2681	9	2476	062
172	1	402	128
2069	6	2018	127
8824	23	2977	075
2131	6	2008	044
3093	23	12538	057
260	1	189	093
1900	10	3043	136
212	1	189	059
675	15	4990	014
8438	20	6780	147
2812	9	2517	127
2116	6	2018	098
2030	6	2008	032
19	6	2044	133
8301	23	3060	140
1871	12	2155	106
2644	9	2593	072
2090	6	115	160
213	1	189	064
198	1	189	105
2056	15	4988	016
2809	17	5816	119
675	1	320	097
1871	12	170	144
2530	9	2517	140
2144	6	2009	114
2127	6	171	009
2927	10	2930	157
1931	6	116	024
2119	6	2045	023
196	1	189	153
9179	20	5762	115
113	6	30	100
2021	6	405	090
3190	12	2120	144
675	6	405	122
509	6	30	098
2880	9	2517	119
2	6	30	082
919	1	921	093
198	1	189	055
2101	6	2095	023
205	6	2019	131
188	1	189	004
28	9	29	153
2917	10	2942	091
2845	14	3956	083
1871	12	2155	118
1930	15	5024	160
19	6	2044	138
771	6	30	123
114	1	116	049
478	1	444	046
2141	6	402	145
2008	9	259	030
2511	9	2517	114
1588	6	30	118
8863	17	5817	127
3143	11	3087	115
2822	14	3475	133
2812	10	2924	111
428	6	402	138
3190	12	2120	123
2168	6	173	032
213	1	189	052
2681	14	4574	014
2077	6	2061	020
199	1	189	046
40	6	1439	034
2867	9	2588	133
381	1	405	090
188	1	189	026
2007	6	2018	137
2808	10	2924	091
2129	6	30	005
3106	11	3087	136
114	1	116	038
2030	6	2009	123
1473	1	114	017
2809	17	5818	141
2126	6	2008	031
742	1	748	125
2077	6	2061	046
626	6	46	154
2615	9	2476	130
213	1	189	102
2020	6	2008	049
796	15	4990	084
3218	12	2018	081
100	6	29	138
2770	9	2482	155
771	6	30	110
796	15	4990	083
2077	6	2060	123
2693	12	28	080
2761	9	2517	123
2105	6	30	027
2777	9	2505	136
2587	9	2588	085
2744	9	2593	151
2140	6	2009	114
1956	6	2009	081
1860	9	2517	159
2632	9	2517	159
195	1	189	096
8957	23	2922	115
8204	23	2989	100
8824	23	2977	148
3063	10	2924	153
28	6	29	147
3051	10	2924	033
3232	12	29	071
771	1	629	065
1983	6	402	143
1957	6	171	156
2530	14	3431	133
3225	23	2989	081
2124	6	116	071
2149	6	29	160
3093	23	12538	031
3068	23	3027	101
8863	17	5818	075
2116	6	2061	016
1922	6	2018	150
197	1	189	067
188	1	189	005
2681	9	2476	038
771	1	629	043
3214	12	2120	142
1983	6	405	099
1983	15	5024	112
2035	6	2009	127
1866	12	170	017
1900	10	3043	158
3232	12	29	103
8529	23	2989	068
4730	14	3717	023
2102	6	2040	103
675	15	4990	097
675	1	320	103
2589	9	2517	121
1956	6	2008	073
3232	12	29	108
199	1	189	119
2769	9	2476	078
2541	9	2482	143
100	6	29	143
2037	6	2018	161
55	6	30	135
12469	22	12297	153
675	15	5120	086
8571	23	12518	112
3178	11	3087	157
2126	6	2009	103
1931	6	116	085
1473	1	114	018
205	6	30	118
197	1	189	047
2895	9	2517	104
213	1	189	119
19	6	2009	111
2105	6	2027	140
1894	23	2920	148
4659	14	3793	076
3106	11	3087	084
2845	10	2977	098
1110	15	5120	006
921	6	30	090
2037	6	2009	120
588	6	30	080
2911	10	2720	097
2059	6	2061	030
2080	6	116	096
2131	6	2018	158
340	6	402	139
2080	6	116	046
2769	9	2476	150
2916	9	2517	148
1931	6	116	063
2008	15	4988	072
2069	6	2018	104
1588	6	29	144
8204	23	2989	128
8204	23	2989	021
588	1	591	159
2693	12	28	039
2059	6	2060	105
480	15	4990	077
55	6	30	064
1922	6	2061	021
2812	9	2517	148
211	1	189	113
2059	6	2061	089
428	6	259	042
2020	6	2045	006
2123	9	2486	161
2917	9	2593	097
2006	6	29	050
3508	14	3509	159
188	1	189	072
3866	14	3487	108
480	15	5067	091
1860	10	2940	083
7024	17	5816	085
2867	9	2588	135
2911	9	2482	088
921	1	30	057
381	1	259	063
88	6	30	066
2903	11	3089	132
2791	9	2476	072
446	1	259	050
2021	6	405	095
2615	9	2593	153
733	1	731	106
172	1	402	021
4534	14	4535	105
2074	6	405	121
1429	6	30	059
921	1	30	081
2010	6	2009	119
1959	6	2008	035
88	6	30	085
2845	14	3956	102
2138	6	2009	110
8863	17	5817	040
205	15	4990	126
8529	23	2989	085
195	1	189	072
213	1	189	135
205	15	4990	080
2074	6	405	096
4885	17	8813	130
2168	6	173	080
8779	23	2989	117
284	1	189	093
2774	9	2748	148
2777	9	2505	130
2172	6	2008	031
2080	6	116	131
588	6	589	135
675	15	4990	069
8282	23	12519	103
1957	6	405	130
2592	9	2593	096
796	15	4990	141
1588	6	30	004
428	6	402	140
3218	12	2018	123
2903	12	170	149
2059	6	2060	111
8863	17	5817	044
480	15	4990	143
4582	14	3794	067
4281	14	4155	100
2094	6	2040	154
381	1	405	122
2006	6	29	136
2798	9	2505	150
2798	9	2505	141
12469	22	9756	157
8863	17	5818	034
2080	6	116	110
1900	10	3043	156
1975	6	2008	057
284	6	2040	093
2511	9	2517	150
2094	6	2040	091
40	6	1439	032
1866	12	170	072
44	6	29	136
2769	9	2476	159
1983	15	5024	091
2681	9	2476	067
169	1	173	132
211	1	189	153
1956	6	2009	103
1900	10	3042	112
3092	11	3100	159
3206	12	2120	155
2530	14	3431	065
2	6	30	080
213	1	189	100
3751	14	3495	095
919	1	921	037
2809	17	5935	138
2845	14	3956	104
215	1	189	050
3232	12	29	047
88	1	90	068
8824	23	2977	092
8301	23	3060	141
284	6	2008	062
733	1	731	060
4	1	5	092
733	1	731	059
205	6	2019	132
3216	12	2155	050
1902	23	3074	073
488	1	30	131
4036	14	3498	066
8957	23	2922	132
2809	17	5817	139
733	1	731	112
2719	9	2720	160
2017	6	2008	028
675	15	4990	126
213	1	189	009
3106	11	3087	058
4582	14	3794	019
100	6	30	065
2140	6	2008	022
8957	23	2922	095
3106	11	3087	156
213	1	189	066
8863	17	5818	063
3068	23	3027	016
921	6	29	138
114	1	116	021
2605	9	2476	155
1588	6	29	139
83	6	29	159
100	6	28	136
3211	12	2120	150
2077	6	2061	037
2116	6	2018	122
3187	23	12518	161
3218	12	2018	059
4684	14	3707	133
2911	10	2940	084
3106	11	3087	102
1912	15	5024	134
3068	23	3027	157
478	1	444	157
2017	6	2008	053
260	1	189	043
169	6	173	020
588	6	30	056
488	1	30	104
1912	15	5024	110
19	6	2009	092
195	1	189	124
2006	6	29	127
198	1	189	146
2693	12	28	057
2883	9	2482	125
4582	14	3794	098
169	1	173	024
2140	6	2045	003
1956	6	2009	095
1429	6	173	008
2124	6	116	123
1473	1	114	020
2909	9	2720	161
2681	9	2476	017
1110	15	5120	110
488	1	30	114
588	6	30	042
1947	6	405	114
1911	23	12505	100
2090	6	116	024
2883	9	2482	137
1860	9	2517	106
40	6	2055	025
8779	23	2989	103
2723	9	2517	121
205	15	4990	011
2157	6	2120	159
44	6	29	141
2131	6	2009	131
396	6	30	061
199	1	189	128
1983	6	170	160
284	6	285	004
2808	9	2517	101
199	1	189	044
1893	23	2947	153
2138	6	2045	013
3751	14	3495	102
1871	12	2155	070
733	1	731	155
1959	6	2018	159
2090	6	116	108
100	6	30	094
2911	10	2940	131
88	6	30	073
2916	9	2517	092
478	1	444	100
2119	6	2045	026
675	15	5120	002
4885	17	8813	152
3187	23	12518	098
1902	23	3074	060
2791	9	2476	038
2140	6	2008	069
2090	6	115	156
2059	6	2061	052
2867	9	2517	139
8282	23	12519	002
2769	9	2476	097
771	6	30	027
2037	6	2009	127
1975	6	2008	006
2589	9	2517	122
2516	9	2517	104
2812	9	2517	149
2644	9	2593	127
675	1	320	101
2035	6	625	137
921	1	30	074
1912	6	402	138
675	6	405	093
28	15	4988	133
2663	17	5818	128
1958	6	2061	087
55	6	29	159
2723	9	2482	119
197	1	189	088
2874	9	2476	161
198	1	189	007
2663	9	2476	155
2811	9	2517	093
3063	10	2924	154
2124	6	115	159
428	6	402	142
4582	14	3794	136
3225	23	2989	124
364	1	28	161
1871	12	2155	052
3106	11	3087	111
2101	6	2040	114
199	1	189	133
3068	23	3027	085
2909	9	2593	117
2003	6	30	071
2769	9	2476	146
2481	9	2482	148
2909	9	2593	100
2008	15	4988	024
1945	6	405	106
2903	11	3089	022
771	1	629	068
88	6	30	084
260	1	189	014
8282	23	12519	135
2883	9	2517	105
1956	6	2040	140
675	1	320	118
2140	6	2009	115
742	15	4990	132
2923	10	2924	128
2911	10	2720	119
2007	6	2018	133
1957	6	2055	010
8571	23	12518	121
3637	14	3636	001
2069	6	2018	133
675	15	4990	043
2845	10	2977	154
1866	12	170	058
2516	9	2517	135
2688	9	2517	138
4	1	626	146
83	1	58	152
8529	23	2989	105
2138	6	2008	044
2140	6	2008	074
1959	6	2009	128
3844	14	3737	053
3225	23	2989	046
8863	17	6190	124
3093	23	12538	091
921	1	30	076
1947	6	173	002
2979	10	2924	151
188	1	189	070
40	6	1439	156
2140	6	2018	134
2121	6	2042	161
4582	14	3794	083
919	1	921	092
1958	6	2061	013
2911	9	2482	126
3208	12	2120	083
431	1	189	125
446	1	259	037
2168	6	173	001
2693	12	28	020
3751	14	3495	097
1931	6	116	133
771	1	629	010
3211	12	2120	137
2102	6	2040	145
3106	11	3087	095
3143	11	3087	066
1931	6	115	148
480	15	5067	129
2587	9	2588	083
2811	9	2517	119
733	1	731	085
446	1	405	086
55	6	30	008
659	1	341	078
2131	6	2018	143
2811	9	2517	096
88	6	30	031
2141	6	402	147
8863	17	5818	096
2094	6	2104	016
2663	17	5935	142
2126	6	2008	054
2457	17	6706	161
509	6	30	094
2124	6	116	047
2681	14	4880	006
2769	9	2476	114
2693	11	3087	157
2124	6	116	122
2030	6	2008	078
2592	9	2593	152
2119	6	2045	046
2007	6	2018	153
8863	17	5935	132
2102	6	2040	152
2074	6	171	158
3206	14	4739	072
1473	1	114	150
2874	9	2476	060
2895	9	2517	161
1957	6	2055	016
799	1	766	154
3233	23	12521	158
3034	14	3956	154
8957	23	2922	050
675	15	5120	153
3064	23	12505	102
40	6	1439	043
3106	11	3087	157
1922	6	2061	030
4582	14	3794	124
3034	10	2963	160
169	1	173	028
2127	6	171	039
2	6	2061	016
1945	6	402	134
771	6	29	152
1931	6	116	045
2129	6	30	057
1900	23	3042	101
919	1	921	132
1429	6	30	108
188	1	189	002
509	6	30	131
588	6	30	094
659	1	341	061
733	1	731	066
509	6	30	083
8863	17	5817	112
2017	6	2008	058
8571	23	12518	125
197	1	189	128
195	1	189	114
2629	9	2520	147
205	6	2019	138
3225	23	2938	120
1473	1	114	161
2693	14	3468	149
921	6	30	079
381	6	405	124
509	6	30	013
15	1	797	153
3216	12	2155	106
2809	17	5817	112
2007	6	2008	040
88	6	30	042
1957	6	405	090
8779	23	2989	142
8863	17	5817	159
2017	6	2009	109
4646	14	3509	143
88	1	90	132
4586	17	5817	150
2102	6	2040	093
3190	14	3427	078
8957	23	2922	015
2077	6	2018	150
2020	6	2045	012
2140	6	2018	148
3068	23	3027	094
1958	6	2170	149
2911	9	2482	144
3143	11	3087	011
4435	14	3636	106
2110	6	402	145
3214	12	2120	094
260	1	189	050
480	15	5067	109
3225	23	2989	056
729	1	731	071
1959	6	2018	143
1956	6	2009	110
2020	6	2009	122
3232	12	29	033
8863	17	6190	100
205	6	30	109
3211	12	2120	107
199	1	189	088
675	15	5120	015
771	6	30	024
2644	10	2924	058
480	15	4990	123
2102	6	2040	134
1912	15	5024	143
796	15	4990	112
284	6	2008	076
2080	6	116	085
205	6	30	037
8863	17	5817	079
4885	17	8813	113
3093	23	12538	097
8863	17	5816	072
8529	23	2989	080
88	6	29	150
8863	17	5817	034
3170	17	6011	156
771	6	30	106
2077	6	2061	035
88	1	90	028
2867	9	2517	126
2582	9	2520	096
2126	6	2045	001
2178	6	30	126
2124	6	117	004
3142	14	3509	078
8204	23	2989	145
675	6	405	114
260	1	189	104
8571	23	12518	091
2511	9	2476	146
2909	9	2593	061
2124	6	116	074
675	15	4990	087
2530	14	3431	022
2911	9	2482	128
1956	6	285	010
1958	6	2061	014
921	1	30	105
1958	6	2061	008
2172	6	2009	128
2059	6	2060	120
3200	12	2055	144
2172	6	2008	049
169	1	172	145
396	6	30	048
212	1	189	029
4586	14	4587	136
2744	9	2593	079
431	1	189	038
3808	14	3711	113
2770	9	2540	119
2886	14	4384	160
2615	9	2476	145
2688	9	2517	128
921	1	30	029
4582	14	3794	116
2632	9	2476	141
431	1	189	070
4	1	5	131
480	15	4990	031
83	6	29	136
212	1	189	153
1588	6	30	009
2923	10	2924	130
2017	6	2008	021
2144	6	2018	144
2903	11	3089	004
3866	14	3487	150
88	6	30	088
2880	17	6758	073
1429	6	171	156
169	6	171	154
3214	12	2120	143
8708	23	12505	128
8204	23	2989	125
921	6	30	105
2119	6	2045	078
2681	9	2476	103
2119	6	2120	109
3170	17	6011	155
729	1	731	156
675	1	320	150
2770	9	2482	147
733	1	731	145
381	6	405	063
1902	23	3074	137
2129	6	30	102
2744	9	2593	075
2006	6	29	028
2530	14	3431	008
2035	6	625	160
771	6	30	001
2867	9	2517	120
733	1	731	120
2769	9	2476	133
2615	9	2517	140
2769	9	2476	061
2144	6	2009	122
2030	6	2032	139
2761	9	2517	106
1894	23	2920	038
3211	12	2120	130
8863	17	6190	094
1110	15	5120	013
2663	9	2476	146
3232	12	29	087
1947	6	405	103
2632	9	2517	121
919	1	921	099
2172	6	2008	075
2119	6	2045	091
2791	9	2476	160
3211	14	3426	075
8863	17	5817	119
2069	6	2018	153
4	1	5	039
2124	6	116	132
2020	6	2018	147
2808	9	2517	156
1957	6	173	047
2655	20	7092	137
2102	6	2040	133
3187	12	2055	153
2726	9	2593	149
1851	10	3012	136
3093	23	12538	050
2008	9	259	039
3197	12	2120	086
2663	9	2476	156
798	1	589	146
8301	23	3060	084
2773	9	2517	157
2587	9	2588	121
8824	23	2977	099
3637	14	3636	000
2126	6	2009	089
188	1	189	108
2077	6	2061	002
1957	6	173	041
2923	10	2924	134
3142	14	3509	073
2909	9	2593	018
2080	6	116	072
396	6	30	112
4395	14	3771	076
1947	6	173	025
340	6	171	149
44	1	551	157
2808	9	2517	144
3206	12	2120	144
1983	6	405	112
1865	20	6706	155
2744	9	2593	074
2059	6	2018	138
19	6	2008	021
2530	14	3431	095
114	1	116	115
2090	6	116	040
1871	12	2155	104
2105	6	30	009
1912	6	259	060
488	1	30	127
1588	6	30	001
3143	11	3087	073
796	15	4990	135
188	1	189	031
2632	9	2476	149
197	1	189	100
2909	9	2593	135
588	1	590	139
2723	9	2482	105
8824	23	2977	040
2007	6	2009	085
399	6	402	143
260	1	189	099
215	1	189	007
4749	14	3794	081
2124	6	116	136
381	1	405	087
1866	12	170	045
2592	9	2593	124
2903	11	3089	136
211	1	189	029
2845	14	3956	103
796	15	4990	026
2140	6	2008	042
2632	9	2476	138
1473	1	114	103
212	1	189	146
195	1	189	110
2020	6	2025	132
3208	12	2120	076
2979	10	2924	124
2131	6	2008	060
212	1	189	012
2119	6	2045	049
2129	6	30	051
2637	9	2593	106
919	1	921	107
2003	6	30	032
4885	17	8813	064
2090	6	117	002
3216	12	2155	126
428	15	5024	154
2074	6	171	153
659	1	341	028
2809	17	5816	139
2126	6	2008	057
2911	9	2482	137
2030	6	2008	043
2003	6	30	041
1975	6	625	135
2080	6	115	151
8282	23	12519	016
478	1	444	130
211	1	189	068
2	6	30	032
2917	10	2942	057
3206	12	2120	145
431	1	189	036
921	6	30	082
8824	23	2977	147
8863	17	5935	106
7621	20	6780	137
196	1	189	155
3062	10	2924	064
3068	23	3027	102
2909	9	2720	004
2140	6	2009	101
2681	9	2476	029
2911	10	2720	122
3064	23	12505	005
2124	6	116	098
1983	6	405	116
3756	14	3495	069
2632	9	2517	125
2874	9	2476	122
2644	10	2924	062
3206	12	2120	103
100	6	30	017
172	1	171	157
3064	23	12505	131
8863	17	5817	129
2883	9	2517	142
2644	9	2593	043
659	1	341	095
919	1	921	044
1956	6	2040	159
205	15	4990	102
2144	6	2009	111
2809	17	5818	124
1473	1	114	000
3142	14	3509	077
2017	6	2008	080
172	1	402	099
8301	23	3060	036
212	1	189	095
3187	23	12518	149
8204	23	2989	127
2017	6	2008	051
4749	14	3794	075
444	1	405	105
4586	14	4587	124
2119	6	2045	054
55	6	30	040
215	1	189	052
3211	12	2120	124
2845	14	3956	093
3093	23	12538	027
4036	14	3498	118
2030	6	2009	116
798	1	1004	159
1947	6	2027	146
1956	6	2009	119
3068	23	3027	043
88	6	30	109
1975	6	2008	063
3756	14	3496	053
2688	9	2517	121
8957	23	2922	064
2809	9	2705	152
169	6	173	050
4775	14	3496	136
2874	9	2476	070
197	1	189	146
919	1	921	102
771	1	774	157
2003	6	30	068
2663	17	5818	118
2481	9	2482	153
2916	9	2517	158
205	6	30	079
742	15	4990	113
88	1	90	065
742	1	743	136
2582	9	2520	114
2090	6	116	082
1912	6	259	044
260	1	189	130
2917	10	2942	056
8282	23	12519	050
8863	17	5818	158
2798	9	2505	135
205	6	2038	018
1902	23	3074	097
19	6	2044	159
197	1	189	064
205	6	30	112
2105	6	30	034
44	1	46	144
4	1	5	028
2102	6	2040	119
3032	10	2940	089
88	1	90	000
2587	9	2476	046
771	6	30	031
428	6	405	112
188	1	189	074
733	1	731	058
3214	12	2120	079
2744	10	2924	081
2761	9	2517	132
659	1	341	114
3211	12	2120	135
4036	14	3498	115
8779	23	2989	059
2587	9	2588	062
2644	9	2593	047
2637	9	2593	138
2530	9	2476	159
3232	12	29	028
2131	6	2009	082
2917	9	2593	094
55	6	30	061
2006	6	29	082
2629	9	2520	158
8492	17	6706	122
2483	9	2518	146
796	15	4990	078
1473	1	114	009
2119	6	2008	038
8301	23	3060	058
2587	9	2588	053
1860	9	2517	104
44	6	30	038
4805	14	3498	135
2035	6	625	142
3211	14	3428	075
2681	9	2476	092
2637	9	2593	132
478	1	444	128
2008	9	259	070
3068	23	3027	012
2035	6	2009	129
2026	6	30	128
742	15	4990	152
2530	14	3431	099
2917	10	2942	150
2121	6	2122	005
2809	17	5816	142
2809	17	5818	154
2911	10	2940	117
3208	12	2120	116
2845	9	2518	091
8571	23	12518	132
2773	9	2517	118
2006	6	29	070
2909	9	2593	024
2809	17	5935	145
446	1	405	103
44	6	30	077
3190	12	2120	091
2114	15	4988	008
729	1	731	137
2037	6	2009	122
10751	22	9859	145
742	1	748	085
114	1	116	129
2615	9	2593	116
3106	11	3087	103
2102	6	2103	014
480	15	4990	046
2	1	3	160
8779	23	2989	106
478	1	444	140
3225	23	2989	103
396	6	30	111
1983	15	5024	152
8863	17	5818	105
2105	6	30	110
3197	12	2120	098
2587	9	2588	047
2124	6	115	139
478	1	444	147
771	6	30	039
1860	4	1833	079
2003	6	30	099
480	15	4990	069
2094	6	2040	153
2723	9	2482	111
3225	23	2938	019
8529	23	2989	017
2172	6	2009	125
2615	9	2476	138
3866	14	3487	072
2909	9	2593	125
2090	6	116	079
733	1	731	030
2629	9	2520	134
2116	6	2018	085
2090	6	116	034
1871	12	170	146
588	6	1560	000
2744	9	2593	099
1983	6	405	113
2663	17	5817	136
2157	6	2120	126
2895	9	2517	096
2026	6	30	108
2020	6	2008	079
2124	6	116	068
921	6	30	088
2586	9	2482	161
2119	6	2120	108
1860	9	2517	153
198	1	189	077
3208	12	2120	146
2168	6	173	084
3143	11	3087	104
428	15	5024	156
2693	12	28	085
1860	9	2517	124
1931	6	116	027
3187	23	12518	150
188	1	189	041
1429	6	30	037
100	6	30	098
2124	6	116	083
2020	6	2045	001
1975	6	2009	114
4885	17	8813	046
215	1	189	080
8282	23	12519	046
2110	6	402	147
4036	14	3498	131
659	1	341	115
1473	1	114	114
213	1	189	087
2663	17	5818	126
921	6	30	130
196	1	189	008
114	1	116	032
2883	9	2482	146
2074	6	171	150
8824	23	2977	088
2874	9	2476	129
2119	6	2045	074
1931	6	115	138
215	1	189	112
1902	23	3074	111
2059	6	2061	019
2723	9	2517	142
659	1	341	103
2021	6	405	124
921	1	30	059
3232	12	29	115
7446	20	6780	136
771	1	629	034
19	6	2044	151
197	1	189	097
771	6	30	112
588	6	30	015
2127	6	171	055
4602	14	3496	157
9166	20	6012	150
8282	23	12519	055
4586	14	4587	113
2530	14	3431	035
2917	10	2942	077
2903	11	3089	002
2681	9	2476	117
3032	10	2940	113
446	1	405	088
2903	11	3089	081
2909	9	2593	001
2116	6	2061	037
2124	6	115	140
3225	23	2989	038
1983	15	5024	139
4586	17	5816	158
15	1	797	156
2911	9	2482	112
2007	6	2009	102
8282	23	12519	129
4586	17	5817	153
1894	11	3107	156
88	1	90	019
796	15	4990	067
1947	6	173	079
11201	22	10030	145
113	6	30	075
2	6	30	129
2911	10	2720	153
2116	6	2061	004
3187	23	12518	127
771	6	29	138
55	1	58	152
113	6	30	000
1922	6	2018	130
169	1	171	155
2770	9	2540	137
1983	6	405	119
88	6	30	011
198	1	189	080
1912	15	5024	128
2809	17	5818	088
3218	12	2018	014
198	1	189	065
2126	6	2008	040
2017	6	2008	035
2102	6	2040	075
2105	6	2027	151
3232	12	29	039
2809	17	5935	124
2903	11	3089	150
921	6	30	051
2587	9	2476	078
2003	6	2038	011
8824	23	2977	063
2010	6	2018	158
2917	10	2942	152
3065	23	12519	161
399	1	405	099
3216	12	2155	025
2883	9	2517	115
2663	17	5935	130
478	1	444	113
3218	12	2018	122
2	6	30	076
2874	9	2476	034
2077	6	2061	068
3106	11	3087	074
2911	10	2940	136
1983	15	5024	135
3106	11	3087	160
3208	12	2120	104
169	6	405	100
2693	12	28	113
2110	6	171	160
2845	14	3956	085
733	1	731	139
40	6	1439	119
2809	17	5818	145
1110	15	5120	097
2056	15	4988	002
742	1	748	123
114	1	115	157
195	1	189	094
7024	17	5818	073
1931	6	115	155
2723	9	2517	153
1110	15	5120	032
3233	23	2977	152
198	1	189	023
2883	9	2482	152
4659	14	3509	064
675	15	4990	073
2909	9	2720	156
381	1	405	101
2909	9	2593	016
3178	11	3087	139
100	6	30	131
1860	9	2517	142
480	15	4990	018
1947	6	405	109
2589	9	2517	138
381	1	405	111
199	1	189	150
2101	6	285	002
2883	9	2517	125
8863	17	5935	086
2909	9	2593	132
2903	11	3089	104
3218	12	2018	133
2663	17	5818	157
2077	6	2060	107
188	1	189	034
8824	23	2977	082
2777	9	2505	159
2693	11	3087	140
1957	6	173	067
2592	9	2593	100
2030	6	2009	128
2020	6	2008	031
478	1	444	091
8863	17	5818	104
2127	6	171	087
2131	6	2008	071
2909	9	2720	058
205	6	30	048
3217	12	28	015
796	15	4990	090
2090	6	116	057
1957	6	173	081
172	1	402	014
3225	12	2155	146
796	15	4990	053
1588	6	30	011
4885	17	8813	052
4036	14	3498	149
1866	4	1833	142
7024	17	5935	094
2874	9	2476	112
2077	6	2060	157
2791	9	2476	127
55	6	30	127
919	1	921	136
260	1	189	150
8779	23	2989	108
8571	23	12518	115
2481	9	2482	159
2037	6	2009	081
1922	6	2061	002
1851	10	3012	135
2717	9	2517	154
2917	9	2593	055
3106	11	3087	066
4586	14	3475	135
2909	9	2720	053
4582	14	3794	121
2129	6	30	053
742	15	4990	117
771	6	30	067
260	1	189	091
2030	6	2008	081
3232	12	29	119
1893	23	2947	158
4393	14	3495	161
2102	6	2040	080
2874	9	2476	028
88	1	90	013
8824	23	2977	015
88	6	30	048
3093	23	12538	064
284	1	285	007
2172	6	2009	114
588	6	30	078
2644	9	2593	156
2809	17	5818	142
2074	6	405	112
771	1	774	156
2127	6	171	078
3106	11	3087	093
195	1	189	089
215	1	189	023
2777	9	2505	144
2138	6	2008	026
771	1	772	158
3093	23	12538	061
480	15	4990	011
3208	12	2120	103
88	6	30	097
2693	11	3087	127
2903	11	3089	144
399	1	171	157
114	1	117	007
88	1	90	041
381	6	405	101
1003	1	589	148
363	1	364	155
8863	17	5817	146
1866	12	170	084
478	1	444	072
3866	14	3487	085
3093	23	12538	054
2006	6	29	073
44	6	30	121
2592	9	2593	159
205	6	2019	136
2530	14	3431	033
8957	23	2922	072
2903	11	3089	118
1588	6	30	073
2138	6	2008	032
1956	6	2095	022
733	1	731	109
8863	17	5817	109
2587	9	2476	150
2812	9	2517	161
2582	9	2520	151
2785	9	2593	083
1429	6	30	116
3784	14	3785	157
2007	6	2008	063
284	6	2040	124
88	6	30	126
794	1	478	099
2583	9	2476	125
3157	11	3107	158
2644	9	2593	089
205	6	30	104
8824	23	2977	019
196	1	189	078
488	1	30	106
55	6	30	001
2131	6	2009	129
2511	9	2517	146
2119	6	2045	151
88	6	30	120
3217	12	28	054
1957	6	405	087
2845	9	2518	096
3216	12	2155	054
2917	9	2593	135
3206	12	2120	121
1866	12	170	136
100	6	30	008
205	15	4990	157
8571	23	12518	085
2178	6	30	120
2101	6	2040	091
659	1	341	160
2	6	30	081
2007	6	2008	072
2693	12	28	040
629	1	28	155
3187	12	2055	131
8301	23	3060	133
199	1	189	140
188	1	189	128
3206	12	2120	076
8779	23	2989	093
1912	15	5024	107
2791	9	2476	134
2006	6	29	140
2785	9	2593	082
2006	6	29	142
2663	9	2588	145
396	6	30	044
2119	6	2045	140
1894	23	2920	035
2003	6	30	074
3068	23	3027	014
1912	6	171	158
2119	6	2055	012
4586	17	5816	152
3190	12	2120	121
2883	9	2517	145
1958	6	2061	024
1983	6	405	096
55	6	30	096
2126	6	2008	035
4395	14	3771	077
7881	20	6706	146
3093	23	12538	104
2822	20	6706	118
197	1	189	127
1894	23	2920	135
1922	6	2061	083
8529	23	2989	010
114	1	116	123
100	6	29	142
2121	6	405	108
2911	10	2720	091
2719	9	2720	150
919	1	921	036
1900	10	3042	118
2717	9	2517	114
2003	6	2019	157
2615	9	2517	105
2812	10	2924	112
1983	15	5024	103
1975	6	2009	100
2008	15	4988	051
3815	14	3495	103
729	1	731	145
197	1	189	083
4	1	5	045
197	1	189	015
3106	11	3087	054
2812	9	2517	105
7881	20	6706	158
28	6	29	140
2516	9	2517	159
3718	14	3719	027
8863	17	5817	047
2026	6	30	090
2644	9	2593	062
509	6	30	104
196	1	189	044
8282	23	12519	113
771	1	629	052
2880	9	2517	137
172	1	171	147
2909	9	2720	108
55	6	30	080
2911	9	2482	075
88	1	90	006
2117	6	2032	160
4885	17	8813	120
399	1	405	119
55	6	30	012
2723	9	2482	144
215	1	189	155
3232	12	29	141
44	6	29	137
3206	12	2120	094
1893	20	7092	160
3233	23	2977	159
2126	6	2008	073
2172	6	2018	137
3769	14	3496	041
212	1	189	023
8824	23	2977	114
172	1	402	145
40	6	1439	071
771	1	629	066
213	1	189	114
2080	6	116	136
742	15	4990	126
2530	9	2517	121
1894	23	2920	071
100	6	29	147
2592	9	2593	156
381	6	405	054
729	1	731	032
2911	10	2940	099
629	1	30	131
2116	6	2061	024
2822	14	3475	144
195	1	189	160
8863	17	5817	131
675	1	320	143
2119	6	2045	148
4	1	5	025
2917	10	2942	062
771	6	30	094
2026	6	30	051
2911	10	2720	099
1871	12	2155	113
2911	9	2482	118
3211	12	2120	132
1983	15	5024	111
2516	9	2517	121
2663	17	5816	142
796	15	4990	092
2811	9	2517	106
2172	6	2008	020
1894	23	2920	070
198	1	189	160
3106	11	3087	018
2917	10	2942	085
2909	9	2593	054
44	6	29	148
3157	11	3095	141
2101	6	2040	147
1588	6	30	107
2172	6	2009	132
8863	17	5816	086
2144	6	2018	141
2157	6	2120	111
2791	9	2476	025
1983	15	5024	123
2785	9	2593	128
1975	6	2009	120
771	1	629	029
88	1	90	053
1956	6	2009	128
4586	17	5817	126
2516	9	2517	118
1910	14	3956	134
196	1	189	079
626	1	46	152
396	6	332	131
2141	6	402	143
3225	23	2989	000
2917	17	6245	048
2511	9	2517	137
114	1	116	085
284	1	189	104
2845	10	2977	097
1957	6	405	091
729	1	731	065
2909	9	2720	021
1894	23	2920	143
2530	14	3431	105
1894	23	2920	091
2102	6	2040	081
509	6	30	044
2077	6	2018	133
4885	17	8813	049
8571	23	12518	048
1931	6	115	137
2808	10	2924	092
629	1	332	131
431	1	189	087
1912	6	405	133
2867	9	2517	110
2080	6	116	092
3093	23	12538	075
2101	6	2040	131
2883	9	2517	100
1947	6	173	028
2726	20	6706	127
2006	6	29	101
921	6	30	077
1902	23	3074	026
196	1	189	029
1957	6	173	030
205	6	30	075
3214	12	2120	096
8301	23	3060	021
44	6	30	016
1975	6	2008	021
2761	9	2517	135
2883	9	2482	126
2809	9	2705	149
2688	9	2517	115
2035	6	625	134
3232	12	29	144
1931	6	116	100
1871	12	170	136
2102	6	2008	043
2812	10	2924	096
2773	9	2517	160
2717	9	2517	143
2008	9	259	071
2121	6	405	132
8863	17	5818	038
1959	6	2018	142
2903	11	3089	054
3093	23	12538	137
2007	6	2009	104
3218	12	2018	152
19	6	2008	065
2126	6	2045	017
8529	23	2989	019
4036	14	3498	092
3217	12	28	057
799	1	766	161
4885	14	3690	054
2101	6	2008	018
2090	6	116	033
675	15	5120	146
8529	23	2989	001
921	6	30	118
2663	17	5817	143
3190	12	2120	078
675	15	4990	124
215	1	189	092
588	6	589	151
8863	17	5935	138
205	15	4990	059
3190	12	2120	126
3216	12	2155	048
40	6	1439	060
2127	6	171	014
2094	6	2040	107
8529	23	2989	140
675	15	4990	065
396	6	30	012
260	1	189	112
480	15	5067	107
2883	9	2482	123
3093	23	12538	002
4885	17	8813	022
55	6	30	082
8824	23	2977	013
3143	11	3087	068
19	6	2008	050
8957	23	2922	051
4586	17	5935	153
2069	6	2018	149
2785	9	2520	149
284	6	285	002
921	6	30	052
796	15	4990	147
796	15	4990	042
196	1	189	107
2587	9	2476	080
2020	6	2045	008
3216	12	2155	143
2030	6	2032	146
1947	6	173	047
794	1	478	124
478	1	444	065
1429	6	30	112
2099	9	2486	160
364	1	28	151
4036	14	3498	111
431	1	189	084
729	15	4990	135
919	1	921	108
260	1	189	152
3232	12	29	139
428	6	2055	012
2777	9	2505	132
2717	9	2517	134
2663	9	2476	148
3068	23	3027	007
2874	9	2476	146
3225	23	2938	006
2144	6	2009	123
198	1	189	109
1922	6	2018	111
211	1	189	142
396	6	30	080
188	1	189	092
3739	14	3737	037
2124	6	116	079
2791	9	2476	125
169	6	173	064
2007	6	2008	029
480	15	4990	073
28	1	29	143
4036	14	3498	043
446	1	259	067
2587	9	2588	149
3784	14	3786	149
3068	23	3027	141
2880	9	2517	142
4036	14	3498	071
2144	6	2009	125
2131	6	2009	098
8824	23	2977	026
3769	14	3496	040
4	1	5	089
2006	6	29	068
213	1	189	065
1473	1	114	147
675	15	5120	102
431	1	189	024
7447	20	6780	150
2845	10	2977	100
11693	22	2157	153
2126	6	625	135
2927	10	2930	153
675	15	5120	019
2020	6	2008	044
3106	11	3087	067
729	1	731	153
3106	11	3087	030
2006	6	29	003
1931	6	116	060
2874	9	2476	087
3206	14	3427	083
1956	6	2008	075
2021	6	405	085
1851	10	3012	144
88	6	30	104
2637	14	4535	097
4586	17	5818	136
4036	14	3498	003
2809	17	5818	103
588	6	30	066
1900	10	3043	146
195	1	189	134
213	1	189	031
742	15	4990	123
3143	11	3087	106
1860	9	2517	141
1851	10	3012	137
3225	23	2938	117
733	1	731	039
1588	6	30	024
1894	23	2920	147
2131	6	2018	140
3225	23	2938	033
2026	6	30	018
4582	14	3794	009
3225	23	2938	084
2592	9	2593	133
2127	6	171	137
2717	9	2517	112
796	15	4990	158
921	1	30	010
1922	6	2061	055
2909	9	2593	103
2126	6	2045	009
2090	6	116	048
1947	6	173	075
3218	12	2018	042
2059	6	2061	006
588	6	30	074
2909	9	2593	028
2094	6	2040	097
1956	6	2040	138
2094	6	2040	148
1900	10	3042	125
588	6	30	007
1945	6	405	125
2140	6	2009	116
169	6	173	032
1959	6	2008	023
2059	6	2018	142
2	6	2061	004
2105	6	2027	149
198	1	189	107
3866	14	3487	090
1947	6	405	095
1922	6	2061	054
2917	9	2593	138
199	1	189	091
4557	14	3523	134
8824	23	2977	105
197	1	189	069
113	6	30	080
2119	6	2008	074
8571	23	12518	150
1957	6	2055	018
3718	14	3719	029
284	1	189	121
3143	11	3087	075
2770	9	2482	132
8863	17	5817	069
480	1	481	159
3218	12	2018	067
196	1	189	086
2017	6	2009	111
3093	23	12538	026
2811	9	2517	095
2909	9	2720	026
212	1	189	041
3206	12	2120	138
2020	6	2009	132
399	1	171	154
3157	11	3107	155
88	1	90	067
1894	23	2920	012
8529	23	2989	065
399	6	171	154
3225	23	2989	076
396	6	30	062
2030	6	2032	136
1429	6	2027	145
28	1	29	147
2	6	2018	157
2681	9	2476	149
8863	17	5817	126
4036	14	3498	086
1894	23	2920	122
2587	9	2588	113
4557	14	3544	135
113	6	30	062
2119	6	2045	059
921	1	30	036
2144	6	2009	107
3143	11	3087	112
196	1	189	093
3187	23	12518	080
742	1	748	124
199	1	189	083
2101	6	2045	014
2010	6	2008	080
2144	6	2018	137
44	1	46	158
2127	6	171	013
1902	23	3074	149
2119	6	2120	153
2744	9	2593	156
2105	6	30	033
3032	10	2940	125
2719	10	3016	131
1110	15	5120	156
2037	6	2009	124
2101	6	2008	077
2917	10	2942	135
675	15	4990	012
2119	6	2045	022
195	1	189	010
1429	6	30	044
188	1	189	083
2909	9	2593	051
113	6	30	019
2006	6	29	071
2059	6	2061	043
2138	6	2009	117
2688	9	2517	103
2129	6	30	065
213	1	189	096
2144	6	2018	140
2017	6	2009	124
8779	23	2989	131
2723	9	2517	146
2809	17	5935	155
88	1	90	082
2140	6	2018	158
40	6	1439	056
2587	9	2476	079
659	1	341	017
2010	6	2008	069
4885	17	8813	084
1922	6	2018	095
3187	23	12518	104
211	1	189	018
2	6	30	057
2144	6	2009	121
509	6	30	039
3032	23	3060	052
2693	11	3087	142
198	1	189	155
2119	6	2120	084
55	6	30	072
211	1	189	017
2172	6	2008	013
3866	14	3487	161
1894	23	2920	102
2059	6	2061	062
2845	14	3956	128
8957	23	2922	156
2979	10	2924	129
1956	6	285	009
3190	14	3427	077
195	1	189	004
2769	9	2476	108
260	1	189	080
169	6	173	040
2172	6	2008	055
1975	6	2009	127
2629	9	2520	097
2874	9	2476	089
2770	9	2540	135
2791	9	2476	109
3093	23	12538	138
2845	9	2518	149
1983	6	402	134
2516	9	2517	119
742	15	4990	147
3866	14	3487	131
2592	9	2593	132
8529	23	2989	124
2809	17	5817	142
8863	17	6190	144
4885	17	8813	051
2007	6	2009	091
659	1	341	143
2761	9	2517	122
2615	9	2517	090
2770	9	2540	124
381	1	405	089
3216	12	2155	055
2121	6	402	146
3206	14	4739	070
8863	17	5935	139
2663	17	5816	150
2077	6	2061	050
478	1	444	080
8301	23	3060	113
7073	23	2989	159
2126	6	625	148
2911	10	2720	104
2059	6	2061	044
2845	9	2518	132
8282	23	12519	032
3187	12	2055	120
4586	14	4587	134
3866	14	3487	069
629	1	30	073
205	6	30	107
478	1	444	145
2723	9	2482	107
3206	14	3427	087
1975	6	2009	118
2798	9	2505	133
8779	23	2989	039
2693	11	3087	112
2149	6	29	139
2140	6	2008	019
3225	23	2989	031
2587	9	2588	081
211	1	189	077
3200	12	2055	106
2140	6	2045	012
8301	23	3060	046
2917	9	2593	160
1110	15	5120	122
2168	6	173	065
1975	6	2008	004
4036	14	3498	080
2582	9	2520	092
729	15	4990	117
4347	14	3475	154
2	6	2018	151
2530	9	2517	126
921	1	30	052
729	1	731	076
4805	14	3498	137
2172	6	2009	119
198	1	189	052
4036	14	3498	117
2644	9	2593	121
114	1	116	082
2516	9	2517	148
1956	6	2008	068
4720	14	3717	074
509	6	30	048
4534	14	4535	091
55	6	30	070
3225	12	2155	149
2895	17	5912	091
113	1	46	145
198	1	189	141
8978	17	5816	122
3106	11	3087	015
340	1	381	127
1956	6	2009	117
284	6	2008	047
2785	9	2593	158
211	1	189	072
2587	9	2476	127
3200	12	2055	161
2516	9	2517	129
2105	6	2027	154
733	1	731	103
3093	23	12538	023
8863	17	5816	073
211	1	189	127
2615	9	2476	122
3190	14	3427	076
4586	17	5818	124
396	6	30	087
2080	6	116	095
2644	9	2593	158
1902	23	3074	131
2511	9	2476	120
2917	9	2593	063
1429	6	2027	150
2006	6	29	021
2119	6	2008	065
2632	9	2476	136
588	6	30	035
1958	6	2061	017
284	6	2040	149
3590	14	3591	088
8863	17	5816	145
446	1	405	127
2637	9	2593	116
2127	6	171	142
2791	9	2476	067
1902	23	3074	020
100	6	30	022
8863	17	5816	126
2979	17	6623	112
1922	6	2061	029
2102	6	2008	038
675	1	320	123
1945	6	405	126
215	1	189	013
44	1	46	157
1110	15	5120	030
1860	9	2517	128
2007	6	2008	059
1871	12	170	138
205	15	4990	123
1588	6	30	071
1958	6	2061	065
2615	9	2517	106
198	1	189	139
212	1	189	024
8779	23	2989	063
88	1	90	016
260	1	189	113
2010	6	2008	036
113	6	551	156
2615	9	2593	140
169	6	173	045
1947	6	173	069
211	1	189	064
3225	23	2938	012
2688	9	2517	161
509	6	30	118
1945	6	171	149
198	1	189	072
2077	6	2061	017
1588	6	551	158
478	1	444	045
480	15	4990	108
3232	12	29	142
742	15	4990	110
2511	9	2517	127
921	1	550	132
629	1	30	013
2903	11	3089	156
198	1	189	047
2903	11	3089	064
3233	23	12521	142
2867	9	2517	156
1959	6	2008	073
2845	14	3956	113
44	1	46	138
2773	9	2517	155
199	1	189	115
2903	11	3089	105
199	1	189	151
675	15	5120	097
2020	6	2009	094
3211	12	2120	144
4586	17	5816	143
1957	6	173	057
260	1	189	056
675	15	4990	082
1110	15	5120	003
3225	23	2938	066
4586	14	4587	109
675	1	320	126
44	6	30	022
771	6	30	043
2874	9	2476	090
364	1	28	160
8767	17	8432	141
2822	17	6706	120
1957	6	173	058
113	6	30	108
2809	17	5816	134
2	6	2018	146
2530	14	3431	151
4749	14	3794	074
2587	9	2588	134
8571	23	12518	160
2101	6	2008	038
1958	6	2061	052
629	1	30	050
1975	6	2008	038
3214	12	2120	106
771	6	30	097
2017	6	2008	039
2157	6	2120	151
3866	14	3487	111
3205	12	2055	137
2026	6	30	054
8779	23	2989	016
659	1	341	126
2916	9	2517	134
2605	9	2476	146
205	15	4990	140
2770	9	2482	116
2481	9	2482	145
921	6	30	027
188	1	189	084
2582	9	2520	084
2172	6	2008	079
1956	6	285	007
2770	9	2482	119
195	1	189	054
2131	6	2008	046
2059	6	2061	045
2119	6	2008	041
215	1	189	159
675	15	4990	110
2030	6	2045	011
729	1	731	045
3232	12	29	110
2530	14	3711	132
2003	6	30	048
729	15	4990	152
1894	23	2920	013
2911	20	5762	116
4885	14	3690	046
4534	14	4535	111
2126	6	2008	076
40	6	1439	121
796	15	4990	061
2530	14	3431	051
8779	23	2989	012
2587	9	2476	097
2822	14	3475	132
2140	6	2008	081
2972	10	2924	158
113	6	30	063
260	1	189	017
675	15	5120	075
480	15	5067	084
2791	9	2476	040
771	6	29	154
1983	15	5024	109
2979	10	2924	127
1931	6	116	120
8863	17	5816	070
2140	6	2018	136
260	1	189	135
480	15	4990	135
1871	12	170	161
2127	6	171	025
11201	22	11202	139
2140	6	2045	017
2077	6	2061	038
2035	6	2009	111
2681	9	2476	089
2119	6	2045	035
2867	9	2517	105
2637	9	2593	128
478	1	444	057
919	1	921	100
8301	23	3060	039
3233	12	2009	122
2773	9	2517	110
188	1	189	115
729	1	731	101
2172	6	2018	146
396	6	29	152
2126	6	2008	071
205	6	2019	158
2138	6	2008	049
188	1	189	105
381	6	405	047
771	6	29	145
2129	6	30	120
2021	6	405	092
2099	9	2490	160
2587	9	2588	104
3106	11	3087	080
1957	6	405	101
3143	11	3087	056
2020	6	2009	105
213	1	189	103
399	1	405	096
1983	15	5024	133
3208	12	2120	099
509	6	30	029
675	15	4990	031
19	6	625	158
2172	6	2009	088
2168	6	173	035
2124	6	116	052
2911	10	2720	093
3143	11	3087	138
2909	9	2720	079
113	6	30	091
478	1	444	117
796	15	4990	040
2809	17	5816	153
8824	23	2977	104
2723	9	2517	117
796	15	4990	145
2035	6	2009	086
88	6	30	072
2074	6	173	082
1931	6	116	071
3216	12	2155	132
2693	17	5947	153
1957	6	173	062
2126	6	2008	058
284	1	189	119
2119	6	2045	102
2911	10	2940	121
2007	6	2008	028
2007	6	2008	025
3784	14	3785	159
1860	4	1829	083
113	6	30	088
399	1	402	138
3106	11	3087	064
2911	10	2720	132
2615	9	2593	110
1931	6	116	066
8957	23	2922	127
2121	6	2122	001
396	6	28	135
114	1	115	155
9431	20	5762	149
284	1	189	090
733	1	731	078
1894	23	2920	132
55	6	30	065
8863	17	5935	128
2681	9	2476	158
2483	9	2518	153
4885	17	8813	157
2017	6	2009	097
2077	6	2018	151
2037	6	2009	103
675	15	4990	102
3208	12	2120	143
675	15	5120	055
188	1	189	155
88	6	30	046
2773	9	2517	124
2127	6	171	017
40	6	1439	089
2681	9	2476	082
588	6	30	121
1110	15	5120	087
8863	17	5935	069
480	15	5067	130
2809	17	5817	138
588	1	589	146
3064	23	12505	090
199	1	189	087
771	1	629	035
2077	6	2061	091
2069	6	2018	085
284	6	2045	016
2007	6	2009	081
1912	6	259	075
3206	12	2120	133
8779	23	2989	028
3064	23	12505	129
2917	9	2593	091
3142	14	3512	082
2530	14	3431	070
3187	23	12518	065
8824	23	2977	130
478	1	444	035
2770	9	2540	115
2117	6	2032	149
284	6	2040	111
1958	6	2061	092
8529	23	2989	046
921	6	30	119
2077	6	2061	048
1945	6	171	159
431	1	189	103
3106	11	3087	000
2644	9	2593	068
1945	6	405	109
4	1	627	144
2809	17	5817	155
2140	6	2018	153
3217	12	28	086
3021	10	2924	088
2587	9	2588	143
2105	6	30	047
212	1	189	020
3157	11	3107	151
4	1	5	030
2172	6	2018	153
2883	9	2517	099
284	6	2040	153
1945	6	405	102
113	6	30	045
629	1	28	144
2127	6	171	102
919	1	921	118
733	1	731	121
2845	10	2977	107
3143	11	3087	129
2773	9	2517	134
8824	23	2977	134
199	1	189	136
1958	6	2009	124
2	6	30	077
2030	6	2045	012
8863	17	5816	035
629	1	30	087
2017	6	2008	052
2717	9	2517	122
3143	11	3087	004
1956	6	2009	098
195	1	189	060
2124	6	116	135
8863	17	5817	111
921	1	30	039
2693	14	3468	157
3190	12	2120	150
2867	9	2517	132
2883	9	2482	100
44	6	30	072
2129	6	30	083
44	6	30	071
19	6	2008	053
2035	6	2009	121
3211	12	2120	100
629	1	30	059
3106	11	3087	077
2511	9	2517	130
55	6	30	019
2056	15	4988	007
205	15	4990	041
2911	10	2940	120
2094	6	2103	014
2845	14	3956	132
2815	11	3087	158
3218	12	2018	084
2883	9	2517	121
100	6	29	156
1975	6	2009	128
3214	12	2120	144
2637	9	2593	142
1910	14	3971	134
1959	6	2008	074
4036	14	3498	031
733	1	731	094
44	6	30	011
629	1	30	046
921	6	30	054
2119	6	2045	096
3092	14	4384	160
3214	12	2120	075
8571	23	12518	119
733	1	731	067
2110	6	171	156
8863	17	6190	131
1947	6	173	009
2874	9	2476	018
2101	6	2008	066
742	1	748	138
4534	14	4535	110
2587	9	2476	125
7449	17	7198	149
2903	11	3089	085
1931	6	116	076
2059	6	2061	016
2102	6	2008	037
2481	9	2482	140
2688	9	2517	123
659	1	341	133
1912	6	171	159
260	1	189	087
2770	9	2540	112
197	1	189	043
919	1	921	035
480	15	5067	125
1871	12	2155	028
9408	20	5762	158
260	1	189	137
8824	23	2977	074
113	6	30	092
2663	9	2588	141
509	6	30	101
675	15	5120	088
2663	14	3711	154
2	6	30	091
399	1	402	136
2693	14	3468	138
2	6	30	105
2102	6	2008	041
211	1	189	145
431	1	189	009
8824	23	2977	138
3064	23	12505	141
431	1	189	007
2102	6	2040	087
2030	6	2009	086
55	1	58	154
3425	14	3426	123
2124	6	116	119
100	6	30	018
205	6	2019	155
12469	22	9833	160
2809	9	2705	113
88	1	90	031
431	1	189	053
2124	6	116	036
2655	9	2482	133
2	6	30	107
3106	11	3087	094
1956	6	2008	058
2124	6	116	091
794	1	478	122
2129	6	30	058
2903	11	3089	024
2116	6	2061	015
2592	9	2593	134
196	1	189	001
2105	6	2027	155
3064	23	12505	014
629	1	30	091
7881	20	6706	160
2131	6	2008	061
1860	9	2517	115
2911	10	2720	078
2003	6	30	057
629	1	30	000
2507	9	2476	161
3178	11	3087	134
1473	1	114	137
2090	6	116	039
3217	12	28	008
2693	12	28	024
199	1	189	060
2168	6	173	081
2010	6	2009	108
2637	14	4535	085
675	1	320	136
3216	12	2155	108
659	1	341	081
1110	15	5120	034
3106	11	3087	107
2769	9	2476	086
1975	6	2008	017
921	6	30	018
2808	9	2517	127
2	6	30	125
2681	9	2476	034
2138	6	2008	046
1957	6	405	127
1588	6	30	066
2769	9	2476	127
2003	6	2019	158
2105	6	30	050
2030	6	2008	041
195	1	189	117
1957	6	173	045
2895	9	2517	113
3214	12	2120	123
4885	17	8813	060
3866	14	3487	139
2874	9	2476	009
488	1	28	135
2629	9	2520	151
2903	11	3089	001
396	6	29	155
8571	17	6791	054
3218	12	2018	021
2020	6	2008	059
4586	17	5817	120
3214	12	2120	139
199	1	189	001
428	15	5024	161
3214	12	2120	147
2138	6	2008	029
729	15	4990	133
2911	9	2482	094
2744	9	2593	093
8863	17	5818	043
2744	9	2593	152
3225	23	2989	117
2105	6	2027	138
2587	9	2476	110
2090	6	116	097
2808	9	2517	110
2809	17	5818	122
205	15	4990	161
8204	23	2989	155
675	15	4990	036
3233	23	2977	151
1983	6	402	140
478	1	444	075
2119	6	2045	056
2681	9	2476	104
2010	6	2008	064
431	1	189	071
44	6	30	098
2101	6	2008	072
2637	9	2593	141
2663	17	5935	139
2119	6	2103	016
2615	9	2517	157
659	1	341	059
172	1	402	026
6246	17	6704	159
2141	6	402	136
3233	23	2977	137
2808	10	2924	094
8301	23	3060	093
188	1	189	137
3225	23	2938	014
381	1	405	103
197	1	189	022
2090	6	115	157
2744	9	2593	108
2693	14	3468	137
4	1	5	033
260	1	189	116
211	1	189	156
205	6	2019	148
8204	23	2989	105
3225	23	2938	047
88	1	90	057
2102	6	2095	026
3157	11	3095	148
2116	6	2018	104
4940	14	3428	135
212	1	189	037
1900	10	3042	123
2880	9	2517	159
260	1	189	141
2117	6	2032	152
1956	6	2008	029
2773	9	2517	147
195	1	189	005
3225	23	2938	054
1957	6	173	060
2632	9	2476	131
2587	9	2588	158
8301	23	3060	085
2	6	30	049
2791	9	2476	152
733	1	731	135
480	15	5067	096
1957	6	170	159
44	6	30	107
509	6	30	096
771	6	30	090
3200	12	2055	148
629	1	30	008
428	15	5024	143
675	15	4990	052
2119	6	2120	105
3217	12	28	003
215	1	189	118
2592	9	2593	150
2911	9	2482	105
2909	9	2720	134
1956	6	2009	129
588	6	2146	156
2644	9	2593	038
1975	6	2009	115
428	6	259	056
197	1	189	125
3425	14	3428	131
921	1	550	133
8863	17	6190	129
2102	6	2008	046
3064	23	12505	033
199	1	189	148
3208	12	2120	140
2637	9	2593	135
2157	6	2120	116
2008	9	259	057
396	6	30	119
172	1	402	050
2126	6	2025	133
169	1	173	101
2168	6	173	004
2723	9	2517	115
675	1	320	113
2124	6	116	023
3064	23	12505	098
2126	6	625	145
2172	6	2009	123
2615	9	2476	123
2874	9	2476	141
4227	14	3496	097
2587	9	2476	048
3232	12	29	101
44	6	29	156
2101	6	285	004
2007	6	2009	092
40	6	1439	104
771	6	30	054
8957	23	2922	013
2010	6	2008	067
2693	11	3087	128
2124	6	117	008
1588	6	30	129
2791	9	2476	053
4036	14	3498	157
55	6	29	161
2777	9	2505	140
509	6	30	041
2094	6	2040	099
4582	14	3794	138
2917	9	2593	147
1110	15	5120	065
100	6	30	123
3032	10	2940	156
199	1	189	013
2126	6	2009	090
4582	14	3794	065
2663	17	5818	150
8779	23	2989	076
3206	12	2120	119
509	6	30	086
8957	23	2922	025
3225	23	2989	034
733	1	731	132
8529	23	2989	026
431	1	189	017
2644	9	2593	094
1588	1	276	146
2693	14	3468	142
446	1	259	040
8301	23	3060	146
169	6	405	125
796	15	4990	032
88	1	90	069
2127	6	171	130
3751	14	3495	098
2008	15	4988	027
399	1	402	144
675	6	405	099
8863	17	5816	156
3815	14	3779	077
2785	9	2520	109
2809	9	2705	155
919	1	921	026
1945	6	405	096
2138	6	2018	134
3187	23	12518	097
4534	14	3690	090
1429	6	2027	141
2583	9	2476	127
2105	6	30	123
3200	12	2055	134
629	1	30	016
2094	6	2040	103
8863	17	5818	141
2074	6	171	156
88	1	90	141
83	6	29	145
8438	17	6406	126
1902	23	3074	064
659	1	341	153
1912	15	5024	117
488	1	30	097
8571	23	12518	075
2090	6	116	121
771	1	629	069
3218	12	2018	065
2144	6	2009	129
2693	11	3087	118
2663	17	6190	154
2021	6	405	126
8863	17	5816	056
2644	10	2924	069
169	6	173	052
2105	6	30	124
40	6	1439	131
205	6	30	034
1983	6	405	092
629	1	28	139
2911	10	2940	146
1957	6	173	044
2168	6	173	026
2008	9	259	074
2530	14	3431	160
399	1	405	130
1473	1	114	032
3206	12	2120	124
196	1	189	006
2140	6	2008	052
2003	6	30	109
213	1	189	032
198	1	189	112
2769	9	2476	112
2909	9	2720	140
3200	12	2055	107
2035	6	2009	130
2090	6	116	020
2874	9	2476	017
1588	6	30	101
2119	6	2045	018
188	1	189	069
2110	6	171	149
2845	9	2518	097
742	1	748	118
2777	9	2505	150
2007	6	2008	030
2845	9	2518	133
1910	14	3956	151
2769	9	2476	103
211	1	189	054
2808	10	2924	081
1958	6	2061	068
428	15	5024	120
796	15	4990	000
2017	6	2008	068
12016	22	10956	154
3225	23	2938	070
480	15	4990	053
205	6	2038	007
2116	6	2018	097
2791	9	2476	069
921	6	30	064
729	1	731	051
260	1	189	122
4885	17	8813	106
3068	23	3027	025
2693	12	28	068
675	15	5120	135
8571	23	12518	117
2007	6	2008	067
2035	6	2009	084
3866	14	3487	145
55	1	58	157
3157	11	3095	140
2172	6	2008	042
2105	6	30	030
2808	10	2924	086
2809	17	5935	146
9431	20	5762	145
6555	17	6556	160
3218	12	2018	094
2909	9	2593	134
4586	17	5818	144
1863	23	2940	102
2003	6	2038	014
1902	23	3074	027
1930	15	5024	161
2126	6	625	142
2126	6	2008	032
9431	20	5762	141
198	1	189	078
733	1	731	113
1588	6	30	120
196	1	189	081
3225	23	2938	092
3218	12	2018	127
3211	14	3427	075
2127	6	171	061
2587	9	2588	082
2681	9	2476	060
1902	23	3074	067
3225	23	2938	041
213	1	189	075
1930	15	5024	154
2761	9	2517	157
205	15	4990	104
2688	9	2517	102
2530	14	3431	040
2129	6	30	003
2119	6	2045	094
1473	1	114	047
196	1	189	024
2773	9	2517	133
588	6	30	092
8301	23	3060	068
2663	17	5817	158
2131	6	2008	049
113	6	30	003
2140	6	2009	112
2020	6	2008	035
2777	9	2505	142
921	1	30	049
4684	14	3707	138
3032	23	3060	049
4586	17	5817	123
2010	6	2008	078
2007	6	2009	105
2632	9	2517	150
588	6	30	102
205	6	2019	161
2644	9	2593	123
3216	12	2155	010
733	1	731	072
3093	23	12538	041
2809	17	5816	156
3206	12	2120	105
919	1	921	085
4395	14	3496	097
197	1	189	116
2080	6	116	123
4582	14	3794	144
2126	6	2008	053
1871	12	2155	056
1957	6	173	063
771	1	629	055
3214	12	2120	092
2867	9	2588	123
2693	12	28	067
2	6	2018	132
340	1	341	140
1912	15	5024	161
2077	6	2061	083
1931	6	116	067
2003	6	2038	015
3190	12	2120	102
2903	11	3089	123
2632	9	2476	117
2688	9	2517	133
2157	6	2120	149
2168	6	173	083
2090	6	117	005
4582	14	3794	040
919	1	921	059
2761	9	2517	125
2121	6	405	131
1433	9	2486	161
2010	6	2008	053
2020	6	2018	153
4582	14	3794	151
742	1	748	117
8957	23	2922	033
2026	6	30	053
2744	9	2593	126
3106	11	3087	129
8204	23	2989	045
2105	6	30	012
8779	23	2989	139
2126	6	2009	085
2777	9	2505	151
3225	12	2155	135
1957	6	402	134
3216	12	2155	139
3216	12	2155	131
8301	23	3060	109
2121	6	2122	019
2129	6	30	044
4393	14	3495	149
3211	12	2120	078
2785	9	2593	078
1433	9	2490	161
2007	6	2018	159
1945	6	405	115
2809	9	2705	135
8824	23	2977	036
1922	6	2061	069
2644	9	2593	076
2615	9	2517	099
195	1	189	139
284	6	2040	118
2632	9	2517	139
3225	23	2938	119
2090	6	116	060
211	1	189	070
19	6	2008	066
8583	17	5987	123
2080	6	116	051
1957	6	2055	022
2116	6	2061	011
6986	17	6685	144
2917	10	2942	140
3232	12	29	153
428	6	259	052
212	1	189	160
2077	6	2061	075
3068	23	3027	136
1894	23	2920	092
10751	22	9859	143
44	6	30	100
1975	6	2009	130
3032	10	2940	155
19	6	2008	051
2030	6	2009	120
2911	10	2720	098
1931	6	115	161
205	6	2038	022
1957	6	173	070
2126	6	2008	052
1947	6	173	037
1931	6	116	122
480	15	4990	136
396	6	30	128
2080	6	116	024
675	1	320	152
2511	9	2517	136
2798	20	5762	144
921	6	30	114
3208	12	2120	114
1588	1	262	015
2	6	30	131
2845	14	3956	123
509	6	30	072
2149	6	29	161
2094	6	2040	131
3637	14	3636	007
8824	23	2977	128
213	1	189	155
2785	9	2593	139
196	1	189	156
8301	23	3060	052
796	15	4990	037
2903	12	170	148
796	15	4990	089
4	1	5	133
8863	17	6190	078
2007	6	2009	113
396	6	30	093
8824	23	2977	103
2911	9	2482	092
8779	23	2989	002
4775	14	3495	143
771	6	30	127
188	1	189	134
2	6	30	098
2769	9	2476	129
796	15	4990	048
729	15	4990	121
2020	6	2018	154
629	1	30	042
8824	23	2977	042
2026	6	30	055
4615	14	3737	081
1959	6	2018	149
2909	9	2593	023
215	1	189	038
197	1	189	042
2791	9	2476	137
3034	14	3956	160
3068	23	3027	118
19	6	2009	100
2035	6	2009	083
2077	6	2061	011
431	1	189	100
794	1	478	158
3216	12	2155	121
1860	9	2517	150
3143	11	3087	036
796	15	4990	161
659	1	341	050
2101	6	2040	141
1110	15	5120	098
2808	10	2924	068
2026	6	30	066
2895	9	2517	133
2723	9	2482	145
199	1	189	000
2663	17	5818	130
8978	17	5818	112
2069	6	2018	132
8204	23	2989	023
480	15	5067	095
3178	11	3087	133
100	6	30	038
2530	9	2517	154
444	1	405	119
195	1	189	009
1975	6	625	160
3190	12	2120	156
675	15	5120	114
588	6	30	089
2007	6	2008	049
2168	6	173	005
2726	9	2593	137
88	6	30	064
2090	6	115	153
2105	6	30	067
2056	15	4988	008
2916	9	2517	109
55	6	29	155
488	1	30	125
659	1	341	131
3143	11	3087	076
921	6	30	038
2090	6	116	122
2584	9	2482	159
2099	9	2486	159
44	6	29	159
2020	6	2018	138
2008	15	4988	029
1863	9	2518	156
2809	17	5817	122
2791	9	2476	063
3068	23	3027	000
1871	12	2155	031
260	1	189	033
2693	11	3087	161
1871	12	2155	066
2026	6	2027	137
675	1	320	125
3218	12	2018	083
2693	12	28	073
2149	6	29	158
9283	20	6012	122
8282	23	12519	115
2917	9	2593	065
2770	9	2540	126
2144	6	2018	152
215	1	189	084
2059	6	2060	099
215	1	189	032
2777	9	2505	131
1956	6	2009	083
2693	12	28	133
284	6	2040	142
8779	23	2989	095
2681	9	2476	099
2026	6	30	103
1588	6	29	154
2761	9	2517	143
2127	6	171	006
8863	17	5816	110
729	1	731	142
2909	9	2720	054
2026	6	2027	133
729	1	731	094
2693	12	28	002
742	1	743	146
2030	6	2009	099
2880	9	2517	156
509	6	30	018
729	1	731	050
2530	14	3431	147
729	1	731	160
2592	9	2593	147
1956	6	2008	049
8950	17	6245	100
2911	10	2940	158
2059	6	2060	117
921	6	30	078
3866	14	3487	077
3206	12	2120	075
8301	23	3060	101
1139	1	772	157
675	1	320	149
478	1	444	159
2785	9	2593	119
1912	6	405	120
2101	6	2040	140
205	15	4990	045
2883	9	2482	156
3216	12	2155	019
104	1	74	155
2010	6	2008	076
8204	23	2989	137
197	1	189	075
1957	6	405	110
2744	9	2593	138
100	6	30	082
8863	17	5817	048
213	1	189	049
626	1	46	159
399	1	405	109
921	6	30	019
2605	17	5935	151
8863	17	5817	046
629	1	28	141
28	6	29	150
3214	12	2120	109
2530	14	3431	104
2791	9	2476	073
1863	10	3027	125
2129	6	30	032
3225	23	2989	057
675	15	5120	158
1871	12	2155	012
2094	6	2040	144
4775	14	3496	137
381	6	405	061
3064	23	12505	054
2105	6	30	011
2168	6	173	082
2101	6	2095	020
88	6	30	129
2105	6	30	039
444	1	405	095
8863	17	6190	123
3211	12	2120	084
428	6	259	048
2080	6	116	038
1983	6	405	101
88	6	29	159
729	1	731	139
169	6	405	124
1975	6	625	155
3068	23	3027	055
19	6	2008	054
55	6	30	089
1975	6	2009	085
2178	6	2111	130
114	1	116	110
629	1	30	029
2785	9	2593	123
197	1	189	003
212	1	189	032
2917	9	2593	119
2077	6	2061	028
1959	6	2009	098
4885	17	8813	069
199	1	189	156
172	1	402	121
3232	12	29	022
3106	11	3087	144
3218	12	2018	019
2020	6	2009	129
8957	23	2922	106
399	1	405	097
2124	6	116	105
2808	9	2517	111
3064	23	12505	085
2511	9	2517	113
2006	6	29	156
205	15	4990	068
3214	12	2120	112
8863	17	5816	051
1912	6	259	051
2101	6	2040	157
2530	14	3431	128
480	15	4990	092
1975	6	2008	031
8824	23	2977	064
2903	11	3089	147
1912	6	405	123
2144	6	2018	136
2911	10	2720	130
3064	23	12505	039
3866	14	3487	154
3214	12	2120	110
1956	6	2009	114
2808	9	2517	114
3225	23	2938	002
100	6	30	075
3232	12	29	138
1902	23	3074	090
284	1	285	001
3143	11	3087	095
2	6	30	026
2116	6	2018	109
2138	6	2009	096
1871	12	2155	099
2116	6	2018	117
2874	9	2476	133
2017	6	2018	150
1912	6	259	036
3216	12	2155	100
1588	6	46	133
8282	23	12519	033
3739	14	3496	019
8863	17	6190	087
1866	12	170	088
1894	23	2920	075
2812	9	2517	102
1473	1	114	086
2007	6	2009	121
2773	9	2517	151
205	6	30	042
1871	12	2155	082
196	1	189	096
796	15	4990	019
396	6	30	014
2007	6	2009	093
1947	6	173	007
40	6	1439	139
1912	6	405	089
2867	9	2588	153
480	15	4990	151
88	1	90	038
2911	9	2482	113
212	1	189	156
1588	6	30	079
4659	14	3793	079
2615	9	2476	143
3216	12	2155	070
88	1	90	083
215	1	189	060
2105	6	30	127
675	1	320	084
1910	14	3707	139
1959	6	2009	114
1947	6	2027	144
205	6	30	111
2615	9	2593	109
675	1	320	130
2127	6	171	141
2791	9	2476	142
212	1	189	040
340	6	402	135
2102	6	2008	044
2003	6	30	101
2010	6	2009	104
733	1	731	157
3187	12	2055	159
40	6	1439	147
4395	14	3771	081
381	1	405	116
2059	6	2061	011
4736	14	3495	070
1910	14	3956	141
3093	23	12538	025
2006	6	29	030
2020	6	2008	058
2	6	30	033
2693	11	3087	131
2808	10	2924	097
1871	12	2155	127
2080	6	116	026
363	1	120	143
169	1	171	151
478	1	444	077
478	1	444	076
3232	12	29	126
9167	20	5762	115
2809	17	5817	151
2511	9	2517	153
1957	6	173	039
919	1	921	089
2006	6	29	108
2102	6	2040	142
2867	9	2517	104
8957	23	2922	100
446	1	405	100
4393	14	3495	157
2030	6	2032	143
733	1	731	091
3143	11	3087	086
1902	23	3074	049
659	1	341	038
198	1	189	083
2030	6	2045	016
2681	9	2476	101
197	1	189	055
1871	12	2155	009
2059	6	2061	088
213	1	189	141
2809	17	5935	130
260	1	189	028
2874	9	2476	013
2080	6	116	032
2140	6	2009	111
3093	23	12538	106
199	1	189	064
2037	6	2009	123
11201	22	11202	140
3225	12	2155	161
1900	10	3042	120
3106	11	3087	004
1931	6	116	112
2792	9	2578	153
3232	12	29	018
1894	23	2920	059
509	6	30	032
2077	6	2060	121
2874	9	2476	136
1139	1	773	144
1003	1	589	147
919	1	921	081
396	6	30	082
2138	6	2009	118
1902	23	3074	124
2883	9	2482	107
2101	6	2008	068
3208	12	2120	153
3924	14	3495	079
381	6	405	052
2809	9	2705	128
1588	6	30	013
8282	23	12519	130
197	1	189	028
2785	9	2593	121
169	6	405	107
28	9	29	145
1947	6	173	064
197	1	189	053
1110	15	5120	070
509	6	28	132
2880	9	2517	124
2077	6	2060	116
2808	9	2517	081
3200	12	2055	150
40	6	1439	050
381	1	259	040
1110	15	5120	104
8571	23	12518	088
1947	6	173	058
2583	20	5762	129
2582	9	2520	154
8301	23	3060	100
8824	23	2977	096
675	15	4990	125
428	15	5024	105
1860	9	2517	133
4885	17	8813	020
3211	14	3427	076
2131	6	2009	097
1902	23	3074	055
114	1	116	105
2644	9	2593	105
3866	14	3487	134
44	6	30	092
2530	9	2517	152
3143	11	3087	148
1912	6	259	079
1931	6	116	116
1922	6	2018	092
188	1	189	054
4036	14	3498	088
195	1	189	027
188	1	189	076
2693	14	3468	161
2770	9	2482	131
8824	23	2977	146
2059	6	2060	116
2105	6	30	102
3217	12	28	131
2119	6	2120	112
3233	12	2009	106
629	1	30	045
3197	12	2055	118
3217	12	28	055
2457	20	6706	160
444	1	405	099
446	1	402	145
198	1	189	148
8863	17	5818	156
675	15	5120	049
2056	15	4988	012
2129	6	30	070
260	1	189	147
2909	9	2720	095
2020	6	2009	111
114	1	115	148
40	6	1439	127
1588	6	30	041
4582	14	3794	132
2615	9	2593	090
2809	9	2705	139
8529	23	2989	014
2030	6	2008	033
2589	9	2517	144
1588	1	46	144
2874	9	2476	015
2809	9	2705	104
3211	12	2120	160
2530	9	2476	146
4586	14	4587	122
2911	10	2720	131
3068	23	3027	158
921	1	30	021
2615	9	2593	123
2909	9	2720	152
2874	9	2476	011
771	6	28	134
2809	9	2705	156
2511	9	2476	125
428	6	2055	013
2615	9	2476	124
169	1	173	096
1957	6	2055	026
2688	9	2517	116
626	1	46	157
2020	6	2009	123
2845	10	2977	119
2681	9	2476	033
2809	17	5935	161
3233	23	12521	140
675	6	405	096
2615	9	2517	130
381	1	405	102
2127	6	171	083
1866	12	170	015
2615	9	2476	137
2516	9	2517	128
2119	6	2008	044
3218	12	2018	139
478	1	444	016
40	6	1439	090
3217	12	28	134
675	1	320	145
3068	23	3027	063
1588	1	262	016
1110	15	5120	052
2129	6	30	064
921	1	30	054
2530	14	3431	039
8708	23	12505	124
675	15	4990	091
2917	9	2593	071
8779	23	2989	013
40	6	1439	101
1473	1	114	100
2761	9	2517	148
4885	17	8813	138
114	1	116	103
2811	9	2517	150
3064	23	12505	058
3225	23	2989	058
2530	9	2476	152
8529	23	2989	119
44	6	30	041
3206	14	3427	078
2140	6	2018	161
3157	11	3095	157
2059	6	2061	026
796	15	4990	107
1902	23	3074	054
2723	9	2517	122
2140	6	2045	015
8863	17	5818	085
1922	6	2061	010
2791	9	2476	156
2020	6	2009	086
488	1	28	134
2010	6	2018	140
8824	23	2977	160
2017	6	2009	129
3064	23	12505	156
2723	9	2517	113
2903	11	3089	034
2845	14	3956	099
4036	14	3498	089
399	6	402	138
2587	9	2476	100
396	6	30	036
3233	23	2977	161
2615	9	2593	088
198	1	189	133
3769	14	3496	039
3866	14	3487	081
2663	9	2588	148
4582	14	3523	136
8824	23	2977	062
7893	20	6706	133
1957	6	402	143
2172	6	2018	136
1588	6	29	145
2102	6	2008	069
2903	11	3089	111
2909	9	2593	106
1931	6	116	106
8863	17	5935	122
2792	14	3711	131
9036	17	5896	161
169	6	173	041
2516	9	2517	117
2119	6	2045	161
2168	6	170	159
2874	9	2476	008
205	15	4990	142
921	6	29	136
771	6	30	011
2769	9	2476	064
2719	10	3016	132
2909	9	2593	142
44	6	30	007
2911	10	2720	077
428	6	2055	023
2808	9	2517	117
100	6	30	041
2465	14	3736	118
2017	6	2009	131
2007	6	2009	132
2168	6	173	020
169	6	405	115
1945	6	402	135
3157	11	3107	159
2770	9	2540	125
478	1	444	135
205	6	30	085
2102	6	2008	062
4885	17	8813	028
1894	23	2920	058
2822	9	2529	133
629	1	30	092
284	1	189	082
8204	23	2989	129
3866	14	3487	142
169	1	173	022
8863	17	5818	140
2172	6	2008	001
381	1	259	045
446	1	171	151
2017	6	2018	144
629	1	30	024
1912	6	259	080
1912	6	259	046
2589	9	2517	145
1956	6	2008	045
2020	6	2018	143
2530	14	3431	083
172	1	171	149
2101	6	2095	025
2101	6	2040	139
381	1	405	132
2131	6	2008	022
8957	23	2922	099
2140	6	2008	027
3051	10	2924	023
284	6	2040	114
2911	10	2940	088
2916	9	2517	111
2785	9	2593	138
399	1	405	104
88	6	30	019
1975	6	625	147
659	1	341	073
2129	6	30	073
284	6	285	008
2511	9	2476	150
2874	9	2476	035
2077	6	2061	054
3106	11	3087	117
2911	10	2720	148
12016	22	9574	156
8863	17	5818	108
2178	6	2027	160
1588	6	29	137
1983	6	402	135
3143	11	3087	072
2090	6	116	056
1956	6	2009	109
88	1	90	059
2777	9	2505	157
3208	12	2120	154
212	1	189	152
1588	6	30	039
771	6	30	033
771	6	30	129
2917	9	2593	083
2102	6	2040	088
2026	6	30	056
2773	9	2517	154
2021	6	402	142
2008	15	4988	052
3032	10	2940	149
8863	17	6190	128
2663	17	5818	142
2761	9	2517	108
2845	14	3956	121
2003	6	30	107
396	6	29	159
2791	9	2476	033
8863	17	5935	119
2017	6	2009	112
3064	23	12505	076
44	6	30	070
2077	6	2060	160
2769	9	2476	094
1110	15	5120	080
1429	6	30	068
3064	23	12505	111
4885	17	8813	136
3197	12	2055	150
2124	6	116	018
2911	9	2482	078
2020	6	2008	045
2021	6	405	086
4745	14	4746	137
2883	9	2517	134
3143	11	3087	092
2530	9	2476	141
2530	14	3431	097
2681	9	2476	118
211	1	189	002
88	1	90	096
2744	9	2593	143
2090	6	116	100
4036	14	3498	112
2105	6	30	023
446	1	405	117
381	1	259	058
1931	6	115	140
2909	9	2720	157
199	1	189	127
733	1	731	111
3143	11	3087	140
2811	9	2517	112
919	1	921	078
381	1	405	146
213	1	189	097
2481	9	2482	138
195	1	189	071
1947	6	173	016
1957	6	173	033
1983	6	171	155
3225	23	2938	107
3190	12	2120	080
340	6	402	143
1922	6	2018	109
2126	6	2009	083
2845	10	2977	108
2116	6	2018	143
509	6	30	049
2583	9	2476	129
1894	23	2920	127
2770	9	2540	109
2116	6	2018	159
8204	23	2989	041
3093	23	12538	016
44	6	30	032
8824	23	2977	000
100	6	30	088
2845	10	2977	156
2530	14	3431	107
2059	6	2061	057
2744	9	2593	137
2003	6	30	117
2808	9	2517	115
19	6	2045	011
919	1	921	039
3068	23	3027	139
2010	6	2009	124
2845	9	2518	102
195	1	189	047
2916	9	2517	127
2681	9	2476	155
55	6	29	144
1958	6	2061	071
8301	23	3060	037
2511	9	2517	128
8779	23	2989	137
2020	6	2008	037
198	1	189	025
4582	14	3794	056
2812	9	2517	086
8204	23	2989	033
4	1	5	083
3866	14	3487	103
3187	23	12518	122
675	15	5120	076
3225	23	2989	043
2172	6	2009	092
488	1	30	081
1871	12	2155	000
2055	15	4969	161
114	1	115	152
396	6	30	115
2637	9	2593	108
3218	12	2018	032
8282	23	12519	023
1945	6	405	127
8779	23	2989	113
2074	6	402	134
4885	17	8813	115
3225	12	2155	130
2605	9	2476	143
2909	9	2593	099
2530	9	2517	124
169	6	173	037
2903	12	170	143
1860	10	2932	088
28	6	29	145
2583	9	2476	121
2080	6	115	152
2020	6	2008	072
2809	17	5817	145
2808	9	2517	130
2791	9	2476	094
3187	23	12518	114
8204	23	2989	158
2663	9	2476	158
1930	15	5024	159
1922	6	2018	101
2129	6	30	103
2026	6	30	038
2615	9	2476	118
2809	17	5816	126
480	15	4990	058
2080	6	116	109
1956	6	2040	139
8779	23	2989	064
2119	6	2045	126
2077	6	2060	098
488	1	30	112
2681	9	2476	084
2615	9	2517	091
2017	6	2018	153
675	15	4990	002
771	1	774	150
4663	14	4034	142
2003	6	30	039
3225	23	2989	129
2809	17	5817	156
444	1	405	124
260	1	189	077
2777	9	2505	138
8957	23	2922	043
2845	10	2977	151
169	1	173	115
8863	17	6190	122
113	6	30	021
2	6	2018	140
9166	20	6012	146
3093	23	12538	019
55	6	30	052
3068	23	3027	116
114	1	116	122
588	6	30	088
1849	4	1839	146
2916	9	2517	133
2008	9	259	060
3217	12	28	082
2131	6	2008	047
8779	23	2989	086
2761	9	2517	121
44	6	30	008
1429	6	30	035
1902	23	3074	017
3218	12	2018	114
197	1	189	011
212	1	189	086
3187	23	12518	128
3739	14	3496	022
2791	9	2476	060
8571	23	12518	144
188	1	189	008
113	6	30	106
10751	22	9988	136
729	15	4990	155
8957	23	2922	140
188	1	189	033
2895	20	6706	117
2845	14	3956	159
2822	20	6706	115
8529	23	2989	066
2131	6	2009	119
2911	10	2940	137
2587	9	2588	074
1957	6	2055	027
2138	6	2009	099
213	1	189	094
2770	9	2482	159
2530	14	3711	134
1860	9	2517	112
2808	9	2517	132
2589	9	2517	157
659	1	341	106
8863	17	5816	112
1956	6	2040	142
509	6	30	070
260	1	189	085
446	1	259	051
8863	17	5816	050
2791	9	2476	121
675	15	4990	147
1912	6	259	043
3093	23	12538	029
921	6	46	135
2809	9	2705	145
212	1	189	008
1473	1	114	005
19	6	2045	001
729	1	731	034
2644	9	2593	087
9348	20	6012	117
2909	9	2593	034
172	1	402	084
629	1	30	051
1922	6	2061	018
3214	12	2120	157
729	15	4990	123
88	6	29	149
1894	23	2920	040
2808	9	2517	086
2582	9	2520	069
6234	20	7092	129
1958	6	2061	051
1429	6	2111	132
2681	9	2476	028
4940	14	4363	130
2144	6	2009	091
921	1	30	088
284	6	2040	090
2903	11	3089	060
8571	23	12518	076
3143	11	3087	091
8282	23	12519	090
2845	9	2518	150
2785	9	2593	089
8863	17	5817	072
3068	23	3027	127
4582	14	3794	141
8863	17	5817	081
9308	20	5762	154
428	6	2055	028
3214	12	2120	088
8529	23	2989	035
2615	9	2517	111
4582	14	3523	135
2074	6	402	137
2770	9	2482	153
2035	6	2009	091
12016	22	9579	150
2072	6	29	154
1959	6	2008	053
3635	14	3636	157
8824	23	2977	126
215	1	189	058
3233	23	12521	146
428	6	405	086
2874	9	2476	142
205	15	4990	072
2917	9	2593	075
2126	6	2009	104
675	6	405	090
215	1	189	067
675	15	4990	007
2119	6	2045	041
2812	9	2517	157
2530	9	2517	144
213	1	189	014
4749	14	3793	082
2	6	2061	026
2121	6	2122	007
2979	10	2924	138
1429	6	2027	143
4036	14	3498	083
1110	15	5120	018
2157	6	2120	158
169	1	173	020
284	6	2040	159
2644	9	2593	108
2723	9	2517	107
2	6	30	069
2903	12	170	140
4659	14	3793	077
8282	23	12519	045
44	1	46	145
431	1	189	050
1975	6	2009	105
83	1	58	159
9395	20	6012	148
55	6	30	036
4749	14	3794	079
2119	6	2095	028
1588	6	29	153
2124	6	116	070
195	1	189	025
2126	6	2009	124
19	6	2045	007
8204	23	2989	150
2007	6	2009	115
2131	6	2008	042
2516	9	2517	108
2874	9	2476	080
3051	10	2924	028
3218	12	2018	146
212	1	189	129
1110	15	5120	115
2080	6	116	057
431	1	189	145
172	1	402	008
198	1	189	001
1902	23	3074	096
8957	23	2922	098
4036	14	3498	033
2615	9	2593	125
2726	20	6012	145
1588	6	30	115
921	6	30	101
2615	9	2476	149
4730	14	3717	030
2	6	30	104
742	1	748	104
2592	9	2593	155
478	1	444	095
2723	9	2482	099
2530	14	3431	141
2037	6	2018	158
2077	6	2061	043
2006	6	29	006
796	15	4990	049
629	1	30	001
3064	23	12505	136
4036	14	3498	143
1863	9	2518	158
2017	6	2018	151
7000	17	7001	159
4586	17	5818	160
2867	9	2517	100
3216	12	2155	119
2119	6	2120	093
195	1	189	078
2917	10	2942	116
2812	10	2924	077
1902	23	3074	152
88	1	90	043
215	1	189	001
100	6	30	125
113	6	30	114
2917	10	2942	161
197	1	189	086
6876	20	6706	115
197	1	189	131
921	1	30	066
8571	23	12518	123
446	1	405	119
3894	14	3895	117
1588	6	30	030
1110	15	5120	000
3106	11	3087	158
1902	23	3074	133
4036	14	3498	130
1894	11	3107	153
2822	14	3475	139
2090	6	116	095
2119	6	2045	086
2069	6	2018	157
2530	14	3431	142
3208	12	2120	092
1473	1	114	123
2903	11	3089	015
3187	23	12518	145
1983	6	402	141
2785	9	2520	119
284	6	285	009
2077	6	2061	005
1931	6	116	025
2144	6	2018	159
205	6	30	043
2090	6	115	154
100	6	30	023
88	1	90	134
198	1	189	028
478	1	444	134
1473	1	114	068
2917	10	2942	147
2723	9	2482	139
1473	1	114	049
2131	6	2009	118
3187	23	12518	085
196	1	189	127
1588	6	30	042
1931	6	116	118
3225	23	2938	079
2812	10	2924	106
211	1	189	112
919	1	921	015
8282	23	12519	109
4582	14	3794	023
3218	12	2018	106
2138	6	2008	042
4730	14	3717	031
2809	17	5818	091
3206	12	2120	082
798	1	1005	143
659	1	341	051
3218	12	2018	159
2101	6	2008	061
1922	6	2061	074
3211	12	2120	129
626	1	46	160
2114	15	4988	005
2003	6	30	049
8779	23	2989	027
2632	9	2517	143
1957	6	402	136
2880	9	2517	130
2723	9	2517	131
2903	11	3089	026
83	1	58	135
2867	9	2588	144
113	6	30	076
260	1	189	027
2923	10	2924	117
1947	6	173	056
3187	23	12518	153
2688	9	2517	139
2917	10	2942	106
4	1	5	082
2615	9	2517	119
446	1	405	130
215	1	189	129
2880	9	2517	153
1947	6	405	129
2911	9	2482	143
2909	9	2593	083
2126	6	2066	160
2808	10	2924	069
2911	9	2482	125
2035	6	2009	119
196	1	189	049
3232	12	29	069
509	6	30	061
1945	6	402	139
2880	9	2517	102
8301	23	3060	015
4586	17	5818	156
8204	23	2989	082
3232	12	29	130
2507	9	2476	158
284	6	2040	104
211	1	189	120
197	1	189	119
8863	17	5935	107
1866	12	170	109
2693	12	28	097
9431	20	5762	140
2020	6	2018	133
55	6	30	095
771	6	30	015
921	1	30	012
1957	6	405	106
3635	17	6059	149
2017	6	2018	141
2131	6	2018	139
260	1	189	026
2020	6	2009	093
8767	20	7092	136
2812	10	2924	084
921	6	30	061
2867	9	2517	117
2129	6	30	015
2059	6	2061	024
6876	17	6706	118
2822	9	2529	143
4393	14	3495	160
2035	6	625	149
2008	15	4988	023
2114	15	4988	000
381	6	405	128
3197	12	2055	134
3225	23	2938	017
921	6	30	067
3064	23	12505	123
2587	9	2476	136
2903	12	170	138
8863	17	5935	114
8492	20	6706	123
2119	6	2045	003
2090	6	116	107
1912	15	5024	153
2026	6	30	083
100	6	30	015
1957	6	173	078
2530	9	2517	151
284	6	2040	130
2693	12	28	130
1959	6	2008	036
197	1	189	136
28	6	29	161
2117	6	2032	137
1910	14	3956	138
83	1	58	146
2770	9	2540	155
399	6	171	147
2026	6	30	059
55	6	30	078
2769	9	2476	123
284	6	2040	137
2105	6	2027	153
2123	9	2486	159
2761	9	2517	137
1956	6	2008	062
2127	6	171	111
919	1	921	038
8571	23	12518	049
2119	6	2045	009
629	1	30	004
196	1	189	142
3064	23	12505	038
188	1	189	127
211	1	189	128
3178	11	3087	145
211	1	189	124
3218	12	2018	024
2465	14	3495	129
211	1	189	073
2867	9	2588	156
3208	12	2120	082
8863	17	5818	036
2895	9	2517	152
169	6	405	132
3143	11	3087	035
2883	9	2482	130
2126	6	2009	091
3068	23	3027	023
480	15	5067	124
55	6	29	150
113	6	30	048
198	1	189	019
3637	14	3636	009
2105	6	30	121
2020	6	2009	090
3232	12	29	066
169	6	173	055
2770	9	2540	114
2138	6	2008	031
1860	10	2932	095
2874	9	2476	157
2655	9	2482	143
796	15	4990	110
2483	9	2518	155
9397	20	6706	152
1863	9	2518	161
2693	12	28	010
261	1	262	015
3068	23	3027	013
2874	9	2476	138
3064	23	12505	106
4347	14	3475	158
205	15	4990	108
4602	14	3496	150
1871	12	170	160
2822	9	2529	139
4227	14	3496	096
2157	6	2120	121
588	6	30	085
2723	9	2482	149
4582	14	3794	109
44	6	30	054
796	15	4990	095
2080	6	116	067
1871	12	2155	050
215	1	189	125
215	1	189	019
2172	6	2008	071
7000	17	5947	158
205	15	4990	046
2791	9	2476	122
2979	17	5816	150
444	1	405	130
771	1	629	136
169	6	402	146
2077	6	2061	070
2911	10	2940	107
2809	17	5817	152
2615	9	2593	160
3093	23	12538	062
1947	6	173	080
2723	9	2517	158
381	6	405	075
3233	12	2009	130
169	6	405	113
2770	9	2482	133
2102	6	2040	154
588	6	30	111
19	6	2009	083
2007	6	2009	096
3225	23	2938	065
659	1	341	141
3106	11	3087	138
2059	6	2060	102
44	6	30	039
396	6	30	091
3093	23	12538	132
3170	17	5947	154
2129	6	30	022
28	1	29	138
3866	17	6268	047
2020	6	2018	144
260	1	189	125
55	6	30	035
3157	11	3095	144
1429	6	30	091
2979	17	6245	106
4582	14	3794	071
2010	6	2009	123
3216	12	2155	047
428	15	5024	124
8863	17	5935	072
205	15	4990	151
771	1	629	096
729	1	731	079
1958	6	2128	160
2074	6	405	091
1947	6	405	116
8824	23	2977	102
2119	6	2120	131
2693	12	28	063
2127	6	171	016
2785	9	2520	140
2020	6	2008	061
195	1	189	137
396	6	30	053
284	6	2008	073
2911	9	2482	102
2874	9	2476	149
8779	23	2989	014
2	6	2061	020
2874	9	2476	106
2530	14	3431	050
488	1	30	076
3206	12	2120	090
1860	9	2517	110
198	1	189	073
428	6	171	152
1958	6	2170	132
3032	10	2940	088
2589	14	4898	119
8204	23	2989	007
3143	11	3087	031
3208	12	2120	121
2744	9	2593	084
4730	14	3717	028
4154	14	4155	145
3092	11	3100	160
3200	12	2055	092
675	6	171	148
3200	12	2055	117
2791	9	2476	075
2059	6	2060	161
3233	23	2977	150
4885	17	8813	071
1983	6	171	159
1912	15	5024	120
3178	11	3087	152
213	1	189	154
2744	9	2593	129
629	1	30	061
2483	9	2518	151
675	15	4990	138
114	1	116	087
2644	9	2593	066
771	6	30	120
1912	15	5024	148
675	15	5120	141
3093	23	12538	095
2105	6	30	126
2809	17	5816	143
675	15	5120	093
2481	9	2482	115
2094	6	2095	026
1947	6	173	013
1910	14	3956	131
1947	6	173	012
8863	17	5816	064
3106	11	3087	133
1851	10	3012	147
3178	17	5953	159
1866	12	170	013
2126	6	2008	055
729	15	4990	089
2021	6	405	113
381	1	259	077
2129	6	30	037
260	1	189	065
8301	23	3060	094
2008	9	259	068
2119	6	2120	128
729	15	4990	112
2138	6	2018	157
8957	23	2922	133
588	6	30	054
1959	6	2018	132
1931	6	116	028
2074	6	405	127
629	1	30	082
2129	6	30	071
2080	6	116	115
3637	14	3636	003
8779	23	2989	011
215	1	189	026
2116	6	2061	028
2719	9	2720	157
3232	12	29	042
2785	9	2520	123
2663	17	5817	139
113	6	30	059
3197	12	2055	158
2119	6	2045	098
2	6	2018	158
3051	10	2924	026
3157	11	3107	149
2663	9	2476	147
2006	6	29	146
1958	6	2009	101
2867	9	2517	123
2102	6	2008	067
2183	9	2486	161
8863	17	5818	080
921	1	30	028
2530	14	3431	137
211	1	189	117
2744	10	2924	077
2688	9	2517	156
196	1	189	130
4	1	626	149
742	1	748	093
3216	12	2155	085
381	6	405	033
675	1	320	128
3143	11	3087	018
446	1	405	085
11693	22	10615	161
195	1	189	037
8863	17	5816	036
431	1	189	067
675	15	4990	042
88	6	30	079
2020	6	2008	064
399	1	405	116
8863	17	5818	079
2168	6	173	007
428	6	2055	017
2124	6	116	015
8863	17	5816	139
2917	9	2593	069
2693	14	3468	140
2017	6	2008	044
4663	14	4034	143
2101	6	2040	095
3225	23	2938	036
2615	9	2593	133
1975	6	2008	001
211	1	189	036
2811	9	2517	114
169	6	173	075
2516	9	2517	138
2119	6	2120	097
8863	17	6190	090
2077	6	2060	155
3205	20	6012	153
195	1	189	086
2644	9	2593	053
2773	9	2517	095
1947	6	173	008
729	15	4990	147
114	1	116	135
11201	22	9756	152
213	1	189	105
396	6	30	094
588	6	30	104
198	1	189	129
3217	12	28	033
1983	15	5024	107
1956	6	2095	020
3225	23	2938	021
215	1	189	105
198	1	189	010
8863	17	5818	138
211	1	189	121
1871	12	2155	073
2003	6	30	043
2589	9	2517	126
3187	23	12518	070
2131	6	2018	160
2880	9	2517	139
2119	6	2045	019
2911	9	2482	090
1912	15	5024	147
4749	14	3794	082
2172	6	2009	112
195	1	189	118
2809	17	5818	120
260	1	189	059
8571	23	12518	054
509	6	30	089
2080	6	116	064
2916	9	2517	129
3233	23	2977	129
3216	12	2155	002
10751	22	9579	150
2074	6	173	085
2080	6	117	012
3208	12	2120	131
2615	9	2593	117
1931	6	116	124
2845	14	3956	138
431	1	189	074
2116	6	2018	155
675	15	4990	038
2138	6	2009	089
2030	6	2009	089
478	1	444	118
2916	9	2517	108
480	15	4990	008
2003	6	30	024
8779	23	2989	101
1983	15	5024	101
3206	12	2120	096
3064	23	12505	107
2090	6	116	018
919	1	921	057
2021	6	405	120
2077	6	2061	047
2874	9	2476	026
2007	6	2009	087
2114	15	4988	002
2637	9	2593	139
2916	9	2517	157
198	1	189	068
446	1	259	033
3866	14	3487	084
3200	12	2055	149
3217	12	28	105
188	1	189	042
2006	6	29	086
2030	6	2009	122
742	1	748	102
659	1	341	083
340	1	381	125
2127	6	171	128
4347	14	3475	153
3143	11	3087	015
3106	11	3087	155
2037	6	2009	125
1110	15	5120	106
340	1	341	136
2769	9	2476	098
2681	9	2476	122
205	6	30	095
4586	17	5817	152
1473	1	114	001
2769	9	2476	092
4586	17	5817	158
2909	9	2720	032
169	1	173	019
8204	23	2989	094
3225	23	2938	027
4154	14	4156	132
4586	14	4587	117
169	1	173	013
3225	23	2989	097
2917	10	2942	078
2020	6	2018	151
3068	23	3027	104
3218	12	2018	010
2059	6	2061	020
428	6	171	153
88	6	30	013
2644	10	2924	054
2172	6	2008	025
396	6	29	147
509	6	30	065
1957	6	171	158
2883	9	2517	136
2880	9	2517	149
2131	6	2008	048
1866	12	170	057
431	1	189	088
2773	9	2517	098
2663	17	6190	145
1871	12	2155	004
212	1	189	092
2663	17	5818	147
2003	6	30	050
675	15	5120	048
2007	6	2009	126
2080	6	116	097
2127	6	171	041
4691	14	3860	034
2511	9	2517	111
2	6	29	160
2785	9	2593	110
921	6	30	022
3216	12	2155	068
4582	14	3794	014
2769	9	2476	105
2007	6	2018	152
1893	23	2947	160
2785	9	2520	116
3225	23	2938	035
742	1	748	096
3232	12	29	073
2605	9	2476	156
2903	11	3089	061
2010	6	2008	058
729	1	731	098
8301	23	3060	066
40	6	1439	114
399	1	405	102
1003	1	956	156
213	1	189	043
2121	6	402	142
114	1	117	004
3187	23	12518	106
3106	11	3087	059
480	15	4990	000
2880	9	2517	113
659	1	341	046
446	1	405	118
211	1	189	022
771	1	629	105
1902	23	3074	066
113	6	30	018
2	6	2018	153
4395	14	3496	100
2688	9	2517	134
921	6	30	014
2808	10	2924	071
2101	6	2040	104
212	1	189	105
3751	14	3752	093
2124	6	116	104
2744	9	2593	120
446	1	405	098
284	6	285	007
2792	9	2578	132
399	1	171	155
1429	6	171	158
2615	9	2593	146
2917	9	2593	050
2020	6	2008	068
8154	20	7092	126
213	1	189	082
1110	15	5120	007
2121	6	405	104
3032	10	2940	159
114	1	116	081
2917	9	2593	125
675	15	5120	096
509	6	30	123
626	6	46	158
2008	9	259	079
1860	9	2517	157
2903	11	3089	112
2026	6	2027	159
2681	9	2476	021
1958	6	2061	030
675	15	4990	092
3216	12	2155	128
2105	6	30	112
4395	14	3496	095
1931	6	116	094
675	6	405	125
3143	11	3087	080
1975	6	2008	015
188	1	189	059
2644	9	2593	035
431	1	189	112
675	6	402	139
2168	6	173	015
2681	9	2476	031
2909	9	2593	153
2129	6	30	059
2812	9	2517	154
1110	15	5120	004
4036	14	3498	008
3062	10	2924	072
8529	23	2989	091
8863	17	5935	105
2693	12	28	094
1910	14	3956	127
40	6	1439	102
8204	23	2989	098
2090	6	116	084
1889	23	2922	160
2903	11	3089	152
2785	9	2593	126
2589	9	2517	134
3190	12	2120	145
8301	23	3060	069
1958	6	2170	135
2530	14	3431	047
4602	14	3496	144
2909	9	2720	047
488	1	30	130
169	6	173	043
205	6	2038	016
3751	14	3495	103
7382	17	6685	103
1902	23	3074	145
381	6	405	057
284	1	189	134
88	1	90	004
2637	9	2593	130
11201	22	2157	148
588	6	30	061
9105	17	6066	136
3143	11	3087	127
771	1	629	097
796	15	4990	062
2481	9	2482	119
588	6	2146	155
114	1	115	160
8204	23	2989	029
2909	9	2720	037
19	6	2009	127
100	6	30	030
1902	23	3074	046
2008	9	259	058
340	6	405	125
2972	10	2924	159
2632	9	2476	113
919	1	921	070
1957	6	405	123
3769	14	3496	048
114	1	116	104
3068	23	3027	097
2144	6	2009	088
6876	20	6706	117
4036	14	3498	108
1956	6	2008	048
113	6	30	129
205	15	4990	051
1588	6	30	027
3866	14	3487	135
2637	9	2593	149
8571	23	12518	157
1959	6	2018	157
169	6	173	005
1958	6	2170	133
2020	6	2009	102
212	1	189	080
4036	14	3498	006
211	1	189	122
3197	12	2120	101
2615	9	2476	144
2909	9	2720	013
2845	9	2518	160
1956	6	2040	157
212	1	189	043
2693	12	28	036
19	6	2008	035
3218	12	2018	012
3208	12	2120	106
212	1	189	096
2874	9	2476	103
2021	6	402	141
2845	10	2977	125
2126	6	625	134
3063	10	2924	147
3866	14	3487	071
88	6	30	000
205	15	4990	003
4720	14	3495	082
7893	20	6706	143
2056	15	4988	014
2020	6	2008	022
1894	23	2920	041
2812	9	2517	139
2792	9	2578	143
1894	23	2920	113
4736	14	4044	085
2791	9	2476	106
3204	20	6780	161
196	1	189	034
2530	14	3431	138
196	1	189	082
8529	23	2989	040
2090	6	116	074
921	1	30	030
212	1	189	140
1110	15	5120	049
2911	9	2482	132
3866	14	3487	124
675	6	402	136
28	6	29	152
1922	6	2061	039
8863	17	5818	147
2791	9	2476	126
2121	6	171	147
3205	12	2055	145
7446	20	6780	147
1860	10	2932	094
8492	20	6706	116
2127	6	171	143
4586	17	5816	151
2102	6	2103	016
3225	23	2938	009
2917	9	2593	153
675	15	4990	056
2774	11	3107	152
588	6	30	051
381	1	405	093
3225	23	2989	132
2483	9	2518	159
431	1	189	062
2663	14	3712	148
2127	6	171	020
921	6	30	121
3187	23	12518	060
8204	23	2989	017
3214	12	2120	155
2117	6	2032	145
40	6	1439	076
2003	6	30	054
509	6	30	002
2119	6	2120	110
113	6	30	068
260	1	189	004
198	1	189	093
2059	6	2018	152
1860	10	2940	085
794	1	478	157
629	1	30	129
40	6	1439	044
9012	17	5817	114
2744	9	2593	114
1902	23	3074	042
2812	10	2924	110
4736	14	4044	088
1947	6	2027	155
2587	9	2476	077
2909	9	2720	022
2119	6	2045	143
1473	1	114	027
2530	14	3431	016
399	1	171	150
197	1	189	092
921	1	30	032
2144	6	2009	118
100	6	30	063
284	1	189	106
428	6	405	116
2126	6	2009	126
3197	12	2055	156
2592	9	2593	118
2127	6	171	056
3170	17	7418	158
3216	12	2155	140
1110	15	5120	138
2845	14	3956	145
488	1	30	073
198	1	189	142
2119	6	2008	061
2102	6	2040	097
172	1	402	074
2911	9	2482	095
4	1	5	126
2717	9	2517	110
3068	23	3027	161
431	1	189	126
2110	6	171	152
4602	14	3496	147
2917	9	2593	120
213	1	189	140
1947	6	2027	138
2030	6	2009	127
40	6	1439	120
1912	15	5024	104
8863	17	6190	139
1945	6	405	087
2	6	30	053
2124	6	115	145
4582	14	3794	107
659	1	341	068
431	1	189	015
2909	9	2593	009
675	15	5120	140
796	15	4990	131
2105	6	2027	133
2909	9	2720	123
213	1	189	072
212	1	189	133
1588	6	30	109
88	1	90	139
8282	23	12519	035
729	1	731	108
4646	14	3544	118
2481	9	2482	149
2909	9	2593	055
742	15	4990	118
1975	6	2009	117
188	1	189	153
2124	6	115	151
340	6	402	147
729	1	731	038
2094	6	2040	093
19	6	2009	101
921	6	30	053
2101	6	2040	081
2809	17	5816	144
480	15	4990	068
2144	6	2018	161
1975	6	2009	086
4749	14	3794	065
199	1	189	120
478	1	444	101
2845	14	3956	152
2867	9	2588	125
169	6	2042	161
2655	20	7092	156
3225	23	2989	070
2481	9	2482	122
2809	17	5817	109
284	6	2008	071
2516	9	2517	101
2874	9	2476	119
2172	6	2008	035
2773	9	2517	119
2119	6	2120	098
2121	6	405	124
2693	12	28	083
921	1	30	042
2909	9	2720	067
2003	6	30	116
2530	9	2517	158
2178	6	30	121
113	6	30	069
3064	23	12505	125
2129	6	30	027
4036	14	3498	001
8863	17	5816	133
8779	23	2989	020
2909	9	2720	003
2126	6	2008	037
3093	23	12538	107
2	1	3	161
1957	6	173	068
4586	17	5935	154
428	6	402	136
4885	17	8813	045
3218	12	2018	053
2808	9	2517	148
1473	1	114	045
9308	20	5762	156
2168	6	173	003
428	6	405	106
2644	9	2593	110
3233	23	12521	159
212	1	189	054
1871	12	170	155
4659	14	3793	070
4736	14	3496	059
381	1	405	136
2769	9	2476	128
2105	6	2027	143
2809	17	5817	118
675	15	4990	035
2770	9	2540	152
2105	6	30	000
1894	23	2920	133
1860	9	2517	151
2172	6	2008	040
2917	9	2593	082
114	1	116	040
2080	6	116	119
509	6	30	076
1433	15	4969	161
921	1	30	098
188	1	189	161
4036	14	3498	002
588	6	30	062
2008	15	4988	059
1912	15	5024	142
2822	9	2529	118
2090	6	115	146
8863	17	5816	153
2917	9	2593	095
83	1	58	151
2587	9	2588	098
260	1	189	062
2911	10	2720	114
2916	9	2517	141
8529	23	2989	022
8301	23	3060	051
1911	23	12505	098
3178	11	3087	161
260	1	189	088
2927	10	2932	139
2744	10	2924	078
2072	6	29	160
1912	6	405	111
1958	6	2170	148
2798	9	2505	160
9288	20	5762	116
3064	23	12505	034
195	1	189	149
55	6	30	123
1958	6	2061	085
2808	9	2517	133
19	6	2009	105
98	5	2003	160
742	1	748	134
3106	11	3087	142
3187	23	12518	148
284	1	189	133
2102	6	2040	120
446	1	259	052
509	6	30	092
1922	6	2061	044
169	6	171	156
2811	9	2517	111
1902	23	3074	034
3217	12	28	037
8301	23	3060	079
284	6	2040	107
2582	9	2520	094
1871	12	2155	088
2003	6	30	038
195	1	189	065
8282	23	12519	091
2101	6	2040	151
771	6	30	047
798	1	591	154
2615	9	2593	132
444	1	405	114
4953	14	3523	097
4	1	5	115
2530	14	3431	073
1902	23	3074	121
1983	6	171	157
8824	23	2977	054
2131	6	2009	110
2792	9	2578	156
2663	17	5818	141
3225	23	2989	085
8154	20	7092	118
44	6	30	048
3232	12	29	086
2126	6	2008	065
2845	9	2518	093
2629	9	2520	136
8779	23	2989	124
195	1	189	138
2681	9	2476	022
2792	9	2578	140
188	1	189	068
3217	12	28	030
919	1	921	116
2116	6	2018	142
2007	6	2009	107
88	1	90	003
675	15	5120	122
12016	22	9574	160
8824	23	2977	132
2059	6	2061	023
1860	10	2932	096
396	6	30	054
626	6	46	161
3106	11	3087	137
1956	6	2008	035
3218	12	2018	017
2138	6	2009	094
2077	6	2060	161
2587	9	2588	073
213	1	189	147
8863	17	5817	138
2116	6	2061	013
796	15	4990	153
2077	6	2061	036
2744	9	2593	139
2845	14	3956	101
2761	9	2517	147
742	15	4990	158
3205	12	2055	151
2020	6	2009	131
4749	14	3794	063
2035	6	2009	099
2129	6	30	008
2119	6	2045	106
2923	10	2924	132
2077	6	2061	066
3068	23	3027	048
2895	9	2517	121
2911	10	2940	128
1930	15	5024	156
2808	9	2517	098
2883	9	2517	122
2773	9	2517	109
2681	9	2476	133
2811	9	2517	157
1473	1	114	030
4885	17	8813	155
2895	9	2517	147
2102	6	2095	022
172	1	402	009
199	1	189	125
1588	6	30	089
444	1	405	125
1110	15	5120	028
9423	20	6706	145
2587	9	2588	076
100	6	28	131
2644	9	2593	086
771	1	629	049
2744	9	2593	085
88	1	90	036
44	6	30	014
2140	6	2045	000
4586	14	4587	131
4582	14	3794	130
4586	17	5818	121
675	15	5120	038
2026	6	2027	151
2124	6	116	063
2129	6	30	128
2867	9	2517	134
260	1	189	021
3232	12	29	157
169	6	402	142
1922	6	2018	153
1910	14	3707	136
1957	6	405	089
40	6	1439	106
3815	14	3495	094
1983	6	402	133
1902	23	3074	084
4582	14	3794	024
2138	6	2008	020
3232	12	29	036
10751	22	9592	145
659	1	341	104
2530	9	2517	132
588	1	590	142
2069	6	2018	147
2094	6	2040	079
2880	9	2517	131
4691	14	3495	022
1860	9	2517	102
40	6	2055	024
509	6	30	027
3225	23	2938	105
3216	12	2155	124
1931	6	116	088
1902	23	3074	059
478	1	444	020
2102	6	2095	027
1912	6	405	127
2131	6	2018	142
40	6	1439	053
3093	23	12538	140
114	1	116	042
4730	14	3717	021
2723	9	2482	129
488	1	30	089
2119	6	2120	087
1900	10	3043	141
1975	6	2025	132
215	1	189	128
478	1	444	008
629	1	30	107
2761	9	2517	158
199	1	189	033
7497	20	6780	147
8529	23	2989	138
2917	10	2942	125
198	1	189	098
8863	17	5816	090
2080	6	116	082
284	6	2008	040
199	1	189	124
169	6	173	016
2007	6	2018	150
8863	17	6190	096
2681	9	2476	140
1893	23	2947	143
199	1	189	116
4	1	5	107
3225	23	2938	011
169	6	173	026
2119	6	2045	082
260	1	189	083
2007	6	2008	065
9268	20	6706	116
8204	23	2989	102
2094	6	2104	018
2119	6	2008	043
2131	6	2008	066
8779	23	2989	046
2605	9	2476	158
3232	12	29	041
40	6	1439	062
381	1	259	076
2583	9	2476	159
2911	9	2482	079
675	6	405	087
919	1	921	112
260	1	189	115
212	1	189	021
431	1	189	132
8779	23	2989	015
2911	9	2482	099
4914	14	3741	011
40	6	2055	027
2587	9	2588	123
1473	1	114	044
2105	6	30	118
2121	6	2122	004
2017	6	2009	085
2168	6	173	034
2006	6	29	020
3093	23	12538	042
2172	6	2018	138
3093	23	12538	088
2077	6	2018	140
2880	9	2517	143
55	6	30	031
19	6	2044	135
2020	6	2009	088
2105	6	30	031
444	1	405	121
8863	17	5818	150
8282	23	12519	039
2003	6	30	072
2116	6	2018	157
2874	9	2476	021
3197	12	2055	136
3217	12	28	098
205	15	4990	152
396	6	30	123
3214	12	2120	132
2773	9	2517	140
2809	17	5818	153
213	1	189	101
3106	11	3087	104
44	6	30	037
113	6	30	120
205	15	4990	040
3214	12	2120	100
2724	9	2476	160
733	1	731	128
8863	17	5816	075
2138	6	2009	121
169	1	173	121
3225	23	2989	007
188	1	189	047
2809	17	5816	151
4885	14	3690	061
1473	1	114	158
3225	23	2938	060
2785	9	2520	137
3063	10	2924	144
2017	6	2008	032
2917	10	2942	080
7881	20	6780	159
399	1	405	120
796	15	4990	044
2127	6	171	002
2629	9	2520	159
3924	14	3925	085
8492	20	6706	121
2791	9	2476	105
2663	17	6190	133
2883	9	2482	115
8863	17	5935	145
2773	9	2517	096
431	1	189	003
2127	6	171	098
2	6	30	036
4749	14	3793	081
444	1	405	107
2874	14	3493	006
2530	9	2517	123
2035	6	2009	120
2030	6	2009	081
2138	6	2008	063
2	6	30	068
729	15	4990	097
3216	12	2155	049
4347	14	3475	152
2809	9	2705	120
2008	15	4988	069
2845	9	2518	130
1912	15	5024	131
675	15	5120	110
4736	14	3495	069
675	15	5120	134
2917	9	2593	089
2172	6	2018	151
2911	10	2720	123
675	15	5120	033
2138	6	2009	100
2681	9	2476	134
7024	17	5817	080
2845	10	2977	128
428	6	402	146
211	1	189	038
3218	12	2018	020
2809	17	5817	098
588	6	30	041
1956	6	2095	023
2124	6	116	121
44	6	30	004
1931	6	115	156
1894	23	2920	031
2909	9	2593	045
1110	15	5120	123
2124	6	116	038
729	1	731	090
2119	6	2008	064
4	1	5	125
2530	14	3431	131
8863	17	5935	156
2605	9	2476	161
88	6	30	069
1902	23	3074	126
2785	9	2520	122
2141	6	402	142
0	1	625	155
2516	9	2517	146
2077	6	2018	132
284	6	2008	030
2168	6	173	023
1473	1	114	105
2717	9	2517	121
675	15	5120	045
2124	6	115	141
742	1	748	100
2895	9	2517	139
2785	9	2593	101
2917	10	2942	143
188	1	189	144
8204	23	2989	059
2916	9	2517	156
2809	17	5935	139
2507	9	2476	159
431	1	189	119
428	6	402	133
4036	14	3498	063
2119	6	2120	096
2909	9	2593	036
1912	6	405	092
2131	6	2008	019
2811	9	2517	151
921	1	30	106
8571	23	12518	143
261	1	262	012
1866	12	170	012
2157	6	2120	160
8863	17	5817	056
509	6	30	106
2845	14	3956	135
3143	11	3087	069
1889	23	2922	159
169	6	405	106
197	1	189	068
1959	6	2018	161
1473	1	114	063
2003	6	30	110
2121	6	171	157
3218	12	2018	143
2074	6	171	154
2511	9	2517	157
659	1	341	134
2583	9	2476	132
3064	23	12505	124
2006	6	29	022
921	6	30	010
2637	9	2593	089
2172	6	2009	084
2582	9	2520	079
509	6	30	051
2124	6	115	152
2822	9	2529	125
588	1	590	144
2144	6	2018	139
1957	6	405	104
188	1	189	091
431	1	189	160
212	1	189	119
2138	6	2008	079
169	6	405	121
2927	10	2932	142
2003	6	30	033
8779	23	2989	126
2688	9	2517	118
2077	6	2060	112
794	1	478	148
3225	23	2938	089
2584	9	2482	160
2917	9	2593	104
2583	9	2476	143
2798	9	2505	153
2140	6	2008	034
2172	6	2009	103
921	6	550	131
2663	17	5935	131
381	6	405	102
205	15	4990	127
588	6	2145	133
921	1	30	097
2121	6	405	105
4	1	5	065
1588	6	550	132
260	1	189	052
3068	23	3027	026
428	15	5024	107
2168	6	173	038
2717	9	2517	113
4582	14	3794	072
1871	12	2155	059
2059	6	2060	100
1922	6	2061	037
1956	6	2040	143
2979	10	2924	143
2021	6	405	088
2105	6	2027	152
28	1	29	137
2770	9	2540	134
1894	23	2920	074
1956	6	2045	013
2785	9	2593	115
629	1	28	158
1902	23	3074	035
659	1	341	140
2880	9	2517	129
1902	23	3074	146
3214	12	2120	086
2589	9	2517	143
9395	20	5762	146
1922	6	2018	128
2874	9	2476	143
8863	17	6190	111
2080	6	116	091
88	6	30	122
381	6	405	104
1957	6	171	155
197	1	189	160
742	1	748	082
169	6	402	140
675	15	4990	101
2812	10	2924	079
213	1	189	161
1931	6	116	039
2007	6	2008	039
2511	9	2476	134
8863	17	5817	066
1473	1	114	102
2	6	30	067
1894	11	3107	151
1893	23	2947	155
113	6	29	149
2021	6	402	136
2101	6	2008	034
3106	11	3087	112
2917	10	2942	117
921	6	30	013
2119	6	2045	057
2867	9	2588	120
444	1	405	089
2909	9	2593	012
2773	9	2517	126
675	1	320	121
2677	15	4969	159
2909	9	2720	154
3093	23	12538	048
659	1	341	049
2903	11	3089	151
2809	17	5817	107
4	1	5	053
113	6	30	004
2629	9	2520	131
428	6	405	090
509	6	2146	158
2138	6	2008	069
172	1	402	141
3756	14	3433	072
2874	9	2476	039
2172	6	2008	010
2770	9	2482	137
2126	6	2008	023
396	6	30	056
8204	23	2989	030
659	1	341	037
2007	6	2009	120
215	1	189	049
3064	23	12505	053
364	1	28	153
28	9	29	149
2917	9	2593	051
3718	14	3495	038
2020	6	2018	161
588	6	30	118
2010	6	2018	151
88	6	30	059
40	6	1439	092
8824	23	2977	111
675	1	320	138
2003	6	30	098
446	1	405	087
588	1	589	148
2791	9	2476	047
480	15	4990	026
8301	23	3060	018
2006	6	29	160
629	1	30	030
2129	6	30	092
2116	6	2018	133
659	1	341	077
588	6	30	123
2917	10	2942	160
2809	17	5818	092
2131	6	2018	136
363	1	120	150
2035	6	625	139
2663	17	5816	154
2785	9	2593	145
284	1	189	149
6876	20	6706	118
3217	12	28	048
8571	23	12518	134
1922	6	2061	034
2903	11	3089	023
2917	9	2593	062
2632	9	2517	161
2809	17	5817	108
8548	17	6169	142
4036	14	3498	044
4586	17	5818	155
8571	23	12518	094
2020	6	2008	020
211	1	189	040
921	6	30	024
2003	6	2038	023
1922	6	2061	066
2141	6	402	138
88	1	90	101
2811	9	2517	149
2008	15	4988	025
2056	15	4988	013
2140	6	2008	030
1958	6	2009	106
8282	23	12519	105
364	6	29	161
113	6	30	009
7446	20	6780	138
8863	17	5935	110
1912	6	259	076
1959	6	2018	141
284	6	2008	050
3214	12	2120	134
3217	12	28	104
675	15	4990	148
197	1	189	144
3205	20	6012	149
2663	9	2476	159
2030	6	2008	075
2681	9	2476	036
2129	6	30	056
796	15	4990	150
1922	6	2018	154
1931	6	116	049
2681	9	2476	145
1429	1	747	159
340	1	341	135
88	1	90	039
3093	23	12538	100
399	1	402	147
2138	6	2018	132
1945	6	405	111
3225	23	2938	118
771	1	629	100
8282	23	12519	017
2615	9	2517	087
3093	23	12538	049
8863	17	6190	115
198	1	189	002
2693	11	3087	151
2681	9	2476	055
113	6	30	079
2178	6	30	125
3106	11	3087	057
2006	6	29	013
188	1	189	147
199	1	189	002
3756	14	3433	071
921	1	30	024
3217	12	28	060
8779	23	2989	102
169	1	173	012
480	1	481	161
444	1	405	097
2663	17	5816	158
2131	6	2018	156
2770	9	2482	149
3032	10	2940	082
2785	9	2593	125
1945	6	405	116
2178	6	30	116
1866	12	170	066
213	1	189	124
2119	6	2045	042
919	1	921	045
1983	6	402	147
675	15	4990	022
213	1	189	060
211	1	189	100
2026	6	2027	161
2010	6	2008	048
100	6	30	083
2726	9	2593	146
2059	6	2018	133
3225	23	2989	032
1931	6	116	052
2059	6	2061	055
2077	6	2061	026
3635	14	3636	158
2010	6	2018	147
588	1	589	161
19	6	2009	087
399	6	171	156
2909	9	2593	038
2172	6	2008	007
588	6	589	148
3211	12	2120	121
3208	12	2120	098
215	1	189	119
3200	12	2055	120
4	1	5	056
2101	6	2008	036
8571	23	12518	113
100	6	30	012
19	6	2009	130
2119	6	2045	122
211	1	189	107
2121	6	405	125
4036	14	3498	056
115	15	4969	160
9431	20	5762	146
114	1	116	028
6929	20	6706	148
114	1	116	066
7893	20	6706	128
3218	12	2018	048
919	1	921	054
2909	9	2720	139
2681	9	2476	123
1959	6	2009	120
2	6	29	154
8863	17	5817	080
2530	14	3431	093
3217	12	28	093
3068	23	3027	123
796	15	4990	144
3068	23	3027	152
1983	6	402	142
284	6	2040	085
2126	6	2009	128
2785	9	2593	137
3190	12	2120	093
2035	6	2009	095
2138	6	2009	092
205	6	2038	003
2127	6	171	000
1429	6	30	062
2035	6	2009	115
1956	6	2009	106
2003	6	30	035
3187	12	2055	124
2530	14	3431	064
729	15	4990	134
3143	11	3087	002
83	6	29	142
1894	4	1839	148
428	6	259	043
195	1	189	111
2059	6	2018	148
729	1	731	135
629	1	30	084
2663	17	5818	115
1931	6	116	044
2003	6	30	120
771	1	629	024
480	15	4990	117
2874	9	2476	043
4227	14	3496	092
2140	6	2009	091
2911	10	2720	113
8759	17	6706	143
478	1	444	111
3190	12	2120	106
1945	6	405	110
8863	17	5816	105
2007	6	2018	146
8824	23	2977	045
2723	9	2517	105
2911	10	2720	139
742	15	4990	148
1588	6	30	034
284	6	2008	043
2138	6	2018	136
4	1	5	071
2105	6	30	082
2074	6	405	105
1947	6	173	068
3217	12	28	005
2119	6	2045	130
2587	9	2476	065
794	1	478	147
44	1	46	133
3068	23	3027	135
2916	9	2517	120
1958	6	2061	032
2530	14	3431	096
8529	23	2989	000
2105	6	30	103
3217	12	28	050
2020	6	2009	108
8863	17	5818	065
3233	23	2977	136
3106	11	3087	096
2483	9	2518	160
2178	6	30	130
2927	10	2930	148
629	1	30	032
8571	23	12518	156
3866	14	3487	092
8008	17	6719	107
919	1	921	126
2911	9	2482	136
771	6	30	119
8863	17	5935	147
8779	23	2989	150
1894	23	2920	084
1975	6	2008	008
3225	12	2155	137
2917	10	2942	146
2119	6	2008	031
2874	9	2476	001
796	15	4990	056
2530	14	3431	000
2615	9	2517	133
195	1	189	161
8863	17	5935	104
2903	11	3089	072
4659	14	3793	071
188	1	189	121
2101	6	2040	135
3214	12	2120	102
2681	9	2476	116
2127	6	171	149
199	1	189	045
3217	12	28	092
2717	9	2517	161
2037	6	2009	126
205	15	4990	099
1866	12	170	143
2791	9	2476	145
2769	9	2476	090
2126	6	625	137
1945	6	171	155
2773	9	2517	150
2105	6	30	032
478	1	444	124
3208	12	2120	142
1588	6	30	097
729	1	731	155
4586	17	5818	123
2812	9	2517	141
100	6	29	158
2917	10	2942	067
3106	11	3087	065
0	1	46	160
588	1	589	144
796	15	4990	020
4586	17	5818	157
2845	9	2518	144
2116	6	2018	138
3225	23	2938	071
2587	9	2476	093
2883	9	2482	111
2584	9	2482	158
2615	9	2476	129
2006	6	29	117
2587	9	2476	120
1871	12	2155	026
1975	6	2009	083
215	1	189	064
213	1	189	000
6170	17	5994	039
2037	6	2009	128
2693	12	28	065
675	15	5120	124
4885	17	8813	134
1871	12	2155	033
2774	9	2748	153
8779	23	2989	087
8282	23	12519	009
215	1	189	004
172	1	402	136
2911	9	2482	134
2119	6	2045	146
2090	6	115	149
8863	17	5817	107
2693	12	28	004
2693	12	28	078
104	1	74	157
4586	17	5816	147
2101	6	2040	145
1945	6	405	105
796	15	4990	010
3232	12	29	095
104	1	74	161
2530	14	3431	122
659	1	341	031
4749	14	3794	066
1902	23	3074	025
2911	10	2940	087
733	1	731	114
480	15	5067	105
2119	6	2045	109
8571	23	12518	071
2056	15	4988	005
2629	9	2520	127
2681	9	2476	025
8863	17	6190	151
2126	6	2009	129
114	1	116	124
2144	6	2018	153
2792	9	2578	146
2035	6	2009	085
1429	6	173	011
100	6	30	067
2867	9	2517	131
1588	6	30	076
4582	14	3794	051
3214	12	2120	135
3068	23	3027	130
771	6	30	072
1931	6	116	016
1110	15	5120	076
260	1	189	110
2003	6	30	060
172	1	402	016
4036	14	3498	074
2770	9	2540	097
675	15	4990	096
2102	6	2040	149
11201	22	11202	144
8957	23	2922	120
1912	6	259	033
675	15	4990	004
2465	14	3736	120
1945	6	405	104
675	15	5120	056
1429	6	30	066
88	6	30	063
2102	6	2040	141
197	1	189	106
44	6	30	090
2979	10	2924	149
2124	6	116	019
2026	6	2027	135
3232	12	29	056
1910	14	3956	128
4	1	5	081
771	1	629	077
1110	15	5120	064
2909	9	2593	152
3751	14	3752	091
2077	6	2061	087
1975	6	625	146
629	1	28	148
2582	9	2520	081
3225	23	2938	081
381	1	259	029
4036	14	3498	102
2481	9	2482	133
2693	12	28	041
4615	14	4138	083
1588	6	551	155
2010	6	2009	093
3206	12	2120	114
488	1	30	119
2010	6	2009	097
2917	10	2942	086
771	6	30	016
88	1	90	022
659	1	341	018
2069	6	2018	124
205	6	30	025
771	1	629	053
2119	6	2104	019
2917	10	2942	054
2688	9	2517	144
2080	6	116	093
1429	1	747	160
1429	6	2027	139
2124	6	116	069
3159	17	6704	159
2007	6	2008	071
205	6	2038	019
88	6	30	116
3214	12	2120	105
2141	6	402	133
729	1	731	100
211	1	189	010
2773	9	2517	161
3225	23	2938	111
1473	1	114	095
4805	14	3498	136
40	6	2055	028
2809	17	5817	154
675	15	4990	067
260	1	189	096
1912	6	259	049
2138	6	2009	124
796	15	4990	016
40	6	1439	126
2917	10	2942	133
2138	6	2009	131
2059	6	2061	086
2511	9	2476	136
2131	6	2009	086
8863	17	5818	111
2026	6	30	070
675	1	320	099
2017	6	2009	084
2172	6	2009	109
3051	10	2924	021
2744	9	2593	155
2119	6	2045	072
2116	6	2018	135
2587	9	2588	136
2663	9	2588	136
196	1	189	126
796	15	4990	072
1429	6	30	079
3225	23	2938	096
2587	9	2588	133
212	1	189	082
2883	9	2517	149
921	6	30	116
1912	15	5024	149
2090	6	116	131
2006	6	29	133
480	15	4990	131
4036	14	3498	068
284	6	2040	102
4	1	5	051
3197	12	2055	135
2693	14	3468	154
55	6	30	069
4036	14	3498	053
3208	12	2120	134
919	1	921	052
771	1	629	093
2507	9	2476	156
169	6	405	094
1956	6	2008	040
3218	12	2018	104
213	1	189	057
2615	9	2476	139
2592	9	2593	092
1958	6	2061	029
2059	6	2060	125
114	1	116	020
1956	6	2045	017
2094	6	2095	021
2172	6	2018	160
2168	6	173	075
196	1	189	143
8957	23	2922	088
3216	12	2155	072
1871	12	2155	096
4582	14	3794	122
2592	9	2593	149
2101	6	2008	064
2761	9	2517	161
3187	12	2055	126
771	6	30	009
2119	6	2045	114
2909	9	2720	143
2035	6	2009	107
2530	9	2517	136
2059	6	2018	132
284	6	2008	072
478	1	444	060
2140	6	2008	075
205	6	2019	160
2773	9	2517	143
83	6	29	143
2080	6	115	157
3866	14	3487	065
260	1	189	097
2017	6	2008	079
2144	6	2009	113
2719	10	2929	160
2637	14	4535	087
3216	12	2155	090
2119	6	2045	132
2681	9	2476	026
2020	6	2008	028
1473	1	114	127
2124	6	117	003
1957	6	2055	028
675	15	5120	068
4582	14	3794	126
4586	17	5816	139
2911	10	2720	128
28	1	29	152
8204	23	2989	092
1894	23	2920	045
3093	23	12538	118
2138	6	2009	102
8529	23	2989	015
2141	6	402	144
2124	6	116	084
2020	6	2008	042
2845	14	3956	125
3187	23	12518	092
2909	9	2720	010
8204	23	2989	037
2119	6	2045	150
8204	23	2989	091
2127	6	171	103
742	15	4990	124
4036	14	3498	032
2465	14	3495	131
6876	17	6877	114
3068	23	3027	029
8301	23	3060	096
8863	17	6190	155
1912	6	405	118
2003	6	2038	017
3178	11	3087	155
2637	9	2593	155
3200	12	2055	131
3093	23	12538	077
2127	6	171	052
2119	6	2045	120
2883	9	2517	141
3216	12	2155	045
100	6	30	025
381	6	405	117
3143	11	3087	108
113	6	30	126
1958	6	2061	077
3064	23	12505	067
2105	6	30	002
921	6	30	073
195	1	189	107
1912	6	402	136
8204	23	2989	122
3204	12	170	150
1894	23	2920	107
2129	6	30	124
2812	9	2517	131
172	1	402	110
8957	23	2922	053
771	6	28	135
88	6	30	082
771	1	772	159
1983	15	5024	094
100	6	29	137
2127	6	171	077
509	6	30	079
169	1	173	014
2126	6	2045	003
2124	6	116	050
3217	12	28	119
2723	9	2482	125
2909	9	2593	069
2845	14	3956	116
100	6	30	110
399	1	171	158
2094	6	2040	092
215	1	189	124
675	1	320	161
8957	23	2922	157
2017	6	2009	132
446	1	259	074
2587	9	2588	101
2587	9	2588	132
1959	6	2018	145
794	1	478	108
55	1	58	149
2090	6	116	055
2105	6	30	125
796	15	4990	157
8957	23	2922	068
2637	14	3431	083
2845	10	2977	082
2655	9	2482	130
1975	6	2009	096
2511	9	2476	158
431	1	189	128
659	1	341	019
197	1	189	040
169	1	173	021
771	6	30	103
40	6	1439	093
428	6	259	034
2	6	30	099
9423	20	6706	148
796	15	4990	074
1983	15	5024	100
2723	9	2517	106
2102	6	285	007
1959	6	2008	018
2909	9	2720	049
188	1	189	090
2008	15	4988	020
284	1	189	123
2119	6	2095	024
629	1	28	136
2090	6	116	016
3106	11	3087	148
4805	14	3711	151
113	6	29	155
2605	9	2476	144
3208	12	2120	088
3143	11	3087	049
794	1	478	129
284	6	2040	158
196	1	189	134
1912	6	259	071
88	6	30	128
799	1	773	147
2124	6	115	155
675	1	320	108
2172	6	2008	047
2121	6	405	093
8863	17	5935	153
88	6	29	140
3218	12	2018	013
446	1	259	035
8204	23	2989	039
3232	12	29	024
2178	6	30	123
675	15	4990	062
2587	9	2588	148
8779	23	2989	097
2688	9	2517	112
4036	14	3498	022
428	6	405	099
1957	6	405	114
8282	23	12519	112
1588	6	30	127
3216	12	2155	000
2809	17	5818	148
2883	9	2482	140
396	6	30	066
2080	6	116	040
113	6	30	112
2911	10	2940	076
8204	23	2989	116
675	15	5120	121
1866	12	170	096
446	1	405	090
2003	6	30	047
2003	6	30	106
8571	23	12518	079
799	1	766	148
100	6	28	134
260	1	189	057
284	1	189	155
195	1	189	092
478	1	444	037
2809	17	5818	111
2168	6	173	050
1959	6	2018	148
284	1	189	132
4749	14	3793	072
2	6	2018	147
1866	12	170	126
8529	23	2989	092
55	6	30	074
771	6	30	084
2530	9	2517	131
2116	6	2018	115
2101	6	285	006
2769	9	2476	085
363	1	364	160
2059	6	2061	041
381	1	405	156
3225	20	6706	160
431	1	189	025
2615	9	2593	114
340	6	402	134
2	6	30	102
211	1	189	147
2530	9	2476	158
3214	12	2120	122
212	1	189	078
3218	23	2920	147
588	6	30	105
1866	12	170	139
2615	9	2517	122
2582	9	2520	072
3225	23	2989	044
1866	12	170	069
1473	1	114	098
2744	9	2593	134
919	1	921	053
4534	14	4535	101
10751	22	2157	137
771	1	773	143
2127	6	171	099
2761	9	2517	127
2644	9	2593	125
3143	11	3087	125
2131	6	2008	023
4395	14	3496	098
3206	12	2120	101
3211	12	2120	075
446	1	259	044
2090	6	115	148
509	6	30	050
3106	11	3087	075
3178	11	3087	147
4395	14	3771	080
2077	6	2060	156
2008	15	4988	021
3218	12	2018	085
2845	9	2518	140
8863	17	5817	108
2102	6	2008	047
8824	23	2977	010
8957	23	2922	032
1894	23	2920	126
115	9	2490	159
2003	6	2019	139
2127	6	171	049
2131	6	2008	031
169	1	173	126
3200	12	2055	146
396	6	28	136
169	1	173	106
7515	20	7092	145
399	1	171	149
2069	6	2018	158
729	1	731	077
2632	9	2517	142
2157	6	2120	135
3032	10	2940	097
1947	6	405	106
1473	1	114	079
2663	9	2588	159
8571	23	12518	129
2021	6	170	160
2117	6	2032	139
197	1	189	082
2157	6	2120	136
3232	12	29	098
169	1	173	119
2017	6	2018	137
8204	23	2989	132
3064	23	12505	011
8779	23	2989	008
3187	23	12518	063
2798	9	2505	146
3218	12	2018	018
1956	6	2008	031
2456	17	6706	161
3143	11	3087	042
2809	17	5816	133
3187	23	12518	112
2770	9	2482	112
2845	10	2977	141
2909	9	2720	040
284	1	189	088
8438	20	6780	150
2681	9	2476	061
114	1	116	057
3064	23	12505	099
2917	10	2942	119
2074	6	405	133
2119	6	2120	139
509	6	30	102
114	1	115	150
195	1	189	033
1910	4	1839	117
771	1	629	086
1910	14	3707	134
197	1	189	020
2770	9	2540	120
2069	6	2018	159
2003	6	30	112
921	1	30	072
2812	10	2924	089
4586	17	5816	141
3200	12	2055	109
3187	23	12518	115
1910	14	3956	149
2020	6	2009	119
40	1	41	020
2911	10	2720	108
198	1	189	016
113	6	30	110
428	6	405	127
2017	6	2009	127
2116	6	2018	146
2798	9	2505	154
28	1	29	156
1871	12	170	159
2102	6	2040	131
211	1	189	161
8863	17	5935	096
1473	1	114	075
55	6	30	120
2020	6	2009	127
88	1	90	066
3225	23	2989	068
8204	23	2989	009
2867	9	2517	148
8824	23	2977	067
1871	12	2155	005
2080	6	117	013
1975	6	2008	002
2629	9	2520	126
1588	6	550	131
195	1	189	113
2026	6	30	060
2105	6	30	062
4885	17	8813	151
2006	6	29	064
2822	9	2529	112
488	1	30	086
4586	17	5817	142
2144	6	2009	103
2909	9	2720	060
100	6	30	027
1975	6	625	152
2615	9	2517	141
55	6	29	157
2883	9	2482	159
199	1	189	005
205	6	30	116
2874	9	2476	098
1429	6	30	125
3232	12	29	006
3064	23	12505	059
1958	6	2061	002
3197	12	2055	140
2723	9	2517	149
2909	9	2720	127
2101	6	2095	021
8863	17	5816	078
3187	23	12518	159
771	6	30	114
480	15	5067	092
4534	14	4535	103
8779	23	2989	120
2003	6	2038	003
113	6	29	161
729	15	4990	074
2101	6	2040	108
1473	1	114	013
2655	9	2482	155
1894	23	2920	087
197	1	189	044
1894	23	2920	037
1956	6	2009	113
733	1	731	062
3216	12	2155	076
2119	6	2103	015
3187	12	2055	161
1866	12	170	032
2744	9	2593	102
205	15	4990	066
1866	12	170	041
212	1	189	128
2090	6	115	142
3866	14	3487	082
1894	23	2920	016
675	15	5120	050
3143	11	3087	026
363	1	120	145
2773	9	2517	145
8301	23	3060	110
8301	23	3060	088
1959	6	2009	116
1866	12	170	077
1894	23	2920	114
588	1	590	138
3064	23	12505	092
8863	17	5818	103
396	6	30	125
114	1	117	012
3211	12	2120	127
2127	6	171	003
88	6	30	106
2101	6	2008	075
4582	14	3794	125
115	15	4969	159
2909	9	2593	131
114	1	116	056
1429	6	30	067
2644	10	2924	048
2845	14	3956	137
114	1	116	102
2126	6	625	143
2077	6	2018	129
428	15	5024	158
88	6	30	119
7203	17	6491	104
198	1	189	060
2140	6	2009	126
675	15	5120	024
2017	6	2008	065
113	6	30	016
2102	6	2040	151
2769	9	2476	119
2144	6	2009	082
2069	6	2018	139
444	1	405	110
729	15	4990	111
2007	6	2018	138
2020	6	2045	018
2744	10	2924	076
6683	17	6313	138
8863	17	5818	073
2909	9	2720	038
3225	23	2989	009
2587	9	2476	134
8204	23	2989	013
83	6	29	138
2883	9	2482	139
431	1	189	032
2917	9	2593	076
2077	6	2061	058
1947	6	405	124
1957	6	2055	023
2101	6	2040	111
431	1	189	001
260	1	189	132
2688	9	2517	157
2003	6	30	029
2077	6	2060	094
4586	14	4587	111
659	1	341	020
2074	6	405	086
2059	6	2061	022
2511	9	2517	129
2663	17	6190	135
2582	9	2520	115
1957	6	2055	021
675	1	320	093
396	6	30	042
2808	9	2517	105
1110	15	5120	096
3187	12	2055	148
2006	6	29	107
284	1	189	160
211	1	189	063
8863	17	5816	096
2911	10	2720	087
2124	6	116	025
2883	9	2482	117
55	6	30	021
2903	11	3089	052
2874	9	2476	074
4582	14	3793	139
8282	23	12519	116
480	15	4990	093
2094	6	2040	152
2917	10	2942	113
629	1	28	145
3232	12	29	007
446	1	259	075
381	6	405	125
3208	12	2120	126
2090	6	116	050
2126	6	625	144
2101	6	2040	136
44	6	30	127
4586	14	4587	139
2688	9	2517	124
3106	11	3087	145
8824	23	2977	101
2126	6	625	147
2693	12	28	069
1922	6	2018	138
2632	9	2517	122
1866	12	170	079
1893	12	2155	160
8863	17	5816	130
675	15	5120	154
4586	14	4587	117
2605	9	2476	159
28	6	29	143
2	6	30	041
428	15	5024	121
2099	15	4969	159
2693	11	3087	113
2583	9	2476	147
8204	23	2989	154
2883	9	2517	133
2717	9	2517	145
8529	23	2989	030
1871	12	2155	035
2809	17	5935	133
284	1	189	103
8957	23	2922	146
2845	14	3956	149
2059	6	2061	058
3211	12	2120	143
588	6	30	046
8983	17	5817	096
2822	9	2529	116
3866	14	3487	064
399	1	405	121
2693	12	28	107
88	6	30	025
2883	9	2482	114
3063	10	2924	145
8282	23	12519	114
8863	17	5935	142
3093	23	12538	043
428	6	405	126
2587	9	2588	115
921	6	30	112
3425	14	3428	130
8529	23	2989	054
381	6	405	073
675	15	4990	019
2	6	2018	139
2909	9	2593	156
12469	22	9990	156
629	1	30	097
2587	9	2588	055
8824	23	2977	011
2845	10	2977	096
2791	9	2476	083
444	1	405	120
2105	6	30	095
2021	6	405	096
1473	1	114	087
2017	6	2009	122
1947	6	2027	139
1983	15	5024	128
2006	6	29	000
8863	17	5935	135
2663	9	2588	153
431	1	189	101
2530	14	3431	161
659	1	341	149
2809	9	2705	126
3216	12	2155	114
44	6	29	152
19	6	2008	026
213	1	189	084
3051	10	2924	036
1957	6	405	088
2785	9	2593	104
919	1	921	058
2530	14	3712	134
1931	6	116	030
1902	23	3074	009
3208	12	2120	110
3068	23	3027	057
88	1	90	142
55	6	30	075
3225	23	2938	044
2909	9	2720	065
2030	6	2045	002
428	6	402	132
2021	6	402	146
4586	14	4587	120
2874	9	2476	099
1930	15	5024	157
8957	23	2922	128
2911	10	2720	121
113	6	29	136
169	1	173	027
1983	15	5024	132
629	1	30	123
44	1	550	133
3225	23	2989	127
198	1	189	100
733	1	731	065
2507	20	5762	160
1473	1	114	153
2172	6	2009	100
8282	23	12519	060
195	1	189	087
2663	17	5817	150
1958	6	2061	028
2101	6	2040	086
2017	6	2009	126
1860	9	2517	119
1910	14	3707	143
2511	9	2517	123
1894	23	2920	097
2874	9	2476	040
196	1	189	100
2026	6	30	095
260	1	189	101
2615	9	2593	139
2080	6	116	125
196	1	189	102
169	1	173	104
2693	12	28	121
478	1	444	081
212	1	189	147
675	15	5120	131
198	1	189	081
3211	12	2120	152
199	1	189	052
2168	6	173	014
2589	9	2517	128
2723	9	2517	145
169	1	173	003
2911	10	2940	115
381	1	259	044
2124	6	116	043
2127	6	171	095
2026	6	2111	130
1433	15	4969	160
4534	14	4535	090
629	1	30	009
2808	10	2924	073
1866	12	170	073
729	1	731	040
2080	6	116	112
1860	9	2517	108
213	1	189	080
381	6	405	090
2069	6	2018	117
381	1	259	049
205	15	4990	031
3718	14	3719	026
2845	14	3956	148
2809	17	5935	134
921	1	30	045
8824	23	2977	038
1975	6	625	154
40	6	1439	041
3068	23	3027	069
2644	10	2924	047
2124	6	116	073
2867	9	2588	145
88	1	90	030
2809	9	2705	161
2719	10	3016	130
2584	20	6780	148
2126	6	625	157
2845	14	3956	117
2090	6	116	043
2003	6	30	092
2874	9	2476	105
2127	6	171	088
1983	6	171	152
4885	17	8813	145
2172	6	2008	016
478	1	444	082
1956	6	2008	028
2069	6	2018	093
284	6	2040	145
4885	17	8813	032
2911	10	2720	142
2663	17	6190	147
2693	12	28	038
2119	6	2045	129
1588	6	30	099
2017	6	2009	117
3032	17	7129	106
8571	17	6791	053
729	15	4990	101
2124	6	116	054
2	6	30	127
44	1	550	132
284	6	2008	078
3217	12	28	096
55	6	30	009
2094	6	2040	104
2035	6	2009	093
2911	10	2720	154
3211	14	3428	076
2074	6	405	131
2126	6	2009	092
1902	23	3074	080
2090	6	115	147
1866	12	170	112
921	1	30	065
2	6	30	096
1851	10	3012	142
2010	6	2008	034
3216	12	2155	017
2124	6	115	156
446	1	259	056
1947	6	405	130
2080	6	116	044
1866	12	170	089
626	1	46	161
197	1	189	005
88	6	30	002
2101	6	2008	030
2144	6	2009	119
100	6	30	128
4582	14	3794	105
212	1	189	049
729	1	731	035
2127	6	171	119
798	1	589	144
1912	15	5024	150
3233	23	2977	153
2909	9	2593	048
113	6	30	041
3178	11	3087	158
2791	9	2476	054
4615	14	3496	092
2867	9	2517	101
195	1	189	026
2874	9	2476	058
3214	12	2120	114
3064	23	12505	028
4885	17	8813	108
2127	6	171	080
2006	6	29	094
3187	23	12518	125
114	1	116	120
40	6	1439	035
3106	11	3087	114
1902	23	3074	138
4602	14	3496	151
675	6	173	082
205	6	30	069
2693	14	3468	159
2632	9	2517	147
2874	9	2476	027
1894	23	2920	069
2059	6	2061	063
2530	14	3431	108
2693	12	28	075
2110	6	171	155
396	6	30	029
2644	9	2593	148
2927	10	2929	138
2172	6	2008	000
3106	11	3087	135
1912	6	405	096
1912	15	5024	137
1902	23	3074	079
212	1	189	150
55	6	29	151
2129	6	30	075
3225	23	2989	041
2077	6	2060	092
2168	6	173	055
4586	17	5818	113
742	15	4990	139
260	1	189	025
2644	9	2593	135
480	15	4990	016
4586	17	5817	114
771	1	629	063
919	1	921	131
1893	23	2947	159
921	1	30	119
4736	14	4044	086
3106	11	3087	026
2644	9	2593	056
2874	9	2476	130
2663	17	5816	141
3214	12	2120	113
2909	9	2593	143
2903	11	3089	092
2021	6	405	128
771	6	30	131
2845	10	2977	159
260	1	189	005
2127	6	171	158
1945	6	402	138
3218	12	2018	034
396	6	30	114
2791	9	2476	046
2917	9	2593	143
2791	9	2476	081
1871	12	2155	076
1947	6	405	113
19	6	2008	018
3197	12	2055	143
2140	6	2018	138
2026	6	2027	158
588	6	30	025
2017	6	2008	070
2629	9	2520	123
2845	14	3956	141
7621	20	6780	139
2126	6	2008	063
8282	23	12519	064
675	15	5120	100
2020	6	2018	149
1894	23	2920	022
2172	6	2009	117
205	15	4990	036
2138	6	2008	053
2693	12	28	053
1473	1	114	077
2874	9	2476	148
2124	6	116	044
8957	23	2922	084
431	1	189	020
431	1	189	012
2777	9	2505	155
8282	23	12519	133
3206	12	2120	108
114	1	116	025
2101	6	2040	129
3425	14	3430	108
2157	6	2120	134
480	15	5067	088
2127	6	171	015
1931	6	115	143
169	6	173	077
509	6	30	017
211	1	189	000
396	6	30	005
2911	10	2940	077
2074	6	405	103
2105	6	30	007
100	6	30	109
771	1	629	019
363	1	74	143
8779	23	2989	089
1956	6	2128	161
3092	23	2940	145
1931	6	116	127
1473	1	114	155
2809	17	5816	123
2911	10	2720	109
2026	6	2027	140
8301	23	3060	027
7497	17	7197	150
2587	9	2476	105
4036	14	3498	110
2116	6	2018	101
1110	15	5120	145
4646	14	3509	142
2615	9	2593	099
2774	9	2748	149
3092	11	3100	161
2629	9	2520	125
169	6	402	139
2530	9	2476	132
2911	9	2482	097
2069	6	2018	119
2592	9	2593	143
8571	23	12518	158
55	6	30	106
2059	6	2061	077
9431	20	5762	148
3218	12	2018	119
771	1	629	131
2138	6	2009	125
2119	6	2045	005
8957	23	2922	103
4586	17	5818	120
381	6	405	112
2632	9	2517	158
3032	10	2940	157
8863	17	5817	078
113	6	30	089
1902	23	3074	134
4395	14	3496	099
3218	12	2018	063
188	1	189	020
729	15	4990	079
8824	23	2977	058
478	1	444	022
2917	10	2942	137
2769	9	2476	074
7446	20	6780	145
2017	6	2008	045
88	1	90	061
8282	23	12519	136
3093	23	12538	142
381	1	259	068
260	1	189	156
284	6	2008	061
2127	6	171	156
659	1	341	152
1902	23	3074	057
2126	6	2045	004
2867	9	2517	118
1871	12	2155	039
8301	23	3060	008
364	6	29	152
2074	6	405	107
4885	17	8813	161
1956	6	2009	085
3093	23	12538	058
488	1	30	087
2883	9	2517	148
2074	6	405	108
2	6	30	122
2811	9	2517	127
509	6	30	012
2172	6	2008	006
8957	23	2922	122
2792	9	2578	136
2809	17	5817	131
762	1	28	159
2117	6	2032	138
675	1	320	111
8571	23	12518	104
4602	14	3496	147
2126	6	2045	016
3225	23	2938	090
2140	6	2009	092
3216	12	2155	101
396	6	30	130
3093	23	12538	105
1947	6	173	021
2845	9	2518	095
2663	17	5818	127
629	1	28	153
919	1	921	067
2663	17	5818	158
2632	9	2476	144
2131	6	2018	133
771	1	774	154
1975	6	2008	025
2644	9	2593	134
2102	6	2040	094
2026	6	30	027
2744	9	2593	113
100	6	30	071
1894	23	2920	019
2774	11	3107	161
2909	9	2720	118
113	6	30	087
2791	9	2476	035
2030	6	2032	134
2516	9	2517	130
1958	6	2061	000
2026	6	30	129
3214	12	2120	090
2102	6	2008	057
2149	6	29	148
2465	14	3495	130
381	1	405	144
762	1	28	152
2102	6	2040	090
1959	6	2009	108
3064	23	12505	016
2077	6	2061	012
2663	17	5818	123
2101	6	2008	045
3232	12	29	034
2006	6	29	035
1003	1	956	153
8863	17	5817	113
2909	9	2593	010
8863	17	5817	137
197	1	189	085
4586	17	5817	147
1866	12	170	104
2798	9	2505	138
8779	23	2989	055
2059	6	2061	061
2094	6	2040	123
3233	12	2009	128
205	15	4990	148
3211	12	2120	140
211	1	189	027
675	6	173	084
1110	15	5120	101
1910	14	3956	133
1871	12	2155	067
3106	11	3087	106
2530	14	3431	090
1588	6	30	075
8438	20	6780	144
675	6	405	128
2035	6	625	159
8863	17	5818	051
428	6	171	157
3032	10	2940	161
19	6	2008	056
199	1	189	094
2785	9	2520	157
446	1	402	136
2511	14	3711	106
2020	6	2009	095
172	1	402	015
55	6	30	079
2663	17	6190	142
8957	23	2922	042
629	1	30	085
198	1	189	006
2030	6	2009	106
2090	6	116	113
88	6	30	121
212	1	189	000
2811	9	2517	115
2119	6	2045	093
2021	6	405	097
771	6	30	118
381	6	405	046
88	1	90	099
675	15	5120	023
659	1	341	011
2069	6	2018	107
2077	6	2060	159
1871	12	2155	060
197	1	189	061
7497	20	6780	145
40	6	1439	033
396	6	30	038
2681	9	2476	043
8863	17	6190	118
2131	6	2009	099
364	6	29	155
205	15	4990	035
40	6	1439	113
4885	17	8813	056
921	1	30	035
2769	9	2476	080
8204	23	2989	153
1894	23	2920	000
3206	12	2120	158
44	6	29	154
284	6	2040	083
919	1	921	105
2791	9	2476	093
2909	9	2720	115
675	6	405	106
2809	17	5817	099
2681	9	2476	046
2465	20	6012	136
2845	10	2977	094
215	1	189	069
2717	9	2517	103
1110	15	5120	060
2101	6	2040	117
480	15	5067	137
8863	17	5817	089
2615	9	2476	115
3142	14	3793	064
2808	10	2924	075
44	6	30	120
1003	1	956	155
19	6	2008	038
1860	9	2517	160
2911	10	2940	138
114	1	116	084
488	1	30	116
8282	23	12519	111
2845	14	3956	119
2770	9	2482	141
2056	15	4988	004
3106	11	3087	040
212	1	189	142
3232	12	29	072
659	1	341	123
381	1	259	051
8529	23	2989	055
3032	10	2940	134
588	6	30	084
205	6	2038	006
2811	9	2517	144
1871	12	2155	108
8863	17	5818	114
198	1	189	051
1910	14	3956	140
2615	9	2593	135
2124	6	116	077
1588	6	30	104
2144	6	2018	145
396	6	30	103
8529	23	2989	048
2030	6	2032	153
2663	17	5818	153
2124	6	116	085
2172	6	2008	033
1958	6	2170	150
2785	9	2520	144
2020	6	2008	023
3218	12	2018	029
55	6	29	160
2017	6	2008	064
3225	23	2989	119
2693	12	28	101
488	1	30	124
211	1	189	014
3866	14	3487	144
1947	6	173	077
3064	23	12505	084
199	1	189	111
399	1	405	101
3866	14	3487	068
796	15	4990	105
2020	6	2045	007
2124	6	116	094
44	6	30	059
3217	12	28	071
488	1	30	121
1911	20	7092	126
100	6	30	130
198	1	189	008
1902	23	3074	047
3106	11	3087	041
1959	6	2008	030
729	1	731	037
2020	6	2045	000
478	1	444	048
2077	6	2061	077
2744	9	2593	112
198	1	189	151
2911	10	2940	135
1956	6	285	004
2055	9	2486	159
213	1	189	089
2119	6	2045	136
2845	10	2977	080
2124	6	117	010
88	1	90	110
44	1	46	140
2140	6	2008	056
729	1	731	159
771	1	629	124
2785	9	2520	136
169	6	402	143
2105	6	30	119
8204	23	2989	126
88	1	90	054
431	1	189	120
1588	6	30	070
1983	15	5024	147
2923	10	2924	127
381	6	405	121
428	6	171	159
1860	10	2932	101
2791	9	2476	003
588	6	589	141
8529	23	2989	126
733	1	731	038
88	6	30	032
659	1	341	154
2809	17	5935	118
2026	6	30	125
3187	12	2055	151
381	1	259	062
1912	6	405	090
659	1	660	161
2845	10	2977	118
2845	10	2977	109
2	6	30	089
2583	9	2476	144
3143	11	3087	093
2017	6	2008	029
2761	9	2517	102
28	6	29	153
3159	23	3012	135
2663	17	5818	154
729	15	4990	084
1912	6	259	073
2909	9	2593	013
2530	14	3431	074
212	1	189	124
2080	6	116	041
3200	12	2055	142
675	15	4990	061
8863	17	5816	097
428	6	405	122
742	1	748	086
2129	6	30	021
3093	23	12538	078
8529	23	2989	136
3211	12	2120	159
2	6	30	075
444	1	405	090
2917	10	2942	073
2119	6	2045	068
3142	14	3793	066
2129	6	30	006
2010	6	2008	057
3217	12	28	135
2615	9	2517	089
2582	9	2520	090
2026	6	30	010
2077	6	2061	014
2917	9	2593	092
8863	17	6190	137
3218	12	2018	002
2812	9	2517	092
8957	23	2922	093
3206	12	2120	141
2090	6	116	044
2059	6	2061	050
509	6	30	001
2124	6	115	154
213	1	189	138
1902	23	3074	061
381	6	405	032
2069	6	2018	100
8824	23	2977	049
3217	12	28	029
428	6	2055	019
2105	6	30	017
2003	6	30	064
3216	12	2155	066
2035	6	2009	123
44	6	30	017
2	6	30	046
4659	14	3793	073
3218	12	2018	057
1902	23	3074	098
446	1	402	134
2629	9	2520	138
3214	12	2120	078
195	1	189	157
1958	6	2009	120
88	1	90	116
2615	9	2517	110
88	1	90	064
1983	6	405	124
2077	6	2018	137
4602	14	3496	145
428	6	259	049
196	1	189	054
3064	23	12505	151
399	1	405	117
675	15	4990	079
2131	6	2018	161
1959	6	2008	063
2911	9	2482	110
3205	12	2055	149
2059	6	2061	010
478	1	444	007
4586	17	5817	117
2017	6	2008	048
2592	9	2593	098
2069	6	2018	136
8863	17	5817	057
2582	9	2520	097
172	1	402	018
88	1	90	027
428	6	402	135
2026	6	30	046
4281	14	4156	100
11201	22	11202	143
2127	6	171	008
3718	14	3719	030
2644	9	2593	137
2693	12	28	087
2615	9	2593	120
3068	23	3027	068
2791	9	2476	028
197	1	189	009
2845	14	3956	131
2026	6	30	057
3866	14	3487	102
2006	6	29	109
9166	20	6012	142
2769	9	2476	139
381	6	405	085
1902	23	3074	071
2681	9	2476	136
4885	17	8813	044
2615	9	2517	101
1983	6	405	105
2119	6	2045	139
771	6	30	012
2119	6	2045	053
172	1	402	034
921	1	30	090
2074	6	402	135
2119	6	2045	104
8529	23	2989	031
213	1	189	024
2116	6	2018	112
675	15	5120	040
2774	11	3107	159
2530	14	3431	072
2123	9	2490	159
1912	6	171	152
8863	17	6190	101
4805	14	3498	138
2	6	30	103
196	1	189	064
446	1	402	140
2644	9	2593	150
431	1	189	139
1912	6	259	069
198	1	189	020
2116	6	2061	034
919	1	921	083
205	15	4990	156
215	1	189	096
2006	6	29	014
794	1	478	118
2744	9	2593	144
3064	23	12505	041
733	1	731	093
446	1	402	135
2007	6	2008	080
2903	11	3089	075
2811	9	2517	100
2059	6	2061	087
796	15	4990	136
3216	12	2155	007
2094	6	2040	112
4036	14	3498	106
2127	6	171	050
212	1	189	064
55	1	58	142
284	1	189	159
1957	6	173	049
2809	17	5935	136
55	6	30	081
199	1	189	084
88	1	90	045
4036	14	3498	000
1912	6	405	099
2168	6	173	073
8571	23	12518	159
2129	6	30	093
8863	17	6190	148
213	1	189	076
2909	9	2593	052
172	1	402	079
2785	9	2520	128
8824	23	2977	071
1871	12	170	157
3214	12	2120	076
2530	14	3431	155
2	6	30	078
2867	9	2517	145
211	1	189	123
2903	11	3089	097
3187	23	12518	059
196	1	189	023
2917	10	2942	092
3200	12	2055	128
2511	9	2476	161
8204	23	2989	099
2069	6	2018	103
1958	6	2061	016
3866	14	3487	141
2530	14	3431	015
381	1	259	073
3142	14	3793	060
12016	22	9678	161
8301	23	3060	076
2761	9	2517	114
3739	14	3495	031
3233	12	2009	127
4	1	5	031
3106	11	3087	022
213	1	189	005
8529	23	2989	121
55	6	30	030
399	1	171	159
2007	6	2018	154
215	1	189	035
40	6	1439	061
2916	9	2517	142
260	1	189	009
3190	12	2120	131
3159	23	3012	134
381	6	405	110
2021	6	405	133
1958	6	2061	079
2792	9	2578	131
199	1	189	107
921	1	30	113
2030	6	2008	023
2582	9	2520	135
100	6	30	116
431	1	189	014
2777	9	2505	160
8824	23	2977	125
2663	17	5817	149
2090	6	116	030
2629	9	2520	139
2080	6	115	143
1863	23	2940	101
169	6	171	155
480	15	4990	010
2587	9	2476	131
8957	23	2922	035
3214	12	2120	103
3157	11	3095	151
444	1	405	096
8824	23	2977	086
88	1	90	107
8438	20	6780	129
2909	9	2593	068
2809	17	5818	094
3233	23	2977	132
198	1	189	132
729	15	4990	144
8957	23	2922	074
1902	23	3074	053
2811	9	2517	092
675	15	4990	025
2069	6	2018	097
213	1	189	053
2644	9	2593	157
8529	23	2989	006
2911	10	2720	092
188	1	189	157
2530	9	2476	155
2140	6	2009	084
2895	9	2517	132
3866	14	3487	105
8863	17	6190	092
2003	6	30	089
3208	12	2120	077
1947	6	405	085
364	6	29	157
1956	6	2009	084
659	1	341	127
1588	6	30	100
1931	6	115	158
3143	11	3087	001
2874	9	2476	045
364	6	29	151
771	6	30	081
2008	15	4988	031
4646	14	3591	117
771	6	30	099
2129	6	30	062
2465	14	3495	133
431	1	189	099
1922	6	2018	094
2144	6	2018	148
1860	9	2517	139
2785	9	2520	094
381	1	259	031
478	1	444	034
2726	9	2593	155
2140	6	2008	039
629	1	30	075
2080	6	116	063
3068	23	3027	072
2131	6	2009	081
3866	14	3487	097
2693	12	28	105
1902	23	3074	016
2587	9	2476	135
3068	23	3027	005
1588	6	30	125
3866	14	3487	130
2773	9	2517	144
2127	6	171	124
3190	12	2120	076
4582	14	3794	007
4	1	5	095
3190	12	2120	088
2006	6	29	081
8863	17	5817	147
629	1	30	110
1983	6	171	158
675	15	4990	136
1110	15	5120	053
8863	17	5817	086
3200	12	2055	102
114	1	116	111
509	6	30	043
3197	12	2055	126
2644	9	2593	078
1975	6	2009	093
8282	23	12519	107
212	1	189	033
2124	6	115	147
1110	15	5120	015
2055	9	2490	160
1947	6	173	038
2530	9	2476	136
629	1	30	128
88	6	30	006
205	15	4990	089
1922	6	2018	139
729	1	731	116
2770	9	2482	115
2592	9	2593	101
2723	9	2517	160
2785	9	2593	141
8863	17	6190	138
478	1	444	099
396	6	30	004
2037	6	2009	091
2663	17	5817	128
2587	9	2476	128
213	1	189	131
3068	23	3027	004
2615	9	2517	113
2121	6	405	100
2530	14	3431	020
2632	9	2517	149
3062	10	2924	073
1958	6	2061	084
1957	6	173	064
1922	6	2061	016
2069	6	2018	130
2895	9	2517	146
3866	17	5873	061
2021	6	402	134
3205	12	2055	143
675	15	4990	074
2770	9	2482	151
8863	17	5817	123
2726	20	6012	127
8301	23	3060	025
2138	6	2009	081
675	15	5120	120
2785	9	2520	118
2812	10	2924	091
729	1	731	120
28	9	29	141
2895	9	2517	101
2911	10	2720	100
2917	10	2942	093
195	1	189	084
2637	14	4535	095
8779	23	2989	148
3190	12	2120	100
199	1	189	067
2822	14	3475	148
12469	22	12297	154
2105	6	30	064
8529	23	2989	142
2909	9	2720	039
2101	6	2008	056
3032	10	2940	075
88	1	90	076
2917	10	2942	087
3187	12	2055	150
3106	11	3087	151
2895	9	2517	107
2530	14	3431	084
3187	23	12518	138
1429	6	30	129
284	6	2040	157
1866	12	170	138
2030	6	2008	063
8863	17	5817	156
2726	20	6012	141
1902	23	3074	022
1429	6	30	040
88	1	90	044
2809	17	5818	127
8204	23	2989	047
8301	23	3060	114
3216	12	2155	038
2077	6	2060	117
2140	6	2008	028
2923	10	2924	145
1957	6	405	105
2916	9	2517	122
921	6	30	023
2008	9	259	040
2127	6	171	155
3217	12	28	123
3218	12	2018	060
480	15	5067	106
196	1	189	041
428	6	405	125
742	1	748	106
2021	6	402	137
2644	9	2593	118
2530	14	3431	132
4586	17	5935	159
169	6	173	054
2530	9	2517	122
2903	11	3089	040
446	1	402	138
2131	6	2018	152
2717	9	2517	136
742	1	748	142
2124	6	116	058
44	6	30	109
4586	14	4587	108
1588	1	262	012
2530	14	3431	080
2102	6	2040	083
4586	17	5817	138
1958	6	2009	121
3093	23	12538	030
444	1	405	101
2637	9	2593	126
211	1	189	114
1931	6	115	151
83	6	29	144
3190	12	2120	095
3232	12	29	154
771	1	629	127
509	6	30	100
3093	23	12538	079
3815	14	3495	098
771	6	30	113
1473	1	114	152
4227	14	3496	093
8863	17	5818	072
40	6	1439	136
2770	9	2540	111
2723	9	2517	147
2845	10	2977	132
8863	17	5817	115
44	6	30	044
2007	6	2009	103
1983	6	405	094
2845	10	2977	111
2059	6	2060	096
1956	6	2009	091
1947	6	173	014
399	1	405	112
1956	6	2008	056
729	1	731	031
8282	23	12519	138
3216	12	2155	075
284	6	2095	026
729	1	731	046
4393	14	3495	155
675	15	4990	086
2007	6	2008	036
431	1	189	111
2105	6	30	042
2077	6	2060	103
2785	9	2593	102
794	1	478	116
8282	23	12519	069
8779	23	2989	145
2124	6	116	051
3225	23	2989	086
169	1	171	156
921	6	30	017
2663	17	5817	134
4663	14	3496	160
2119	6	2045	118
2911	10	2940	080
3225	23	2938	072
2808	10	2924	070
3187	23	12518	110
675	1	320	140
509	6	30	000
919	1	921	017
2808	9	2517	120
2123	9	2490	160
8529	23	2989	129
88	6	30	058
2090	6	115	151
2681	14	4574	009
2026	6	2027	150
2644	10	2924	064
6683	17	5987	141
3233	12	2009	115
8957	23	2922	007
8863	17	5818	134
2723	9	2517	127
729	15	4990	072
8824	23	2977	053
2917	10	2942	089
446	1	405	125
3093	23	12538	076
3032	10	2940	141
8282	23	12519	143
8957	23	2922	076
8824	23	2977	156
2119	6	2120	104
3157	11	3095	155
588	6	589	137
2809	17	5817	133
919	1	921	040
2811	9	2517	107
9268	20	6706	126
796	1	797	159
478	1	444	056
1922	6	2018	131
169	1	173	110
4036	14	3498	070
2101	6	2040	123
188	1	189	096
798	1	1005	144
675	15	5120	119
205	15	4990	115
919	1	921	084
1588	6	30	128
1893	12	2155	155
172	1	402	041
2119	6	2120	103
1957	6	405	124
2172	6	2008	065
1958	6	2061	070
2592	9	2593	161
2030	6	2008	065
2094	6	2095	023
3064	23	12505	019
3218	12	2018	082
3190	12	2120	104
1894	23	2920	085
260	1	189	076
2516	9	2517	136
2587	9	2588	070
2124	6	116	103
172	1	402	036
4036	14	3498	024
2911	9	2482	093
2006	6	29	045
2080	6	116	094
3211	12	2120	149
2030	6	2032	135
8301	23	3060	083
55	6	30	093
428	6	2055	020
340	1	341	143
2017	6	2008	072
4	1	5	078
431	1	189	130
921	1	30	118
8301	23	3060	019
796	15	4990	098
1958	6	2009	122
2883	9	2482	132
428	6	259	062
1588	6	30	052
1429	6	30	057
2059	6	2060	154
19	6	2044	141
428	15	5024	136
480	15	4990	111
1922	6	2061	082
3218	12	2018	005
2172	6	2008	072
2530	14	3431	023
396	6	30	026
4586	17	5818	130
197	1	189	098
2	6	30	079
1983	15	5024	138
169	6	173	033
284	1	189	148
55	6	30	027
733	1	731	098
1866	12	170	150
2903	11	3089	080
2681	9	2476	144
2845	9	2518	094
169	6	173	000
1429	6	30	048
3206	14	3426	085
2809	17	5817	103
8204	23	2989	119
3143	11	3087	007
2010	6	2009	090
2723	9	2517	141
2101	6	2040	160
3211	12	2120	120
2911	9	2482	124
921	6	30	040
2138	6	2008	058
919	1	921	025
1429	6	173	017
2129	6	30	023
428	6	259	041
2126	6	625	141
2077	6	2060	158
3200	12	2055	099
8571	23	12518	146
2785	9	2520	095
2909	9	2593	004
588	6	30	049
188	1	189	010
428	15	5024	132
659	1	341	007
2127	6	171	122
28	9	29	140
3143	11	3087	154
428	15	5024	126
2663	17	5935	157
488	1	30	095
2007	6	2008	079
3068	23	3027	142
729	1	731	133
2911	9	2482	156
2769	17	6452	049
2909	9	2593	091
2030	6	2008	048
1866	12	170	086
205	15	4990	117
169	1	172	135
2530	14	3431	006
2909	9	2593	025
19	6	2008	074
733	1	731	092
363	1	120	149
1983	6	402	137
3093	23	12538	070
2059	6	2060	114
8957	23	2922	130
428	6	405	114
2077	6	2061	059
8204	23	2989	096
1959	6	2008	050
3216	12	2155	042
363	1	364	156
2592	9	2593	113
2663	9	2476	145
3866	14	3487	148
40	6	1439	037
2874	9	2476	057
4663	14	4034	141
3225	12	2155	155
2615	9	2593	149
2615	9	2593	097
2141	6	402	137
1860	9	2517	105
2909	9	2593	087
2030	6	2008	070
2917	9	2593	117
55	6	30	042
8301	23	3060	010
2773	9	2517	159
3106	11	3087	141
2129	6	30	108
1003	1	1005	140
1866	12	170	121
509	6	30	063
2883	9	2482	120
3093	23	12538	003
215	1	189	043
2798	9	2505	159
2138	6	2008	045
1110	15	5120	083
2105	6	30	014
10751	22	9988	135
196	1	189	028
2809	17	5817	102
2809	17	5935	149
2172	6	2008	019
2867	9	2588	134
480	15	5067	085
114	1	116	086
3225	23	2938	121
2481	9	2482	139
1975	6	2009	094
4582	14	3794	041
2157	6	2120	133
4745	14	3741	139
2809	17	5817	125
1429	6	30	070
2761	9	2517	107
205	6	30	062
199	1	189	105
4	1	5	060
3190	12	2120	125
1860	9	2517	138
3106	11	3087	153
1975	6	2008	051
1975	6	2008	056
1473	1	114	060
28	6	29	148
2026	6	2027	149
921	1	332	131
2874	9	2476	014
1851	10	3012	148
1894	11	3107	154
3225	23	2938	053
8779	23	2989	022
4520	14	3496	009
2911	10	2720	080
3187	12	2055	144
199	1	189	040
8863	17	5818	097
396	6	30	020
2809	17	5935	154
2017	6	2009	120
1931	6	116	056
921	1	30	120
588	1	589	151
3106	11	3087	042
2791	9	2476	112
1902	23	3074	141
2777	9	2505	156
1910	14	3707	141
197	1	189	065
8957	23	2922	077
2909	9	2593	146
284	6	2008	058
2101	6	2040	082
3756	14	3757	063
4036	14	3498	097
100	6	30	074
2021	6	405	098
2726	9	2593	158
1588	6	30	103
2644	9	2593	152
3208	12	2120	136
2121	6	405	099
114	1	116	078
480	15	4990	063
3032	23	3027	054
2637	9	2593	091
83	1	58	156
2090	6	116	133
2867	9	2517	102
2030	6	2008	058
3197	12	2120	091
2785	9	2520	147
8957	23	2922	052
2	6	2018	148
88	6	30	001
2791	9	2476	036
2791	9	2476	130
919	1	921	041
381	6	405	130
2003	6	2038	022
198	1	189	154
2119	6	2008	067
4885	17	8813	087
3225	23	2989	030
2072	6	29	159
2637	9	2593	147
1894	23	2920	073
55	6	30	057
1894	23	2920	028
629	1	30	044
2003	6	30	114
4582	14	3794	087
399	6	402	134
2587	9	2588	131
3106	11	3087	009
8529	23	2989	024
2812	10	2924	076
2530	9	2517	156
172	1	402	117
2916	9	2517	119
55	6	30	026
2744	9	2593	149
2101	6	2045	015
2077	6	2060	119
2637	14	4535	099
8863	17	5816	119
2845	9	2518	110
3187	12	2055	147
2119	6	2045	131
340	1	381	131
3218	12	2018	039
363	1	364	161
2811	9	2517	136
2511	14	3711	107
675	15	4990	047
2644	9	2593	153
100	6	28	133
2129	6	30	010
2119	6	2045	032
2655	9	2482	131
2131	6	2008	038
2119	6	2008	073
8529	23	2989	067
431	1	189	124
2916	9	2517	160
3106	11	3087	036
19	6	2008	072
205	6	30	068
2917	9	2593	106
8779	23	2989	130
169	6	405	108
1956	6	2095	026
44	6	30	040
2131	6	2008	032
40	6	1439	097
2811	9	2517	141
212	1	189	062
1866	12	170	135
8863	17	5816	103
2744	9	2593	082
675	15	4990	050
215	1	189	048
28	9	29	147
381	1	259	032
3214	12	2120	152
2723	9	2482	132
3214	12	2120	160
7000	17	6308	152
1956	6	2009	102
2644	10	2924	053
172	1	402	042
2822	17	7129	118
2069	6	2018	148
446	1	259	060
1866	12	170	078
742	1	748	135
3178	11	3087	138
3187	23	12518	100
771	6	30	062
2911	9	2482	087
3064	23	12505	087
2080	6	116	108
2808	9	2517	082
509	6	30	087
2822	14	3475	128
2124	6	115	149
88	1	90	002
588	6	30	053
2681	9	2476	042
2812	9	2517	160
2615	9	2593	143
340	6	405	129
2791	9	2476	012
4586	14	4587	118
2006	6	29	069
2483	9	2518	161
2007	6	2018	141
1957	6	402	147
2003	6	30	129
428	15	5024	113
212	1	189	087
675	15	4990	129
2909	9	2720	045
2903	12	170	161
2124	6	116	092
431	1	189	023
8195	17	7092	141
381	1	405	148
431	1	189	028
2785	9	2593	149
921	1	46	135
1959	6	2009	106
6876	20	6706	141
205	15	4990	124
478	1	444	040
1863	10	3027	127
40	6	1439	070
2168	6	173	044
2723	9	2482	140
2883	9	2517	112
3218	12	2018	141
2126	6	625	158
2587	9	2588	092
8863	17	5818	115
197	1	189	073
2129	6	30	035
675	1	320	104
3206	12	2120	137
396	6	30	067
2845	14	3956	134
3143	11	3087	087
100	6	30	104
8863	17	5816	157
2822	9	2529	132
480	15	4990	002
2131	6	2008	064
169	1	171	159
1866	12	170	080
4736	14	4044	089
3216	12	2155	081
8529	23	2989	045
4736	14	3496	057
446	1	405	132
8282	23	12519	140
2077	6	2060	104
3187	12	2055	132
3093	23	12538	125
114	1	116	121
172	1	402	107
3068	23	3027	017
3225	23	2938	067
8204	23	2989	049
8529	23	2989	102
2583	9	2476	140
444	1	405	092
3197	12	2055	145
3143	11	3087	062
2883	9	2517	157
2723	9	2517	120
2129	6	30	069
8957	23	2922	110
8824	23	2977	120
212	1	189	061
364	1	28	154
2129	6	30	009
2059	6	2061	069
2124	6	116	020
88	6	30	036
2017	6	2009	125
2003	6	2019	133
1110	15	5120	027
44	1	46	134
1110	15	5120	108
2582	9	2520	074
2811	9	2517	134
2688	9	2517	132
1957	6	405	100
100	6	30	068
3214	12	2120	141
478	1	444	110
2102	6	2040	108
1902	23	3074	153
1931	6	116	040
2615	9	2517	137
2172	6	2008	018
3064	23	12505	079
44	6	30	001
172	1	402	000
1930	15	5024	158
2168	6	173	031
588	6	30	024
796	15	4990	142
169	1	172	132
799	1	766	149
733	1	731	153
2077	6	2018	136
2116	6	2018	082
446	1	171	156
205	6	2019	137
2845	14	3956	096
3739	14	3495	029
169	1	172	142
399	6	171	150
260	1	189	045
2017	6	2018	139
88	1	90	051
4940	14	3427	159
2507	9	2476	150
2592	9	2593	130
8779	23	2989	138
9348	20	6012	120
1429	6	2027	151
2026	6	2027	134
3217	12	28	124
1958	6	2061	042
396	6	30	050
3211	12	2120	108
8571	23	12518	153
2809	17	5816	121
2587	9	2588	155
1902	23	3074	104
2119	6	2008	058
796	1	797	157
2059	6	2061	068
2911	10	2940	159
2121	6	402	145
2979	10	2924	131
2126	6	2009	108
2140	6	2009	082
2909	9	2720	024
3225	23	2938	064
8529	23	2989	083
8863	17	5817	083
428	6	259	044
1958	6	2170	154
3106	11	3087	113
2812	9	2517	100
2131	6	2008	024
11201	22	11202	138
2917	10	2942	127
428	15	5024	141
2056	15	4988	018
2744	9	2593	130
2615	9	2593	102
2119	6	2120	086
4582	14	3794	110
2010	6	2018	141
729	15	4990	093
4885	17	8813	099
921	6	30	035
2723	9	2517	125
260	1	189	064
2903	11	3089	154
8957	23	2922	056
1910	14	4329	138
4393	14	3495	158
1588	6	30	083
8571	23	12518	051
2693	11	3087	136
8571	23	12518	124
381	1	405	127
480	1	481	158
3197	12	2055	124
188	1	189	071
588	6	589	160
480	15	4990	146
2008	9	259	045
1959	6	2018	136
2059	6	2018	127
480	15	5067	101
2172	6	2018	142
212	1	189	004
675	15	5120	013
3522	14	3523	000
4582	14	3794	022
675	15	4990	081
771	1	629	137
1893	23	2947	149
284	6	2040	086
3233	23	2977	131
8282	23	12519	095
199	1	189	073
2809	9	2705	159
794	1	478	119
211	1	189	003
3190	12	2120	127
396	6	30	098
488	1	28	137
480	15	4990	006
8438	20	6780	140
431	1	189	069
2812	10	2924	093
2582	9	2520	150
381	6	405	049
3064	23	12505	068
1902	23	3074	110
629	1	30	058
4885	17	8813	068
88	1	90	071
8282	23	12519	073
2632	9	2476	142
629	1	30	055
2172	6	2008	002
1473	1	114	093
2119	6	2045	067
1588	6	30	035
3217	12	28	116
4586	17	5935	157
4036	14	3498	101
629	1	30	052
2105	6	2027	144
3233	12	2009	125
2809	17	5818	123
675	15	4990	054
2917	10	2942	109
2845	9	2518	146
340	1	341	142
2791	9	2476	111
2916	9	2517	095
2583	9	2476	124
2030	6	2008	020
446	1	259	046
2007	6	2008	044
2102	6	2103	015
2157	6	2120	155
8529	23	2989	118
2812	10	2924	109
2172	6	2008	021
8779	23	2989	121
729	1	731	124
44	6	29	139
480	15	4990	145
2895	9	2517	134
2178	6	30	128
2131	6	2008	025
196	1	189	070
2812	10	2924	105
2020	6	2045	014
2615	9	2517	139
8708	17	5949	159
2809	17	5818	097
2129	6	30	031
2883	9	2517	150
3143	11	3087	126
771	6	29	153
3218	12	2018	112
2140	6	2009	102
2979	10	2924	142
2883	9	2482	154
8529	23	2989	146
480	15	4990	013
1473	1	114	151
2530	14	3712	133
2530	14	3431	057
2770	9	2540	121
196	1	189	076
2020	6	2008	081
2138	6	2008	065
113	6	30	038
4520	14	3496	006
1956	6	2009	116
2791	9	2476	090
2777	9	2505	128
2	6	2018	142
2637	9	2593	146
3034	10	2963	156
213	1	189	086
381	1	405	110
2586	9	2482	155
2129	6	30	077
172	1	402	056
2723	9	2482	117
1931	6	115	150
2584	9	2482	149
3068	23	3027	038
8863	17	5816	053
3206	14	3427	086
2909	9	2720	109
675	6	402	138
1931	6	116	036
2811	9	2517	140
2530	14	3431	098
8779	23	2989	018
44	6	30	102
1871	12	2155	024
921	6	46	134
381	1	259	034
2615	9	2517	143
88	6	30	127
2663	9	2588	157
2010	6	2009	089
2663	17	5816	132
2809	17	5818	119
8529	23	2989	049
2037	6	2009	088
1866	12	170	123
675	15	4990	032
2129	6	30	046
2157	6	2120	146
44	6	30	033
796	15	4990	045
2101	6	2040	149
2119	6	2045	058
381	1	259	050
2587	9	2476	061
488	1	30	065
8282	23	12519	053
588	1	589	160
2744	9	2593	090
8779	23	2989	033
428	15	5024	145
114	1	116	068
2629	9	2520	104
2584	9	2482	151
2903	11	3089	045
480	15	4990	076
921	1	30	108
1871	12	2155	054
2010	6	2018	136
2785	9	2593	106
2116	6	2018	153
8957	23	2922	080
8957	23	2922	016
2102	6	2103	011
213	1	189	023
2587	9	2476	058
2769	9	2476	058
4036	14	3498	155
1922	6	2018	157
3214	12	2120	087
3143	11	3087	028
2126	6	2008	021
2172	6	2009	095
100	6	30	033
1931	6	116	091
3032	10	2940	084
2138	6	2008	043
8301	23	3060	064
2883	9	2517	156
509	6	30	023
1894	23	2920	007
114	1	115	156
428	15	5024	155
113	6	30	122
2172	6	2009	098
742	1	743	144
2663	17	5817	142
8863	17	5935	081
2681	9	2476	135
172	1	402	064
2774	11	3107	158
1863	9	2518	150
4582	14	3794	044
428	6	259	045
2003	6	30	030
19	6	2009	097
3225	23	2938	052
2101	6	2040	152
188	1	189	098
8824	23	2977	083
195	1	189	101
2615	9	2517	145
2895	9	2517	117
2845	10	2977	084
3232	12	29	060
3216	12	2155	130
428	6	405	113
675	1	320	141
509	6	30	121
3157	11	3095	143
3093	23	12538	099
675	6	405	126
2021	6	405	127
2809	17	5935	143
1956	6	2009	132
2080	6	116	099
675	6	405	107
8863	17	5816	142
55	6	30	071
205	15	4990	005
1922	6	2061	047
2119	6	2055	013
2035	6	2009	125
88	6	30	107
428	15	5024	152
1912	6	259	041
4586	17	5818	153
12016	22	9574	159
2030	6	2009	111
381	6	405	043
55	6	30	058
195	1	189	062
2059	6	2061	015
3190	12	2120	086
196	1	189	074
2077	6	2061	057
1866	12	170	056
626	1	46	147
114	1	116	101
4885	17	8813	023
2511	9	2517	120
2644	9	2593	060
196	1	189	108
3093	23	12538	086
4914	14	3741	010
1473	1	114	073
3718	14	3719	028
8863	17	5817	101
2059	6	2060	121
2119	6	2104	017
88	6	29	147
213	1	189	116
733	1	731	046
4586	14	4587	125
2895	9	2517	144
4	1	626	147
2077	6	2060	108
1871	12	170	139
3106	11	3087	089
2129	6	30	043
88	6	30	108
4885	17	8813	078
2126	6	2008	059
88	6	29	160
675	15	5120	144
2798	9	2505	139
4582	14	3794	004
3106	11	3087	105
2903	11	3089	070
2791	9	2476	065
2663	17	5817	140
3187	23	12518	089
2059	6	2061	079
88	6	30	029
2008	9	259	062
2119	6	2120	106
212	1	189	084
1863	9	2518	159
2059	6	2061	036
1931	6	115	149
1429	6	30	063
364	6	29	160
205	6	30	045
2744	9	2593	116
3143	11	3087	008
2874	9	2476	131
4885	17	8813	061
2812	10	2924	082
1871	12	2155	092
675	15	5120	156
2119	6	2120	123
771	1	629	122
340	6	402	137
2126	6	2008	030
2010	6	2009	127
626	1	46	158
2017	6	2009	096
3232	12	29	031
1912	6	405	109
2074	6	402	143
8957	23	2922	008
172	1	171	150
2	6	2018	133
1473	1	114	080
2116	6	2018	096
2845	9	2518	138
2769	9	2476	104
100	6	30	095
3206	12	2120	120
2530	9	2517	137
100	6	30	000
3197	12	2120	106
3218	12	2018	108
2124	6	116	108
8529	23	2989	137
8282	23	12519	145
3217	12	28	083
2903	12	170	139
2615	9	2593	155
2874	9	2476	022
8863	17	6190	130
3739	14	3495	028
2	6	2061	001
8529	23	2989	109
2126	6	2009	120
629	1	28	154
1983	15	5024	129
771	6	30	028
3142	14	3793	065
2917	10	2942	156
2006	6	29	001
2845	10	2977	114
2773	9	2517	129
2077	6	2061	033
1473	1	114	025
2119	6	2120	090
88	1	90	047
2017	6	2009	087
2059	6	2061	047
4	1	5	116
2583	9	2476	145
3232	12	29	143
8282	23	12519	088
88	6	28	135
3218	12	2018	115
205	6	30	035
8204	23	2989	081
2124	6	116	111
169	6	173	039
919	1	921	023
2719	10	2929	159
44	6	30	030
381	1	405	158
4281	14	4155	099
2911	9	2482	139
4582	14	3794	052
4036	14	3498	007
659	15	5024	160
2007	6	2018	134
2119	6	2045	084
1922	6	2061	073
3106	11	3087	088
2809	17	5818	157
2867	9	2517	143
2911	10	2720	140
2020	6	2008	052
1894	23	2920	055
659	1	341	069
44	1	46	150
6243	17	6245	029
2845	9	2518	154
629	1	30	096
213	1	189	142
2020	6	2008	078
381	6	405	100
659	1	341	048
8863	17	5816	152
2127	6	171	114
1003	1	956	154
2587	9	2588	089
675	15	4990	139
169	6	2042	160
2010	6	2008	071
8863	17	5935	160
8154	20	7092	124
2693	11	3087	138
3034	14	3956	157
588	6	30	060
1947	6	2027	145
205	6	2019	140
2769	9	2476	115
2773	9	2517	100
1975	6	2008	065
675	1	320	151
261	1	262	011
2030	6	2009	104
2129	6	30	101
2808	9	2517	102
2144	6	2018	160
2116	6	2018	151
2530	14	3431	111
3032	10	2940	158
1902	23	3074	082
1931	6	116	054
2663	9	2588	139
2874	9	2476	062
478	1	444	141
2144	6	2009	126
9431	20	5762	144
2809	17	5818	099
796	1	797	154
2006	6	29	154
2511	9	2517	159
100	6	30	045
3106	11	3087	126
2587	9	2476	116
2090	6	116	070
8204	23	2989	026
196	1	189	071
284	6	2008	060
509	6	30	064
2587	9	2476	154
488	1	30	075
431	1	189	161
2144	6	2009	120
2644	9	2593	115
169	6	405	103
399	1	405	095
2883	9	2482	145
2615	9	2593	121
919	1	921	124
9024	17	6465	157
1902	23	3074	050
2127	6	171	118
2131	6	2018	144
213	1	189	069
4281	14	4156	094
2655	9	2482	131
4805	14	3711	148
4885	17	8813	117
675	15	5120	089
114	1	116	131
2632	9	2517	114
3218	12	2018	125
2119	6	2045	125
729	15	4990	100
2127	6	171	081
8957	23	2922	154
2131	6	2008	073
2911	9	2482	080
478	1	444	133
2655	9	2482	148
8863	17	5817	096
921	6	30	111
919	1	921	110
396	6	30	097
675	15	4990	084
659	1	341	125
1947	6	2027	153
11201	22	9756	151
4684	14	3707	135
1947	6	2027	150
2917	10	2942	059
3218	12	2018	073
771	1	629	045
3208	12	2120	149
8824	23	2977	065
2688	9	2517	150
113	6	29	144
4036	14	3498	061
1975	6	2066	160
260	1	189	054
2917	9	2593	157
1947	6	173	003
8282	23	12519	061
8282	23	12519	067
2168	6	173	076
3190	12	2120	114
2582	9	2520	148
2131	6	2009	123
3217	12	28	018
2880	9	2517	144
2770	9	2540	133
2770	9	2482	104
2917	9	2593	053
2791	9	2476	057
2020	6	2008	063
509	6	30	111
2726	20	6706	143
3065	23	12519	159
2769	9	2476	117
1956	6	2009	125
3068	23	3027	060
675	15	5120	007
2770	9	2540	100
8529	23	2989	059
2769	9	2476	072
2102	6	2095	028
2020	6	2045	015
2530	9	2476	138
2880	9	2517	122
2119	6	2045	036
2723	9	2482	156
2909	9	2720	070
2809	17	5816	157
509	6	30	128
2116	6	2061	000
2808	9	2517	142
3225	23	2989	106
2909	9	2593	059
2693	11	3087	158
212	1	189	083
2119	6	2120	088
2008	15	4988	054
478	1	444	137
284	1	189	099
88	1	90	048
205	6	2019	141
2030	6	2008	037
2126	6	2045	002
1473	1	114	006
2903	12	170	159
2911	10	2940	092
2465	20	6012	137
488	1	28	131
8282	23	12519	037
2117	6	2032	141
3093	23	12538	017
340	6	171	150
2010	6	2018	159
1922	6	2061	022
428	6	171	148
2105	6	2027	132
88	6	30	047
44	6	30	117
2530	14	3431	112
2582	9	2520	146
2911	10	2720	105
1983	6	405	107
2094	6	2095	024
7446	20	6780	144
2140	6	2009	128
1922	6	2061	090
2127	6	171	062
8863	17	5818	143
399	1	405	105
8529	23	2989	114
771	6	30	088
2129	6	30	121
478	1	444	066
742	15	4990	156
44	6	29	138
1956	6	2009	087
919	1	921	046
3232	12	29	118
115	9	2486	159
2663	17	5818	155
195	1	189	044
2592	9	2593	097
4586	17	5816	145
796	15	4990	100
2587	9	2476	137
205	15	4990	086
100	6	30	055
1902	23	3074	142
2811	9	2517	137
100	6	30	092
3143	11	3087	014
213	1	189	062
205	6	2019	135
198	1	189	106
1860	9	2517	126
1975	6	2008	009
2102	6	285	005
8863	17	5817	105
6884	17	6190	070
2644	10	2924	052
2785	9	2593	085
215	1	189	046
2017	6	2009	101
3218	12	2018	132
381	6	405	103
212	1	189	141
2102	6	2040	100
212	1	189	132
4582	14	3794	034
4582	14	3793	142
2903	11	3089	135
2911	9	2482	148
2026	6	30	121
2809	17	5818	121
2010	6	2009	111
4395	14	3496	096
2131	6	2008	065
921	6	46	136
2909	9	2720	107
921	6	30	110
8957	23	2922	030
2127	6	171	144
195	1	189	158
1975	6	2008	047
169	6	402	147
3187	12	2055	138
1473	1	114	003
2124	6	116	029
169	6	405	118
215	1	189	099
2903	11	3089	018
8863	17	6190	132
396	6	30	081
3032	23	3027	053
188	1	189	038
2119	6	2045	061
2916	9	2517	161
2845	14	3956	098
188	1	189	009
3225	23	2938	022
114	1	115	151
3143	11	3087	149
8957	23	2922	034
1975	6	2009	095
2845	10	2977	160
2059	6	2060	160
2644	9	2593	095
2895	9	2517	120
8571	23	12518	064
2119	6	2120	137
2101	6	2040	159
8957	23	2922	149
629	1	30	007
2126	6	625	156
2069	6	2018	091
8204	23	2989	024
3197	12	2120	099
8863	17	5818	157
2020	6	2008	069
3208	12	2120	145
428	6	2055	021
381	1	405	123
8863	17	5816	085
588	6	30	075
8301	23	3060	099
796	15	4990	094
197	1	189	087
213	1	189	091
4393	14	3495	153
2719	10	3016	128
2681	9	2476	127
1959	6	2008	062
396	6	30	040
588	6	589	159
2917	10	2942	124
2114	15	4988	003
2069	6	2018	152
2809	17	5935	119
169	1	173	122
2003	6	2019	156
284	6	2008	052
8571	23	12518	147
19	6	2008	069
2909	9	2720	072
2511	9	2476	123
169	6	173	071
205	6	30	076
8863	17	5818	048
1983	15	5024	124
3211	12	2120	133
2809	17	5935	140
3187	12	2055	113
1958	6	2009	127
1931	6	116	084
2140	6	2009	110
2030	6	2008	028
1912	6	259	035
2916	9	2517	150
1429	6	30	101
675	15	4990	157
55	6	30	099
2812	10	2924	087
8863	17	5816	044
44	6	30	122
284	6	2040	120
480	15	4990	087
2119	6	2045	108
8342	17	6109	152
742	1	748	120
2785	9	2593	097
113	6	30	073
2909	9	2593	062
2587	9	2588	105
8571	23	12518	130
2717	9	2517	138
83	1	58	150
3590	14	3592	096
198	1	189	011
428	6	259	032
2663	9	2476	149
3425	14	3427	120
2003	6	2038	012
44	1	46	151
2127	6	171	159
2592	9	2593	148
1473	1	114	104
2168	6	173	049
919	1	921	125
629	1	30	035
2172	6	2018	154
205	15	4990	007
1975	6	2009	110
2916	9	2517	118
431	1	189	076
2589	14	4898	125
2530	14	3431	157
1912	6	171	155
2138	6	2008	035
3225	23	2989	079
428	6	405	101
2119	6	2045	021
675	6	405	118
2812	9	2517	143
212	1	189	098
1893	12	2155	157
1110	15	5120	118
2059	6	2061	040
2845	14	3956	154
2124	6	116	117
6876	20	6706	143
2172	6	2018	134
3051	10	2924	025
8863	17	5817	152
4582	14	3794	062
381	1	259	070
2632	9	2476	153
3214	12	2120	099
3205	12	2055	136
3206	12	2120	151
3143	11	3087	137
2916	9	2517	104
2020	6	2045	009
2615	9	2517	128
675	15	5120	084
2131	6	2008	033
1871	12	2155	042
172	1	402	123
2	6	2061	011
2895	9	2517	118
2026	6	2027	145
1871	12	2155	125
8779	23	2989	083
8863	17	5935	093
199	1	189	014
2530	14	3431	028
675	15	5120	082
1947	6	173	055
2074	6	405	130
2516	9	2517	122
8571	23	12518	152
3208	12	2120	152
3206	12	2120	102
1912	6	402	135
509	6	28	131
3197	12	2120	095
2874	9	2476	110
195	1	189	151
3106	11	3087	047
2723	9	2482	122
2615	9	2517	088
480	15	4990	022
4395	14	3771	078
2637	9	2593	084
172	1	402	017
399	1	402	139
1912	15	5024	119
2809	17	5935	159
3232	12	29	133
1003	1	589	149
205	15	4990	070
2102	6	2008	032
2116	6	2018	102
2090	6	116	120
2717	9	2517	140
2693	12	28	062
2911	10	2720	136
446	1	171	157
4885	17	8813	027
8863	17	5935	161
2069	6	2018	094
284	1	189	156
2006	6	29	083
19	6	2009	131
2172	6	2008	060
1956	6	2008	034
3208	12	2120	095
2059	6	2061	092
399	1	171	151
4036	14	3498	069
2632	9	2517	133
2909	9	2593	090
2845	9	2518	107
2010	6	2009	096
2677	15	4969	160
188	1	189	085
113	6	30	074
3233	12	2009	116
113	6	30	056
3205	12	2055	152
195	1	189	020
2693	12	28	090
2105	6	30	091
8863	17	5818	118
4154	14	4155	144
2010	6	2018	160
919	1	921	087
1922	6	2061	008
1945	6	402	146
213	1	189	013
213	1	189	120
199	1	189	106
729	15	4990	143
2644	9	2593	114
2008	15	4988	030
55	6	30	047
2172	6	2008	014
2723	9	2482	136
2726	9	2593	129
199	1	189	130
2101	6	2040	121
1957	6	173	084
729	15	4990	119
1945	6	405	090
2917	9	2593	081
1945	6	405	121
446	1	259	034
659	1	341	159
215	1	189	097
3217	12	28	097
2874	9	2476	042
2723	9	2517	119
340	6	402	145
8301	23	3060	089
2077	6	2061	074
213	1	189	128
2516	9	2517	141
742	1	748	084
675	15	4990	083
4885	17	8813	073
2017	6	2018	145
2582	9	2520	105
675	15	4990	066
205	6	30	110
2030	6	2008	018
2663	17	5817	131
478	1	444	036
2681	9	2476	114
488	1	30	093
188	1	189	095
659	1	341	041
2141	6	171	154
1900	10	3042	116
2770	9	2482	111
480	15	4990	074
1900	4	1901	148
1958	6	2009	095
2798	9	2505	142
742	15	4990	134
3068	23	3027	003
742	15	4990	151
2822	14	3475	126
2911	10	2940	157
199	1	189	098
4775	14	3495	142
205	6	30	115
2105	6	30	052
213	1	189	007
2094	6	2040	075
3211	12	2120	094
4885	17	8813	048
771	6	29	140
1956	6	2095	025
2688	9	2517	105
3068	23	3027	132
211	1	189	118
1473	1	114	028
2761	9	2517	112
2798	9	2505	155
2119	6	2045	087
55	6	30	114
1871	12	2155	057
205	6	2019	147
2530	14	3431	034
2077	6	2061	084
4586	17	5816	153
675	1	320	122
340	6	402	132
9268	20	6706	138
4586	14	3475	134
2644	9	2593	128
2589	9	2517	150
2769	9	2476	126
2080	6	115	155
2030	6	2045	009
1947	6	173	027
1957	6	173	037
2102	6	2008	030
3225	23	2989	024
2615	9	2476	133
3143	11	3087	057
8779	23	2989	067
2140	6	2008	038
172	1	402	096
2124	6	117	000
2589	14	3500	131
8863	17	5935	113
88	1	90	123
2530	14	3431	117
742	1	748	109
2587	9	2476	140
2791	9	2476	161
3064	23	12505	135
3187	12	2055	117
3205	20	6012	152
2030	6	2032	138
188	1	189	114
2	6	2018	141
2119	6	2045	113
2	6	2061	000
55	6	29	156
8863	17	5816	083
1871	12	170	134
12469	22	9756	160
3143	11	3087	082
2074	6	402	139
1956	6	2008	042
2127	6	171	010
2808	10	2924	072
260	1	189	119
2020	6	2009	115
446	1	259	057
8863	17	5816	134
9105	17	5987	142
431	1	189	068
1473	1	114	140
11201	22	10030	147
1958	6	2061	088
195	1	189	125
2792	9	2578	154
629	1	28	135
3064	23	12505	065
1975	6	2008	052
2124	6	116	128
2880	9	2517	106
771	6	30	035
2017	6	2018	152
2116	6	2061	003
2129	6	30	025
2101	6	2008	069
1429	6	30	076
169	6	173	036
284	1	189	087
3217	12	28	052
798	1	589	149
212	1	189	066
40	6	1439	091
195	1	189	098
2723	9	2517	136
2663	9	2588	161
478	1	444	129
196	1	189	063
2131	6	2009	087
8863	17	5816	151
199	1	189	114
4520	14	3496	004
921	1	30	131
2069	6	2018	114
2127	6	171	059
2883	9	2517	128
3068	23	3027	140
205	15	4990	109
2020	6	2008	050
2811	9	2517	152
1003	1	956	152
2909	9	2720	132
2582	9	2520	100
3590	14	3591	087
100	6	30	069
1003	1	1005	138
919	1	921	048
2592	9	2593	151
2094	6	2040	086
3233	23	2977	141
659	1	341	003
215	1	189	078
2583	9	2476	148
396	6	30	090
629	1	30	120
2026	6	30	035
211	1	189	067
3190	12	2120	147
3225	23	2989	001
3232	12	29	107
2726	9	2593	154
2909	9	2720	014
4659	14	3509	061
2172	6	2009	131
588	6	589	139
1110	15	5120	120
12469	22	9990	161
205	15	4990	128
2126	6	2008	074
4582	14	3794	064
2917	9	2593	080
1429	6	2027	160
8779	23	2989	136
2845	14	3956	111
197	1	189	071
2172	6	2008	077
2119	6	2045	044
196	1	189	128
478	1	444	093
172	1	402	059
2530	9	2476	134
212	1	189	003
3508	14	3436	156
794	1	478	161
284	6	2040	132
2121	6	405	094
196	1	189	060
659	1	341	145
428	6	405	123
1588	6	29	143
2017	6	2018	148
2773	9	2517	141
2077	6	2018	138
8824	23	2977	158
8957	23	2922	090
2874	9	2476	069
2723	9	2482	100
1983	6	171	156
197	1	189	030
4586	17	5817	159
3217	12	28	051
2809	17	5817	159
2911	10	2940	101
2979	10	2924	141
213	1	189	039
3093	23	12538	006
1957	6	171	159
675	15	4990	028
771	6	28	136
2116	6	2018	124
1922	6	2018	145
2770	9	2540	142
3068	23	3027	078
2587	9	2476	099
114	1	116	100
2845	9	2518	136
260	1	189	149
2105	6	30	072
3068	23	3027	099
3187	23	12518	107
19	6	2044	136
2101	6	2040	099
629	1	30	106
796	1	797	155
2693	14	3468	139
284	6	2040	139
2809	9	2705	116
2008	9	259	065
794	1	478	137
431	1	189	021
2126	6	2045	014
2770	9	2482	160
2773	9	2517	097
2874	9	2476	071
8863	17	5817	153
4885	17	8813	118
2883	9	2482	128
2791	9	2476	009
794	1	478	120
2637	14	4535	083
169	6	405	127
2582	9	2520	073
2105	6	30	084
2809	9	2705	144
199	1	189	063
8204	23	2989	089
3068	23	3027	129
1139	1	773	145
2812	9	2517	136
2785	9	2593	159
431	1	189	122
205	6	2019	150
2144	6	2009	086
2017	6	2008	056
3064	23	12505	071
428	6	402	144
3190	12	2120	122
2035	6	2009	108
213	1	189	158
1866	12	170	148
188	1	189	013
2693	12	28	071
2769	9	2476	141
196	1	189	117
6884	17	7815	048
2144	6	2009	131
2116	6	2061	006
3143	11	3087	131
114	1	116	024
205	6	2019	154
399	6	171	149
2017	6	2008	030
2693	12	28	099
2168	6	173	009
2530	14	3431	091
83	6	29	146
1983	6	405	091
2769	9	2476	059
3216	12	2155	127
921	6	30	031
9179	20	5762	138
113	6	46	134
113	6	30	060
2059	6	2060	109
733	1	731	079
921	1	30	067
2785	9	2520	148
1947	6	173	018
1922	6	2061	019
488	1	30	070
8529	23	2989	027
1871	12	2155	107
3232	12	29	038
2102	6	2040	150
3205	12	2055	158
2102	6	2008	065
1902	23	3074	089
260	1	189	039
2909	9	2720	119
195	1	189	059
8571	23	12518	135
478	1	444	055
3093	23	12538	068
3232	12	29	044
2769	9	2476	161
188	1	189	046
2119	6	2120	120
55	6	30	066
771	1	629	113
44	6	550	132
197	1	189	041
3233	23	12521	155
3106	11	3087	109
2119	6	2045	092
2069	6	2018	116
199	1	189	031
8571	23	12518	069
629	1	30	053
2007	6	2018	148
675	1	320	085
3205	17	5853	146
88	6	30	022
364	6	29	156
2102	6	2040	082
1871	12	2155	081
2069	6	2018	106
2587	9	2476	069
381	6	405	064
2637	14	4535	093
2	6	2018	138
1139	1	772	161
794	1	478	159
3051	10	2924	035
509	6	30	047
2119	6	2120	158
675	6	405	115
446	1	259	045
2777	9	2505	132
3425	14	3428	128
19	6	2045	017
215	1	189	113
4111	14	3496	072
2688	9	2517	158
8779	23	2989	133
794	1	478	102
211	1	189	078
55	6	30	132
2874	9	2476	066
381	6	405	029
3233	23	2977	160
19	6	2008	043
8779	23	2989	098
2911	9	2482	157
2744	10	2924	095
3218	12	2018	092
1910	14	3956	132
8863	17	5816	160
213	1	189	159
3866	14	3487	067
2655	9	2482	140
444	1	405	106
2127	6	171	153
2007	6	2008	057
2483	9	2518	156
2874	9	2476	031
2157	6	2120	113
2119	6	2008	063
213	1	189	093
100	6	30	124
205	15	4990	098
771	1	629	082
2077	6	2060	100
3232	12	29	145
3157	11	3095	149
2140	6	2009	125
2632	9	2476	159
2035	6	2009	110
2880	9	2517	127
8571	23	12518	110
8863	17	5818	132
8708	23	12505	132
2102	6	2040	078
197	1	189	084
114	1	116	062
8824	23	2977	087
2511	9	2476	130
8863	17	5818	102
1947	6	173	084
212	1	189	028
588	1	589	152
1945	6	405	085
4036	14	3498	035
2785	9	2520	121
215	1	189	120
2017	6	2008	066
196	1	189	062
8863	17	5816	042
2010	6	2008	037
88	6	29	161
2723	9	2482	135
197	1	189	090
675	15	4990	039
2010	6	2009	118
8301	23	3060	011
396	6	29	140
2979	10	2924	147
2	6	2061	008
2883	9	2517	155
733	1	731	140
3232	12	29	147
2172	6	2009	108
205	6	30	093
211	1	189	076
2791	9	2476	070
55	1	58	158
188	1	189	023
742	1	748	111
2126	6	2009	112
2663	17	5816	129
8863	17	5818	159
1860	10	2940	086
2909	9	2593	110
2587	9	2588	138
113	6	29	159
2094	6	2040	074
733	1	731	049
2007	6	2009	129
2592	9	2593	120
4582	14	3794	148
8824	23	2977	150
2077	6	2061	006
2059	6	2018	137
2530	14	3431	042
675	6	405	101
1947	6	405	111
3206	14	3426	086
8529	23	2989	100
55	6	30	023
1473	1	114	042
2	6	30	086
1922	6	2061	036
8863	17	5818	133
2809	17	5816	118
1871	12	2155	094
4003	14	3717	114
4111	14	3496	070
88	6	30	051
213	1	189	107
2030	6	2008	071
2761	9	2517	160
188	1	189	016
796	15	4990	017
2126	6	2009	127
2587	9	2476	109
2785	9	2593	129
260	1	189	012
2144	6	2009	097
8863	17	5817	087
8863	17	5816	095
921	1	30	089
1588	6	30	000
28	6	29	136
8863	17	5818	153
212	1	189	011
2105	6	30	083
2172	6	2009	096
3225	23	2989	098
55	6	29	146
2020	6	2008	043
921	6	30	072
2773	9	2517	149
2903	11	3089	101
8779	23	2989	069
2149	6	29	143
88	6	30	030
675	15	5120	028
169	6	171	150
3218	12	2018	062
2785	9	2593	153
2867	9	2517	157
921	6	30	096
1871	12	2155	075
198	1	189	104
1959	6	2009	109
488	1	30	067
3205	12	2055	135
8863	17	5817	065
2126	6	2008	027
3214	12	2120	136
771	1	629	126
198	1	189	076
2140	6	2018	145
197	1	189	121
88	1	90	046
729	1	731	104
2030	6	2008	079
3190	12	2120	115
2168	6	173	069
1429	6	30	121
188	1	189	089
4036	14	3498	153
211	1	189	032
2126	6	2008	064
626	6	46	155
211	1	189	111
921	1	30	053
771	6	30	102
205	6	30	047
8008	20	7092	125
1900	10	3043	157
2530	14	3431	085
1975	6	2008	020
2119	6	2120	157
629	1	30	088
9268	20	6706	142
2808	10	2924	099
197	1	189	081
44	1	46	139
188	1	189	045
4885	17	8813	054
8408	23	12519	146
8824	23	2977	141
2895	20	6706	123
2102	6	2008	053
3204	12	170	145
172	1	402	089
8529	23	2989	020
3225	23	2989	110
7446	20	6780	129
195	1	189	021
1947	6	173	052
480	15	5067	134
2017	6	2009	098
3206	12	2120	161
3200	12	2055	127
2809	17	5817	158
1894	23	2920	123
2583	9	2476	146
771	1	629	103
2808	9	2517	116
2131	6	2008	030
4659	14	3509	063
2149	6	29	149
8863	17	5816	079
381	1	405	109
2126	6	2008	046
2119	6	2008	066
1902	23	3074	091
2874	9	2476	086
2030	6	2032	141
3187	23	12518	141
629	1	30	012
2809	17	5935	120
215	1	189	033
8957	23	2922	046
2129	6	30	016
8863	17	5935	133
509	6	30	060
3106	11	3087	108
113	6	30	058
3106	11	3087	072
1958	6	2061	007
197	1	189	157
2792	9	2578	158
1871	12	2155	084
100	6	30	046
771	6	30	087
8529	23	2989	032
2030	6	2032	150
8863	17	6190	113
7073	23	2989	160
2030	6	2009	108
1975	6	2008	076
113	6	332	131
3894	14	3895	119
396	6	30	085
2481	9	2482	117
1429	6	30	123
2903	11	3089	155
2080	6	116	118
8282	23	12519	074
8863	17	5935	121
199	1	189	009
2138	6	2008	055
2717	9	2517	100
1912	15	5024	105
796	15	4990	113
1931	6	116	043
588	6	30	038
4586	17	5817	160
2587	9	2588	075
431	1	189	137
2917	9	2593	111
2587	9	2476	055
729	15	4990	090
2020	6	2008	062
2020	6	2008	041
1958	6	2009	094
2007	6	2008	051
771	6	30	116
3225	23	2989	126
2637	9	2593	117
55	6	29	143
921	1	30	124
113	6	30	040
675	15	4990	018
169	6	405	099
381	6	405	070
4582	14	3794	100
8282	23	12519	034
675	15	5120	067
771	6	30	060
2017	6	2018	142
2693	14	3468	156
675	15	5120	111
55	6	30	007
40	6	2114	009
205	6	30	126
2911	9	2482	070
2791	9	2476	149
3232	12	29	021
2629	9	2520	141
113	6	30	121
381	1	259	061
2026	6	30	064
3187	12	2055	155
340	1	341	137
2770	9	2540	095
19	6	2008	023
2121	6	171	159
2845	10	2977	155
1588	6	30	084
2	6	2018	150
1866	12	170	005
729	1	731	052
260	1	189	126
1922	6	2061	087
2809	17	5818	090
3187	23	12518	054
2138	6	2008	061
3197	12	2120	113
114	1	115	139
2172	6	2008	068
2017	6	2009	103
2	6	2018	134
8301	23	3060	014
1894	23	2920	027
431	1	189	154
114	1	116	048
8957	23	2922	023
1894	23	2920	032
2663	17	5818	156
1957	6	402	140
2069	6	2018	131
2582	9	2520	077
1959	6	2008	047
1983	6	405	111
3032	10	2940	145
2883	9	2482	133
1588	6	30	086
446	1	259	061
2845	14	3956	133
3225	23	2938	046
1931	6	116	082
675	1	320	160
2769	9	2476	075
197	1	189	159
100	6	29	145
169	6	173	029
88	6	30	028
172	1	402	147
213	1	189	151
2909	9	2593	123
8863	17	5817	036
3216	12	2155	148
3206	12	2120	160
3064	23	12505	097
88	6	29	152
2003	6	30	023
2637	9	2593	083
2605	9	2476	151
428	6	405	105
1473	1	114	110
2808	9	2517	113
3425	14	3430	107
431	1	189	043
2007	6	2018	149
2744	9	2593	110
3143	11	3087	155
1957	6	173	055
211	1	189	061
2030	6	2045	018
4885	17	8813	135
1588	6	30	007
2629	9	2520	154
196	1	189	097
3068	23	3027	032
3064	23	12505	074
2074	6	405	097
2119	6	2045	110
55	6	30	018
2101	6	2008	063
3225	23	2989	054
2026	6	30	127
2007	6	2018	161
8204	23	2989	074
1894	23	2920	112
2909	9	2720	081
2723	9	2482	115
3233	23	12521	152
284	6	2008	054
2140	6	2008	060
2769	9	2476	135
28	1	29	158
2632	9	2517	145
2916	9	2517	128
480	15	4990	102
8204	23	2989	077
629	1	28	131
2102	6	2040	155
2589	9	2517	133
2102	6	285	009
2144	6	2018	149
2895	20	6706	115
2059	6	2061	018
1110	15	5120	020
2030	6	2009	098
3217	12	28	107
8571	23	12518	074
2116	6	2061	018
1983	6	405	117
675	6	405	121
3218	12	2018	095
2785	9	2593	114
2880	9	2517	108
1860	9	2517	100
2119	6	2008	035
396	6	30	116
8529	23	2989	011
205	6	30	023
100	6	30	126
8204	23	2989	044
2007	6	2008	077
2140	6	2008	031
3208	12	2120	144
8824	23	2977	050
4036	14	3498	028
3232	12	29	057
3068	23	3027	121
1947	6	173	073
742	1	748	122
675	15	4990	080
1429	6	2027	133
381	1	405	147
2629	9	2520	160
2808	9	2517	161
195	1	189	090
2072	6	29	152
4830	14	3496	030
2129	6	30	090
205	15	4990	026
8529	23	2989	113
8957	23	2922	158
2030	6	2032	137
1110	15	5120	045
28	1	29	155
1958	6	2061	090
8863	17	6190	117
9012	17	5935	131
478	1	444	068
4720	14	3717	073
3068	23	3027	088
2655	20	7092	151
2845	9	2518	120
2637	9	2593	159
1110	15	5120	125
8863	17	5817	141
2744	9	2593	109
2770	9	2482	123
19	6	2009	128
215	1	189	062
921	1	30	086
626	6	46	160
2055	9	2486	161
2149	6	29	137
3216	12	2155	020
396	6	30	069
8282	23	12519	048
28	6	29	139
1958	6	2061	066
2168	6	173	040
8708	17	6704	147
428	6	405	087
2909	9	2593	030
2101	6	2040	153
212	1	189	016
2124	6	115	157
188	1	189	015
2909	9	2720	023
2582	9	2520	087
2126	6	2009	082
2917	10	2942	104
1871	12	2155	086
2138	6	2008	040
8571	23	12518	081
796	15	4990	133
198	1	189	031
2140	6	2008	080
431	1	189	037
2123	15	4969	159
2927	10	2932	141
8863	17	5817	124
2744	9	2593	160
3211	12	2120	157
115	9	2490	161
2791	9	2476	141
2909	9	2720	160
771	1	629	027
8824	23	2977	119
215	1	189	101
2663	17	5935	156
1958	6	2009	126
659	1	341	072
88	6	29	151
10751	22	9592	141
2030	6	2008	019
8824	23	2977	069
2138	6	2008	068
2026	6	30	085
1931	6	116	015
215	1	189	147
762	1	28	150
188	1	189	112
431	1	189	019
205	6	2038	013
284	1	189	120
2119	6	2095	022
1947	6	173	036
8863	17	6190	133
2105	6	30	020
8767	17	6465	141
629	1	30	121
2785	9	2520	114
2006	6	29	036
340	6	402	133
8863	17	5817	077
509	6	30	005
4885	17	8813	123
1871	12	2155	065
3034	10	2963	155
8301	23	3060	024
796	1	797	161
2131	6	2009	084
659	1	341	034
1866	12	170	007
2465	14	3495	135
488	1	30	068
2003	6	30	076
2785	9	2593	155
40	6	1439	068
3217	12	28	118
196	1	189	084
2663	17	5817	147
2140	6	2009	121
12016	22	9579	147
2629	9	2520	148
675	15	4990	085
1851	10	3012	141
4885	17	8813	031
2637	9	2593	120
2791	9	2476	129
2069	6	2018	083
211	1	189	140
1957	6	173	040
1945	6	405	086
2157	6	2120	122
2511	9	2517	142
2770	9	2540	096
4582	14	3794	030
2791	9	2476	107
2080	6	116	105
260	1	189	121
2020	6	2009	110
2644	10	2924	051
771	6	332	131
8824	23	2977	145
2131	6	2009	085
215	1	189	000
3233	23	12521	138
3106	11	3087	033
2110	6	171	148
771	1	629	138
2003	6	30	052
399	1	405	091
19	6	2008	020
1931	6	116	018
3190	12	2120	098
2127	6	171	026
195	1	189	128
188	1	189	136
213	1	189	160
1912	6	259	066
3866	14	3487	096
19	6	2008	073
169	6	2042	159
2121	6	405	133
796	1	797	158
2615	9	2476	111
399	1	402	133
1110	15	5120	014
2845	14	3956	136
4582	14	3512	143
2105	6	30	051
729	1	731	110
1894	23	2920	066
1894	23	2920	115
169	1	173	114
2586	9	2482	150
1860	9	2517	143
3032	10	2940	085
2116	6	2061	036
197	1	189	019
195	1	189	067
2124	6	116	024
28	9	29	151
3225	23	2989	061
1983	6	405	126
3064	23	12505	024
44	1	46	153
2144	6	2018	133
480	15	4990	088
8863	17	5816	087
2017	6	2008	050
169	6	173	044
8949	23	12518	114
2010	6	2018	137
284	6	2008	046
169	6	173	030
8824	23	2977	113
396	6	28	134
675	15	4990	117
2507	9	2476	154
2808	9	2517	100
675	15	4990	118
2791	9	2476	151
3032	10	2940	073
2003	6	2019	143
2010	6	2008	065
4885	17	8813	114
2911	10	2720	094
729	1	731	109
2917	10	2942	122
2717	9	2517	133
1975	6	2008	013
509	6	30	035
2105	6	30	044
2168	6	173	042
3093	23	12538	117
2105	6	30	006
2008	15	4988	080
44	6	30	050
771	6	30	086
8863	17	6190	114
211	1	189	146
3032	23	3060	048
2770	9	2540	149
2102	6	285	006
2911	9	2482	115
2637	9	2593	121
1588	6	30	054
2770	9	2540	123
188	1	189	152
2101	6	2008	051
2140	6	2018	154
6174	17	6175	080
921	6	30	016
3217	12	28	089
2140	6	2018	156
1957	6	405	131
2105	6	30	045
2909	9	2720	005
2909	9	2593	029
2808	9	2517	118
1866	12	170	106
1975	6	2009	132
2127	6	171	007
2785	9	2520	160
794	1	478	146
921	6	30	107
2003	6	30	073
2812	9	2517	153
2530	14	3431	134
2587	9	2476	073
2584	9	2482	152
88	6	30	077
198	1	189	091
2	6	30	073
8863	17	5818	155
480	15	5067	151
2587	9	2476	092
2077	6	2061	019
3106	11	3087	086
2583	9	2476	119
205	15	4990	044
2785	9	2520	092
1956	6	2008	051
629	1	30	067
88	6	30	103
1588	6	30	080
2119	6	2120	107
2020	6	2009	107
1902	23	3074	004
2845	14	3956	130
2172	6	2018	148
2090	6	116	126
4586	17	5818	119
2867	9	2588	122
2511	9	2476	148
4885	17	8813	154
55	1	58	137
3225	23	2938	039
2121	6	2122	003
88	6	30	093
8824	23	2977	002
2845	14	3956	086
2917	9	2593	101
2663	17	5816	155
7382	17	5819	111
2117	6	2032	147
3190	12	2120	157
196	1	189	099
675	15	4990	119
2770	9	2482	129
172	1	402	139
100	6	29	148
2770	9	2482	126
509	6	30	052
919	1	921	134
2812	10	2924	086
3225	23	2989	035
921	6	30	068
1871	12	170	148
771	1	629	132
28	1	29	160
2131	6	2018	147
88	1	90	089
796	15	4990	023
1959	6	2008	076
2880	9	2517	103
197	1	189	031
2808	10	2924	079
1860	9	2517	134
2681	9	2476	020
1975	6	2008	037
2069	6	2018	138
2021	6	402	143
1957	6	2055	012
195	1	189	050
2663	17	5818	132
2917	10	2942	076
2116	6	2061	038
2723	9	2517	109
196	1	189	050
1983	15	5024	126
921	6	30	063
3425	14	3430	109
8571	23	12518	136
2587	9	2476	075
1957	6	405	121
629	1	28	152
2644	9	2593	090
2785	9	2520	138
2769	9	2476	099
1958	6	2009	108
2140	6	2009	088
509	6	30	112
1588	6	30	077
2116	6	2018	087
2587	9	2476	050
480	15	4990	020
2124	6	115	150
188	1	189	000
196	1	189	160
1975	6	2009	126
796	15	4990	146
8204	23	2989	086
2867	9	2588	158
1957	6	173	048
2008	15	4988	018
3187	23	12518	081
1894	11	3107	157
2717	9	2517	153
2903	11	3089	121
2101	6	2008	037
2010	6	2018	146
921	6	30	033
629	1	30	034
2037	6	2009	099
3200	12	2055	137
197	1	189	027
4036	14	3498	096
213	1	189	127
2723	9	2482	128
921	6	30	115
3011	10	3012	139
2172	6	2018	158
1983	6	405	097
2927	10	2929	136
2874	9	2476	139
2798	9	2505	140
2785	9	2520	132
2615	9	2476	121
8863	17	5816	107
2785	9	2593	088
2077	6	2061	061
446	1	171	155
2080	6	116	098
8779	23	2989	007
742	1	743	143
7184	20	6706	158
2516	9	2517	142
659	1	341	040
921	1	30	100
4885	17	8813	125
197	1	189	132
796	15	4990	102
2017	6	2009	095
2003	6	2038	002
195	1	189	133
3216	12	2155	138
2812	9	2517	099
2127	6	171	048
196	1	189	080
2157	6	2120	128
3216	12	2155	133
509	6	30	091
2809	17	5816	159
3062	10	2924	069
2785	9	2520	143
588	6	30	022
2116	6	2018	139
212	1	189	093
8282	23	12519	080
1956	6	2008	080
19	6	2008	055
40	6	1439	087
1922	6	2018	103
2845	9	2518	090
2090	6	116	045
2074	6	405	114
2090	6	116	116
3232	12	29	090
1947	6	173	022
2119	6	2095	026
2845	10	2977	129
3769	14	3496	044
729	15	4990	128
2909	9	2593	144
2681	9	2476	150
2845	10	2977	083
2587	9	2588	078
2911	10	2720	155
8204	23	2989	143
215	1	189	031
1894	23	2920	109
2681	9	2476	102
1894	23	2920	106
8571	23	12518	101
2911	10	2720	095
2020	6	2018	142
659	1	341	092
2587	9	2476	115
2003	6	30	031
1871	12	2155	079
1473	1	114	066
4036	14	3498	062
8863	17	5935	125
2812	9	2517	112
2077	6	2061	042
2809	9	2705	115
2530	9	2517	130
8863	17	5935	151
88	6	30	092
2744	9	2593	157
2883	9	2517	140
2126	6	2008	077
1860	9	2517	101
100	6	29	153
3218	12	2018	052
2138	6	2018	152
2080	6	115	149
113	6	30	090
2094	6	2040	120
2140	6	2009	130
2105	6	30	063
3232	12	29	117
169	6	405	110
8779	23	2989	141
8204	23	2989	134
4586	17	5818	105
44	6	30	002
1866	12	170	043
2010	6	2008	045
260	1	189	100
2582	9	2520	078
212	1	189	046
2769	9	2476	062
742	1	748	139
588	6	30	045
3064	23	12505	002
2883	9	2482	127
8529	23	2989	008
88	6	30	090
8863	17	6190	108
1983	6	405	130
3178	11	3087	159
1922	6	2018	142
8559	20	5762	130
2144	6	2009	102
2582	9	2520	085
2880	9	2517	123
8863	17	6190	107
2102	6	285	002
113	6	30	011
2030	6	2008	035
88	6	30	062
480	15	4990	129
3206	12	2120	147
3225	23	2938	042
1871	12	2155	112
4	1	5	090
2090	6	115	144
3225	23	2938	123
3197	12	2055	153
2809	9	2705	137
428	6	2055	018
2026	6	2027	152
2119	6	2120	101
2072	6	29	149
215	1	189	123
2007	6	2008	068
509	6	30	080
2769	9	2476	143
2909	9	2593	053
2867	9	2588	149
2003	6	30	091
2587	9	2476	113
771	1	629	067
284	1	189	131
2168	6	173	064
8957	23	2922	066
675	15	4990	134
480	15	4990	040
4582	14	3793	151
205	6	30	056
1473	1	114	097
1902	23	3074	069
198	1	189	144
4393	14	3495	150
4684	14	3980	158
675	6	405	108
2909	9	2593	113
0	1	625	156
921	6	30	058
675	15	5120	118
2116	6	2061	019
921	1	46	133
2102	6	2040	089
8876	17	6685	126
794	1	478	114
2723	9	2517	123
198	1	189	004
1894	23	2920	053
199	1	189	112
2726	9	2593	157
8571	23	12518	083
3064	23	12505	101
3021	10	2924	068
2587	9	2476	068
796	1	797	156
2144	6	2018	142
55	6	29	139
446	1	259	070
114	1	116	089
284	1	189	081
284	6	2008	044
3200	12	2055	121
2761	9	2517	142
3217	12	28	041
2129	6	30	052
9179	20	5762	139
198	1	189	027
3190	12	2120	154
428	6	259	037
2007	6	2009	090
3216	12	2155	041
2874	9	2476	050
8282	23	12519	041
2126	6	2008	022
2105	6	2027	156
8863	17	5818	100
8824	23	2977	020
2030	6	2008	061
2131	6	2008	077
195	1	189	056
188	1	189	035
7447	20	6780	158
3225	23	2989	002
2845	9	2518	159
1983	6	405	090
55	6	30	130
169	6	173	057
675	15	5120	054
2586	9	2482	152
2587	9	2476	111
2769	9	2476	084
8863	17	5817	090
588	6	30	010
2903	11	3089	048
431	1	189	042
3232	12	29	075
1900	10	3043	137
1894	23	2920	076
3508	14	3436	154
8957	23	2922	067
2006	6	29	087
2629	9	2520	124
1945	6	402	145
2530	14	3431	026
921	6	30	104
2102	6	2040	112
2723	9	2517	126
675	15	5120	105
2090	6	117	012
396	6	30	118
381	6	405	119
198	1	189	044
2119	6	2045	083
588	6	30	037
8282	23	12519	065
2644	9	2593	117
2681	9	2476	047
2809	17	5817	160
2895	9	2517	154
1956	6	2009	096
3197	12	2055	119
2017	6	2009	093
431	1	189	085
2074	6	402	136
2809	9	2705	154
2140	6	2009	127
8282	23	12519	086
3187	12	2055	122
733	1	731	057
659	1	341	008
3718	14	3495	039
114	1	117	009
2769	9	2476	145
8863	17	5816	067
742	1	748	083
771	1	629	090
2094	6	2040	145
2883	9	2517	109
3206	12	2120	123
2693	12	28	031
8282	23	12519	021
1871	12	2155	097
2903	11	3089	055
2809	17	5817	117
8282	23	12519	077
169	6	173	019
2903	11	3089	119
284	6	2040	096
4914	14	4746	006
8863	17	5816	045
588	6	30	040
1975	6	2008	061
1959	6	2018	134
3190	12	2120	158
2587	9	2476	062
196	1	189	094
114	1	116	058
4036	14	3498	029
169	1	173	117
8779	23	2989	114
1922	6	2018	148
188	1	189	132
2168	6	173	085
921	6	30	070
381	1	405	086
169	6	173	011
198	1	189	009
1975	6	625	156
3894	14	3895	124
2129	6	30	126
3190	12	2120	132
8824	23	2977	091
2927	10	2930	156
733	1	731	044
2587	9	2588	119
1945	6	405	132
205	6	2019	145
2008	15	4988	062
2845	9	2518	141
3214	12	2120	107
3064	23	12505	155
1959	6	2018	160
3143	11	3087	134
2119	6	2120	082
88	1	90	120
196	1	189	010
1922	6	2061	085
1912	6	259	085
2138	6	2009	127
1983	15	5024	090
3225	23	2938	088
509	6	30	054
4885	17	8813	141
3866	14	3487	129
2909	9	2593	081
4393	14	3496	146
19	6	2045	004
488	1	30	066
1866	12	170	122
8529	23	2989	135
796	15	4990	007
3106	11	3087	043
1958	6	2061	072
114	1	115	161
19	6	2008	048
2094	6	2040	077
212	1	189	125
2035	6	625	154
172	1	402	100
2791	9	2476	043
3232	12	29	125
55	6	30	046
446	1	171	154
2101	6	2008	065
1588	6	29	147
2007	6	2008	037
480	15	4990	039
2026	6	30	047
2030	6	2009	082
261	1	46	144
2808	9	2517	151
798	1	1005	141
446	1	259	064
8529	23	2989	082
2126	6	2009	100
1947	6	173	081
2874	9	2476	079
431	1	189	072
2587	9	2588	094
2077	6	2018	131
2688	9	2517	153
2769	9	2476	106
381	1	405	100
2020	6	2018	152
2883	9	2517	132
2059	6	2061	039
4036	14	3498	084
2644	9	2593	082
205	6	2019	153
2663	17	6190	137
399	6	402	145
1894	23	2920	006
113	6	29	145
2909	9	2593	140
1429	6	2027	159
88	6	30	131
198	1	189	088
3216	12	2155	092
2119	6	2045	070
431	1	189	086
771	6	30	124
88	1	90	011
2917	9	2593	133
2059	6	2018	146
3178	17	5947	152
6995	17	5947	157
1922	6	2061	088
1429	6	30	119
3216	12	2155	079
4036	14	3498	036
2744	10	2924	094
284	1	285	010
4885	17	8813	140
921	6	30	056
8529	23	2989	078
2867	9	2517	161
2530	14	3431	086
8957	23	2922	069
1110	15	5120	005
113	6	30	066
2927	10	2930	150
4131	14	4132	095
8571	23	12518	116
2172	6	2008	039
88	1	90	128
2582	9	2520	126
2911	9	2482	067
396	6	30	074
2105	6	30	065
284	1	189	110
8301	23	3060	073
2769	9	2476	151
212	1	189	045
478	1	444	151
2582	9	2520	158
8204	23	2989	095
1429	6	2027	138
8571	23	12518	095
919	1	921	090
921	1	30	121
588	6	30	039
4885	17	8813	040
2138	6	2008	034
444	1	405	122
733	1	731	097
2822	9	2529	121
2026	6	30	045
3211	12	2120	136
2483	9	2518	158
284	1	285	004
199	1	189	081
921	6	30	089
2808	9	2517	108
197	1	189	026
2006	6	29	044
2632	9	2517	126
2917	10	2942	081
2845	10	2977	087
172	1	402	095
2809	9	2705	160
113	6	30	105
1110	15	5120	031
2126	6	2009	130
3204	12	2155	161
2017	6	2008	040
4885	17	8813	076
2791	9	2476	153
3866	14	3487	119
198	1	189	075
44	6	30	094
2140	6	2018	143
115	9	2490	160
1871	12	2155	001
8957	23	2922	022
188	1	189	021
2172	6	2018	147
2822	9	2529	117
2124	6	117	013
19	6	625	156
2127	6	171	066
8863	17	6190	103
2744	9	2593	150
8779	23	2989	075
2530	14	3431	101
733	1	731	115
8863	17	5817	133
4749	14	3794	072
2516	9	2517	126
169	6	171	152
3217	12	28	102
2140	6	2008	047
2090	6	116	135
2822	14	3475	136
284	6	2045	014
3217	12	28	022
3815	14	3495	099
1958	6	2009	132
2903	11	3089	122
2917	10	2942	071
2035	6	625	148
3232	12	29	113
2769	9	2476	111
2663	17	6190	157
588	6	30	093
1956	6	2008	076
675	15	4990	152
3206	12	2120	079
284	6	2095	019
2080	6	116	056
2903	11	3089	159
3106	11	3087	083
2124	6	116	081
3143	11	3087	009
1922	6	2018	121
8863	17	5816	068
1871	12	2155	015
2119	6	2008	072
2644	9	2593	112
8301	23	3060	137
8863	17	5935	158
3218	12	2018	144
2126	6	2008	067
1894	23	2920	064
2845	14	3956	088
733	1	731	154
2126	6	625	146
2809	17	5935	142
488	1	30	096
2026	6	30	082
2909	9	2593	003
3205	12	2055	138
2693	12	28	088
2124	6	116	059
2080	6	116	135
396	6	30	052
1902	23	3074	075
2124	6	116	039
2131	6	2008	020
428	6	259	053
8957	23	2922	108
8824	23	2977	089
1110	15	5120	035
196	1	189	138
2809	17	5816	155
2615	9	2476	142
2812	9	2517	110
2144	6	2009	110
3225	23	2989	087
3093	23	12538	122
2592	9	2593	141
6234	17	6238	129
1957	6	2055	025
2761	9	2517	156
3206	12	2120	100
675	15	5120	149
796	15	4990	050
2138	6	2009	112
3064	23	12505	134
198	1	189	086
2972	10	2924	156
2030	6	2008	034
1957	6	2055	019
2026	6	30	072
381	6	405	105
213	1	189	149
1588	6	30	102
3187	23	12518	139
55	6	30	039
211	1	189	049
2138	6	2008	067
2037	6	2009	130
4036	14	3498	099
2511	9	2476	142
396	6	29	146
2126	6	2009	131
2809	17	5818	105
363	1	364	159
4586	17	5935	152
3225	23	2938	001
40	6	1439	031
488	1	30	128
921	6	30	125
2127	6	171	058
28	1	29	144
205	15	4990	112
1957	6	173	043
794	1	478	155
205	6	30	081
2917	10	2942	126
3233	12	2009	131
1866	12	170	134
2020	6	2009	130
1975	6	2009	112
921	1	30	014
188	1	189	093
733	1	731	146
2909	9	2720	146
2723	9	2482	161
212	1	189	149
488	1	30	098
729	1	731	134
3214	12	2120	121
212	1	189	088
169	1	172	143
8950	17	6623	103
2681	9	2476	057
1429	6	171	159
4281	14	4156	098
198	1	189	113
480	15	5067	100
3211	12	2120	161
2007	6	2009	116
2138	6	2009	120
213	1	189	063
284	6	285	005
2663	17	5818	122
8863	17	5817	121
2693	12	28	070
40	6	1439	065
2911	9	2482	154
796	15	4990	003
919	1	921	034
428	15	5024	112
4582	14	3794	068
2516	9	2517	155
921	6	30	074
2791	9	2476	080
2168	6	173	017
3635	14	3636	154
2909	9	2593	093
3214	12	2120	145
2094	6	2103	016
284	6	2095	029
2511	9	2476	138
2035	6	2009	103
2003	6	30	126
2017	6	2018	149
2119	6	2120	115
478	1	444	161
796	15	4990	031
212	1	189	065
729	15	4990	122
2761	9	2517	103
2726	9	2593	130
8863	17	6190	127
3784	14	3785	155
2069	6	2018	151
205	15	4990	079
2927	10	2930	154
15	1	797	154
2867	9	2517	137
9408	20	5762	159
2909	9	2720	082
1931	6	116	081
2141	6	171	157
3034	10	2963	161
2809	17	5818	132
1473	1	114	131
198	1	189	126
1959	6	2008	051
1866	12	170	093
4885	17	8813	050
4586	17	5935	155
172	1	402	071
2845	9	2518	128
3225	23	2989	025
675	15	5120	085
1910	14	3956	145
1956	6	2009	118
2587	9	2588	049
8529	23	2989	084
2663	17	5935	141
1958	6	2009	130
1945	6	405	112
2178	6	2111	131
198	1	189	000
1958	6	2170	147
2883	9	2517	147
2124	6	116	072
2615	9	2517	123
2726	9	2593	143
4885	17	8813	086
88	1	90	125
480	15	4990	112
44	6	30	111
2006	6	29	051
729	15	4990	094
509	6	30	105
2726	9	2593	141
213	1	189	016
480	15	4990	101
675	1	320	106
2916	9	2517	130
2530	14	3431	024
284	1	285	008
1588	6	30	032
205	15	4990	141
2723	9	2517	111
742	15	4990	133
2911	10	2720	074
1975	6	2008	033
1429	6	30	080
1922	6	2018	105
4730	14	3717	022
3232	12	29	048
2010	6	2009	082
3068	23	3027	124
2138	6	2018	161
3218	12	2018	079
2769	9	2476	063
2660	15	4969	161
2090	6	115	150
1975	6	2009	098
771	6	28	133
480	15	4990	133
2809	17	5818	135
3190	12	2120	081
2003	6	30	105
8571	23	12518	161
88	1	90	042
4805	14	3711	147
2026	6	2027	143
2168	6	173	045
2587	9	2476	052
478	1	444	123
1871	12	170	147
2129	6	30	117
4684	14	3707	142
2035	6	2009	126
8863	17	5817	120
2080	6	115	140
2017	6	2018	156
8301	23	3060	055
8957	23	2922	019
2102	6	2095	020
3769	14	3496	046
1110	15	5120	124
3206	12	2120	085
8863	17	5817	049
40	6	1439	144
2124	6	116	099
509	6	30	021
3218	12	2018	129
2010	6	2008	052
4	1	5	103
114	1	117	006
8204	23	2989	058
2809	17	5817	092
921	1	30	101
4582	14	3794	111
169	6	402	134
2530	14	3431	049
11693	22	2157	155
675	15	5120	079
396	6	30	084
1894	23	2920	138
8779	23	2989	125
2688	9	2517	125
431	1	189	123
3211	14	3427	081
3143	11	3087	003
88	6	30	065
4	1	5	121
3063	10	2924	149
2008	15	4988	081
446	1	259	068
2007	6	2008	024
2808	9	2517	154
3034	10	2963	159
8863	17	5818	037
629	1	30	038
2583	9	2476	123
8301	23	3060	057
444	1	405	128
1947	6	173	062
19	6	2008	046
172	1	171	159
480	1	481	153
8863	17	5935	102
196	1	189	020
197	1	189	089
2059	6	2061	049
3197	12	2120	089
9036	17	6110	160
2615	9	2517	094
1871	12	2155	017
8983	17	5818	081
2587	9	2588	150
172	1	402	127
3218	12	2018	138
919	1	921	055
3093	23	12538	130
213	1	189	012
629	1	30	025
2003	6	30	090
1860	10	2932	090
2917	10	2942	070
8957	23	2922	085
381	1	405	107
3217	12	28	113
2693	11	3087	150
1956	6	2045	014
284	1	189	146
444	1	405	131
2099	15	4969	160
4435	14	3523	101
629	1	30	028
2693	11	3087	132
195	1	189	146
2094	6	2040	102
1588	6	30	131
2812	9	2517	090
2127	6	171	133
2812	9	2517	085
2587	9	2476	108
2582	9	2520	106
381	6	405	108
2007	6	2008	073
2744	9	2593	080
212	1	189	055
919	1	921	012
1910	14	3956	123
44	6	30	026
1871	12	2155	019
2026	6	2027	146
2845	9	2518	147
396	6	30	076
2059	6	2061	078
675	15	5120	043
8571	23	12518	066
2726	20	6012	149
2006	6	29	105
8408	23	12519	147
8957	23	2922	143
1893	17	6267	161
169	1	173	130
2119	6	2045	157
2811	9	2517	133
588	6	30	086
2008	9	259	034
8863	17	5818	058
2655	9	2482	157
188	1	189	037
8779	23	2989	151
2911	10	2720	156
2101	6	285	007
3225	23	2989	033
626	1	46	154
2511	9	2517	112
3225	23	2938	023
2587	9	2476	157
488	1	30	120
381	1	405	113
2903	11	3089	133
1900	10	3042	122
729	1	731	144
1912	15	5024	158
1871	12	2155	116
1110	15	5120	077
3068	23	3027	092
2809	17	5818	115
3206	12	2120	153
2785	9	2520	099
363	1	364	154
8863	17	5935	120
2587	9	2588	145
1893	23	2947	156
675	6	405	119
2644	9	2593	085
2530	14	3431	119
1956	6	2095	019
1588	1	262	010
4036	14	3498	125
2530	9	2517	135
919	1	921	096
3093	23	12538	020
796	15	4990	047
3143	11	3087	051
205	6	30	131
431	1	189	034
3143	11	3087	101
88	6	30	101
381	1	405	118
509	6	30	034
396	6	29	137
196	1	189	091
2140	6	2008	045
3208	12	2120	085
444	1	405	087
2605	9	2476	149
2105	6	30	081
2845	9	2518	100
2021	6	405	110
199	1	189	026
2587	9	2476	161
2030	6	2009	097
2845	10	2977	140
2663	17	5818	159
212	1	189	026
431	1	189	065
729	15	4990	146
1910	14	3981	144
8282	23	12519	010
1957	6	173	029
2909	9	2720	077
659	1	341	097
2059	6	2061	013
431	1	189	060
2131	6	2008	080
3187	23	12518	130
2144	6	2018	138
8282	23	12519	104
1983	15	5024	118
478	1	444	102
2770	9	2540	158
8779	23	2989	134
3093	23	12538	119
284	6	2040	101
188	1	189	156
2655	9	2482	152
2909	9	2593	151
446	1	405	116
2077	6	2060	115
1956	6	2008	060
2026	6	30	100
2138	6	2009	132
3064	23	12505	145
1871	12	2155	101
2131	6	2009	127
2140	6	2008	048
3190	12	2120	146
100	6	30	040
3197	12	2055	115
488	1	30	072
2516	9	2517	127
1975	6	2009	101
2140	6	2009	083
381	1	405	117
2717	9	2517	142
2121	6	405	102
396	6	30	068
