3064	23	12505	000
5175	15	4973	000
2301	23	2951	000
6938	23	12543	000
8943	23	12535	000
2265	23	2982	000
5117	15	4973	000
5326	15	4973	000
705	1	687	000
4568	23	2946	000
1406	15	4986	000
5342	15	4973	000
5137	15	4973	000
8552	23	3023	000
3066	23	12524	000
6529	23	3023	000
279	15	4973	000
1026	1	1027	000
1033	1	1035	000
5291	15	4973	000
5035	15	4973	000
1207	1	1142	000
418	1	419	000
6599	23	12547	000
5093	15	5094	000
8730	23	2951	000
9070	23	2982	000
8787	23	2975	000
2990	23	12502	000
5215	15	4973	000
609	1	419	000
954	1	604	000
1533	1	419	000
6371	23	3023	000
1576	1	419	000
534	1	135	000
4984	15	4986	000
5330	15	4973	000
3160	11	3098	000
4824	14	3710	000
7975	23	3023	000
282	1	696	000
5313	15	4973	000
7570	23	12516	000
4974	15	4973	000
1143	15	4973	000
2852	23	2952	000
5350	15	4973	000
308	15	4973	000
2691	23	2955	000
1850	23	2951	000
9401	23	12508	000
9386	23	12511	000
1366	1	1142	001
5204	15	4973	001
447	1	126	001
5013	15	4973	001
12528	23	12532	001
5226	15	4973	001
8204	23	2989	001
9063	23	3023	001
4824	14	3710	001
6439	23	2956	001
8730	23	2951	001
5099	15	4973	001
1850	23	2951	001
8692	23	12516	001
2848	23	12523	001
2301	23	2951	001
673	15	4973	001
6599	23	12547	001
5137	15	4973	001
3066	23	2982	001
4984	15	4986	001
4260	14	4261	001
3236	23	12520	001
219	15	4973	001
5296	15	4973	001
1042	1	687	001
3040	23	3023	001
3057	23	2946	001
2265	23	2982	001
9218	23	12508	001
5342	15	4973	001
2136	6	2122	001
6878	23	2966	001
5176	15	4973	001
418	1	419	001
5128	15	4973	001
1576	1	419	001
1426	1	135	001
2294	23	12511	001
1470	1	135	001
9018	23	3023	001
6247	23	2935	001
9227	23	12508	001
9076	23	2968	001
5281	15	4973	001
988	15	4986	001
12545	23	2952	001
703	1	704	001
7790	23	12511	001
5303	15	4973	001
6878	23	12520	001
6973	23	2996	001
8385	23	3023	001
5070	15	4973	001
5093	15	5094	001
5007	15	4973	001
3076	23	12551	001
3053	23	12505	001
968	1	408	001
3826	23	2996	001
4370	14	3710	001
6878	23	12520	002
1207	1	1142	002
5019	15	4973	002
5283	15	4973	002
7079	23	12511	002
5225	15	4973	002
5126	15	4973	002
5015	15	4973	002
2729	23	2966	002
5099	15	4973	002
1576	1	419	002
5093	15	5094	002
5201	15	4973	002
5175	15	4973	002
968	1	408	002
138	15	4973	002
5118	15	4973	002
164	15	4973	002
3160	11	3098	002
9680	22	9544	002
4370	14	3710	002
1354	1	1142	002
1180	1	1142	002
5350	15	4973	002
1143	15	4973	002
1026	1	1027	002
542	1	1029	002
4441	14	3710	002
8426	23	12511	002
264	15	4973	002
673	1	163	002
135	1	137	002
4963	17	4312	002
8989	23	12508	002
5007	15	4973	002
5137	15	4973	002
3038	23	3039	002
6936	23	12511	002
5119	15	4985	002
5035	15	4973	002
3117	11	3098	002
5272	15	4973	002
8943	23	2951	002
3166	23	12532	002
1463	15	4986	002
1470	1	135	002
458	15	4973	002
1406	15	4986	002
12545	23	2952	002
3826	23	2996	002
2848	23	12523	002
1042	1	687	002
5093	15	5094	003
6878	23	12520	003
7406	23	3023	003
673	15	4973	003
5101	15	4973	003
4547	14	3450	003
5086	15	4973	003
1036	1	1027	003
5294	15	4973	003
5351	15	4973	003
164	15	4973	003
5216	15	4973	003
8552	23	3023	003
3057	23	2946	003
5176	15	4973	003
957	1	125	003
9236	23	12508	003
673	1	163	003
11316	22	9589	003
1143	15	4973	003
7975	23	3023	003
5261	15	4973	003
2294	23	12511	003
3160	11	3098	003
12545	23	2951	003
1165	1	1142	003
1265	1	1210	003
8006	23	2949	003
2691	23	2955	003
5186	15	4973	003
2848	9	2733	003
5137	15	4973	003
2852	23	2952	003
3038	23	3039	003
6878	23	2966	003
680	1	137	003
1037	1	696	003
9063	23	3023	003
6371	23	3023	003
5225	15	4973	003
7790	23	12511	003
5117	15	4973	003
1850	23	2951	003
5249	15	4973	003
5019	15	4973	003
5208	15	4973	003
5072	15	4973	003
534	1	135	003
6439	23	2956	003
1026	1	1027	003
2301	23	12535	003
5099	15	4973	003
3064	23	12505	003
7417	23	3023	003
6726	23	2966	003
279	15	4973	003
628	1	148	004
5254	15	4973	004
1347	1	953	004
121	1	122	004
150	1	122	004
1026	1	1027	004
1669	1	419	004
1348	1	1161	004
5219	15	4973	004
5233	15	4973	004
699	1	122	004
1351	1	1210	004
5225	15	4973	004
1406	1	1464	004
311	1	148	004
1037	1	696	004
308	1	165	004
5215	15	4973	004
1365	1	129	004
5081	15	4973	004
1642	1	122	004
3117	11	3098	004
11372	22	9589	004
1329	1	129	004
9386	23	12511	004
673	15	4973	004
7136	23	2955	004
6414	23	2935	004
1389	1	129	004
1231	1	122	004
9070	23	2982	004
177	1	122	004
367	1	122	004
1238	1	1210	004
3046	23	2928	004
6414	23	2935	004
3134	11	3129	004
2729	23	2935	004
5093	15	5094	004
1214	1	122	004
6371	23	3023	004
1168	1	953	004
8426	23	12511	004
1248	1	122	004
3148	11	3120	004
424	15	4986	004
1180	1	953	004
5322	15	4986	004
4974	15	4973	004
1203	1	953	004
5005	15	4973	004
5249	15	4973	004
988	15	4986	004
3084	11	3081	004
1497	1	163	004
264	15	4973	004
1198	1	953	004
1165	1	1142	004
876	1	125	004
1039	1	1041	004
297	1	125	004
1382	1	953	004
1149	1	953	004
3620	14	3423	004
8943	23	2951	004
1576	1	419	004
1572	1	122	004
1534	1	122	004
1296	1	129	004
712	1	163	004
5296	15	4973	004
1303	1	122	004
6439	23	12515	004
5030	15	4973	004
2294	23	12511	004
609	1	419	004
971	1	148	004
450	1	148	004
7146	23	12532	004
5086	15	4973	004
1186	1	953	004
1033	1	1035	004
9063	23	3023	004
1045	1	125	004
1276	1	129	004
716	1	148	004
8730	23	3026	004
1521	1	148	004
7570	23	12516	004
1489	1	122	004
1265	1	1210	004
6973	23	2996	004
435	1	125	004
5070	15	4973	004
308	15	4973	004
998	1	148	004
203	1	122	004
5342	15	4973	004
3166	23	12532	004
164	15	4973	004
1155	1	953	004
434	1	122	004
1298	1	1210	004
5119	15	4985	004
1666	1	125	004
542	1	1029	004
6529	23	3023	004
761	1	129	004
2925	23	2996	004
4978	15	4973	004
1184	1	953	004
219	15	4973	004
1415	1	148	004
1563	1	129	004
1591	1	135	004
6599	23	12547	004
783	1	122	004
946	1	163	004
1171	1	953	004
587	1	125	005
1251	1	122	005
621	1	122	005
393	1	122	005
1045	1	125	005
1642	1	122	005
1463	1	1464	005
6529	23	3023	005
573	15	5094	005
1528	1	125	005
5323	15	4973	005
386	1	148	005
4370	14	3710	005
6129	23	12508	005
1268	1	129	005
5357	15	4973	005
8385	23	2982	005
1013	1	604	005
4441	14	3710	005
1346	1	953	005
1171	15	4973	005
5351	15	4973	005
1497	1	163	005
134	1	125	005
1262	1	129	005
6439	23	12515	005
1854	23	2921	005
703	1	704	005
3117	11	3098	005
1180	1	953	005
1047	1	148	005
418	1	419	005
1297	1	129	005
1563	1	129	005
1359	1	129	005
1143	15	4973	005
1640	1	125	005
1179	1	953	005
716	1	148	005
5342	15	4973	005
1252	1	129	005
1146	1	953	005
6529	23	2952	005
9227	23	12508	005
673	1	163	005
389	1	122	005
673	15	4973	005
3082	11	3083	005
5083	15	4973	005
214	1	125	005
2301	23	2951	005
5313	15	4973	005
8385	23	3023	005
738	1	122	005
2967	23	3007	005
1212	1	122	005
5219	15	4973	005
1184	1	953	005
1850	23	2951	005
609	1	419	005
5254	15	4973	005
344	1	122	005
8943	23	12535	005
1551	1	125	005
6247	23	2935	005
435	1	125	005
5015	15	4973	005
9390	23	12511	005
1198	1	953	005
164	1	165	005
3057	23	2946	005
273	1	125	005
458	15	4973	005
467	1	125	005
350	1	163	005
1415	1	148	005
4963	17	4312	005
1380	1	953	005
952	15	4973	005
5098	15	4986	005
7178	23	12511	005
962	1	163	005
4547	14	3450	005
1155	1	953	005
5281	15	4973	005
691	1	129	005
1203	1	953	005
3076	23	12551	005
4260	14	4261	005
2990	23	12502	005
2848	23	12523	005
5086	15	4973	005
7146	23	12532	005
1026	1	1027	005
628	1	148	005
854	1	135	005
1384	1	122	005
1126	1	148	005
5208	15	4973	005
1543	1	148	005
264	15	4973	005
240	1	122	005
282	1	696	005
1181	1	953	005
3134	11	3129	005
3038	23	3039	005
4984	15	4986	005
6414	23	2935	005
1412	1	122	005
9018	23	3023	005
266	1	148	005
5215	15	4973	005
4568	23	2946	005
7790	23	12511	005
854	1	135	006
652	1	148	006
297	1	125	006
1528	1	125	006
1036	1	1027	006
5253	15	4973	006
3125	11	3118	006
5167	15	4973	006
4370	14	3710	006
8426	23	12511	006
5176	15	4973	006
5126	15	4973	006
5035	15	4973	006
5006	15	4986	006
1343	1	129	006
1186	1	953	006
1375	1	953	006
432	1	148	006
1278	1	122	006
5117	15	4973	006
7687	23	12511	006
962	1	163	006
164	15	4973	006
706	1	708	006
352	15	4973	006
277	1	125	006
5050	15	4973	006
1256	1	129	006
1002	1	148	006
1319	1	122	006
1171	1	953	006
5005	15	4973	006
1274	1	129	006
5098	15	4986	006
12528	23	12532	006
1313	1	122	006
5093	15	5094	006
5070	15	4973	006
8552	23	3023	006
781	1	148	006
5219	15	4973	006
817	1	148	006
3057	23	2946	006
1415	1	148	006
1168	1	953	006
3790	14	4261	006
1389	1	129	006
9294	23	12508	006
5072	15	4973	006
1534	1	122	006
1167	1	953	006
9051	23	12508	006
9390	23	12511	006
1298	1	1210	006
1340	1	122	006
1214	1	122	006
1666	1	125	006
1149	1	953	006
699	1	122	006
1248	1	122	006
367	1	122	006
1220	1	122	006
1576	1	419	006
3097	11	3098	006
135	1	137	006
703	1	704	006
1572	1	122	006
4370	14	3710	006
587	1	125	006
2136	6	2122	006
489	1	125	006
3082	11	3083	006
1050	1	125	006
1231	1	122	006
5099	15	4973	006
1626	1	125	006
5283	15	4973	006
5118	15	4973	006
1380	1	953	006
4974	15	4973	006
971	1	148	006
1051	1	125	006
5232	15	4973	006
1584	1	122	006
3066	23	12524	006
1039	1	1041	006
6529	23	3023	006
1329	1	129	006
5146	15	4973	006
398	1	148	006
1143	1	953	006
1297	1	129	006
1180	1	953	006
1667	1	125	006
1252	1	129	006
394	1	148	006
754	1	125	006
5281	15	4973	006
1047	1	148	006
345	1	122	006
1380	1	125	006
1558	1	148	006
1374	1	953	006
2848	23	12523	006
254	1	148	006
1165	1	1142	006
6129	23	12508	006
9227	23	12508	006
1346	1	953	006
1157	1	953	006
1260	1	122	006
7570	23	12516	006
1102	1	148	006
1046	1	148	006
1180	1	1142	006
9306	23	12511	006
5254	15	4973	006
1453	15	4973	006
5101	15	4973	006
5303	15	4973	007
1140	1	148	007
1252	1	129	007
1045	1	125	007
1256	1	129	007
2729	23	2966	007
1221	1	1210	007
825	1	129	007
4547	14	3450	007
1521	1	148	007
802	1	122	007
1265	1	1210	007
6529	23	2952	007
1314	1	122	007
1296	1	129	007
1351	1	129	007
7178	23	12511	007
231	1	122	007
8006	23	2949	007
1081	1	604	007
447	1	125	007
1268	1	129	007
8730	23	3026	007
164	1	165	007
1160	1	1161	007
5330	15	4973	007
4260	14	4261	007
2121	6	2122	007
1278	1	122	007
203	1	122	007
1406	15	4986	007
691	1	129	007
1419	1	129	007
5231	15	4973	007
9386	23	12511	007
5208	15	4973	007
8131	23	3030	007
770	1	125	007
9401	23	12508	007
962	1	163	007
946	1	163	007
950	1	148	007
377	1	125	007
1366	1	953	007
3160	11	3098	007
5093	15	5094	007
1212	1	122	007
1192	1	1161	007
5281	15	4973	007
3790	14	4261	007
12545	23	2951	007
5216	15	4973	007
6371	23	3023	007
6878	23	12520	007
1360	1	953	007
5357	15	4973	007
5253	15	4973	007
9306	23	12511	007
1380	1	953	007
703	1	704	007
1026	1	1027	007
308	15	4973	007
438	1	135	007
643	1	125	007
1468	1	604	007
1354	1	125	007
434	1	122	007
161	1	163	007
9218	23	12508	007
1046	1	148	007
6938	23	12543	007
352	15	4973	007
3148	11	3120	007
5118	15	4973	007
4568	23	2946	007
5326	15	4973	007
177	1	122	007
1528	1	125	007
1033	1	1035	007
1306	1	122	007
1303	1	122	007
1016	1	125	007
6599	23	12547	007
1441	1	125	007
1246	1	122	007
1155	1	953	007
5070	15	4973	007
1319	1	122	007
968	1	408	007
1126	1	148	007
1326	1	129	007
712	1	163	007
1453	15	4973	007
1298	1	129	007
8499	23	12511	007
5302	15	4973	007
8552	23	3023	007
5323	15	4973	007
1412	1	122	007
435	1	125	007
1171	15	4973	007
3236	23	3023	007
5175	15	4973	007
3420	14	3423	007
3046	23	2928	007
1168	1	953	007
1355	1	953	007
3236	23	3023	008
998	1	148	008
1014	1	604	008
5086	15	4973	008
1221	1	1210	008
5137	15	4973	008
1406	15	4986	008
1189	1	953	008
308	1	165	008
1359	1	129	008
1126	1	148	008
5302	15	4973	008
5225	15	4973	008
1468	1	604	008
1528	1	125	008
5081	15	4973	008
5005	15	4973	008
1268	1	129	008
5167	15	4973	008
7406	23	3023	008
450	1	148	008
3148	11	3120	008
7975	23	2951	008
614	1	129	008
434	1	122	008
1347	1	953	008
876	1	125	008
1246	1	122	008
1375	1	953	008
1351	1	129	008
5117	15	4973	008
705	1	687	008
462	1	125	008
6599	23	12547	008
1266	1	129	008
3076	23	3077	008
1365	1	129	008
1281	1	122	008
1165	1	1142	008
1658	1	163	008
6973	23	2996	008
1544	1	148	008
8552	23	3023	008
104	1	107	008
5326	15	4973	008
138	1	125	008
5323	15	4973	008
952	15	4973	008
995	1	148	008
1217	1	953	008
1340	1	122	008
7195	23	12531	008
1033	1	1035	008
209	1	148	008
5233	15	4973	008
7079	23	12511	008
5281	15	4973	008
5085	15	4973	008
7847	23	2966	008
4370	14	3710	008
1354	1	125	008
706	1	708	008
643	1	125	008
9390	23	12511	008
5201	15	4973	008
1501	1	148	008
345	1	122	008
1184	1	953	008
6247	23	2935	008
214	1	125	008
1178	1	953	008
1453	15	4973	008
1366	1	953	008
1441	1	125	008
9070	23	2982	008
8426	23	12511	008
282	1	696	008
971	1	148	008
1667	1	125	008
6529	23	2952	008
7178	23	12511	008
1231	1	122	008
2681	14	4880	008
1534	1	122	008
5070	15	4973	008
2848	23	12523	008
1251	1	122	008
1470	1	135	008
447	1	126	008
1642	1	122	008
3064	23	12505	008
8499	23	12511	008
203	1	122	008
315	1	122	008
3620	14	3423	008
8842	23	3023	008
1002	1	148	008
644	1	125	008
5007	15	4973	008
3135	11	3136	008
5098	15	4986	008
1319	1	122	008
5052	15	4973	008
3040	23	3023	009
468	1	125	009
5342	15	4973	009
1406	1	1464	009
876	1	125	009
279	15	4973	009
5226	15	4973	009
1419	1	129	009
830	1	148	009
9063	23	3023	009
8385	23	2982	009
1266	1	129	009
464	1	125	009
1314	1	122	009
1263	1	122	009
1037	1	696	009
1192	1	1161	009
2681	14	4880	009
7847	23	2966	009
1051	1	125	009
5261	15	4973	009
5086	15	4973	009
1354	1	953	009
3790	14	4261	009
1046	1	148	009
5050	15	4973	009
315	1	122	009
5264	15	4973	009
6247	23	2935	009
8426	23	12511	009
1154	1	953	009
1584	1	122	009
2681	14	4574	009
1258	1	129	009
6371	23	3023	009
1665	1	125	009
1666	1	125	009
345	1	122	009
279	1	125	009
8760	23	12508	009
1276	1	129	009
219	15	4973	009
1489	1	122	009
308	1	165	009
1591	1	135	009
645	1	125	009
652	1	148	009
6247	23	2935	009
5041	15	4986	009
5216	15	4973	009
5208	15	4973	009
5231	15	4973	009
6973	23	2996	009
2691	23	3023	009
8779	23	2989	009
3620	14	3423	009
1453	1	419	009
705	1	687	009
573	15	5094	009
1545	1	148	009
1850	23	2951	009
9076	23	2968	009
121	1	122	009
997	1	129	009
946	1	163	009
432	1	148	009
4370	14	3710	009
1152	1	953	009
398	1	148	009
1216	1	953	009
7079	23	12511	009
5118	15	4973	009
1354	1	125	009
1207	1	953	009
134	1	125	009
1002	1	148	009
5006	15	4986	009
1441	1	125	009
5253	15	4973	009
3064	23	12505	009
1042	1	687	009
1576	1	419	009
602	1	604	009
5215	15	4973	009
5249	15	4973	009
9680	22	9544	009
2925	23	2996	009
1050	1	125	009
1169	1	953	009
5077	15	4973	009
5303	15	4973	009
614	1	129	009
5296	15	4973	009
1850	23	2951	009
1540	1	148	009
673	1	163	010
385	1	148	010
5015	15	4973	010
9227	23	12508	010
1374	1	953	010
1669	1	419	010
784	1	785	010
1016	1	125	010
1169	1	953	010
5056	15	4973	010
1153	1	953	010
1365	1	129	010
1186	1	953	010
311	1	148	010
1205	1	953	010
5357	15	4973	010
3135	11	3136	010
1207	1	953	010
458	15	4973	010
1217	1	953	010
5283	15	4973	010
350	1	163	010
1039	1	1041	010
1410	1	122	010
9018	23	3023	010
644	1	125	010
5291	15	4973	010
645	1	125	010
435	1	125	010
1189	1	953	010
998	1	148	010
573	15	5094	010
1149	1	953	010
1171	1	953	010
1667	1	125	010
997	1	129	010
5019	15	4973	010
1178	1	953	010
6371	23	3023	010
1170	1	1161	010
3046	23	2928	010
1298	1	1210	010
534	1	135	010
680	1	137	010
164	15	4973	010
5225	15	4973	010
254	1	148	010
1238	1	1210	010
9680	22	9544	010
1046	1	148	010
1214	1	122	010
5013	15	4973	010
5254	15	4973	010
5086	15	4973	010
781	1	148	010
214	1	125	010
1336	1	122	010
8131	23	3030	010
282	1	696	010
1156	1	953	010
1220	1	122	010
424	15	4986	010
6529	23	3023	010
1453	1	419	010
542	1	1029	010
447	1	125	010
1050	1	125	010
1298	1	129	010
146	1	122	010
628	1	148	010
1380	1	953	010
1510	1	122	010
647	1	125	010
315	1	122	010
1258	1	129	010
716	1	148	010
5052	15	4973	010
5302	15	4973	010
265	1	125	010
2852	23	2952	010
995	1	148	010
1533	1	419	010
968	1	408	010
450	1	148	010
1642	1	122	010
6599	23	12547	010
1415	1	163	010
5323	15	4973	010
971	1	148	010
3420	14	3423	010
2294	23	12511	010
2121	6	2122	010
1441	1	125	010
2691	23	3023	010
691	1	129	010
1356	1	953	010
1167	1	953	010
2301	23	12535	010
5215	15	4973	010
394	1	148	010
1902	23	3074	010
1348	1	1161	010
9063	23	3023	010
7195	23	12531	010
1626	1	125	010
1411	1	163	010
9236	23	12508	010
6439	23	12515	010
5204	15	4973	010
1935	6	2012	010
1658	1	163	010
138	15	4973	010
438	1	135	010
1180	1	953	010
3117	11	3098	010
1157	1	953	010
1036	1	1027	010
1497	1	163	010
150	1	122	010
1467	1	125	010
8385	23	2982	010
1543	1	148	010
7417	23	3023	010
1850	23	2951	011
1414	1	122	011
367	1	122	011
7975	23	3023	011
8751	23	12508	011
4260	14	4261	011
138	15	4973	011
1361	1	953	011
673	1	163	011
254	1	148	011
1640	1	125	011
645	1	125	011
8779	23	2989	011
279	15	4973	011
2852	23	2952	011
5077	15	4973	011
1266	1	129	011
5015	15	4973	011
5253	15	4973	011
469	1	125	011
350	1	163	011
1366	1	953	011
1426	1	135	011
1013	1	604	011
1354	1	953	011
1184	1	953	011
5005	15	4973	011
1539	1	148	011
3790	14	4261	011
1346	1	953	011
1453	15	4973	011
1355	1	953	011
177	1	122	011
150	1	122	011
652	1	148	011
1668	1	163	011
1356	1	953	011
1033	1	1035	011
6371	23	3023	011
1329	1	129	011
1274	1	129	011
161	1	163	011
1152	1	953	011
1374	1	953	011
432	1	148	011
6439	23	2956	011
5225	15	4973	011
12545	23	2952	011
817	1	148	011
1155	1	953	011
12528	23	12532	011
1551	1	125	011
438	1	135	011
1102	1	148	011
1850	23	2951	011
8943	23	2951	011
1263	1	122	011
6599	23	12547	011
1186	1	953	011
1314	1	122	011
3038	23	3039	011
2265	23	2982	011
2121	6	2122	011
587	1	125	011
1415	1	163	011
1146	1	953	011
3040	23	3023	011
1016	1	125	011
1298	1	1210	011
3084	11	3081	011
219	15	4973	011
1463	1	1464	011
784	1	785	011
4441	14	3710	011
783	1	122	011
4978	15	4973	011
5013	15	4973	011
1350	1	129	011
647	1	125	011
542	1	1029	011
1358	1	953	011
968	1	408	011
264	15	4973	011
971	1	148	011
344	1	122	011
11316	22	9589	011
1410	1	122	011
2729	23	2935	011
5101	15	4973	011
1543	1	148	011
8760	23	12508	011
1207	1	1142	011
761	1	129	011
5267	15	4973	011
1238	1	1210	011
434	1	122	011
691	1	129	011
1352	1	1161	011
5281	15	4973	011
1165	1	1142	011
1160	1	1161	011
1026	1	1027	011
121	1	122	011
5277	15	4973	011
5330	15	4973	011
1267	1	129	011
534	1	135	011
962	1	163	011
2729	23	2966	011
308	1	165	011
602	1	604	011
447	1	126	011
5070	15	4973	011
1528	1	125	011
1170	1	1161	012
1563	1	129	012
972	1	122	012
9070	23	2982	012
1453	15	4973	012
1384	1	122	012
954	1	604	012
3057	23	2946	012
2925	23	2996	012
1426	1	135	012
5099	15	4973	012
385	1	148	012
5186	15	4973	012
1002	1	148	012
164	1	165	012
761	1	129	012
1260	1	122	012
6726	23	2966	012
1343	1	129	012
5225	15	4973	012
1667	1	125	012
1576	1	419	012
706	1	708	012
1668	1	163	012
1013	1	604	012
1189	1	953	012
5137	15	4973	012
5323	15	4973	012
5204	15	4973	012
4974	15	4973	012
1036	1	1027	012
1591	1	135	012
5086	15	4973	012
1217	1	953	012
1143	15	4973	012
5226	15	4973	012
424	15	4986	012
1358	1	953	012
12528	23	12532	012
5072	15	4973	012
685	1	687	012
9218	23	12508	012
1665	1	125	012
621	1	122	012
1140	1	148	012
1160	1	1161	012
1298	1	1210	012
1248	1	122	012
784	1	785	012
3046	23	2928	012
4370	14	3710	012
825	1	129	012
7975	23	2951	012
8842	23	3023	012
5070	15	4973	012
279	1	125	012
705	1	687	012
6439	23	12515	012
1572	1	122	012
1238	1	122	012
1167	1	953	012
7847	23	2966	012
104	1	107	012
988	15	4986	012
1046	1	148	012
5302	15	4973	012
1214	1	122	012
1263	1	122	012
1854	23	2921	012
138	1	125	012
3148	11	3120	012
409	1	125	012
3084	11	3081	012
817	1	148	012
8552	23	3023	012
240	1	122	012
8779	23	2989	012
5077	15	4973	012
265	1	125	012
715	1	125	012
1521	1	148	012
7417	23	3023	012
1266	1	129	012
2967	23	3007	012
315	1	122	012
231	1	122	012
8730	23	2951	012
308	1	165	012
609	1	419	012
5052	15	4973	012
7136	23	2955	012
5357	15	4973	012
7178	23	12511	012
979	1	125	012
1412	1	122	012
1293	1	129	012
5283	15	4973	012
1262	1	129	012
7975	23	3023	012
12545	23	2951	012
3125	11	3118	012
9051	23	12508	012
447	1	125	012
1271	1	129	012
3160	11	3098	013
1356	1	953	013
8692	23	12516	013
1212	1	122	013
1935	6	2012	013
4370	14	3710	013
1171	1	953	013
1669	1	419	013
5253	15	4973	013
1352	1	1161	013
830	1	148	013
5050	15	4973	013
7079	23	12511	013
4974	15	4973	013
450	1	148	013
643	1	125	013
1510	1	122	013
1268	1	129	013
8552	23	3023	013
3066	23	12524	013
3166	23	12532	013
150	1	122	013
138	1	125	013
398	1	148	013
3420	14	3423	013
7136	23	2955	013
8989	23	12508	013
5081	15	4973	013
1246	1	122	013
1039	1	1041	013
5146	15	4973	013
5250	15	4973	013
9051	23	12508	013
6439	23	2956	013
1314	1	122	013
1165	1	953	013
5101	15	4973	013
645	1	125	013
5019	15	4973	013
121	1	122	013
2136	6	2122	013
2691	23	2955	013
2121	6	2122	013
8842	23	3023	013
5283	15	4973	013
1534	1	122	013
8751	23	12508	013
5351	15	4973	013
385	1	148	013
5186	15	4973	013
458	1	125	013
5277	15	4973	013
1572	1	122	013
1178	1	953	013
1360	1	953	013
1078	1	122	013
1016	1	125	013
1384	1	122	013
705	1	687	013
825	1	129	013
1217	1	953	013
621	1	122	013
5118	15	4973	013
1501	1	148	013
1140	1	148	013
8779	23	2989	013
8006	23	2949	013
5330	15	4973	013
5126	15	4973	013
1655	1	148	013
1045	1	125	013
297	1	125	013
1406	1	1464	013
4978	15	4973	013
1382	1	953	013
432	1	148	013
6878	23	2966	013
1665	1	125	013
5015	15	4973	013
1340	1	122	013
5311	15	4973	013
1415	1	163	013
1081	1	604	013
282	1	696	013
4370	14	3710	013
393	1	122	013
3236	23	12520	013
770	1	125	013
5294	15	4973	013
1902	23	3074	013
1265	1	129	013
265	1	125	013
1043	1	125	013
1406	15	4986	013
1143	1	953	013
6414	23	2935	013
721	1	122	013
1220	1	122	013
5216	15	4973	013
1170	1	1161	013
6414	23	2935	013
1412	1	122	013
1303	1	122	013
1180	1	953	013
5302	15	4973	013
203	1	122	013
8385	23	2982	013
1207	1	1142	013
5176	15	4973	013
1668	1	163	013
703	1	704	013
988	15	4986	013
5225	15	4973	013
8499	23	12511	014
161	1	163	014
1306	1	122	014
8006	23	2949	014
6414	23	2935	014
1207	1	953	014
282	1	696	014
957	1	125	014
2729	23	2966	014
542	1	1029	014
265	1	125	014
1251	1	122	014
3148	11	3120	014
1366	1	953	014
1406	1	1464	014
5254	15	4973	014
5233	15	4973	014
5081	15	4973	014
9401	23	12508	014
1246	1	122	014
3160	11	3098	014
386	1	148	014
1665	1	125	014
1143	1	953	014
1141	1	953	014
367	1	122	014
1902	23	3074	014
7975	23	2951	014
972	1	122	014
8943	23	12535	014
7146	23	12532	014
703	1	704	014
1854	23	2921	014
5006	15	4986	014
5035	15	4973	014
1184	1	953	014
1171	15	4973	014
3134	11	3129	014
6936	23	12511	014
7687	23	12511	014
385	1	148	014
4441	14	3710	014
5350	15	4973	014
1263	1	122	014
1428	1	125	014
1514	1	148	014
4824	14	3710	014
273	1	125	014
3064	23	12505	014
9680	22	9544	014
9236	23	12508	014
1140	1	148	014
1047	1	148	014
1361	1	953	014
5201	15	4973	014
4260	14	4261	014
3066	23	12524	014
1414	1	122	014
458	15	4973	014
1045	1	125	014
2967	23	3007	014
6439	23	2956	014
6878	23	12520	014
1501	1	148	014
344	1	122	014
699	1	122	014
5005	15	4973	014
770	1	125	014
1661	1	125	014
644	1	125	014
5277	15	4973	014
1392	1	129	014
9051	23	12508	014
438	1	135	014
4370	14	3710	014
4568	23	2946	014
6973	23	2996	014
1463	1	1464	014
1310	1	122	014
6371	23	3023	014
8204	23	2989	014
1155	1	953	014
1382	1	953	014
1216	1	953	014
8426	23	12511	014
5119	15	4985	014
5176	15	4973	014
781	1	148	014
817	1	148	014
5281	15	4973	014
5272	15	4973	014
971	1	148	014
5326	15	4973	014
6878	23	2966	014
7570	23	12516	014
8552	23	3023	014
1463	15	4986	014
716	1	148	014
9076	23	2968	015
712	1	163	015
6439	23	2956	015
628	1	148	015
6529	23	3023	015
1189	1	953	015
1350	1	129	015
1314	1	122	015
5294	15	4973	015
8730	23	2951	015
476	1	148	015
5231	15	4973	015
5101	15	4973	015
783	1	122	015
5330	15	4973	015
6371	23	3023	015
447	1	125	015
5283	15	4973	015
5225	15	4973	015
4963	17	4312	015
1233	1	122	015
784	1	785	015
469	1	125	015
5226	15	4973	015
447	1	126	015
160	1	125	015
8552	23	3023	015
1141	1	953	015
1171	1	953	015
1051	1	125	015
134	1	125	015
458	15	4973	015
1267	1	129	015
1170	1	1161	015
1143	1	953	015
644	1	125	015
7406	23	3023	015
8989	23	12508	015
1002	1	148	015
3053	23	12505	015
1626	1	125	015
5254	15	4973	015
5176	15	4973	015
5281	15	4973	015
1854	23	2921	015
1293	1	129	015
5342	15	4973	015
1517	1	148	015
1497	1	163	015
1346	1	953	015
997	1	129	015
3117	11	3098	015
3040	23	3023	015
3038	23	3039	015
7847	23	2966	015
1274	1	129	015
4607	14	3710	015
146	1	122	015
5323	15	4973	015
394	1	148	015
1415	1	148	015
5098	15	4986	015
315	1	122	015
398	1	148	015
467	1	125	015
1428	1	125	015
1262	1	129	015
214	1	125	015
1380	1	125	015
1410	1	122	015
1238	1	122	015
5303	15	4973	015
1256	1	129	015
1584	1	122	015
458	1	125	015
7570	23	12516	015
1354	1	953	015
265	1	125	015
6247	23	2935	015
1042	1	687	015
5219	15	4973	015
5009	15	4973	015
1278	1	122	015
5186	15	4973	015
4441	14	3710	015
1248	1	122	015
680	1	137	015
8499	23	12511	015
3125	11	3118	015
6878	23	2966	015
2967	23	3007	015
277	1	125	015
7975	23	2951	015
1665	1	125	015
1319	1	122	015
1935	6	2012	015
1246	1	122	015
1366	1	1142	015
2990	23	12502	015
5267	15	4973	015
1013	1	604	015
703	1	704	015
5249	15	4973	015
1047	1	148	015
1160	1	1161	015
1528	1	125	015
161	1	163	015
9227	23	12508	015
138	15	4973	015
1238	1	1210	015
5099	15	4973	015
1640	1	125	015
1850	23	2951	015
1169	1	953	015
146	1	122	016
1668	1	163	016
5302	15	4973	016
1190	1	953	016
1042	1	687	016
4370	14	3710	016
458	1	125	016
5313	15	4973	016
5281	15	4973	016
5272	15	4973	016
1217	1	953	016
3084	11	3081	016
1248	1	122	016
1296	1	129	016
1640	1	125	016
8943	23	12535	016
1411	1	163	016
1306	1	122	016
1140	1	148	016
3790	14	4261	016
621	1	122	016
1352	1	1161	016
1340	1	122	016
273	1	125	016
209	1	148	016
1141	1	953	016
121	1	122	016
9680	22	9544	016
5357	15	4973	016
240	1	122	016
1251	1	122	016
721	1	122	016
1314	1	122	016
957	1	125	016
11316	22	9589	016
150	1	122	016
1336	1	122	016
6439	23	12515	016
7417	23	3023	016
161	1	163	016
393	1	122	016
997	1	129	016
1426	1	135	016
279	15	4973	016
3134	11	3129	016
9051	23	12508	016
1274	1	129	016
134	1	125	016
697	1	698	016
5128	15	4973	016
135	1	137	016
7790	23	12511	016
5083	15	4973	016
5264	15	4973	016
1666	1	125	016
802	1	122	016
254	1	148	016
311	1	148	016
1167	1	953	016
5098	15	4986	016
1207	1	953	016
1319	1	122	016
1220	1	122	016
1246	1	122	016
5303	15	4973	016
5291	15	4973	016
5056	15	4973	016
5086	15	4973	016
1415	1	148	016
5068	15	4973	016
5031	15	4973	016
1039	1	1041	016
6439	23	2956	016
3097	11	3098	016
712	1	163	016
264	15	4973	016
1221	1	122	016
1359	1	129	016
1268	1	129	016
1414	1	122	016
1497	1	163	016
1591	1	135	016
2691	23	3023	016
770	1	125	016
1203	1	953	016
1326	1	129	016
825	1	129	016
8499	23	12511	016
950	1	148	016
1221	1	1210	016
1380	1	953	016
1033	1	1035	016
655	1	419	016
1353	1	129	016
1265	1	1210	016
1260	1	122	016
1153	1	953	016
434	1	122	016
394	1	148	016
5041	15	4986	016
1146	1	953	016
1168	1	953	016
2691	23	3023	017
1016	1	125	017
1419	1	129	017
1156	1	953	017
5326	15	4973	017
418	1	419	017
5118	15	4973	017
784	1	785	017
7079	23	12511	017
1281	1	122	017
5019	15	4973	017
5083	15	4973	017
655	1	419	017
5175	15	4973	017
7847	23	2966	017
1348	1	1161	017
2729	23	2966	017
438	1	135	017
8204	23	2989	017
8552	23	3023	017
1303	1	122	017
542	1	1029	017
1514	1	148	017
999	1	122	017
1042	1	687	017
345	1	122	017
1002	1	148	017
1313	1	122	017
3066	23	2982	017
3057	23	2946	017
1149	1	953	017
434	1	122	017
5277	15	4973	017
5015	15	4973	017
297	1	125	017
1354	1	125	017
1351	1	1210	017
135	1	137	017
1033	1	1035	017
1374	1	953	017
1167	1	953	017
5186	15	4973	017
1207	1	953	017
1189	1	953	017
4974	15	4973	017
647	1	125	017
464	1	125	017
1205	1	953	017
7178	23	12511	017
738	1	122	017
1489	1	122	017
1548	1	148	017
4978	15	4973	017
9236	23	12508	017
5272	15	4973	017
5126	15	4973	017
1293	1	129	017
1492	1	125	017
3125	11	3118	017
1467	1	125	017
1584	1	122	017
1533	1	419	017
264	15	4973	017
1045	1	125	017
1246	1	122	017
2294	23	12511	017
1181	1	953	017
1343	1	129	017
1186	1	953	017
5086	15	4973	017
367	1	122	017
1441	1	125	017
279	1	125	017
5070	15	4973	017
2265	23	2982	017
1412	1	122	017
1428	1	125	017
1248	1	122	017
1263	1	122	017
146	1	122	017
11316	22	9589	017
1426	1	135	017
1298	1	129	017
3236	23	3023	017
277	1	125	017
998	1	148	017
5204	15	4973	017
5077	15	4973	017
614	1	129	017
394	1	148	017
1935	6	2012	017
3076	23	3077	017
680	1	137	017
3097	11	3098	017
344	1	122	017
1216	1	953	017
5323	15	4973	017
1658	1	163	017
7687	23	12511	017
1265	1	129	017
1380	1	953	017
1351	1	129	017
5176	15	4973	017
652	1	148	017
4963	17	4312	017
8499	23	12511	017
2136	6	2122	017
489	1	125	017
628	1	148	017
609	1	419	017
7790	23	12511	017
1414	1	122	017
386	1	148	017
8730	23	2951	017
6439	23	12515	018
8552	23	3023	018
1414	1	122	018
1415	1	148	018
1169	1	953	018
447	1	125	018
3420	14	3423	018
1167	1	953	018
1178	1	953	018
146	1	122	018
5311	15	4973	018
164	15	4973	018
1319	1	122	018
1268	1	129	018
567	1	125	018
738	1	122	018
9227	23	12508	018
5294	15	4973	018
5350	15	4973	018
8131	23	3030	018
297	1	125	018
11316	22	9589	018
1380	1	953	018
1468	1	604	018
1181	1	953	018
5056	15	4973	018
164	1	165	018
5330	15	4973	018
962	1	163	018
3066	23	12524	018
8751	23	12508	018
377	1	125	018
11372	22	9589	018
121	1	122	018
240	1	122	018
1039	1	1041	018
8842	23	3023	018
1143	15	4973	018
1266	1	129	018
1347	1	953	018
1170	1	1161	018
946	1	163	018
784	1	785	018
1412	1	122	018
1850	23	2951	018
273	1	125	018
6936	23	12511	018
8787	23	2975	018
5030	15	4973	018
5086	15	4973	018
150	1	122	018
462	1	125	018
277	1	125	018
645	1	125	018
5283	15	4973	018
1271	1	129	018
2848	23	12523	018
264	15	4973	018
1274	1	129	018
5013	15	4973	018
177	1	122	018
8760	23	12508	018
7975	23	2951	018
12545	23	2951	018
1081	1	604	018
1351	1	129	018
1366	1	953	018
2265	23	2982	018
2852	23	2952	018
2990	23	12502	018
1033	1	1035	018
3148	11	3120	018
1463	1	1464	018
3076	23	3077	018
1015	1	148	018
652	1	148	018
5254	15	4973	018
2729	23	2966	018
1352	1	1161	018
6726	23	2966	018
1329	1	129	018
458	15	4973	018
1160	1	1161	018
7847	23	2966	018
1192	1	1161	018
1354	1	125	018
995	1	148	018
1359	1	129	018
1298	1	1210	018
673	15	4973	018
1640	1	125	018
1263	1	122	018
3135	11	3136	018
6414	23	2935	018
5296	15	4973	018
1046	1	148	018
3053	23	12505	018
5208	15	4973	018
705	1	687	018
802	1	122	018
5326	15	4973	018
9218	23	12508	018
5357	15	4973	018
5272	15	4973	018
344	1	122	019
121	1	122	019
146	1	122	019
5219	15	4973	019
3166	23	12532	019
409	1	125	019
1039	1	1041	019
386	1	148	019
8131	23	3030	019
1935	6	2012	019
5204	15	4973	019
7570	23	12516	019
1406	1	1464	019
1539	1	148	019
135	1	137	019
2301	23	2951	019
1545	1	148	019
1468	1	604	019
3064	23	12505	019
1542	1	148	019
534	1	135	019
5322	15	4986	019
1297	1	129	019
1501	1	148	019
2691	23	3023	019
957	1	125	019
1366	1	953	019
8692	23	12516	019
1406	15	4986	019
1265	1	1210	019
8006	23	2949	019
655	1	419	019
5013	15	4973	019
6439	23	12515	019
160	1	125	019
9306	23	12511	019
5225	15	4973	019
6599	23	12547	019
1514	1	148	019
4984	15	4986	019
8552	23	3023	019
995	1	148	019
5291	15	4973	019
946	1	163	019
5056	15	4973	019
1544	1	148	019
297	1	125	019
1354	1	125	019
398	1	148	019
1626	1	125	019
12545	23	2951	019
393	1	122	019
7195	23	12531	019
9236	23	12508	019
647	1	125	019
1205	1	953	019
1303	1	122	019
2729	23	2966	019
1231	1	122	019
434	1	122	019
1517	1	148	019
6247	23	2935	019
1037	1	696	019
231	1	122	019
1558	1	148	019
1271	1	129	019
1248	1	122	019
699	1	122	019
11316	22	9589	019
12545	23	2952	019
5253	15	4973	019
1534	1	122	019
1410	1	122	019
4824	14	3710	019
1667	1	125	019
1645	1	125	019
447	1	125	019
3148	11	3120	019
1013	1	604	019
5186	15	4973	019
854	1	135	019
3066	23	2982	019
9386	23	12511	019
1165	1	953	019
8385	23	2982	019
1306	1	122	019
9076	23	2968	019
3097	11	3098	019
5216	15	4973	019
462	1	125	019
1171	1	953	019
1548	1	148	019
5231	15	4973	019
5019	15	4973	019
6878	23	2966	019
3117	11	3098	019
6936	23	12511	019
1186	1	953	019
1190	1	953	019
5126	15	4973	019
1655	1	148	019
1428	1	125	019
308	1	165	019
138	1	125	019
9401	23	12508	019
1414	1	122	019
1353	1	129	019
3076	23	3077	019
4547	14	3450	019
464	1	125	019
352	15	4973	019
1050	1	125	020
5264	15	4973	020
1360	1	953	020
282	1	696	020
11316	22	9589	020
5050	15	4973	020
11372	22	9589	020
8006	23	2949	020
703	1	704	020
3790	14	4261	020
6599	23	12547	020
5216	15	4973	020
4260	14	4261	020
8751	23	12508	020
1002	1	148	020
6414	23	2935	020
279	15	4973	020
621	1	122	020
1180	1	1142	020
1563	1	129	020
1126	1	148	020
962	1	163	020
1207	1	1142	020
1351	1	129	020
1190	1	953	020
721	1	122	020
1348	1	1161	020
643	1	125	020
830	1	148	020
1392	1	129	020
691	1	129	020
150	1	122	020
1265	1	129	020
5072	15	4973	020
3064	23	12505	020
825	1	129	020
738	1	122	020
5294	15	4973	020
5052	15	4973	020
5283	15	4973	020
1233	1	122	020
308	15	4973	020
5013	15	4973	020
2301	23	2951	020
3117	11	3098	020
645	1	125	020
2925	23	2996	020
567	1	125	020
1351	1	1210	020
1346	1	953	020
1426	1	135	020
83	1	809	020
5219	15	4973	020
450	1	148	020
1171	1	953	020
254	1	148	020
214	1	125	020
203	1	122	020
469	1	125	020
8131	23	3030	020
1265	1	1210	020
8552	23	3023	020
1296	1	129	020
1160	1	1161	020
1470	1	135	020
1179	1	953	020
2990	23	12502	020
614	1	129	020
231	1	122	020
5009	15	4973	020
6414	23	2935	020
1207	1	953	020
9386	23	12511	020
5201	15	4973	020
476	1	148	020
1667	1	125	020
5085	15	4973	020
1306	1	122	020
680	1	137	020
1544	1	148	020
438	1	135	020
1428	1	125	020
1366	1	1142	020
240	1	122	020
979	1	125	020
1036	1	1027	020
5126	15	4973	020
4963	17	4312	020
6129	23	12508	020
1170	1	1161	020
1517	1	148	020
1340	1	122	020
7847	23	2966	020
2121	6	2122	020
135	1	137	020
4441	14	3710	020
5146	15	4973	020
712	1	163	020
352	15	4973	020
5128	15	4973	020
995	1	148	020
5281	15	4973	020
2729	23	2966	020
715	1	125	020
1584	1	122	020
12528	23	12532	021
784	1	785	021
1293	1	129	021
273	1	125	021
1336	1	122	021
1260	1	122	021
5050	15	4973	021
1038	1	148	021
699	1	122	021
5351	15	4973	021
1045	1	125	021
697	1	698	021
6414	23	2935	021
1033	1	1035	021
9227	23	12508	021
1297	1	129	021
5119	15	4985	021
1365	1	129	021
1665	1	125	021
219	15	4973	021
209	1	148	021
5350	15	4973	021
5342	15	4973	021
802	1	122	021
1492	1	125	021
2301	23	12535	021
2691	23	2955	021
1274	1	129	021
254	1	148	021
1374	1	953	021
1470	1	135	021
398	1	148	021
6439	23	12515	021
1354	1	1142	021
231	1	122	021
8131	23	3030	021
1382	1	953	021
721	1	122	021
279	15	4973	021
4260	14	4261	021
1626	1	125	021
950	1	148	021
1351	1	1210	021
7687	23	12511	021
1591	1	135	021
744	1	163	021
673	1	163	021
1298	1	129	021
1051	1	125	021
643	1	125	021
1850	23	2951	021
3125	11	3118	021
1543	1	148	021
645	1	125	021
5009	15	4973	021
350	1	163	021
5031	15	4973	021
1268	1	129	021
7079	23	12511	021
1026	1	1027	021
1489	1	122	021
1002	1	148	021
6247	23	2935	021
1198	1	953	021
5219	15	4973	021
6371	23	3023	021
4441	14	3710	021
1406	1	1464	021
1165	1	1142	021
9018	23	3023	021
160	1	125	021
447	1	126	021
1278	1	122	021
2848	9	2733	021
3134	11	3129	021
6529	23	2952	021
3076	23	12551	021
1406	15	4986	021
1265	1	1210	021
367	1	122	021
1306	1	122	021
1178	1	953	021
5303	15	4973	021
1146	1	953	021
2729	23	2935	021
138	1	125	021
9051	23	12508	021
1170	1	1161	021
1014	1	604	021
5019	15	4973	021
5253	15	4973	021
534	1	135	021
1517	1	148	021
5204	15	4973	021
1572	1	122	021
5007	15	4973	021
5137	15	4973	021
12545	23	2952	021
1415	1	148	021
5291	15	4973	021
5264	15	4973	021
489	1	125	021
1216	1	953	021
7570	23	12516	021
5077	15	4973	021
8730	23	3026	021
5296	15	4973	021
2294	23	12511	021
1655	1	148	021
1521	1	148	021
6439	23	2956	021
1013	1	604	021
5311	15	4973	021
1514	1	148	021
2925	23	2996	021
406	1	408	021
1410	1	122	021
135	1	137	021
5215	15	4973	021
279	15	4973	022
145	1	122	022
1238	1	1210	022
231	1	122	022
1081	1	604	022
4984	15	4986	022
5119	15	4985	022
754	1	125	022
1298	1	1210	022
1539	1	148	022
5176	15	4973	022
1078	1	122	022
344	1	122	022
352	15	4973	022
802	1	122	022
1013	1	604	022
1221	1	122	022
1178	1	953	022
1902	23	3074	022
6599	23	12547	022
1453	15	4973	022
2852	23	2952	022
6247	23	2935	022
6129	23	12508	022
7417	23	3023	022
1492	1	125	022
6726	23	2966	022
3046	23	2928	022
5041	15	4986	022
8385	23	3023	022
164	15	4973	022
7847	23	2966	022
161	1	163	022
781	1	148	022
297	1	125	022
1046	1	148	022
265	1	125	022
4370	14	3710	022
995	1	148	022
721	1	122	022
5215	15	4973	022
2848	9	2733	022
699	1	122	022
1661	1	125	022
1221	1	1210	022
273	1	125	022
5283	15	4973	022
8989	23	12508	022
1015	1	148	022
11372	22	9589	022
5093	15	5094	022
1354	1	125	022
1640	1	125	022
1426	1	135	022
5009	15	4973	022
2848	23	12523	022
1380	1	125	022
150	1	122	022
8692	23	12516	022
1414	1	122	022
7687	23	12511	022
146	1	122	022
652	1	148	022
1572	1	122	022
3148	11	3120	022
1453	1	419	022
1551	1	125	022
1533	1	419	022
1293	1	129	022
1143	1	953	022
1668	1	163	022
5291	15	4973	022
1366	1	953	022
469	1	125	022
744	1	163	022
458	15	4973	022
1534	1	122	022
5201	15	4973	022
3236	23	12520	022
954	1	604	022
240	1	122	022
2301	23	12535	022
5208	15	4973	022
8943	23	3023	022
1352	1	1161	022
406	1	408	022
1392	1	129	022
1207	1	1142	022
685	1	687	022
5099	15	4973	022
394	1	148	022
3066	23	12524	022
4260	14	4261	022
761	1	129	022
7136	23	2955	022
418	1	419	022
542	1	1029	022
1043	1	125	022
12545	23	2951	022
3057	23	2946	022
2925	23	2996	022
1406	15	4986	022
5077	15	4973	022
1165	1	1142	022
1266	1	129	022
462	1	125	022
568	1	125	022
435	1	125	022
1298	1	129	022
9401	23	12508	022
1160	1	1161	022
5056	15	4973	022
3117	11	3098	022
1419	1	129	022
784	1	785	022
573	15	5094	022
7146	23	12532	022
8943	23	2951	022
1039	1	1041	022
450	1	148	022
1428	1	125	022
1410	1	122	022
350	1	163	022
1205	1	953	022
6414	23	2935	022
673	1	163	022
5303	15	4973	022
2691	23	2955	022
998	1	148	022
6247	23	2935	023
5015	15	4973	023
6878	23	12520	023
5035	15	4973	023
164	1	165	023
3236	23	3023	023
1350	1	129	023
1533	1	419	023
5146	15	4973	023
4547	14	3450	023
1036	1	1027	023
5077	15	4973	023
4978	15	4973	023
1645	1	125	023
1346	1	953	023
1319	1	122	023
1661	1	125	023
1419	1	129	023
5225	15	4973	023
5070	15	4973	023
1356	1	953	023
1278	1	122	023
1143	1	953	023
705	1	687	023
1492	1	125	023
9076	23	2968	023
1078	1	122	023
231	1	122	023
1343	1	129	023
1260	1	122	023
12545	23	2952	023
971	1	148	023
447	1	125	023
9227	23	12508	023
1353	1	129	023
680	1	137	023
458	1	125	023
8499	23	12511	023
715	1	125	023
3066	23	12524	023
3053	23	12505	023
6414	23	2935	023
3135	11	3136	023
998	1	148	023
5357	15	4973	023
5201	15	4973	023
1156	1	953	023
979	1	125	023
1171	1	953	023
3082	11	3083	023
3084	11	3081	023
1178	1	953	023
1850	23	2951	023
1102	1	148	023
5086	15	4973	023
1246	1	122	023
1160	1	1161	023
1217	1	953	023
1303	1	122	023
1198	1	953	023
1165	1	1142	023
6529	23	2952	023
1534	1	122	023
954	1	604	023
1141	1	953	023
706	1	708	023
9051	23	12508	023
1355	1	953	023
6936	23	12511	023
1528	1	125	023
761	1	129	023
1298	1	129	023
1467	1	125	023
647	1	125	023
8204	23	2989	023
6878	23	12520	023
628	1	148	023
2729	23	2966	023
8943	23	12535	023
1167	1	953	023
5226	15	4973	023
161	1	163	023
5323	15	4973	023
1170	1	1161	023
9401	23	12508	023
1354	1	125	023
621	1	122	023
240	1	122	023
5330	15	4973	023
254	1	148	023
5098	15	4986	023
219	15	4973	023
1015	1	148	023
1146	1	953	023
5233	15	4973	023
1207	1	953	023
1543	1	148	023
1180	1	953	023
1640	1	125	023
1426	1	135	023
567	1	125	023
1214	1	122	023
1576	1	419	023
1412	1	122	023
1850	23	2951	023
9294	23	12508	023
5281	15	4973	023
8760	23	12508	023
8552	23	3023	023
3064	23	12505	023
5351	15	4973	023
5041	15	4986	023
138	1	125	023
1463	15	4986	023
2691	23	3023	023
4370	14	3710	023
1354	1	1142	023
8692	23	12516	023
9070	23	2982	023
1850	23	2951	024
264	15	4973	024
5050	15	4973	024
1347	1	953	024
1317	1	129	024
1037	1	696	024
1258	1	129	024
1186	1	953	024
9018	23	3023	024
265	1	125	024
5031	15	4973	024
1274	1	129	024
6247	23	2935	024
1645	1	125	024
7079	23	12511	024
5253	15	4973	024
279	15	4973	024
1050	1	125	024
297	1	125	024
1081	1	604	024
995	1	148	024
5175	15	4973	024
134	1	125	024
1298	1	1210	024
6414	23	2935	024
1293	1	129	024
1658	1	163	024
652	1	148	024
1263	1	122	024
628	1	148	024
409	1	125	024
8787	23	2975	024
145	1	122	024
999	1	122	024
5052	15	4973	024
1340	1	122	024
1410	1	122	024
1231	1	122	024
655	1	419	024
5070	15	4973	024
5326	15	4973	024
4260	14	4261	024
1666	1	125	024
998	1	148	024
680	1	137	024
2848	9	2733	024
476	1	148	024
8989	23	12508	024
4441	14	3710	024
394	1	148	024
1214	1	122	024
3066	23	12524	024
645	1	125	024
7406	23	3023	024
1497	1	163	024
377	1	125	024
5146	15	4973	024
468	1	125	024
344	1	122	024
3046	23	2928	024
3097	11	3098	024
5009	15	4973	024
5272	15	4973	024
1221	1	1210	024
4370	14	3710	024
716	1	148	024
1181	1	953	024
1184	1	953	024
6599	23	12547	024
5313	15	4973	024
1351	1	129	024
386	1	148	024
1558	1	148	024
6878	23	2966	024
1046	1	148	024
1902	23	3074	024
9680	22	9544	024
4568	23	2946	024
9386	23	12511	024
962	1	163	024
1149	1	953	024
311	1	148	024
1271	1	129	024
8204	23	2989	024
971	1	148	024
5072	15	4973	024
1248	1	122	024
1047	1	148	024
1126	1	148	024
1260	1	122	024
4974	15	4973	024
5294	15	4973	024
458	1	125	024
350	1	163	024
8499	23	12511	024
1426	1	135	025
1539	1	148	025
1212	1	122	025
998	1	148	025
1143	15	4973	025
706	1	708	025
231	1	122	025
386	1	148	025
1042	1	687	025
2729	23	2935	025
12545	23	2952	025
8426	23	12511	025
7406	23	3023	025
1221	1	122	025
4984	15	4986	025
5215	15	4973	025
1207	1	1142	025
1051	1	125	025
9063	23	3023	025
1584	1	122	025
1293	1	129	025
1317	1	129	025
5101	15	4973	025
4824	14	3710	025
3826	23	2996	025
1392	1	129	025
4370	14	3710	025
7146	23	12532	025
1231	1	122	025
1366	1	953	025
1534	1	122	025
5233	15	4973	025
11316	22	9589	025
393	1	122	025
1246	1	122	025
1411	1	163	025
1463	1	1464	025
12545	23	2951	025
121	1	122	025
2691	23	2955	025
2265	23	2982	025
7079	23	12511	025
8667	23	3023	025
264	15	4973	025
5267	15	4973	025
1558	1	148	025
1351	1	129	025
1491	1	125	025
1271	1	129	025
1038	1	148	025
4370	14	3710	025
3620	14	3423	025
1354	1	125	025
8385	23	2982	025
5030	15	4973	025
5013	15	4973	025
744	1	163	025
5231	15	4973	025
1351	1	1210	025
1140	1	148	025
447	1	126	025
9390	23	12511	025
1260	1	122	025
825	1	129	025
469	1	125	025
652	1	148	025
1258	1	129	025
1102	1	148	025
1360	1	953	025
4568	23	2946	025
5351	15	4973	025
1576	1	419	025
161	1	163	025
5226	15	4973	025
5050	15	4973	025
1169	1	953	025
7178	23	12511	025
4978	15	4973	025
5093	15	5094	025
134	1	125	025
5261	15	4973	025
644	1	125	025
6973	23	2996	025
950	1	148	025
146	1	122	025
1036	1	1027	025
673	1	163	025
5118	15	4973	025
8499	23	12511	025
135	1	137	025
1221	1	1210	025
1645	1	125	025
203	1	122	025
1347	1	953	025
8943	23	2951	025
1170	1	1161	025
6599	23	12547	025
1380	1	125	025
8730	23	2951	025
350	1	163	025
5099	15	4973	025
1382	1	953	025
1037	1	696	025
150	1	122	025
7417	23	3023	025
1665	1	125	025
9401	23	12508	025
5277	15	4973	025
1171	1	953	025
1002	1	148	025
830	1	148	025
1467	1	125	025
5330	15	4973	025
9051	23	12508	025
946	1	163	025
1902	23	3074	025
573	15	5094	025
1428	1	125	025
1854	23	2921	026
9076	23	2968	026
950	1	148	026
1260	1	122	026
135	1	137	026
8006	23	2949	026
1149	1	953	026
418	1	419	026
1351	1	129	026
5070	15	4973	026
264	15	4973	026
4370	14	3710	026
1626	1	125	026
699	1	122	026
1463	15	4986	026
1216	1	953	026
1016	1	125	026
3166	23	12532	026
1310	1	122	026
744	1	163	026
1326	1	129	026
1382	1	953	026
406	1	408	026
5291	15	4973	026
5117	15	4973	026
1359	1	129	026
8943	23	2951	026
1347	1	953	026
781	1	148	026
1591	1	135	026
995	1	148	026
5272	15	4973	026
2848	9	2733	026
5101	15	4973	026
1046	1	148	026
754	1	125	026
4441	14	3710	026
5085	15	4973	026
998	1	148	026
8943	23	12535	026
1050	1	125	026
7975	23	3023	026
6529	23	3023	026
469	1	125	026
1410	1	122	026
954	1	604	026
876	1	125	026
602	1	604	026
8779	23	2989	026
447	1	126	026
7417	23	3023	026
1666	1	125	026
4978	15	4973	026
5201	15	4973	026
3135	11	3136	026
1463	1	1464	026
1645	1	125	026
489	1	125	026
434	1	122	026
5119	15	4985	026
1146	1	953	026
761	1	129	026
5322	15	4986	026
7790	23	12511	026
1205	1	953	026
5041	15	4986	026
8842	23	3023	026
783	1	122	026
770	1	125	026
1497	1	163	026
645	1	125	026
5077	15	4973	026
1850	23	2951	026
9390	23	12511	026
7570	23	12516	026
464	1	125	026
1346	1	953	026
254	1	148	026
5323	15	4973	026
11372	22	9589	026
1233	1	122	026
1207	1	1142	026
1544	1	148	026
1356	1	953	026
1563	1	129	026
1152	1	953	026
4613	14	3847	026
6973	23	2996	026
447	1	125	026
1303	1	122	026
1141	1	953	026
1263	1	122	026
240	1	122	026
2265	23	2982	026
3046	23	2928	026
5326	15	4973	027
1252	1	129	027
1143	15	4973	027
1353	1	129	027
1078	1	122	027
5041	15	4986	027
988	15	4986	027
418	1	419	027
1336	1	122	027
1233	1	122	027
972	1	122	027
350	1	163	027
1033	1	1035	027
7079	23	12511	027
643	1	125	027
2729	23	2935	027
5005	15	4973	027
1365	1	129	027
9227	23	12508	027
7790	23	12511	027
311	1	148	027
1214	1	122	027
5204	15	4973	027
1467	1	125	027
1419	1	129	027
1382	1	953	027
8006	23	2949	027
1190	1	953	027
1361	1	953	027
1528	1	125	027
1192	1	1161	027
254	1	148	027
999	1	122	027
5302	15	4973	027
614	1	129	027
6973	23	2996	027
1380	1	125	027
3097	11	3098	027
1453	1	419	027
394	1	148	027
5313	15	4973	027
1179	1	953	027
1178	1	953	027
1655	1	148	027
1303	1	122	027
5006	15	4986	027
8943	23	12535	027
7406	23	3023	027
1189	1	953	027
647	1	125	027
5031	15	4973	027
9051	23	12508	027
1083	1	129	027
825	1	129	027
5007	15	4973	027
1220	1	122	027
308	15	4973	027
219	15	4973	027
5216	15	4973	027
8552	23	3023	027
3082	11	3083	027
5311	15	4973	027
6726	23	2966	027
5350	15	4973	027
5093	15	5094	027
8552	23	3023	027
1143	1	953	027
1410	1	122	027
3826	23	2996	027
1146	1	953	027
9218	23	12508	027
1281	1	122	027
8692	23	12516	027
1149	1	953	027
3064	23	12505	027
5272	15	4973	027
995	1	148	027
1265	1	1210	027
5253	15	4973	027
8730	23	2951	027
3166	23	12532	027
1170	1	1161	027
5215	15	4973	027
1046	1	148	027
950	1	148	027
5137	15	4973	027
6936	23	12511	027
7146	23	12532	027
1584	1	122	027
1545	1	148	027
160	1	125	027
1238	1	122	027
5050	15	4973	027
458	1	125	027
5126	15	4973	027
4963	17	4312	027
1026	1	1027	027
703	1	704	027
279	1	125	027
1298	1	1210	027
1207	1	1142	027
2265	23	2982	027
7975	23	2951	027
5101	15	4973	027
5267	15	4973	027
1296	1	129	027
1217	1	953	027
1543	1	148	027
1231	1	122	027
9076	23	2968	027
1081	1	604	027
1015	1	148	027
1014	1	604	027
1548	1	148	027
2294	23	12511	027
1180	1	953	027
1167	1	953	027
398	1	148	027
1626	1	125	027
5176	15	4973	027
1343	1	129	027
645	1	125	027
3057	23	2946	027
138	15	4973	027
1392	1	129	027
7847	23	2966	027
5009	15	4973	027
1470	1	135	027
1497	1	163	027
1013	1	604	027
5351	15	4973	027
1534	1	122	027
652	1	148	027
462	1	125	028
1212	1	122	028
1298	1	129	028
1551	1	125	028
1102	1	148	028
817	1	148	028
962	1	163	028
1319	1	122	028
1354	1	1142	028
1271	1	129	028
476	1	148	028
6371	23	3023	028
1340	1	122	028
9401	23	12508	028
5264	15	4973	028
3084	11	3081	028
1655	1	148	028
1081	1	604	028
209	1	148	028
1542	1	148	028
134	1	125	028
5219	15	4973	028
389	1	122	028
568	1	125	028
1220	1	122	028
7975	23	2951	028
4607	14	3447	028
8552	23	3023	028
988	15	4986	028
4978	15	4973	028
972	1	122	028
9390	23	12511	028
1354	1	125	028
685	1	687	028
1238	1	1210	028
1154	1	953	028
6878	23	2966	028
12545	23	2951	028
177	1	122	028
9018	23	3023	028
6936	23	12511	028
8760	23	12508	028
5019	15	4973	028
5267	15	4973	028
7178	23	12511	028
1642	1	122	028
1015	1	148	028
350	1	163	028
1350	1	129	028
1665	1	125	028
4370	14	3710	028
135	1	137	028
345	1	122	028
2294	23	12511	028
5283	15	4973	028
5009	15	4973	028
352	15	4973	028
418	1	419	028
264	15	4973	028
231	1	122	028
1545	1	148	028
647	1	125	028
1266	1	129	028
308	15	4973	028
1935	6	2012	028
761	1	129	028
5296	15	4973	028
5176	15	4973	028
1374	1	953	028
254	1	148	028
1645	1	125	028
1591	1	135	028
1410	1	122	028
3148	11	3120	028
6529	23	2952	028
5225	15	4973	028
7195	23	12531	028
1303	1	122	028
1265	1	1210	028
1233	1	122	028
1036	1	1027	028
6439	23	2956	028
83	1	809	028
8667	23	3023	028
652	1	148	028
8131	23	3030	028
164	1	165	028
9076	23	2968	028
1336	1	122	028
265	1	125	028
1013	1	604	028
4260	14	4261	028
1668	1	163	028
5068	15	4973	028
2265	23	2982	028
279	15	4973	028
645	1	125	028
3420	14	3423	028
2848	9	2733	028
5117	15	4973	028
6247	23	2935	028
6439	23	12515	028
1584	1	122	028
1156	1	953	028
5330	15	4973	028
1441	1	125	028
3064	23	12505	028
5099	15	4973	028
138	1	125	028
385	1	148	028
1263	1	122	028
1252	1	129	028
1146	1	953	028
1014	1	604	028
4547	14	3450	028
744	1	163	028
394	1	148	028
5050	15	4973	028
1155	1	953	028
5233	15	4973	028
5031	15	4973	028
145	1	122	028
2301	23	12535	028
1406	1	1464	028
706	1	708	028
1382	1	953	028
761	1	129	029
409	1	125	029
1514	1	148	029
5250	15	4973	029
1359	1	129	029
432	1	148	029
1192	1	1161	029
744	1	163	029
5231	15	4973	029
1642	1	122	029
406	1	408	029
6878	23	12520	029
1453	15	4973	029
568	1	125	029
643	1	125	029
4260	14	4261	029
1306	1	122	029
2294	23	12511	029
9227	23	12508	029
389	1	122	029
6973	23	2996	029
5041	15	4986	029
12545	23	2951	029
1410	1	122	029
1406	15	4986	029
1543	1	148	029
5085	15	4973	029
1528	1	125	029
1233	1	122	029
5175	15	4973	029
1355	1	953	029
876	1	125	029
3148	11	3120	029
783	1	122	029
1252	1	129	029
1534	1	122	029
1533	1	419	029
1039	1	1041	029
308	15	4973	029
5342	15	4973	029
1551	1	125	029
277	1	125	029
1262	1	129	029
1260	1	122	029
5232	15	4973	029
1140	1	148	029
447	1	125	029
3084	11	3081	029
5216	15	4973	029
6878	23	12520	029
5249	15	4973	029
1354	1	953	029
9076	23	2968	029
1186	1	953	029
1248	1	122	029
5303	15	4973	029
4824	14	3710	029
5330	15	4973	029
5291	15	4973	029
628	1	148	029
1501	1	148	029
1026	1	1027	029
3420	14	3423	029
1354	1	125	029
1002	1	148	029
1189	1	953	029
1051	1	125	029
1392	1	129	029
1426	1	135	029
279	15	4973	029
825	1	129	029
1013	1	604	029
1231	1	122	029
5093	15	5094	029
214	1	125	029
1374	1	953	029
3076	23	12551	029
4978	15	4973	029
972	1	122	029
5137	15	4973	029
424	15	4986	029
1221	1	1210	029
542	1	1029	029
1655	1	148	029
1406	1	1464	029
1854	23	2921	029
1360	1	953	029
962	1	163	029
1205	1	953	029
5101	15	4973	029
1170	1	1161	029
968	1	408	029
5086	15	4973	029
5225	15	4973	029
1160	1	1161	029
476	1	148	029
3826	23	2996	029
177	1	122	029
1850	23	2951	029
6878	23	2966	029
1365	1	129	029
5261	15	4973	029
950	1	148	029
721	1	122	029
7847	23	2966	029
1351	1	129	029
770	1	125	029
1353	1	129	029
1156	1	953	029
1078	1	122	029
231	1	122	029
979	1	125	029
1591	1	135	029
5313	15	4973	029
1453	1	419	029
4974	15	4973	029
614	1	129	029
5030	15	4973	029
1415	1	163	029
5099	15	4973	030
406	1	408	030
6129	23	12508	030
1584	1	122	030
265	1	125	030
9018	23	3023	030
3040	23	3023	030
209	1	148	030
1380	1	125	030
1354	1	953	030
673	15	4973	030
1563	1	129	030
311	1	148	030
8692	23	12516	030
971	1	148	030
6878	23	2966	030
9063	23	3023	030
9051	23	12508	030
4441	14	3710	030
1548	1	148	030
1637	6	1439	030
3826	23	2996	030
1039	1	1041	030
5219	15	4973	030
5250	15	4973	030
5291	15	4973	030
398	1	148	030
2729	23	2966	030
9076	23	2968	030
1415	1	163	030
8499	23	12511	030
706	1	708	030
1102	1	148	030
1281	1	122	030
3166	23	12532	030
5186	15	4973	030
1179	1	953	030
5311	15	4973	030
2848	23	12523	030
1392	1	129	030
6878	23	12520	030
409	1	125	030
3066	23	12524	030
1514	1	148	030
1666	1	125	030
3053	23	12505	030
6247	23	2935	030
214	1	125	030
9227	23	12508	030
5031	15	4973	030
2990	23	12502	030
1665	1	125	030
2967	23	3007	030
5137	15	4973	030
988	15	4986	030
6414	23	2935	030
4974	15	4973	030
5117	15	4973	030
273	1	125	030
345	1	122	030
1170	1	1161	030
8385	23	2982	030
1143	1	953	030
1216	1	953	030
1626	1	125	030
308	15	4973	030
5146	15	4973	030
1902	23	3074	030
3420	14	3423	030
5083	15	4973	030
12528	23	12532	030
647	1	125	030
1153	1	953	030
5015	15	4973	030
1410	1	122	030
1361	1	953	030
282	1	696	030
5019	15	4973	030
6878	23	12520	030
1545	1	148	030
1517	1	148	030
5225	15	4973	030
1375	1	953	030
1212	1	122	030
1426	1	135	030
1326	1	129	030
2301	23	12535	030
254	1	148	030
279	15	4973	030
1157	1	953	030
9306	23	12511	030
1854	23	2921	030
830	1	148	030
5098	15	4986	030
5050	15	4973	030
1078	1	122	030
4260	14	4261	030
2265	23	2982	030
5233	15	4973	030
699	1	122	030
5176	15	4973	030
1190	1	953	030
5261	15	4973	030
802	1	122	030
1165	1	953	030
1428	1	125	030
9680	22	9544	030
3166	23	12532	031
1233	1	122	031
817	1	148	031
1366	1	953	031
784	1	785	031
5323	15	4973	031
715	1	125	031
447	1	126	031
1356	1	953	031
8552	23	3023	031
685	1	687	031
6599	23	12547	031
5056	15	4973	031
6371	23	3023	031
5330	15	4973	031
9227	23	12508	031
783	1	122	031
6414	23	2935	031
5077	15	4973	031
4978	15	4973	031
3046	23	2928	031
1156	1	953	031
83	1	809	031
2294	23	12511	031
1540	1	148	031
3125	11	3118	031
134	1	125	031
8204	23	2989	031
1251	1	122	031
8779	23	2989	031
946	1	163	031
738	1	122	031
1246	1	122	031
1412	1	122	031
1171	15	4973	031
344	1	122	031
1384	1	122	031
1314	1	122	031
177	1	122	031
5351	15	4973	031
997	1	129	031
1149	1	953	031
489	1	125	031
8131	23	3030	031
1406	1	1464	031
203	1	122	031
5068	15	4973	031
3082	11	3083	031
5303	15	4973	031
1410	1	122	031
1463	15	4986	031
6973	23	2996	031
406	1	408	031
1419	1	129	031
1359	1	129	031
4963	17	4312	031
1271	1	129	031
6878	23	12520	031
5311	15	4973	031
7195	23	12531	031
9390	23	12511	031
12545	23	2952	031
7136	23	2955	031
754	1	125	031
614	1	129	031
435	1	125	031
1348	1	1161	031
655	1	419	031
5296	15	4973	031
1153	1	953	031
1551	1	125	031
8006	23	2949	031
5201	15	4973	031
164	15	4973	031
721	1	122	031
781	1	148	031
1180	1	1142	031
5128	15	4973	031
1168	1	953	031
1192	1	1161	031
3620	14	3423	031
8499	23	12511	031
4370	14	3710	031
5342	15	4973	031
5175	15	4973	031
5030	15	4973	031
398	1	148	031
1293	1	129	031
11316	22	9589	031
1935	6	2012	031
6439	23	12515	031
1336	1	122	031
2691	23	2955	031
1360	1	953	031
5208	15	4973	031
135	1	137	031
1160	1	1161	031
377	1	125	031
5117	15	4973	031
5249	15	4973	031
9076	23	2968	031
609	1	419	031
4984	15	4986	031
7975	23	2951	031
568	1	125	031
5146	15	4973	031
825	1	129	031
5264	15	4973	031
1489	1	122	031
703	1	704	031
1392	1	129	031
266	1	148	031
9051	23	12508	031
1346	1	953	031
1298	1	129	032
1441	1	125	032
5322	15	4986	032
279	1	125	032
4974	15	4973	032
1014	1	604	032
5351	15	4973	032
5281	15	4973	032
1411	1	163	032
9076	23	2968	032
3148	11	3120	032
277	1	125	032
1426	1	135	032
1353	1	129	032
1361	1	953	032
962	1	163	032
468	1	125	032
1165	1	1142	032
1081	1	604	032
398	1	148	032
1382	1	953	032
5019	15	4973	032
5323	15	4973	032
3125	11	3118	032
643	1	125	032
1572	1	122	032
979	1	125	032
1463	1	1464	032
2265	23	2982	032
9227	23	12508	032
264	15	4973	032
1039	1	1041	032
5219	15	4973	032
1491	1	125	032
2691	23	3023	032
5313	15	4973	032
5254	15	4973	032
1036	1	1027	032
5208	15	4973	032
447	1	126	032
602	1	604	032
1203	1	953	032
311	1	148	032
1171	15	4973	032
1276	1	129	032
5249	15	4973	032
8730	23	2951	032
5330	15	4973	032
9680	22	9544	032
138	1	125	032
2925	23	2996	032
5031	15	4973	032
1083	1	129	032
1666	1	125	032
1850	23	2951	032
1198	1	953	032
231	1	122	032
1170	1	1161	032
4370	14	3710	032
954	1	604	032
2294	23	12511	032
1410	1	122	032
3046	23	2928	032
1340	1	122	032
1045	1	125	032
1047	1	148	032
1265	1	1210	032
998	1	148	032
8842	23	3023	032
1661	1	125	032
1256	1	129	032
1207	1	1142	032
5035	15	4973	032
1359	1	129	032
11316	22	9589	032
1351	1	129	032
5030	15	4973	032
5261	15	4973	032
5294	15	4973	032
5225	15	4973	032
5006	15	4986	032
1658	1	163	032
1548	1	148	032
1467	1	125	032
1540	1	148	032
6129	23	12508	032
1591	1	135	032
5357	15	4973	032
1346	1	953	032
5204	15	4973	032
5083	15	4973	032
177	1	122	032
297	1	125	032
279	15	4973	032
1146	1	953	032
1470	1	135	032
1314	1	122	032
214	1	125	032
394	1	148	032
1528	1	125	032
1303	1	122	032
3097	11	3098	032
7195	23	12531	032
2729	23	2966	032
1415	1	163	032
12528	23	12532	032
6247	23	2935	032
655	1	419	032
1156	1	953	032
145	1	122	032
699	1	122	032
1521	1	148	032
957	1	125	032
1190	1	953	032
1428	1	125	032
1047	1	148	033
1406	1	1464	033
1014	1	604	033
5249	15	4973	033
1238	1	122	033
377	1	125	033
995	1	148	033
761	1	129	033
950	1	148	033
2729	23	2966	033
1146	1	953	033
8989	23	12508	033
568	1	125	033
1467	1	125	033
1293	1	129	033
2925	23	2996	033
744	1	163	033
9386	23	12511	033
1238	1	1210	033
1468	1	604	033
2294	23	12511	033
716	1	148	033
1149	1	953	033
1514	1	148	033
784	1	785	033
628	1	148	033
8006	23	2949	033
3076	23	12551	033
438	1	135	033
1352	1	1161	033
1544	1	148	033
1655	1	148	033
447	1	125	033
2848	23	12523	033
997	1	129	033
1380	1	953	033
1152	1	953	033
8943	23	2951	033
2991	23	2992	033
2691	23	2955	033
1533	1	419	033
352	15	4973	033
3236	23	12520	033
1153	1	953	033
3057	23	2946	033
1296	1	129	033
5296	15	4973	033
1141	1	953	033
1281	1	122	033
3038	23	3039	033
462	1	125	033
1181	1	953	033
5291	15	4973	033
282	1	696	033
5077	15	4973	033
5250	15	4973	033
979	1	125	033
138	1	125	033
1263	1	122	033
1171	1	953	033
5035	15	4973	033
2265	23	2982	033
3066	23	2982	033
5009	15	4973	033
655	1	419	033
1640	1	125	033
4370	14	3710	033
1528	1	125	033
9076	23	2968	033
5303	15	4973	033
1184	1	953	033
1042	1	687	033
458	15	4973	033
1491	1	125	033
435	1	125	033
2691	23	3023	033
7975	23	2951	033
146	1	122	033
8204	23	2989	033
1256	1	129	033
1545	1	148	033
5098	15	4986	033
83	1	809	033
424	15	4986	033
957	1	125	033
9306	23	12511	033
5261	15	4973	033
5101	15	4973	033
5086	15	4973	033
1266	1	129	033
3236	23	3023	033
214	1	125	033
1411	1	163	033
8730	23	2951	033
134	1	125	033
4568	23	2946	033
1303	1	122	033
2990	23	12502	033
4974	15	4973	033
1355	1	953	033
1542	1	148	033
1392	1	129	033
138	15	4973	033
5254	15	4973	033
1426	1	135	033
1214	1	122	033
1251	1	122	033
706	1	708	033
6973	23	2996	033
715	1	125	034
703	1	704	034
1192	1	1161	034
1366	1	953	034
1361	1	953	034
1668	1	163	034
1047	1	148	034
240	1	122	034
5093	15	5094	034
1233	1	122	034
4963	17	4312	034
150	1	122	034
1296	1	129	034
1203	1	953	034
3236	23	12520	034
5015	15	4973	034
817	1	148	034
1256	1	129	034
1171	15	4973	034
83	1	809	034
3117	11	3098	034
104	1	107	034
1262	1	129	034
1252	1	129	034
1081	1	604	034
802	1	122	034
9236	23	12508	034
5005	15	4973	034
644	1	125	034
489	1	125	034
609	1	419	034
1544	1	148	034
3053	23	12505	034
5175	15	4973	034
706	1	708	034
5204	15	4973	034
6371	23	3023	034
6936	23	12511	034
164	15	4973	034
1297	1	129	034
1169	1	953	034
5231	15	4973	034
9051	23	12508	034
3135	11	3136	034
266	1	148	034
5006	15	4986	034
9390	23	12511	034
1002	1	148	034
946	1	163	034
1492	1	125	034
1359	1	129	034
1036	1	1027	034
2967	23	3007	034
12528	23	12532	034
5351	15	4973	034
1406	1	1464	034
1542	1	148	034
5077	15	4973	034
4260	14	4261	034
1217	1	953	034
1854	23	2921	034
1354	1	953	034
784	1	785	034
1453	1	419	034
972	1	122	034
1156	1	953	034
9070	23	2982	034
1267	1	129	034
7406	23	3023	034
1078	1	122	034
11316	22	9589	034
5072	15	4973	034
1510	1	122	034
161	1	163	034
1276	1	129	034
988	15	4986	034
435	1	125	034
3076	23	3077	034
5031	15	4973	034
6726	23	2966	034
6439	23	12515	034
614	1	129	034
418	1	419	034
1146	1	953	034
830	1	148	034
621	1	122	034
1274	1	129	034
462	1	125	034
3097	11	3098	034
2301	23	2951	034
12545	23	2951	034
1154	1	953	034
6439	23	2956	034
7136	23	2955	034
264	15	4973	034
1640	1	125	034
2294	23	12511	034
1221	1	122	034
352	15	4973	034
1563	1	129	034
282	1	696	034
1160	1	1161	034
7975	23	3023	034
345	1	122	034
754	1	125	034
308	1	165	034
1343	1	129	034
8667	23	3023	034
254	1	148	034
3076	23	3077	035
4441	14	3710	035
6878	23	12520	035
2848	23	12523	035
5086	15	4973	035
1551	1	125	035
7136	23	2955	035
1251	1	122	035
703	1	704	035
1642	1	122	035
7146	23	12532	035
5146	15	4973	035
3057	23	2946	035
1346	1	953	035
1267	1	129	035
652	1	148	035
602	1	604	035
282	1	696	035
1146	1	953	035
5019	15	4973	035
5233	15	4973	035
104	1	107	035
1336	1	122	035
5249	15	4973	035
2925	23	2996	035
6371	23	3023	035
6529	23	3023	035
1347	1	953	035
1640	1	125	035
2294	23	12511	035
7790	23	12511	035
1102	1	148	035
1221	1	1210	035
6599	23	12547	035
231	1	122	035
8760	23	12508	035
534	1	135	035
1207	1	1142	035
1543	1	148	035
1293	1	129	035
1262	1	129	035
5081	15	4973	035
5311	15	4973	035
135	1	137	035
3148	11	3120	035
5176	15	4973	035
1667	1	125	035
1303	1	122	035
4568	23	2946	035
1510	1	122	035
1353	1	129	035
5085	15	4973	035
716	1	148	035
9294	23	12508	035
1354	1	1142	035
7417	23	3023	035
9306	23	12511	035
6936	23	12511	035
2729	23	2966	035
2991	23	2992	035
5007	15	4973	035
697	1	698	035
3135	11	3136	035
1212	1	122	035
645	1	125	035
3064	23	12505	035
145	1	122	035
311	1	148	035
279	1	125	035
5119	15	4985	035
1050	1	125	035
5118	15	4973	035
5296	15	4973	035
1348	1	1161	035
3790	14	4261	035
1178	1	953	035
691	1	129	035
1298	1	129	035
988	15	4986	035
2967	23	3007	035
5101	15	4973	035
385	1	148	035
2691	23	2955	035
2301	23	12535	035
6973	23	2996	035
1143	15	4973	035
1306	1	122	035
1850	23	2951	035
5350	15	4973	035
8006	23	2949	035
1037	1	696	035
3236	23	3023	035
1365	1	129	035
297	1	125	035
4260	14	4261	035
467	1	125	035
5215	15	4973	035
5330	15	4973	035
1351	1	129	035
1221	1	122	035
5313	15	4973	035
8730	23	3026	035
1047	1	148	035
1392	1	129	035
1491	1	125	035
468	1	125	035
1045	1	125	035
1539	1	148	035
1258	1	129	035
134	1	125	035
1359	1	129	035
1149	1	953	035
209	1	148	035
5056	15	4973	035
12545	23	2951	035
7195	23	12531	036
352	15	4973	036
5126	15	4973	036
1154	1	953	036
8730	23	3026	036
1468	1	604	036
469	1	125	036
9076	23	2968	036
542	1	1029	036
1221	1	1210	036
177	1	122	036
1152	1	953	036
424	15	4986	036
1033	1	1035	036
1169	1	953	036
5167	15	4973	036
5137	15	4973	036
1655	1	148	036
5226	15	4973	036
5093	15	5094	036
5267	15	4973	036
673	1	163	036
1156	1	953	036
1198	1	953	036
1591	1	135	036
5225	15	4973	036
1348	1	1161	036
6414	23	2935	036
9227	23	12508	036
5070	15	4973	036
1351	1	1210	036
3066	23	12524	036
6726	23	2966	036
1661	1	125	036
7790	23	12511	036
5283	15	4973	036
4824	14	3710	036
5323	15	4973	036
1170	1	1161	036
5007	15	4973	036
1354	1	953	036
1238	1	1210	036
1667	1	125	036
1510	1	122	036
265	1	125	036
854	1	135	036
1203	1	953	036
998	1	148	036
1665	1	125	036
2294	23	12511	036
273	1	125	036
3620	14	3423	036
12528	23	12532	036
5208	15	4973	036
315	1	122	036
1016	1	125	036
1002	1	148	036
1558	1	148	036
2691	23	2955	036
1297	1	129	036
1463	1	1464	036
6936	23	12511	036
1572	1	122	036
8943	23	2951	036
3826	23	2996	036
1180	1	953	036
7570	23	12516	036
703	1	704	036
1083	1	129	036
6439	23	2956	036
1491	1	125	036
9018	23	3023	036
5052	15	4973	036
1392	1	129	036
1329	1	129	036
464	1	125	036
1668	1	163	036
995	1	148	036
367	1	122	036
9401	23	12508	036
1426	1	135	036
1658	1	163	036
1539	1	148	036
738	1	122	036
7975	23	2951	036
5264	15	4973	036
468	1	125	036
5277	15	4973	036
3040	23	3023	036
121	1	122	036
2967	23	3007	036
1205	1	953	036
1171	1	953	036
1047	1	148	036
1014	1	604	036
1360	1	953	036
817	1	148	036
1298	1	129	036
4568	23	2946	036
134	1	125	036
5098	15	4986	036
534	1	135	036
240	1	122	036
1410	1	122	036
1102	1	148	037
12545	23	2952	037
1365	1	129	037
1539	1	148	037
5098	15	4986	037
1251	1	122	037
1156	1	953	037
1453	1	419	037
9076	23	2968	037
5201	15	4973	037
5118	15	4973	037
1271	1	129	037
9236	23	12508	037
1221	1	1210	037
1141	1	953	037
1160	1	1161	037
1212	1	122	037
1637	6	1439	037
1497	1	163	037
297	1	125	037
1463	1	1464	037
8751	23	12508	037
5226	15	4973	037
5232	15	4973	037
1248	1	122	037
1263	1	122	037
1558	1	148	037
3046	23	2928	037
1238	1	1210	037
5231	15	4973	037
9680	22	9544	037
6599	23	12547	037
264	15	4973	037
5186	15	4973	037
1501	1	148	037
3076	23	3077	037
464	1	125	037
1850	23	2951	037
754	1	125	037
5219	15	4973	037
104	1	107	037
3082	11	3083	037
783	1	122	037
5176	15	4973	037
1591	1	135	037
462	1	125	037
1415	1	148	037
8385	23	2982	037
2848	9	2733	037
5303	15	4973	037
3076	23	12551	037
1265	1	1210	037
568	1	125	037
435	1	125	037
1036	1	1027	037
957	1	125	037
1037	1	696	037
6529	23	3023	037
9063	23	3023	037
1296	1	129	037
1281	1	122	037
3084	11	3081	037
621	1	122	037
1002	1	148	037
1140	1	148	037
5346	15	4986	037
3620	14	3423	037
1033	1	1035	037
5085	15	4973	037
367	1	122	037
5128	15	4973	037
5254	15	4973	037
647	1	125	037
311	1	148	037
1146	1	953	037
6529	23	2952	037
1181	1	953	037
1351	1	1210	037
469	1	125	037
1306	1	122	037
1935	6	2012	037
1666	1	125	037
643	1	125	037
1563	1	129	037
5250	15	4973	037
1326	1	129	037
438	1	135	037
5313	15	4973	037
1467	1	125	037
7146	23	12532	037
3420	14	3423	037
4568	23	2946	037
1382	1	953	037
11316	22	9589	037
1165	1	953	037
8989	23	12508	037
9390	23	12511	037
1661	1	125	037
1374	1	953	037
995	1	148	037
4984	15	4986	037
1039	1	1041	037
2848	23	12523	037
5077	15	4973	038
1640	1	125	038
4974	15	4973	038
7079	23	12511	038
628	1	148	038
3117	11	3098	038
1146	1	953	038
962	1	163	038
1216	1	953	038
4260	14	4261	038
3620	14	3423	038
673	15	4973	038
1180	1	953	038
1497	1	163	038
1306	1	122	038
761	1	129	038
1354	1	1142	038
1231	1	122	038
5296	15	4973	038
7847	23	2966	038
1171	15	4973	038
8552	23	3023	038
1902	23	3074	038
1352	1	1161	038
160	1	125	038
385	1	148	038
7136	23	2955	038
1126	1	148	038
1626	1	125	038
8692	23	12516	038
1467	1	125	038
3040	23	3023	038
1037	1	696	038
145	1	122	038
8426	23	12511	038
447	1	126	038
1156	1	953	038
541	1	282	038
6414	23	2935	038
311	1	148	038
1336	1	122	038
1251	1	122	038
1668	1	163	038
2991	23	12533	038
947	1	148	038
219	15	4973	038
1153	1	953	038
5351	15	4973	038
5254	15	4973	038
2848	23	12523	038
467	1	125	038
438	1	135	038
1238	1	122	038
1046	1	148	038
825	1	129	038
1655	1	148	038
5322	15	4986	038
5326	15	4973	038
1544	1	148	038
5330	15	4973	038
988	15	4986	038
7975	23	2951	038
1343	1	129	038
9386	23	12511	038
3148	11	3120	038
394	1	148	038
1276	1	129	038
1314	1	122	038
652	1	148	038
5208	15	4973	038
655	1	419	038
6599	23	12547	038
5294	15	4973	038
150	1	122	038
6529	23	2952	038
1347	1	953	038
1154	1	953	038
1252	1	129	038
4370	14	3710	038
568	1	125	038
1221	1	1210	038
5342	15	4973	038
1140	1	148	038
8842	23	3023	038
9236	23	12508	038
3076	23	12551	038
1297	1	129	038
1217	1	953	038
703	1	704	038
5277	15	4973	038
5126	15	4973	038
254	1	148	038
280	1	283	038
1198	1	953	038
1042	1	687	038
947	1	1033	038
8943	23	2951	038
6439	23	2956	038
1453	15	4973	038
135	1	137	038
1046	1	148	039
4370	14	3710	039
947	1	148	039
6414	23	2935	039
438	1	135	039
8943	23	3023	039
8692	23	12516	039
1274	1	129	039
5175	15	4973	039
716	1	148	039
770	1	125	039
5081	15	4973	039
5099	15	4973	039
1033	1	1035	039
7975	23	3023	039
647	1	125	039
1051	1	125	039
5019	15	4973	039
3076	23	12551	039
2848	9	2733	039
7570	23	12516	039
311	1	148	039
476	1	148	039
1152	1	953	039
1665	1	125	039
1251	1	122	039
1539	1	148	039
5167	15	4973	039
3046	23	2928	039
1392	1	129	039
1207	1	1142	039
1212	1	122	039
1192	1	1161	039
1584	1	122	039
783	1	122	039
1313	1	122	039
1297	1	129	039
1540	1	148	039
5006	15	4986	039
464	1	125	039
138	15	4973	039
5225	15	4973	039
6938	23	12543	039
5007	15	4973	039
5201	15	4973	039
621	1	122	039
1319	1	122	039
541	1	282	039
121	1	122	039
1140	1	148	039
1143	15	4973	039
5313	15	4973	039
9294	23	12508	039
1366	1	1142	039
209	1	148	039
5072	15	4973	039
450	1	148	039
7847	23	2966	039
2691	23	2955	039
297	1	125	039
279	15	4973	039
5041	15	4986	039
1380	1	953	039
1169	1	953	039
240	1	122	039
680	1	137	039
9680	22	9544	039
1266	1	129	039
4963	17	4312	039
5176	15	4973	039
11316	22	9589	039
385	1	148	039
6371	23	3023	039
1668	1	163	039
4547	14	3450	039
1217	1	953	039
1013	1	604	039
645	1	125	039
469	1	125	039
1156	1	953	039
1521	1	148	039
6878	23	12520	039
5068	15	4973	039
830	1	148	039
1551	1	125	039
6247	23	2935	039
4824	14	3710	039
3053	23	12505	039
6599	23	12547	039
282	1	696	039
4441	14	3710	039
308	15	4973	039
1220	1	122	039
9386	23	12511	039
5077	15	4973	039
5254	15	4973	039
1014	1	604	039
1178	1	953	039
947	1	1033	039
1441	1	125	039
1260	1	122	039
1935	6	2012	039
738	1	122	039
5146	15	4973	039
1167	1	953	039
1216	1	953	039
1501	1	148	039
8730	23	3026	039
2848	23	12523	039
1426	1	135	039
6371	23	3023	039
8943	23	2951	039
947	1	163	039
685	1	687	039
1045	1	125	039
1268	1	129	039
1669	1	419	039
1203	1	953	039
462	1	125	039
8385	23	2982	039
1850	23	2951	039
9294	23	12508	040
5342	15	4973	040
1207	1	953	040
5296	15	4973	040
1355	1	953	040
5302	15	4973	040
489	1	125	040
1563	1	129	040
5201	15	4973	040
830	1	148	040
1207	1	1142	040
476	1	148	040
1233	1	122	040
134	1	125	040
652	1	148	040
1902	23	3074	040
5261	15	4973	040
1351	1	1210	040
345	1	122	040
754	1	125	040
647	1	125	040
1576	1	419	040
1268	1	129	040
1165	1	953	040
1854	23	2921	040
7146	23	12532	040
8730	23	3026	040
1171	15	4973	040
203	1	122	040
1238	1	1210	040
1419	1	129	040
1016	1	125	040
1353	1	129	040
5254	15	4973	040
1297	1	129	040
1238	1	122	040
1192	1	1161	040
2265	23	2982	040
5313	15	4973	040
2925	23	2996	040
8667	23	3023	040
450	1	148	040
1453	1	419	040
8842	23	3023	040
1274	1	129	040
1276	1	129	040
621	1	122	040
2301	23	12535	040
5081	15	4973	040
5357	15	4973	040
1281	1	122	040
703	1	704	040
1406	15	4986	040
458	1	125	040
3236	23	12520	040
3064	23	12505	040
1540	1	148	040
1171	1	953	040
8943	23	12535	040
1146	1	953	040
5005	15	4973	040
5215	15	4973	040
5303	15	4973	040
950	1	148	040
1489	1	122	040
3125	11	3118	040
1380	1	125	040
5099	15	4973	040
1428	1	125	040
628	1	148	040
1406	1	1464	040
1256	1	129	040
1463	1	1464	040
968	1	408	040
947	1	975	040
6529	23	2952	040
1467	1	125	040
643	1	125	040
1655	1	148	040
3066	23	12524	040
6599	23	12547	040
8730	23	2951	040
680	1	137	040
1514	1	148	040
279	15	4973	040
409	1	125	040
6599	23	12547	040
8989	23	12508	040
1343	1	129	040
4974	15	4973	040
706	1	708	040
264	15	4973	040
1350	1	129	040
4348	14	3726	040
7079	23	12511	040
1359	1	129	040
995	1	148	040
715	1	125	040
1152	1	953	040
1346	1	953	040
1203	1	953	040
297	1	125	040
7975	23	2951	040
817	1	148	040
1591	1	135	040
3053	23	12505	040
5083	15	4973	040
5009	15	4973	040
1389	1	129	040
1013	1	604	040
1078	1	122	040
6439	23	12515	040
1551	1	125	040
697	1	698	040
352	15	4973	040
1140	1	148	040
1221	1	122	041
947	1	1033	041
9218	23	12508	041
8385	23	3023	041
5085	15	4973	041
1453	1	419	041
1296	1	129	041
7079	23	12511	041
6170	17	5997	041
1165	1	1142	041
5357	15	4973	041
703	1	704	041
9401	23	12508	041
1366	1	1142	041
947	1	975	041
5231	15	4973	041
5208	15	4973	041
1468	1	604	041
5056	15	4973	041
138	1	125	041
1212	1	122	041
1384	1	122	041
817	1	148	041
1902	23	3074	041
3125	11	3118	041
1083	1	129	041
1141	1	953	041
1655	1	148	041
1850	23	2951	041
308	1	165	041
3135	11	3136	041
1051	1	125	041
467	1	125	041
8751	23	12508	041
995	1	148	041
1047	1	148	041
6439	23	2956	041
1143	15	4973	041
1543	1	148	041
5201	15	4973	041
7847	23	2966	041
150	1	122	041
5007	15	4973	041
4568	23	2946	041
406	1	408	041
1192	1	1161	041
1037	1	696	041
177	1	122	041
5118	15	4973	041
5005	15	4973	041
1207	1	1142	041
1346	1	953	041
5291	15	4973	041
1266	1	129	041
7406	23	3023	041
1167	1	953	041
947	1	148	041
1203	1	953	041
1326	1	129	041
1231	1	122	041
643	1	125	041
1658	1	163	041
1426	1	135	041
7687	23	12511	041
3134	11	3129	041
5072	15	4973	041
1382	1	953	041
1220	1	122	041
5006	15	4986	041
8730	23	3026	041
5232	15	4973	041
3790	14	4261	041
1428	1	125	041
1171	1	953	041
5283	15	4973	041
345	1	122	041
1497	1	163	041
1669	1	419	041
1184	1	953	041
1298	1	1210	041
2925	23	2996	041
6878	23	12520	041
1271	1	129	041
8943	23	12535	041
5272	15	4973	041
254	1	148	041
1491	1	125	041
754	1	125	041
389	1	122	041
854	1	135	041
1039	1	1041	041
1180	1	953	041
1146	1	953	041
7570	23	12516	041
8204	23	2989	041
1238	1	122	041
393	1	122	041
655	1	419	041
5302	15	4973	041
781	1	148	041
386	1	148	041
9063	23	3023	041
5253	15	4973	041
5086	15	4973	041
614	1	129	041
1380	1	953	041
1640	1	125	041
9018	23	3023	041
6529	23	2952	041
1126	1	148	041
164	15	4973	041
266	1	148	041
1540	1	148	041
1265	1	1210	041
1360	1	953	041
5167	15	4973	041
1548	1	148	041
5101	15	4973	041
1297	1	129	041
8552	23	3023	041
5323	15	4973	041
5099	15	4973	041
1140	1	148	041
712	1	163	041
164	1	165	041
1154	1	953	041
988	15	4986	041
721	1	122	041
1319	1	122	041
7790	23	12511	041
655	1	419	042
1360	1	953	042
1665	1	125	042
1346	1	953	042
1382	1	953	042
5186	15	4973	042
1258	1	129	042
1140	1	148	042
1326	1	129	042
5323	15	4973	042
104	1	107	042
219	15	4973	042
6726	23	2966	042
1016	1	125	042
3160	11	3098	042
1492	1	125	042
6936	23	12511	042
947	1	129	042
534	1	135	042
8730	23	2951	042
1168	1	953	042
406	1	408	042
5231	15	4973	042
1153	1	953	042
6529	23	2952	042
1149	1	953	042
1281	1	122	042
1246	1	122	042
447	1	125	042
1186	1	953	042
1406	15	4986	042
1551	1	125	042
3066	23	2982	042
8667	23	3023	042
573	15	5094	042
1276	1	129	042
1033	1	1035	042
5146	15	4973	042
1585	1	163	042
6529	23	3023	042
1329	1	129	042
947	1	148	042
2301	23	2951	042
614	1	129	042
5137	15	4973	042
435	1	125	042
972	1	122	042
1217	1	953	042
8552	23	3023	042
5204	15	4973	042
5346	15	4986	042
254	1	148	042
150	1	122	042
6439	23	12515	042
1268	1	129	042
1351	1	1210	042
1306	1	122	042
4260	14	4261	042
7570	23	12516	042
8131	23	3030	042
160	1	125	042
5167	15	4973	042
703	1	704	042
4963	17	4312	042
1501	1	148	042
968	1	408	042
1171	15	4973	042
1415	1	163	042
6878	23	12520	042
393	1	122	042
1667	1	125	042
1358	1	953	042
3076	23	3077	042
1203	1	953	042
1265	1	1210	042
5176	15	4973	042
5201	15	4973	042
1380	1	953	042
5311	15	4973	042
438	1	135	042
308	1	165	042
541	1	283	042
995	1	148	042
9218	23	12508	042
458	1	125	042
568	1	125	042
138	1	125	042
2265	23	2982	042
6247	23	2935	042
697	1	698	042
6878	23	2966	042
1655	1	148	042
9401	23	12508	042
825	1	129	042
979	1	125	042
467	1	125	042
1171	1	953	042
3084	11	3081	042
5303	15	4973	042
315	1	122	042
1850	23	2951	042
1271	1	129	042
1266	1	129	042
3134	11	3129	042
7417	23	3023	042
5030	15	4973	042
1545	1	148	042
5031	15	4973	042
462	1	125	042
673	1	163	042
297	1	125	042
3066	23	2982	043
699	1	122	043
469	1	125	043
3148	11	3120	043
1640	1	125	043
1262	1	129	043
121	1	122	043
3082	11	3083	043
476	1	148	043
1348	1	1161	043
8006	23	2949	043
1489	1	122	043
754	1	125	043
534	1	135	043
4568	23	2946	043
1543	1	148	043
219	15	4973	043
1666	1	125	043
5264	15	4973	043
145	1	122	043
458	15	4973	043
1585	1	163	043
1510	1	122	043
1642	1	122	043
5035	15	4973	043
4348	14	3726	043
3076	23	12551	043
1186	1	953	043
432	1	148	043
311	1	148	043
697	1	698	043
7790	23	12511	043
489	1	125	043
2990	23	12502	043
6371	23	3023	043
277	1	125	043
8989	23	12508	043
2729	23	2935	043
2991	10	2992	043
5083	15	4973	043
1171	15	4973	043
280	1	282	043
947	1	1033	043
2691	23	3023	043
988	15	4986	043
1189	1	953	043
12545	23	2952	043
438	1	135	043
6414	23	2935	043
6414	23	2935	043
1854	23	2921	043
8667	23	3023	043
997	1	129	043
1014	1	604	043
5233	15	4973	043
8385	23	3023	043
1415	1	148	043
1045	1	125	043
264	15	4973	043
1276	1	129	043
1180	1	1142	043
5009	15	4973	043
1165	1	953	043
1453	15	4973	043
5253	15	4973	043
1038	1	148	043
680	1	137	043
3135	11	3136	043
1514	1	148	043
655	1	419	043
1037	1	696	043
817	1	148	043
1016	1	125	043
1517	1	148	043
3038	23	3039	043
995	1	148	043
8692	23	12516	043
203	1	122	043
2729	23	2966	043
998	1	148	043
7079	23	12511	043
1143	15	4973	043
1146	1	953	043
6936	23	12511	043
1271	1	129	043
12545	23	2951	043
8131	23	3030	043
1143	1	953	043
3420	14	3423	043
3117	11	3098	043
5281	15	4973	043
1453	1	419	043
783	1	122	043
5201	15	4973	043
1463	15	4986	043
8426	23	12511	043
1540	1	148	043
3064	23	12505	043
5186	15	4973	043
297	1	125	043
1220	1	122	043
1149	1	953	043
7975	23	2951	043
1542	1	148	043
280	1	281	043
308	1	165	043
6938	23	12543	043
377	1	125	043
447	1	125	043
1221	1	1210	043
1267	1	129	043
1329	1	129	043
673	15	4973	043
1441	1	125	043
1347	1	953	043
705	1	687	043
9390	23	12511	043
1050	1	125	043
947	1	129	044
1528	1	125	044
279	1	125	044
5342	15	4973	044
8204	23	2989	044
1591	1	135	044
1655	1	148	044
3236	23	12520	044
7847	23	2966	044
5035	15	4973	044
447	1	126	044
1298	1	129	044
1266	1	129	044
5326	15	4973	044
1033	1	1035	044
5281	15	4973	044
1412	1	122	044
1572	1	122	044
8730	23	2951	044
3826	23	2996	044
1046	1	148	044
7178	23	12511	044
1170	1	1161	044
9236	23	12508	044
6878	23	2966	044
1470	1	135	044
1263	1	122	044
7570	23	12516	044
464	1	125	044
1178	1	953	044
5007	15	4973	044
9227	23	12508	044
1539	1	148	044
1238	1	1210	044
8006	23	2949	044
5216	15	4973	044
699	1	122	044
691	1	129	044
3066	23	12524	044
972	1	122	044
1260	1	122	044
1350	1	129	044
5146	15	4973	044
3236	23	3023	044
9680	22	9544	044
1276	1	129	044
177	1	122	044
1419	1	129	044
962	1	163	044
231	1	122	044
394	1	148	044
781	1	148	044
1233	1	122	044
802	1	122	044
1576	1	419	044
1380	1	125	044
1310	1	122	044
1214	1	122	044
6129	23	12508	044
265	1	125	044
614	1	129	044
134	1	125	044
1540	1	148	044
5081	15	4973	044
587	1	125	044
1584	1	122	044
567	1	125	044
1248	1	122	044
1246	1	122	044
6371	23	3023	044
4963	17	4312	044
5117	15	4973	044
1645	1	125	044
1238	1	122	044
5225	15	4973	044
5041	15	4986	044
6414	23	2935	044
1426	1	135	044
783	1	122	044
9218	23	12508	044
1141	1	953	044
5052	15	4973	044
273	1	125	044
3047	23	3039	044
1658	1	163	044
647	1	125	044
1375	1	953	044
5056	15	4973	044
1935	6	2012	044
1415	1	163	044
434	1	122	044
1355	1	953	044
1489	1	122	044
8499	23	12511	044
1251	1	122	044
1850	23	2951	044
469	1	125	044
1384	1	122	044
1637	6	1439	044
1167	1	953	044
1153	1	953	044
817	1	148	044
5005	15	4973	044
214	1	125	044
389	1	122	044
5277	15	4973	044
542	1	1029	044
6529	23	3023	044
6726	23	2966	044
1366	1	953	044
7687	23	12511	044
1343	1	129	044
5311	15	4973	044
5231	15	4973	044
1666	1	125	044
5322	15	4986	044
716	1	148	044
5302	15	4973	044
3076	23	3077	044
9306	23	12511	044
5350	15	4973	045
534	1	135	045
647	1	125	045
1033	1	1035	045
1382	1	953	045
1146	1	953	045
1189	1	953	045
716	1	148	045
1317	1	129	045
5015	15	4973	045
3166	23	12532	045
9070	23	2982	045
1389	1	129	045
5291	15	4973	045
1276	1	129	045
947	1	129	045
1645	1	125	045
754	1	125	045
9680	22	9544	045
344	1	122	045
3097	11	3098	045
568	1	125	045
950	1	148	045
1428	1	125	045
3066	23	12524	045
1238	1	122	045
1016	1	125	045
1152	1	953	045
424	15	4986	045
1190	1	953	045
12528	23	12532	045
1655	1	148	045
5041	15	4986	045
5283	15	4973	045
5077	15	4973	045
6878	23	12520	045
5281	15	4973	045
8779	23	2989	045
3038	23	3039	045
6247	23	2935	045
435	1	125	045
1426	1	135	045
308	1	165	045
8842	23	3023	045
3799	14	3800	045
4105	14	4064	045
1184	1	953	045
1491	1	125	045
203	1	122	045
6878	23	12520	045
146	1	122	045
458	15	4973	045
6529	23	3023	045
1266	1	129	045
280	1	282	045
1216	1	953	045
1205	1	953	045
386	1	148	045
5019	15	4973	045
1642	1	122	045
3040	23	3023	045
138	15	4973	045
3790	14	4261	045
1366	1	1142	045
5264	15	4973	045
712	1	163	045
1014	1	604	045
5006	15	4986	045
4441	14	3710	045
418	1	419	045
1042	1	687	045
6439	23	12515	045
468	1	125	045
1359	1	129	045
1310	1	122	045
947	1	163	045
377	1	125	045
406	1	408	045
8751	23	12508	045
541	1	282	045
297	1	125	045
1233	1	122	045
1046	1	148	045
817	1	148	045
1351	1	1210	045
9063	23	3023	045
1248	1	122	045
8989	23	12508	045
3134	11	3129	045
761	1	129	045
279	1	125	045
997	1	129	045
5261	15	4973	045
350	1	163	045
5357	15	4973	045
5215	15	4973	045
1155	1	953	045
447	1	125	046
8730	23	2951	046
5326	15	4973	046
468	1	125	046
9680	22	9544	046
8760	23	12508	046
1220	1	122	046
971	1	148	046
8006	23	2949	046
1353	1	129	046
5322	15	4986	046
1154	1	953	046
5068	15	4973	046
6129	23	12508	046
5009	15	4973	046
602	1	604	046
308	15	4973	046
8989	23	12508	046
161	1	163	046
1317	1	129	046
1265	1	1210	046
1655	1	148	046
5050	15	4973	046
1558	1	148	046
3790	14	4261	046
1346	1	953	046
1668	1	163	046
1340	1	122	046
1468	1	604	046
1165	1	953	046
1033	1	1035	046
4441	14	3710	046
1083	1	129	046
972	1	122	046
9227	23	12508	046
5323	15	4973	046
1192	1	1161	046
5277	15	4973	046
1415	1	163	046
1336	1	122	046
1152	1	953	046
1661	1	125	046
1640	1	125	046
1348	1	1161	046
424	15	4986	046
2691	23	2955	046
1428	1	125	046
464	1	125	046
138	15	4973	046
5126	15	4973	046
240	1	122	046
7847	23	2966	046
1038	1	148	046
1935	6	2012	046
1366	1	953	046
279	15	4973	046
9386	23	12511	046
1347	1	953	046
3477	14	3479	046
5052	15	4973	046
4824	14	3710	046
1354	1	1142	046
297	1	125	046
3053	23	12505	046
1406	15	4986	046
12528	23	12532	046
1585	1	163	046
1350	1	129	046
1501	1	148	046
7178	23	12511	046
5030	15	4973	046
997	1	129	046
5303	15	4973	046
1207	1	1142	046
254	1	148	046
11316	22	9589	046
1326	1	129	046
104	1	107	046
138	1	125	046
1645	1	125	046
5101	15	4973	046
6599	23	12547	046
1298	1	1210	046
1665	1	125	046
1231	1	122	046
4105	14	4064	046
5186	15	4973	046
614	1	129	046
3166	23	12532	046
1358	1	953	046
5302	15	4973	046
1572	1	122	046
1276	1	129	046
280	1	282	046
1642	1	122	046
3064	23	12505	046
7195	23	12531	046
1045	1	125	046
476	1	148	046
685	1	687	046
12545	23	2951	046
3160	11	3098	046
587	1	125	046
5283	15	4973	046
1453	15	4973	046
680	1	137	046
1141	1	953	046
3076	23	3077	046
469	1	125	046
1184	1	953	046
1271	1	129	047
712	1	163	047
1350	1	129	047
5219	15	4973	047
1642	1	122	047
644	1	125	047
1411	1	163	047
1668	1	163	047
643	1	125	047
3166	23	12532	047
3790	14	4261	047
1348	1	1161	047
1266	1	129	047
11316	22	9589	047
1544	1	148	047
1013	1	604	047
9386	23	12511	047
1143	1	953	047
673	15	4973	047
703	1	704	047
1198	1	953	047
1180	1	1142	047
995	1	148	047
5007	15	4973	047
7790	23	12511	047
1655	1	148	047
1591	1	135	047
5232	15	4973	047
3047	23	3039	047
1366	1	953	047
1033	1	1035	047
6878	23	2966	047
8204	23	2989	047
7570	23	12516	047
568	1	125	047
947	1	148	047
1501	1	148	047
1274	1	129	047
1256	1	129	047
4963	17	4312	047
4441	14	3710	047
203	1	122	047
1168	1	953	047
1626	1	125	047
5250	15	4973	047
462	1	125	047
447	1	125	047
817	1	148	047
1343	1	129	047
1189	1	953	047
5119	15	4985	047
1585	1	148	047
1384	1	122	047
4482	14	3869	047
177	1	122	047
957	1	125	047
277	1	125	047
1238	1	1210	047
1441	1	125	047
1543	1	148	047
1850	23	2951	047
5281	15	4973	047
854	1	135	047
1306	1	122	047
5050	15	4973	047
164	1	165	047
4260	14	4261	047
435	1	125	047
3082	11	3083	047
946	1	163	047
12545	23	2951	047
264	15	4973	047
398	1	148	047
1935	6	2012	047
1528	1	125	047
999	1	122	047
7687	23	12511	047
5326	15	4973	047
1365	1	129	047
3236	23	3023	047
1154	1	953	047
145	1	122	047
962	1	163	047
2925	23	2996	047
164	15	4973	047
1078	1	122	047
754	1	125	047
8943	23	12535	047
1248	1	122	047
1157	1	953	047
542	1	1029	047
979	1	125	047
432	1	148	047
1265	1	1210	047
6439	23	2956	047
1351	1	129	047
609	1	419	047
541	1	282	047
5204	15	4973	047
3046	23	2928	047
5283	15	4973	047
8842	23	3023	047
1181	1	953	047
1313	1	122	047
3477	14	3479	047
5357	15	4973	047
3076	23	12551	047
5249	15	4973	047
1192	1	1161	047
345	1	122	047
1392	1	129	047
784	1	785	048
164	1	165	048
1205	1	953	048
541	1	282	048
1489	1	122	048
438	1	135	048
1410	1	122	048
1146	1	953	048
277	1	125	048
1271	1	129	048
1157	1	953	048
4441	14	3710	048
5291	15	4973	048
1415	1	163	048
1406	1	1464	048
104	1	107	048
1558	1	148	048
266	1	148	048
5283	15	4973	048
1453	1	419	048
1669	1	419	048
8552	23	3023	048
2848	9	2733	048
1198	1	953	048
1268	1	129	048
7178	23	12511	048
1645	1	125	048
3420	14	3423	048
2967	23	3007	048
6936	23	12511	048
350	1	163	048
5311	15	4973	048
699	1	122	048
7195	23	12531	048
1252	1	129	048
9236	23	12508	048
458	1	125	048
947	1	163	048
8751	23	12508	048
2729	23	2935	048
947	1	975	048
1389	1	129	048
265	1	125	048
1171	15	4973	048
1510	1	122	048
467	1	125	048
6878	23	12520	048
3148	11	3120	048
1585	1	148	048
9386	23	12511	048
5226	15	4973	048
715	1	125	048
1214	1	122	048
957	1	125	048
5099	15	4973	048
9051	23	12508	048
161	1	163	048
971	1	148	048
5119	15	4985	048
5302	15	4973	048
8385	23	3023	048
697	1	698	048
716	1	148	048
1216	1	953	048
1343	1	129	048
1355	1	953	048
9218	23	12508	048
12545	23	2951	048
5030	15	4973	048
854	1	135	048
4370	14	3710	048
1584	1	122	048
5296	15	4973	048
1181	1	953	048
781	1	148	048
1251	1	122	048
469	1	125	048
8730	23	3026	048
424	15	4986	048
8760	23	12508	048
1626	1	125	048
680	1	137	048
4260	14	4261	048
8730	23	2951	048
712	1	163	048
5350	15	4973	048
3084	11	3081	048
1303	1	122	048
673	15	4973	048
5219	15	4973	048
462	1	125	048
825	1	129	048
138	15	4973	048
5250	15	4973	048
1441	1	125	048
1637	6	1439	048
5208	15	4973	048
8943	23	12535	048
5323	15	4973	048
744	1	163	048
1585	1	706	048
3066	23	2982	048
1585	1	163	048
344	1	122	048
1180	1	953	048
447	1	126	048
231	1	122	048
308	15	4973	048
1539	1	148	048
2967	23	3007	049
3125	11	3118	049
5272	15	4973	049
5086	15	4973	049
5186	15	4973	049
1540	1	148	049
6414	23	2935	049
1352	1	1161	049
4568	23	2946	049
962	1	163	049
5330	15	4973	049
8787	23	2975	049
1360	1	953	049
6371	23	3023	049
998	1	148	049
5351	15	4973	049
6247	23	2935	049
5019	15	4973	049
1902	23	3074	049
9070	23	2982	049
1655	1	148	049
1293	1	129	049
273	1	125	049
1265	1	129	049
5031	15	4973	049
541	1	282	049
6414	23	2935	049
1467	1	125	049
3046	23	2928	049
8989	23	12508	049
2301	23	2951	049
957	1	125	049
1143	1	953	049
1179	1	953	049
279	1	125	049
1014	1	604	049
1543	1	148	049
438	1	135	049
770	1	125	049
5357	15	4973	049
134	1	125	049
266	1	148	049
3135	11	3136	049
135	1	137	049
5083	15	4973	049
1026	1	1027	049
5006	15	4986	049
1212	1	122	049
1584	1	122	049
5253	15	4973	049
469	1	125	049
5098	15	4986	049
754	1	125	049
602	1	604	049
9294	23	12508	049
1036	1	1027	049
1468	1	604	049
4370	14	3710	049
308	1	165	049
712	1	163	049
3064	23	12505	049
1591	1	135	049
5277	15	4973	049
4978	15	4973	049
1268	1	129	049
1310	1	122	049
1411	1	163	049
468	1	125	049
1233	1	122	049
11316	22	9589	049
8131	23	3030	049
3082	11	3083	049
1262	1	129	049
1563	1	129	049
1165	1	953	049
7178	23	12511	049
1178	1	953	049
164	1	165	049
1406	15	4986	049
5281	15	4973	049
680	1	137	049
609	1	419	049
1281	1	122	049
1002	1	148	049
8499	23	12511	049
458	15	4973	049
979	1	125	049
655	1	419	049
947	1	1033	049
2848	9	2733	049
3790	14	4261	049
6439	23	2956	049
161	1	163	049
1319	1	122	049
9076	23	2968	049
3148	11	3120	049
5015	15	4973	049
398	1	148	049
5005	15	4973	049
8943	23	3023	049
1359	1	129	049
1051	1	125	049
121	1	122	049
9218	23	12508	049
1083	1	129	049
988	15	4986	049
817	1	148	049
344	1	122	049
5201	15	4973	049
6878	23	2966	049
652	1	148	049
5303	15	4973	049
3076	23	12551	049
1329	1	129	049
644	1	125	049
1169	1	953	049
1184	1	953	049
5233	15	4973	049
7975	23	3023	049
1542	1	148	049
1171	15	4973	049
2990	23	12502	049
5216	15	4973	049
7790	23	12511	049
5326	15	4973	049
386	1	148	049
2991	10	2992	049
947	1	129	049
1348	1	1161	049
265	1	125	049
1217	1	953	050
1143	15	4973	050
2848	9	2733	050
1542	1	148	050
1266	1	129	050
1184	1	953	050
5249	15	4973	050
1002	1	148	050
4963	17	4312	050
3084	11	3081	050
1642	1	122	050
1033	1	1035	050
447	1	126	050
9386	23	12511	050
1585	1	163	050
350	1	163	050
240	1	122	050
716	1	148	050
134	1	125	050
209	1	148	050
1354	1	1142	050
1038	1	148	050
1251	1	122	050
1258	1	129	050
1039	1	1041	050
280	1	282	050
8730	23	2951	050
219	15	4973	050
164	15	4973	050
1256	1	129	050
5277	15	4973	050
1319	1	122	050
1528	1	125	050
1406	15	4986	050
6726	23	2966	050
8385	23	2982	050
1190	1	953	050
9076	23	2968	050
957	1	125	050
7195	23	12531	050
1306	1	122	050
5231	15	4973	050
1314	1	122	050
1665	1	125	050
5283	15	4973	050
1153	1	953	050
1081	1	604	050
691	1	129	050
160	1	125	050
5005	15	4973	050
5215	15	4973	050
5357	15	4973	050
5119	15	4985	050
6247	23	2935	050
1545	1	148	050
1366	1	953	050
1415	1	163	050
830	1	148	050
1207	1	953	050
946	1	163	050
1850	23	2951	050
1192	1	1161	050
954	1	604	050
1168	1	953	050
6414	23	2935	050
5175	15	4973	050
8426	23	12511	050
1246	1	122	050
1171	15	4973	050
697	1	698	050
5041	15	4986	050
121	1	122	050
409	1	125	050
947	1	1033	050
418	1	419	050
5070	15	4973	050
8760	23	12508	050
542	1	1029	050
5118	15	4973	050
393	1	122	050
534	1	135	050
614	1	129	050
5186	15	4973	050
4824	14	3710	050
8943	23	3023	050
1036	1	1027	050
1317	1	129	050
1645	1	125	050
685	1	687	050
1016	1	125	050
5072	15	4973	050
386	1	148	050
1296	1	129	050
11316	22	9589	050
1359	1	129	050
1026	1	1027	050
2301	23	12535	050
5083	15	4973	050
1491	1	125	050
1203	1	953	050
5250	15	4973	050
1189	1	953	050
1043	1	125	050
280	1	281	050
1078	1	122	050
1220	1	122	050
3160	11	3098	050
1548	1	148	050
1045	1	125	050
7406	23	3023	050
1326	1	129	050
1667	1	125	050
352	15	4973	050
8552	23	3023	050
279	15	4973	050
5226	15	4973	050
1265	1	1210	050
1576	1	419	050
8385	23	3023	050
1637	6	1439	050
950	1	148	050
4260	14	4261	050
1212	1	122	050
5030	15	4973	050
4568	23	2946	050
2729	23	2966	050
7975	23	2951	051
489	1	125	051
4441	14	3710	051
685	1	687	051
1267	1	129	051
266	1	148	051
3135	11	3136	051
1358	1	953	051
476	1	148	051
9227	23	12508	051
1013	1	604	051
424	15	4986	051
652	1	148	051
3236	23	3023	051
1551	1	125	051
8552	23	3023	051
5311	15	4973	051
5326	15	4973	051
134	1	125	051
3084	11	3081	051
264	15	4973	051
1489	1	122	051
5351	15	4973	051
699	1	122	051
1039	1	1041	051
1668	1	163	051
609	1	419	051
1366	1	953	051
8552	23	3023	051
5350	15	4973	051
280	1	283	051
2967	23	3007	051
5117	15	4973	051
705	1	687	051
3057	23	2946	051
214	1	125	051
1002	1	148	051
673	1	163	051
1037	1	696	051
825	1	129	051
1043	1	125	051
1154	1	953	051
947	1	163	051
1217	1	953	051
1303	1	122	051
1410	1	122	051
1414	1	122	051
121	1	122	051
3076	23	3077	051
5226	15	4973	051
716	1	148	051
9218	23	12508	051
435	1	125	051
1491	1	125	051
1156	1	953	051
1212	1	122	051
5009	15	4973	051
1265	1	129	051
1415	1	163	051
1411	1	163	051
5272	15	4973	051
1545	1	148	051
1221	1	1210	051
1669	1	419	051
8943	23	12535	051
311	1	148	051
587	1	125	051
4963	17	4312	051
783	1	122	051
876	1	125	051
434	1	122	051
817	1	148	051
8787	23	2975	051
1542	1	148	051
1143	15	4973	051
145	1	122	051
781	1	148	051
1314	1	122	051
282	1	696	051
1591	1	135	051
4547	14	3450	051
8385	23	2982	051
308	15	4973	051
1361	1	953	051
8943	23	2951	051
8751	23	12508	051
1178	1	953	051
1165	1	1142	051
1392	1	129	051
1510	1	122	051
5119	15	4985	051
9401	23	12508	051
5007	15	4973	051
1347	1	953	051
9076	23	2968	051
5281	15	4973	051
418	1	419	051
1216	1	953	051
377	1	125	051
1548	1	148	051
150	1	122	051
458	1	125	051
643	1	125	051
1045	1	125	051
385	1	148	051
280	1	281	051
5176	15	4973	051
1181	1	953	051
1281	1	122	051
972	1	122	051
8760	23	12508	051
1081	1	604	051
568	1	125	051
1238	1	1210	051
1179	1	953	051
1380	1	125	051
1354	1	1142	051
5070	15	4973	051
3038	23	3039	051
971	1	148	051
1171	15	4973	051
573	15	5094	051
1271	1	129	051
1146	1	953	051
979	1	125	051
389	1	122	051
1042	1	687	051
5137	15	4973	051
3790	14	4261	051
1355	1	953	051
680	1	137	051
5346	15	4986	051
240	1	122	051
1359	1	129	051
344	1	122	051
8692	23	12516	051
1198	1	953	052
8943	23	12535	052
3076	23	12551	052
9236	23	12508	052
1637	6	1439	052
9386	23	12511	052
1238	1	1210	052
573	15	5094	052
1468	1	604	052
1216	1	953	052
5296	15	4973	052
160	1	125	052
685	1	687	052
1543	1	148	052
3064	23	12505	052
1366	1	953	052
1551	1	125	052
1470	1	135	052
6439	23	12515	052
1392	1	129	052
1354	1	953	052
1415	1	163	052
1154	1	953	052
134	1	125	052
1510	1	122	052
691	1	129	052
5311	15	4973	052
240	1	122	052
1083	1	129	052
6878	23	12520	052
8730	23	2951	052
950	1	148	052
3799	14	3800	052
489	1	125	052
5007	15	4973	052
652	1	148	052
2925	23	2996	052
1026	1	1027	052
5176	15	4973	052
3790	14	4261	052
947	1	148	052
1528	1	125	052
614	1	129	052
6529	23	2952	052
1126	1	148	052
1303	1	122	052
5215	15	4973	052
1002	1	148	052
1043	1	125	052
1171	15	4973	052
308	1	165	052
5330	15	4973	052
3826	23	2996	052
1081	1	604	052
9018	23	3023	052
1314	1	122	052
1141	1	953	052
1540	1	148	052
6878	23	2966	052
712	1	163	052
5302	15	4973	052
1415	1	148	052
1319	1	122	052
5291	15	4973	052
7417	23	3023	052
703	1	704	052
4105	14	3422	052
1347	1	953	052
1426	1	135	052
1642	1	122	052
1544	1	148	052
1521	1	148	052
1463	15	4986	052
1168	1	953	052
5208	15	4973	052
1170	1	1161	052
1360	1	953	052
146	1	122	052
1585	1	163	052
5294	15	4973	052
203	1	122	052
8779	23	2989	052
273	1	125	052
2848	9	2733	052
1356	1	953	052
432	1	148	052
1361	1	953	052
1181	1	953	052
5085	15	4973	052
673	15	4973	052
1165	1	953	052
971	1	148	052
716	1	148	052
1384	1	122	052
3082	11	3083	052
6599	23	12547	052
1306	1	122	052
997	1	129	052
1406	1	1464	052
9051	23	12508	052
1180	1	953	052
1340	1	122	052
1354	1	125	052
6414	23	2935	052
8552	23	3023	052
1256	1	129	052
1157	1	953	052
464	1	125	052
567	1	125	052
1412	1	122	052
1160	1	1161	052
5186	15	4973	052
254	1	148	052
418	1	419	052
6938	23	12543	052
1533	1	419	052
350	1	163	053
5281	15	4973	053
7975	23	3023	053
1642	1	122	053
2691	23	3023	053
5052	15	4973	053
5137	15	4973	053
1165	1	1142	053
1263	1	122	053
1160	1	1161	053
254	1	148	053
6529	23	3023	053
1153	1	953	053
6439	23	2956	053
541	1	283	053
5351	15	4973	053
8426	23	12511	053
5208	15	4973	053
5204	15	4973	053
203	1	122	053
468	1	125	053
4974	15	4973	053
1298	1	129	053
1558	1	148	053
9390	23	12511	053
783	1	122	053
5219	15	4973	053
1645	1	125	053
1585	1	148	053
9401	23	12508	053
9680	22	9544	053
83	1	809	053
12545	23	2951	053
1667	1	125	053
2925	23	2996	053
8989	23	12508	053
1314	1	122	053
377	1	125	053
9236	23	12508	053
266	1	148	053
7790	23	12511	053
104	1	107	053
435	1	125	053
8552	23	3023	053
1563	1	129	053
947	1	129	053
1246	1	122	053
1233	1	122	053
1267	1	129	053
1467	1	125	053
876	1	125	053
5085	15	4973	053
1412	1	122	053
1356	1	953	053
5250	15	4973	053
134	1	125	053
138	15	4973	053
1389	1	129	053
5296	15	4973	053
1276	1	129	053
1514	1	148	053
541	1	282	053
5294	15	4973	053
146	1	122	053
9294	23	12508	053
1666	1	125	053
1217	1	953	053
1392	1	129	053
7847	23	2966	053
5253	15	4973	053
282	1	696	053
5311	15	4973	053
573	15	5094	053
164	15	4973	053
240	1	122	053
1489	1	122	053
1319	1	122	053
4824	14	3710	053
1157	1	953	053
1050	1	125	053
8667	23	3023	053
9227	23	12508	053
7570	23	12516	053
121	1	122	053
5056	15	4973	053
1358	1	953	053
957	1	125	053
5013	15	4973	053
1180	1	1142	053
7079	23	12511	053
311	1	148	053
393	1	122	053
1426	1	135	053
9306	23	12511	053
8385	23	3023	053
2729	23	2966	053
11372	22	9589	053
754	1	125	053
2848	9	2733	053
1501	1	148	053
5050	15	4973	053
1415	1	163	053
1360	1	953	053
5146	15	4973	053
5098	15	4986	053
5226	15	4973	053
1221	1	122	054
464	1	125	054
5146	15	4973	054
6414	23	2935	054
1539	1	148	054
5101	15	4973	054
164	1	165	054
995	1	148	054
1036	1	1027	054
214	1	125	054
1415	1	148	054
5126	15	4973	054
2967	23	3007	054
1542	1	148	054
1380	1	953	054
541	1	283	054
8552	23	3023	054
8751	23	12508	054
3134	11	3129	054
1361	1	953	054
8989	23	12508	054
5350	15	4973	054
8131	23	3030	054
673	15	4973	054
2265	23	2982	054
6878	23	2966	054
9227	23	12508	054
5346	15	4986	054
817	1	148	054
1152	1	953	054
6529	23	2952	054
3097	11	3098	054
418	1	419	054
5291	15	4973	054
1043	1	125	054
680	1	137	054
9076	23	2968	054
5077	15	4973	054
947	1	975	054
1392	1	129	054
1189	1	953	054
1497	1	163	054
1263	1	122	054
5357	15	4973	054
1389	1	129	054
434	1	122	054
1165	1	953	054
1198	1	953	054
1078	1	122	054
5005	15	4973	054
1669	1	419	054
1146	1	953	054
8385	23	2982	054
1184	1	953	054
4978	15	4973	054
609	1	419	054
385	1	148	054
1406	1	1464	054
6439	23	2956	054
1303	1	122	054
1102	1	148	054
1083	1	129	054
297	1	125	054
458	15	4973	054
1667	1	125	054
1350	1	129	054
3166	23	12532	054
1366	1	1142	054
1470	1	135	054
2729	23	2935	054
1365	1	129	054
393	1	122	054
1463	1	1464	054
999	1	122	054
1544	1	148	054
3420	14	3423	054
5311	15	4973	054
240	1	122	054
716	1	148	054
647	1	125	054
8779	23	2989	054
1296	1	129	054
8692	23	12516	054
6599	23	12547	054
7847	23	2966	054
83	1	809	054
1157	1	953	054
5204	15	4973	054
9306	23	12511	054
1415	1	163	054
587	1	125	054
3040	23	3023	054
972	1	122	054
761	1	129	054
1190	1	953	054
1203	1	953	054
462	1	125	054
5052	15	4973	054
1046	1	148	054
135	1	137	054
1171	15	4973	054
1186	1	953	054
643	1	125	054
6414	23	2935	054
5294	15	4973	054
5208	15	4973	054
946	1	163	054
280	1	281	054
6129	23	12508	054
277	1	125	055
1026	1	1027	055
5323	15	4973	055
9070	23	2982	055
1050	1	125	055
1169	1	953	055
432	1	148	055
4963	17	4312	055
950	1	148	055
5219	15	4973	055
825	1	129	055
177	1	122	055
8760	23	12508	055
5031	15	4973	055
602	1	604	055
6936	23	12511	055
4984	15	4986	055
6599	23	12547	055
5303	15	4973	055
1340	1	122	055
947	1	975	055
1238	1	1210	055
5146	15	4973	055
5264	15	4973	055
1645	1	125	055
1016	1	125	055
1548	1	148	055
1354	1	125	055
1198	1	953	055
567	1	125	055
1637	6	1439	055
3064	23	12505	055
5015	15	4973	055
1463	1	1464	055
5313	15	4973	055
1658	1	163	055
1463	15	4986	055
1265	1	1210	055
1033	1	1035	055
783	1	122	055
947	1	1033	055
5068	15	4973	055
352	15	4973	055
273	1	125	055
1083	1	129	055
1551	1	125	055
4441	14	3710	055
621	1	122	055
999	1	122	055
712	1	163	055
8667	23	3023	055
7570	23	12516	055
1902	23	3074	055
1238	1	122	055
1514	1	148	055
214	1	125	055
3236	23	12520	055
5118	15	4973	055
1468	1	604	055
1375	1	953	055
5216	15	4973	055
458	15	4973	055
9401	23	12508	055
1533	1	419	055
1189	1	953	055
4547	14	3450	055
5302	15	4973	055
5272	15	4973	055
1419	1	129	055
9227	23	12508	055
6973	23	2996	055
7079	23	12511	055
1037	1	696	055
6247	23	2935	055
5126	15	4973	055
398	1	148	055
1576	1	419	055
2848	9	2733	055
1665	1	125	055
5225	15	4973	055
138	15	4973	055
1296	1	129	055
1563	1	129	055
957	1	125	055
5351	15	4973	055
469	1	125	055
5226	15	4973	055
3084	11	3081	055
12545	23	2952	055
643	1	125	055
3148	11	3120	055
1626	1	125	055
645	1	125	055
386	1	148	055
8730	23	2951	055
489	1	125	055
1042	1	687	055
2691	23	3023	055
3066	23	12524	055
2848	23	12523	055
5050	15	4973	055
385	1	148	055
4824	14	3710	055
280	1	281	055
282	1	696	055
541	1	282	055
1356	1	953	055
9294	23	12508	055
703	1	704	055
377	1	125	055
1045	1	125	055
279	1	125	055
1343	1	129	055
8730	23	3026	055
1293	1	129	055
5072	15	4973	055
1521	1	148	055
254	1	148	056
4824	14	3710	056
5302	15	4973	056
715	1	125	056
1171	15	4973	056
534	1	135	056
947	1	129	056
9227	23	12508	056
802	1	122	056
1252	1	129	056
9306	23	12511	056
1347	1	953	056
469	1	125	056
1336	1	122	056
3064	23	12505	056
995	1	148	056
1667	1	125	056
997	1	129	056
1441	1	125	056
1297	1	129	056
680	1	137	056
150	1	122	056
1366	1	953	056
1548	1	148	056
389	1	122	056
8667	23	3023	056
462	1	125	056
4370	14	3710	056
1149	1	953	056
1406	15	4986	056
7790	23	12511	056
1189	1	953	056
947	1	975	056
1306	1	122	056
5272	15	4973	056
1492	1	125	056
699	1	122	056
957	1	125	056
8779	23	2989	056
7146	23	12532	056
5128	15	4973	056
1192	1	1161	056
5311	15	4973	056
1585	1	706	056
1854	23	2921	056
3620	14	3423	056
8552	23	3023	056
8131	23	3030	056
6599	23	12547	056
5031	15	4973	056
1168	1	953	056
146	1	122	056
5099	15	4973	056
1042	1	687	056
1470	1	135	056
1352	1	1161	056
5267	15	4973	056
1640	1	125	056
5019	15	4973	056
6726	23	2966	056
1013	1	604	056
1542	1	148	056
8760	23	12508	056
5146	15	4973	056
568	1	125	056
954	1	604	056
352	15	4973	056
6599	23	12547	056
1186	1	953	056
5233	15	4973	056
3160	11	3098	056
2729	23	2966	056
1392	1	129	056
5072	15	4973	056
783	1	122	056
2294	23	12511	056
5261	15	4973	056
418	1	419	056
1310	1	122	056
5098	15	4986	056
2967	23	3007	056
7847	23	2966	056
1178	1	953	056
1156	1	953	056
1356	1	953	056
8552	23	3023	056
5007	15	4973	056
266	1	148	056
4974	15	4973	056
652	1	148	056
587	1	125	056
644	1	125	056
1642	1	122	056
240	1	122	056
5283	15	4973	056
1217	1	953	056
5201	15	4973	056
6936	23	12511	056
3076	23	12551	056
673	1	163	056
1544	1	148	056
5350	15	4973	056
8204	23	2989	056
1467	1	125	056
1248	1	122	056
1343	1	129	056
1271	1	129	056
5254	15	4973	056
3148	11	3120	056
1517	1	148	057
5035	15	4973	057
435	1	125	057
12528	23	12532	057
458	1	125	057
9401	23	12508	057
1212	1	122	057
1015	1	148	057
5346	15	4986	057
447	1	126	057
621	1	122	057
8943	23	3023	057
11372	22	9589	057
5146	15	4973	057
1314	1	122	057
587	1	125	057
1078	1	122	057
398	1	148	057
655	1	419	057
273	1	125	057
1198	1	953	057
7195	23	12531	057
5007	15	4973	057
1170	1	1161	057
5249	15	4973	057
203	1	122	057
1190	1	953	057
7570	23	12516	057
7847	23	2966	057
1355	1	953	057
8385	23	3023	057
1351	1	1210	057
5006	15	4986	057
5128	15	4973	057
6247	23	2935	057
7079	23	12511	057
5050	15	4973	057
979	1	125	057
2691	23	2955	057
1081	1	604	057
138	1	125	057
1412	1	122	057
83	1	809	057
1665	1	125	057
5019	15	4973	057
6938	23	12543	057
1262	1	129	057
685	1	687	057
9218	23	12508	057
2691	23	3023	057
541	1	283	057
2301	23	12535	057
1038	1	148	057
1640	1	125	057
7975	23	3023	057
947	1	163	057
1042	1	687	057
5056	15	4973	057
469	1	125	057
3038	23	3039	057
962	1	163	057
344	1	122	057
1303	1	122	057
8943	23	12535	057
282	1	696	057
6439	23	12515	057
5208	15	4973	057
12545	23	2952	057
602	1	604	057
781	1	148	057
1293	1	129	057
1348	1	1161	057
6129	23	12508	057
409	1	125	057
947	1	1033	057
5330	15	4973	057
406	1	408	057
1419	1	129	057
2729	23	2966	057
3826	23	2996	057
1154	1	953	057
1540	1	148	057
1585	1	163	057
4441	14	3710	057
4974	15	4973	057
3084	11	3081	057
1265	1	1210	057
614	1	129	057
1366	1	953	057
1389	1	129	057
1375	1	953	057
1265	1	129	057
5283	15	4973	057
573	15	5094	057
1352	1	1161	057
1645	1	125	057
8989	23	12508	057
1149	1	953	057
438	1	135	057
1591	1	135	057
5350	15	4973	057
345	1	122	057
1046	1	148	057
3790	14	4261	057
1126	1	148	057
1033	1	1035	057
716	1	148	057
1534	1	122	058
5176	15	4973	058
7570	23	12516	058
1666	1	125	058
1563	1	129	058
1165	1	1142	058
8760	23	12508	058
1274	1	129	058
6878	23	12520	058
9236	23	12508	058
145	1	122	058
7687	23	12511	058
345	1	122	058
830	1	148	058
691	1	129	058
1366	1	953	058
5303	15	4973	058
164	1	165	058
7195	23	12531	058
9227	23	12508	058
4105	14	3422	058
699	1	122	058
8989	23	12508	058
8943	23	3023	058
2848	23	12523	058
1042	1	687	058
1310	1	122	058
1406	15	4986	058
3620	14	3423	058
5068	15	4973	058
350	1	163	058
447	1	125	058
5126	15	4973	058
12528	23	12532	058
1545	1	148	058
1441	1	125	058
315	1	122	058
1168	1	953	058
1415	1	148	058
876	1	125	058
1935	6	2012	058
4824	14	3710	058
5201	15	4973	058
685	1	687	058
135	1	137	058
541	1	282	058
652	1	148	058
1336	1	122	058
1346	1	953	058
2925	23	2996	058
280	1	283	058
1221	1	122	058
1576	1	419	058
1902	23	3074	058
1467	1	125	058
9063	23	3023	058
609	1	419	058
385	1	148	058
1265	1	129	058
673	1	163	058
1510	1	122	058
7406	23	3023	058
7975	23	2951	058
161	1	163	058
1141	1	953	058
567	1	125	058
5204	15	4973	058
1453	1	419	058
754	1	125	058
1419	1	129	058
1313	1	122	058
5226	15	4973	058
1645	1	125	058
1585	1	163	058
134	1	125	058
1276	1	129	058
4974	15	4973	058
6878	23	2966	058
1252	1	129	058
164	15	4973	058
1517	1	148	058
999	1	122	058
3236	23	12520	058
5019	15	4973	058
5219	15	4973	058
4105	14	3479	058
3420	14	3423	058
1238	1	1210	058
464	1	125	058
1533	1	419	058
5086	15	4973	058
621	1	122	058
1354	1	125	058
1667	1	125	058
3125	11	3118	058
240	1	122	058
2294	23	12511	058
947	1	1033	058
1637	6	1439	058
3064	23	12505	058
7146	23	12532	058
8692	23	12516	058
8779	23	2989	058
1037	1	696	058
1528	1	125	058
1015	1	148	058
9294	23	12508	058
1355	1	953	058
1033	1	1035	058
7847	23	2966	058
3117	11	3098	059
1140	1	148	059
315	1	122	059
3790	14	4261	059
5031	15	4973	059
1585	1	163	059
3826	23	2996	059
1540	1	148	059
568	1	125	059
1350	1	129	059
7570	23	12516	059
1157	1	953	059
705	1	687	059
1336	1	122	059
1354	1	1142	059
5249	15	4973	059
573	15	5094	059
468	1	125	059
134	1	125	059
344	1	122	059
3053	23	12505	059
1850	23	2951	059
971	1	148	059
4984	15	4986	059
1419	1	129	059
5083	15	4973	059
1544	1	148	059
3620	14	3423	059
254	1	148	059
5204	15	4973	059
716	1	148	059
4441	14	3710	059
1329	1	129	059
5254	15	4973	059
1149	1	953	059
1212	1	122	059
3066	23	2982	059
5119	15	4985	059
9306	23	12511	059
1346	1	953	059
1297	1	129	059
8552	23	3023	059
3076	23	12551	059
5176	15	4973	059
2691	23	2955	059
4568	23	2946	059
2990	23	12502	059
5081	15	4973	059
352	15	4973	059
541	1	282	059
1126	1	148	059
5323	15	4973	059
1026	1	1027	059
4963	17	4312	059
1406	15	4986	059
1665	1	125	059
947	1	975	059
177	1	122	059
995	1	148	059
12545	23	2951	059
4370	14	3710	059
5233	15	4973	059
121	1	122	059
1238	1	1210	059
1356	1	953	059
1207	1	953	059
1354	1	953	059
8006	23	2949	059
962	1	163	059
5357	15	4973	059
541	1	283	059
345	1	122	059
1347	1	953	059
1374	1	953	059
1220	1	122	059
6529	23	3023	059
697	1	698	059
1165	1	953	059
389	1	122	059
1543	1	148	059
7136	23	2955	059
691	1	129	059
781	1	148	059
1246	1	122	059
1326	1	129	059
231	1	122	059
1384	1	122	059
1501	1	148	059
3420	14	3423	059
280	1	282	059
997	1	129	059
3064	23	12505	059
1468	1	604	059
1189	1	953	059
8426	23	12511	059
3097	11	3098	059
761	1	129	059
1171	15	4973	059
377	1	125	059
1265	1	129	059
4721	14	4481	059
1360	1	953	059
447	1	125	059
5101	15	4973	059
1655	1	148	059
1658	1	163	059
1168	1	953	059
5093	15	5094	059
1658	1	163	060
8989	23	12508	060
1149	1	953	060
6439	23	12515	060
2925	23	2996	060
282	1	696	060
972	1	122	060
5013	15	4973	060
1014	1	604	060
1298	1	129	060
645	1	125	060
5072	15	4973	060
476	1	148	060
3066	23	12524	060
5201	15	4973	060
1231	1	122	060
447	1	126	060
5083	15	4973	060
9294	23	12508	060
6599	23	12547	060
1351	1	1210	060
1146	1	953	060
1358	1	953	060
1366	1	1142	060
568	1	125	060
706	1	708	060
1143	1	953	060
409	1	125	060
2301	23	12535	060
5296	15	4973	060
5077	15	4973	060
699	1	122	060
1296	1	129	060
2729	23	2966	060
240	1	122	060
134	1	125	060
2967	23	3007	060
761	1	129	060
946	1	163	060
2301	23	2951	060
997	1	129	060
1078	1	122	060
5357	15	4973	060
12545	23	2952	060
467	1	125	060
1297	1	129	060
5303	15	4973	060
1340	1	122	060
1666	1	125	060
1655	1	148	060
1412	1	122	060
7146	23	12532	060
854	1	135	060
5267	15	4973	060
3148	11	3120	060
1548	1	148	060
9076	23	2968	060
1415	1	163	060
1317	1	129	060
1544	1	148	060
979	1	125	060
1667	1	125	060
489	1	125	060
3046	23	2928	060
1102	1	148	060
5219	15	4973	060
1266	1	129	060
8943	23	3023	060
6726	23	2966	060
1350	1	129	060
691	1	129	060
1389	1	129	060
716	1	148	060
5167	15	4973	060
9386	23	12511	060
4568	23	2946	060
121	1	122	060
6878	23	2966	060
1319	1	122	060
1203	1	953	060
1251	1	122	060
5019	15	4973	060
1346	1	953	060
4260	14	4261	060
9680	22	9544	060
1281	1	122	060
1153	1	953	060
1534	1	122	060
1013	1	604	060
5068	15	4973	060
1354	1	953	060
628	1	148	060
1419	1	129	060
1046	1	148	060
1303	1	122	060
2691	23	2955	060
377	1	125	060
947	1	975	060
393	1	122	060
3826	23	2996	060
715	1	125	060
3790	14	4261	060
697	1	698	060
5313	15	4973	060
8943	23	2951	060
2294	23	12511	060
1233	1	122	060
5081	15	4973	060
209	1	148	060
3047	10	3048	060
1463	15	4986	060
1572	1	122	060
4749	14	3794	060
1238	1	122	060
1036	1	1027	060
1154	1	953	060
1171	1	953	060
7847	23	2966	060
350	1	163	060
7570	23	12516	060
6973	23	2996	060
1043	1	125	061
350	1	163	061
1170	1	1161	061
587	1	125	061
1543	1	148	061
998	1	148	061
1153	1	953	061
9390	23	12511	061
8385	23	2982	061
1179	1	953	061
352	15	4973	061
1563	1	129	061
1205	1	953	061
1246	1	122	061
568	1	125	061
1047	1	148	061
5056	15	4973	061
1665	1	125	061
1165	1	1142	061
1669	1	419	061
6599	23	12547	061
5291	15	4973	061
3076	23	12551	061
4568	23	2946	061
1248	1	122	061
3790	14	4261	061
784	1	785	061
1355	1	953	061
7975	23	2951	061
1489	1	122	061
876	1	125	061
1212	1	122	061
7178	23	12511	061
1045	1	125	061
150	1	122	061
1168	1	953	061
146	1	122	061
406	1	408	061
389	1	122	061
1046	1	148	061
542	1	1029	061
1181	1	953	061
1298	1	1210	061
161	1	163	061
609	1	419	061
1510	1	122	061
254	1	148	061
6878	23	2966	061
280	1	282	061
5283	15	4973	061
468	1	125	061
5313	15	4973	061
6878	23	12520	061
1149	1	953	061
1083	1	129	061
5072	15	4973	061
5277	15	4973	061
6878	23	12520	061
1350	1	129	061
5261	15	4973	061
5137	15	4973	061
1902	23	3074	061
645	1	125	061
177	1	122	061
5070	15	4973	061
1414	1	122	061
1336	1	122	061
282	1	696	061
1426	1	135	061
1252	1	129	061
2691	23	2955	061
1354	1	953	061
489	1	125	061
1260	1	122	061
1354	1	1142	061
1016	1	125	061
1411	1	163	061
8943	23	3023	061
854	1	135	061
3826	23	2996	061
8692	23	12516	061
462	1	125	061
1143	15	4973	061
541	1	283	061
830	1	148	061
1078	1	122	061
12528	23	12532	061
1463	1	1464	061
5219	15	4973	061
744	1	163	061
1026	1	1027	061
5294	15	4973	061
1152	1	953	061
1517	1	148	061
3046	23	2928	061
3084	11	3081	061
1171	15	4973	061
4370	14	3710	061
9236	23	12508	061
2925	23	2996	061
972	1	122	061
9051	23	12508	061
1160	1	1161	061
3064	23	12505	061
614	1	129	061
6973	23	2996	061
5249	15	4973	061
7406	23	3023	061
2852	23	2952	061
995	1	148	061
1534	1	122	061
5175	15	4973	061
3040	23	3023	061
9070	23	2982	061
3057	23	2946	061
5015	15	4973	061
1051	1	125	061
5231	15	4973	061
1382	1	953	061
1528	1	125	061
7417	23	3023	061
3134	11	3129	061
279	1	125	062
489	1	125	062
1157	1	953	062
4370	14	3710	062
5128	15	4973	062
1347	1	953	062
1491	1	125	062
1246	1	122	062
655	1	419	062
1361	1	953	062
4984	15	4986	062
534	1	135	062
214	1	125	062
83	1	809	062
5015	15	4973	062
3148	11	3120	062
1047	1	148	062
1640	1	125	062
280	1	282	062
541	1	283	062
1266	1	129	062
699	1	122	062
1207	1	953	062
3905	14	3847	062
1528	1	125	062
6371	23	3023	062
5303	15	4973	062
1584	1	122	062
135	1	137	062
8779	23	2989	062
450	1	148	062
947	1	129	062
5041	15	4986	062
5311	15	4973	062
6936	23	12511	062
5081	15	4973	062
8006	23	2949	062
5342	15	4973	062
1426	1	135	062
1251	1	122	062
1149	1	953	062
1165	1	953	062
1360	1	953	062
1042	1	687	062
5013	15	4973	062
104	1	107	062
1463	15	4986	062
1669	1	419	062
164	15	4973	062
6599	23	12547	062
5277	15	4973	062
8943	23	12535	062
424	15	4986	062
1544	1	148	062
3064	23	12505	062
265	1	125	062
1051	1	125	062
781	1	148	062
308	1	165	062
1355	1	953	062
1293	1	129	062
6439	23	2956	062
6414	23	2935	062
738	1	122	062
9680	22	9544	062
5216	15	4973	062
8385	23	2982	062
277	1	125	062
467	1	125	062
1298	1	1210	062
8667	23	3023	062
5226	15	4973	062
1220	1	122	062
468	1	125	062
7178	23	12511	062
1366	1	1142	062
3066	23	2982	062
5099	15	4973	062
1102	1	148	062
5254	15	4973	062
1002	1	148	062
1353	1	129	062
5346	15	4986	062
7195	23	12531	062
1539	1	148	062
1160	1	1161	062
5083	15	4973	062
1468	1	604	062
5201	15	4973	062
5291	15	4973	062
1336	1	122	062
1268	1	129	062
1207	1	1142	062
1415	1	163	062
1642	1	122	062
5030	15	4973	062
1045	1	125	062
9227	23	12508	062
673	15	4973	062
1389	1	129	062
1039	1	1041	062
1081	1	604	062
5176	15	4973	062
219	15	4973	062
2848	23	12523	062
1637	6	1439	062
9070	23	2982	062
5035	15	4973	062
1168	1	953	062
1178	1	953	062
1380	1	953	062
7406	23	3023	062
3053	23	12505	062
138	1	125	062
1026	1	1027	062
5313	15	4973	062
164	1	165	062
3082	11	3083	062
9401	23	12508	062
1661	1	125	062
1411	1	163	062
1170	1	1161	062
1221	1	122	062
435	1	125	062
5126	15	4973	063
308	1	165	063
2990	23	12502	063
947	1	163	063
706	1	708	063
716	1	148	063
1521	1	148	063
534	1	135	063
1576	1	419	063
3826	23	2996	063
1902	23	3074	063
1359	1	129	063
265	1	125	063
1246	1	122	063
3053	23	12505	063
2294	23	12511	063
1248	1	122	063
2691	23	2955	063
703	1	704	063
1293	1	129	063
8779	23	2989	063
280	1	283	063
573	15	5094	063
5175	15	4973	063
5176	15	4973	063
5330	15	4973	063
8204	23	2989	063
673	15	4973	063
1585	1	163	063
5249	15	4973	063
8943	23	12535	063
1149	1	953	063
3166	23	12532	063
1326	1	129	063
1278	1	122	063
1356	1	953	063
3790	14	4261	063
988	15	4986	063
699	1	122	063
160	1	125	063
280	1	282	063
1016	1	125	063
409	1	125	063
279	1	125	063
5056	15	4973	063
394	1	148	063
3125	11	3118	063
5068	15	4973	063
1666	1	125	063
1543	1	148	063
432	1	148	063
1563	1	129	063
1042	1	687	063
3076	23	12551	063
644	1	125	063
3047	10	3048	063
5294	15	4973	063
621	1	122	063
7975	23	2951	063
434	1	122	063
1935	6	2012	063
164	1	165	063
5007	15	4973	063
6529	23	3023	063
1126	1	148	063
3236	23	12520	063
1354	1	953	063
5204	15	4973	063
138	15	4973	063
468	1	125	063
5351	15	4973	063
277	1	125	063
1015	1	148	063
1298	1	1210	063
8730	23	2951	063
209	1	148	063
1078	1	122	063
705	1	687	063
424	15	4986	063
1336	1	122	063
1340	1	122	063
5019	15	4973	063
1642	1	122	063
1140	1	148	063
121	1	122	063
3236	23	3023	063
5119	15	4985	063
1268	1	129	063
6439	23	12515	063
489	1	125	063
406	1	408	063
680	1	137	063
1534	1	122	063
1410	1	122	063
1540	1	148	063
817	1	148	063
8552	23	3023	063
1640	1	125	063
435	1	125	063
1170	1	1161	063
3420	14	3423	063
1216	1	953	063
602	1	604	063
1492	1	125	063
438	1	135	063
3084	11	3081	063
685	1	687	063
3076	23	3077	063
1384	1	122	063
2848	23	12523	063
4978	15	4973	063
4824	14	3710	063
104	1	107	063
476	1	148	063
542	1	1029	063
5346	15	4986	063
802	1	122	063
1167	1	953	063
1591	1	135	063
254	1	148	063
5031	15	4973	063
9063	23	3023	064
3040	23	3023	064
770	1	125	064
5167	15	4973	064
817	1	148	064
9294	23	12508	064
8943	23	2951	064
277	1	125	064
1156	1	953	064
5208	15	4973	064
643	1	125	064
134	1	125	064
447	1	126	064
1489	1	122	064
3134	11	3129	064
5330	15	4973	064
3097	11	3098	064
150	1	122	064
1046	1	148	064
468	1	125	064
386	1	148	064
5323	15	4973	064
345	1	122	064
1298	1	1210	064
160	1	125	064
138	1	125	064
1268	1	129	064
685	1	687	064
352	15	4973	064
5215	15	4973	064
231	1	122	064
3826	23	2996	064
308	1	165	064
1026	1	1027	064
1167	1	953	064
1189	1	953	064
8131	23	3030	064
5005	15	4973	064
209	1	148	064
1203	1	953	064
609	1	419	064
5070	15	4973	064
8692	23	12516	064
1214	1	122	064
282	1	696	064
1412	1	122	064
8552	23	3023	064
3125	11	3118	064
1453	15	4973	064
1426	1	135	064
2848	23	12523	064
5056	15	4973	064
3135	11	3136	064
1157	1	953	064
1205	1	953	064
2294	23	12511	064
5041	15	4986	064
1146	1	953	064
6129	23	12508	064
1558	1	148	064
5086	15	4973	064
409	1	125	064
1935	6	2012	064
1406	1	1464	064
7136	23	2955	064
3082	11	3083	064
3148	11	3120	064
5204	15	4973	064
1271	1	129	064
4721	14	4481	064
3038	23	3039	064
104	1	107	064
1514	1	148	064
6938	23	12543	064
264	15	4973	064
1233	1	122	064
5119	15	4985	064
3236	23	12520	064
1169	1	953	064
4568	23	2946	064
1366	1	953	064
12528	23	12532	064
1170	1	1161	064
6371	23	3023	064
1356	1	953	064
1265	1	1210	064
344	1	122	064
138	15	4973	064
2990	23	12502	064
1168	1	953	064
279	15	4973	064
6439	23	12515	064
5351	15	4973	064
1415	1	148	064
1453	1	419	064
1545	1	148	064
1854	23	2921	064
6247	23	2935	064
1661	1	125	064
5176	15	4973	064
1256	1	129	064
6247	23	2935	064
5357	15	4973	064
621	1	122	064
458	1	125	064
280	1	282	064
1591	1	135	064
5326	15	4973	064
5098	15	4986	064
5117	15	4973	064
5126	15	4973	064
6878	23	12520	064
11372	22	9589	064
703	1	704	064
6529	23	2952	064
5006	15	4986	064
1033	1	1035	064
8943	23	3023	064
1184	1	953	064
265	1	125	064
5081	15	4973	064
947	1	148	064
7790	23	12511	064
1329	1	129	064
1380	1	125	064
1517	1	148	064
352	15	4973	065
1640	1	125	065
1658	1	163	065
954	1	604	065
673	15	4973	065
1157	1	953	065
1214	1	122	065
447	1	126	065
1350	1	129	065
1463	15	4986	065
1935	6	2012	065
3057	23	2946	065
1412	1	122	065
5311	15	4973	065
280	1	282	065
8552	23	3023	065
1260	1	122	065
947	1	148	065
308	15	4973	065
8385	23	3023	065
3046	23	2928	065
8006	23	2949	065
1221	1	1210	065
7136	23	2955	065
5322	15	4986	065
1016	1	125	065
1184	1	953	065
4568	23	2946	065
1248	1	122	065
8989	23	12508	065
2729	23	2966	065
1266	1	129	065
703	1	704	065
8385	23	2982	065
568	1	125	065
8692	23	12516	065
1366	1	953	065
9218	23	12508	065
1212	1	122	065
1047	1	148	065
145	1	122	065
2967	23	3007	065
1584	1	122	065
854	1	135	065
5226	15	4973	065
4260	14	4261	065
1347	1	953	065
5323	15	4973	065
3064	23	12505	065
8667	23	3023	065
1043	1	125	065
614	1	129	065
587	1	125	065
4749	14	3794	065
4978	15	4973	065
1414	1	122	065
5302	15	4973	065
1637	6	1439	065
1585	1	706	065
1251	1	122	065
1314	1	122	065
2691	23	3023	065
6599	23	12547	065
1186	1	953	065
1179	1	953	065
1366	1	1142	065
6414	23	2935	065
6371	23	3023	065
1514	1	148	065
1319	1	122	065
280	1	283	065
1551	1	125	065
5267	15	4973	065
541	1	282	065
783	1	122	065
3053	23	12505	065
1326	1	129	065
1548	1	148	065
138	15	4973	065
5296	15	4973	065
121	1	122	065
2294	23	12511	065
1217	1	953	065
1576	1	419	065
432	1	148	065
12545	23	2952	065
5201	15	4973	065
279	15	4973	065
386	1	148	065
458	15	4973	065
9076	23	2968	065
3117	11	3098	065
5330	15	4973	065
160	1	125	065
5101	15	4973	065
1170	1	1161	065
1510	1	122	065
389	1	122	065
254	1	148	065
1180	1	1142	065
311	1	148	065
1039	1	1041	065
394	1	148	065
1533	1	419	065
2301	23	12535	065
1026	1	1027	066
5281	15	4973	066
1141	1	953	066
1149	1	953	066
406	1	408	066
1347	1	953	066
5201	15	4973	066
83	1	809	066
9306	23	12511	066
5117	15	4973	066
7975	23	3023	066
3236	23	3023	066
1666	1	125	066
8751	23	12508	066
231	1	122	066
972	1	122	066
1655	1	148	066
7417	23	3023	066
1271	1	129	066
712	1	163	066
1278	1	122	066
5233	15	4973	066
876	1	125	066
1591	1	135	066
315	1	122	066
9680	22	9544	066
7146	23	12532	066
5119	15	4985	066
2691	23	3023	066
7790	23	12511	066
161	1	163	066
541	1	282	066
691	1	129	066
673	1	163	066
177	1	122	066
1336	1	122	066
1212	1	122	066
5342	15	4973	066
1306	1	122	066
1346	1	953	066
770	1	125	066
5146	15	4973	066
1539	1	148	066
1165	1	1142	066
1412	1	122	066
9018	23	3023	066
5216	15	4973	066
1521	1	148	066
1453	15	4973	066
997	1	129	066
6529	23	3023	066
5167	15	4973	066
1558	1	148	066
5215	15	4973	066
1268	1	129	066
2848	23	12523	066
1189	1	953	066
138	1	125	066
1051	1	125	066
3046	23	2928	066
3057	23	2946	066
5013	15	4973	066
1180	1	953	066
4721	14	4481	066
467	1	125	066
7178	23	12511	066
5219	15	4973	066
311	1	148	066
628	1	148	066
6247	23	2935	066
280	1	282	066
4260	14	4261	066
1542	1	148	066
7079	23	12511	066
5086	15	4973	066
4370	14	3710	066
999	1	122	066
3135	11	3136	066
609	1	419	066
9390	23	12511	066
277	1	125	066
8499	23	12511	066
1415	1	148	066
8779	23	2989	066
5277	15	4973	066
1463	1	1464	066
1013	1	604	066
1563	1	129	066
450	1	148	066
3117	11	3098	066
265	1	125	066
1143	1	953	066
9076	23	2968	066
1517	1	148	066
1276	1	129	066
1637	6	1439	066
647	1	125	066
438	1	135	066
3134	11	3129	066
5322	15	4986	066
5007	15	4973	066
715	1	125	066
8552	23	3023	066
1545	1	148	066
9218	23	12508	066
1668	1	163	066
1231	1	122	066
350	1	163	066
3040	23	3023	066
1850	23	2951	066
5302	15	4973	066
3084	11	3081	066
1165	1	953	066
1510	1	122	066
1585	1	163	066
8006	23	2949	066
6247	23	2935	066
1192	1	1161	066
5137	15	4973	066
825	1	129	066
5226	15	4973	066
266	1	148	066
5323	15	4973	066
1126	1	148	066
386	1	148	066
135	1	137	066
345	1	122	066
1298	1	129	067
1180	1	1142	067
645	1	125	067
1410	1	122	067
5117	15	4973	067
6878	23	12520	067
5137	15	4973	067
6938	23	12543	067
1661	1	125	067
1558	1	148	067
311	1	148	067
1419	1	129	067
1155	1	953	067
673	15	4973	067
386	1	148	067
134	1	125	067
1850	23	2951	067
5350	15	4973	067
1002	1	148	067
476	1	148	067
1298	1	1210	067
2729	23	2966	067
1171	15	4973	067
1293	1	129	067
706	1	708	067
9390	23	12511	067
1262	1	129	067
5357	15	4973	067
5208	15	4973	067
825	1	129	067
5056	15	4973	067
214	1	125	067
1545	1	148	067
1358	1	953	067
1260	1	122	067
1165	1	953	067
5311	15	4973	067
8842	23	3023	067
5176	15	4973	067
1326	1	129	067
4568	23	2946	067
1548	1	148	067
1014	1	604	067
716	1	148	067
541	1	282	067
587	1	125	067
6599	23	12547	067
1389	1	129	067
3420	14	3423	067
146	1	122	067
2925	23	2996	067
164	1	165	067
1189	1	953	067
8943	23	3023	067
467	1	125	067
5351	15	4973	067
5030	15	4973	067
1274	1	129	067
1180	1	953	067
9680	22	9544	067
1347	1	953	067
3134	11	3129	067
1350	1	129	067
9218	23	12508	067
5052	15	4973	067
5219	15	4973	067
946	1	163	067
83	1	809	067
1935	6	2012	067
602	1	604	067
988	15	4986	067
1165	1	1142	067
1351	1	129	067
721	1	122	067
6439	23	12515	067
972	1	122	067
770	1	125	067
5128	15	4973	067
1154	1	953	067
1665	1	125	067
1278	1	122	067
1265	1	129	067
7195	23	12531	067
1036	1	1027	067
1501	1	148	067
971	1	148	067
1540	1	148	067
458	15	4973	067
968	1	408	067
1340	1	122	067
1220	1	122	067
3117	11	3098	067
781	1	148	067
8943	23	12535	067
469	1	125	067
1281	1	122	067
3826	23	2996	067
11316	22	9589	067
8943	23	2951	067
2691	23	2955	067
468	1	125	067
5186	15	4973	067
5346	15	4986	067
954	1	604	067
8204	23	2989	067
1354	1	125	067
2301	23	12535	067
177	1	122	067
8499	23	12511	067
5041	15	4986	067
5216	15	4973	067
783	1	122	067
8730	23	2951	067
462	1	125	067
352	15	4973	067
947	1	163	067
680	1	137	067
1212	1	122	067
5035	15	4973	067
6599	23	12547	068
280	1	281	068
947	1	975	068
467	1	125	068
697	1	698	068
9390	23	12511	068
5128	15	4973	068
5267	15	4973	068
5302	15	4973	068
308	15	4973	068
1198	1	953	068
1220	1	122	068
738	1	122	068
5250	15	4973	068
5005	15	4973	068
7975	23	3023	068
1551	1	125	068
1412	1	122	068
6878	23	12520	068
1039	1	1041	068
4984	15	4986	068
1658	1	163	068
3066	23	12524	068
438	1	135	068
5264	15	4973	068
5015	15	4973	068
1572	1	122	068
1265	1	129	068
254	1	148	068
1160	1	1161	068
1051	1	125	068
5201	15	4973	068
3134	11	3129	068
1186	1	953	068
8779	23	2989	068
1260	1	122	068
5126	15	4973	068
1491	1	125	068
5232	15	4973	068
685	1	687	068
5068	15	4973	068
854	1	135	068
1935	6	2012	068
406	1	408	068
4978	15	4973	068
979	1	125	068
950	1	148	068
962	1	163	068
5093	15	5094	068
5281	15	4973	068
1143	15	4973	068
5253	15	4973	068
988	15	4986	068
647	1	125	068
602	1	604	068
219	15	4973	068
8552	23	3023	068
1545	1	148	068
3166	23	12532	068
1340	1	122	068
83	1	809	068
5072	15	4973	068
8385	23	3023	068
1248	1	122	068
830	1	148	068
1348	1	1161	068
1179	1	953	068
447	1	126	068
1366	1	953	068
5311	15	4973	068
5323	15	4973	068
995	1	148	068
1346	1	953	068
393	1	122	068
8943	23	2951	068
946	1	163	068
954	1	604	068
2925	23	2996	068
5291	15	4973	068
121	1	122	068
1298	1	129	068
350	1	163	068
5056	15	4973	068
1192	1	1161	068
8667	23	3023	068
1043	1	125	068
104	1	107	068
761	1	129	068
712	1	163	068
11372	22	9589	068
673	15	4973	068
1157	1	953	068
2294	23	12511	068
1256	1	129	068
1591	1	135	068
8499	23	12511	068
7178	23	12511	068
1165	1	953	068
997	1	129	068
1584	1	122	068
5233	15	4973	068
1453	15	4973	068
3135	11	3136	068
1184	1	953	068
5219	15	4973	068
462	1	125	068
432	1	148	068
4260	14	4261	068
435	1	125	068
1140	1	148	068
280	1	282	068
5083	15	4973	068
1343	1	129	068
1015	1	148	068
1251	1	122	068
1207	1	953	068
1406	15	4986	068
998	1	148	068
2301	23	12535	068
1231	1	122	068
161	1	163	068
4370	14	3710	068
5119	15	4985	068
5167	15	4973	068
6439	23	2956	068
9218	23	12508	068
9018	23	3023	068
1153	1	953	068
1626	1	125	068
703	1	704	068
5215	15	4973	068
1238	1	1210	068
3057	23	2946	068
1850	23	2951	068
6529	23	3023	068
1374	1	953	068
150	1	122	069
9051	23	12508	069
1263	1	122	069
655	1	419	069
458	1	125	069
6247	23	2935	069
160	1	125	069
5006	15	4986	069
946	1	163	069
3166	23	12532	069
744	1	163	069
1354	1	953	069
705	1	687	069
1489	1	122	069
5101	15	4973	069
1542	1	148	069
489	1	125	069
614	1	129	069
5350	15	4973	069
5296	15	4973	069
2729	23	2966	069
5077	15	4973	069
5264	15	4973	069
5225	15	4973	069
5081	15	4973	069
968	1	408	069
5272	15	4973	069
3046	23	2928	069
9386	23	12511	069
1637	6	1439	069
1359	1	129	069
5146	15	4973	069
7195	23	12531	069
1517	1	148	069
3053	23	12505	069
8006	23	2949	069
1015	1	148	069
1380	1	953	069
7570	23	12516	069
4370	14	3710	069
1667	1	125	069
5126	15	4973	069
5226	15	4973	069
1521	1	148	069
5322	15	4986	069
2848	23	12523	069
389	1	122	069
1412	1	122	069
8667	23	3023	069
1326	1	129	069
947	1	148	069
418	1	419	069
1252	1	129	069
352	15	4973	069
5052	15	4973	069
647	1	125	069
1374	1	953	069
4963	17	4312	069
1149	1	953	069
9227	23	12508	069
699	1	122	069
462	1	125	069
1314	1	122	069
8943	23	2951	069
5031	15	4973	069
266	1	148	069
279	1	125	069
1544	1	148	069
703	1	704	069
988	15	4986	069
164	1	165	069
5117	15	4973	069
1380	1	125	069
1168	1	953	069
219	15	4973	069
161	1	163	069
3117	11	3098	069
1854	23	2921	069
1336	1	122	069
5175	15	4973	069
644	1	125	069
1178	1	953	069
1340	1	122	069
1351	1	129	069
277	1	125	069
3160	11	3098	069
432	1	148	069
652	1	148	069
645	1	125	069
1157	1	953	069
1935	6	2012	069
954	1	604	069
135	1	137	069
573	15	5094	069
673	1	163	069
9306	23	12511	069
6414	23	2935	069
424	15	4986	069
1406	1	1464	069
2691	23	2955	069
1389	1	129	069
1042	1	687	069
7975	23	3023	069
4824	14	3710	069
5291	15	4973	069
177	1	122	069
280	1	282	069
1266	1	129	069
1361	1	953	069
1491	1	125	069
1256	1	129	069
2967	23	3007	069
1410	1	122	069
999	1	122	069
8943	23	12535	069
3420	14	3423	069
947	1	975	069
3134	11	3129	069
308	1	165	070
754	1	125	070
1212	1	122	070
1281	1	122	070
781	1	148	070
5232	15	4973	070
9236	23	12508	070
1356	1	953	070
5254	15	4973	070
988	15	4986	070
3040	23	3023	070
685	1	687	070
3236	23	12520	070
7195	23	12531	070
1298	1	129	070
476	1	148	070
5323	15	4973	070
602	1	604	070
802	1	122	070
1453	1	419	070
1533	1	419	070
1266	1	129	070
5294	15	4973	070
1047	1	148	070
386	1	148	070
3057	23	2946	070
6247	23	2935	070
5031	15	4973	070
7417	23	3023	070
5326	15	4973	070
1528	1	125	070
1497	1	163	070
7570	23	12516	070
1083	1	129	070
240	1	122	070
6878	23	2966	070
1156	1	953	070
394	1	148	070
150	1	122	070
8131	23	3030	070
8385	23	3023	070
3097	11	3098	070
7146	23	12532	070
8667	23	3023	070
1365	1	129	070
1296	1	129	070
1539	1	148	070
5261	15	4973	070
3826	23	2996	070
1585	1	148	070
5186	15	4973	070
5201	15	4973	070
1419	1	129	070
5302	15	4973	070
409	1	125	070
946	1	163	070
1642	1	122	070
830	1	148	070
1854	23	2921	070
203	1	122	070
231	1	122	070
5283	15	4973	070
8842	23	3023	070
609	1	419	070
1366	1	953	070
164	15	4973	070
83	1	809	070
160	1	125	070
6371	23	3023	070
458	1	125	070
1585	1	706	070
1189	1	953	070
1501	1	148	070
4348	14	4349	070
8943	23	3023	070
1463	15	4986	070
1043	1	125	070
345	1	122	070
1340	1	122	070
2294	23	12511	070
5267	15	4973	070
1534	1	122	070
5117	15	4973	070
1102	1	148	070
134	1	125	070
9218	23	12508	070
8989	23	12508	070
6439	23	2956	070
968	1	408	070
817	1	148	070
1935	6	2012	070
6529	23	3023	070
418	1	419	070
999	1	122	070
8730	23	2951	070
1468	1	604	070
5313	15	4973	070
1360	1	953	070
1591	1	135	070
1317	1	129	070
1143	1	953	070
5118	15	4973	070
450	1	148	070
954	1	604	070
716	1	148	070
367	1	122	070
308	15	4973	070
5226	15	4973	070
647	1	125	070
209	1	148	070
121	1	122	070
673	15	4973	070
5272	15	4973	070
673	1	163	070
1157	1	953	071
1013	1	604	071
1050	1	125	071
9386	23	12511	071
1179	1	953	071
231	1	122	071
1329	1	129	071
1276	1	129	071
5261	15	4973	071
1186	1	953	071
1850	23	2951	071
784	1	785	071
1317	1	129	071
1572	1	122	071
418	1	419	071
1470	1	135	071
1539	1	148	071
1170	1	1161	071
280	1	281	071
1658	1	163	071
4749	14	3794	071
438	1	135	071
9051	23	12508	071
6599	23	12547	071
5128	15	4973	071
1366	1	1142	071
567	1	125	071
3134	11	3129	071
3790	14	4261	071
1441	1	125	071
5254	15	4973	071
1517	1	148	071
1190	1	953	071
4568	23	2946	071
568	1	125	071
1463	15	4986	071
1033	1	1035	071
1260	1	122	071
145	1	122	071
1002	1	148	071
3477	14	3478	071
1251	1	122	071
1340	1	122	071
1410	1	122	071
393	1	122	071
1355	1	953	071
621	1	122	071
830	1	148	071
783	1	122	071
1271	1	129	071
5342	15	4973	071
1348	1	1161	071
1217	1	953	071
1198	1	953	071
5311	15	4973	071
7406	23	3023	071
5005	15	4973	071
219	15	4973	071
1184	1	953	071
5007	15	4973	071
5041	15	4986	071
1585	1	163	071
1548	1	148	071
6878	23	2966	071
1265	1	129	071
1178	1	953	071
9236	23	12508	071
673	1	163	071
817	1	148	071
5232	15	4973	071
2729	23	2966	071
1149	1	953	071
5013	15	4973	071
1935	6	2012	071
146	1	122	071
5204	15	4973	071
1252	1	129	071
968	1	408	071
5146	15	4973	071
1453	15	4973	071
5126	15	4973	071
1278	1	122	071
8787	23	2975	071
1169	1	953	071
754	1	125	071
5035	15	4973	071
9218	23	12508	071
5030	15	4973	071
8552	23	3023	071
1306	1	122	071
5303	15	4973	071
1293	1	129	071
1336	1	122	071
315	1	122	071
3160	11	3098	071
1591	1	135	071
277	1	125	071
273	1	125	071
5267	15	4973	071
5083	15	4973	071
1902	23	3074	071
1281	1	122	071
6938	23	12543	071
5250	15	4973	071
5283	15	4973	071
1038	1	148	071
1359	1	129	071
8760	23	12508	071
6371	23	3023	071
5225	15	4973	071
377	1	125	071
1514	1	148	071
5302	15	4973	071
1353	1	129	071
8842	23	3023	071
9018	23	3023	071
1037	1	696	071
1143	1	953	071
3076	23	12551	071
1406	1	1464	071
3420	14	3423	071
685	1	687	071
5050	15	4973	071
3117	11	3098	072
134	1	125	072
1637	6	1439	072
673	1	163	072
3236	23	12520	072
1169	1	953	072
2301	23	2951	072
628	1	148	072
138	1	125	072
5035	15	4973	072
2691	23	3023	072
1375	1	953	072
8943	23	12535	072
5005	15	4973	072
367	1	122	072
567	1	125	072
1081	1	135	072
1854	23	2921	072
5056	15	4973	072
1143	15	4973	072
1016	1	125	072
6371	23	3023	072
203	1	122	072
1356	1	953	072
1140	1	148	072
6726	23	2966	072
721	1	122	072
5093	15	5094	072
1626	1	125	072
5350	15	4973	072
5204	15	4973	072
5052	15	4973	072
1265	1	129	072
1521	1	148	072
8385	23	3023	072
8499	23	12511	072
3790	14	4261	072
1296	1	129	072
1563	1	129	072
5101	15	4973	072
947	1	975	072
5085	15	4973	072
1043	1	125	072
1517	1	148	072
385	1	148	072
1514	1	148	072
1591	1	135	072
1220	1	122	072
652	1	148	072
699	1	122	072
5294	15	4973	072
5219	15	4973	072
1317	1	129	072
7790	23	12511	072
266	1	148	072
1036	1	1027	072
3148	11	3120	072
1297	1	129	072
9294	23	12508	072
1298	1	1210	072
345	1	122	072
1645	1	125	072
1392	1	129	072
614	1	129	072
4260	14	4261	072
1217	1	953	072
5013	15	4973	072
817	1	148	072
5313	15	4973	072
5311	15	4973	072
8751	23	12508	072
946	1	163	072
458	15	4973	072
1033	1	1035	072
1248	1	122	072
602	1	604	072
489	1	125	072
621	1	122	072
468	1	125	072
377	1	125	072
1354	1	125	072
1406	1	1464	072
164	15	4973	072
7417	23	3023	072
573	15	5094	072
1313	1	122	072
6247	23	2935	072
5041	15	4986	072
1463	1	1464	072
5128	15	4973	072
1463	15	4986	072
5167	15	4973	072
1350	1	129	072
9070	23	2982	072
2991	10	2992	072
1198	1	953	072
705	1	687	072
988	15	4986	072
854	1	135	072
282	1	696	072
1366	1	953	072
1013	1	604	072
1640	1	125	072
2990	23	12502	072
4974	15	4973	072
1207	1	953	072
1548	1	148	072
1410	1	122	072
1354	1	1142	072
8552	23	3023	072
266	1	148	073
1350	1	129	073
138	1	125	073
8426	23	12511	073
161	1	163	073
1514	1	148	073
5322	15	4986	073
1171	15	4973	073
4547	14	3450	073
1278	1	122	073
5264	15	4973	073
2852	23	2952	073
9306	23	12511	073
1078	1	122	073
2880	17	6758	073
5118	15	4973	073
5052	15	4973	073
534	1	135	073
1252	1	129	073
8779	23	2989	073
1256	1	129	073
5186	15	4973	073
1221	1	1210	073
1038	1	148	073
5031	15	4973	073
12545	23	2951	073
6529	23	2952	073
706	1	708	073
5137	15	4973	073
489	1	125	073
3047	10	3017	073
1468	1	604	073
160	1	125	073
5302	15	4973	073
680	1	137	073
434	1	122	073
5175	15	4973	073
1948	15	5094	073
5323	15	4973	073
1153	1	953	073
3047	10	3048	073
652	1	148	073
1033	1	1035	073
280	1	281	073
1207	1	1142	073
1186	1	953	073
628	1	148	073
7975	23	2951	073
721	1	122	073
947	1	129	073
685	1	687	073
1850	23	2951	073
1207	1	953	073
1171	1	953	073
11372	22	9589	073
968	1	408	073
5081	15	4973	073
393	1	122	073
1347	1	953	073
7570	23	12516	073
998	1	148	073
6371	23	3023	073
1221	1	122	073
7406	23	3023	073
1453	15	4973	073
568	1	125	073
150	1	122	073
5225	15	4973	073
1412	1	122	073
1293	1	129	073
1340	1	122	073
3236	23	12520	073
999	1	122	073
5272	15	4973	073
3084	11	3081	073
280	1	283	073
6414	23	2935	073
1645	1	125	073
1665	1	125	073
5215	15	4973	073
9227	23	12508	073
1303	1	122	073
209	1	148	073
825	1	129	073
1296	1	129	073
447	1	125	073
5283	15	4973	073
1036	1	1027	073
1392	1	129	073
1156	1	953	073
1542	1	148	073
1558	1	148	073
5167	15	4973	073
1591	1	135	073
308	15	4973	073
1081	1	135	073
1313	1	122	073
5311	15	4973	073
1168	1	953	073
3134	11	3129	073
282	1	696	073
1083	1	129	073
297	1	125	073
954	1	604	073
705	1	687	073
1178	1	953	073
3148	11	3120	073
5233	15	4973	073
3790	14	4261	073
1268	1	129	073
345	1	122	073
3826	23	2996	073
6878	23	2966	073
1935	6	2012	073
5128	15	4973	073
972	1	122	073
1271	1	129	074
409	1	125	074
1528	1	125	074
1360	1	953	074
5031	15	4973	074
602	1	604	074
5081	15	4973	074
8385	23	3023	074
266	1	148	074
7570	23	12516	074
1463	15	4986	074
5283	15	4973	074
458	15	4973	074
947	1	163	074
476	1	148	074
2729	23	2935	074
1045	1	125	074
5117	15	4973	074
1220	1	122	074
3064	23	12505	074
1497	1	163	074
1352	1	1161	074
1169	1	953	074
1252	1	129	074
1428	1	125	074
1192	1	1161	074
8552	23	3023	074
1361	1	953	074
5099	15	4973	074
4749	14	3794	074
1637	6	1439	074
3038	23	3039	074
3148	11	3120	074
1141	1	953	074
5261	15	4973	074
673	1	948	074
2848	23	12523	074
9294	23	12508	074
6439	23	12515	074
1238	1	122	074
214	1	125	074
1296	1	129	074
1178	1	953	074
1645	1	125	074
1665	1	125	074
706	1	708	074
1585	1	148	074
1351	1	129	074
3420	14	3423	074
3057	23	2946	074
2880	17	6758	074
5009	15	4973	074
573	15	5094	074
997	1	129	074
161	1	163	074
5050	15	4973	074
1265	1	1210	074
447	1	125	074
1661	1	125	074
6414	23	2935	074
1640	1	125	074
1850	23	2951	074
5342	15	4973	074
1212	1	122	074
962	1	163	074
5175	15	4973	074
1155	1	953	074
1380	1	125	074
3076	23	3077	074
1558	1	148	074
2967	23	3007	074
5272	15	4973	074
5226	15	4973	074
9070	23	2982	074
1572	1	122	074
7079	23	12511	074
1355	1	953	074
1489	1	122	074
1576	1	419	074
5013	15	4973	074
4547	14	3450	074
1545	1	148	074
3046	23	2928	074
6129	23	12508	074
1143	15	4973	074
8499	23	12511	074
947	1	1033	074
4974	15	4973	074
744	1	163	074
146	1	122	074
1260	1	122	074
1340	1	122	074
5204	15	4973	074
8787	23	2975	074
1353	1	129	074
5311	15	4973	074
345	1	122	074
1358	1	953	074
5070	15	4973	074
652	1	148	074
1350	1	129	074
1521	1	148	074
1143	1	953	074
998	1	148	074
1365	1	129	074
1441	1	125	074
995	1	148	074
1189	1	953	074
1297	1	129	074
705	1	687	074
277	1	125	074
462	1	125	074
434	1	122	074
1563	1	129	074
280	1	281	074
3134	11	3129	074
6599	23	12547	074
447	1	126	074
8552	23	3023	074
231	1	122	074
160	1	125	074
1374	1	953	074
1042	1	687	074
5098	15	4986	074
541	1	282	074
609	1	419	074
5281	15	4973	074
6371	23	3023	074
8751	23	12508	074
1948	15	5094	075
2265	23	2982	075
1637	6	1439	075
783	1	122	075
573	15	5094	075
1141	1	953	075
647	1	125	075
995	1	148	075
1374	1	953	075
3040	23	3023	075
1170	1	1161	075
609	1	419	075
1380	1	125	075
1203	1	953	075
950	1	148	075
1366	1	953	075
1329	1	129	075
2925	23	2996	075
3084	11	3081	075
691	1	129	075
628	1	148	075
1042	1	687	075
1026	1	1027	075
83	1	809	075
1271	1	129	075
2294	23	12511	075
4441	14	3710	075
398	1	148	075
6529	23	2952	075
1043	1	125	075
5030	15	4973	075
1558	1	148	075
1016	1	125	075
1258	1	129	075
1360	1	953	075
1246	1	122	075
5101	15	4973	075
5015	15	4973	075
5093	15	5094	075
1467	1	125	075
541	1	283	075
1015	1	148	075
5041	15	4986	075
1489	1	122	075
1365	1	129	075
214	1	125	075
7146	23	12532	075
614	1	129	075
999	1	122	075
231	1	122	075
5204	15	4973	075
1576	1	419	075
699	1	122	075
5302	15	4973	075
1658	1	163	075
1310	1	122	075
5231	15	4973	075
6878	23	12520	075
7406	23	3023	075
12528	23	12532	075
1167	1	953	075
6599	23	12547	075
1366	1	1142	075
297	1	125	075
680	1	137	075
1540	1	148	075
1419	1	129	075
367	1	122	075
1165	1	953	075
9018	23	3023	075
6529	23	3023	075
6439	23	12515	075
3134	11	3129	075
1171	1	953	075
1178	1	953	075
4974	15	4973	075
1153	1	953	075
1533	1	419	075
5326	15	4973	075
1293	1	129	075
1126	1	148	075
1668	1	163	075
1220	1	122	075
1265	1	129	075
5225	15	4973	075
3046	23	2928	075
946	1	163	075
8385	23	2982	075
3166	23	12532	075
5072	15	4973	075
5323	15	4973	075
1645	1	125	075
5031	15	4973	075
3236	23	3023	075
6599	23	12547	075
160	1	125	075
1347	1	953	075
1343	1	129	075
947	1	129	075
644	1	125	075
1380	1	953	075
999	1	122	076
8667	23	3023	076
1078	1	122	076
644	1	125	076
5030	15	4973	076
1266	1	129	076
308	1	165	076
121	1	122	076
5281	15	4973	076
435	1	125	076
2265	23	2982	076
5283	15	4973	076
1414	1	122	076
277	1	125	076
389	1	122	076
6247	23	2935	076
6599	23	12547	076
6247	23	2935	076
1198	1	953	076
5052	15	4973	076
4984	15	4986	076
489	1	125	076
968	1	408	076
3066	23	2982	076
699	1	122	076
614	1	129	076
1514	1	148	076
1081	1	135	076
5086	15	4973	076
1463	1	1464	076
5357	15	4973	076
8552	23	3023	076
957	1	125	076
7417	23	3023	076
5294	15	4973	076
1389	1	129	076
1351	1	129	076
947	1	1033	076
5311	15	4973	076
1351	1	1210	076
1152	1	953	076
468	1	125	076
716	1	148	076
3066	23	12524	076
5233	15	4973	076
8760	23	12508	076
1640	1	125	076
7195	23	12531	076
1441	1	125	076
1165	1	1142	076
5351	15	4973	076
2852	23	2952	076
3236	23	3023	076
979	1	125	076
1051	1	125	076
11372	22	9589	076
1419	1	129	076
1180	1	953	076
1658	1	163	076
1854	23	2921	076
3117	11	3098	076
2848	9	2733	076
1238	1	1210	076
1214	1	122	076
721	1	122	076
1190	1	953	076
5093	15	5094	076
5119	15	4985	076
8779	23	2989	076
2301	23	2951	076
6938	23	12543	076
3064	23	12505	076
1492	1	125	076
5342	15	4973	076
643	1	125	076
6371	23	3023	076
8943	23	3023	076
1043	1	125	076
1297	1	129	076
1470	1	135	076
1141	1	953	076
1181	1	953	076
377	1	125	076
5070	15	4973	076
1212	1	122	076
5291	15	4973	076
1375	1	953	076
9680	22	9544	076
203	1	122	076
5137	15	4973	076
1542	1	148	076
385	1	148	076
6973	23	2996	076
308	15	4973	076
5006	15	4986	076
6529	23	3023	076
1374	1	953	076
784	1	785	076
5346	15	4986	076
1266	1	129	077
1453	1	419	077
5019	15	4973	077
9401	23	12508	077
1233	1	122	077
6247	23	2935	077
1298	1	1210	077
947	1	129	077
367	1	122	077
2852	23	2952	077
1326	1	129	077
655	1	419	077
5118	15	4973	077
4984	15	4986	077
621	1	122	077
1170	1	1161	077
1153	1	953	077
447	1	126	077
1207	1	1142	077
12545	23	2951	077
1078	1	122	077
1181	1	953	077
2848	9	2733	077
754	1	125	077
264	15	4973	077
609	1	419	077
783	1	122	077
9680	22	9544	077
1047	1	148	077
1156	1	953	077
1336	1	122	077
345	1	122	077
5072	15	4973	077
988	15	4986	077
6129	23	12508	077
8552	23	3023	077
3117	11	3098	077
4749	14	3794	077
468	1	125	077
8842	23	3023	077
458	15	4973	077
1375	1	953	077
6371	23	3023	077
2729	23	2966	077
8385	23	3023	077
957	1	125	077
5056	15	4973	077
6529	23	2952	077
8692	23	12516	077
5081	15	4973	077
4441	14	3710	077
3084	11	3081	077
1406	1	1464	077
1149	1	953	077
1141	1	953	077
770	1	125	077
705	1	687	077
5261	15	4973	077
121	1	122	077
1491	1	125	077
2729	23	2935	077
652	1	148	077
5117	15	4973	077
3135	11	3136	077
1220	1	122	077
5201	15	4973	077
5350	15	4973	077
1297	1	129	077
4370	14	3710	077
3790	14	4261	077
817	1	148	077
1467	1	125	077
265	1	125	077
1042	1	687	077
1248	1	122	077
9070	23	2982	077
1497	1	163	077
8943	23	12535	077
541	1	283	077
406	1	408	077
1463	15	4986	077
5052	15	4973	077
1540	1	148	077
1296	1	129	077
279	1	125	077
1347	1	953	077
5101	15	4973	077
469	1	125	077
5272	15	4973	077
1539	1	148	077
177	1	122	077
8552	23	3023	077
447	1	125	077
5322	15	4986	077
7687	23	12511	077
8730	23	3026	077
1343	1	129	077
5005	15	4973	077
7975	23	2951	077
273	1	125	077
6973	23	2996	077
1359	1	129	077
7079	23	12511	077
1902	23	3074	077
3082	11	3083	077
1303	1	122	078
134	1	125	078
1380	1	953	078
1238	1	122	078
1558	1	148	078
1314	1	122	078
3082	11	3083	078
6936	23	12511	078
947	1	1033	078
1415	1	163	078
164	15	4973	078
6938	23	12543	078
947	1	163	078
957	1	125	078
434	1	122	078
1539	1	148	078
5215	15	4973	078
7146	23	12532	078
1203	1	953	078
1346	1	953	078
1389	1	129	078
5041	15	4986	078
438	1	135	078
1212	1	122	078
1265	1	129	078
1207	1	953	078
1260	1	122	078
1514	1	148	078
2852	23	2952	078
1358	1	953	078
1661	1	125	078
1081	1	135	078
5101	15	4973	078
1585	1	706	078
254	1	148	078
5119	15	4985	078
1626	1	125	078
854	1	135	078
652	1	148	078
350	1	163	078
1157	1	953	078
1361	1	953	078
5249	15	4973	078
1667	1	125	078
1046	1	148	078
8842	23	3023	078
4963	17	4312	078
1366	1	953	078
5128	15	4973	078
3047	10	3017	078
1155	1	953	078
4749	14	3794	078
5322	15	4986	078
1146	1	953	078
1542	1	148	078
1492	1	125	078
6414	23	2935	078
972	1	122	078
1262	1	129	078
1042	1	687	078
5050	15	4973	078
1186	1	953	078
5219	15	4973	078
8730	23	3026	078
279	1	125	078
568	1	125	078
8552	23	3023	078
9063	23	3023	078
1850	23	2951	078
389	1	122	078
1548	1	148	078
5254	15	4973	078
541	1	283	078
5006	15	4986	078
8552	23	3023	078
145	1	122	078
5201	15	4973	078
2991	10	2992	078
2729	23	2935	078
1665	1	125	078
9227	23	12508	078
1382	1	953	078
467	1	125	078
6371	23	3023	078
1267	1	129	078
4547	14	3450	078
344	1	122	078
3790	14	4261	078
3053	23	12505	078
567	1	125	078
715	1	125	078
3066	23	12524	078
954	1	604	078
1198	1	953	078
1658	1	163	078
1149	1	953	078
146	1	122	078
5070	15	4973	078
458	15	4973	078
2691	23	3023	078
6529	23	3023	078
1013	1	604	078
6371	23	3023	078
6726	23	2966	078
394	1	148	078
308	1	165	078
721	1	122	078
1468	1	604	078
1045	1	125	078
5291	15	4973	078
3166	23	12532	078
1274	1	129	078
2925	23	2996	078
164	1	165	078
6439	23	12515	078
1278	1	122	078
5093	15	5094	078
697	1	698	078
3236	23	3023	078
995	1	148	078
947	1	129	078
3135	11	3136	078
135	1	137	078
138	1	125	078
5019	15	4973	078
1354	1	125	078
1453	1	419	078
406	1	408	078
7687	23	12511	078
1221	1	122	078
377	1	125	078
9680	22	9544	078
5056	15	4973	079
573	15	5094	079
1426	1	135	079
1354	1	1142	079
602	1	604	079
6439	23	2956	079
1276	1	129	079
1231	1	122	079
3135	11	3136	079
1220	1	122	079
721	1	122	079
534	1	135	079
424	15	4986	079
1326	1	129	079
6529	23	3023	079
8552	23	3023	079
1083	1	129	079
5296	15	4973	079
1156	1	953	079
8426	23	12511	079
968	1	408	079
9076	23	2968	079
628	1	148	079
3047	10	3017	079
9070	23	2982	079
5093	15	5094	079
7687	23	12511	079
315	1	122	079
203	1	122	079
1544	1	148	079
1665	1	125	079
2691	23	2955	079
830	1	148	079
345	1	122	079
567	1	125	079
1238	1	1210	079
5346	15	4986	079
5322	15	4986	079
265	1	125	079
5225	15	4973	079
1850	23	2951	079
1415	1	163	079
542	1	1029	079
7178	23	12511	079
1347	1	953	079
876	1	125	079
1354	1	125	079
214	1	125	079
2925	23	2996	079
1310	1	122	079
1348	1	1161	079
5083	15	4973	079
5072	15	4973	079
1157	1	953	079
1178	1	953	079
5250	15	4973	079
9294	23	12508	079
12545	23	2952	079
2991	10	2992	079
999	1	122	079
254	1	148	079
435	1	125	079
1380	1	125	079
394	1	148	079
1214	1	122	079
5226	15	4973	079
738	1	122	079
5291	15	4973	079
3236	23	3023	079
4441	14	3710	079
1356	1	953	079
1271	1	129	079
7570	23	12516	079
4260	14	4261	079
398	1	148	079
1441	1	125	079
1002	1	148	079
1143	15	4973	079
1545	1	148	079
5204	15	4973	079
781	1	148	079
145	1	122	079
121	1	122	079
280	1	282	079
5303	15	4973	079
1251	1	122	079
1489	1	122	079
1319	1	122	079
5099	15	4973	079
7079	23	12511	079
541	1	282	079
5119	15	4985	079
754	1	125	079
476	1	148	079
1037	1	696	079
1171	15	4973	079
5126	15	4973	079
6878	23	12520	079
715	1	125	079
5117	15	4973	079
177	1	122	079
5070	15	4973	079
5283	15	4973	079
9386	23	12511	079
5007	15	4973	079
273	1	125	079
614	1	129	080
3066	23	12524	080
1542	1	148	080
621	1	122	080
344	1	122	080
164	15	4973	080
5019	15	4973	080
5035	15	4973	080
954	1	604	080
389	1	122	080
1354	1	1142	080
435	1	125	080
7687	23	12511	080
1045	1	125	080
1266	1	129	080
744	1	163	080
4370	14	3710	080
1351	1	129	080
5031	15	4973	080
458	15	4973	080
5056	15	4973	080
377	1	125	080
6973	23	2996	080
264	15	4973	080
2301	23	12535	080
9227	23	12508	080
1143	15	4973	080
1441	1	125	080
1268	1	129	080
1540	1	148	080
6414	23	2935	080
5118	15	4973	080
393	1	122	080
5099	15	4973	080
8730	23	3026	080
6439	23	12515	080
1350	1	129	080
1157	1	953	080
1411	1	163	080
12545	23	2952	080
5098	15	4986	080
4120	14	3898	080
367	1	122	080
5313	15	4973	080
6726	23	2966	080
3064	23	12505	080
1155	1	953	080
1050	1	125	080
3160	11	3098	080
1274	1	129	080
781	1	148	080
1260	1	122	080
1036	1	1027	080
240	1	122	080
7417	23	3023	080
424	15	4986	080
1585	1	706	080
5009	15	4973	080
6878	23	2966	080
673	1	948	080
3084	11	3081	080
1640	1	125	080
2991	10	2992	080
3420	14	3423	080
5052	15	4973	080
947	1	148	080
9294	23	12508	080
8842	23	3023	080
3236	23	12520	080
138	1	125	080
7790	23	12511	080
1412	1	122	080
1016	1	125	080
9218	23	12508	080
1043	1	125	080
1354	1	125	080
8667	23	3023	080
308	15	4973	080
5137	15	4973	080
1278	1	122	080
1179	1	953	080
1189	1	953	080
1854	23	2921	080
9680	22	9544	080
1585	1	163	080
5068	15	4973	080
1492	1	125	080
1626	1	125	080
1256	1	129	080
398	1	148	080
5215	15	4973	080
3826	23	2996	080
3057	23	2946	080
8787	23	2975	080
6247	23	2935	080
6371	23	3023	080
1153	1	953	080
1238	1	1210	080
1038	1	148	080
311	1	148	080
1026	1	1027	080
219	15	4973	080
4984	15	4986	080
6414	23	2935	080
962	1	163	080
5302	15	4973	080
770	1	125	080
7975	23	2951	080
1180	1	953	080
1002	1	148	080
712	1	163	080
1374	1	953	080
280	1	281	080
3040	23	3023	080
691	1	129	080
7146	23	12532	080
1317	1	129	080
8552	23	3023	081
4370	14	3710	081
203	1	122	081
1143	1	953	081
3117	11	3098	081
434	1	122	081
3148	11	3120	081
3082	11	3083	081
972	1	122	081
968	1	408	081
7079	23	12511	081
9386	23	12511	081
386	1	148	081
697	1	698	081
5296	15	4973	081
999	1	122	081
1178	1	953	081
5326	15	4973	081
9070	23	2982	081
3790	14	4261	081
1645	1	125	081
3066	23	2982	081
367	1	122	081
5350	15	4973	081
1948	15	5094	081
6878	23	12520	081
1384	1	122	081
1354	1	1142	081
1189	1	953	081
1585	1	706	081
6129	23	12508	081
1180	1	953	081
1572	1	122	081
783	1	122	081
5137	15	4973	081
534	1	135	081
2729	23	2966	081
424	15	4986	081
997	1	129	081
988	15	4986	081
1935	6	2012	081
7975	23	3023	081
1453	1	419	081
2265	23	2982	081
1143	15	4973	081
1375	1	953	081
1179	1	953	081
9306	23	12511	081
150	1	122	081
2301	23	12535	081
12545	23	2951	081
3236	23	3023	081
1352	1	1161	081
1180	1	1142	081
567	1	125	081
5083	15	4973	081
1231	1	122	081
273	1	125	081
1258	1	129	081
308	1	165	081
1850	23	2951	081
1265	1	129	081
8426	23	12511	081
1248	1	122	081
1463	1	1464	081
573	15	5094	081
5267	15	4973	081
1045	1	125	081
5216	15	4973	081
432	1	148	081
721	1	122	081
308	15	4973	081
1168	1	953	081
2848	23	12523	081
5009	15	4973	081
1238	1	1210	081
685	1	687	081
1359	1	129	081
1358	1	953	081
5225	15	4973	081
467	1	125	081
568	1	125	081
1548	1	148	081
784	1	785	081
164	15	4973	081
1336	1	122	081
254	1	148	081
825	1	129	081
1668	1	163	081
1655	1	148	081
1637	6	1439	081
352	15	4973	081
1414	1	122	081
1039	1	1041	081
699	1	122	081
3097	11	3098	081
297	1	125	081
1661	1	125	081
1306	1	122	081
3420	14	3423	081
3134	11	3129	081
5019	15	4973	081
5093	15	5095	081
1212	1	122	081
5208	15	4973	081
5072	15	4973	081
240	1	122	081
962	1	163	081
1278	1	122	081
209	1	148	081
2925	23	2996	081
950	1	148	081
8385	23	3023	081
277	1	125	081
5041	15	4986	081
5351	15	4973	081
3057	23	2946	081
1167	1	953	081
9306	23	12511	082
3076	23	12551	082
1143	1	953	082
389	1	122	082
1384	1	122	082
161	1	163	082
1558	1	148	082
1216	1	953	082
1665	1	125	082
2301	23	2951	082
1154	1	953	082
9227	23	12508	082
231	1	122	082
1303	1	122	082
1043	1	125	082
5330	15	4973	082
6936	23	12511	082
1141	1	953	082
541	1	283	082
4776	14	3810	082
3046	23	2928	082
344	1	122	082
4824	14	3710	082
5204	15	4973	082
5219	15	4973	082
438	1	135	082
7136	23	2955	082
5099	15	4973	082
5267	15	4973	082
280	1	281	082
6973	23	2996	082
784	1	785	082
1002	1	148	082
3790	14	4261	082
5013	15	4973	082
3420	14	3423	082
685	1	687	082
8943	23	2951	082
2848	23	12523	082
7790	23	12511	082
164	15	4973	082
1238	1	122	082
1544	1	148	082
5098	15	4986	082
1854	23	2921	082
946	1	163	082
1365	1	129	082
628	1	148	082
1126	1	148	082
5119	15	4985	082
1265	1	1210	082
1640	1	125	082
5118	15	4973	082
1453	15	4973	082
2691	23	2955	082
1046	1	148	082
7975	23	2951	082
3166	23	12532	082
308	15	4973	082
5342	15	4973	082
8787	23	2975	082
8131	23	3030	082
1642	1	122	082
11372	22	9589	082
1167	1	953	082
9401	23	12508	082
1190	1	953	082
4978	15	4973	082
947	1	1033	082
5346	15	4986	082
447	1	125	082
1212	1	122	082
2729	23	2966	082
7146	23	12532	082
968	1	408	082
1410	1	122	082
947	1	163	082
997	1	129	082
6726	23	2966	082
1221	1	1210	082
352	15	4973	082
1181	1	953	082
1419	1	129	082
1155	1	953	082
406	1	408	082
9390	23	12511	082
2301	23	12535	082
1528	1	125	082
1265	1	129	082
1572	1	122	082
219	15	4973	082
398	1	148	082
1497	1	163	082
1045	1	125	082
6414	23	2935	082
5294	15	4973	082
8943	23	3023	082
458	15	4973	082
8751	23	12508	082
1510	1	122	082
121	1	122	082
447	1	126	082
6529	23	2952	082
1267	1	129	082
1233	1	122	082
1266	1	129	082
214	1	125	082
541	1	282	082
3826	23	2996	082
7975	23	3023	082
5146	15	4973	082
1392	1	129	082
345	1	122	082
947	1	975	082
1355	1	953	083
1539	1	148	083
1340	1	122	083
1392	1	129	083
5323	15	4973	083
6878	23	2966	083
5119	15	4985	083
9018	23	3023	083
7406	23	3023	083
6599	23	12547	083
3166	23	12532	083
999	1	122	083
1217	1	953	083
950	1	148	083
3135	11	3136	083
6439	23	2956	083
5281	15	4973	083
5250	15	4973	083
691	1	129	083
1668	1	163	083
5216	15	4973	083
609	1	419	083
435	1	125	083
9076	23	2968	083
1296	1	129	083
3040	23	3023	083
4441	14	3710	083
573	15	5094	083
6247	23	2935	083
655	1	419	083
5009	15	4973	083
5118	15	4973	083
5052	15	4973	083
385	1	148	083
5253	15	4973	083
7790	23	12511	083
5056	15	4973	083
4721	14	3948	083
8006	23	2949	083
308	1	165	083
5272	15	4973	083
1365	1	129	083
825	1	129	083
489	1	125	083
1350	1	129	083
1102	1	148	083
817	1	148	083
9294	23	12508	083
1415	1	148	083
1935	6	2012	083
1238	1	122	083
447	1	125	083
673	1	948	083
3046	23	2928	083
121	1	122	083
315	1	122	083
8131	23	3030	083
1252	1	129	083
9390	23	12511	083
1314	1	122	083
5007	15	4973	083
352	15	4973	083
476	1	148	083
7570	23	12516	083
1265	1	129	083
1358	1	953	083
1026	1	1027	083
957	1	125	083
282	1	696	083
5030	15	4973	083
3125	11	3118	083
1278	1	122	083
8204	23	2989	083
1297	1	129	083
4547	14	3450	083
1154	1	953	083
8787	23	2975	083
5204	15	4973	083
876	1	125	083
9386	23	12511	083
5128	15	4973	083
367	1	122	083
770	1	125	083
1043	1	125	083
3084	11	3081	083
5261	15	4973	083
266	1	148	083
3790	14	4261	083
5254	15	4973	083
1514	1	148	083
1415	1	163	083
3082	11	3083	083
947	1	129	083
2990	23	12502	083
177	1	122	083
602	1	604	083
697	1	698	083
1046	1	148	083
9227	23	12508	083
1658	1	163	083
5083	15	4973	083
9680	22	9544	083
1267	1	129	083
8760	23	12508	083
1347	1	953	083
802	1	122	083
161	1	163	083
1354	1	953	083
1415	1	163	084
643	1	125	084
2294	23	12511	084
5117	15	4973	084
715	1	125	084
754	1	125	084
9306	23	12511	084
5219	15	4973	084
5072	15	4973	084
1411	1	163	084
6878	23	12520	084
1081	1	135	084
541	1	283	084
3097	11	3098	084
5254	15	4973	084
1221	1	122	084
1252	1	129	084
1415	1	148	084
9390	23	12511	084
5101	15	4973	084
1149	1	953	084
541	1	282	084
1355	1	953	084
1238	1	122	084
3134	11	3129	084
703	1	704	084
1365	1	129	084
5232	15	4973	084
6439	23	12515	084
467	1	125	084
817	1	148	084
1543	1	148	084
280	1	281	084
9386	23	12511	084
1336	1	122	084
1002	1	148	084
655	1	419	084
1046	1	148	084
1268	1	129	084
3057	23	2946	084
6529	23	2952	084
1626	1	125	084
784	1	785	084
6936	23	12511	084
1441	1	125	084
3420	14	3423	084
5350	15	4973	084
7417	23	3023	084
602	1	604	084
8692	23	12516	084
738	1	122	084
83	1	809	084
876	1	125	084
567	1	125	084
5118	15	4973	084
1361	1	953	084
145	1	122	084
1528	1	125	084
1165	1	1142	084
9218	23	12508	084
6599	23	12547	084
972	1	122	084
6371	23	3023	084
1637	6	1439	084
947	1	129	084
219	15	4973	084
1412	1	122	084
280	1	282	084
240	1	122	084
1271	1	129	084
2691	23	3023	084
464	1	125	084
1276	1	129	084
1246	1	122	084
5005	15	4973	084
345	1	122	084
1348	1	1161	084
1326	1	129	084
1180	1	953	084
3066	23	2982	084
5250	15	4973	084
1262	1	129	084
3236	23	12520	084
264	15	4973	084
1521	1	148	084
5296	15	4973	084
1544	1	148	084
999	1	122	084
1231	1	122	084
1184	1	953	084
5041	15	4986	084
1190	1	953	084
6247	23	2935	084
4974	15	4973	084
9401	23	12508	084
5311	15	4973	084
5056	15	4973	084
5176	15	4973	084
138	15	4973	084
435	1	125	084
587	1	125	084
691	1	129	084
11372	22	9589	084
377	1	125	084
1051	1	125	084
997	1	129	084
1542	1	148	084
389	1	122	084
1591	1	135	084
1668	1	163	084
2990	23	12502	084
2301	23	2951	084
1343	1	129	084
398	1	148	084
744	1	163	084
621	1	122	084
6878	23	2966	084
1203	1	953	084
1216	1	953	084
3025	10	3026	084
1154	1	953	084
7178	23	12511	084
1042	1	687	084
4751	14	4506	084
716	1	148	084
1501	1	148	084
587	1	126	085
1190	1	953	085
1346	1	1142	085
1045	1	125	085
1256	1	129	085
1626	1	125	085
7570	23	12516	085
1267	1	1210	085
999	1	123	085
447	1	125	085
8552	23	3023	085
104	1	107	085
9051	23	12508	085
5031	15	4973	085
3125	11	3118	085
9236	23	12508	085
5099	15	4973	085
1016	1	125	085
1143	1	1142	085
1102	1	148	085
1492	1	125	085
705	1	687	085
1214	1	1210	085
5167	15	4973	085
1317	1	129	085
308	1	165	085
1293	1	129	085
1268	1	1210	085
4370	14	3710	085
1665	1	126	085
1198	1	1142	085
5126	15	4973	085
1203	1	1142	085
1365	1	1210	085
1428	1	126	085
1340	1	122	085
7406	23	3023	085
1358	1	1142	085
971	1	148	085
5201	15	4973	085
1470	1	135	085
1497	1	163	085
1389	1	1210	085
1572	1	123	085
4721	14	3948	085
203	1	122	085
2848	9	2733	085
1310	1	1210	085
4963	17	4312	085
1655	1	148	085
5035	15	4973	085
1186	1	1142	085
1026	1	1027	085
1539	1	148	085
146	1	123	085
6371	23	3023	085
160	1	125	085
6529	23	3023	085
5086	15	4973	085
7790	23	12511	085
5357	15	4973	085
7975	23	2951	085
1149	1	953	085
2990	23	12502	085
177	1	122	085
6529	23	2952	085
1850	23	2951	085
573	15	5094	085
1317	1	1210	085
802	1	123	085
947	1	148	085
1491	1	126	085
280	1	281	085
997	1	123	085
680	1	137	085
1265	1	129	085
145	1	123	085
1238	1	122	085
1392	1	129	085
802	1	122	085
1510	1	122	085
1359	1	1210	085
265	1	126	085
1517	1	148	085
1666	1	126	085
1361	1	1142	085
1265	1	1210	085
1140	1	148	085
5072	15	4973	085
2691	23	3023	085
609	1	419	085
645	1	125	085
1419	1	129	085
134	1	126	085
1521	1	148	085
6973	23	2996	085
5093	15	5095	085
5137	15	4973	085
1533	1	419	085
2729	23	2966	085
1262	1	129	085
3038	23	3039	085
1548	1	148	085
1392	1	1210	085
7079	23	12511	085
1157	1	953	085
1155	1	953	085
744	1	163	085
4776	14	3810	085
5225	15	4973	085
1263	1	122	085
1374	1	1142	085
1171	15	4973	085
997	1	129	085
6247	23	2935	085
1355	1	1142	085
621	1	123	085
8730	23	3026	085
1170	1	1161	085
5056	15	4973	085
1415	1	148	085
3236	23	3023	085
2565	17	6449	085
1267	1	129	085
5117	15	4973	085
1146	1	953	085
2265	23	2982	085
489	1	125	085
699	1	123	085
273	1	126	085
5313	15	4973	085
5283	15	4973	085
1274	1	1210	085
1214	1	122	085
1563	1	123	085
8787	23	2975	085
1160	1	1161	085
643	1	126	085
1669	1	419	085
1661	1	126	085
266	1	148	085
1221	1	1210	085
1491	1	125	085
6371	23	3023	085
1303	1	122	085
1351	1	1210	085
783	1	123	085
219	15	4973	085
3160	11	3098	085
1046	1	148	085
699	1	122	085
770	1	125	085
377	1	125	085
432	1	148	085
409	1	125	085
1352	1	1161	085
11372	22	9589	085
9294	23	12508	085
308	15	4973	085
9227	23	12508	086
1470	1	135	086
5303	15	4973	086
7136	23	2955	086
1198	1	1142	086
7975	23	2951	086
1169	1	1142	086
6439	23	12515	086
135	1	137	086
1374	1	1142	086
5219	15	4973	086
8204	23	2989	086
541	1	283	086
5007	15	4973	086
6938	23	12543	086
1358	1	1142	086
5216	15	4973	086
3084	11	3081	086
5175	15	4973	086
5015	15	4973	086
1365	1	1210	086
311	1	148	086
1501	1	148	086
1668	1	163	086
6599	23	12547	086
5233	15	4973	086
995	1	148	086
1539	1	148	086
680	1	137	086
6878	23	12520	086
1428	1	126	086
802	1	123	086
738	1	123	086
2852	23	2952	086
1081	1	135	086
1340	1	1210	086
1306	1	1210	086
5099	15	4973	086
1382	1	1142	086
7975	23	3023	086
4984	15	4986	086
971	1	148	086
434	1	123	086
652	1	148	086
1260	1	1210	086
1346	1	1142	086
712	1	163	086
784	1	785	086
5283	15	4973	086
344	1	123	086
703	1	704	086
5167	15	4973	086
8730	23	2951	086
2265	23	2982	086
1314	1	1210	086
279	1	126	086
7417	23	3023	086
3117	11	3098	086
1491	1	126	086
5006	15	4986	086
3066	23	12524	086
145	1	123	086
3038	23	3039	086
5068	15	4973	086
1356	1	1142	086
177	1	123	086
5277	15	4973	086
1521	1	148	086
9018	23	3023	086
1026	1	1027	086
3148	11	3120	086
5232	15	4973	086
947	1	163	086
1233	1	1210	086
1336	1	1210	086
1160	1	1142	086
5031	15	4973	086
1585	1	706	086
9390	23	12511	086
8552	23	3023	086
744	1	163	086
1468	1	604	086
240	1	123	086
854	1	135	086
1343	1	1210	086
9306	23	12511	086
1037	1	696	086
1542	1	148	086
1016	1	126	086
8943	23	2951	086
5050	15	4973	086
602	1	604	086
705	1	687	086
968	1	408	086
2294	23	12511	086
1143	15	4973	086
4776	14	3810	086
6371	23	3023	086
5093	15	5095	086
5225	15	4973	086
1036	1	1027	086
3620	14	3423	086
4721	14	3963	086
1935	6	2012	086
8779	23	2989	086
1002	1	148	086
1047	1	148	086
1585	1	148	086
954	1	604	086
5208	15	4973	086
1221	1	1210	086
265	1	126	086
146	1	123	086
1186	1	1142	086
1016	1	126	087
8943	23	12535	087
5283	15	4973	087
9218	23	12508	087
830	1	148	087
3076	23	3077	087
1170	1	1142	087
1153	1	1142	087
1350	1	1210	087
754	1	126	087
1221	1	1210	087
1336	1	1210	087
1544	1	148	087
1415	1	163	087
5077	15	4973	087
1626	1	126	087
5052	15	4973	087
1374	1	1142	087
6878	23	12520	087
1168	1	1142	087
352	15	4973	087
817	1	148	087
602	1	604	087
972	1	123	087
134	1	126	087
1389	1	1210	087
5357	15	4973	087
11372	22	9589	087
5099	15	4973	087
1563	1	123	087
573	15	5095	087
5128	15	4973	087
1102	1	148	087
7790	23	12511	087
5264	15	4973	087
1271	1	1210	087
1470	1	135	087
5272	15	4973	087
1668	1	163	087
8426	23	12511	087
587	1	126	087
1248	1	1210	087
1256	1	129	087
394	1	148	087
7975	23	3023	087
462	1	126	087
1045	1	126	087
1392	1	1210	087
240	1	123	087
1543	1	148	087
8006	23	2949	087
691	1	123	087
673	1	948	087
1353	1	1210	087
5019	15	4973	087
3135	11	3136	087
9018	23	3023	087
5351	15	4973	087
647	1	126	087
954	1	604	087
5219	15	4973	087
1155	1	1142	087
1637	6	1439	087
1545	1	148	087
8787	23	2975	087
5056	15	4973	087
784	1	785	087
1384	1	1210	087
476	1	148	087
5296	15	4973	087
1014	1	604	087
4370	14	3710	087
1258	1	1210	087
5323	15	4973	087
1268	1	1210	087
995	1	148	087
1015	1	148	087
1382	1	1142	087
5291	15	4973	087
1171	1	1142	087
7146	23	12532	087
5081	15	4973	087
1669	1	419	087
434	1	123	087
164	15	4973	087
1358	1	1142	087
1539	1	148	087
1310	1	1210	087
5204	15	4973	087
5311	15	4973	087
1038	1	148	087
1533	1	419	087
83	1	809	087
9390	23	12511	087
947	1	148	087
161	1	163	087
1190	1	1142	087
1340	1	1210	087
1033	1	1035	087
386	1	148	087
1359	1	1210	087
3046	23	2928	087
7687	23	12511	087
947	1	123	087
1212	1	1210	088
738	1	123	088
1640	1	126	088
5031	15	4973	088
8385	23	3023	088
3125	11	3118	088
5231	15	4973	088
854	1	135	088
2729	23	2935	088
6439	23	2956	088
1281	1	1210	088
1361	1	1142	088
9076	23	2968	088
1411	1	163	088
6439	23	12515	088
2967	23	3007	088
1544	1	148	088
5015	15	4973	088
279	1	126	088
673	1	948	088
1047	1	148	088
614	1	123	088
6938	23	12543	088
1260	1	1210	088
177	1	123	088
5281	15	4973	088
1179	1	1142	088
6371	23	3023	088
1558	1	148	088
1346	1	1142	088
7146	23	12532	088
1489	1	123	088
1314	1	1210	088
4370	14	3710	088
1514	1	148	088
8426	23	12511	088
1168	1	1142	088
680	1	137	088
5006	15	4986	088
5342	15	4973	088
1220	1	1210	088
5035	15	4973	088
655	1	419	088
164	15	4973	088
203	1	123	088
4260	14	4261	088
8552	23	3023	088
1637	6	1439	088
716	1	148	088
962	1	163	088
1146	1	1142	088
5226	15	4973	088
1296	1	1210	088
273	1	126	088
9306	23	12511	088
3826	23	2996	088
7406	23	3023	088
7975	23	3023	088
5083	15	4973	088
2729	23	2966	088
1415	1	163	088
988	15	4986	088
830	1	148	088
4974	15	4973	088
3064	23	12505	088
1170	1	1142	088
1669	1	419	088
5176	15	4973	088
434	1	123	088
770	1	126	088
4721	14	4480	088
1231	1	1210	088
1355	1	1142	088
12545	23	2951	088
968	1	408	088
1181	1	1142	088
1038	1	148	088
573	1	574	088
1352	1	1142	088
1310	1	1210	088
5350	15	4973	088
4963	17	4312	088
1233	1	1210	088
5225	15	4973	088
12528	23	12532	088
947	1	163	088
997	1	123	088
947	1	975	088
1380	1	1142	088
1585	1	706	088
643	1	126	088
1406	1	1464	088
995	1	148	088
6878	23	2966	088
279	15	4973	088
282	1	696	088
1412	1	123	088
1360	1	1142	088
3053	23	12505	088
5351	15	4973	088
1265	1	1210	088
9390	23	12511	088
1353	1	1210	088
1160	1	1142	089
7975	23	3023	089
721	1	123	089
5035	15	4973	089
7136	23	2955	089
5277	15	4973	089
1181	1	1142	089
5072	15	4973	089
8943	23	2951	089
3125	11	3118	089
1375	1	1142	089
8552	23	3023	089
8751	23	12508	089
1517	1	148	089
1948	15	5094	089
685	1	687	089
8779	23	2989	089
2301	23	12535	089
393	1	123	089
1463	15	4986	089
1359	1	1210	089
8842	23	3023	089
4370	14	3710	089
3066	23	12524	089
5068	15	4973	089
279	15	4973	089
8499	23	12511	089
1542	1	148	089
432	1	148	089
1497	1	163	089
2925	23	2996	089
4751	14	3937	089
1214	1	1210	089
703	1	704	089
1534	1	123	089
947	1	1033	089
177	1	123	089
4963	17	4312	089
542	1	1029	089
968	1	408	089
1548	1	148	089
1256	1	1210	089
1668	1	163	089
7079	23	12511	089
541	1	283	089
8730	23	3026	089
1410	1	123	089
1246	1	1210	089
5085	15	4973	089
1585	1	706	089
1220	1	1210	089
9076	23	2968	089
6529	23	2952	089
8760	23	12508	089
2265	23	2982	089
817	1	148	089
1665	1	126	089
1850	23	2951	089
1238	1	1210	089
467	1	126	089
1384	1	1210	089
1667	1	126	089
7406	23	3023	089
8131	23	3030	089
5070	15	4973	089
655	1	419	089
1382	1	1142	089
3097	11	3098	089
1543	1	148	089
1389	1	1210	089
134	1	126	089
5302	15	4973	089
367	1	123	089
280	1	283	089
1186	1	1142	089
691	1	123	089
5007	15	4973	089
1585	1	148	089
998	1	148	089
1013	1	604	089
1231	1	1210	089
3046	23	2928	089
5052	15	4973	089
9401	23	12508	089
1184	1	1142	089
7790	23	12511	089
11372	22	9589	089
5291	15	4973	089
802	1	123	089
203	1	123	089
5232	15	4973	089
4260	14	4261	089
1355	1	1142	089
308	1	165	089
4984	15	4986	089
3134	11	3129	089
1268	1	1210	089
5281	15	4973	089
573	1	574	089
5330	15	4973	089
5253	15	4973	089
386	1	148	089
462	1	126	089
240	1	123	089
1171	15	4973	089
9063	23	3023	089
1192	1	1142	089
4568	23	2946	089
1558	1	148	089
5050	15	4973	089
1143	15	4973	090
1192	1	1142	090
5322	15	4986	090
145	1	123	090
5249	15	4973	090
7406	23	3023	090
5099	15	4973	090
697	1	698	090
1358	1	1142	090
1352	1	1142	090
1415	1	163	090
3046	23	2928	090
3084	11	3081	090
1265	1	1210	090
1298	1	1210	090
1534	1	123	090
1658	1	163	090
6247	23	2935	090
7079	23	12511	090
1637	6	1439	090
1146	1	1142	090
716	1	148	090
1260	1	1210	090
6414	23	2935	090
5201	15	4973	090
5013	15	4973	090
1317	1	1210	090
1167	1	1142	090
1268	1	1210	090
5219	15	4973	090
12528	23	12532	090
468	1	126	090
1126	1	148	090
6371	23	3023	090
3076	23	12551	090
947	1	975	090
4963	17	4312	090
406	1	408	090
1149	1	1142	090
5232	15	4973	090
1539	1	148	090
609	1	419	090
5086	15	4973	090
5231	15	4973	090
7136	23	2955	090
1036	1	1027	090
8751	23	12508	090
6599	23	12547	090
1572	1	123	090
3420	14	3423	090
177	1	123	090
1153	1	1142	090
2265	23	2982	090
5098	15	4986	090
3038	23	3039	090
1584	1	123	090
5233	15	4973	090
5081	15	4973	090
279	1	126	090
1198	1	1142	090
1510	1	123	090
1340	1	1210	090
4824	14	3710	090
8989	23	12508	090
1419	1	123	090
5204	15	4973	090
1366	1	1142	090
703	1	704	090
6247	23	2935	090
1854	23	2921	090
12545	23	2952	090
5118	15	4973	090
4751	14	3937	090
5253	15	4973	090
5068	15	4973	090
1155	1	1142	090
4776	14	3811	090
5326	15	4973	090
1374	1	1142	090
5015	15	4973	090
1184	1	1142	090
6878	23	12520	090
469	1	126	090
5281	15	4973	090
308	1	165	090
1154	1	1142	090
8943	23	3023	090
3236	23	12520	090
1181	1	1142	090
9236	23	12508	090
1189	1	1142	090
308	15	4973	090
1293	1	1210	090
5267	15	4973	090
1543	1	148	090
9306	23	12511	090
3066	23	2982	090
1256	1	129	090
1489	1	123	090
8552	23	3023	090
2301	23	12535	090
1410	1	123	091
1584	1	123	091
311	1	148	091
3420	14	3423	091
264	15	4973	091
8552	23	3023	091
5068	15	4973	091
5253	15	4973	091
3117	11	3098	091
1545	1	148	091
9401	23	12508	091
308	1	165	091
7146	23	12532	091
621	1	123	091
279	15	4973	091
643	1	126	091
2848	23	12523	091
1033	1	1035	091
7195	23	12531	091
386	1	148	091
1154	1	1142	091
4568	23	2946	091
1351	1	1210	091
352	15	4973	091
655	1	419	091
8692	23	12516	091
7570	23	12516	091
4776	14	3811	091
5119	15	4985	091
7417	23	3023	091
1501	1	148	091
1203	1	1142	091
3025	10	3026	091
1470	1	135	091
1389	1	1210	091
4984	15	4986	091
5215	15	4973	091
9018	23	3023	091
5081	15	4973	091
8552	23	3023	091
1155	1	1142	091
280	1	283	091
4974	15	4973	091
8667	23	3023	091
1542	1	148	091
1667	1	126	091
1258	1	1210	091
432	1	148	091
8779	23	2989	091
5137	15	4973	091
1152	1	1142	091
602	1	604	091
1563	1	123	091
164	1	165	091
6129	23	12508	091
9076	23	2968	091
231	1	123	091
6439	23	12515	091
462	1	126	091
972	1	123	091
1297	1	1210	091
699	1	123	091
1184	1	1142	091
542	1	1029	091
219	15	4973	091
3084	11	3081	091
5005	15	4973	091
1192	1	1142	091
1665	1	126	091
1585	1	706	091
1314	1	1210	091
947	1	975	091
784	1	785	091
6371	23	3023	091
1156	1	1142	091
1850	23	2951	091
1198	1	1142	091
1036	1	1027	091
1510	1	123	091
1384	1	1210	091
1153	1	1142	091
5015	15	4973	091
5281	15	4973	091
1083	1	123	091
12545	23	2951	091
1149	1	1142	091
1426	1	135	091
1157	1	1142	091
1306	1	1210	091
1180	1	1142	091
1350	1	1210	091
8426	23	12511	091
8787	23	2975	091
647	1	126	091
8552	23	3023	091
5261	15	4973	091
424	15	4986	091
1366	1	1142	091
8006	23	2949	092
476	1	148	092
1642	1	123	092
273	1	126	092
1281	1	1210	092
1271	1	1210	092
389	1	123	092
738	1	123	092
3064	23	12505	092
5101	15	4973	092
1414	1	123	092
972	1	123	092
2294	23	12511	092
4751	14	4505	092
1303	1	1210	092
350	1	163	092
3038	23	3039	092
1669	1	419	092
6371	23	3023	092
9051	23	12508	092
1585	1	706	092
1902	23	3074	092
1167	1	1142	092
1539	1	148	092
1542	1	148	092
5031	15	4973	092
5083	15	4973	092
1352	1	1142	092
5250	15	4973	092
817	1	148	092
1548	1	148	092
1585	1	148	092
8385	23	3023	092
1217	1	1142	092
146	1	123	092
5253	15	4973	092
1143	1	1142	092
691	1	123	092
3040	23	3023	092
12528	23	12532	092
1143	15	4973	092
277	1	126	092
988	15	4986	092
1667	1	126	092
705	1	687	092
5176	15	4973	092
1346	1	1142	092
1428	1	126	092
3125	11	3118	092
2967	23	3007	092
2848	9	2733	092
104	1	107	092
947	1	123	092
8426	23	12511	092
5119	15	4985	092
2265	23	2982	092
950	1	148	092
6129	23	12508	092
1640	1	126	092
1563	1	123	092
2732	12	3195	092
8787	23	2975	092
7417	23	3023	092
6414	23	2935	092
6878	23	12520	092
1238	1	1210	092
1297	1	1210	092
265	1	126	092
6599	23	12547	092
1260	1	1210	092
1251	1	1210	092
802	1	123	092
4974	15	4973	092
138	1	126	092
1380	1	1142	092
1850	23	2951	092
697	1	698	092
784	1	785	092
6414	23	2935	092
716	1	148	092
3160	11	3098	092
1412	1	123	092
4568	23	2946	092
240	1	123	092
5126	15	4973	092
398	1	148	092
7570	23	12516	092
7136	23	2955	092
282	1	696	092
266	1	148	092
1517	1	148	092
1146	1	1142	092
3826	23	2996	092
1171	1	1142	092
2990	23	12502	092
5249	15	4973	092
8552	23	3023	092
1666	1	126	092
2925	23	2996	092
1854	23	2921	092
8943	23	12535	092
1360	1	1142	092
1293	1	1210	092
6529	23	2952	092
5128	15	4973	092
1453	15	4973	092
1626	1	126	092
1014	1	604	092
7195	23	12531	092
1256	1	129	092
8131	23	3030	092
406	1	408	092
5070	15	4973	092
6938	23	12543	092
1198	1	1142	092
1203	1	1142	092
609	1	419	092
161	1	163	092
706	1	708	092
438	1	135	092
5204	15	4973	092
1306	1	1210	092
1655	1	148	092
12545	23	2952	092
5277	15	4973	092
781	1	148	092
1186	1	1142	092
830	1	148	092
1489	1	123	092
2729	23	2966	092
997	1	123	093
7146	23	12532	093
5068	15	4973	093
447	1	126	093
1212	1	1210	093
3082	11	3083	093
1533	1	419	093
1365	1	1210	093
1278	1	1210	093
5005	15	4973	093
8787	23	2975	093
3134	11	3129	093
5267	15	4973	093
1419	1	123	093
8989	23	12508	093
12528	23	12532	093
5291	15	4973	093
1352	1	1142	093
5225	15	4973	093
1380	1	1142	093
3160	11	3098	093
1521	1	148	093
150	1	123	093
1453	1	419	093
9076	23	2968	093
6878	23	12520	093
716	1	148	093
3076	23	3077	093
8730	23	3026	093
6599	23	12547	093
266	1	148	093
219	15	4973	093
1154	1	1142	093
1667	1	126	093
5232	15	4973	093
1375	1	1142	093
1548	1	148	093
5231	15	4973	093
5264	15	4973	093
1246	1	1210	093
1267	1	1210	093
5146	15	4973	093
1637	6	1439	093
164	1	165	093
1497	1	163	093
7847	23	2966	093
308	1	165	093
12545	23	2951	093
5052	15	4973	093
5081	15	4973	093
4370	14	3710	093
1141	1	1142	093
1576	1	419	093
398	1	148	093
652	1	148	093
121	1	123	093
1540	1	148	093
5086	15	4973	093
5330	15	4973	093
5233	15	4973	093
8943	23	3023	093
5030	15	4973	093
8131	23	3030	093
5137	15	4973	093
6726	23	2966	093
4978	15	4973	093
9390	23	12511	093
3046	23	2928	093
6371	23	3023	093
5303	15	4973	093
1306	1	1210	093
999	1	123	093
1354	1	1142	093
1655	1	148	093
1262	1	1210	093
5117	15	4973	093
1205	1	1142	093
972	1	123	093
5357	15	4973	093
1410	1	123	093
5077	15	4973	093
5261	15	4973	093
4370	14	3710	093
3420	14	3423	093
1935	6	2012	093
3826	23	2996	093
971	1	148	093
8667	23	3023	093
1271	1	1210	093
209	1	148	093
1171	1	1142	093
3057	23	2946	093
1366	1	1142	093
6247	23	2935	093
3148	11	3120	093
5050	15	4973	093
6938	23	12543	093
3620	14	3423	093
1189	1	1142	093
1517	1	148	093
4054	14	3623	093
9018	23	3023	093
534	1	135	093
1186	1	1142	093
8552	23	3023	093
161	1	163	093
8943	23	2951	093
424	15	4986	093
1355	1	1142	093
1231	1	1210	093
5277	15	4973	093
2729	23	2966	093
3125	11	3118	093
4824	14	3710	093
5118	15	4973	093
432	1	148	094
1081	1	135	094
1382	1	1142	094
697	1	698	094
5302	15	4973	094
3420	14	3423	094
1313	1	1210	094
784	1	785	094
464	1	126	094
1491	1	126	094
950	1	148	094
1205	1	1142	094
450	1	148	094
273	1	126	094
6439	23	2956	094
8730	23	3026	094
1186	1	1142	094
1184	1	1142	094
5330	15	4973	094
5068	15	4973	094
1666	1	126	094
1533	1	419	094
135	1	137	094
1190	1	1142	094
1667	1	126	094
3084	11	3081	094
1102	1	148	094
1143	1	1142	094
703	1	704	094
1036	1	1027	094
1179	1	1142	094
1453	1	419	094
947	1	1033	094
1267	1	1210	094
2301	23	12535	094
1384	1	1210	094
968	1	408	094
1640	1	126	094
6878	23	2966	094
8552	23	3023	094
1354	1	1142	094
6414	23	2935	094
1083	1	123	094
1155	1	1142	094
609	1	419	094
8989	23	12508	094
6247	23	2935	094
1521	1	148	094
2732	12	3195	094
1274	1	1210	094
5126	15	4973	094
8667	23	3023	094
6247	23	2935	094
1149	1	1142	094
5326	15	4973	094
1410	1	123	094
1642	1	123	094
177	1	123	094
1426	1	135	094
9386	23	12511	094
1340	1	1210	094
5086	15	4973	094
3040	23	3023	094
476	1	148	094
3236	23	3023	094
9390	23	12511	094
315	1	123	094
367	1	123	094
3117	11	3098	094
2967	23	3007	094
1203	1	1142	094
8787	23	2975	094
770	1	126	094
138	1	126	094
573	15	5095	094
3064	23	12505	094
3076	23	12551	094
5357	15	4973	094
1314	1	1210	094
9070	23	2982	094
8204	23	2989	094
1238	1	1210	094
7687	23	12511	094
4974	15	4973	094
995	1	148	094
1078	1	123	094
1544	1	148	094
5283	15	4973	094
1038	1	148	094
3025	10	3026	094
1352	1	1142	094
1170	1	1142	094
1207	1	1142	094
462	1	126	094
9218	23	12508	094
1258	1	1210	094
854	1	135	094
3135	11	3136	094
164	15	4973	094
6726	23	2966	094
1350	1	1210	094
1669	1	419	095
1146	1	1142	095
3809	14	3810	095
2848	23	12523	095
1591	1	135	095
12528	23	12532	095
1352	1	1142	095
1637	6	1439	095
1171	1	1142	095
1528	1	126	095
5330	15	4973	095
6247	23	2935	095
6414	23	2935	095
1231	1	1210	095
3160	11	3098	095
1902	23	3074	095
398	1	148	095
1152	1	1142	095
273	1	126	095
219	15	4973	095
2294	23	12511	095
3082	11	3083	095
1140	1	148	095
573	1	574	095
5019	15	4973	095
1347	1	1142	095
1271	1	1210	095
652	1	148	095
5249	15	4973	095
703	1	704	095
5083	15	4973	095
8787	23	2975	095
432	1	148	095
164	15	4973	095
1406	1	1464	095
946	1	163	095
5232	15	4973	095
573	15	5095	095
754	1	126	095
802	1	123	095
1382	1	1142	095
146	1	123	095
5146	15	4973	095
6439	23	2956	095
947	1	975	095
5085	15	4973	095
4370	14	3710	095
2565	9	2566	095
7136	23	2955	095
1186	1	1142	095
5035	15	4973	095
1274	1	1210	095
5231	15	4973	095
1078	1	123	095
254	1	148	095
9306	23	12511	095
1497	1	163	095
7406	23	3023	095
6129	23	12508	095
266	1	148	095
1262	1	1210	095
5302	15	4973	095
1256	1	129	095
1453	15	4973	095
9076	23	2968	095
609	1	419	095
5264	15	4973	095
5068	15	4973	095
8943	23	3023	095
1414	1	123	095
643	1	126	095
264	15	4973	095
628	1	148	095
1216	1	1142	095
5253	15	4973	095
3084	11	3081	095
1181	1	1142	095
1470	1	135	095
4054	14	3623	095
1154	1	1142	095
1281	1	1210	095
1585	1	148	095
1251	1	1210	095
5137	15	4973	095
721	1	123	095
9294	23	12508	095
389	1	123	095
1317	1	1210	095
8692	23	12516	095
1160	1	1142	095
1661	1	126	095
1463	15	4986	095
138	15	4973	095
2925	23	2996	095
1415	1	148	095
5322	15	4986	095
1214	1	1210	095
744	1	163	095
5201	15	4973	095
2301	23	12535	095
8204	23	2989	095
240	1	123	095
1584	1	123	095
972	1	123	096
9018	23	3023	096
3057	23	2946	096
164	1	165	096
7079	23	12511	096
2301	23	12535	096
1340	1	1210	096
1326	1	1210	096
5052	15	4973	096
6936	23	12511	096
4984	15	4986	096
9227	23	12508	096
2732	12	3195	096
1389	1	1210	096
1102	1	148	096
5323	15	4973	096
5311	15	4973	096
1303	1	1210	096
1186	1	1142	096
135	1	137	096
5250	15	4973	096
83	1	84	096
5326	15	4973	096
5219	15	4973	096
1358	1	1142	096
5186	15	4973	096
7178	23	12511	096
1426	1	135	096
1585	1	148	096
1591	1	135	096
1661	1	126	096
3038	23	3039	096
254	1	148	096
2925	23	2996	096
1126	1	148	096
1380	1	1142	096
5119	15	4985	096
447	1	126	096
9063	23	3023	096
5277	15	4973	096
1414	1	123	096
716	1	148	096
4974	15	4973	096
1669	1	419	096
6938	23	12543	096
3082	11	3083	096
1428	1	126	096
1180	1	1142	096
352	15	4973	096
1576	1	419	096
9218	23	12508	096
1489	1	123	096
4441	14	3710	096
1350	1	1210	096
8943	23	3023	096
398	1	148	096
1584	1	123	096
997	1	123	096
1854	23	2921	096
145	1	123	096
3053	23	12505	096
1238	1	1210	096
1198	1	1142	096
5118	15	4973	096
5350	15	4973	096
1002	1	148	096
462	1	126	096
614	1	123	096
5050	15	4973	096
8730	23	3026	096
469	1	126	096
1171	15	4973	096
706	1	708	096
3064	23	12505	096
703	1	704	096
1411	1	163	096
802	1	123	096
3097	11	3098	096
825	1	123	096
1540	1	148	096
8499	23	12511	096
1406	1	1464	096
7146	23	12532	096
1850	23	2951	096
150	1	123	096
5070	15	4973	096
5005	15	4973	096
1359	1	1210	096
6529	23	3023	096
5233	15	4973	096
1366	1	1142	096
4568	23	2946	096
280	1	281	096
770	1	126	096
104	1	107	096
947	1	123	096
680	1	137	096
5086	15	4973	096
5085	15	4973	096
1078	1	123	096
434	1	123	096
5357	15	4973	096
350	1	163	096
6129	23	12508	096
1463	1	1464	096
468	1	126	096
5081	15	4973	096
1231	1	1210	096
988	15	4986	096
1491	1	126	096
6247	23	2935	096
2691	23	3023	096
1184	1	1142	096
1212	1	1210	096
476	1	148	096
1497	1	163	096
1033	1	1035	096
265	1	126	096
541	1	282	097
1665	1	126	097
1141	1	1142	097
3620	14	3423	097
1154	1	1142	097
6936	23	12511	097
2991	10	2992	097
1428	1	126	097
721	1	123	097
6726	23	2966	097
7406	23	3023	097
1262	1	1210	097
266	1	148	097
432	1	148	097
4824	14	3710	097
999	1	123	097
1463	15	4986	097
5313	15	4973	097
5118	15	4973	097
5081	15	4973	097
4370	14	3710	097
9218	23	12508	097
1267	1	1210	097
6938	23	12543	097
5249	15	4973	097
5291	15	4973	097
1256	1	129	097
5346	15	4986	097
703	1	704	097
464	1	126	097
1217	1	1142	097
5137	15	4973	097
4370	14	3710	097
4260	14	4261	097
1168	1	1142	097
394	1	148	097
602	1	604	097
280	1	281	097
5323	15	4973	097
2729	23	2935	097
1366	1	1142	097
8667	23	3023	097
1038	1	148	097
9051	23	12508	097
1171	1	1142	097
647	1	126	097
1384	1	1210	097
5085	15	4973	097
1411	1	163	097
7146	23	12532	097
1047	1	148	097
4978	15	4973	097
744	1	163	097
264	15	4973	097
1167	1	1142	097
1220	1	1210	097
104	1	107	097
2732	12	3195	097
1658	1	163	097
5296	15	4973	097
5175	15	4973	097
1353	1	1210	097
350	1	163	097
1152	1	1142	097
367	1	123	097
3790	14	4261	097
3826	23	2996	097
5219	15	4973	097
1268	1	1210	097
3066	23	12524	097
1340	1	1210	097
1539	1	148	097
7975	23	3023	097
5267	15	4973	097
5294	15	4973	097
145	1	123	097
534	1	135	097
447	1	126	097
5204	15	4973	097
685	1	687	097
311	1	148	097
1045	1	126	097
1585	1	706	097
467	1	126	097
1382	1	1142	097
8989	23	12508	097
1572	1	123	097
3040	23	3023	097
1140	1	148	097
988	15	4986	097
219	15	4973	097
655	1	419	097
1016	1	126	097
1637	6	1439	097
1189	1	1142	097
5007	15	4973	097
5126	15	4973	097
1365	1	1210	097
1640	1	126	097
6529	23	2952	097
282	1	696	097
4963	17	4312	097
5167	15	4973	097
817	1	148	097
458	15	4973	097
721	1	123	098
957	1	126	098
962	1	163	098
5219	15	4973	098
2729	23	2935	098
5101	15	4973	098
1260	1	1210	098
352	15	4973	098
1155	1	1142	098
1212	1	1210	098
386	1	148	098
988	15	4986	098
1033	1	1035	098
1081	1	135	098
3076	23	3077	098
5085	15	4973	098
367	1	123	098
1313	1	1210	098
1036	1	1027	098
273	1	126	098
5231	15	4973	098
8760	23	12508	098
1850	23	2951	098
3064	23	12505	098
3057	23	2946	098
1157	1	1142	098
2991	10	2992	098
3929	14	3822	098
1043	1	126	098
447	1	126	098
5281	15	4973	098
1143	1	1142	098
1298	1	1210	098
1542	1	148	098
9051	23	12508	098
1278	1	1210	098
685	1	687	098
1184	1	1142	098
2848	9	2733	098
5322	15	4986	098
6529	23	3023	098
8667	23	3023	098
628	1	148	098
1521	1	148	098
1558	1	148	098
1168	1	1142	098
1310	1	1210	098
394	1	148	098
971	1	148	098
1317	1	1210	098
1665	1	126	098
1297	1	1210	098
219	15	4973	098
1203	1	1142	098
1591	1	135	098
177	1	123	098
3097	11	3098	098
738	1	123	098
9390	23	12511	098
6936	23	12511	098
691	1	123	098
1470	1	135	098
150	1	123	098
5030	15	4973	098
406	1	408	098
1655	1	148	098
5283	15	4973	098
134	1	126	098
9236	23	12508	098
4260	14	4261	098
1548	1	148	098
9386	23	12511	098
7178	23	12511	098
138	15	4973	098
1217	1	1142	098
7975	23	3023	098
5208	15	4973	098
9294	23	12508	098
1410	1	123	098
138	1	126	098
6371	23	3023	098
462	1	126	098
705	1	687	098
450	1	148	098
8499	23	12511	098
8842	23	3023	098
995	1	148	098
164	1	165	098
1545	1	148	098
5254	15	4973	098
1353	1	1210	098
534	1	135	098
1850	23	2951	098
1039	1	1041	098
393	1	123	098
1356	1	1142	098
609	1	419	098
1514	1	148	098
266	1	148	098
602	1	604	098
946	1	163	098
1375	1	1142	098
1221	1	1210	098
8943	23	2951	098
240	1	123	098
468	1	126	098
1047	1	148	098
2691	23	3023	098
9386	23	12511	099
121	1	123	099
1375	1	1142	099
7687	23	12511	099
5086	15	4973	099
8779	23	2989	099
1637	6	1439	099
5302	15	4973	099
1521	1	148	099
691	1	123	099
673	1	948	099
968	1	408	099
5072	15	4973	099
1533	1	419	099
1340	1	1210	099
988	15	4986	099
1233	1	1210	099
1353	1	1210	099
385	1	148	099
280	1	283	099
4547	14	3450	099
4984	15	4986	099
1181	1	1142	099
1356	1	1142	099
1258	1	1210	099
3025	10	3026	099
145	1	123	099
1545	1	148	099
3826	23	2996	099
265	1	126	099
2848	23	12523	099
12528	23	12532	099
458	15	4973	099
1347	1	1142	099
1626	1	126	099
3057	23	2946	099
5350	15	4973	099
5006	15	4986	099
2301	23	12535	099
1016	1	126	099
1591	1	135	099
2991	10	2992	099
5225	15	4973	099
738	1	123	099
5068	15	4973	099
3236	23	12520	099
1414	1	123	099
6726	23	2966	099
468	1	126	099
9018	23	3023	099
5342	15	4973	099
2565	9	2566	099
203	1	123	099
1354	1	1142	099
1313	1	1210	099
1306	1	1210	099
219	15	4973	099
1157	1	1142	099
1463	1	1464	099
1203	1	1142	099
394	1	148	099
6599	23	12547	099
1406	15	4986	099
5077	15	4973	099
6938	23	12543	099
1667	1	126	099
280	1	282	099
3236	23	3023	099
947	1	123	099
406	1	408	099
367	1	123	099
6247	23	2935	099
5281	15	4973	099
770	1	126	099
8751	23	12508	099
1047	1	148	099
703	1	704	099
5277	15	4973	099
5117	15	4973	099
5226	15	4973	099
1902	23	3074	099
655	1	419	099
1143	15	4973	099
3135	11	3136	099
1281	1	1210	099
4370	14	3710	099
3620	14	3423	099
308	15	4973	099
4054	14	3623	099
1169	1	1142	099
1669	1	419	099
1026	1	1027	099
1170	1	1142	099
614	1	123	099
1248	1	1210	099
1517	1	148	099
1078	1	123	099
999	1	123	099
1544	1	148	099
1221	1	1210	100
4479	14	3948	100
972	1	123	100
277	1	126	100
3236	23	12520	100
1263	1	1210	100
1356	1	1142	100
6529	23	3023	100
5291	15	4973	100
8426	23	12511	100
3025	10	3026	100
1497	1	163	100
469	1	126	100
1521	1	148	100
1081	1	135	100
1190	1	1142	100
1453	1	419	100
1428	1	126	100
1170	1	1142	100
1359	1	1210	100
621	1	123	100
1198	1	1142	100
1548	1	148	100
5208	15	4973	100
5031	15	4973	100
3929	14	3822	100
7178	23	12511	100
1375	1	1142	100
5005	15	4973	100
1343	1	1210	100
1336	1	1210	100
3809	14	3810	100
5015	15	4973	100
2565	9	2566	100
770	1	126	100
11372	22	9589	100
1268	1	1210	100
781	1	148	100
716	1	148	100
1361	1	1142	100
1181	1	1142	100
385	1	148	100
4568	23	2946	100
3148	11	3120	100
2945	10	2946	100
5128	15	4973	100
5250	15	4973	100
1167	1	1142	100
1157	1	1142	100
5204	15	4973	100
9076	23	2968	100
177	1	123	100
1640	1	126	100
3134	11	3129	100
1415	1	148	100
280	1	283	100
1576	1	419	100
5350	15	4973	100
279	1	126	100
135	1	137	100
5323	15	4973	100
1585	1	706	100
971	1	148	100
3135	11	3136	100
5322	15	4986	100
5072	15	4973	100
1453	15	4973	100
947	1	148	100
1256	1	1210	100
1037	1	696	100
1002	1	148	100
1293	1	1210	100
947	1	975	100
1171	1	1142	100
1544	1	148	100
1184	1	1142	100
1584	1	123	100
1217	1	1142	100
3236	23	3023	100
8943	23	2951	100
1149	1	1142	100
6439	23	2956	100
1214	1	1210	100
1637	6	1439	100
784	1	785	100
1278	1	1210	100
8692	23	12516	100
5117	15	4973	100
5283	15	4973	100
825	1	123	100
1220	1	1210	100
164	1	165	100
1143	1	1142	100
5302	15	4973	100
999	1	123	100
398	1	148	100
264	15	4973	100
534	1	135	100
5035	15	4973	100
104	1	107	100
2732	12	3195	100
138	1	126	100
643	1	126	100
394	1	148	100
280	1	282	100
609	1	419	100
721	1	123	100
5326	15	4973	100
9390	23	12511	100
9070	23	2982	100
432	1	148	100
802	1	123	100
2848	23	12523	100
1406	15	4986	100
5007	15	4973	100
1426	1	135	100
1014	1	604	101
1038	1	148	101
8552	23	3023	101
4984	15	4986	101
1340	1	1210	101
1233	1	1210	101
971	1	148	101
972	1	123	101
744	1	163	101
1542	1	148	101
1297	1	1210	101
1637	6	1439	101
345	1	123	101
282	1	696	101
1935	6	2012	101
1366	1	1142	101
2294	23	12511	101
1392	1	1210	101
1359	1	1210	101
1350	1	1210	101
5086	15	4973	101
784	1	785	101
418	1	419	101
5019	15	4973	101
1165	1	1142	101
1313	1	1210	101
279	15	4973	101
1576	1	419	101
1348	1	1142	101
2691	23	2955	101
1374	1	1142	101
5267	15	4973	101
3084	11	3081	101
350	1	163	101
1081	1	135	101
5216	15	4973	101
5330	15	4973	101
3066	23	12524	101
6247	23	2935	101
273	1	126	101
947	1	148	101
655	1	419	101
458	1	126	101
1412	1	123	101
825	1	123	101
8730	23	3026	101
277	1	126	101
6414	23	2935	101
1033	1	1035	101
1354	1	1142	101
280	1	281	101
398	1	148	101
3076	23	3077	101
947	1	163	101
209	1	148	101
1265	1	1210	101
394	1	148	101
691	1	123	101
9227	23	12508	101
7687	23	12511	101
1154	1	1142	101
8989	23	12508	101
1384	1	1210	101
5083	15	4973	101
5050	15	4973	101
9386	23	12511	101
957	1	126	101
954	1	604	101
5278	15	4986	101
542	1	1029	101
1361	1	1142	101
5056	15	4973	101
1153	1	1142	101
5099	15	4973	101
5261	15	4973	101
1037	1	696	101
6973	23	2996	101
2565	9	2566	101
9680	22	9544	101
802	1	123	101
1517	1	148	101
8131	23	3030	101
386	1	148	101
1262	1	1210	101
968	1	408	101
2301	23	2951	101
1415	1	163	101
4054	14	4055	101
1410	1	123	101
1043	1	126	101
2729	23	2935	101
308	15	4973	101
1198	1	1142	101
5052	15	4973	101
781	1	148	101
5226	15	4973	101
2990	23	12502	101
703	1	704	101
1140	1	148	101
1083	1	123	101
962	1	163	101
5035	15	4973	101
5031	15	4973	101
1143	1	1142	101
950	1	148	101
947	1	123	101
1415	1	148	101
1152	1	1142	101
4963	17	4312	101
1850	23	2951	101
5254	15	4973	101
6878	23	12520	101
5351	15	4973	101
1220	1	1210	101
393	1	123	101
385	1	148	101
280	1	282	101
3790	14	4261	101
1463	15	4986	101
311	1	148	102
947	1	163	102
2729	23	2966	102
1310	1	1210	102
5283	15	4973	102
6599	23	12547	102
6371	23	3023	102
3084	11	3081	102
6529	23	3023	102
1156	1	1142	102
8692	23	12516	102
5231	15	4973	102
3236	23	3023	102
8667	23	3023	102
1016	1	126	102
1669	1	419	102
2991	10	2992	102
476	1	148	102
462	1	126	102
999	1	123	102
1002	1	148	102
1356	1	1142	102
761	1	123	102
8204	23	2989	102
458	15	4973	102
1489	1	123	102
6371	23	3023	102
1038	1	148	102
1217	1	1142	102
5009	15	4973	102
781	1	148	102
2990	23	12502	102
5137	15	4973	102
1414	1	123	102
5233	15	4973	102
1037	1	696	102
3064	23	12505	102
1501	1	148	102
5013	15	4973	102
265	1	126	102
3420	14	3423	102
467	1	126	102
1014	1	604	102
997	1	123	102
279	15	4973	102
643	1	126	102
1585	1	163	102
1220	1	1210	102
947	1	1033	102
1126	1	148	102
2848	9	2733	102
1298	1	1210	102
418	1	419	102
2852	23	2952	102
1492	1	126	102
5215	15	4973	102
3076	23	12551	102
655	1	419	102
468	1	126	102
1205	1	1142	102
2732	12	3195	102
1214	1	1210	102
1543	1	148	102
4370	14	3710	102
1180	1	1142	102
4963	17	4312	102
1491	1	126	102
5322	15	4986	102
5072	15	4973	102
614	1	123	102
3117	11	3098	102
587	1	126	102
5085	15	4973	102
1350	1	1210	102
2265	23	2982	102
231	1	123	102
8787	23	2975	102
240	1	123	102
1192	1	1142	102
308	15	4973	102
1645	1	126	102
6439	23	2956	102
1453	15	4973	102
8943	23	12535	102
1221	1	1210	102
5311	15	4973	102
947	1	123	102
1267	1	1210	102
1415	1	163	102
1258	1	1210	102
386	1	148	102
438	1	135	102
5294	15	4973	102
1140	1	148	102
1585	1	706	102
1463	1	1464	102
4054	14	4055	102
5083	15	4973	102
1026	1	1027	102
1336	1	1210	102
954	1	604	102
5052	15	4973	102
1216	1	1142	102
280	1	283	102
1655	1	148	102
4479	14	4399	102
3135	11	3136	102
950	1	148	102
1207	1	1142	102
8842	23	3023	102
5250	15	4973	102
1039	1	1041	102
5030	15	4973	102
2967	23	3007	102
3082	11	3083	102
1155	1	1142	102
6129	23	12508	102
1382	1	1142	102
6247	23	2935	102
2691	23	3023	102
1326	1	1210	102
7079	23	12511	102
1463	1	1464	103
5006	15	4986	103
972	1	123	103
254	1	148	103
1453	15	4973	103
1293	1	1210	103
1850	23	2951	103
1326	1	1210	103
5201	15	4973	103
1016	1	126	103
389	1	123	103
1263	1	1210	103
104	1	107	103
1365	1	1210	103
1217	1	1142	103
1948	15	5094	103
434	1	123	103
1256	1	129	103
2301	23	2951	103
1497	1	163	103
541	1	283	103
1850	23	2951	103
1375	1	1142	103
1171	15	4973	103
1038	1	148	103
1039	1	1041	103
8131	23	3030	103
1248	1	1210	103
279	15	4973	103
5186	15	4973	103
5050	15	4973	103
5302	15	4973	103
685	1	687	103
209	1	148	103
1389	1	1210	103
699	1	123	103
311	1	148	103
1149	1	1142	103
9401	23	12508	103
5281	15	4973	103
5350	15	4973	103
6129	23	12508	103
7790	23	12511	103
164	1	165	103
1207	1	1142	103
1317	1	1210	103
1346	1	1142	103
231	1	123	103
647	1	126	103
8204	23	2989	103
1036	1	1027	103
424	15	4986	103
1374	1	1142	103
1296	1	1210	103
1167	1	1142	103
4441	14	3710	103
9386	23	12511	103
1220	1	1210	103
2848	9	2733	103
1521	1	148	103
1271	1	1210	103
8751	23	12508	103
3620	14	3423	103
947	1	975	103
1563	1	123	103
1037	1	696	103
1154	1	1142	103
83	1	84	103
469	1	126	103
219	15	4973	103
673	1	948	103
5264	15	4973	103
146	1	123	103
1140	1	148	103
1156	1	1142	103
3236	23	12520	103
1491	1	126	103
5128	15	4973	103
9070	23	2982	103
1352	1	1142	103
5250	15	4973	103
1667	1	126	103
6439	23	12515	103
697	1	698	103
345	1	123	103
1231	1	1210	103
705	1	687	103
1539	1	148	103
1256	1	1210	103
761	1	123	103
6599	23	12547	103
1238	1	1210	103
4370	14	3710	103
1143	1	1142	103
5208	15	4973	103
5176	15	4973	103
968	1	408	103
1626	1	126	103
1350	1	1210	103
12528	23	12532	103
609	1	419	103
1170	1	1142	103
150	1	123	103
2265	23	2982	103
450	1	148	103
1356	1	1142	104
1410	1	123	104
1184	1	1142	104
1491	1	126	104
5056	15	4973	104
311	1	148	104
1343	1	1210	104
614	1	123	104
8204	23	2989	104
9018	23	3023	104
344	1	123	104
209	1	148	104
7178	23	12511	104
1948	15	5094	104
1543	1	148	104
2301	23	2951	104
1336	1	1210	104
1180	1	1142	104
5254	15	4973	104
4260	14	4261	104
5261	15	4973	104
5176	15	4973	104
4568	23	2946	104
9386	23	12511	104
7847	23	2966	104
134	1	126	104
280	1	282	104
647	1	126	104
1083	1	123	104
2848	23	12523	104
5085	15	4973	104
783	1	123	104
308	1	165	104
1198	1	1142	104
138	15	4973	104
1517	1	148	104
738	1	123	104
1585	1	706	104
282	1	696	104
1563	1	123	104
1626	1	126	104
1165	1	1142	104
3420	14	3423	104
1585	1	163	104
367	1	123	104
1179	1	1142	104
5119	15	4985	104
1667	1	126	104
2265	23	2982	104
219	15	4973	104
3125	11	3118	104
5264	15	4973	104
7195	23	12531	104
1014	1	604	104
1265	1	1210	104
1350	1	1210	104
1168	1	1142	104
621	1	123	104
1361	1	1142	104
3076	23	12551	104
1149	1	1142	104
464	1	126	104
6599	23	12547	104
699	1	123	104
5041	15	4986	104
8779	23	2989	104
1042	1	687	104
6878	23	12520	104
5233	15	4973	104
706	1	708	104
6247	23	2935	104
5351	15	4973	104
1354	1	1142	104
138	1	126	104
5072	15	4973	104
279	1	126	104
4978	15	4973	104
1347	1	1142	104
1854	23	2921	104
1140	1	148	104
950	1	148	104
9680	22	9544	104
462	1	126	104
9401	23	12508	104
418	1	419	104
1310	1	1210	104
1545	1	148	104
957	1	126	104
1078	1	123	104
1262	1	1210	104
5013	15	4973	104
685	1	687	104
12528	23	12532	104
265	1	126	104
5204	15	4973	104
4984	15	4986	104
3053	23	12505	104
2848	9	2733	104
5215	15	4973	104
1015	1	148	104
609	1	419	104
5126	15	4973	104
6529	23	3023	104
947	1	123	104
8943	23	3023	104
7406	23	3023	104
1160	1	1142	104
9227	23	12508	104
1081	1	135	104
5249	15	4973	104
3064	23	12505	104
5019	15	4973	104
5250	15	4973	104
2852	23	2952	104
5278	15	4986	105
5015	15	4973	105
3135	11	3136	105
1426	1	135	105
280	1	283	105
643	1	126	105
1667	1	126	105
4824	14	3710	105
1326	1	1210	105
7146	23	12532	105
1591	1	135	105
2729	23	2966	105
406	1	408	105
1642	1	123	105
352	15	4973	105
308	15	4973	105
5041	15	4986	105
5081	15	4973	105
6878	23	12520	105
997	1	123	105
5313	15	4973	105
447	1	126	105
3160	11	3098	105
4441	14	3710	105
5283	15	4973	105
947	1	975	105
5007	15	4973	105
3076	23	12551	105
1545	1	148	105
1126	1	148	105
5281	15	4973	105
1666	1	126	105
3620	14	3423	105
1572	1	123	105
9227	23	12508	105
5254	15	4973	105
946	1	163	105
177	1	123	105
5083	15	4973	105
11316	22	9589	105
1267	1	1210	105
5186	15	4973	105
5233	15	4973	105
1948	15	5094	105
104	1	107	105
5175	15	4973	105
1014	1	604	105
5272	15	4973	105
438	1	135	105
9306	23	12511	105
3420	14	3423	105
770	1	126	105
1510	1	123	105
1168	1	1142	105
394	1	148	105
947	1	163	105
1668	1	163	105
697	1	698	105
1489	1	123	105
9070	23	2982	105
4963	17	4312	105
8943	23	12535	105
1384	1	1210	105
2691	23	2955	105
1350	1	1210	105
8667	23	3023	105
1558	1	148	105
3040	23	3023	105
784	1	785	105
1047	1	148	105
1214	1	1210	105
3097	11	3098	105
3038	23	3039	105
1415	1	163	105
1281	1	1210	105
1180	1	1142	105
1221	1	1210	105
2925	23	2996	105
1517	1	148	105
6529	23	2952	105
8204	23	2989	105
3236	23	3023	105
1143	1	1142	105
1351	1	1210	105
781	1	148	105
1382	1	1142	105
573	1	574	105
5219	15	4973	105
1340	1	1210	105
972	1	123	105
1002	1	148	105
1297	1	1210	105
5350	15	4973	105
5035	15	4973	105
5109	15	5110	105
1365	1	1210	105
1626	1	126	105
219	15	4973	105
1156	1	1142	105
6599	23	12547	105
962	1	163	105
3057	23	2946	105
1935	6	2012	105
1358	1	1142	105
1366	1	1142	105
467	1	126	105
534	1	135	105
389	1	123	106
5099	15	4973	106
406	1	408	106
5219	15	4973	106
5176	15	4973	106
1293	1	1210	106
311	1	148	106
5031	15	4973	106
438	1	135	106
1453	1	419	106
7790	23	12511	106
1221	1	1210	106
5250	15	4973	106
5330	15	4973	106
947	1	975	106
997	1	123	106
424	15	4986	106
4547	14	3450	106
1375	1	1142	106
1343	1	1210	106
1419	1	123	106
240	1	123	106
1036	1	1027	106
1078	1	123	106
11316	22	9589	106
6414	23	2935	106
1146	1	1142	106
802	1	123	106
231	1	123	106
6726	23	2966	106
3082	11	3083	106
6247	23	2935	106
947	1	123	106
587	1	126	106
5277	15	4973	106
1153	1	1142	106
5005	15	4973	106
7975	23	2951	106
3064	23	12505	106
541	1	282	106
4974	15	4973	106
1083	1	123	106
1186	1	1142	106
4984	15	4986	106
164	15	4973	106
1238	1	1210	106
8943	23	12535	106
1271	1	1210	106
5253	15	4973	106
1548	1	148	106
1026	1	1027	106
1256	1	129	106
5226	15	4973	106
602	1	604	106
277	1	126	106
121	1	123	106
2945	14	3623	106
145	1	123	106
5083	15	4973	106
1203	1	1142	106
754	1	126	106
4479	14	4399	106
4824	14	3710	106
458	15	4973	106
1154	1	1142	106
5009	15	4973	106
5231	15	4973	106
6439	23	12515	106
1160	1	1142	106
5261	15	4973	106
7847	23	2966	106
146	1	123	106
1850	23	2951	106
1317	1	1210	106
6938	23	12543	106
4370	14	3710	106
1042	1	687	106
161	1	163	106
5101	15	4973	106
5126	15	4973	106
971	1	148	106
1380	1	1142	106
647	1	126	106
1303	1	1210	106
4568	23	2946	106
1258	1	1210	106
3097	11	3098	106
1126	1	148	106
1453	15	4973	106
3166	23	12532	106
254	1	148	106
1642	1	123	106
5013	15	4973	106
2945	10	2946	106
2729	23	2935	106
1661	1	126	106
8730	23	3026	107
1340	1	1210	107
1171	15	4973	107
673	1	948	107
691	1	123	107
389	1	123	107
1666	1	126	107
5006	15	4986	107
1655	1	148	107
464	1	126	107
1180	1	1142	107
1354	1	1142	107
5086	15	4973	107
12545	23	2952	107
6599	23	12547	107
9386	23	12511	107
367	1	123	107
11316	22	9589	107
1313	1	1210	107
1661	1	126	107
1534	1	123	107
1198	1	1142	107
6529	23	2952	107
386	1	148	107
1168	1	1142	107
783	1	123	107
1179	1	1142	107
9401	23	12508	107
138	15	4973	107
1497	1	163	107
424	15	4986	107
1083	1	123	107
280	1	283	107
6973	23	2996	107
5137	15	4973	107
957	1	126	107
1042	1	687	107
9076	23	2968	107
1406	15	4986	107
1591	1	135	107
3064	23	12505	107
8943	23	2951	107
1260	1	1210	107
2852	23	2952	107
6371	23	3023	107
161	1	163	107
3057	23	2946	107
7146	23	12532	107
145	1	123	107
1358	1	1142	107
1256	1	129	107
5031	15	4973	107
1268	1	1210	107
311	1	148	107
393	1	123	107
467	1	126	107
1548	1	148	107
1375	1	1142	107
121	1	123	107
781	1	148	107
1153	1	1142	107
1298	1	1210	107
647	1	126	107
1380	1	1142	107
754	1	126	107
1463	1	1464	107
2265	23	2982	107
5186	15	4973	107
542	1	1029	107
1181	1	1142	107
1528	1	126	107
712	1	163	107
602	1	604	107
4441	14	3710	107
6129	23	12508	107
1296	1	1210	107
1265	1	1210	107
5350	15	4973	107
5253	15	4973	107
1262	1	1210	107
1637	6	1439	107
8131	23	3030	107
972	1	123	107
1406	1	1464	107
1669	1	419	107
998	1	148	107
3125	11	3118	107
1217	1	1142	107
830	1	148	107
1410	1	123	107
5109	15	5110	107
643	1	126	107
744	1	163	107
8779	23	2989	107
254	1	148	107
1356	1	1142	107
1026	1	1027	107
4547	14	3450	107
3236	23	12520	107
1346	1	1142	107
5072	15	4973	107
802	1	123	107
1501	1	148	107
1238	1	1210	107
1314	1	1210	107
279	15	4973	107
1038	1	148	107
947	1	163	107
5303	15	4973	107
150	1	123	107
1353	1	1210	107
5219	15	4973	107
352	15	4973	107
5232	15	4973	107
946	1	163	108
1251	1	1210	108
83	1	84	108
947	1	148	108
754	1	126	108
712	1	163	108
1355	1	1142	108
5232	15	4973	108
1160	1	1142	108
783	1	123	108
1346	1	1142	108
4568	23	2946	108
854	1	135	108
5254	15	4973	108
1336	1	1210	108
1366	1	1142	108
5281	15	4973	108
467	1	126	108
8385	23	2982	108
1850	23	2951	108
5283	15	4973	108
5311	15	4973	108
1002	1	148	108
1468	1	604	108
2691	23	3023	108
5313	15	4973	108
744	1	163	108
1414	1	123	108
385	1	148	108
4974	15	4973	108
393	1	123	108
5351	15	4973	108
5099	15	4973	108
1141	1	1142	108
643	1	126	108
3826	23	2996	108
8751	23	12508	108
121	1	123	108
5009	15	4973	108
1348	1	1142	108
386	1	148	108
12545	23	2952	108
587	1	126	108
9401	23	12508	108
5128	15	4973	108
721	1	123	108
784	1	785	108
135	1	137	108
1246	1	1210	108
1358	1	1142	108
450	1	148	108
1081	1	135	108
1380	1	1142	108
1415	1	163	108
6726	23	2966	108
1015	1	148	108
1268	1	1210	108
5050	15	4973	108
1143	1	1142	108
5081	15	4973	108
1217	1	1142	108
2565	9	2566	108
7079	23	12511	108
1539	1	148	108
1563	1	123	108
1016	1	126	108
266	1	148	108
573	15	5095	108
770	1	126	108
1207	1	1142	108
4978	15	4973	108
1083	1	123	108
1406	15	4986	108
3828	14	3811	108
1389	1	1210	108
5086	15	4973	108
265	1	126	108
279	15	4973	108
1143	15	4973	108
1154	1	1142	108
1263	1	1210	108
8730	23	2951	108
3166	23	12532	108
280	1	282	108
1453	1	419	108
1278	1	1210	108
988	15	4986	108
1412	1	123	108
1360	1	1142	108
447	1	126	108
3135	11	3136	108
1267	1	1210	108
3076	23	3077	108
1293	1	1210	108
458	15	4973	108
1033	1	1035	108
1014	1	604	108
954	1	604	108
8426	23	12511	108
1489	1	123	108
1078	1	123	108
3790	14	4261	108
628	1	148	108
280	1	283	108
9063	23	3023	108
2848	9	2733	109
971	1	148	109
1850	23	2951	109
135	1	137	109
1157	1	1142	109
5005	15	4973	109
761	1	123	109
1392	1	1210	109
3076	23	12551	109
5056	15	4973	109
3620	14	3423	109
1274	1	1210	109
1343	1	1210	109
5233	15	4973	109
652	1	148	109
2852	23	2952	109
1463	1	1464	109
825	1	123	109
6129	23	12508	109
1126	1	148	109
587	1	126	109
697	1	698	109
177	1	123	109
738	1	123	109
5146	15	4973	109
744	1	163	109
1347	1	1142	109
308	1	165	109
3134	11	3129	109
1256	1	129	109
1238	1	1210	109
8787	23	2975	109
1293	1	1210	109
6726	23	2966	109
8131	23	3030	109
1374	1	1142	109
1412	1	123	109
950	1	148	109
462	1	126	109
434	1	123	109
9063	23	3023	109
1217	1	1142	109
273	1	126	109
1410	1	123	109
231	1	123	109
6247	23	2935	109
3064	23	12505	109
7570	23	12516	109
997	1	123	109
1640	1	126	109
1591	1	135	109
447	1	126	109
3420	14	3423	109
8842	23	3023	109
352	15	4973	109
5186	15	4973	109
1365	1	1210	109
5311	15	4973	109
1501	1	148	109
1353	1	1210	109
389	1	123	109
830	1	148	109
12528	23	12532	109
121	1	123	109
3053	23	12505	109
703	1	704	109
1340	1	1210	109
5175	15	4973	109
311	1	148	109
8943	23	2951	109
9306	23	12511	109
134	1	126	109
424	15	4986	109
393	1	123	109
145	1	123	109
6878	23	12520	109
5272	15	4973	109
1047	1	148	109
1205	1	1142	109
7975	23	2951	109
5296	15	4973	109
1078	1	123	109
5077	15	4973	109
1658	1	163	109
1539	1	148	109
1517	1	148	109
1542	1	148	109
458	1	126	109
1156	1	1142	109
5281	15	4973	109
367	1	123	109
1190	1	1142	109
1661	1	126	109
5277	15	4973	109
8943	23	12535	109
1468	1	604	109
1489	1	123	109
104	1	107	109
621	1	123	109
1642	1	123	109
9680	22	9544	109
5267	15	4973	109
781	1	148	109
1665	1	126	109
1453	15	4973	109
2990	23	12502	109
1262	1	1210	109
4260	14	4261	109
8204	23	2989	109
1655	1	148	110
738	1	123	110
1155	1	1142	110
6247	23	2935	110
280	1	282	110
7570	23	12516	110
386	1	148	110
1351	1	1210	110
1406	1	1464	110
1414	1	123	110
1463	1	1464	110
4963	17	4312	110
8943	23	2951	110
5311	15	4973	110
784	1	785	110
1043	1	126	110
4833	14	3810	110
587	1	126	110
1517	1	148	110
164	1	165	110
5085	15	4973	110
1392	1	1210	110
450	1	148	110
3117	11	3098	110
1415	1	163	110
1353	1	1210	110
4978	15	4973	110
1046	1	148	110
3790	14	4261	110
705	1	687	110
1212	1	1210	110
1203	1	1142	110
8989	23	12508	110
1036	1	1027	110
4984	15	4986	110
6599	23	12547	110
1033	1	1035	110
367	1	123	110
1293	1	1210	110
4568	23	2946	110
1666	1	126	110
614	1	123	110
8730	23	3026	110
573	1	574	110
954	1	604	110
5118	15	4973	110
1217	1	1142	110
5072	15	4973	110
1274	1	1210	110
5272	15	4973	110
4479	14	4480	110
972	1	123	110
6371	23	3023	110
1016	1	126	110
390	1	163	110
209	1	148	110
1419	1	123	110
1143	1	1142	110
802	1	123	110
7146	23	12532	110
5233	15	4973	110
240	1	123	110
5285	15	4973	110
1669	1	419	110
432	1	148	110
673	1	948	110
5146	15	4973	110
3134	11	3129	110
5313	15	4973	110
6129	23	12508	110
5050	15	4973	110
947	1	148	110
273	1	126	110
398	1	148	110
1539	1	148	110
1642	1	123	110
177	1	123	110
5249	15	4973	110
6414	23	2935	110
3066	23	2982	110
706	1	708	110
1143	15	4973	110
957	1	126	110
462	1	126	110
1365	1	1210	110
8552	23	3023	110
1181	1	1142	110
3082	11	3083	110
5093	15	5095	110
2991	10	2992	110
5099	15	4973	110
308	1	165	110
9070	23	2982	110
279	1	126	110
534	1	135	110
1303	1	1210	110
1380	1	1142	110
5342	15	4973	110
5204	15	4973	110
1205	1	1142	110
2729	23	2935	110
1014	1	604	110
3826	23	2996	110
345	1	123	110
1415	1	148	110
1260	1	1210	110
4054	14	3623	110
971	1	148	110
3809	14	3811	110
5219	15	4973	110
1591	1	135	110
950	1	148	110
3826	23	2996	111
5175	15	4973	111
1352	1	1142	111
1037	1	696	111
5346	15	4986	111
8779	23	2989	111
8943	23	2951	111
1251	1	1210	111
5261	15	4973	111
209	1	148	111
968	1	408	111
1047	1	148	111
738	1	123	111
8730	23	2951	111
280	1	283	111
5253	15	4973	111
830	1	148	111
1248	1	1210	111
5099	15	4973	111
1184	1	1142	111
5311	15	4973	111
998	1	148	111
3125	11	3118	111
467	1	126	111
1406	15	4986	111
203	1	123	111
5035	15	4973	111
5098	15	4986	111
5083	15	4973	111
1850	23	2951	111
4441	14	3710	111
1256	1	129	111
652	1	148	111
1414	1	123	111
673	1	948	111
1491	1	126	111
1517	1	148	111
8426	23	12511	111
705	1	687	111
5254	15	4973	111
802	1	123	111
266	1	148	111
1155	1	1142	111
7136	23	2955	111
138	15	4973	111
1014	1	604	111
4833	14	3810	111
1220	1	1210	111
1572	1	123	111
121	1	123	111
438	1	135	111
573	1	574	111
5283	15	4973	111
1514	1	148	111
954	1	604	111
5052	15	4973	111
5208	15	4973	111
7975	23	2951	111
5232	15	4973	111
1489	1	123	111
1558	1	148	111
1153	1	1142	111
1186	1	1142	111
1411	1	163	111
469	1	126	111
1171	1	1142	111
1642	1	123	111
1382	1	1142	111
1637	6	1439	111
279	15	4973	111
1540	1	148	111
1310	1	1210	111
1406	1	1464	111
161	1	163	111
5277	15	4973	111
1354	1	1142	111
1463	1	1464	111
784	1	785	111
643	1	126	111
1033	1	1035	111
389	1	123	111
345	1	123	111
5201	15	4973	111
3082	11	3083	111
685	1	687	111
5204	15	4973	111
5291	15	4973	111
3117	11	3098	111
1152	1	1142	111
273	1	126	111
5006	15	4986	111
5285	15	4973	111
1591	1	135	111
104	1	107	111
9076	23	2968	111
7570	23	12516	111
947	1	148	111
5056	15	4973	111
1296	1	1210	111
6878	23	12520	111
264	15	4973	111
7406	23	3023	111
254	1	148	111
434	1	123	111
8943	23	12535	111
1217	1	1142	111
5225	15	4973	111
424	15	4986	111
609	1	419	112
476	1	148	112
971	1	148	112
1233	1	1210	112
4441	14	3710	112
1497	1	163	112
5126	15	4973	112
5101	15	4973	112
5099	15	4973	112
3420	14	3423	112
161	1	163	112
1850	23	2951	112
1046	1	148	112
6973	23	2996	112
3809	14	3811	112
655	1	419	112
1262	1	1210	112
1171	1	1142	112
1168	1	1142	112
469	1	126	112
761	1	123	112
5030	15	4973	112
1360	1	1142	112
1380	1	1142	112
3160	11	3098	112
691	1	123	112
3082	11	3083	112
721	1	123	112
1002	1	148	112
1260	1	1210	112
1268	1	1210	112
643	1	126	112
1231	1	1210	112
406	1	408	112
957	1	126	112
5019	15	4973	112
2265	23	2982	112
2691	23	2955	112
352	15	4973	112
3053	23	12505	112
3066	23	12524	112
367	1	123	112
1246	1	1210	112
5250	15	4973	112
5146	15	4973	112
1948	15	5094	112
8787	23	2975	112
203	1	123	112
2732	12	3195	112
1207	1	1142	112
4873	14	3869	112
5303	15	4973	112
3166	23	12532	112
2301	23	2951	112
1214	1	1210	112
1548	1	148	112
5119	15	4985	112
4547	14	3450	112
345	1	123	112
5117	15	4973	112
5291	15	4973	112
1354	1	1142	112
1203	1	1142	112
1170	1	1142	112
1042	1	687	112
8552	23	3023	112
541	1	283	112
5072	15	4973	112
150	1	123	112
1167	1	1142	112
8760	23	12508	112
1352	1	1142	112
1576	1	419	112
424	15	4986	112
1336	1	1210	112
1155	1	1142	112
1026	1	1027	112
541	1	282	112
1306	1	1210	112
3929	14	3822	112
1468	1	604	112
9680	22	9544	112
1156	1	1142	112
5342	15	4973	112
1350	1	1210	112
5031	15	4973	112
1544	1	148	112
1850	23	2951	112
830	1	148	112
5070	15	4973	112
6439	23	2956	112
5085	15	4973	112
279	1	126	112
145	1	123	112
1267	1	1210	112
458	15	4973	112
1414	1	123	112
4974	15	4973	112
5128	15	4973	112
3084	11	3081	112
280	1	282	112
3076	23	12551	112
1160	1	1142	112
1406	1	1464	112
5285	15	4973	112
7195	23	12531	112
1078	1	123	112
5208	15	4973	112
1501	1	148	112
164	1	165	112
2848	23	12523	112
1165	1	1142	112
2925	23	2996	112
1033	1	1035	112
1314	1	1210	112
2990	23	12502	113
138	15	4973	113
6439	23	12515	113
6936	23	12511	113
1268	1	1210	113
462	1	126	113
8943	23	3023	113
367	1	123	113
6878	23	12520	113
177	1	123	113
1406	15	4986	113
1278	1	1210	113
1251	1	1210	113
1039	1	1041	113
1637	6	1439	113
1260	1	1210	113
1014	1	604	113
266	1	148	113
5006	15	4986	113
5083	15	4973	113
1037	1	696	113
5323	15	4973	113
1146	1	1142	113
1350	1	1210	113
1366	1	1142	113
1026	1	1027	113
947	1	148	113
1563	1	123	113
7687	23	12511	113
8751	23	12508	113
1149	1	1142	113
5146	15	4973	113
1212	1	1210	113
265	1	126	113
1143	15	4973	113
385	1	148	113
1645	1	126	113
4260	14	4261	113
273	1	126	113
9680	22	9544	113
219	15	4973	113
5283	15	4973	113
5215	15	4973	113
5052	15	4973	113
1047	1	148	113
6878	23	12520	113
1184	1	1142	113
5118	15	4973	113
1533	1	419	113
6371	23	3023	113
699	1	123	113
1313	1	1210	113
3166	23	12532	113
398	1	148	113
5311	15	4973	113
5137	15	4973	113
8787	23	2975	113
1152	1	1142	113
164	1	165	113
5313	15	4973	113
1640	1	126	113
5219	15	4973	113
6529	23	3023	113
9236	23	12508	113
8385	23	2982	113
6247	23	2935	113
947	1	163	113
541	1	282	113
6176	23	2566	113
5233	15	4973	113
6973	23	2996	113
8552	23	3023	113
6414	23	2935	113
2925	23	2996	113
744	1	163	113
1167	1	1142	113
1157	1	1142	113
614	1	123	113
5351	15	4973	113
706	1	708	113
308	15	4973	113
264	15	4973	113
5056	15	4973	113
5232	15	4973	113
1517	1	148	113
4873	14	3869	113
7178	23	12511	113
7136	23	2955	113
5068	15	4973	113
5225	15	4973	113
464	1	126	113
150	1	123	113
7570	23	12516	113
716	1	148	113
6414	23	2935	113
6529	23	2952	113
1256	1	129	113
5072	15	4973	113
2729	23	2935	113
3160	11	3098	113
9018	23	3023	113
1046	1	148	113
3064	23	12505	113
1463	15	4986	113
705	1	687	113
458	1	126	113
5346	15	4986	113
1489	1	123	114
6247	23	2935	114
1356	1	1142	114
1014	1	604	114
1392	1	1210	114
8552	23	3023	114
6371	23	3023	114
614	1	123	114
1584	1	123	114
784	1	785	114
542	1	1029	114
3038	23	3039	114
4479	14	4399	114
5313	15	4973	114
1037	1	696	114
5015	15	4973	114
8552	23	3023	114
947	1	1033	114
7195	23	12531	114
1406	1	1464	114
8730	23	2951	114
621	1	123	114
3148	11	3120	114
1517	1	148	114
7790	23	12511	114
3064	23	12505	114
1666	1	126	114
1310	1	1210	114
5351	15	4973	114
1016	1	126	114
264	15	4973	114
1220	1	1210	114
6414	23	2935	114
685	1	687	114
1303	1	1210	114
393	1	123	114
6599	23	12547	114
7975	23	3023	114
1348	1	1142	114
534	1	135	114
947	1	148	114
1258	1	1210	114
1542	1	148	114
1540	1	148	114
121	1	123	114
1415	1	163	114
3066	23	2982	114
7146	23	12532	114
1157	1	1142	114
390	1	163	114
1343	1	1210	114
1153	1	1142	114
389	1	123	114
721	1	123	114
1313	1	1210	114
2991	10	2992	114
3076	23	12551	114
1374	1	1142	114
706	1	708	114
1160	1	1142	114
1248	1	1210	114
5278	15	4986	114
697	1	698	114
1326	1	1210	114
6529	23	3023	114
5294	15	4973	114
802	1	123	114
8667	23	3023	114
4547	14	3450	114
7406	23	3023	114
5233	15	4973	114
1246	1	1210	114
1384	1	1210	114
1534	1	123	114
5031	15	4973	114
2691	23	2955	114
1645	1	126	114
5070	15	4973	114
1347	1	1142	114
1533	1	419	114
5225	15	4973	114
1238	1	1210	114
8499	23	12511	114
3420	14	3423	114
1047	1	148	114
5254	15	4973	114
541	1	282	114
5118	15	4973	114
5077	15	4973	114
1212	1	1210	114
1281	1	1210	114
6439	23	12515	114
447	1	126	114
5117	15	4973	114
1414	1	123	114
1171	1	1142	114
469	1	126	114
1171	15	4973	114
1168	1	1142	114
3057	23	2946	114
738	1	123	114
1412	1	123	114
1156	1	1142	114
1081	1	135	114
2729	23	2966	114
135	1	137	114
3046	23	2928	114
5176	15	4973	114
9018	23	3023	114
1207	1	1142	114
5052	15	4973	114
279	15	4973	114
5283	15	4973	114
972	1	123	115
6973	23	2996	115
5052	15	4973	115
8131	23	3030	115
1347	1	1142	115
1640	1	126	115
3084	11	3081	115
1346	1	1142	115
9051	23	12508	115
542	1	1029	115
1220	1	1210	115
947	1	148	115
6439	23	2956	115
5351	15	4973	115
1415	1	163	115
11316	22	9589	115
7146	23	12532	115
7417	23	3023	115
344	1	123	115
1540	1	148	115
1428	1	126	115
5035	15	4973	115
1190	1	1142	115
1406	1	1464	115
1539	1	148	115
2729	23	2935	115
6247	23	2935	115
1585	1	148	115
5208	15	4973	115
308	1	165	115
5098	15	4986	115
997	1	123	115
279	1	126	115
164	15	4973	115
4054	14	3623	115
161	1	163	115
7570	23	12516	115
781	1	148	115
1584	1	123	115
3053	23	12505	115
5118	15	4973	115
265	1	126	115
4824	14	3710	115
6936	23	12511	115
3057	23	2946	115
467	1	126	115
315	1	123	115
1492	1	126	115
1426	1	135	115
5072	15	4973	115
5303	15	4973	115
1298	1	1210	115
5175	15	4973	115
164	1	165	115
4978	15	4973	115
1126	1	148	115
5007	15	4973	115
1016	1	126	115
1231	1	1210	115
1267	1	1210	115
8943	23	12535	115
5137	15	4973	115
2301	23	12535	115
2967	23	3007	115
280	1	281	115
121	1	123	115
1510	1	123	115
83	1	84	115
424	15	4986	115
1340	1	1210	115
783	1	123	115
957	1	126	115
5231	15	4973	115
802	1	123	115
534	1	135	115
621	1	123	115
1352	1	1142	115
1642	1	123	115
5322	15	4986	115
1576	1	419	115
1171	1	1142	115
1355	1	1142	115
1238	1	1210	115
1356	1	1142	115
273	1	126	115
1002	1	148	115
2848	9	2733	115
1348	1	1142	115
1146	1	1142	115
5186	15	4973	115
5313	15	4973	115
5294	15	4973	115
5009	15	4973	115
1314	1	1210	116
3084	11	3081	116
9051	23	12508	116
1171	1	1142	116
705	1	687	116
1293	1	1210	116
458	15	4973	116
1649	1	148	116
802	1	123	116
345	1	123	116
104	1	107	116
1167	1	1142	116
1665	1	126	116
5056	15	4973	116
1037	1	696	116
2945	14	3623	116
1658	1	163	116
231	1	123	116
8385	23	2982	116
5070	15	4973	116
3066	23	2982	116
1038	1	148	116
3929	14	3821	116
1267	1	1210	116
1411	1	163	116
1149	1	1142	116
6936	23	12511	116
1268	1	1210	116
9386	23	12511	116
3790	14	4261	116
5272	15	4973	116
573	15	5095	116
1414	1	123	116
8426	23	12511	116
5077	15	4973	116
5322	15	4986	116
5285	15	4973	116
3076	23	12551	116
3420	14	3423	116
2691	23	2955	116
1359	1	1210	116
1143	15	4973	116
7178	23	12511	116
2848	23	12523	116
1016	1	126	116
697	1	698	116
971	1	148	116
1533	1	419	116
1343	1	1210	116
3038	23	3039	116
8943	23	3023	116
5086	15	4973	116
1521	1	148	116
1668	1	163	116
3053	23	12505	116
3828	14	3811	116
8131	23	3030	116
5119	15	4985	116
1348	1	1142	116
1517	1	148	116
2732	12	3195	116
8552	23	3023	116
1271	1	1210	116
3040	23	3023	116
5303	15	4973	116
5296	15	4973	116
8204	23	2989	116
1155	1	1142	116
655	1	419	116
1043	1	126	116
1585	1	148	116
1248	1	1210	116
643	1	126	116
8842	23	3023	116
9227	23	12508	116
6247	23	2935	116
1510	1	123	116
1238	1	1210	116
1340	1	1210	116
1045	1	126	116
957	1	126	116
3166	23	12532	116
1491	1	126	116
5294	15	4973	116
1548	1	148	116
145	1	123	116
5231	15	4973	116
754	1	126	116
1534	1	123	116
691	1	123	116
264	15	4973	116
1380	1	1142	116
972	1	123	116
947	1	148	116
1528	1	126	116
4873	14	3869	116
5357	15	4973	116
1317	1	1210	116
1212	1	1210	116
447	1	126	116
6529	23	2952	116
6529	23	3023	116
5302	15	4973	116
1265	1	1210	116
947	1	123	116
5250	15	4973	116
5109	15	5110	116
1585	1	163	116
254	1	148	116
1415	1	163	116
3160	11	3098	116
1026	1	1027	116
8730	23	2951	117
1045	1	126	117
647	1	126	117
5311	15	4973	117
1380	1	1142	117
6371	23	3023	117
643	1	126	117
4370	14	3710	117
4915	14	4917	117
1563	1	123	117
1310	1	1210	117
1038	1	148	117
1576	1	419	117
424	15	4986	117
12545	23	2951	117
3236	23	12520	117
1083	1	123	117
998	1	148	117
1514	1	148	117
1189	1	1142	117
6247	23	2935	117
1365	1	1210	117
11316	22	9589	117
1268	1	1210	117
5277	15	4973	117
1140	1	148	117
1262	1	1210	117
3053	23	12505	117
9236	23	12508	117
9306	23	12511	117
1389	1	1210	117
1346	1	1142	117
5137	15	4973	117
1293	1	1210	117
988	15	4986	117
781	1	148	117
5099	15	4973	117
1186	1	1142	117
2925	23	2996	117
6938	23	12543	117
5261	15	4973	117
6247	23	2935	117
1306	1	1210	117
1260	1	1210	117
5215	15	4973	117
1558	1	148	117
468	1	126	117
9386	23	12511	117
1102	1	148	117
680	1	137	117
691	1	123	117
6599	23	12547	117
947	1	123	117
9063	23	3023	117
1248	1	1210	117
438	1	135	117
467	1	126	117
705	1	687	117
146	1	123	117
2294	23	12511	117
3148	11	3120	117
5322	15	4986	117
5225	15	4973	117
3076	23	3077	117
5278	15	4986	117
1533	1	419	117
311	1	148	117
4370	14	3710	117
1168	1	1142	117
6878	23	12520	117
1658	1	163	117
1251	1	1210	117
8552	23	3023	117
450	1	148	117
6129	23	12508	117
1152	1	1142	117
1036	1	1027	117
1263	1	1210	117
5281	15	4973	117
784	1	785	117
5009	15	4973	117
1375	1	1142	117
5077	15	4973	117
1143	15	4973	117
1350	1	1210	117
573	1	574	117
5357	15	4973	117
1489	1	123	117
6878	23	2966	117
5350	15	4973	117
1233	1	1210	117
1146	1	1142	117
5101	15	4973	117
2967	23	3007	117
1343	1	1210	117
1374	1	1142	117
6439	23	12515	117
1426	1	135	117
587	1	126	117
534	1	135	117
8760	23	12508	117
1415	1	148	117
3134	11	3129	117
5031	15	4973	117
3236	23	3023	118
4702	14	4422	118
1358	1	1142	118
1298	1	1210	118
1453	15	4973	118
1043	1	126	118
464	1	126	118
1343	1	1210	118
1572	1	123	118
947	1	148	118
1140	1	148	118
1042	1	687	118
4943	14	4123	118
279	15	4973	118
1078	1	123	118
1558	1	148	118
6599	23	12547	118
424	15	4986	118
5019	15	4973	118
352	15	4973	118
5126	15	4973	118
9018	23	3023	118
1013	1	604	118
9236	23	12508	118
5201	15	4973	118
1167	1	1142	118
161	1	163	118
1350	1	1210	118
706	1	708	118
8779	23	2989	118
602	1	604	118
1045	1	126	118
9390	23	12511	118
988	15	4986	118
5052	15	4973	118
781	1	148	118
1361	1	1142	118
1366	1	1142	118
12545	23	2951	118
2848	23	12523	118
1126	1	148	118
6439	23	12515	118
1576	1	419	118
9051	23	12508	118
1584	1	123	118
5296	15	4973	118
1015	1	148	118
1543	1	148	118
1545	1	148	118
5175	15	4973	118
5323	15	4973	118
1203	1	1142	118
9070	23	2982	118
1220	1	1210	118
999	1	123	118
954	1	604	118
744	1	163	118
7975	23	3023	118
7178	23	12511	118
8131	23	3030	118
1233	1	1210	118
345	1	123	118
1214	1	1210	118
9680	22	9544	118
1668	1	163	118
1542	1	148	118
1146	1	1142	118
3942	14	3696	118
1669	1	419	118
1392	1	1210	118
3809	14	3810	118
4833	14	3811	118
1143	1	1142	118
11372	22	9589	118
1186	1	1142	118
1268	1	1210	118
541	1	282	118
4370	14	3710	118
699	1	123	118
6129	23	12508	118
406	1	408	118
367	1	123	118
4370	14	3710	118
5313	15	4973	118
4963	17	4312	118
1410	1	123	118
5083	15	4973	118
1591	1	135	118
1645	1	126	118
3064	23	12505	118
609	1	419	118
1303	1	1210	118
1497	1	163	118
2294	23	12511	118
398	1	148	118
4915	14	4917	118
279	1	126	118
1626	1	126	118
1850	23	2951	118
4054	14	3623	118
685	1	687	118
3790	14	4261	118
5081	15	4973	118
4547	14	3450	118
1428	1	126	118
2691	23	3023	118
1850	23	2951	118
1326	1	1210	118
1346	1	1142	118
738	1	123	118
1935	6	2012	118
138	1	126	118
754	1	126	118
1360	1	1142	118
265	1	126	118
5086	15	4973	118
995	1	148	118
1212	1	1210	119
971	1	148	119
4873	14	3869	119
1534	1	123	119
9680	22	9544	119
393	1	123	119
541	1	283	119
9401	23	12508	119
3066	23	12524	119
1353	1	1210	119
2852	23	2952	119
673	1	948	119
418	1	419	119
1347	1	1142	119
424	15	4986	119
5326	15	4973	119
1348	1	1142	119
5085	15	4973	119
1375	1	1142	119
121	1	123	119
5330	15	4973	119
1217	1	1142	119
712	1	163	119
1014	1	604	119
972	1	123	119
2945	14	3623	119
5098	15	4986	119
3135	11	3136	119
1238	1	1210	119
1281	1	1210	119
5225	15	4973	119
716	1	148	119
1374	1	1142	119
7146	23	12532	119
1661	1	126	119
1167	1	1142	119
1026	1	1027	119
697	1	698	119
5204	15	4973	119
8730	23	2951	119
2301	23	12535	119
1190	1	1142	119
1013	1	604	119
6726	23	2966	119
6599	23	12547	119
2732	14	4358	119
5342	15	4973	119
273	1	126	119
5285	15	4973	119
647	1	126	119
1038	1	148	119
9018	23	3023	119
406	1	408	119
1081	1	135	119
468	1	126	119
2990	23	12502	119
266	1	148	119
621	1	123	119
6371	23	3023	119
4370	14	3710	119
138	15	4973	119
1002	1	148	119
164	15	4973	119
1359	1	1210	119
6878	23	12520	119
150	1	123	119
1298	1	1210	119
1351	1	1210	119
1143	15	4973	119
1221	1	1210	119
12528	23	12532	119
9390	23	12511	119
308	1	165	119
2732	12	3195	119
1046	1	148	119
1126	1	148	119
3117	11	3098	119
12545	23	2951	119
1492	1	126	119
7178	23	12511	119
344	1	123	119
1171	1	1142	119
1258	1	1210	119
4963	17	4312	119
5176	15	4973	119
1267	1	1210	119
469	1	126	119
390	1	163	119
8552	23	3023	119
744	1	163	119
9227	23	12508	119
1389	1	1210	119
1303	1	1210	119
5031	15	4973	119
5249	15	4973	119
1528	1	126	119
1543	1	148	119
706	1	708	119
5215	15	4973	119
1016	1	126	119
6529	23	2952	119
1231	1	1210	119
5272	15	4973	119
345	1	123	120
8426	23	12511	120
1042	1	687	120
1649	1	148	120
8385	23	2982	120
3166	23	12532	120
161	1	163	120
4547	14	3450	120
1297	1	1210	120
1384	1	1210	120
5031	15	4973	120
6599	23	12547	120
458	1	126	120
5231	15	4973	120
2848	23	12523	120
7195	23	12531	120
8131	23	3030	120
121	1	123	120
3053	23	12505	120
468	1	126	120
817	1	148	120
280	1	282	120
5006	15	4986	120
3066	23	12524	120
1168	1	1142	120
972	1	123	120
350	1	163	120
1350	1	1210	120
219	15	4973	120
3097	11	3098	120
393	1	123	120
7790	23	12511	120
1169	1	1142	120
997	1	123	120
1380	1	1142	120
5007	15	4973	120
1392	1	1210	120
3942	14	3696	120
4260	14	4261	120
4824	14	3710	120
1902	23	3074	120
7079	23	12511	120
1186	1	1142	120
1281	1	1210	120
1258	1	1210	120
1198	1	1142	120
5357	15	4973	120
1492	1	126	120
2301	23	12535	120
1143	1	1142	120
1220	1	1210	120
3135	11	3136	120
8204	23	2989	120
4974	15	4973	120
7417	23	3023	120
770	1	126	120
1016	1	126	120
5186	15	4973	120
1414	1	123	120
3076	23	3077	120
8667	23	3023	120
5216	15	4973	120
754	1	126	120
3134	11	3129	120
1410	1	123	120
1039	1	1041	120
150	1	123	120
2729	23	2935	120
5081	15	4973	120
1585	1	706	120
3942	14	3696	120
6371	23	3023	120
697	1	698	120
5099	15	4973	120
146	1	123	120
1528	1	126	120
947	1	1033	120
12545	23	2951	120
308	15	4973	120
9294	23	12508	120
7975	23	3023	120
854	1	135	120
1428	1	126	120
5351	15	4973	120
2732	12	3195	120
947	1	148	120
1262	1	1210	120
9063	23	3023	120
699	1	123	120
308	1	165	120
5350	15	4973	120
1534	1	123	120
946	1	163	120
3420	14	3422	120
5052	15	4973	120
315	1	123	120
802	1	123	120
83	1	84	120
1489	1	123	120
5225	15	4973	120
1491	1	126	120
277	1	126	120
280	1	281	120
1584	1	123	120
5326	15	4973	120
705	1	687	120
957	1	126	120
3125	11	3118	120
6599	23	12547	120
2990	23	12502	120
138	1	126	120
5342	15	4973	121
1585	1	706	121
3097	11	3098	121
5303	15	4973	121
5052	15	4973	121
1468	1	604	121
5283	15	4973	121
424	15	4986	121
1414	1	123	121
1360	1	1142	121
83	1	84	121
8787	23	2975	121
1002	1	148	121
1572	1	123	121
9051	23	12508	121
5261	15	4973	121
1355	1	1142	121
1043	1	126	121
5167	15	4973	121
6599	23	12547	121
8842	23	3023	121
1221	1	1210	121
2691	23	2955	121
1268	1	1210	121
1038	1	148	121
7178	23	12511	121
1392	1	1210	121
3611	14	3612	121
1165	1	1142	121
1143	15	4973	121
573	1	574	121
2691	23	3023	121
1626	1	126	121
5357	15	4973	121
1036	1	1027	121
1645	1	126	121
389	1	123	121
1298	1	1210	121
716	1	148	121
1212	1	1210	121
4441	14	3710	121
311	1	148	121
1274	1	1210	121
3135	11	3136	121
1384	1	1210	121
1850	23	2951	121
6726	23	2966	121
1353	1	1210	121
1160	1	1142	121
1189	1	1142	121
5264	15	4973	121
6129	23	12508	121
4824	14	3710	121
265	1	126	121
3066	23	12524	121
1463	15	4986	121
240	1	123	121
9227	23	12508	121
9306	23	12511	121
1186	1	1142	121
1497	1	163	121
1380	1	1142	121
6878	23	2966	121
344	1	123	121
1146	1	1142	121
273	1	126	121
5267	15	4973	121
1293	1	1210	121
280	1	281	121
947	1	123	121
4974	15	4973	121
231	1	123	121
5128	15	4973	121
2729	23	2966	121
1463	1	1464	121
432	1	148	121
1152	1	1142	121
5233	15	4973	121
9401	23	12508	121
1256	1	1210	121
390	1	163	121
988	15	4986	121
1426	1	135	121
6176	23	2566	121
5232	15	4973	121
2945	14	3623	121
3040	23	3023	121
1533	1	419	121
8779	23	2989	121
4963	17	4312	121
5231	15	4973	121
628	1	148	121
1265	1	1210	121
5146	15	4973	121
1649	1	148	121
1354	1	1142	121
1854	23	2921	121
1410	1	123	121
254	1	148	121
1013	1	604	121
3125	11	3118	121
997	1	123	121
385	1	148	121
164	1	165	121
1180	1	1142	121
1310	1	1210	121
9390	23	12511	121
12528	23	12532	121
4426	14	3822	121
1375	1	1142	121
1231	1	1210	121
6599	23	12547	122
5041	15	4986	122
7079	23	12511	122
947	1	148	122
1326	1	1210	122
121	1	123	122
621	1	123	122
1501	1	148	122
5261	15	4973	122
2848	23	12523	122
647	1	126	122
1935	6	2012	122
5031	15	4973	122
1220	1	1210	122
1265	1	1210	122
5176	15	4973	122
5126	15	4973	122
279	1	126	122
1668	1	163	122
1293	1	1210	122
1155	1	1142	122
5351	15	4973	122
1669	1	419	122
3066	23	2982	122
406	1	408	122
279	15	4973	122
998	1	148	122
744	1	163	122
1246	1	1210	122
385	1	148	122
5128	15	4973	122
1281	1	1210	122
1126	1	148	122
1426	1	135	122
9236	23	12508	122
1043	1	126	122
1212	1	1210	122
1356	1	1142	122
781	1	148	122
7178	23	12511	122
308	1	165	122
138	1	126	122
9680	22	9544	122
3620	14	3423	122
587	1	126	122
458	1	126	122
467	1	126	122
9227	23	12508	122
1665	1	126	122
5086	15	4973	122
6414	23	2935	122
5285	15	4973	122
1412	1	123	122
6726	23	2966	122
2732	9	2733	122
6371	23	3023	122
783	1	123	122
311	1	148	122
1181	1	1142	122
164	1	165	122
458	15	4973	122
3160	11	3098	122
9018	23	3023	122
643	1	126	122
4915	14	4916	122
1375	1	1142	122
4260	14	4261	122
2301	23	2951	122
1167	1	1142	122
1317	1	1210	122
265	1	126	122
9063	23	3023	122
995	1	148	122
5254	15	4973	122
1340	1	1210	122
3125	11	3118	122
161	1	163	122
5357	15	4973	122
573	1	574	122
8943	23	12535	122
8426	23	12511	122
3057	23	2946	122
5311	15	4973	122
1046	1	148	122
5291	15	4973	122
3929	14	3821	122
468	1	126	122
146	1	123	122
254	1	148	122
541	1	282	122
8779	23	2989	122
5099	15	4973	122
2925	23	2996	122
1351	1	1210	122
968	1	408	122
5233	15	4973	122
393	1	123	122
1256	1	1210	122
1510	1	123	122
5005	15	4973	122
1296	1	1210	122
542	1	1029	122
2967	23	3007	122
1854	23	2921	122
1045	1	126	122
1262	1	1210	122
5085	15	4973	122
6649	23	3023	122
1585	1	148	122
5302	15	4973	122
9386	23	12511	122
3826	23	2996	122
1036	1	1027	122
1384	1	1210	122
1038	1	148	122
8385	23	3023	122
5330	15	4973	122
1410	1	123	122
1258	1	1210	122
280	1	282	122
282	1	696	122
988	15	4986	123
1256	1	1210	123
3620	14	3423	123
697	1	698	123
1078	1	123	123
1468	1	604	123
8131	23	3030	123
4370	14	3710	123
5085	15	4973	123
7790	23	12511	123
1543	1	148	123
367	1	123	123
4260	14	4261	123
7847	23	2966	123
5086	15	4973	123
7417	23	3023	123
8692	23	12516	123
1198	1	1142	123
1192	1	1142	123
8204	23	2989	123
5077	15	4973	123
1642	1	123	123
1585	1	706	123
699	1	123	123
1667	1	126	123
406	1	408	123
3790	14	4261	123
1542	1	148	123
691	1	123	123
83	1	84	123
469	1	126	123
1047	1	148	123
5322	15	4986	123
5201	15	4973	123
541	1	282	123
947	1	163	123
4568	23	2946	123
468	1	126	123
1406	15	4986	123
280	1	281	123
1171	1	1142	123
9018	23	3023	123
4943	14	3901	123
8385	23	2982	123
3053	23	12505	123
2925	23	2996	123
5109	15	5110	123
1343	1	1210	123
6439	23	12515	123
1039	1	1041	123
5007	15	4973	123
5281	15	4973	123
5019	15	4973	123
161	1	163	123
1306	1	1210	123
3160	11	3098	123
1026	1	1027	123
614	1	123	123
1366	1	1142	123
999	1	123	123
1189	1	1142	123
7406	23	3023	123
1415	1	148	123
1263	1	1210	123
1297	1	1210	123
1666	1	126	123
432	1	148	123
1314	1	1210	123
3611	14	3612	123
783	1	123	123
3097	11	3098	123
458	1	126	123
830	1	148	123
1046	1	148	123
1374	1	1142	123
1426	1	135	123
8385	23	3023	123
652	1	148	123
947	1	1033	123
5326	15	4973	123
1083	1	123	123
9051	23	12508	123
602	1	604	123
1038	1	148	123
9306	23	12511	123
8943	23	12535	123
12528	23	12532	123
1207	1	1142	123
947	1	148	123
1501	1	148	123
1313	1	1210	123
1545	1	148	123
3076	23	12551	123
3082	11	3083	123
1036	1	1027	123
5264	15	4973	123
6414	23	2935	123
1153	1	1142	123
308	15	4973	123
5030	15	4973	123
854	1	135	123
240	1	123	123
2729	23	2966	123
5330	15	4973	123
8842	23	3023	123
573	15	5095	123
134	1	126	123
1517	1	148	123
9401	23	12508	123
2301	23	2951	123
7195	23	12531	123
2848	23	12523	123
1356	1	1142	123
1274	1	1210	123
458	15	4973	123
2691	23	3023	123
1542	1	148	124
3066	23	12524	124
947	1	148	124
1406	1	1464	124
2967	23	3007	124
2191	14	4912	124
7146	23	12532	124
1384	1	1210	124
1146	1	1142	124
1343	1	1210	124
1317	1	1210	124
770	1	126	124
2925	23	2996	124
5005	15	4973	124
1902	23	3074	124
1414	1	123	124
1297	1	1210	124
5326	15	4973	124
8204	23	2989	124
1382	1	1142	124
4568	23	2946	124
3826	23	2996	124
1186	1	1142	124
5035	15	4973	124
1268	1	1210	124
7687	23	12511	124
5261	15	4973	124
5068	15	4973	124
1205	1	1142	124
1514	1	148	124
1143	1	1142	124
5099	15	4973	124
279	1	126	124
6649	23	3023	124
277	1	126	124
8692	23	12516	124
164	15	4973	124
1033	1	1035	124
1140	1	148	124
1389	1	1210	124
1665	1	126	124
8006	23	2949	124
5081	15	4973	124
1850	23	2951	124
8842	23	3023	124
1352	1	1142	124
542	1	1029	124
1168	1	1142	124
280	1	281	124
345	1	123	124
6599	23	12547	124
1392	1	1210	124
9294	23	12508	124
1359	1	1210	124
3076	23	3077	124
4370	14	3710	124
1585	1	706	124
968	1	408	124
5330	15	4973	124
5085	15	4973	124
947	1	1033	124
83	1	84	124
219	15	4973	124
1501	1	148	124
3134	11	3129	124
1154	1	1142	124
7790	23	12511	124
390	1	163	124
3076	23	12551	124
781	1	148	124
5041	15	4986	124
7178	23	12511	124
1167	1	1142	124
5226	15	4973	124
1521	1	148	124
398	1	148	124
1591	1	135	124
5267	15	4973	124
1361	1	1142	124
2729	23	2966	124
1354	1	1142	124
1350	1	1210	124
3064	23	12505	124
1374	1	1142	124
1453	15	4973	124
1281	1	1210	124
5128	15	4973	124
541	1	282	124
754	1	126	124
264	15	4973	124
4426	14	3822	124
6388	17	6389	124
344	1	123	124
458	15	4973	124
1655	1	148	124
3236	23	12520	124
5030	15	4973	124
1083	1	123	124
5357	15	4973	124
1497	1	163	124
1360	1	1142	124
962	1	163	124
150	1	123	124
1576	1	419	124
1198	1	1142	124
4547	14	3450	124
1854	23	2921	124
744	1	163	124
1258	1	1210	124
541	1	283	124
5117	15	4973	124
5007	15	4973	124
9070	23	2982	124
3790	14	4261	125
1220	1	1210	125
1102	1	148	125
121	1	123	125
1360	1	1142	125
135	1	137	125
6878	23	2966	125
450	1	148	125
706	1	708	125
1026	1	1027	125
6439	23	2956	125
1169	1	1142	125
4978	15	4973	125
5176	15	4973	125
5072	15	4973	125
1268	1	1210	125
432	1	148	125
1168	1	1142	125
1043	1	126	125
2265	23	2982	125
8943	23	3023	125
6649	23	3023	125
9227	23	12508	125
1078	1	123	125
680	1	137	125
418	1	419	125
647	1	126	125
968	1	408	125
1126	1	148	125
621	1	123	125
8499	23	12511	125
685	1	687	125
1463	15	4986	125
1212	1	1210	125
699	1	123	125
2691	23	3023	125
5098	15	4986	125
950	1	148	125
3236	23	12520	125
1217	1	1142	125
344	1	123	125
468	1	126	125
5007	15	4973	125
1039	1	1041	125
1533	1	419	125
5083	15	4973	125
3057	23	2946	125
1645	1	126	125
1453	15	4973	125
1256	1	1210	125
4441	14	3710	125
273	1	126	125
3929	14	3821	125
7570	23	12516	125
5226	15	4973	125
7195	23	12531	125
2848	23	12523	125
8131	23	3030	125
4054	14	3623	125
1248	1	1210	125
1274	1	1210	125
3066	23	2982	125
6878	23	12520	125
5278	15	4986	125
1542	1	148	125
1293	1	1210	125
5311	15	4973	125
1203	1	1142	125
282	1	696	125
311	1	148	125
8760	23	12508	125
3160	11	3098	125
6599	23	12547	125
1038	1	148	125
1313	1	1210	125
6247	23	2935	125
447	1	126	125
209	1	148	125
1585	1	706	125
1189	1	1142	125
1281	1	1210	125
1207	1	1142	125
1491	1	126	125
6414	23	2935	125
1263	1	1210	125
1233	1	1210	125
4389	14	4011	125
434	1	123	125
1157	1	1142	125
5068	15	4973	125
1358	1	1142	125
988	15	4986	125
1042	1	687	125
476	1	148	125
3084	11	3081	125
5005	15	4973	125
1303	1	1210	125
1356	1	1142	125
9018	23	3023	125
280	1	283	125
5253	15	4973	125
3135	11	3136	125
1384	1	1210	125
1083	1	123	125
12545	23	2952	125
7146	23	12532	125
254	1	148	125
1668	1	163	125
386	1	148	125
104	1	107	125
1375	1	1142	126
3826	23	2996	126
783	1	123	126
1186	1	1142	126
1169	1	1142	126
308	1	165	126
5126	15	4973	126
4370	14	3710	126
1317	1	1210	126
4547	14	3450	126
1350	1	1210	126
1528	1	126	126
9218	23	12508	126
8730	23	2951	126
1036	1	1027	126
4974	15	4973	126
134	1	126	126
5019	15	4973	126
1935	6	2012	126
5072	15	4973	126
1384	1	1210	126
7687	23	12511	126
231	1	123	126
1366	1	1142	126
541	1	282	126
5101	15	4973	126
1346	1	1142	126
1501	1	148	126
705	1	687	126
7417	23	3023	126
854	1	135	126
1180	1	1142	126
393	1	123	126
1510	1	123	126
3160	11	3098	126
7790	23	12511	126
282	1	696	126
1033	1	1035	126
5330	15	4973	126
1152	1	1142	126
4389	14	4011	126
1216	1	1142	126
3084	11	3081	126
1248	1	1210	126
138	15	4973	126
5175	15	4973	126
1415	1	148	126
164	1	165	126
5250	15	4973	126
721	1	123	126
476	1	148	126
1212	1	1210	126
1256	1	129	126
699	1	123	126
2945	14	3623	126
345	1	123	126
1645	1	126	126
1542	1	148	126
9306	23	12511	126
3066	23	2982	126
1669	1	419	126
2990	23	12502	126
6878	23	12520	126
1365	1	1210	126
999	1	123	126
8989	23	12508	126
5006	15	4986	126
1002	1	148	126
1102	1	148	126
135	1	137	126
1850	23	2951	126
5109	15	5110	126
5015	15	4973	126
468	1	126	126
1258	1	1210	126
3135	11	3136	126
1171	1	1142	126
5323	15	4973	126
8667	23	3023	126
1181	1	1142	126
4504	14	3937	126
754	1	126	126
1668	1	163	126
770	1	126	126
7975	23	2951	126
1585	1	706	126
12545	23	2952	126
1026	1	1027	126
3040	23	3023	126
1016	1	126	126
1347	1	1142	126
462	1	126	126
1140	1	148	126
6878	23	12520	126
2848	9	2733	126
7975	23	3023	126
1156	1	1142	126
469	1	126	126
830	1	148	126
6938	23	12543	126
972	1	123	126
1355	1	1142	126
1083	1	123	126
5098	15	4986	126
8943	23	2951	126
968	1	408	126
434	1	123	126
4915	14	4917	126
1039	1	1041	126
5285	15	4973	126
1260	1	1210	126
1246	1	1210	126
5294	15	4973	126
5216	15	4973	126
394	1	148	127
5175	15	4973	127
1256	1	129	127
308	1	165	127
6439	23	12515	127
680	1	137	127
8385	23	3023	127
1171	15	4973	127
6439	23	2956	127
1667	1	126	127
1260	1	1210	127
1293	1	1210	127
1637	6	1439	127
997	1	123	127
5167	15	4973	127
2925	23	2996	127
352	15	4973	127
712	1	163	127
5313	15	4973	127
1359	1	1210	127
1246	1	1210	127
1558	1	148	127
6371	23	3023	127
3943	14	3696	127
962	1	163	127
1317	1	1210	127
8779	23	2989	127
5351	15	4973	127
744	1	163	127
6878	23	12520	127
1248	1	1210	127
5342	15	4973	127
1389	1	1210	127
4260	14	4261	127
1576	1	419	127
5302	15	4973	127
5050	15	4973	127
1203	1	1142	127
1180	1	1142	127
2732	9	2733	127
3236	23	3023	127
1278	1	1210	127
177	1	123	127
5326	15	4973	127
1585	1	163	127
854	1	135	127
418	1	419	127
9070	23	2982	127
5208	15	4973	127
5219	15	4973	127
1544	1	148	127
1935	6	2012	127
1366	1	1142	127
5226	15	4973	127
8552	23	3023	127
817	1	148	127
1081	1	135	127
6599	23	12547	127
7406	23	3023	127
5233	15	4973	127
1002	1	148	127
2729	23	2935	127
5109	15	5110	127
1382	1	1142	127
1083	1	123	127
2265	23	2982	127
6938	23	12543	127
716	1	148	127
1358	1	1142	127
5186	15	4973	127
8006	23	2949	127
135	1	137	127
1514	1	148	127
5117	15	4973	127
6247	23	2935	127
2729	23	2966	127
389	1	123	127
721	1	123	127
1192	1	1142	127
1042	1	687	127
1014	1	604	127
1141	1	1142	127
5296	15	4973	127
1313	1	1210	127
1463	1	1464	127
1463	15	4986	127
3066	23	12524	127
781	1	148	127
825	1	123	127
1190	1	1142	127
8667	23	3023	127
311	1	148	127
1281	1	1210	127
83	1	84	127
2691	23	2955	127
5204	15	4973	127
1661	1	126	127
1268	1	1210	127
1491	1	126	127
279	15	4973	127
5250	15	4973	127
3236	23	12520	127
7975	23	2951	127
3117	11	3098	127
1353	1	1210	127
1380	1	1142	127
8730	23	2951	127
6973	23	2996	127
1415	1	163	127
5261	15	4973	127
3097	11	3098	127
1220	1	1210	127
761	1	123	127
5015	15	4973	127
1016	1	126	127
2691	23	3023	127
1078	1	123	127
1453	1	419	127
5201	15	4973	127
655	1	419	128
5201	15	4973	128
1497	1	163	128
1102	1	148	128
3134	11	3129	128
389	1	123	128
1584	1	123	128
7417	23	3023	128
9227	23	12508	128
1169	1	1142	128
134	1	126	128
5232	15	4973	128
2967	23	3007	128
573	15	5095	128
5226	15	4973	128
802	1	123	128
4307	14	4308	128
1156	1	1142	128
3826	23	2996	128
1043	1	126	128
3620	14	3423	128
1649	1	148	128
1039	1	1041	128
754	1	126	128
386	1	148	128
1258	1	1210	128
3097	11	3098	128
6938	23	12543	128
2732	12	3195	128
1203	1	1142	128
1168	1	1142	128
6878	23	12520	128
9018	23	3023	128
1260	1	1210	128
947	1	163	128
1534	1	123	128
164	1	165	128
5322	15	4986	128
5137	15	4973	128
5291	15	4973	128
7146	23	12532	128
825	1	123	128
9390	23	12511	128
1854	23	2921	128
1171	15	4973	128
4963	17	4312	128
2301	23	2951	128
972	1	123	128
1271	1	1210	128
706	1	708	128
7406	23	3023	128
1146	1	1142	128
145	1	123	128
4504	14	3937	128
1642	1	123	128
438	1	135	128
5311	15	4973	128
1426	1	135	128
1351	1	1210	128
1352	1	1142	128
308	1	165	128
5254	15	4973	128
5278	15	4986	128
1038	1	148	128
9401	23	12508	128
5283	15	4973	128
5118	15	4973	128
1171	1	1142	128
950	1	148	128
308	15	4973	128
6599	23	12547	128
2732	14	4358	128
3929	14	3821	128
712	1	163	128
5357	15	4973	128
1170	1	1142	128
11316	22	9589	128
1212	1	1210	128
1533	1	419	128
7847	23	2966	128
1640	1	126	128
1297	1	1210	128
854	1	135	128
1263	1	1210	128
3057	23	2946	128
6599	23	12547	128
680	1	137	128
5186	15	4973	128
587	1	126	128
1545	1	148	128
4984	15	4986	128
1355	1	1142	128
6878	23	2966	128
5225	15	4973	128
1410	1	123	128
1384	1	1210	128
1463	15	4986	128
4547	14	3450	128
277	1	126	128
4978	15	4973	128
5050	15	4973	128
988	15	4986	128
1361	1	1142	128
5101	15	4973	128
6247	23	2935	128
1181	1	1142	128
2691	23	2955	128
5215	15	4973	128
1126	1	148	128
962	1	163	128
280	1	281	128
390	1	163	128
1666	1	126	128
3790	14	4261	128
1375	1	1142	129
161	1	163	129
6726	23	2966	129
5342	15	4973	129
1310	1	1210	129
7417	23	3023	129
1343	1	1210	129
469	1	126	129
5072	15	4973	129
6247	23	2935	129
5005	15	4973	129
282	1	696	129
3125	11	3118	129
699	1	123	129
1256	1	129	129
6878	23	12520	129
680	1	137	129
703	1	704	129
5231	15	4973	129
1152	1	1142	129
1157	1	1142	129
1038	1	148	129
11372	22	9589	129
4978	15	4973	129
1497	1	163	129
5052	15	4973	129
1153	1	1142	129
3076	23	12551	129
5357	15	4973	129
1016	1	126	129
825	1	123	129
1661	1	126	129
1863	9	2672	129
4943	14	3697	129
1314	1	1210	129
9218	23	12508	129
3064	23	12505	129
2301	23	12535	129
1453	15	4973	129
5109	15	5110	129
5128	15	4973	129
2732	12	3195	129
5281	15	4973	129
12528	23	12532	129
1351	1	1210	129
5250	15	4973	129
1366	1	1142	129
1140	1	148	129
394	1	148	129
1585	1	148	129
1585	1	706	129
754	1	126	129
164	15	4973	129
1046	1	148	129
5101	15	4973	129
1528	1	126	129
2925	23	2996	129
5216	15	4973	129
6599	23	12547	129
1854	23	2921	129
5311	15	4973	129
5277	15	4973	129
8760	23	12508	129
1558	1	148	129
1179	1	1142	129
1238	1	1210	129
1491	1	126	129
6439	23	12515	129
1298	1	1210	129
744	1	163	129
5117	15	4973	129
1356	1	1142	129
1281	1	1210	129
609	1	419	129
1347	1	1142	129
1667	1	126	129
5118	15	4973	129
7195	23	12531	129
8385	23	3023	129
1042	1	687	129
3135	11	3136	129
1463	15	4986	129
254	1	148	129
9070	23	2982	129
783	1	123	129
8131	23	3030	129
1365	1	1210	129
997	1	123	129
1384	1	1210	129
1169	1	1142	129
1374	1	1142	129
1935	6	2012	129
8552	23	3023	129
264	15	4973	129
5283	15	4973	129
1426	1	135	129
3236	23	3023	129
145	1	123	129
273	1	126	129
781	1	148	129
1850	23	2951	129
1534	1	123	129
1192	1	1142	129
1336	1	1210	129
1078	1	123	129
541	1	283	129
1543	1	148	129
716	1	148	129
3097	11	3098	129
817	1	148	130
1033	1	1035	130
1491	1	126	130
438	1	135	130
4568	23	2946	130
254	1	148	130
1184	1	1142	130
738	1	123	130
1169	1	1142	130
1143	1	1142	130
1412	1	123	130
971	1	148	130
1645	1	126	130
1558	1	148	130
4260	14	4261	130
1205	1	1142	130
3084	11	3081	130
1543	1	148	130
280	1	282	130
995	1	148	130
1453	15	4973	130
2848	23	12523	130
602	1	604	130
6529	23	3023	130
998	1	148	130
573	15	5095	130
947	1	123	130
3117	11	3098	130
542	1	1029	130
1374	1	1142	130
1140	1	148	130
467	1	126	130
1528	1	126	130
5283	15	4973	130
231	1	123	130
1262	1	1210	130
345	1	123	130
8131	23	3030	130
2729	23	2966	130
12545	23	2952	130
4889	14	3810	130
1534	1	123	130
1585	1	163	130
946	1	163	130
1258	1	1210	130
5072	15	4973	130
265	1	126	130
6599	23	12547	130
462	1	126	130
3076	23	12551	130
1353	1	1210	130
6439	23	12515	130
1141	1	1142	130
5146	15	4973	130
1168	1	1142	130
424	15	4986	130
394	1	148	130
5015	15	4973	130
3064	23	12505	130
3236	23	12520	130
1359	1	1210	130
12528	23	12532	130
3166	23	12532	130
1231	1	1210	130
9386	23	12511	130
1014	1	604	130
3053	23	12505	130
947	1	1033	130
12279	22	9558	130
5232	15	4973	130
138	15	4973	130
2967	23	3007	130
5253	15	4973	130
1419	1	123	130
1415	1	148	130
1380	1	1142	130
1156	1	1142	130
1415	1	163	130
4984	15	4986	130
1384	1	1210	130
1669	1	419	130
386	1	148	130
1640	1	126	130
8552	23	3023	130
957	1	126	130
3038	23	3039	130
1102	1	148	130
673	1	948	130
6371	23	3023	130
1389	1	1210	130
311	1	148	130
705	1	687	130
1233	1	1210	130
5030	15	4973	130
12545	23	2951	130
1428	1	126	130
138	1	126	130
1361	1	1142	130
5086	15	4973	130
1453	1	419	130
7195	23	12531	130
5070	15	4973	130
1013	1	604	130
2848	9	2733	130
5226	15	4973	130
1256	1	1210	130
5117	15	4973	130
3166	23	12532	131
6129	23	12508	131
1326	1	1210	131
6936	23	12511	131
5281	15	4973	131
1026	1	1027	131
386	1	148	131
83	1	809	131
7079	23	12511	131
1585	1	706	131
6529	23	2952	131
1470	1	135	131
971	1	148	131
770	1	126	131
643	1	126	131
1863	9	2672	131
947	1	123	131
3082	11	3083	131
264	15	4973	131
4978	15	4973	131
1265	1	1210	131
1016	1	126	131
1192	1	1142	131
1642	1	123	131
432	1	148	131
5215	15	4973	131
280	1	281	131
3066	23	2982	131
1317	1	1210	131
7790	23	12511	131
5128	15	4973	131
9236	23	12508	131
1002	1	148	131
6439	23	2956	131
424	15	4986	131
1514	1	148	131
352	15	4973	131
1346	1	1142	131
1667	1	126	131
8667	23	3023	131
1850	23	2951	131
1216	1	1142	131
1278	1	1210	131
5303	15	4973	131
1463	15	4986	131
1359	1	1210	131
280	1	283	131
3038	23	3039	131
1558	1	148	131
1352	1	1142	131
203	1	123	131
697	1	698	131
784	1	785	131
754	1	126	131
6599	23	12547	131
3929	14	3821	131
7136	23	2955	131
1141	1	1142	131
3620	14	3609	131
6938	23	12543	131
1540	1	148	131
5146	15	4973	131
1539	1	148	131
1584	1	123	131
3160	11	3098	131
1212	1	1210	131
3076	23	3077	131
467	1	126	131
5313	15	4973	131
1313	1	1210	131
1935	6	2012	131
5277	15	4973	131
4824	14	3710	131
1171	1	1142	131
367	1	123	131
628	1	148	131
4370	14	3710	131
5342	15	4973	131
3125	11	3118	131
2191	14	4912	131
2925	23	2996	131
5126	15	4973	131
972	1	123	131
1389	1	1210	131
1366	1	1142	131
4441	14	3710	131
1645	1	126	131
177	1	123	131
1043	1	126	131
6247	23	2935	131
2848	9	2733	131
1343	1	1210	131
5249	15	4973	131
587	1	126	131
1463	1	1464	131
164	15	4973	131
1171	15	4973	131
5253	15	4973	131
5052	15	4973	131
1198	1	1142	131
1271	1	1210	131
542	1	1029	131
447	1	126	131
5099	15	4973	131
691	1	123	131
962	1	163	131
3135	11	3136	131
1545	1	148	131
5083	15	4973	131
2990	23	12502	131
2991	10	2992	131
279	1	126	131
5068	15	4973	131
2294	23	12511	131
5225	15	4973	131
9218	23	12508	131
5041	15	4986	131
3790	14	4261	131
1306	1	1210	131
1854	23	2921	131
5019	15	4973	131
1220	1	1210	132
1002	1	148	132
2729	23	2935	132
1411	1	163	132
1533	1	419	132
1666	1	126	132
854	1	135	132
3236	23	3023	132
3620	14	3609	132
1168	1	1142	132
277	1	126	132
1267	1	1210	132
273	1	126	132
164	1	165	132
1260	1	1210	132
703	1	704	132
1347	1	1142	132
1355	1	1142	132
1637	6	1439	132
5077	15	4973	132
1667	1	126	132
1265	1	1210	132
1576	1	419	132
947	1	1033	132
1171	1	1142	132
1585	1	706	132
1470	1	135	132
464	1	126	132
280	1	282	132
240	1	123	132
4777	14	4734	132
1216	1	1142	132
1669	1	419	132
1563	1	123	132
1192	1	1142	132
9070	23	2982	132
4915	14	4917	132
315	1	123	132
138	15	4973	132
5005	15	4973	132
5303	15	4973	132
1415	1	148	132
5285	15	4973	132
6371	23	3023	132
1169	1	1142	132
1414	1	123	132
5050	15	4973	132
8989	23	12508	132
6878	23	2966	132
999	1	123	132
5030	15	4973	132
7079	23	12511	132
3236	23	12520	132
135	1	137	132
434	1	123	132
6936	23	12511	132
1293	1	1210	132
1246	1	1210	132
1313	1	1210	132
647	1	126	132
476	1	148	132
5278	15	4986	132
573	15	5095	132
5126	15	4973	132
4889	14	3810	132
3046	23	2928	132
164	15	4973	132
265	1	126	132
1263	1	1210	132
5118	15	4973	132
5085	15	4973	132
1359	1	1210	132
1167	1	1142	132
6599	23	12547	132
4370	14	3710	132
1510	1	123	132
5267	15	4973	132
1013	1	604	132
1083	1	123	132
685	1	687	132
1489	1	123	132
4963	17	4312	132
1640	1	126	132
5117	15	4973	132
5351	15	4973	132
438	1	135	132
1160	1	1142	132
5019	15	4973	132
254	1	148	132
1384	1	1210	132
1668	1	163	132
1296	1	1210	132
8006	23	2949	132
1170	1	1142	132
691	1	123	132
2990	23	12502	132
5226	15	4973	132
1214	1	1210	132
1152	1	1142	132
1033	1	1035	132
398	1	148	132
602	1	604	132
1558	1	148	132
145	1	123	132
5342	15	4973	132
1902	23	3074	132
5101	15	4973	132
1540	1	148	132
308	15	4973	132
6938	23	12543	132
1382	1	1142	132
1153	1	1142	132
1037	1	696	132
1375	1	1142	132
770	1	126	132
5031	15	4973	132
3790	14	4261	132
6439	23	12515	132
5296	15	4973	132
1406	1	1464	132
1645	1	126	132
1314	1	1210	132
1268	1	1210	132
8751	23	12508	132
1184	1	1142	133
11316	22	9589	133
3166	23	12532	133
7570	23	12516	133
761	1	123	133
1042	1	687	133
947	1	1033	133
161	1	163	133
1521	1	148	133
385	1	148	133
1271	1	1210	133
8499	23	12511	133
1238	1	1210	133
534	1	135	133
1155	1	1142	133
6371	23	3023	133
5291	15	4973	133
3084	11	3081	133
1545	1	148	133
164	1	165	133
1669	1	419	133
950	1	148	133
9401	23	12508	133
6371	23	3023	133
5267	15	4973	133
1406	15	4986	133
1563	1	123	133
1414	1	123	133
164	15	4973	133
972	1	123	133
1154	1	1142	133
825	1	123	133
150	1	123	133
1262	1	1210	133
1026	1	1027	133
1314	1	1210	133
602	1	604	133
5208	15	4973	133
1143	15	4973	133
1360	1	1142	133
643	1	126	133
2294	23	12511	133
7195	23	12531	133
1198	1	1142	133
1380	1	1142	133
3066	23	12524	133
1326	1	1210	133
1406	1	1464	133
647	1	126	133
1353	1	1210	133
9306	23	12511	133
219	15	4973	133
8842	23	3023	133
1180	1	1142	133
5098	15	4986	133
1453	15	4973	133
1336	1	1210	133
1412	1	123	133
5119	15	4985	133
3038	23	3039	133
705	1	687	133
1558	1	148	133
1591	1	135	133
5311	15	4973	133
5254	15	4973	133
2945	14	3623	133
1267	1	1210	133
11372	22	9589	133
5146	15	4973	133
5041	15	4986	133
5081	15	4973	133
7847	23	2966	133
3076	23	3077	133
8006	23	2949	133
5232	15	4973	133
5030	15	4973	133
350	1	163	133
1544	1	148	133
5285	15	4973	133
1167	1	1142	133
1365	1	1210	133
1181	1	1142	133
5264	15	4973	133
703	1	704	133
1542	1	148	133
254	1	148	133
2729	23	2966	133
1203	1	1142	133
146	1	123	133
2729	23	2935	133
4824	14	3710	133
1854	23	2921	133
203	1	123	133
1645	1	126	133
5296	15	4973	133
1410	1	123	133
3125	11	3118	133
1534	1	123	133
1640	1	126	133
1649	1	148	133
7417	23	3023	133
1165	1	1142	133
1143	1	1142	133
1171	1	1142	133
6129	23	12508	133
6247	23	2935	133
5272	15	4973	133
1497	1	163	133
3148	11	3120	133
2732	12	3195	133
1453	1	419	133
6878	23	2966	133
1533	1	419	133
6938	23	12543	133
3046	23	2928	133
1033	1	1035	133
467	1	126	133
1528	1	126	133
214	1	125	134
6439	23	12515	134
2732	9	2733	134
1281	1	129	134
1313	1	129	134
1415	1	163	134
703	1	704	134
1203	1	1142	134
754	1	126	134
3066	23	12524	134
5285	15	4973	134
1584	1	123	134
1252	1	129	134
1217	1	953	134
2967	23	3007	134
164	15	4973	134
1306	1	129	134
541	1	283	134
11316	22	9589	134
1492	1	126	134
1649	1	148	134
138	1	125	134
277	1	125	134
1412	1	123	134
1303	1	129	134
1358	1	953	134
1238	1	1210	134
628	1	148	134
398	1	148	134
541	1	282	134
9227	23	12508	134
3135	11	3136	134
1207	1	953	134
1585	1	163	134
1902	23	3074	134
1517	1	148	134
1153	1	953	134
1510	1	123	134
1361	1	953	134
1102	1	148	134
1645	1	125	134
3064	23	12505	134
315	1	123	134
3066	23	2982	134
3097	11	3098	134
2301	23	12535	134
1216	1	953	134
4777	14	4734	134
5291	15	4973	134
968	1	408	134
8760	23	12508	134
1169	1	953	134
1258	1	1210	134
950	1	148	134
4974	15	4973	134
1319	1	129	134
1047	1	148	134
2991	10	2992	134
1165	1	1142	134
1157	1	1142	134
5005	15	4973	134
8131	23	3030	134
1306	1	1210	134
8667	23	3023	134
4963	17	4312	134
7178	23	12511	134
5208	15	4973	134
231	1	123	134
219	15	4973	134
1081	1	135	134
1346	1	953	134
438	1	135	134
1314	1	129	134
830	1	148	134
1002	1	148	134
7417	23	3023	134
5007	15	4973	134
12279	22	9650	134
1212	1	129	134
705	1	687	134
1043	1	126	134
602	1	604	134
2691	23	2955	134
1189	1	1142	134
134	1	126	134
2990	23	12502	134
744	1	163	134
5250	15	4973	134
2729	23	2966	134
1626	1	125	134
1046	1	148	134
5050	15	4973	134
1155	1	953	134
2294	23	12511	134
6247	23	2935	134
273	1	126	134
947	1	1033	134
1380	1	953	134
1415	1	148	134
1143	1	1142	134
712	1	163	134
5072	15	4973	134
1428	1	125	134
1661	1	126	134
138	1	126	134
1248	1	129	134
5137	15	4973	134
1179	1	1142	134
1665	1	126	134
1453	15	4973	134
5098	15	4986	134
1078	1	123	134
1359	1	1210	134
1380	1	1142	134
2729	23	2935	134
1850	23	2951	134
1268	1	129	134
8751	23	12508	134
311	1	148	134
7847	23	2966	134
7570	23	12516	134
1669	1	419	134
1347	1	953	134
1251	1	1210	134
6973	23	2996	134
5086	15	4973	134
6439	23	12515	135
1661	1	125	135
1160	1	1142	135
1217	1	953	135
2853	9	2712	135
5077	15	4973	135
1463	1	1464	135
8006	23	2949	135
282	1	696	135
389	1	123	135
1415	1	163	135
1489	1	123	135
968	1	408	135
345	1	123	135
254	1	148	135
4568	23	2946	135
1268	1	129	135
12545	23	2951	135
1152	1	953	135
1169	1	953	135
11316	22	9589	135
1171	1	953	135
5281	15	4973	135
8204	23	2989	135
83	1	809	135
685	1	687	135
9390	23	12511	135
394	1	148	135
1216	1	953	135
8552	23	3023	135
1658	1	163	135
280	1	282	135
9063	23	3023	135
2301	23	12535	135
3097	11	3098	135
145	1	123	135
1246	1	129	135
1262	1	129	135
5278	15	4986	135
1414	1	123	135
1902	23	3074	135
177	1	123	135
7178	23	12511	135
5176	15	4973	135
7079	23	12511	135
1278	1	1210	135
1046	1	148	135
1355	1	953	135
4646	14	3510	135
5342	15	4973	135
1319	1	129	135
450	1	148	135
712	1	163	135
995	1	148	135
1233	1	129	135
1326	1	129	135
8779	23	2989	135
4370	14	3710	135
950	1	148	135
1668	1	163	135
1033	1	1035	135
1190	1	953	135
5050	15	4973	135
1351	1	129	135
4783	14	4242	135
1153	1	953	135
5253	15	4973	135
2852	23	2952	135
1655	1	148	135
4963	17	4312	135
784	1	785	135
5146	15	4973	135
467	1	125	135
1667	1	125	135
464	1	125	135
1419	1	123	135
9294	23	12508	135
954	1	604	135
4978	15	4973	135
8426	23	12511	135
1252	1	129	135
5167	15	4973	135
1666	1	125	135
1165	1	953	135
1189	1	953	135
1380	1	953	135
279	15	4973	135
8943	23	2951	135
1360	1	953	135
1392	1	129	135
5031	15	4973	135
12528	23	12532	135
1231	1	129	135
691	1	123	135
6371	23	3023	135
5215	15	4973	135
4783	14	4242	136
277	1	125	136
673	1	948	136
2301	23	2951	136
5219	15	4973	136
697	1	698	136
5330	15	4973	136
1186	1	953	136
2945	14	3623	136
2732	14	4358	136
462	1	125	136
7079	23	12511	136
1260	1	129	136
5323	15	4973	136
231	1	123	136
1152	1	953	136
1534	1	123	136
995	1	148	136
1002	1	148	136
1665	1	125	136
1220	1	1210	136
4974	15	4973	136
1276	1	129	136
458	15	4973	136
1521	1	148	136
699	1	123	136
534	1	135	136
1043	1	125	136
1263	1	129	136
1216	1	953	136
998	1	148	136
5081	15	4973	136
3097	11	3098	136
5283	15	4973	136
5303	15	4973	136
1157	1	953	136
1355	1	953	136
280	1	283	136
5250	15	4973	136
254	1	148	136
265	1	125	136
161	1	163	136
1539	1	148	136
5261	15	4973	136
1039	1	1041	136
1414	1	123	136
5077	15	4973	136
1256	1	129	136
2691	23	2955	136
4824	14	3710	136
1178	1	953	136
1572	1	123	136
6938	23	12543	136
3134	11	3129	136
9218	23	12508	136
652	1	148	136
5050	15	4973	136
1217	1	953	136
5070	15	4973	136
1544	1	148	136
2990	23	12502	136
5277	15	4973	136
614	1	123	136
602	1	604	136
4257	14	3696	136
5019	15	4973	136
1248	1	129	136
5175	15	4973	136
1026	1	1027	136
1238	1	129	136
999	1	123	136
389	1	123	136
3826	23	2996	136
1350	1	129	136
5225	15	4973	136
802	1	123	136
1463	15	4986	136
5233	15	4973	136
12545	23	2952	136
1850	23	2951	136
1655	1	148	136
1533	1	419	136
398	1	148	136
2301	23	12535	136
7570	23	12516	136
3900	14	3696	136
784	1	785	136
8131	23	3030	136
8667	23	3023	136
273	1	125	136
9401	23	12508	136
1661	1	125	136
5099	15	4973	136
5342	15	4973	136
4484	14	4366	136
5186	15	4973	136
1306	1	129	136
4963	17	4312	136
1626	1	125	136
1637	6	1439	136
467	1	125	136
1246	1	129	136
83	1	58	136
1171	15	4973	136
1343	1	129	137
6176	23	2566	137
4978	15	4973	137
947	1	975	137
954	1	604	137
1340	1	129	137
5250	15	4973	137
1640	1	125	137
5056	15	4973	137
4054	14	3623	137
8751	23	12508	137
9076	23	2968	137
9680	22	9544	137
5351	15	4973	137
3053	23	12505	137
8692	23	12516	137
6371	23	3023	137
1306	1	129	137
1043	1	125	137
5226	15	4973	137
2301	23	2951	137
1392	1	129	137
1180	1	953	137
3040	23	3023	137
177	1	123	137
3076	23	3077	137
1356	1	953	137
9070	23	2982	137
5086	15	4973	137
1382	1	953	137
273	1	125	137
5303	15	4973	137
5015	15	4973	137
6878	23	12520	137
947	1	123	137
280	1	281	137
5249	15	4973	137
2848	9	2733	137
1665	1	125	137
1220	1	129	137
5294	15	4973	137
2732	9	2733	137
279	15	4973	137
1563	1	123	137
1205	1	953	137
418	1	419	137
1251	1	129	137
5278	15	4986	137
1347	1	953	137
5231	15	4973	137
231	1	123	137
3900	14	3697	137
2945	14	3623	137
5330	15	4973	137
1038	1	148	137
3236	23	3023	137
6129	23	12508	137
1045	1	125	137
6973	23	2996	137
1303	1	129	137
1252	1	129	137
12545	23	2951	137
1002	1	148	137
5068	15	4973	137
219	15	4973	137
9018	23	3023	137
6247	23	2935	137
1353	1	129	137
1360	1	953	137
854	1	135	137
1181	1	953	137
542	1	1029	137
1548	1	148	137
3084	11	3081	137
1171	1	953	137
950	1	148	137
3134	11	3129	137
1994	6	2067	137
1276	1	129	137
1192	1	953	137
691	1	123	137
5323	15	4973	137
1231	1	129	137
1314	1	129	137
685	1	687	137
647	1	125	137
1143	1	953	137
995	1	148	137
3066	23	12524	137
469	1	125	137
11316	22	9589	137
5342	15	4973	137
6878	23	2966	137
5041	15	4986	137
784	1	785	137
2265	23	2982	137
3125	11	3118	137
703	1	704	137
1543	1	148	137
5281	15	4973	137
541	1	283	137
393	1	123	137
8552	23	3023	137
1645	1	125	137
1389	1	129	137
1160	1	953	137
6439	23	2956	137
5186	15	4973	137
1149	1	953	137
4257	14	3696	137
7406	23	3023	137
7195	23	12531	137
1278	1	129	137
1014	1	604	137
5118	15	4973	137
716	1	148	137
1190	1	953	137
2853	9	2712	137
5264	15	4973	137
1410	1	123	137
5175	15	4973	137
1216	1	953	137
5050	15	4973	137
1374	1	953	137
121	1	123	137
8499	23	12511	137
282	1	696	137
1669	1	419	137
721	1	123	137
1358	1	953	137
6529	23	2952	137
1281	1	129	138
1649	1	148	138
1246	1	129	138
254	1	148	138
3117	11	3098	138
1850	23	2951	138
691	1	123	138
5285	15	4973	138
1585	1	706	138
5303	15	4973	138
3790	14	4261	138
1256	1	129	138
6529	23	2952	138
1863	9	2672	138
1263	1	129	138
628	1	148	138
5267	15	4973	138
1428	1	125	138
4568	23	2946	138
8989	23	12508	138
5291	15	4973	138
1014	1	604	138
11316	22	9589	138
1326	1	129	138
8751	23	12508	138
1265	1	129	138
712	1	163	138
5201	15	4973	138
1149	1	953	138
458	1	125	138
1489	1	123	138
1203	1	953	138
5272	15	4973	138
393	1	123	138
8499	23	12511	138
352	15	4973	138
5219	15	4973	138
12528	23	12532	138
5283	15	4973	138
1668	1	163	138
8943	23	3023	138
6439	23	12515	138
83	1	58	138
214	1	125	138
5013	15	4973	138
8385	23	2982	138
1382	1	953	138
10310	22	9650	138
1492	1	125	138
6414	23	2935	138
1343	1	129	138
5068	15	4973	138
1375	1	953	138
282	1	696	138
1266	1	129	138
1178	1	953	138
367	1	123	138
5215	15	4973	138
386	1	148	138
1181	1	953	138
1453	1	419	138
1365	1	129	138
203	1	123	138
164	1	165	138
1655	1	148	138
4915	14	4917	138
1626	1	125	138
5146	15	4973	138
1319	1	129	138
1410	1	123	138
5098	15	4986	138
458	15	4973	138
5264	15	4973	138
573	15	5095	138
1276	1	129	138
3040	23	3023	138
308	1	165	138
7417	23	3023	138
5186	15	4973	138
1198	1	953	138
1184	1	953	138
447	1	125	138
999	1	123	138
438	1	135	138
784	1	785	138
1146	1	953	138
6176	23	2566	138
1544	1	148	138
164	15	4973	138
1563	1	123	138
1306	1	129	138
8667	23	3023	138
1534	1	123	138
1491	1	125	138
5031	15	4973	138
7847	23	2966	138
1297	1	129	138
1412	1	123	138
3900	14	3697	138
706	1	708	138
5204	15	4973	138
266	1	148	138
5357	15	4973	138
4484	14	4366	138
1220	1	1210	138
1212	1	129	138
8552	23	3023	138
1015	1	148	138
8943	23	2951	138
1220	1	129	138
1666	1	125	138
277	1	125	138
8787	23	2975	138
2301	23	12535	138
9386	23	12511	139
995	1	148	139
3900	14	3696	139
1543	1	148	139
1850	23	2951	139
1380	1	953	139
8385	23	3023	139
2945	14	3623	139
2848	9	2733	139
1542	1	148	139
1348	1	953	139
3057	23	2946	139
1042	1	687	139
393	1	123	139
5323	15	4973	139
4441	14	3710	139
1540	1	148	139
104	1	107	139
5175	15	4973	139
6839	17	6840	139
3943	14	3696	139
1354	1	953	139
3160	11	3098	139
468	1	125	139
5346	15	4986	139
3236	23	12520	139
1190	1	953	139
280	1	281	139
5056	15	4973	139
5013	15	4973	139
1365	1	129	139
5225	15	4973	139
1468	1	604	139
9018	23	3023	139
1263	1	129	139
1043	1	125	139
1262	1	129	139
1155	1	953	139
1353	1	129	139
1576	1	419	139
2691	23	2955	139
8943	23	3023	139
390	1	163	139
3066	23	12524	139
1278	1	129	139
1382	1	953	139
5291	15	4973	139
8131	23	3030	139
5186	15	4973	139
2265	23	2982	139
1169	1	953	139
5117	15	4973	139
1521	1	148	139
9390	23	12511	139
754	1	125	139
1039	1	1041	139
1642	1	123	139
5109	15	5110	139
164	1	165	139
1655	1	148	139
280	1	283	139
781	1	148	139
5035	15	4973	139
1366	1	953	139
5015	15	4973	139
5326	15	4973	139
5278	15	4986	139
9294	23	12508	139
1539	1	148	139
231	1	123	139
386	1	148	139
5204	15	4973	139
3826	23	2996	139
10310	22	9933	139
5081	15	4973	139
1517	1	148	139
1668	1	163	139
1171	1	953	139
1850	23	2951	139
1252	1	129	139
1297	1	129	139
394	1	148	139
8006	23	2949	139
703	1	704	139
424	15	4986	139
5050	15	4973	139
6414	23	2935	139
3620	14	3609	139
1406	1	1464	139
1352	1	953	139
464	1	125	139
12545	23	2952	139
1014	1	604	139
2729	23	2966	139
972	1	123	139
5357	15	4973	139
9076	23	2968	139
1534	1	123	139
1661	1	125	139
7406	23	3023	139
1665	1	125	139
145	1	123	139
691	1	123	139
11233	22	10458	139
609	1	419	139
5019	15	4973	139
6439	23	2956	139
135	1	137	139
705	1	687	139
8006	23	2949	140
5128	15	4973	140
680	1	137	140
854	1	135	140
3057	23	2946	140
1313	1	129	140
614	1	123	140
3620	14	3609	140
1343	1	129	140
5303	15	4973	140
5019	15	4973	140
6878	23	12520	140
4984	15	4986	140
8943	23	3023	140
2953	10	2955	140
4824	14	3710	140
6726	23	2966	140
1415	1	163	140
390	1	163	140
9070	23	2982	140
5302	15	4973	140
817	1	148	140
1203	1	1142	140
1078	1	123	140
2991	10	2992	140
1002	1	148	140
8131	23	3030	140
5068	15	4973	140
1160	1	1142	140
3166	23	12532	140
1365	1	129	140
5219	15	4973	140
1274	1	129	140
6247	23	2935	140
691	1	123	140
8552	23	3023	140
5031	15	4973	140
6529	23	3023	140
3900	14	3696	140
5099	15	4973	140
1281	1	129	140
394	1	148	140
3900	14	3697	140
1149	1	953	140
5261	15	4973	140
1426	1	135	140
1540	1	148	140
1406	15	4986	140
389	1	123	140
1428	1	125	140
6878	23	2966	140
219	15	4973	140
393	1	123	140
7570	23	12516	140
1178	1	953	140
1298	1	129	140
5283	15	4973	140
386	1	148	140
11316	22	9589	140
3157	11	3095	140
5254	15	4973	140
7790	23	12511	140
134	1	125	140
8204	23	2989	140
1533	1	419	140
5186	15	4973	140
4484	14	4367	140
5006	15	4986	140
1347	1	953	140
997	1	123	140
12528	23	12532	140
3125	11	3118	140
716	1	148	140
947	1	129	140
5253	15	4973	140
3826	23	2996	140
1649	1	148	140
5267	15	4973	140
1039	1	1041	140
1517	1	148	140
1156	1	953	140
385	1	148	140
1042	1	687	140
1355	1	953	140
1392	1	129	140
3040	23	3023	140
424	15	4986	140
1317	1	129	140
1179	1	953	140
652	1	148	140
738	1	123	140
12545	23	2951	140
273	1	125	140
2729	23	2935	140
1414	1	123	140
5272	15	4973	140
6414	23	2935	140
1854	23	2921	140
2732	14	4358	140
1310	1	129	140
5119	15	4985	140
4978	15	4973	140
150	1	123	140
1168	1	953	140
7146	23	12532	140
5216	15	4973	140
2853	9	2712	140
8385	23	2982	140
83	1	58	140
8499	23	12511	140
1360	1	953	140
1160	1	953	140
3066	23	12524	140
5126	15	4973	140
315	1	123	141
280	1	283	141
352	15	4973	141
9386	23	12511	141
1850	23	2951	141
716	1	148	141
1640	1	125	141
145	1	123	141
3057	23	2946	141
1141	1	953	141
5201	15	4973	141
5035	15	4973	141
587	1	125	141
6878	23	12520	141
783	1	123	141
1500	1	163	141
150	1	123	141
1359	1	129	141
311	1	148	141
628	1	148	141
5264	15	4973	141
450	1	148	141
1306	1	129	141
5126	15	4973	141
1994	6	2067	141
9018	23	3023	141
5232	15	4973	141
8787	23	2975	141
8552	23	3023	141
5330	15	4973	141
1214	1	129	141
11639	22	10648	141
534	1	135	141
7975	23	3023	141
10310	22	9845	141
161	1	163	141
5081	15	4973	141
4257	14	3696	141
5031	15	4973	141
947	1	163	141
1585	1	706	141
1661	1	125	141
12279	22	9600	141
1645	1	125	141
5101	15	4973	141
988	15	4986	141
685	1	687	141
1544	1	148	141
1233	1	129	141
264	15	4973	141
1585	1	148	141
997	1	123	141
8385	23	3023	141
2953	10	2955	141
541	1	283	141
469	1	125	141
1265	1	129	141
7847	23	2966	141
995	1	148	141
2301	23	2951	141
7136	23	2955	141
5077	15	4973	141
1548	1	148	141
7975	23	2951	141
6878	23	12520	141
3166	23	12532	141
3900	14	3697	141
476	1	148	141
1146	1	953	141
721	1	123	141
830	1	148	141
1491	1	125	141
1543	1	148	141
1426	1	135	141
998	1	148	141
1013	1	604	141
1406	15	4986	141
1220	1	1210	141
214	1	125	141
266	1	148	141
4824	14	3710	141
1637	6	1439	141
3053	23	12505	141
438	1	135	141
802	1	123	141
5056	15	4973	141
5208	15	4973	141
1083	1	123	141
9294	23	12508	141
1042	1	687	141
1231	1	129	141
5281	15	4973	141
386	1	148	141
8131	23	3030	141
1216	1	953	141
2729	23	2935	141
1539	1	148	141
4370	14	3710	141
11233	22	9693	141
6414	23	3026	141
3046	23	2928	141
280	1	282	142
825	1	123	142
1637	6	1439	142
1540	1	148	142
3076	23	3077	142
7570	23	12516	142
1354	1	953	142
418	1	419	142
784	1	785	142
7790	23	12511	142
5323	15	4973	142
8692	23	12516	142
8385	23	2982	142
5208	15	4973	142
770	1	125	142
3620	14	3423	142
1667	1	125	142
1140	1	148	142
1126	1	148	142
947	1	123	142
1039	1	1041	142
1314	1	129	142
997	1	123	142
754	1	125	142
389	1	123	142
1248	1	129	142
264	15	4973	142
5052	15	4973	142
1585	1	148	142
9063	23	3023	142
1665	1	125	142
680	1	137	142
2301	23	2951	142
138	15	4973	142
161	1	163	142
817	1	148	142
5296	15	4973	142
2729	23	2935	142
2691	23	2955	142
4441	14	3710	142
3066	23	2982	142
2294	23	12511	142
1668	1	163	142
3097	11	3098	142
1850	23	2951	142
1414	1	123	142
3064	23	12505	142
1319	1	129	142
2953	10	2956	142
1276	1	129	142
5056	15	4973	142
685	1	687	142
995	1	148	142
1492	1	125	142
5267	15	4973	142
468	1	125	142
1081	1	135	142
6371	23	3023	142
5330	15	4973	142
1543	1	148	142
3057	23	2946	142
1102	1	148	142
1501	1	148	142
5117	15	4973	142
8751	23	12508	142
1658	1	163	142
6129	23	12508	142
8426	23	12511	142
5081	15	4973	142
4389	14	4011	142
947	1	129	142
11639	22	9912	142
1256	1	129	142
1655	1	148	142
534	1	135	142
1168	1	953	142
5099	15	4973	142
2265	23	2982	142
5226	15	4973	142
7136	23	2955	142
1165	1	953	142
4370	14	3710	142
5019	15	4973	142
5009	15	4973	142
705	1	687	142
1406	15	4986	142
614	1	123	142
1278	1	129	142
7975	23	3023	142
11316	22	9589	142
1539	1	148	142
6414	23	3026	142
345	1	123	142
1510	1	123	142
280	1	283	142
462	1	125	142
6973	23	2996	142
6371	23	3023	142
1045	1	125	142
11639	22	10648	142
8552	23	3023	142
1171	1	953	142
5342	15	4973	142
3620	14	3609	142
5175	15	4973	142
1902	23	3074	142
3157	11	3095	142
8667	23	3023	142
541	1	283	142
447	1	125	142
1994	6	2067	142
5186	15	4973	142
703	1	704	142
1203	1	953	142
1169	1	953	142
1534	1	123	142
1015	1	148	142
1329	1	129	142
1303	1	129	142
3038	23	3039	142
7146	23	12532	142
1268	1	129	142
4915	14	4399	142
5070	15	4973	142
5085	15	4973	142
621	1	123	142
11233	22	10458	142
5264	15	4973	142
5231	15	4973	143
1491	1	125	143
5264	15	4973	143
138	15	4973	143
1157	1	953	143
972	1	123	143
273	1	125	143
6247	23	2935	143
83	1	58	143
7570	23	12516	143
614	1	123	143
9306	23	12511	143
4257	14	3696	143
1042	1	687	143
7417	23	3023	143
254	1	148	143
4915	14	4399	143
1189	1	953	143
950	1	148	143
5013	15	4973	143
458	15	4973	143
1384	1	129	143
5137	15	4973	143
1046	1	148	143
5070	15	4973	143
947	1	123	143
2945	14	3623	143
3620	14	3423	143
5109	15	5110	143
954	1	604	143
1384	1	1210	143
5313	15	4973	143
5081	15	4973	143
3134	11	3129	143
1002	1	148	143
280	1	281	143
1585	1	706	143
5005	15	4973	143
947	1	975	143
8204	23	2989	143
3160	11	3098	143
1267	1	129	143
1426	1	135	143
1863	9	2672	143
438	1	135	143
781	1	148	143
5225	15	4973	143
8760	23	12508	143
164	15	4973	143
177	1	123	143
1310	1	129	143
1260	1	129	143
10310	22	10311	143
1626	1	125	143
706	1	708	143
947	1	1033	143
1428	1	125	143
1902	23	3074	143
1143	1	953	143
1265	1	129	143
5272	15	4973	143
1126	1	148	143
7146	23	12532	143
352	15	4973	143
1033	1	1035	143
1935	6	2012	143
1489	1	123	143
1192	1	953	143
5030	15	4973	143
1365	1	129	143
1081	1	135	143
4889	14	3810	143
1207	1	953	143
1406	1	1464	143
462	1	125	143
1414	1	123	143
1216	1	953	143
5015	15	4973	143
1410	1	123	143
5077	15	4973	143
1154	1	953	143
1212	1	129	143
1303	1	129	143
699	1	123	143
1355	1	953	143
279	15	4973	143
643	1	125	143
1497	1	163	143
1026	1	1027	143
1542	1	148	143
673	1	948	143
5093	15	5095	143
8552	23	3023	143
308	15	4973	143
1539	1	148	143
1415	1	163	143
214	1	125	143
3046	23	2928	143
628	1	148	143
447	1	125	143
1352	1	953	143
1167	1	953	143
432	1	148	143
8426	23	12511	143
830	1	148	143
8943	23	3023	143
817	1	148	143
345	1	123	143
2967	23	3007	143
1548	1	148	143
6439	23	12515	143
1375	1	953	143
1645	1	125	143
721	1	123	143
1392	1	129	143
5216	15	4973	143
3066	23	2982	143
1319	1	129	143
6726	23	2966	143
6371	23	3023	143
1514	1	148	143
997	1	123	143
1585	1	148	143
1263	1	129	143
5052	15	4973	143
1149	1	953	143
1296	1	129	143
3117	11	3098	143
5117	15	4973	143
754	1	125	143
2925	23	2996	144
2294	23	12511	144
1231	1	129	144
947	1	1033	144
761	1	123	144
1186	1	953	144
264	15	4973	144
1037	1	696	144
1179	1	953	144
5351	15	4973	144
5070	15	4973	144
273	1	125	144
5216	15	4973	144
6371	23	3023	144
1016	1	125	144
5264	15	4973	144
1380	1	953	144
1356	1	953	144
6938	23	12543	144
5346	15	4986	144
954	1	604	144
1361	1	953	144
1539	1	148	144
6726	23	2966	144
11639	22	9890	144
705	1	687	144
1038	1	148	144
1585	1	148	144
418	1	419	144
1514	1	148	144
1572	1	123	144
277	1	125	144
5250	15	4973	144
1649	1	148	144
3053	23	12505	144
279	15	4973	144
1153	1	953	144
1336	1	129	144
8499	23	12511	144
3236	23	12520	144
1389	1	129	144
1233	1	129	144
4824	14	3710	144
947	1	123	144
1276	1	129	144
9680	22	9544	144
5019	15	4973	144
315	1	123	144
7136	23	2955	144
1668	1	163	144
1453	1	419	144
5085	15	4973	144
534	1	135	144
69	1	74	144
11233	22	9693	144
988	15	4986	144
7975	23	2951	144
5068	15	4973	144
468	1	125	144
390	1	163	144
280	1	283	144
784	1	785	144
5208	15	4973	144
1375	1	953	144
5342	15	4973	144
1585	1	706	144
11233	22	10458	144
1238	1	129	144
458	1	125	144
1410	1	123	144
1178	1	953	144
231	1	123	144
1303	1	129	144
1045	1	125	144
1340	1	129	144
432	1	148	144
9070	23	2982	144
1661	1	125	144
5052	15	4973	144
1266	1	129	144
5101	15	4973	144
3125	11	3118	144
1863	9	2672	144
1263	1	129	144
1426	1	135	144
398	1	148	144
998	1	148	144
1168	1	953	144
946	1	163	144
5350	15	4973	144
8131	23	3030	144
12158	22	5648	144
1669	1	419	144
1205	1	953	144
5109	15	5110	144
1374	1	953	144
5015	15	4973	144
280	1	282	144
6414	23	2935	144
8943	23	12535	144
6529	23	3023	144
4568	23	2946	144
7406	23	3023	144
11316	22	9589	144
9390	23	12511	144
5326	15	4973	144
3117	11	3098	144
609	1	419	144
5117	15	4973	144
1047	1	148	144
1489	1	123	144
5351	15	4973	145
1510	1	123	145
5109	15	5110	145
279	15	4973	145
3943	14	3696	145
699	1	123	145
825	1	123	145
1358	1	953	145
1310	1	129	145
5322	15	4986	145
5137	15	4973	145
5254	15	4973	145
9390	23	12511	145
5250	15	4973	145
830	1	148	145
1415	1	163	145
3611	14	4124	145
1171	15	4973	145
3082	11	3083	145
1046	1	148	145
1156	1	953	145
1038	1	148	145
1190	1	953	145
10310	22	10311	145
609	1	419	145
1540	1	148	145
1415	1	148	145
697	1	698	145
5117	15	4973	145
1585	1	706	145
5201	15	4973	145
1042	1	687	145
1558	1	148	145
1171	1	953	145
104	1	106	145
11372	22	9589	145
2990	23	12502	145
458	15	4973	145
1260	1	129	145
5098	15	4986	145
1854	23	2921	145
1468	1	604	145
1033	1	1035	145
9306	23	12511	145
5019	15	4973	145
277	1	125	145
3236	23	12520	145
5146	15	4973	145
754	1	125	145
1517	1	148	145
1374	1	953	145
573	1	574	145
1426	1	135	145
1298	1	129	145
1141	1	953	145
4441	14	3710	145
4484	14	4366	145
12545	23	2951	145
138	1	125	145
390	1	163	145
1501	1	148	145
1514	1	148	145
464	1	125	145
3097	11	3098	145
9063	23	3023	145
2925	23	2996	145
8006	23	2949	145
4899	14	3623	145
280	1	283	145
2732	9	2733	145
350	1	163	145
1178	1	953	145
1326	1	129	145
1406	1	1464	145
1935	6	2012	145
3076	23	3077	145
947	1	129	145
7975	23	3023	145
2732	12	3195	145
1314	1	129	145
1591	1	135	145
5099	15	4973	145
146	1	123	145
6439	23	2956	145
995	1	148	145
8109	17	7209	145
11233	22	9693	145
1626	1	125	145
3135	11	3136	145
5267	15	4973	145
5311	15	4973	145
1380	1	953	145
2265	23	2982	145
1258	1	129	145
1453	1	419	145
8385	23	3023	145
161	1	163	145
386	1	148	145
3638	14	3639	145
5232	15	4973	145
3066	23	2982	145
1463	1	1464	145
11639	22	9890	145
8552	23	3023	145
1649	1	148	145
462	1	125	145
614	1	123	145
3943	14	3901	145
541	1	283	145
7079	23	12511	145
1037	1	696	145
6129	23	12508	145
1256	1	129	145
1274	1	129	145
177	1	123	145
1014	1	604	145
5261	15	4973	145
5083	15	4973	145
7847	23	2966	146
8131	23	3030	146
1314	1	129	146
3236	23	3023	146
6439	23	2956	146
4974	15	4973	146
4257	14	3696	146
7136	23	2955	146
1140	1	148	146
783	1	123	146
6555	17	5829	146
587	1	125	146
315	1	123	146
9386	23	12511	146
6439	23	12515	146
1246	1	129	146
264	15	4973	146
5272	15	4973	146
5070	15	4973	146
1539	1	148	146
8274	17	5804	146
1102	1	148	146
1500	1	163	146
1248	1	129	146
8692	23	12516	146
950	1	148	146
3620	14	3609	146
1649	1	148	146
8779	23	2989	146
1205	1	953	146
1043	1	125	146
1263	1	129	146
8385	23	3023	146
1155	1	953	146
1233	1	129	146
6129	23	12508	146
697	1	698	146
5232	15	4973	146
1585	1	706	146
1545	1	148	146
573	15	5095	146
3135	11	3136	146
12545	23	2951	146
432	1	148	146
703	1	704	146
3057	23	2946	146
1126	1	148	146
988	15	4986	146
5219	15	4973	146
947	1	163	146
6371	23	3023	146
11372	22	9589	146
3157	11	3095	146
1231	1	129	146
138	1	125	146
5231	15	4973	146
1141	1	953	146
1576	1	419	146
1221	1	129	146
150	1	123	146
1153	1	953	146
10864	22	9763	146
1361	1	953	146
1360	1	953	146
1033	1	1035	146
1220	1	1210	146
1317	1	129	146
5117	15	4973	146
5031	15	4973	146
3117	11	3098	146
7417	23	3023	146
1149	1	953	146
5119	15	4985	146
134	1	125	146
1083	1	123	146
1016	1	125	146
9018	23	3023	146
1351	1	129	146
398	1	148	146
5261	15	4973	146
2729	23	2966	146
3066	23	2982	146
5006	15	4986	146
1181	1	953	146
1042	1	687	146
3084	11	3081	146
1517	1	148	146
8751	23	12508	146
1415	1	148	146
350	1	163	146
1146	1	953	146
1313	1	129	146
2990	23	12502	146
308	15	4973	146
1160	1	953	146
712	1	163	146
3790	14	4261	146
802	1	123	146
277	1	125	146
705	1	687	146
647	1	125	146
3166	23	12532	146
1271	1	129	146
1045	1	125	146
5267	15	4973	146
3900	14	3696	146
1340	1	129	146
2991	10	2992	146
5326	15	4973	146
1350	1	129	146
2732	14	4358	146
542	1	1029	146
947	1	129	146
8943	23	12535	146
5099	15	4973	146
386	1	148	146
177	1	123	146
1190	1	953	146
1440	1	74	146
534	1	135	146
5015	15	4973	146
5208	15	4973	146
5019	15	4973	146
5342	15	4973	146
5072	15	4973	146
5281	15	4973	146
4547	14	3450	146
1276	1	129	146
1002	1	148	147
11233	22	9654	147
5233	15	4973	147
11065	22	10456	147
11639	22	9912	147
5215	15	4973	147
1354	1	953	147
1015	1	148	147
744	1	163	147
5283	15	4973	147
1143	1	953	147
1350	1	129	147
712	1	163	147
145	1	123	147
1263	1	129	147
5077	15	4973	147
2990	23	12502	147
1414	1	123	147
2848	23	12523	147
1168	1	953	147
2925	23	2996	147
1042	1	687	147
4389	14	4011	147
399	15	5043	147
1521	1	148	147
1453	15	4973	147
177	1	123	147
5056	15	4973	147
1296	1	129	147
5208	15	4973	147
6176	23	2566	147
8499	23	12511	147
83	1	58	147
282	1	696	147
135	1	137	147
854	1	135	147
1326	1	129	147
5346	15	4986	147
394	1	148	147
5231	15	4973	147
1037	1	696	147
11639	22	9890	147
721	1	123	147
5070	15	4973	147
685	1	687	147
817	1	148	147
104	1	106	147
3082	11	3083	147
9018	23	3023	147
1668	1	163	147
1543	1	148	147
1428	1	125	147
5285	15	4973	147
2729	23	2935	147
7406	23	3023	147
1389	1	129	147
3046	23	2928	147
643	1	125	147
5350	15	4973	147
1014	1	604	147
1045	1	125	147
1863	9	2672	147
1658	1	163	147
11372	22	9589	147
1646	1	542	147
5226	15	4973	147
6414	23	2935	147
8006	23	2949	147
4484	14	4366	147
462	1	125	147
1501	1	148	147
1902	23	3074	147
11316	22	9589	147
424	15	4986	147
1406	1	1464	147
7790	23	12511	147
308	15	4973	147
534	1	135	147
5128	15	4973	147
279	15	4973	147
754	1	125	147
3066	23	2982	147
1179	1	953	147
5015	15	4973	147
5031	15	4973	147
11233	22	9693	147
2967	23	3007	147
438	1	135	147
2691	23	3023	147
1514	1	148	147
1850	23	2951	147
1500	1	163	147
1361	1	953	147
1298	1	129	147
3620	14	3609	147
1160	1	1142	147
1274	1	129	147
1016	1	125	147
4824	14	3710	147
5035	15	4973	147
9294	23	12508	147
1669	1	419	147
9680	22	9544	147
1994	6	2067	147
5250	15	4973	147
1220	1	1210	147
4484	14	4367	147
3900	14	3696	147
7975	23	2951	147
5277	15	4973	147
6878	23	12520	147
1426	1	135	147
3053	23	12505	147
1262	1	129	147
1313	1	129	147
5167	15	4973	147
2265	23	2982	148
280	1	282	148
219	15	4973	148
1410	1	123	148
1415	1	163	148
5226	15	4973	148
4445	14	4308	148
1002	1	148	148
5167	15	4973	148
1347	1	953	148
1365	1	129	148
3620	14	3609	148
1317	1	129	148
4899	14	3623	148
680	1	137	148
1548	1	148	148
393	1	123	148
467	1	125	148
9294	23	12508	148
1585	1	163	148
947	1	1033	148
1642	1	123	148
390	1	163	148
8842	23	3023	148
231	1	123	148
5303	15	4973	148
12158	22	9735	148
1382	1	953	148
5311	15	4973	148
5007	15	4973	148
161	1	163	148
1359	1	129	148
655	1	419	148
1278	1	1210	148
8989	23	12508	148
1468	1	604	148
1274	1	129	148
280	1	281	148
5030	15	4973	148
10864	22	9557	148
6414	23	2935	148
621	1	123	148
3066	23	12524	148
2242	20	7119	148
1646	1	542	148
4963	17	4312	148
1440	1	74	148
7790	23	12511	148
1306	1	129	148
2378	20	7119	148
1489	1	123	148
6176	23	2566	148
947	1	148	148
1268	1	129	148
311	1	148	148
2732	12	3195	148
11639	22	9890	148
1043	1	125	148
1186	1	953	148
784	1	785	148
7417	23	3023	148
2990	10	2926	148
1356	1	953	148
5118	15	4973	148
609	1	419	148
1576	1	419	148
1153	1	953	148
1238	1	129	148
988	15	4986	148
1453	15	4973	148
5322	15	4986	148
1319	1	129	148
1220	1	1210	148
4484	14	4367	148
1314	1	129	148
5294	15	4973	148
145	1	123	148
5219	15	4973	148
6878	23	12520	148
971	1	148	148
1572	1	123	148
5330	15	4973	148
6247	23	2935	148
5231	15	4973	148
4255	14	3422	148
4568	23	2946	148
1584	1	123	148
1326	1	129	148
1340	1	129	148
1591	1	135	148
817	1	148	148
1558	1	148	148
3790	14	4261	148
3076	23	12551	148
825	1	123	148
4974	15	4973	148
8943	23	3023	148
5099	15	4973	148
6878	23	2966	148
959	1	148	148
464	1	125	148
11233	22	9654	148
744	1	163	148
628	1	148	148
1354	1	953	148
2945	14	3623	148
7146	23	12532	148
1366	1	953	148
1661	1	125	148
1298	1	129	148
1198	1	953	148
781	1	148	148
5201	15	4973	148
2991	10	2992	148
1184	1	953	148
9051	23	12508	148
146	1	123	148
1542	1	148	148
6529	23	3023	148
1360	1	953	148
1252	1	129	149
3900	14	3696	149
1190	1	953	149
784	1	785	149
83	1	58	149
1658	1	163	149
2732	14	4358	149
1521	1	148	149
1329	1	129	149
11233	22	10457	149
5006	15	4986	149
219	15	4973	149
11372	22	9589	149
9680	22	9544	149
5005	15	4973	149
104	1	106	149
10864	22	9763	149
344	1	123	149
947	1	123	149
1319	1	129	149
1180	1	953	149
7975	23	2951	149
1038	1	148	149
947	1	163	149
1642	1	123	149
164	15	4973	149
5267	15	4973	149
1585	1	163	149
5052	15	4973	149
1212	1	129	149
1470	1	135	149
5281	15	4973	149
277	1	125	149
1233	1	129	149
954	1	604	149
214	1	125	149
9018	23	3023	149
8787	23	2975	149
12191	22	11006	149
988	15	4986	149
5167	15	4973	149
3620	14	3421	149
7146	23	12532	149
5137	15	4973	149
5118	15	4973	149
1313	1	129	149
997	1	123	149
950	1	148	149
1375	1	953	149
1326	1	129	149
3420	14	3423	149
9070	23	2982	149
1533	1	419	149
5278	15	4986	149
345	1	123	149
703	1	704	149
5277	15	4973	149
1256	1	129	149
231	1	123	149
1356	1	953	149
1540	1	148	149
1661	1	125	149
280	1	282	149
5253	15	4973	149
4963	17	4312	149
5208	15	4973	149
1463	1	1464	149
1665	1	125	149
11065	22	10069	149
1419	1	123	149
203	1	123	149
1149	1	953	149
1352	1	953	149
265	1	125	149
2848	9	2733	149
1143	1	953	149
7626	17	7241	149
712	1	163	149
1221	1	129	149
1220	1	1210	149
5225	15	4973	149
4441	14	3710	149
5015	15	4973	149
1160	1	1142	149
754	1	125	149
609	1	419	149
9390	23	12511	149
587	1	125	149
1492	1	125	149
12545	23	2951	149
1361	1	953	149
4915	14	4399	149
468	1	125	149
2729	23	2966	149
282	1	696	149
1140	1	148	149
145	1	123	149
1340	1	129	149
3135	11	3136	149
4484	14	4367	149
280	1	281	149
854	1	135	149
673	1	948	149
1591	1	135	149
2265	23	2982	149
5081	15	4973	149
5303	15	4973	149
1645	1	125	149
1863	9	2672	149
573	1	574	149
9063	23	3023	149
1667	1	125	149
5176	15	4973	149
8552	23	3023	149
1514	1	148	149
5296	15	4973	149
5330	15	4973	149
602	1	604	149
5350	15	4973	149
1281	1	129	149
8779	23	2989	149
721	1	123	149
240	1	123	149
1384	1	1210	149
1265	1	129	149
706	1	708	149
699	1	123	149
1220	1	1210	150
5350	15	4973	150
6973	23	2996	150
6938	23	12543	150
1343	1	129	150
5031	15	4973	150
6439	23	2956	150
1544	1	148	150
389	1	123	150
3066	23	12524	150
3057	23	2946	150
2729	23	2966	150
1668	1	163	150
4984	15	4986	150
972	1	123	150
5278	15	4986	150
784	1	785	150
3135	11	3136	150
3125	11	3118	150
9063	23	3023	150
2945	14	3623	150
1078	1	123	150
1542	1	148	150
5357	15	4973	150
5041	15	4986	150
1463	15	4986	150
1411	1	163	150
7146	23	12532	150
959	1	163	150
1149	1	953	150
5013	15	4973	150
5019	15	4973	150
5250	15	4973	150
3097	11	3098	150
280	1	282	150
1356	1	953	150
1540	1	148	150
1585	1	706	150
5176	15	4973	150
5342	15	4973	150
3166	23	12532	150
1171	1	953	150
5277	15	4973	150
177	1	123	150
1640	1	125	150
1081	1	135	150
1591	1	135	150
1669	1	419	150
1453	15	4973	150
3076	23	3077	150
5072	15	4973	150
9070	23	2982	150
4260	14	4261	150
3900	14	3696	150
3962	14	3963	150
280	1	283	150
1231	1	129	150
8943	23	12535	150
394	1	148	150
214	1	125	150
11372	22	9589	150
716	1	148	150
997	1	123	150
1336	1	129	150
5294	15	4973	150
1281	1	129	150
1389	1	129	150
5085	15	4973	150
8499	23	12511	150
1994	6	2067	150
1392	1	129	150
2852	23	2952	150
1203	1	1142	150
1521	1	148	150
9076	23	2968	150
1126	1	148	150
5323	15	4973	150
265	1	125	150
6439	23	12515	150
1179	1	953	150
2265	23	2982	150
1500	1	163	150
5254	15	4973	150
5311	15	4973	150
7790	23	12511	150
628	1	148	150
219	15	4973	150
1517	1	148	150
1190	1	953	150
1216	1	953	150
1533	1	419	150
8426	23	12511	150
1528	1	125	150
5081	15	4973	150
279	15	4973	150
464	1	125	150
1428	1	125	150
950	1	148	150
1266	1	129	150
1576	1	419	150
5291	15	4973	150
998	1	148	150
3046	23	2928	150
5313	15	4973	151
5146	15	4973	151
1297	1	129	151
5128	15	4973	151
9294	23	12508	151
1268	1	129	151
1207	1	953	151
5267	15	4973	151
265	1	125	151
5099	15	4973	151
1203	1	953	151
5330	15	4973	151
9076	23	2968	151
6575	22	11098	151
11201	22	9756	151
1544	1	148	151
1585	1	163	151
534	1	135	151
7406	23	3023	151
754	1	125	151
5118	15	4973	151
3040	23	3023	151
5081	15	4973	151
2729	23	2935	151
104	1	106	151
11316	22	9589	151
1014	1	604	151
1013	1	604	151
150	1	123	151
5019	15	4973	151
6938	23	12543	151
5294	15	4973	151
1510	1	123	151
680	1	137	151
1470	1	135	151
1157	1	953	151
1329	1	129	151
5137	15	4973	151
1168	1	953	151
432	1	148	151
1850	23	2951	151
1238	1	129	151
4441	14	3710	151
6247	23	2935	151
6129	23	12508	151
5342	15	4973	151
5035	15	4973	151
311	1	148	151
11065	22	10069	151
3148	11	3120	151
3943	14	3696	151
3236	23	12520	151
7050	17	7051	151
3084	11	3081	151
5126	15	4973	151
1343	1	129	151
1902	23	3074	151
5086	15	4973	151
6529	23	2952	151
1293	1	129	151
7588	17	7241	151
3236	23	3023	151
573	15	5095	151
643	1	125	151
308	15	4973	151
12545	23	2952	151
1140	1	148	151
8943	23	12535	151
7570	23	12516	151
3038	23	3039	151
177	1	123	151
1190	1	953	151
1078	1	123	151
12545	23	2951	151
458	1	125	151
476	1	148	151
418	1	419	151
214	1	125	151
5204	15	4973	151
1326	1	129	151
1382	1	953	151
1149	1	953	151
6176	23	2566	151
5117	15	4973	151
254	1	148	151
602	1	604	151
4984	15	4986	151
4547	14	3450	151
1233	1	129	151
468	1	125	151
209	1	148	151
12191	22	11006	151
1042	1	687	151
3160	11	3098	151
1160	1	1142	151
393	1	123	151
1266	1	129	151
1491	1	125	151
8426	23	12511	151
5216	15	4973	151
957	1	125	151
1155	1	953	151
5015	15	4973	151
5215	15	4973	151
344	1	123	151
1658	1	163	151
7687	17	6150	151
83	1	58	151
817	1	148	151
6247	23	2935	151
614	1	123	151
1340	1	129	151
1102	1	148	151
5007	15	4973	151
4899	14	3623	151
3066	23	2982	151
1306	1	129	151
2925	23	12502	152
825	1	123	152
1266	1	129	152
1655	1	148	152
4547	14	3450	152
424	15	4986	152
279	1	125	152
1186	1	953	152
5233	15	4973	152
458	15	4973	152
1256	1	129	152
1646	1	542	152
5126	15	4973	152
1317	1	129	152
69	1	74	152
3057	23	2946	152
1585	1	706	152
5250	15	4973	152
1544	1	148	152
1265	1	129	152
3084	11	3081	152
5068	15	4973	152
8989	23	12508	152
1329	1	129	152
5231	15	4973	152
5225	15	4973	152
5072	15	4973	152
947	1	163	152
1406	15	4986	152
5101	15	4973	152
1543	1	148	152
9416	20	6875	152
1149	1	953	152
12545	23	2952	152
1042	1	687	152
647	1	125	152
1510	1	123	152
1366	1	953	152
1410	1	123	152
1665	1	125	152
5176	15	4973	152
3134	11	3129	152
5007	15	4973	152
1203	1	1142	152
3046	23	2928	152
1340	1	129	152
5035	15	4973	152
1453	1	419	152
6938	23	12543	152
438	1	135	152
587	1	125	152
7079	23	12511	152
534	1	135	152
3082	11	3083	152
1190	1	953	152
1348	1	953	152
703	1	704	152
1326	1	129	152
4441	14	3710	152
6599	20	5722	152
3034	14	3956	152
4260	14	4261	152
11065	22	10458	152
6529	23	3023	152
10864	22	9653	152
2732	9	2733	152
1533	1	419	152
1572	1	123	152
7406	23	3023	152
1263	1	129	152
5313	15	4973	152
1078	1	123	152
957	1	125	152
542	1	1029	152
5311	15	4973	152
1591	1	135	152
5118	15	4973	152
11703	22	2999	152
12016	22	9630	152
7178	23	12511	152
4974	15	4973	152
4915	14	4399	152
962	1	163	152
6878	23	2966	152
1389	1	129	152
1375	1	953	152
2967	23	3007	152
5294	15	4973	152
685	1	687	152
643	1	125	152
1585	1	163	152
1171	15	4973	152
1534	1	123	152
1192	1	953	152
8943	23	2951	152
9063	23	3023	152
5281	15	4973	152
450	1	148	152
393	1	123	152
280	1	282	152
1406	1	1464	152
959	1	163	152
1380	1	953	152
5031	15	4973	152
754	1	125	152
279	15	4973	152
11774	22	9693	152
308	15	4973	152
1667	1	125	152
4255	14	3422	152
1146	1	953	152
135	1	137	152
1642	1	123	152
1314	1	129	152
5322	15	4986	152
1026	1	1027	152
5285	15	4973	152
2990	10	2926	152
462	1	125	152
3148	11	3120	153
254	1	148	153
476	1	148	153
2925	23	12502	153
7417	23	3023	153
5099	15	4973	153
231	1	123	153
1038	1	148	153
1220	1	129	153
1361	1	953	153
5323	15	4973	153
1154	1	953	153
134	1	125	153
5278	15	4986	153
959	1	163	153
1863	9	2672	153
1365	1	129	153
1260	1	129	153
998	1	148	153
12100	22	9926	153
947	1	123	153
209	1	148	153
1205	1	953	153
4547	14	3450	153
418	1	419	153
830	1	148	153
279	1	125	153
5357	15	4973	153
1081	1	135	153
458	1	125	153
6529	23	3023	153
1152	1	953	153
386	1	148	153
1265	1	129	153
5128	15	4973	153
1563	1	123	153
3053	23	12505	153
802	1	123	153
11365	22	10648	153
7178	23	12511	153
8943	23	3023	153
1047	1	148	153
1248	1	129	153
390	1	163	153
5118	15	4973	153
8499	23	12511	153
1389	1	129	153
4255	14	3422	153
3082	11	3083	153
1668	1	163	153
2732	9	2733	153
1293	1	129	153
9294	23	12508	153
621	1	123	153
3034	14	3956	153
308	15	4973	153
315	1	123	153
5117	15	4973	153
3944	14	3696	153
1544	1	148	153
2729	23	2966	153
2449	17	7795	153
280	1	282	153
1192	1	953	153
5146	15	4973	153
5077	15	4973	153
1155	1	953	153
1360	1	953	153
770	1	125	153
3046	23	2928	153
8552	23	3023	153
11065	22	9648	153
1165	1	953	153
1585	1	148	153
5215	15	4973	153
9063	23	3023	153
5231	15	4973	153
345	1	123	153
4915	14	4399	153
1642	1	123	153
5083	15	4973	153
5186	15	4973	153
7079	23	12511	153
7195	23	12531	153
69	1	74	153
9392	20	5722	153
5070	15	4973	153
2945	14	3623	153
1463	15	4986	153
1854	23	2921	153
1637	6	1439	153
1353	1	129	153
1514	1	148	153
5119	15	4985	153
1351	1	129	153
1419	1	123	153
4484	14	4367	153
691	1	123	153
146	1	123	153
1078	1	123	153
352	15	4973	153
1310	1	129	153
9051	23	12508	153
1658	1	163	153
467	1	125	153
1170	1	953	153
1645	1	125	153
3900	14	3696	153
1317	1	129	153
1171	15	4973	153
1646	1	542	154
1153	1	953	154
1038	1	148	154
1013	1	604	154
959	1	148	154
1359	1	129	154
1221	1	129	154
1037	1	696	154
950	1	148	154
7146	23	12532	154
1384	1	1210	154
1169	1	953	154
7136	23	2955	154
8204	23	2989	154
6575	22	11098	154
1214	1	129	154
628	1	148	154
5056	15	4973	154
11365	22	10648	154
5009	15	4973	154
5250	15	4973	154
5254	15	4973	154
5330	15	4973	154
1198	1	953	154
8943	23	12535	154
1278	1	129	154
587	1	125	154
1572	1	123	154
5081	15	4973	154
12469	22	9990	154
8669	17	6565	154
2925	10	2926	154
825	1	123	154
8751	23	12508	154
11065	22	9643	154
12016	22	9630	154
1293	1	129	154
104	1	74	154
5050	15	4973	154
5267	15	4973	154
2967	23	3007	154
11201	22	9776	154
947	1	975	154
2191	14	4912	154
4370	14	3710	154
7847	23	2966	154
1375	1	953	154
4568	23	2946	154
1203	1	1142	154
1355	1	953	154
972	1	123	154
6247	23	2935	154
1646	1	543	154
1392	1	129	154
4901	14	3863	154
1212	1	129	154
1271	1	129	154
161	1	163	154
817	1	148	154
1268	1	129	154
5070	15	4973	154
146	1	123	154
1192	1	953	154
8552	23	3023	154
386	1	148	154
5350	15	4973	154
1510	1	123	154
5232	15	4973	154
5093	15	5095	154
1645	1	125	154
5215	15	4973	154
145	1	123	154
1850	23	2951	154
947	1	1033	154
1160	1	953	154
1585	1	706	154
5893	17	6476	154
541	1	282	154
3117	11	3098	154
1902	23	3074	154
1168	1	953	154
4484	14	4367	154
11372	22	9589	154
3826	23	2996	154
1015	1	148	154
4899	14	3623	154
1389	1	129	154
1658	1	163	154
5118	15	4973	154
1016	1	125	154
1935	6	2012	154
1186	1	953	154
1497	1	163	154
3962	14	3963	154
697	1	698	154
5291	15	4973	154
1081	1	135	154
9063	23	3023	154
1591	1	135	154
1179	1	953	154
11703	22	9557	154
9294	23	12508	154
1514	1	148	154
1329	1	129	154
2729	23	2935	154
5109	15	5110	154
1102	1	148	154
1669	1	419	154
1360	1	953	154
1258	1	129	154
1366	1	953	155
1346	1	953	155
1033	1	1035	155
3160	11	3118	155
5311	15	4973	155
1256	1	129	155
1411	1	163	155
5009	15	4973	155
11065	22	10458	155
5101	15	4973	155
12191	22	9863	155
1265	1	129	155
2729	23	2935	155
1463	15	4986	155
3076	23	3077	155
1669	1	419	155
11703	22	9557	155
542	1	1029	155
947	1	1033	155
3790	14	4261	155
315	1	123	155
1045	1	125	155
1252	1	129	155
1278	1	129	155
1902	23	3074	155
1863	9	2672	155
399	15	5043	155
7417	23	3023	155
8943	23	3023	155
1545	1	148	155
1489	1	123	155
2410	20	6875	155
344	1	123	155
8943	23	2951	155
4441	14	3710	155
83	1	58	155
5006	15	4986	155
1205	1	953	155
279	15	4973	155
3034	14	3956	155
3900	14	3696	155
308	1	165	155
8204	23	2989	155
1026	1	1027	155
1281	1	129	155
1350	1	129	155
716	1	148	155
1384	1	129	155
1037	1	696	155
1036	1	1027	155
5208	15	4973	155
854	1	135	155
1258	1	129	155
277	1	125	155
11372	22	9589	155
1310	1	129	155
643	1	125	155
12100	22	9567	155
744	1	163	155
3066	23	2982	155
1184	1	953	155
5176	15	4973	155
1389	1	129	155
7975	23	2951	155
1360	1	953	155
1563	1	123	155
1313	1	129	155
4370	14	3710	155
203	1	123	155
4824	14	3710	155
1380	1	953	155
5086	15	4973	155
614	1	123	155
386	1	148	155
1212	1	129	155
3046	23	2928	155
5099	15	4973	155
3148	11	3120	155
438	1	135	155
1016	1	125	155
1143	1	953	155
738	1	123	155
1585	1	148	155
1351	1	129	155
1348	1	953	155
1453	15	4973	155
462	1	125	155
783	1	123	155
390	1	163	155
5261	15	4973	155
145	1	123	155
1470	1	135	155
1501	1	148	155
5330	15	4973	155
1167	1	953	155
1406	15	4986	155
972	1	123	155
3134	11	3129	155
5070	15	4973	155
1533	1	419	155
5052	15	4973	155
1517	1	148	155
1666	1	125	155
1354	1	953	155
1297	1	129	155
4547	14	3450	155
5249	15	4973	155
279	15	4973	156
7178	23	12511	156
1033	1	1035	156
280	1	283	156
1260	1	129	156
3236	23	3023	156
1036	1	1027	156
4260	14	4261	156
9063	23	3023	156
5216	15	4973	156
1336	1	129	156
4568	23	2946	156
703	1	704	156
1649	1	148	156
8787	23	2975	156
5231	15	4973	156
4484	14	4367	156
3134	11	3129	156
5283	15	4973	156
1340	1	129	156
1489	1	123	156
177	1	123	156
1165	1	953	156
1412	1	123	156
6176	23	2566	156
5250	15	4973	156
1384	1	1210	156
3236	23	12520	156
9070	23	2982	156
5225	15	4973	156
5056	15	4973	156
164	1	165	156
2991	10	2992	156
1365	1	129	156
6371	23	3023	156
447	1	125	156
1184	1	953	156
1426	1	135	156
8552	23	3023	156
2729	23	2935	156
12158	22	10950	156
264	15	4973	156
5083	15	4973	156
6439	23	12515	156
1384	1	129	156
6726	23	2966	156
1238	1	129	156
3135	11	3136	156
1348	1	953	156
1317	1	129	156
5346	15	4986	156
398	1	148	156
7136	23	2955	156
350	1	163	156
2852	23	2952	156
3148	11	3120	156
5281	15	4973	156
1171	1	953	156
9390	23	12511	156
1658	1	163	156
3076	23	3077	156
6938	23	12543	156
1406	15	4986	156
1411	1	163	156
5322	15	4986	156
164	15	4973	156
1533	1	419	156
1528	1	125	156
1256	1	129	156
5167	15	4973	156
458	1	125	156
1268	1	129	156
1374	1	953	156
5215	15	4973	156
5311	15	4973	156
1039	1	1041	156
458	15	4973	156
957	1	125	156
1102	1	148	156
6247	23	2935	156
5685	22	9561	156
1233	1	129	156
614	1	123	156
1262	1	129	156
7847	23	2966	156
5035	15	4973	156
1155	1	953	156
699	1	123	156
1389	1	129	156
1205	1	953	156
621	1	123	156
5204	15	4973	156
1192	1	953	156
3084	11	3081	156
1221	1	129	156
1544	1	148	156
5323	15	4973	156
1563	1	123	156
7146	23	12532	156
1406	1	1464	156
1267	1	129	156
784	1	785	156
5068	15	4973	156
706	1	708	156
277	1	125	156
4974	15	4973	156
1293	1	129	156
1281	1	129	156
367	1	123	156
5119	15	4985	156
573	15	5095	156
587	1	125	156
1380	1	953	156
6529	23	3023	156
4370	14	3710	156
2265	23	2982	156
2191	14	4912	156
2729	23	2966	156
1419	1	123	156
2953	10	2957	157
5050	15	4973	157
534	1	135	157
1351	1	129	157
5249	15	4973	157
770	1	125	157
1412	1	123	157
12158	22	9550	157
385	1	148	157
1313	1	129	157
1902	23	3074	157
1220	1	129	157
3066	23	12524	157
7406	23	3023	157
2501	10	2935	157
3057	23	2946	157
1572	1	123	157
5117	15	4973	157
3236	23	3023	157
9294	23	12508	157
946	1	163	157
1406	1	1464	157
1645	1	125	157
389	1	123	157
5101	15	4973	157
1649	1	148	157
1637	6	1439	157
1262	1	129	157
264	15	4973	157
5272	15	4973	157
1276	1	129	157
5296	15	4973	157
784	1	785	157
602	1	604	157
3962	14	3963	157
5013	15	4973	157
3125	11	3118	157
947	1	1033	157
1149	1	953	157
1102	1	148	157
1256	1	129	157
1251	1	129	157
5285	15	4973	157
1207	1	953	157
3034	14	3956	157
1540	1	148	157
5109	15	5110	157
5119	15	4985	157
4568	23	2946	157
1267	1	129	157
135	1	137	157
2265	23	2982	157
9076	23	2968	157
1576	1	419	157
1039	1	1041	157
652	1	148	157
6529	23	2952	157
1319	1	129	157
3076	23	3077	157
1297	1	129	157
1037	1	696	157
5083	15	4973	157
1156	1	953	157
1542	1	148	157
6936	23	12511	157
5015	15	4973	157
5019	15	4973	157
5357	15	4973	157
5052	15	4973	157
721	1	123	157
345	1	123	157
4901	14	4902	157
3826	23	2996	157
5085	15	4973	157
4441	14	3710	157
3076	23	12551	157
10063	22	9829	157
12545	23	2952	157
1365	1	129	157
1281	1	129	157
1380	1	953	157
744	1	163	157
1078	1	123	157
783	1	123	157
8842	23	3023	157
1083	1	123	157
5215	15	4973	157
5041	15	4986	157
628	1	148	157
5009	15	4973	157
1263	1	129	157
3038	23	3039	157
5056	15	4973	157
3066	23	2982	157
146	1	123	157
83	1	58	157
1361	1	953	157
1184	1	953	157
1154	1	953	157
3148	11	3120	157
1329	1	129	157
1143	1	953	157
1014	1	604	157
4899	14	3623	157
1382	1	953	157
1298	1	129	157
1205	1	953	157
6247	23	2935	157
9306	23	12511	157
9680	22	9544	157
1642	1	123	157
214	1	125	158
5216	15	4973	158
264	15	4973	158
1585	1	148	158
5350	15	4973	158
1360	1	953	158
1231	1	129	158
1155	1	953	158
1171	15	4973	158
11316	22	9589	158
2711	17	8640	158
959	1	148	158
1216	1	953	158
5326	15	4973	158
4974	15	4973	158
1238	1	129	158
1375	1	953	158
280	1	281	158
7570	23	12516	158
1645	1	125	158
1500	1	163	158
541	1	282	158
5267	15	4973	158
6726	23	2966	158
8943	23	2951	158
1666	1	125	158
5070	15	4973	158
5099	15	4973	158
5225	15	4973	158
1497	1	163	158
7146	23	12532	158
3097	11	3098	158
1665	1	125	158
1355	1	953	158
1043	1	125	158
5126	15	4973	158
1296	1	129	158
1489	1	123	158
2729	23	2935	158
1389	1	129	158
1313	1	129	158
947	1	1033	158
1351	1	129	158
7136	23	2955	158
6938	23	12543	158
1143	15	4973	158
1167	1	953	158
6529	23	3023	158
5322	15	4986	158
1521	1	148	158
959	1	163	158
2732	14	4358	158
962	1	163	158
1317	1	129	158
817	1	148	158
1468	1	604	158
1263	1	129	158
6247	23	2935	158
1047	1	148	158
277	1	125	158
6555	17	6557	158
7406	23	3023	158
1572	1	123	158
266	1	148	158
12545	23	2952	158
5346	15	4986	158
1534	1	123	158
135	1	137	158
1015	1	148	158
968	1	74	158
1453	15	4973	158
4901	14	4902	158
542	1	1029	158
972	1	123	158
621	1	123	158
6575	22	11098	158
273	1	125	158
10063	22	9829	158
393	1	123	158
4257	14	3696	158
1492	1	125	158
3117	11	3098	158
2643	10	2965	158
2852	23	2952	158
308	15	4973	158
997	1	123	158
280	1	283	158
947	1	163	158
11372	22	9589	158
1542	1	148	158
469	1	125	158
279	1	125	158
699	1	123	158
308	1	165	158
5013	15	4973	158
1297	1	129	158
2991	10	2992	158
1268	1	129	158
5285	15	4973	158
1267	1	129	158
5330	15	4973	158
5233	15	4973	158
1935	6	2012	158
203	1	123	158
825	1	123	158
4915	14	4399	158
5019	15	4973	158
11557	22	5656	158
1278	1	129	158
1233	1	129	158
1276	1	129	158
2711	9	2712	158
3134	11	3129	158
1146	1	953	158
3076	23	3077	158
947	1	975	158
4568	23	2946	158
12058	22	10069	159
1152	1	953	159
830	1	148	159
3944	14	3696	159
11065	22	10458	159
988	15	4986	159
4575	14	4241	159
6371	23	3023	159
1410	1	123	159
817	1	148	159
2732	14	4358	159
12158	22	9549	159
1453	15	4973	159
1359	1	129	159
6529	23	2952	159
5254	15	4973	159
8131	23	3030	159
999	1	123	159
2265	23	2982	159
266	1	148	159
5109	15	5110	159
146	1	123	159
1251	1	129	159
1406	1	1464	159
1268	1	129	159
5303	15	4973	159
1668	1	163	159
1083	1	123	159
3064	23	12505	159
458	1	125	159
754	1	125	159
1655	1	148	159
1231	1	129	159
1348	1	953	159
1281	1	129	159
315	1	123	159
1658	1	163	159
738	1	123	159
3839	17	6433	159
9070	23	2982	159
5686	22	10524	159
1463	1	1464	159
4899	14	3623	159
308	15	4973	159
1351	1	129	159
1528	1	125	159
1350	1	129	159
5250	15	4973	159
462	1	125	159
279	1	125	159
3038	23	3039	159
2127	6	2027	159
5291	15	4973	159
6575	22	11098	159
1463	15	4986	159
8751	23	12508	159
703	1	704	159
1517	1	148	159
1492	1	125	159
1171	15	4973	159
962	1	163	159
9018	23	3023	159
344	1	123	159
972	1	123	159
9051	23	12508	159
134	1	125	159
393	1	123	159
5278	15	4986	159
1171	1	953	159
1585	1	148	159
7847	23	2966	159
2643	10	2951	159
10066	22	9923	159
5056	15	4973	159
643	1	125	159
1501	1	148	159
446	1	401	159
1178	1	953	159
3420	14	3421	159
6439	23	2956	159
3057	23	2946	159
946	1	163	159
699	1	123	159
1248	1	129	159
2121	6	2042	159
673	1	948	159
1179	1	953	159
418	1	419	159
6938	23	12543	159
5326	15	4973	159
11316	22	9589	159
1180	1	953	159
1646	1	543	159
1994	6	2067	159
706	1	708	159
5101	15	4973	159
8385	23	3023	159
6726	23	2966	159
705	1	687	159
1392	1	129	159
9306	23	12511	159
1340	1	129	159
282	1	696	159
1140	1	148	159
950	1	148	159
145	1	123	159
1203	1	953	159
1178	1	953	160
1293	1	129	160
781	1	148	160
1214	1	129	160
1212	1	129	160
138	15	4973	160
5137	15	4973	160
9018	23	3023	160
5232	15	4973	160
1585	1	148	160
11557	22	5656	160
1167	1	953	160
1542	1	148	160
1646	1	543	160
5351	15	4973	160
399	1	401	160
1645	1	125	160
3053	23	12505	160
5685	22	5655	160
1548	1	148	160
1192	1	953	160
5285	15	4973	160
1501	1	148	160
7136	23	2955	160
1203	1	1142	160
998	1	148	160
9390	23	12511	160
3868	14	3869	160
6247	23	2935	160
3034	14	3956	160
1220	1	1210	160
390	1	163	160
5119	15	4985	160
2729	23	2935	160
3038	23	3039	160
386	1	148	160
1545	1	148	160
5233	15	4973	160
587	1	125	160
5294	15	4973	160
4568	23	2946	160
1036	1	1027	160
5081	15	4973	160
1216	1	953	160
6529	23	2952	160
5323	15	4973	160
3082	23	3023	160
5303	15	4973	160
1415	1	148	160
5330	15	4973	160
3943	14	3696	160
7847	23	2966	160
5204	15	4973	160
438	1	135	160
947	1	1033	160
5277	15	4973	160
10063	22	10064	160
1046	1	148	160
12016	22	9678	160
5208	15	4973	160
12545	23	2952	160
4257	14	3696	160
273	1	125	160
1317	1	129	160
5281	15	4973	160
418	1	419	160
1411	1	163	160
643	1	125	160
1143	15	4973	160
3125	11	3118	160
8943	23	12535	160
1189	1	953	160
1572	1	123	160
995	1	148	160
282	1	696	160
5250	15	4973	160
6575	22	11098	160
5186	15	4973	160
1661	1	125	160
959	1	148	160
5056	15	4973	160
1306	1	129	160
9070	23	2982	160
972	1	123	160
628	1	148	160
279	1	125	160
5077	15	4973	160
1042	1	687	160
12058	22	10069	160
264	15	4973	160
1314	1	129	160
177	1	123	160
4121	14	4122	160
1902	23	3074	160
434	1	123	160
1863	9	2560	160
770	1	125	160
1221	1	129	160
6544	23	3030	160
971	1	148	160
1510	1	123	160
1500	1	163	160
1846	23	12520	160
5350	15	4973	160
1169	1	953	160
1303	1	129	160
446	1	401	160
1078	1	123	160
1203	1	953	160
4440	14	3610	160
6371	23	3023	160
754	1	125	160
614	1	123	160
5313	15	4973	160
5031	15	4973	160
3962	14	3963	160
1180	1	953	160
6129	23	12508	161
5005	15	4973	161
673	1	948	161
4441	14	3710	161
2848	23	12523	161
352	15	4973	161
1260	1	129	161
9018	23	3023	161
5232	15	4973	161
1220	1	129	161
1351	1	129	161
621	1	123	161
434	1	123	161
1217	1	953	161
1171	15	4973	161
1220	1	1210	161
264	15	4973	161
534	1	135	161
3082	23	3023	161
5013	15	4973	161
1278	1	1210	161
8204	23	2989	161
573	15	5095	161
614	1	123	161
1414	1	123	161
3082	11	3083	161
962	1	163	161
5186	15	4973	161
5117	15	4973	161
446	1	445	161
11703	22	9557	161
12469	22	9833	161
4260	14	4261	161
3038	23	3039	161
138	15	4973	161
1585	1	706	161
957	1	125	161
11065	22	9643	161
643	1	125	161
4370	14	3710	161
1262	1	129	161
4568	23	2946	161
1501	1	148	161
1317	1	129	161
3236	23	12520	161
2732	12	3195	161
231	1	123	161
1296	1	129	161
1846	23	12520	161
5098	15	4986	161
3166	23	12532	161
999	1	123	161
1646	1	543	161
5278	15	4986	161
450	1	148	161
5007	15	4973	161
1238	1	129	161
1410	1	123	161
1470	1	135	161
8751	23	12508	161
1233	1	129	161
467	1	125	161
5296	15	4973	161
825	1	123	161
1994	6	2067	161
8426	23	12511	161
134	1	125	161
5109	15	5110	161
1347	1	953	161
946	1	163	161
1152	1	953	161
1415	1	148	161
1149	1	953	161
1544	1	148	161
3097	11	3098	161
121	1	123	161
1375	1	953	161
1252	1	129	161
5035	15	4973	161
2127	6	2027	161
1668	1	163	161
1384	1	129	161
4440	14	3610	161
8943	23	2951	161
7847	23	2966	161
5322	15	4986	161
4984	15	4986	161
424	15	4986	161
1359	1	129	161
1293	1	129	161
7073	23	2989	161
7406	23	3023	161
311	1	148	161
1143	15	4973	161
5261	15	4973	161
1902	23	3074	161
3155	11	3085	161
1468	1	604	161
4978	15	4973	161
691	1	123	161
5294	15	4973	161
104	1	74	161
2121	6	2042	161
1406	15	4986	161
721	1	123	161
5176	15	4973	161
418	1	419	161
541	1	282	161
1406	1	1464	161
5250	15	4973	161
4547	14	3666	161
1184	1	953	161
280	1	281	161
1042	1	687	161
12545	23	2952	161
10063	22	9923	161
447	1	125	161
9218	23	12508	161
8692	23	12516	161
398	1	148	161
5277	15	4973	161
5403	17	5815	161
5302	15	4973	161
4575	14	4241	161
680	18	9132	162
8516	19	2048	162
9144	18	1035	162
2253	8	2254	162
6195	19	1991	162
680	18	9130	162
6	0	7	162
9144	18	9139	162
9470	21	9455	162
135	18	854	162
1042	18	645	162
1042	18	876	162
1042	18	1441	162
1042	18	567	162
2353	8	2352	162
1042	18	1551	162
9144	18	1031	162
2246	8	2245	162
2445	8	2446	162
1042	18	1050	162
1042	18	979	162
1042	18	1051	162
9144	18	9136	162
135	18	1081	162
680	18	9135	162
1042	18	435	162
2301	8	2302	162
1042	18	568	162
1042	18	715	162
1042	18	409	162
680	18	9134	162
1042	18	489	162
680	18	9133	162
135	18	1591	162
680	18	9131	162
9144	18	708	162
2691	19	9149	162
2352	8	2353	162
135	18	438	162
2925	19	1926	162
9144	18	698	162
9144	18	687	162
135	18	2004	162
9144	18	1041	162
3409	21	9434	162
9144	18	9140	162
399	7	2231	162
1042	18	297	162
8552	19	9149	162
1042	18	160	162
2456	8	2457	162
2379	8	2380	162
104	0	106	162
1042	18	377	162
3024	19	9152	162
9144	18	1027	162
2449	8	2366	162
3250	21	9434	162
135	18	1470	162
9144	18	137	162
9144	18	1029	162
2302	8	2301	162
1042	18	1467	162
2990	19	9159	162
135	18	1426	162
2380	8	2379	162
9534	21	9465	162
9144	18	9137	162
2245	8	2246	162
135	18	534	162
9144	18	704	162
2424	8	2425	162
1042	18	644	162
9144	18	696	162
9144	18	9138	162
9144	18	1029	163
2301	8	2302	163
9144	18	687	163
135	18	438	163
9470	21	9455	163
9144	18	9136	163
8516	19	2048	163
9144	18	9137	163
399	7	2231	163
1042	18	297	163
104	0	106	163
135	18	2004	163
3409	21	9434	163
1042	18	876	163
1042	18	979	163
9144	18	704	163
1042	18	435	163
2424	8	2425	163
2449	8	2366	163
1042	18	409	163
2456	8	2457	163
1042	18	568	163
9144	18	137	163
680	18	9133	163
9144	18	696	163
8552	19	9149	163
1042	18	377	163
2379	8	2380	163
6	0	7	163
400	18	446	163
400	18	399	163
1042	18	1441	163
6195	19	1991	163
9144	18	708	163
9144	18	1027	163
2246	8	2245	163
680	18	9135	163
135	18	854	163
9144	18	1035	163
135	18	1426	163
9144	18	9139	163
1042	18	715	163
1042	18	644	163
2353	8	2352	163
135	18	1591	163
680	18	9131	163
2691	19	9149	163
2253	8	2254	163
2925	19	1926	163
2352	8	2353	163
1042	18	489	163
680	18	9130	163
2990	19	9159	163
135	18	534	163
1042	18	645	163
1042	18	567	163
1042	18	1051	163
1042	18	1551	163
135	18	1470	163
9534	21	9465	163
680	18	9132	163
2302	8	2301	163
3024	19	9152	163
2245	8	2246	163
9144	18	1041	163
9144	18	9140	163
2445	8	2446	163
9144	18	1031	163
9144	18	698	163
135	18	1081	163
1042	18	1050	163
680	18	9134	163
2380	8	2379	163
9144	18	9138	163
3250	21	9434	163
1042	18	160	163
1042	18	1467	163
9144	18	696	164
680	18	9131	164
2365	8	2366	164
680	18	9133	164
1042	18	567	164
1042	18	568	164
9144	18	1041	164
9144	18	9137	164
9534	21	9465	164
9144	18	708	164
1042	18	876	164
9144	18	9140	164
2246	8	2245	164
2379	8	2380	164
9144	18	1029	164
3024	19	9152	164
9144	18	9136	164
3250	21	9434	164
1042	18	644	164
680	18	9130	164
9144	18	704	164
135	18	438	164
2352	8	2353	164
1042	18	409	164
1042	18	1467	164
135	18	1081	164
400	18	446	164
2301	8	2302	164
9144	18	1031	164
1042	18	1050	164
1042	18	160	164
135	18	1426	164
2424	8	2425	164
2990	19	9159	164
2377	8	2378	164
2302	8	2301	164
1042	18	715	164
104	0	106	164
135	18	854	164
1042	18	1551	164
3409	21	9434	164
1042	18	1441	164
1042	18	377	164
9144	18	9138	164
9144	18	137	164
680	18	9134	164
399	7	2231	164
680	18	9132	164
2380	8	2379	164
9470	21	9455	164
8552	19	9149	164
2253	8	2254	164
2456	8	2457	164
1042	18	1051	164
400	18	399	164
680	18	9135	164
9144	18	687	164
1042	18	297	164
1042	18	489	164
2691	19	9149	164
135	18	1470	164
6195	19	1991	164
2925	19	1926	164
135	18	2004	164
9144	18	1027	164
9144	18	698	164
1042	18	979	164
2445	8	2446	164
2353	8	2352	164
9144	18	9139	164
135	18	534	164
8516	19	2048	164
2378	8	2377	164
1042	18	645	164
1042	18	435	164
135	18	1591	164
9144	18	1035	164
2245	8	2246	164
135	18	1081	165
2301	8	2302	165
1042	18	979	165
9534	21	9465	165
1042	18	377	165
9144	18	9136	165
1042	18	876	165
8552	19	9149	165
400	18	446	165
9144	18	9137	165
2380	8	2379	165
135	18	1426	165
9144	18	1027	165
2456	8	2457	165
680	18	9132	165
104	0	106	165
2246	8	2245	165
1042	18	715	165
680	18	9135	165
9144	18	9139	165
9144	18	704	165
2378	8	2377	165
2377	8	2378	165
135	18	438	165
1042	18	567	165
9144	18	698	165
6195	19	1991	165
399	7	2231	165
2365	8	2366	165
680	18	9134	165
1042	18	1467	165
9144	18	1029	165
1042	18	435	165
135	18	1591	165
2398	8	2399	165
1042	18	1051	165
2990	19	9159	165
1042	18	1441	165
400	18	399	165
1042	18	1050	165
2424	8	2425	165
2302	8	2301	165
680	18	9131	165
680	18	9130	165
1042	18	409	165
680	18	9133	165
9144	18	687	165
2352	8	2353	165
135	18	854	165
2253	8	2254	165
1042	18	644	165
2379	8	2380	165
2691	19	9149	165
2445	8	2446	165
1042	18	297	165
3409	21	9434	165
2925	19	1926	165
9144	18	696	165
1042	18	568	165
1042	18	1551	165
9144	18	1031	165
3250	21	9434	165
1042	18	160	165
135	18	2004	165
9144	18	1041	165
2353	8	2352	165
9144	18	137	165
135	18	534	165
9144	18	708	165
1042	18	489	165
135	18	1470	165
1042	18	645	165
2245	8	2246	165
9470	21	9455	165
9144	18	9140	165
9144	18	9138	165
8516	19	2048	165
9144	18	1035	165
104	0	106	166
680	18	9130	166
135	18	534	166
1042	18	979	166
9144	18	708	166
1042	18	1551	166
1042	18	297	166
9144	18	696	166
6195	19	1991	166
135	18	1470	166
1042	18	567	166
680	18	9131	166
135	18	854	166
1042	18	435	166
2925	19	1926	166
2301	8	2302	166
680	18	9133	166
2424	8	2425	166
2445	8	2446	166
1042	18	1467	166
9144	18	704	166
9144	18	1027	166
680	18	9134	166
2379	8	2380	166
9144	18	9138	166
1042	18	160	166
2253	8	2254	166
1042	18	1050	166
2456	8	2457	166
2353	8	2352	166
9144	18	9139	166
400	18	3078	166
400	18	446	166
9144	18	9140	166
2380	8	2379	166
3409	21	9434	166
9144	18	9136	166
2377	8	2378	166
135	18	1426	166
9144	18	1031	166
1042	18	489	166
680	18	9135	166
9144	18	698	166
2365	8	2366	166
1042	18	645	166
9144	18	1029	166
9470	21	9455	166
8552	19	9149	166
135	18	1081	166
2990	19	9159	166
9144	18	9137	166
9144	18	1041	166
1042	18	644	166
9144	18	1035	166
9144	18	687	166
2378	8	2377	166
680	18	9132	166
9144	18	137	166
3024	19	9153	166
135	18	2004	166
2352	8	2353	166
1042	18	876	166
9534	21	9465	166
399	7	2231	166
1042	18	377	166
1042	18	715	166
400	18	399	166
2302	8	2301	166
1042	18	409	166
1042	18	1441	166
1042	18	1051	166
135	18	438	166
1042	18	568	166
2398	8	2399	166
3250	21	9434	166
2691	19	9149	166
135	18	1591	166
8516	19	2048	166
399	7	2231	167
2990	19	9159	167
9470	21	9455	167
1042	18	979	167
135	18	534	167
2445	8	2446	167
135	18	438	167
400	18	399	167
9144	18	9138	167
2352	8	2353	167
9144	18	708	167
2378	8	2377	167
1042	18	409	167
135	18	1591	167
2925	19	1926	167
1042	18	1551	167
1042	18	876	167
9144	18	137	167
680	18	9133	167
135	18	1426	167
2424	8	2425	167
9144	18	687	167
1042	18	160	167
1042	18	644	167
680	18	9131	167
9144	18	1035	167
2379	8	2380	167
2377	8	2378	167
135	18	854	167
1042	18	645	167
2691	19	9149	167
2380	8	2379	167
1042	18	1050	167
2353	8	2352	167
2456	8	2457	167
400	18	446	167
9144	18	1041	167
1042	18	489	167
104	0	106	167
1042	18	1467	167
2302	8	2301	167
9144	18	696	167
680	18	9134	167
2301	8	2302	167
1042	18	568	167
2365	8	2366	167
680	18	9130	167
135	18	1081	167
135	18	1470	167
1042	18	567	167
1042	18	715	167
135	18	2004	167
9144	18	698	167
8516	19	2048	167
1042	18	435	167
9534	21	9465	167
3409	21	9434	167
1042	18	1441	167
9144	18	704	167
9144	18	1031	167
1042	18	377	167
3250	21	9434	167
9144	18	1027	167
3024	19	9153	167
8552	19	9149	167
400	18	3078	167
680	18	9135	167
680	18	9132	167
9144	18	1029	167
9144	18	9140	167
6195	19	1991	167
9144	18	9136	167
2253	8	2254	167
9144	18	9137	167
9144	18	9139	167
1042	18	297	167
1042	18	1051	167
135	18	1426	168
1042	18	1441	168
9144	18	696	168
680	18	9131	168
8552	19	9149	168
2456	8	2457	168
2352	8	2353	168
2365	8	2366	168
135	18	1081	168
135	18	534	168
2302	8	2301	168
3409	21	9434	168
3250	21	9434	168
1042	18	567	168
1042	18	644	168
9144	18	9140	168
399	7	2231	168
9144	18	9137	168
1042	18	876	168
2301	8	2302	168
9144	18	1027	168
1042	18	1051	168
9144	18	9139	168
400	18	399	168
104	0	106	168
9144	18	137	168
2378	8	2377	168
680	18	9133	168
2424	8	2425	168
2691	19	9149	168
1042	18	979	168
9144	18	687	168
9144	18	698	168
680	18	9134	168
2463	8	2464	168
3024	19	9153	168
2445	8	2446	168
1042	18	160	168
1042	18	409	168
9144	18	1029	168
680	18	9132	168
680	18	9130	168
2295	8	2294	168
1042	18	489	168
135	18	854	168
2353	8	2352	168
9534	21	9465	168
2294	8	2295	168
135	18	438	168
400	18	3078	168
2253	8	2254	168
135	18	1470	168
135	18	1591	168
6195	19	1991	168
1042	18	645	168
9470	21	9455	168
1042	18	435	168
2379	8	2380	168
1042	18	1050	168
680	18	9135	168
1042	18	377	168
2377	8	2378	168
9144	18	9138	168
2990	19	9159	168
135	18	2004	168
1042	18	1467	168
9144	18	704	168
1042	18	1551	168
1042	18	568	168
2380	8	2379	168
400	18	446	168
1042	18	297	168
9144	18	9136	168
9144	18	1031	168
8516	19	2048	168
1042	18	715	168
9144	18	1035	168
2925	19	1926	168
9144	18	1041	168
9144	18	708	168
1042	18	568	169
9144	18	704	169
400	18	446	169
1042	18	409	169
9144	18	9140	169
1042	18	876	169
9144	18	696	169
135	18	854	169
2463	8	2464	169
9144	18	687	169
680	18	9135	169
9144	18	698	169
9144	18	137	169
2445	8	2446	169
9470	21	9455	169
2925	19	1926	169
680	18	9134	169
2365	8	2366	169
400	18	399	169
8516	19	2048	169
9144	18	1029	169
1042	18	160	169
1042	18	715	169
3250	21	9434	169
2377	8	2378	169
9144	18	708	169
1042	18	1050	169
1042	18	1051	169
9144	18	1041	169
1042	18	377	169
9144	18	1027	169
2379	8	2380	169
2456	8	2457	169
680	18	9132	169
135	18	1426	169
135	18	1081	169
2301	8	2302	169
1042	18	489	169
1042	18	567	169
680	18	9130	169
1042	18	435	169
9144	18	9137	169
9144	18	9138	169
135	18	2004	169
2302	8	2301	169
1042	18	1467	169
6195	19	1991	169
135	18	438	169
1042	18	645	169
1042	18	1551	169
9144	18	9139	169
680	18	9133	169
2380	8	2379	169
3409	21	9434	169
135	18	534	169
2353	8	2352	169
680	18	9131	169
1042	18	644	169
9144	18	9136	169
2424	8	2425	169
1042	18	979	169
2253	8	2254	169
8552	19	9149	169
2378	8	2377	169
135	18	1470	169
9144	18	1031	169
9144	18	1035	169
1042	18	297	169
2990	19	9159	169
2295	8	2294	169
2691	19	9149	169
2294	8	2295	169
1042	18	1441	169
104	0	106	169
135	18	1591	169
2352	8	2353	169
9534	21	9465	169
400	18	3078	169
9144	18	9137	170
8516	19	2048	170
2302	8	2301	170
2424	8	2425	170
400	18	399	170
135	18	1426	170
2445	8	2446	170
9144	18	1041	170
1042	18	568	170
9144	18	704	170
1042	18	160	170
1042	18	645	170
1042	18	435	170
2378	8	2377	170
680	18	9132	170
1042	18	1551	170
1042	18	297	170
1042	18	409	170
9144	18	9139	170
9144	18	696	170
2352	8	2353	170
1042	18	979	170
1042	18	377	170
9144	18	9140	170
2253	8	2254	170
9470	21	9455	170
680	18	9134	170
2365	8	2366	170
6195	19	1991	170
2456	8	2457	170
1042	18	1050	170
2364	8	2363	170
2377	8	2378	170
3409	21	9434	170
135	18	534	170
9144	18	9138	170
9144	18	687	170
680	18	9133	170
2691	19	9149	170
135	18	2004	170
3250	21	9434	170
1042	18	1051	170
135	18	854	170
9144	18	9136	170
9144	18	708	170
8552	19	9149	170
1042	18	715	170
1042	18	876	170
9144	18	1035	170
2363	8	2364	170
9144	18	698	170
9534	21	9465	170
9144	18	1027	170
9144	18	1029	170
1042	18	489	170
135	18	1470	170
680	18	9135	170
2353	8	2352	170
1042	18	644	170
680	18	9130	170
1042	18	1467	170
2294	8	2295	170
2379	8	2380	170
135	18	438	170
400	18	446	170
2990	19	9159	170
135	18	1081	170
2301	8	2302	170
104	0	106	170
135	18	1591	170
2463	8	2464	170
680	18	9131	170
2925	19	1926	170
1042	18	1441	170
400	18	3078	170
9144	18	1031	170
2295	8	2294	170
1042	18	567	170
2380	8	2379	170
9144	18	137	170
400	18	3078	171
2363	8	2364	171
2365	8	2366	171
2925	19	1926	171
1042	18	489	171
2353	8	2352	171
135	18	1470	171
9144	18	137	171
2990	19	9159	171
135	18	534	171
400	18	446	171
1042	18	1467	171
2364	8	2363	171
9144	18	1027	171
135	18	854	171
2463	8	2464	171
8516	19	2048	171
9144	18	1029	171
9534	21	9465	171
9144	18	1035	171
2295	8	2294	171
1042	18	409	171
9144	18	9138	171
9144	18	9139	171
1042	18	377	171
135	18	1426	171
9144	18	687	171
9144	18	1041	171
9144	18	1031	171
135	18	1591	171
1042	18	1051	171
9144	18	698	171
9144	18	9137	171
104	0	106	171
3250	21	9434	171
680	18	9135	171
2352	8	2353	171
135	18	1081	171
680	18	9130	171
2379	8	2380	171
9144	18	696	171
400	18	399	171
2445	8	2446	171
3409	21	9434	171
3024	19	9153	171
2265	8	2266	171
2380	8	2379	171
1042	18	1551	171
9144	18	704	171
1042	18	1050	171
1042	18	876	171
1042	18	297	171
1042	18	568	171
680	18	9134	171
135	18	438	171
9144	18	9140	171
1042	18	567	171
2302	8	2301	171
8552	19	9149	171
2294	8	2295	171
9505	21	9458	171
680	18	9133	171
2378	8	2377	171
135	18	2004	171
2691	19	9149	171
680	18	9132	171
1042	18	645	171
1042	18	160	171
1042	18	715	171
2424	8	2425	171
680	18	9131	171
1042	18	435	171
1042	18	644	171
9144	18	708	171
1042	18	1441	171
2377	8	2378	171
2253	8	2254	171
6195	19	1991	171
9144	18	9136	171
1042	18	979	171
2456	8	2457	171
9470	21	9455	171
2301	8	2302	171
9144	18	698	172
1042	18	567	172
2353	8	2352	172
9534	21	9465	172
2424	8	2425	172
135	18	534	172
2265	8	2266	172
3409	21	9434	172
1042	18	489	172
9144	18	696	172
680	18	9130	172
2378	8	2377	172
2294	8	2295	172
680	18	9135	172
1042	18	377	172
2990	19	9159	172
9144	18	1027	172
3024	19	9153	172
9144	18	9136	172
8516	19	2048	172
1042	18	1467	172
9144	18	687	172
9470	21	9455	172
2463	8	2464	172
1042	18	1441	172
1042	18	715	172
135	18	1470	172
2295	8	2294	172
1042	18	876	172
135	18	438	172
1042	18	644	172
9144	18	1031	172
9144	18	1041	172
135	18	1426	172
1042	18	979	172
2352	8	2353	172
1042	18	160	172
9144	18	1035	172
135	18	1081	172
9144	18	708	172
1042	18	568	172
400	18	399	172
9144	18	9137	172
1042	18	409	172
1042	18	1051	172
680	18	9134	172
135	18	854	172
9144	18	9139	172
9144	18	9138	172
2364	8	2363	172
2691	19	9149	172
1042	18	1050	172
400	18	446	172
1042	18	297	172
2363	8	2364	172
135	18	2004	172
1042	18	435	172
9144	18	1029	172
2301	8	2302	172
135	18	1591	172
1042	18	1551	172
104	0	106	172
680	18	9133	172
9144	18	137	172
9144	18	9140	172
3250	21	9434	172
2302	8	2301	172
2925	19	1926	172
1042	18	645	172
8552	19	9149	172
680	18	9131	172
6195	19	1991	172
9144	18	704	172
2377	8	2378	172
680	18	9132	172
2445	8	2446	172
400	18	3078	172
9144	18	696	173
9144	18	9139	173
2295	8	2294	173
680	18	9133	173
1042	18	644	173
680	18	9135	173
135	18	438	173
1042	18	297	173
9144	18	1035	173
1042	18	645	173
9144	18	9136	173
1042	18	489	173
2445	8	2446	173
1042	18	567	173
9531	21	9451	173
2377	8	2378	173
135	18	534	173
400	18	3078	173
2925	19	1926	173
2463	8	2464	173
9144	18	1041	173
1042	18	1050	173
3409	21	9434	173
9144	18	9137	173
9144	18	708	173
135	18	854	173
2352	8	2353	173
9144	18	704	173
1042	18	876	173
1042	18	377	173
1042	18	160	173
135	18	1591	173
135	18	1426	173
2363	8	2364	173
3250	21	9434	173
1042	18	409	173
680	18	9132	173
2294	8	2295	173
135	18	1470	173
9144	18	9138	173
9144	18	698	173
1042	18	435	173
2364	8	2363	173
1042	18	1441	173
8552	19	9149	173
9144	18	9140	173
135	18	1081	173
9534	21	9465	173
9144	18	1027	173
2424	8	2425	173
1042	18	979	173
2990	19	9159	173
135	18	2004	173
9470	21	9455	173
1042	18	1051	173
9144	18	137	173
680	18	9130	173
1042	18	715	173
6195	19	1991	173
3024	19	9153	173
1042	18	1467	173
9144	18	687	173
2691	19	9149	173
1042	18	1551	173
8516	19	2048	173
2265	8	2266	173
9144	18	1029	173
680	18	9131	173
400	18	446	173
9144	18	1031	173
2353	8	2352	173
2378	8	2377	173
680	18	9134	173
400	18	399	173
1042	18	568	173
104	0	106	173
9144	18	1035	174
135	18	534	174
1042	18	1050	174
2286	8	2287	174
1042	18	644	174
9144	18	137	174
9144	18	9140	174
9144	18	708	174
2363	8	2364	174
680	18	9130	174
8552	19	9149	174
1042	18	1441	174
2691	19	9149	174
1042	18	876	174
680	18	9134	174
1042	18	160	174
6195	19	1991	174
400	18	399	174
2424	8	2425	174
1042	18	979	174
9144	18	696	174
1042	18	409	174
9470	21	9455	174
9144	18	9136	174
9144	18	1031	174
104	0	106	174
9144	18	687	174
2925	19	1926	174
2445	8	2446	174
3250	21	9434	174
9144	18	1029	174
135	18	1081	174
135	18	1470	174
1042	18	567	174
135	18	1591	174
3024	19	9153	174
1042	18	1051	174
9144	18	9138	174
9144	18	9139	174
680	18	9131	174
8516	19	2048	174
680	18	9135	174
9144	18	1027	174
9144	18	704	174
1042	18	489	174
1042	18	568	174
9534	21	9465	174
1042	18	1551	174
2463	8	2464	174
9144	18	698	174
9144	18	1041	174
2364	8	2363	174
400	18	3078	174
135	18	2004	174
2287	8	2286	174
399	7	2231	174
2265	8	2266	174
3409	21	9434	174
9144	18	9137	174
680	18	9132	174
1042	18	377	174
2377	8	2378	174
1042	18	645	174
680	18	9133	174
135	18	438	174
135	18	1426	174
2378	8	2377	174
2990	19	9159	174
1042	18	1467	174
135	18	854	174
400	18	446	174
1042	18	715	174
1042	18	297	174
1042	18	435	174
135	18	1081	175
680	18	9130	175
2445	8	2446	175
1042	18	435	175
9144	18	1041	175
9144	18	704	175
3409	21	9434	175
9144	18	687	175
9144	18	708	175
1042	18	644	175
1042	18	297	175
1042	18	1551	175
8552	19	9149	175
1042	18	715	175
135	18	534	175
2424	8	2425	175
9144	18	1035	175
104	0	106	175
400	18	3078	175
1042	18	567	175
2363	8	2364	175
1042	18	1051	175
2287	8	2286	175
680	18	9131	175
400	18	446	175
9144	18	1027	175
1042	18	489	175
400	18	399	175
9144	18	9140	175
9144	18	137	175
2691	19	9149	175
2925	19	1926	175
1042	18	645	175
1042	18	979	175
2364	8	2363	175
680	18	9133	175
680	18	9135	175
1042	18	1467	175
135	18	854	175
9144	18	1029	175
1042	18	1441	175
9144	18	9138	175
9144	18	696	175
6195	19	1991	175
1042	18	377	175
9144	18	698	175
399	7	2231	175
9144	18	9139	175
3250	21	9434	175
3024	19	9153	175
135	18	1426	175
135	18	2004	175
9144	18	9136	175
680	18	9134	175
1042	18	876	175
9144	18	9137	175
9470	21	9455	175
2463	8	2464	175
135	18	1591	175
135	18	1470	175
1042	18	1050	175
1042	18	409	175
2990	19	9159	175
2265	8	2266	175
9534	21	9465	175
2286	8	2287	175
135	18	438	175
9144	18	1031	175
1042	18	160	175
680	18	9132	175
8516	19	2048	175
1042	18	568	175
9531	21	9457	175
400	18	3078	176
2287	8	2286	176
680	18	9131	176
9144	18	696	176
680	18	9133	176
1042	18	435	176
135	18	854	176
399	7	2230	176
9144	18	1035	176
399	7	2231	176
135	18	1470	176
9144	18	1029	176
400	18	446	176
680	18	9135	176
9144	18	9138	176
2424	8	2425	176
9144	18	687	176
1042	18	979	176
9470	21	9455	176
1042	18	1050	176
2691	19	9149	176
1042	18	297	176
1042	18	1051	176
8552	19	9149	176
1042	18	876	176
1042	18	645	176
1042	18	1551	176
9144	18	9139	176
135	18	1081	176
9144	18	1041	176
9144	18	1031	176
2286	8	2287	176
680	18	9134	176
2363	8	2364	176
6195	19	1991	176
135	18	534	176
680	18	9130	176
2265	8	2266	176
135	18	1591	176
1042	18	568	176
135	18	1426	176
1042	18	160	176
9144	18	9137	176
1042	18	715	176
9144	18	9136	176
400	18	399	176
1042	18	1441	176
1042	18	409	176
2925	19	1926	176
3409	21	9434	176
9144	18	704	176
2364	8	2363	176
3250	21	9434	176
2463	8	2464	176
1042	18	1467	176
8516	19	2048	176
1042	18	567	176
9144	18	698	176
9534	21	9465	176
1042	18	377	176
2445	8	2446	176
1042	18	489	176
9432	21	9461	176
680	18	9132	176
104	0	106	176
2990	19	9159	176
135	18	2004	176
135	18	438	176
9144	18	9140	176
9144	18	1027	176
1042	18	644	176
9144	18	708	176
9144	18	137	176
1042	18	979	177
135	18	1081	177
1042	18	409	177
135	18	854	177
400	18	399	177
9144	18	696	177
1042	18	435	177
680	18	9134	177
8516	19	2048	177
1042	18	1441	177
1042	18	1467	177
9144	18	698	177
400	18	446	177
135	18	1470	177
135	18	1591	177
135	18	438	177
2286	8	2287	177
9144	18	1041	177
8552	19	9149	177
1042	18	876	177
2463	8	2464	177
9470	21	9455	177
9144	18	708	177
9144	18	1027	177
1042	18	645	177
3250	21	9434	177
1042	18	1050	177
2424	8	2425	177
9144	18	704	177
2265	8	2266	177
2691	19	9149	177
9144	18	9136	177
399	7	2230	177
2990	19	9159	177
9144	18	9139	177
9144	18	137	177
135	18	1426	177
1042	18	567	177
9144	18	687	177
9144	18	9140	177
680	18	9131	177
135	18	534	177
1042	18	1051	177
1042	18	160	177
400	18	3078	177
2925	19	1926	177
1042	18	568	177
2287	8	2286	177
1042	18	715	177
9144	18	1031	177
9534	21	9465	177
680	18	9132	177
1042	18	644	177
1042	18	1551	177
