3225	23	2938	000
2143	6	2045	000
2097	6	30	000
2129	6	30	000
5238	15	5088	000
199	1	189	000
675	6	2051	000
5308	15	5088	000
492	1	493	000
3637	14	3636	000
3231	12	29	000
811	1	416	000
776	1	493	000
8957	23	2922	000
3208	12	2082	000
169	6	173	000
1941	5	1943	000
55	6	30	000
2015	6	117	000
2079	6	30	000
1898	23	2997	000
2080	6	117	000
3227	12	46	000
1894	23	2920	000
229	15	4988	000
1525	6	29	000
1502	1	416	000
3242	12	2009	000
610	1	416	000
443	1	416	000
3211	12	2082	000
717	1	636	000
473	1	416	000
5133	15	5088	000
831	1	416	000
613	1	416	000
178	6	117	000
845	1	28	000
1133	6	1134	000
228	1	229	000
1922	6	2061	000
846	1	397	000
428	15	5049	000
114	1	117	000
85	6	117	000
4911	14	4117	000
1644	1	207	000
2530	14	3431	000
178	1	179	000
3577	14	3437	000
188	1	189	000
1961	6	2029	000
5214	15	5088	000
818	1	416	000
2138	6	2045	000
292	1	120	000
2135	6	2045	000
1975	6	2008	000
598	6	30	000
812	1	416	000
1871	12	2155	000
25	15	5024	000
1363	1	27	000
480	15	4990	000
3522	14	3524	000
675	15	4990	000
2130	6	2045	000
2140	6	2045	000
17	1	1561	000
810	1	416	000
310	15	5088	000
2142	6	2045	000
659	1	341	000
675	15	5120	000
822	1	416	000
2	6	2061	000
8955	23	2939	000
25	15	4990	000
25	6	30	000
578	1	28	000
1110	15	5120	000
3217	12	28	000
3237	12	117	000
44	5	25	000
8414	17	5994	000
380	6	30	000
1947	6	173	000
1133	15	4990	000
630	6	30	000
2126	6	2045	000
2159	6	30	000
734	15	4977	000
800	1	416	000
3101	11	3102	000
2116	6	2061	000
205	1	207	000
478	1	479	000
759	1	28	000
492	15	5088	000
597	15	5088	000
1133	1	1134	000
2153	6	2029	000
478	1	444	000
9420	23	2939	000
3209	12	30	000
1588	1	263	000
2049	6	30	000
113	6	30	000
1930	15	4977	000
3232	12	29	000
2069	6	1561	000
1100	6	28	000
19	6	2045	000
2176	6	2061	000
2082	15	4988	000
3018	23	2977	000
5348	15	5088	000
253	6	30	000
2077	6	2061	000
769	1	28	000
415	1	416	000
2026	6	2029	000
2119	6	2045	000
776	15	5088	000
169	1	173	000
3189	12	2040	000
2094	6	2096	000
2791	9	2476	000
396	6	30	000
3193	12	2155	000
2693	12	28	000
303	1	416	000
12552	23	12525	000
588	6	1560	000
228	6	229	000
2903	11	3089	000
205	15	4990	000
2059	6	2061	000
832	1	416	000
2011	6	30	000
2161	6	2061	000
1866	12	170	000
1592	6	2029	000
3093	23	12538	000
771	6	30	000
1127	1	846	000
629	1	30	000
8824	23	2977	000
656	6	30	000
1478	1	114	000
1941	6	2045	000
1473	1	114	000
734	15	4977	000
2207	12	2155	000
1429	6	2029	000
1958	6	2061	000
3218	12	2018	000
44	6	30	000
2993	23	2939	000
1588	6	30	000
2020	6	2045	000
3225	23	2938	001
2143	6	2045	001
2097	6	30	001
2129	6	30	001
5238	15	5088	001
199	1	189	001
675	6	2051	001
5308	15	5088	001
492	1	493	001
3637	14	3636	001
3231	12	29	001
811	1	416	001
776	1	493	001
8957	23	2922	001
3208	12	2082	001
169	6	173	001
1941	5	1943	001
55	6	30	001
2015	6	117	001
2079	6	30	001
1898	23	2997	001
2080	6	117	001
3227	12	46	001
1894	23	2920	001
229	15	4988	001
1525	6	29	001
1502	1	416	001
3242	12	2009	001
610	1	416	001
443	1	416	001
3211	12	2082	001
717	1	636	001
473	1	416	001
5133	15	5088	001
831	1	416	001
613	1	416	001
178	6	117	001
845	1	28	001
1133	6	1134	001
228	1	229	001
1922	6	2061	001
846	1	397	001
428	15	5049	001
114	1	117	001
85	6	117	001
4911	14	4117	001
1644	1	207	001
2530	14	3431	001
178	1	179	001
3577	14	3437	001
188	1	189	001
1961	6	2029	001
5214	15	5088	001
818	1	416	001
2138	6	2045	001
292	1	120	001
2135	6	2045	001
1975	6	2008	001
598	6	30	001
812	1	416	001
1871	12	2155	001
25	15	5024	001
1363	1	27	001
480	15	4990	001
3522	14	3524	001
675	15	4990	001
2130	6	2045	001
2140	6	2045	001
17	1	1561	001
810	1	416	001
310	15	5088	001
2142	6	2045	001
659	1	341	001
675	15	5120	001
822	1	416	001
2	6	2061	001
8955	23	2939	001
25	15	4990	001
25	6	30	001
578	1	28	001
1110	15	5120	001
3217	12	28	001
3237	12	117	001
44	5	25	001
380	6	30	001
1947	6	173	001
1133	15	4990	001
630	6	30	001
2126	6	2045	001
2159	6	30	001
734	15	4977	001
800	1	416	001
3101	11	3102	001
2116	6	2061	001
205	1	207	001
478	1	479	001
759	1	28	001
492	15	5088	001
597	15	5088	001
1133	1	1134	001
2153	6	2029	001
478	1	444	001
9420	23	2939	001
3209	12	30	001
1588	1	263	001
2049	6	30	001
113	6	30	001
1930	15	4977	001
3232	12	29	001
2069	6	1561	001
1100	6	28	001
19	6	2045	001
2176	6	2061	001
2082	15	4988	001
3018	23	2977	001
5348	15	5088	001
253	6	30	001
2077	6	2061	001
769	1	28	001
415	1	416	001
2026	6	2029	001
2119	6	2045	001
776	15	5088	001
169	1	173	001
3189	12	2040	001
2094	6	2096	001
2791	9	2476	001
396	6	30	001
3193	12	2155	001
2693	12	28	001
303	1	416	001
12552	23	12525	001
588	6	1560	001
228	6	229	001
2903	11	3089	001
205	15	4990	001
2059	6	2061	001
832	1	416	001
2011	6	30	001
2161	6	2061	001
1866	12	170	001
1592	6	2029	001
3093	23	12538	001
771	6	30	001
1127	1	846	001
629	1	30	001
8824	23	2977	001
656	6	30	001
1478	1	114	001
1941	6	2045	001
1473	1	114	001
734	15	4977	001
2207	12	2155	001
1429	6	2029	001
1958	6	2061	001
3218	12	2018	001
44	6	30	001
2993	23	2939	001
1588	6	30	001
2020	6	2045	001
3225	23	2938	002
2143	6	2045	002
2097	6	30	002
2129	6	30	002
5238	15	5088	002
199	1	189	002
675	6	2051	002
5308	15	5088	002
492	1	493	002
3637	14	3636	002
3231	12	29	002
811	1	416	002
776	1	493	002
8957	23	2922	002
3208	12	2082	002
169	6	173	002
1941	5	1943	002
55	6	30	002
2015	6	117	002
2079	6	30	002
1898	23	2997	002
2080	6	117	002
3227	12	46	002
1894	23	2920	002
229	15	4988	002
1525	6	29	002
1502	1	416	002
3242	12	2009	002
610	1	416	002
443	1	416	002
3211	12	2082	002
717	1	636	002
473	1	416	002
5133	15	5088	002
831	1	416	002
613	1	416	002
178	6	117	002
845	1	28	002
1133	6	1134	002
228	1	229	002
1922	6	2061	002
846	1	397	002
428	15	5049	002
114	1	117	002
85	6	117	002
4911	14	4117	002
1644	1	207	002
2530	14	3431	002
178	1	179	002
3577	14	3437	002
188	1	189	002
1961	6	2029	002
5214	15	5088	002
818	1	416	002
2138	6	2045	002
292	1	120	002
2135	6	2045	002
1975	6	2008	002
598	6	30	002
812	1	416	002
1871	12	2155	002
25	15	5024	002
1363	1	27	002
480	15	4990	002
3522	14	3524	002
675	15	4990	002
2130	6	2045	002
2140	6	2045	002
17	1	1561	002
810	1	416	002
310	15	5088	002
2142	6	2045	002
659	1	341	002
675	15	5120	002
822	1	416	002
2	6	2061	002
8955	23	2939	002
25	15	4990	002
25	6	30	002
578	1	28	002
1110	15	5120	002
3217	12	28	002
3237	12	117	002
44	5	25	002
380	6	30	002
1947	6	173	002
1133	15	4990	002
630	6	30	002
2126	6	2045	002
2159	6	30	002
734	15	4977	002
800	1	416	002
3101	11	3102	002
2116	6	2061	002
205	1	207	002
478	1	479	002
759	1	28	002
492	15	5088	002
597	15	5088	002
1133	1	1134	002
2153	6	2029	002
478	1	444	002
9420	23	2939	002
3209	12	30	002
1588	1	263	002
2049	6	30	002
113	6	30	002
1930	15	4977	002
3232	12	29	002
2069	6	1561	002
1100	6	28	002
19	6	2045	002
2176	6	2061	002
2082	15	4988	002
3018	23	2977	002
5348	15	5088	002
253	6	30	002
2077	6	2061	002
769	1	28	002
415	1	416	002
2026	6	2029	002
2119	6	2045	002
776	15	5088	002
169	1	173	002
3189	12	2040	002
2094	6	2096	002
2791	9	2476	002
396	6	30	002
3193	12	2155	002
2693	12	28	002
303	1	416	002
12552	23	12525	002
588	6	1560	002
228	6	229	002
2903	11	3089	002
205	15	4990	002
2059	6	2061	002
832	1	416	002
2011	6	30	002
2161	6	2061	002
1866	12	170	002
1592	6	2029	002
3093	23	12538	002
771	6	30	002
1127	1	846	002
629	1	30	002
8824	23	2977	002
656	6	30	002
1478	1	114	002
1941	6	2045	002
1473	1	114	002
734	15	4977	002
2207	12	2155	002
1429	6	2029	002
1958	6	2061	002
3218	12	2018	002
44	6	30	002
2993	23	2939	002
1588	6	30	002
2020	6	2045	002
3225	23	2938	003
2143	6	2045	003
2097	6	30	003
2129	6	30	003
5238	15	5088	003
199	1	189	003
675	6	2051	003
5308	15	5088	003
492	1	493	003
3637	14	3636	003
3231	12	29	003
811	1	416	003
776	1	493	003
8957	23	2922	003
3208	12	2082	003
169	6	173	003
1941	5	1943	003
55	6	30	003
2015	6	117	003
2079	6	30	003
1898	23	2997	003
2080	6	117	003
3227	12	46	003
1894	23	2920	003
229	15	4988	003
1525	6	29	003
1502	1	416	003
3242	12	2009	003
610	1	416	003
443	1	416	003
3211	12	2082	003
717	1	636	003
473	1	416	003
5133	15	5088	003
831	1	416	003
613	1	416	003
178	6	117	003
845	1	28	003
1133	6	1134	003
228	1	229	003
1922	6	2061	003
846	1	397	003
428	15	5049	003
114	1	117	003
85	6	117	003
4911	14	4117	003
1644	1	207	003
2530	14	3431	003
178	1	179	003
3577	14	3437	003
188	1	189	003
1961	6	2029	003
5214	15	5088	003
818	1	416	003
2138	6	2045	003
292	1	120	003
2135	6	2045	003
1975	6	2008	003
598	6	30	003
812	1	416	003
1871	12	2155	003
25	15	5024	003
4932	14	3491	003
1363	1	27	003
480	15	4990	003
3522	14	3524	003
675	15	4990	003
2130	6	2045	003
2140	6	2045	003
17	1	1561	003
810	1	416	003
310	15	5088	003
2142	6	2045	003
659	1	341	003
675	15	5120	003
822	1	416	003
2	6	2061	003
8955	23	2939	003
25	15	4990	003
25	6	30	003
578	1	28	003
1110	15	5120	003
3217	12	28	003
3237	12	117	003
44	5	25	003
380	6	30	003
1947	6	173	003
1133	15	4990	003
630	6	30	003
2126	6	2045	003
2159	6	30	003
734	15	4977	003
800	1	416	003
3101	11	3102	003
2116	6	2061	003
205	1	207	003
478	1	479	003
759	1	28	003
492	15	5088	003
597	15	5088	003
1133	1	1134	003
2153	6	2029	003
478	1	444	003
9420	23	2939	003
3209	12	30	003
1588	1	263	003
2049	6	30	003
113	6	30	003
1930	15	4977	003
3232	12	29	003
2069	6	1561	003
1100	6	28	003
19	6	2045	003
2176	6	2061	003
2082	15	4988	003
3018	23	2977	003
5348	15	5088	003
253	6	30	003
2077	6	2061	003
769	1	28	003
415	1	416	003
2026	6	2029	003
2119	6	2045	003
4520	14	3496	003
776	15	5088	003
169	1	173	003
3189	12	2040	003
2094	6	2096	003
2791	9	2476	003
396	6	30	003
3193	12	2155	003
4723	14	3496	003
2693	12	28	003
303	1	416	003
12552	23	12525	003
588	6	1560	003
228	6	229	003
2903	11	3089	003
205	15	4990	003
2059	6	2061	003
832	1	416	003
2011	6	30	003
2161	6	2061	003
1866	12	170	003
1592	6	2029	003
3093	23	12538	003
771	6	30	003
1127	1	846	003
629	1	30	003
8824	23	2977	003
656	6	30	003
1478	1	114	003
1941	6	2045	003
1473	1	114	003
734	15	4977	003
2207	12	2155	003
1429	6	2029	003
1958	6	2061	003
3218	12	2018	003
44	6	30	003
2993	23	2939	003
1588	6	30	003
2020	6	2045	003
3225	23	2938	004
2143	6	2045	004
2097	6	30	004
2129	6	30	004
5238	15	5088	004
199	1	189	004
675	6	2051	004
5308	15	5088	004
492	1	493	004
3637	14	3636	004
3231	12	29	004
811	1	416	004
776	1	493	004
8957	23	2922	004
3208	12	2082	004
169	6	173	004
1941	5	1943	004
55	6	30	004
2015	6	117	004
2079	6	30	004
1898	23	2997	004
2080	6	117	004
3227	12	46	004
1894	23	2920	004
229	15	4988	004
1525	6	29	004
1502	1	416	004
3242	12	2009	004
610	1	416	004
443	1	416	004
3211	12	2082	004
717	1	636	004
473	1	416	004
5133	15	5088	004
831	1	416	004
613	1	416	004
178	6	117	004
845	1	28	004
1133	6	1134	004
228	1	229	004
1922	6	2061	004
846	1	397	004
428	15	5049	004
114	1	117	004
85	6	117	004
4911	14	4117	004
1644	1	207	004
2530	14	3431	004
178	1	179	004
3577	14	3437	004
188	1	189	004
1961	6	2029	004
5214	15	5088	004
818	1	416	004
2138	6	2045	004
292	1	120	004
2135	6	2045	004
1975	6	2008	004
598	6	30	004
812	1	416	004
1871	12	2155	004
25	15	5024	004
4932	14	3491	004
1363	1	27	004
480	15	4990	004
675	15	4990	004
2130	6	2045	004
2140	6	2045	004
17	1	1561	004
810	1	416	004
310	15	5088	004
2142	6	2045	004
659	1	341	004
675	15	5120	004
822	1	416	004
2	6	2061	004
8955	23	2939	004
25	15	4990	004
25	6	30	004
578	1	28	004
1110	15	5120	004
3217	12	28	004
3237	12	117	004
44	5	25	004
380	6	30	004
1947	6	173	004
1133	15	4990	004
630	6	30	004
2126	6	2045	004
2159	6	30	004
734	15	4977	004
800	1	416	004
3101	11	3102	004
2116	6	2061	004
205	1	207	004
478	1	479	004
759	1	28	004
492	15	5088	004
597	15	5088	004
1133	1	1134	004
2153	6	2029	004
478	1	444	004
9420	23	2939	004
3209	12	30	004
1588	1	263	004
2049	6	30	004
113	6	30	004
1930	15	4977	004
3232	12	29	004
2069	6	1561	004
1100	6	28	004
19	6	2045	004
2176	6	2061	004
2082	15	4988	004
3018	23	2977	004
5348	15	5088	004
253	6	30	004
2077	6	2061	004
769	1	28	004
415	1	416	004
2026	6	2029	004
2119	6	2045	004
4520	14	3496	004
776	15	5088	004
169	1	173	004
3189	12	2040	004
2094	6	2096	004
2791	9	2476	004
396	6	30	004
3193	12	2155	004
4723	14	3496	004
2693	12	28	004
303	1	416	004
12552	23	12525	004
588	6	1560	004
228	6	229	004
2903	11	3089	004
205	15	4990	004
2059	6	2061	004
832	1	416	004
2011	6	30	004
2161	6	2061	004
1866	12	170	004
1592	6	2029	004
3093	23	12538	004
771	6	30	004
1127	1	846	004
629	1	30	004
8824	23	2977	004
656	6	30	004
1478	1	114	004
1941	6	2045	004
1473	1	114	004
734	15	4977	004
2207	12	2155	004
1429	6	2029	004
1958	6	2061	004
3218	12	2018	004
44	6	30	004
2993	23	2939	004
1588	6	30	004
2020	6	2045	004
3225	23	2938	005
2143	6	2045	005
2097	6	30	005
2129	6	30	005
5238	15	5088	005
199	1	189	005
675	6	2051	005
5308	15	5088	005
492	1	493	005
3637	14	3636	005
3231	12	29	005
811	1	416	005
776	1	493	005
8957	23	2922	005
3208	12	2082	005
169	6	173	005
1941	5	1943	005
55	6	30	005
2015	6	117	005
2079	6	30	005
1898	23	2997	005
2080	6	117	005
3227	12	46	005
1894	23	2920	005
229	15	4988	005
1525	6	29	005
1502	1	416	005
3242	12	2009	005
610	1	416	005
443	1	416	005
3211	12	2082	005
717	1	636	005
473	1	416	005
5133	15	5088	005
831	1	416	005
613	1	416	005
178	6	117	005
845	1	28	005
1133	6	1134	005
228	1	229	005
1922	6	2061	005
846	1	397	005
428	15	5049	005
114	1	117	005
85	6	117	005
4911	14	4117	005
1644	1	207	005
2530	14	3431	005
178	1	179	005
3577	14	3437	005
188	1	189	005
1961	6	2029	005
5214	15	5088	005
818	1	416	005
2138	6	2045	005
292	1	120	005
2135	6	2045	005
1975	6	2008	005
598	6	30	005
812	1	416	005
1871	12	2155	005
25	15	5024	005
4932	14	3491	005
1363	1	27	005
480	15	4990	005
675	15	4990	005
2130	6	2045	005
2140	6	2045	005
17	1	1561	005
810	1	416	005
310	15	5088	005
2142	6	2045	005
659	1	341	005
675	15	5120	005
822	1	416	005
2	6	2061	005
8955	23	2939	005
25	15	4990	005
25	6	30	005
578	1	28	005
1110	15	5120	005
3217	12	28	005
3237	12	117	005
44	5	25	005
380	6	30	005
1947	6	173	005
1133	15	4990	005
630	6	30	005
2126	6	2045	005
2159	6	30	005
734	15	4977	005
800	1	416	005
3101	11	3102	005
2116	6	2061	005
205	1	207	005
478	1	479	005
759	1	28	005
492	15	5088	005
597	15	5088	005
1133	1	1134	005
2153	6	2029	005
478	1	444	005
9420	23	2939	005
3209	12	30	005
1588	1	263	005
2049	6	30	005
113	6	30	005
1930	15	4977	005
3232	12	29	005
2069	6	1561	005
1100	6	28	005
19	6	2045	005
2176	6	2061	005
2082	15	4988	005
3018	23	2977	005
5348	15	5088	005
253	6	30	005
2077	6	2061	005
769	1	28	005
415	1	416	005
2026	6	2029	005
2119	6	2045	005
4932	14	3509	005
4520	14	3496	005
776	15	5088	005
169	1	173	005
3189	12	2040	005
2094	6	2096	005
2791	9	2476	005
396	6	30	005
3193	12	2155	005
4723	14	3496	005
2693	12	28	005
303	1	416	005
12552	23	12525	005
588	6	1560	005
228	6	229	005
2903	11	3089	005
205	15	4990	005
2059	6	2061	005
832	1	416	005
2011	6	30	005
2161	6	2061	005
1866	12	170	005
1592	6	2029	005
3093	23	12538	005
771	6	30	005
1127	1	846	005
629	1	30	005
8824	23	2977	005
656	6	30	005
1478	1	114	005
1941	6	2045	005
1473	1	114	005
734	15	4977	005
2207	12	2155	005
1429	6	2029	005
1958	6	2061	005
3218	12	2018	005
44	6	30	005
2993	23	2939	005
1588	6	30	005
2020	6	2045	005
3225	23	2938	006
2143	6	2045	006
2097	6	30	006
2129	6	30	006
5238	15	5088	006
199	1	189	006
675	6	2051	006
5308	15	5088	006
492	1	493	006
3637	14	3636	006
3231	12	29	006
811	1	416	006
776	1	493	006
8957	23	2922	006
3208	12	2082	006
169	6	173	006
1941	5	1943	006
55	6	30	006
2015	6	117	006
2079	6	30	006
1898	23	2997	006
2080	6	117	006
3227	12	46	006
1894	23	2920	006
229	15	4988	006
1525	6	29	006
1502	1	416	006
3242	12	2009	006
610	1	416	006
443	1	416	006
3211	12	2082	006
717	1	636	006
473	1	416	006
5133	15	5088	006
831	1	416	006
613	1	416	006
178	6	117	006
845	1	28	006
1133	6	1134	006
228	1	229	006
1922	6	2061	006
846	1	397	006
428	15	5049	006
114	1	117	006
85	6	117	006
4911	14	4117	006
1644	1	207	006
2530	14	3431	006
178	1	179	006
3577	14	3437	006
188	1	189	006
1961	6	2029	006
5214	15	5088	006
818	1	416	006
2138	6	2045	006
292	1	120	006
2135	6	2045	006
1975	6	2008	006
598	6	30	006
812	1	416	006
1871	12	2155	006
25	15	5024	006
1363	1	27	006
480	15	4990	006
675	15	4990	006
2130	6	2045	006
2140	6	2045	006
17	1	1561	006
810	1	416	006
310	15	5088	006
2142	6	2045	006
659	1	341	006
675	15	5120	006
822	1	416	006
2	6	2061	006
8955	23	2939	006
25	15	4990	006
25	6	30	006
578	1	28	006
1110	15	5120	006
3217	12	28	006
3237	12	117	006
44	5	25	006
380	6	30	006
1947	6	173	006
1133	15	4990	006
630	6	30	006
2126	6	2045	006
2159	6	30	006
734	15	4977	006
800	1	416	006
3101	11	3102	006
2116	6	2061	006
205	1	207	006
478	1	479	006
759	1	28	006
492	15	5088	006
597	15	5088	006
1133	1	1134	006
2153	6	2029	006
478	1	444	006
9420	23	2939	006
3209	12	30	006
1588	1	263	006
2049	6	30	006
113	6	30	006
1930	15	4977	006
3232	12	29	006
2069	6	1561	006
1100	6	28	006
19	6	2045	006
2176	6	2061	006
2082	15	4988	006
3018	23	2977	006
5348	15	5088	006
253	6	30	006
2077	6	2061	006
769	1	28	006
415	1	416	006
2026	6	2029	006
2119	6	2045	006
4932	14	3509	006
4520	14	3496	006
776	15	5088	006
169	1	173	006
3189	12	2040	006
2094	6	2096	006
2791	9	2476	006
396	6	30	006
3193	12	2155	006
4723	14	3496	006
2693	12	28	006
303	1	416	006
12552	23	12525	006
588	6	1560	006
228	6	229	006
2903	11	3089	006
205	15	4990	006
2059	6	2061	006
832	1	416	006
2011	6	30	006
2161	6	2061	006
1866	12	170	006
1592	6	2029	006
3093	23	12538	006
771	6	30	006
1127	1	846	006
629	1	30	006
8824	23	2977	006
656	6	30	006
1478	1	114	006
1941	6	2045	006
1473	1	114	006
734	15	4977	006
2207	12	2155	006
1429	6	2029	006
1958	6	2061	006
3218	12	2018	006
44	6	30	006
2993	23	2939	006
1588	6	30	006
2020	6	2045	006
3225	23	2938	007
2143	6	2045	007
2097	6	30	007
2129	6	30	007
5238	15	5088	007
199	1	189	007
675	6	2051	007
5308	15	5088	007
492	1	493	007
3637	14	3636	007
3231	12	29	007
811	1	416	007
776	1	493	007
8957	23	2922	007
3208	12	2082	007
169	6	173	007
1941	5	1943	007
55	6	30	007
2015	6	117	007
2079	6	30	007
1898	23	2997	007
2080	6	117	007
3227	12	46	007
1894	23	2920	007
229	15	4988	007
1525	6	29	007
1502	1	416	007
3242	12	2009	007
610	1	416	007
443	1	416	007
3211	12	2082	007
717	1	636	007
473	1	416	007
5133	15	5088	007
831	1	416	007
613	1	416	007
178	6	117	007
845	1	28	007
1133	6	1134	007
228	1	229	007
1922	6	2061	007
846	1	397	007
428	15	5049	007
114	1	117	007
85	6	117	007
4911	14	4117	007
1644	1	207	007
2530	14	3431	007
178	1	179	007
3577	14	3437	007
188	1	189	007
1961	6	2029	007
5214	15	5088	007
818	1	416	007
2138	6	2045	007
292	1	120	007
2135	6	2045	007
1975	6	2008	007
598	6	30	007
812	1	416	007
1429	6	173	007
588	6	30	007
1871	12	2155	007
25	15	5024	007
1363	1	27	007
480	15	4990	007
675	15	4990	007
2130	6	2045	007
2140	6	2045	007
17	1	1561	007
810	1	416	007
310	15	5088	007
2142	6	2045	007
659	1	341	007
675	15	5120	007
822	1	416	007
2	6	2061	007
8955	23	2939	007
25	15	4990	007
25	6	30	007
578	1	28	007
1110	15	5120	007
3217	12	28	007
3237	12	117	007
44	5	25	007
380	6	30	007
1947	6	173	007
1133	15	4990	007
630	6	30	007
2126	6	2045	007
2159	6	30	007
734	15	4977	007
800	1	416	007
3101	11	3102	007
2116	6	2061	007
205	1	207	007
478	1	479	007
759	1	28	007
492	15	5088	007
597	15	5088	007
1133	1	1134	007
2153	6	2029	007
478	1	444	007
9420	23	2939	007
3209	12	30	007
1588	1	263	007
2049	6	30	007
113	6	30	007
1930	15	4977	007
3232	12	29	007
2069	6	1561	007
1100	6	28	007
19	6	2045	007
2176	6	2061	007
2082	15	4988	007
3018	23	2977	007
5348	15	5088	007
253	6	30	007
2077	6	2061	007
769	1	28	007
415	1	416	007
2026	6	2029	007
2119	6	2045	007
4932	14	3509	007
4520	14	3496	007
776	15	5088	007
169	1	173	007
3189	12	2040	007
2094	6	2096	007
2791	9	2476	007
396	6	30	007
3193	12	2155	007
4723	14	3496	007
2693	12	28	007
303	1	416	007
12552	23	12525	007
588	6	1560	007
228	6	229	007
2903	11	3089	007
205	15	4990	007
2059	6	2061	007
832	1	416	007
2011	6	30	007
2161	6	2061	007
1866	12	170	007
1592	6	2029	007
3093	23	12538	007
771	6	30	007
1127	1	846	007
629	1	30	007
8824	23	2977	007
656	6	30	007
1478	1	114	007
1941	6	2045	007
1473	1	114	007
734	15	4977	007
2207	12	2155	007
1429	6	2029	007
1958	6	2061	007
3218	12	2018	007
44	6	30	007
2993	23	2939	007
1588	6	30	007
2020	6	2045	007
3225	23	2938	008
2143	6	2045	008
2097	6	30	008
2129	6	30	008
5238	15	5088	008
4556	14	3491	008
199	1	189	008
675	6	2051	008
5308	15	5088	008
492	1	493	008
3637	14	3636	008
3231	12	29	008
811	1	416	008
776	1	493	008
8957	23	2922	008
3208	12	2082	008
169	6	173	008
1941	5	1943	008
55	6	30	008
2015	6	117	008
2079	6	30	008
1898	23	2997	008
2080	6	117	008
3227	12	46	008
1894	23	2920	008
229	15	4988	008
1525	6	29	008
1502	1	416	008
3242	12	2009	008
610	1	416	008
443	1	416	008
3211	12	2082	008
717	1	636	008
473	1	416	008
5133	15	5088	008
831	1	416	008
613	1	416	008
178	6	117	008
845	1	28	008
1133	6	1134	008
228	1	229	008
1922	6	2061	008
846	1	397	008
428	15	5049	008
114	1	117	008
85	6	117	008
4911	14	4117	008
1644	1	207	008
2530	14	3431	008
178	1	179	008
3577	14	3437	008
188	1	189	008
1961	6	2029	008
5214	15	5088	008
818	1	416	008
2138	6	2045	008
292	1	120	008
2135	6	2045	008
1975	6	2008	008
598	6	30	008
812	1	416	008
1429	6	173	008
588	6	30	008
1871	12	2155	008
25	15	5024	008
1363	1	27	008
480	15	4990	008
675	15	4990	008
2130	6	2045	008
2140	6	2045	008
17	1	1561	008
810	1	416	008
310	15	5088	008
2142	6	2045	008
659	1	341	008
675	15	5120	008
822	1	416	008
2	6	2061	008
8955	23	2939	008
25	15	4990	008
25	6	30	008
578	1	28	008
1110	15	5120	008
3217	12	28	008
3237	12	117	008
44	5	25	008
380	6	30	008
1947	6	173	008
1133	15	4990	008
630	6	30	008
2126	6	2045	008
2159	6	30	008
734	15	4977	008
800	1	416	008
3101	11	3102	008
2116	6	2061	008
205	1	207	008
478	1	479	008
759	1	28	008
492	15	5088	008
597	15	5088	008
2153	6	2029	008
478	1	444	008
9420	23	2939	008
3209	12	30	008
1588	1	263	008
2049	6	30	008
113	6	30	008
1930	15	4977	008
3232	12	29	008
2069	6	1561	008
1100	6	28	008
19	6	2045	008
2176	6	2061	008
2082	15	4988	008
3018	23	2977	008
5348	15	5088	008
253	6	30	008
2077	6	2061	008
769	1	28	008
415	1	416	008
2026	6	2029	008
2119	6	2045	008
4932	14	3509	008
4520	14	3496	008
776	15	5088	008
169	1	173	008
3189	12	2040	008
2094	6	2096	008
2791	9	2476	008
396	6	30	008
3193	12	2155	008
2693	12	28	008
303	1	416	008
12552	23	12525	008
228	6	229	008
2903	11	3089	008
205	15	4990	008
2059	6	2061	008
832	1	416	008
2011	6	30	008
2161	6	2061	008
1866	12	170	008
1592	6	2029	008
3093	23	12538	008
771	6	30	008
1127	1	846	008
629	1	30	008
8824	23	2977	008
656	6	30	008
1478	1	114	008
1941	6	2045	008
1473	1	114	008
734	15	4977	008
2207	12	2155	008
1958	6	2061	008
3218	12	2018	008
44	6	30	008
2993	23	2939	008
1588	6	30	008
2020	6	2045	008
3225	23	2938	009
2143	6	2045	009
2097	6	30	009
2129	6	30	009
5238	15	5088	009
4556	14	3491	009
199	1	189	009
675	6	2051	009
5308	15	5088	009
492	1	493	009
3637	14	3636	009
3231	12	29	009
811	1	416	009
776	1	493	009
2153	6	30	009
8957	23	2922	009
3208	12	2082	009
169	6	173	009
1941	5	1943	009
55	6	30	009
2015	6	117	009
2079	6	30	009
1898	23	2997	009
2080	6	117	009
3227	12	46	009
1894	23	2920	009
229	15	4988	009
1525	6	29	009
1502	1	416	009
3242	12	2009	009
610	1	416	009
443	1	416	009
3211	12	2082	009
717	1	636	009
473	1	416	009
5133	15	5088	009
831	1	416	009
613	1	416	009
178	6	117	009
845	1	28	009
1133	6	1134	009
228	1	229	009
1922	6	2061	009
846	1	397	009
114	1	117	009
85	6	117	009
4911	14	4117	009
1644	1	207	009
2530	14	3431	009
178	1	179	009
3577	14	3437	009
1961	6	2045	009
188	1	189	009
1133	6	30	009
1961	6	2029	009
5214	15	5088	009
818	1	416	009
2138	6	2045	009
292	1	120	009
2135	6	2045	009
1975	6	2008	009
598	6	30	009
812	1	416	009
1429	6	173	009
588	6	30	009
1871	12	2155	009
25	15	5024	009
1363	1	27	009
480	15	4990	009
675	15	4990	009
2130	6	2045	009
2140	6	2045	009
17	1	1561	009
810	1	416	009
310	15	5088	009
2142	6	2045	009
4520	14	3496	009
659	1	341	009
675	15	5120	009
822	1	416	009
2	6	2061	009
8955	23	2939	009
25	15	4990	009
25	6	30	009
578	1	28	009
1110	15	5120	009
3217	12	28	009
3237	12	117	009
44	5	25	009
380	6	30	009
1947	6	173	009
1133	15	4990	009
630	6	30	009
2126	6	2045	009
2159	6	30	009
734	15	4977	009
800	1	416	009
3101	11	3102	009
2116	6	2061	009
205	1	207	009
478	1	479	009
759	1	28	009
492	15	5088	009
1592	6	30	009
597	15	5088	009
2153	6	2029	009
478	1	444	009
9420	23	2939	009
3209	12	30	009
1588	1	263	009
2049	6	30	009
113	6	30	009
1930	15	4977	009
3232	12	29	009
2069	6	1561	009
1100	6	28	009
19	6	2045	009
2176	6	2061	009
2082	15	4988	009
3018	23	2977	009
5348	15	5088	009
253	6	30	009
2077	6	2061	009
769	1	28	009
415	1	416	009
2026	6	2029	009
2119	6	2045	009
4932	14	3509	009
4520	14	3496	009
776	15	5088	009
169	1	173	009
3189	12	2040	009
2094	6	2096	009
2791	9	2476	009
396	6	30	009
3193	12	2155	009
2693	12	28	009
303	1	416	009
12552	23	12525	009
228	6	229	009
2903	11	3089	009
205	15	4990	009
2059	6	2061	009
832	1	416	009
2011	6	30	009
2161	6	2061	009
1866	12	170	009
1592	6	2029	009
3093	23	12538	009
771	6	30	009
1127	1	846	009
629	1	30	009
8824	23	2977	009
656	6	30	009
1478	1	114	009
1941	6	2045	009
1473	1	114	009
734	15	4977	009
2207	12	2155	009
1958	6	2061	009
3218	12	2018	009
44	6	30	009
2993	23	2939	009
2026	6	30	009
1588	6	30	009
2020	6	2045	009
3225	23	2938	010
2143	6	2045	010
2097	6	30	010
2129	6	30	010
5238	15	5088	010
4556	14	3491	010
199	1	189	010
675	6	2051	010
5308	15	5088	010
492	1	493	010
3637	14	3636	010
3231	12	29	010
811	1	416	010
12	1	14	010
776	1	493	010
2153	6	30	010
8957	23	2922	010
3208	12	2082	010
169	6	173	010
1941	5	1943	010
55	6	30	010
2015	6	117	010
2079	6	30	010
1898	23	2997	010
2080	6	117	010
3227	12	46	010
1894	23	2920	010
229	15	4988	010
1525	6	29	010
771	1	629	010
1502	1	416	010
3242	12	2009	010
610	1	416	010
443	1	416	010
3211	12	2082	010
717	1	636	010
473	1	416	010
5133	15	5088	010
831	1	416	010
613	1	416	010
178	6	117	010
845	1	28	010
228	1	229	010
1922	6	2061	010
846	1	397	010
114	1	117	010
921	6	30	010
85	6	117	010
4911	14	4117	010
1644	1	207	010
2530	14	3431	010
178	1	179	010
3577	14	3437	010
1961	6	2045	010
188	1	189	010
1133	6	30	010
5214	15	5088	010
818	1	416	010
2138	6	2045	010
292	1	120	010
2135	6	2045	010
919	1	921	010
1975	6	2008	010
598	6	30	010
812	1	416	010
1429	6	173	010
588	6	30	010
1871	12	2155	010
1057	1	30	010
25	15	5024	010
1363	1	27	010
480	15	4990	010
675	15	4990	010
2130	6	2045	010
2140	6	2045	010
921	1	30	010
17	1	1561	010
810	1	416	010
310	15	5088	010
2142	6	2045	010
4520	14	3496	010
659	1	341	010
675	15	5120	010
822	1	416	010
2	6	2061	010
8955	23	2939	010
25	15	4990	010
25	6	30	010
578	1	28	010
1110	15	5120	010
3217	12	28	010
3237	12	117	010
44	5	25	010
380	6	30	010
1947	6	173	010
1133	15	4990	010
630	6	30	010
2126	6	2045	010
2159	6	30	010
734	15	4977	010
800	1	416	010
3101	11	3102	010
2116	6	2061	010
205	1	207	010
478	1	479	010
759	1	28	010
492	15	5088	010
1592	6	30	010
597	15	5088	010
478	1	444	010
9420	23	2939	010
3209	12	30	010
1588	1	263	010
2049	6	30	010
113	6	30	010
1930	15	4977	010
3232	12	29	010
2069	6	1561	010
1100	6	28	010
19	6	2045	010
2176	6	2061	010
2082	15	4988	010
3018	23	2977	010
5348	15	5088	010
253	6	30	010
2077	6	2061	010
769	1	28	010
415	1	416	010
2119	6	2045	010
4932	14	3509	010
776	15	5088	010
169	1	173	010
3189	12	2040	010
2094	6	2096	010
2791	9	2476	010
396	6	30	010
3193	12	2155	010
2693	12	28	010
303	1	416	010
12552	23	12525	010
228	6	229	010
2903	11	3089	010
205	15	4990	010
2059	6	2061	010
832	1	416	010
2011	6	30	010
2161	6	2061	010
1866	12	170	010
3093	23	12538	010
771	6	30	010
1127	1	846	010
629	1	30	010
8824	23	2977	010
656	6	30	010
1478	1	114	010
1941	6	2045	010
1473	1	114	010
734	15	4977	010
2207	12	2155	010
1958	6	2061	010
3218	12	2018	010
44	6	30	010
2993	23	2939	010
2026	6	30	010
1588	6	30	010
1588	1	262	010
2020	6	2045	010
3225	23	2938	011
2143	6	2045	011
2097	6	30	011
2129	6	30	011
5238	15	5088	011
4556	14	3491	011
199	1	189	011
675	6	2051	011
5308	15	5088	011
492	1	493	011
3231	12	29	011
811	1	416	011
12	1	14	011
776	1	493	011
2153	6	30	011
8957	23	2922	011
3208	12	2082	011
169	6	173	011
1941	5	1943	011
55	6	30	011
2015	6	117	011
2079	6	30	011
1898	23	2997	011
2080	6	117	011
3227	12	46	011
1894	23	2920	011
229	15	4988	011
284	6	2055	011
1525	6	29	011
771	1	629	011
1502	1	416	011
3242	12	2009	011
610	1	416	011
443	1	416	011
3211	12	2082	011
717	1	636	011
473	1	416	011
5133	15	5088	011
831	1	416	011
613	1	416	011
178	6	117	011
845	1	28	011
228	1	229	011
1922	6	2061	011
846	1	397	011
114	1	117	011
921	6	30	011
85	6	117	011
4911	14	4117	011
1644	1	207	011
2530	14	3431	011
178	1	179	011
3577	14	3437	011
2119	6	2055	011
1961	6	2045	011
188	1	189	011
1133	6	30	011
5214	15	5088	011
818	1	416	011
2138	6	2045	011
292	1	120	011
2135	6	2045	011
919	1	921	011
1975	6	2008	011
598	6	30	011
812	1	416	011
1429	6	173	011
588	6	30	011
1871	12	2155	011
1057	1	30	011
25	15	5024	011
1363	1	27	011
480	15	4990	011
675	15	4990	011
2130	6	2045	011
2140	6	2045	011
921	1	30	011
17	1	1561	011
810	1	416	011
310	15	5088	011
2142	6	2045	011
4520	14	3496	011
659	1	341	011
2102	6	2103	011
675	15	5120	011
822	1	416	011
2	6	2061	011
8955	23	2939	011
25	15	4990	011
25	6	30	011
578	1	28	011
1110	15	5120	011
3217	12	28	011
2101	6	2045	011
3237	12	117	011
44	5	25	011
380	6	30	011
1947	6	173	011
1133	15	4990	011
630	6	30	011
2126	6	2045	011
2159	6	30	011
734	15	4977	011
800	1	416	011
3101	11	3102	011
2116	6	2061	011
205	1	207	011
478	1	479	011
759	1	28	011
492	15	5088	011
1592	6	30	011
597	15	5088	011
1956	6	2045	011
478	1	444	011
9420	23	2939	011
3209	12	30	011
2049	6	30	011
113	6	30	011
1930	15	4977	011
3232	12	29	011
2069	6	1561	011
1100	6	28	011
19	6	2045	011
2176	6	2061	011
2082	15	4988	011
3018	23	2977	011
5348	15	5088	011
253	6	30	011
2077	6	2061	011
769	1	28	011
415	1	416	011
2119	6	2045	011
4932	14	3509	011
284	6	2045	011
776	15	5088	011
169	1	173	011
3189	12	2040	011
2791	9	2476	011
396	6	30	011
3193	12	2155	011
2693	12	28	011
303	1	416	011
428	6	2055	011
12552	23	12525	011
228	6	229	011
2903	11	3089	011
205	15	4990	011
2059	6	2061	011
832	1	416	011
2011	6	30	011
2161	6	2061	011
1866	12	170	011
3093	23	12538	011
771	6	30	011
1127	1	846	011
629	1	30	011
8824	23	2977	011
656	6	30	011
1478	1	114	011
1941	6	2045	011
1473	1	114	011
734	15	4977	011
2094	6	2103	011
2207	12	2155	011
1958	6	2061	011
3218	12	2018	011
44	6	30	011
2993	23	2939	011
2026	6	30	011
1588	6	30	011
1588	1	262	011
2020	6	2045	011
3225	23	2938	012
2143	6	2045	012
2097	6	30	012
2129	6	30	012
5238	15	5088	012
4556	14	3491	012
199	1	189	012
675	6	2051	012
5308	15	5088	012
492	1	493	012
3231	12	29	012
811	1	416	012
12	1	14	012
776	1	493	012
2153	6	30	012
8957	23	2922	012
3208	12	2082	012
169	6	173	012
1941	5	1943	012
55	6	30	012
2015	6	117	012
2079	6	30	012
1898	23	2997	012
2080	6	117	012
3227	12	46	012
1894	23	2920	012
229	15	4988	012
1525	6	29	012
771	1	629	012
1502	1	416	012
3242	12	2009	012
610	1	416	012
443	1	416	012
3211	12	2082	012
717	1	636	012
473	1	416	012
5133	15	5088	012
831	1	416	012
613	1	416	012
178	6	117	012
845	1	28	012
228	1	229	012
1922	6	2061	012
846	1	397	012
114	1	117	012
921	6	30	012
85	6	117	012
4911	14	4117	012
1644	1	207	012
2530	14	3431	012
178	1	179	012
3577	14	3437	012
2119	6	2055	012
1961	6	2045	012
188	1	189	012
1133	6	30	012
5214	15	5088	012
818	1	416	012
2138	6	2045	012
292	1	120	012
2135	6	2045	012
919	1	921	012
1975	6	2008	012
598	6	30	012
812	1	416	012
1429	6	173	012
588	6	30	012
1871	12	2155	012
1057	1	30	012
25	15	5024	012
1363	1	27	012
480	15	4990	012
675	15	4990	012
2130	6	2045	012
2140	6	2045	012
921	1	30	012
17	1	1561	012
810	1	416	012
310	15	5088	012
2142	6	2045	012
659	1	341	012
2102	6	2103	012
675	15	5120	012
822	1	416	012
2	6	2061	012
8955	23	2939	012
25	15	4990	012
25	6	30	012
578	1	28	012
1110	15	5120	012
3217	12	28	012
2101	6	2045	012
3237	12	117	012
44	5	25	012
380	6	30	012
1947	6	173	012
1133	15	4990	012
630	6	30	012
2126	6	2045	012
2159	6	30	012
734	15	4977	012
800	1	416	012
3101	11	3102	012
2116	6	2061	012
205	1	207	012
478	1	479	012
759	1	28	012
492	15	5088	012
1592	6	30	012
597	15	5088	012
1956	6	2045	012
478	1	444	012
9420	23	2939	012
3209	12	30	012
2049	6	30	012
113	6	30	012
1930	15	4977	012
3232	12	29	012
2069	6	1561	012
1100	6	28	012
19	6	2045	012
2176	6	2061	012
2082	15	4988	012
3018	23	2977	012
5348	15	5088	012
253	6	30	012
2077	6	2061	012
769	1	28	012
415	1	416	012
4932	14	3509	012
284	6	2045	012
776	15	5088	012
169	1	173	012
3189	12	2040	012
2791	9	2476	012
396	6	30	012
3193	12	2155	012
2693	12	28	012
303	1	416	012
428	6	2055	012
12552	23	12525	012
228	6	229	012
2903	11	3089	012
205	15	4990	012
2059	6	2061	012
832	1	416	012
2011	6	30	012
2161	6	2061	012
1866	12	170	012
3093	23	12538	012
771	6	30	012
1127	1	846	012
629	1	30	012
8824	23	2977	012
656	6	30	012
1478	1	114	012
1941	6	2045	012
1473	1	114	012
734	15	4977	012
2094	6	2103	012
2207	12	2155	012
1958	6	2061	012
3218	12	2018	012
44	6	30	012
2993	23	2939	012
2026	6	30	012
1588	6	30	012
1588	1	262	012
2020	6	2045	012
3225	23	2938	013
2143	6	2045	013
2097	6	30	013
2129	6	30	013
5238	15	5088	013
4556	14	3491	013
199	1	189	013
675	6	2051	013
5308	15	5088	013
492	1	493	013
3231	12	29	013
811	1	416	013
12	1	14	013
776	1	493	013
3888	14	3832	013
2153	6	30	013
8957	23	2922	013
3208	12	2082	013
169	6	173	013
1941	5	1943	013
55	6	30	013
2015	6	117	013
2079	6	30	013
1898	23	2997	013
2080	6	117	013
3227	12	46	013
1894	23	2920	013
229	15	4988	013
1525	6	29	013
771	1	629	013
1502	1	416	013
3242	12	2009	013
610	1	416	013
443	1	416	013
3211	12	2082	013
717	1	636	013
473	1	416	013
5133	15	5088	013
831	1	416	013
613	1	416	013
178	6	117	013
845	1	28	013
228	1	229	013
1922	6	2061	013
846	1	397	013
114	1	117	013
921	6	30	013
85	6	117	013
4911	14	4117	013
1644	1	207	013
2530	14	3431	013
178	1	179	013
3577	14	3437	013
2119	6	2055	013
1961	6	2045	013
188	1	189	013
1133	6	30	013
5214	15	5088	013
818	1	416	013
2138	6	2045	013
292	1	120	013
2135	6	2045	013
919	1	921	013
1975	6	2008	013
598	6	30	013
812	1	416	013
1429	6	173	013
588	6	30	013
1871	12	2155	013
1057	1	30	013
25	15	5024	013
1363	1	27	013
480	15	4990	013
675	15	4990	013
2130	6	2045	013
2140	6	2045	013
921	1	30	013
17	1	1561	013
810	1	416	013
310	15	5088	013
2142	6	2045	013
659	1	341	013
2102	6	2103	013
675	15	5120	013
822	1	416	013
2	6	2061	013
8955	23	2939	013
25	15	4990	013
25	6	30	013
578	1	28	013
1110	15	5120	013
3217	12	28	013
2101	6	2045	013
3237	12	117	013
44	5	25	013
380	6	30	013
1947	6	173	013
1133	15	4990	013
630	6	30	013
2126	6	2045	013
2159	6	30	013
734	15	4977	013
800	1	416	013
3101	11	3102	013
2116	6	2061	013
205	1	207	013
478	1	479	013
759	1	28	013
492	15	5088	013
1592	6	30	013
597	15	5088	013
1956	6	2045	013
478	1	444	013
9420	23	2939	013
3209	12	30	013
2049	6	30	013
113	6	30	013
1930	15	4977	013
3232	12	29	013
2069	6	1561	013
1100	6	28	013
19	6	2045	013
2176	6	2061	013
2082	15	4988	013
3018	23	2977	013
5348	15	5088	013
253	6	30	013
2077	6	2061	013
769	1	28	013
415	1	416	013
2119	6	2045	013
4932	14	3509	013
284	6	2045	013
776	15	5088	013
169	1	173	013
3189	12	2040	013
2791	9	2476	013
396	6	30	013
3193	12	2155	013
2693	12	28	013
303	1	416	013
428	6	2055	013
12552	23	12525	013
228	6	229	013
2903	11	3089	013
205	15	4990	013
2059	6	2061	013
832	1	416	013
2011	6	30	013
2161	6	2061	013
1866	12	170	013
3093	23	12538	013
771	6	30	013
1127	1	846	013
629	1	30	013
8824	23	2977	013
656	6	30	013
1478	1	114	013
1941	6	2045	013
1473	1	114	013
734	15	4977	013
2094	6	2103	013
2207	12	2155	013
1958	6	2061	013
3218	12	2018	013
44	6	30	013
2993	23	2939	013
2026	6	30	013
1588	6	30	013
1588	1	262	013
2020	6	2045	013
3225	23	2938	014
2143	6	2045	014
2097	6	30	014
2129	6	30	014
5238	15	5088	014
4556	14	3491	014
199	1	189	014
675	6	2051	014
5308	15	5088	014
492	1	493	014
3231	12	29	014
811	1	416	014
12	1	14	014
776	1	493	014
3888	14	3832	014
2153	6	30	014
8957	23	2922	014
3208	12	2082	014
169	6	173	014
1941	5	1943	014
55	6	30	014
2015	6	117	014
2079	6	30	014
1898	23	2997	014
2080	6	117	014
3227	12	46	014
1894	23	2920	014
229	15	4988	014
1525	6	29	014
771	1	629	014
1502	1	416	014
3242	12	2009	014
610	1	416	014
443	1	416	014
3211	12	2082	014
717	1	636	014
473	1	416	014
5133	15	5088	014
831	1	416	014
613	1	416	014
178	6	117	014
845	1	28	014
228	1	229	014
1922	6	2061	014
846	1	397	014
114	1	117	014
921	6	30	014
85	6	117	014
4911	14	4117	014
1644	1	207	014
2530	14	3431	014
178	1	179	014
3577	14	3437	014
1961	6	2045	014
188	1	189	014
1133	6	30	014
5214	15	5088	014
818	1	416	014
2138	6	2045	014
292	1	120	014
2135	6	2045	014
919	1	921	014
1975	6	2008	014
598	6	30	014
812	1	416	014
1429	6	173	014
588	6	30	014
1871	12	2155	014
1057	1	30	014
25	15	5024	014
1363	1	27	014
480	15	4990	014
675	15	4990	014
2130	6	2045	014
2140	6	2045	014
921	1	30	014
17	1	1561	014
810	1	416	014
310	15	5088	014
2142	6	2045	014
659	1	341	014
2102	6	2103	014
675	15	5120	014
822	1	416	014
2	6	2061	014
8955	23	2939	014
25	15	4990	014
25	6	30	014
578	1	28	014
1110	15	5120	014
3217	12	28	014
2101	6	2045	014
3237	12	117	014
44	5	25	014
380	6	30	014
1947	6	173	014
1133	15	4990	014
630	6	30	014
2126	6	2045	014
2159	6	30	014
734	15	4977	014
800	1	416	014
3101	11	3102	014
2116	6	2061	014
205	1	207	014
478	1	479	014
759	1	28	014
492	15	5088	014
1592	6	30	014
597	15	5088	014
1956	6	2045	014
478	1	444	014
9420	23	2939	014
3209	12	30	014
2049	6	30	014
113	6	30	014
1930	15	4977	014
3232	12	29	014
2069	6	1561	014
1100	6	28	014
19	6	2045	014
2176	6	2061	014
2082	15	4988	014
3018	23	2977	014
5348	15	5088	014
253	6	30	014
2077	6	2061	014
769	1	28	014
415	1	416	014
2119	6	2045	014
4932	14	3509	014
284	6	2045	014
776	15	5088	014
169	1	173	014
3189	12	2040	014
2791	9	2476	014
396	6	30	014
3193	12	2155	014
2693	12	28	014
303	1	416	014
428	6	2055	014
12552	23	12525	014
228	6	229	014
2903	11	3089	014
205	15	4990	014
2059	6	2061	014
832	1	416	014
2011	6	30	014
2161	6	2061	014
1866	12	170	014
3093	23	12538	014
771	6	30	014
1127	1	846	014
629	1	30	014
114	1	116	014
8824	23	2977	014
656	6	30	014
1478	1	114	014
1941	6	2045	014
1473	1	114	014
734	15	4977	014
2094	6	2103	014
2207	12	2155	014
1958	6	2061	014
3218	12	2018	014
44	6	30	014
2993	23	2939	014
2026	6	30	014
1588	6	30	014
1588	1	262	014
2020	6	2045	014
3225	23	2938	015
2143	6	2045	015
2097	6	30	015
2129	6	30	015
5238	15	5088	015
4556	14	3491	015
199	1	189	015
675	6	2051	015
5308	15	5088	015
1931	6	116	015
492	1	493	015
3231	12	29	015
811	1	416	015
12	1	14	015
776	1	493	015
2153	6	30	015
8957	23	2922	015
3208	12	2082	015
169	6	173	015
1941	5	1943	015
55	6	30	015
3237	12	116	015
2079	6	30	015
1898	23	2997	015
3227	12	46	015
1894	23	2920	015
229	15	4988	015
1525	6	29	015
771	1	629	015
1502	1	416	015
3242	12	2009	015
610	1	416	015
443	1	416	015
3211	12	2082	015
717	1	636	015
473	1	416	015
5133	15	5088	015
831	1	416	015
3888	14	3719	015
613	1	416	015
845	1	28	015
2080	6	116	015
228	1	229	015
1922	6	2061	015
846	1	397	015
921	6	30	015
178	6	116	015
4911	14	4117	015
1644	1	207	015
2530	14	3431	015
178	1	179	015
3577	14	3437	015
1961	6	2045	015
188	1	189	015
1133	6	30	015
5214	15	5088	015
818	1	416	015
2138	6	2045	015
292	1	120	015
2135	6	2045	015
919	1	921	015
1975	6	2008	015
598	6	30	015
812	1	416	015
1429	6	173	015
588	6	30	015
1871	12	2155	015
1057	1	30	015
25	15	5024	015
1363	1	27	015
480	15	4990	015
675	15	4990	015
2130	6	2045	015
2140	6	2045	015
921	1	30	015
17	1	1561	015
810	1	416	015
310	15	5088	015
2142	6	2045	015
659	1	341	015
2102	6	2103	015
675	15	5120	015
822	1	416	015
2	6	2061	015
8955	23	2939	015
25	15	4990	015
25	6	30	015
578	1	28	015
1110	15	5120	015
3217	12	28	015
2101	6	2045	015
3237	12	117	015
44	5	25	015
380	6	30	015
1947	6	173	015
1133	15	4990	015
630	6	30	015
2126	6	2045	015
2159	6	30	015
734	15	4977	015
800	1	416	015
3101	11	3102	015
2116	6	2061	015
205	1	207	015
478	1	479	015
759	1	28	015
492	15	5088	015
1592	6	30	015
597	15	5088	015
1956	6	2045	015
478	1	444	015
9420	23	2939	015
3209	12	30	015
2049	6	30	015
113	6	30	015
1930	15	4977	015
3232	12	29	015
2069	6	1561	015
1100	6	28	015
19	6	2045	015
2176	6	2061	015
2082	15	4988	015
3018	23	2977	015
5348	15	5088	015
253	6	30	015
2077	6	2061	015
769	1	28	015
415	1	416	015
2119	6	2045	015
4932	14	3509	015
284	6	2045	015
776	15	5088	015
169	1	173	015
3189	12	2040	015
2791	9	2476	015
396	6	30	015
3193	12	2155	015
2119	6	2103	015
2693	12	28	015
85	6	116	015
303	1	416	015
428	6	2055	015
12552	23	12525	015
228	6	229	015
2903	11	3089	015
205	15	4990	015
2059	6	2061	015
832	1	416	015
2011	6	30	015
2161	6	2061	015
1866	12	170	015
3093	23	12538	015
4556	14	3519	015
771	6	30	015
1127	1	846	015
629	1	30	015
114	1	116	015
8824	23	2977	015
656	6	30	015
1478	1	114	015
1941	6	2045	015
1473	1	114	015
734	15	4977	015
2094	6	2103	015
2207	12	2155	015
1958	6	2061	015
3218	12	2018	015
44	6	30	015
2993	23	2939	015
2026	6	30	015
1588	6	30	015
1588	1	262	015
2020	6	2045	015
3225	23	2938	016
2143	6	2045	016
2097	6	30	016
2129	6	30	016
5238	15	5088	016
199	1	189	016
675	6	2051	016
5308	15	5088	016
1931	6	116	016
492	1	493	016
3231	12	29	016
811	1	416	016
12	1	14	016
776	1	493	016
2153	6	30	016
8957	23	2922	016
3208	12	2082	016
169	6	173	016
1941	5	1943	016
55	6	30	016
3237	12	116	016
2079	6	30	016
1898	23	2997	016
3227	12	46	016
1894	23	2920	016
229	15	4988	016
1525	6	29	016
771	1	629	016
1502	1	416	016
3242	12	2009	016
2119	6	2104	016
610	1	416	016
443	1	416	016
3211	12	2082	016
717	1	636	016
473	1	416	016
5133	15	5088	016
831	1	416	016
3888	14	3719	016
613	1	416	016
845	1	28	016
2080	6	116	016
228	1	229	016
1922	6	2061	016
3888	14	3762	016
846	1	397	016
921	6	30	016
178	6	116	016
4911	14	4117	016
1644	1	207	016
2530	14	3431	016
178	1	179	016
3577	14	3437	016
1961	6	2045	016
188	1	189	016
1133	6	30	016
5214	15	5088	016
818	1	416	016
2138	6	2045	016
292	1	120	016
2135	6	2045	016
919	1	921	016
1975	6	2008	016
598	6	30	016
812	1	416	016
1429	6	173	016
588	6	30	016
1871	12	2155	016
1057	1	30	016
25	15	5024	016
1363	1	27	016
480	15	4990	016
675	15	4990	016
2130	6	2045	016
2140	6	2045	016
921	1	30	016
17	1	1561	016
810	1	416	016
1588	1	1589	016
310	15	5088	016
2142	6	2045	016
659	1	341	016
2102	6	2103	016
675	15	5120	016
822	1	416	016
2	6	2061	016
8955	23	2939	016
25	15	4990	016
25	6	30	016
578	1	28	016
1110	15	5120	016
3217	12	28	016
2101	6	2045	016
44	5	25	016
380	6	30	016
1947	6	173	016
1133	15	4990	016
630	6	30	016
2126	6	2045	016
2159	6	30	016
734	15	4977	016
800	1	416	016
3101	11	3102	016
2116	6	2061	016
205	1	207	016
478	1	479	016
759	1	28	016
492	15	5088	016
1592	6	30	016
597	15	5088	016
1956	6	2045	016
478	1	444	016
9420	23	2939	016
3209	12	30	016
2049	6	30	016
113	6	30	016
1930	15	4977	016
3232	12	29	016
2069	6	1561	016
1100	6	28	016
19	6	2045	016
2176	6	2061	016
2082	15	4988	016
3018	23	2977	016
5348	15	5088	016
253	6	30	016
2077	6	2061	016
769	1	28	016
415	1	416	016
2119	6	2045	016
284	6	2045	016
776	15	5088	016
169	1	173	016
3189	12	2040	016
2791	9	2476	016
396	6	30	016
3193	12	2155	016
2119	6	2103	016
2693	12	28	016
85	6	116	016
303	1	416	016
428	6	2055	016
12552	23	12525	016
228	6	229	016
2903	11	3089	016
205	15	4990	016
2059	6	2061	016
832	1	416	016
2011	6	30	016
2161	6	2061	016
2094	6	2104	016
1866	12	170	016
3093	23	12538	016
4556	14	3519	016
771	6	30	016
1127	1	846	016
629	1	30	016
114	1	116	016
8824	23	2977	016
656	6	30	016
1478	1	114	016
1941	6	2045	016
1473	1	114	016
734	15	4977	016
2102	6	2104	016
2094	6	2103	016
2207	12	2155	016
1958	6	2061	016
3218	12	2018	016
44	6	30	016
2993	23	2939	016
2026	6	30	016
1588	6	30	016
1588	1	262	016
2020	6	2045	016
3225	23	2938	017
2143	6	2045	017
2097	6	30	017
2129	6	30	017
5238	15	5088	017
199	1	189	017
675	6	2051	017
5308	15	5088	017
2074	6	2075	017
1931	6	116	017
492	1	493	017
3739	14	3496	017
3231	12	29	017
811	1	416	017
12	1	14	017
776	1	493	017
2153	6	30	017
8957	23	2922	017
3208	12	2082	017
169	6	173	017
1941	5	1943	017
55	6	30	017
3237	12	116	017
2079	6	30	017
1898	23	2997	017
3227	12	46	017
1894	23	2920	017
229	15	4988	017
1525	6	29	017
771	1	629	017
1502	1	416	017
3242	12	2009	017
2119	6	2104	017
610	1	416	017
443	1	416	017
3211	12	2082	017
717	1	636	017
473	1	416	017
5133	15	5088	017
831	1	416	017
613	1	416	017
845	1	28	017
2080	6	116	017
228	1	229	017
1922	6	2061	017
3888	14	3762	017
846	1	397	017
921	6	30	017
178	6	116	017
4911	14	4117	017
1644	1	207	017
2530	14	3431	017
178	1	179	017
3577	14	3437	017
1961	6	2045	017
188	1	189	017
1133	6	30	017
5214	15	5088	017
818	1	416	017
2138	6	2045	017
292	1	120	017
2135	6	2045	017
919	1	921	017
1975	6	2008	017
598	6	30	017
812	1	416	017
1429	6	173	017
588	6	30	017
1871	12	2155	017
1057	1	30	017
25	15	5024	017
1363	1	27	017
480	15	4990	017
675	15	4990	017
2130	6	2045	017
2140	6	2045	017
921	1	30	017
17	1	1561	017
810	1	416	017
1588	1	1589	017
310	15	5088	017
2142	6	2045	017
659	1	341	017
675	15	5120	017
822	1	416	017
2	6	2061	017
8955	23	2939	017
25	15	4990	017
25	6	30	017
578	1	28	017
1110	15	5120	017
3217	12	28	017
2101	6	2045	017
44	5	25	017
380	6	30	017
1947	6	173	017
1133	15	4990	017
630	6	30	017
2126	6	2045	017
2159	6	30	017
734	15	4977	017
800	1	416	017
3101	11	3102	017
2116	6	2061	017
205	1	207	017
478	1	479	017
759	1	28	017
492	15	5088	017
1592	6	30	017
597	15	5088	017
1956	6	2045	017
478	1	444	017
9420	23	2939	017
3209	12	30	017
2049	6	30	017
113	6	30	017
1930	15	4977	017
3232	12	29	017
2069	6	1561	017
1100	6	28	017
19	6	2045	017
2176	6	2061	017
2082	15	4988	017
3018	23	2977	017
5348	15	5088	017
253	6	30	017
2077	6	2061	017
769	1	28	017
415	1	416	017
2119	6	2045	017
284	6	2045	017
776	15	5088	017
169	1	173	017
3189	12	2040	017
2791	9	2476	017
396	6	30	017
3193	12	2155	017
2693	12	28	017
85	6	116	017
303	1	416	017
428	6	2055	017
12552	23	12525	017
228	6	229	017
2903	11	3089	017
205	15	4990	017
2059	6	2061	017
832	1	416	017
2011	6	30	017
2161	6	2061	017
2094	6	2104	017
1866	12	170	017
3093	23	12538	017
4556	14	3519	017
771	6	30	017
1127	1	846	017
629	1	30	017
114	1	116	017
8824	23	2977	017
656	6	30	017
1478	1	114	017
1941	6	2045	017
1473	1	114	017
734	15	4977	017
2102	6	2104	017
2207	12	2155	017
1958	6	2061	017
3218	12	2018	017
44	6	30	017
2993	23	2939	017
2026	6	30	017
1588	6	30	017
2020	6	2045	017
3225	23	2938	018
2143	6	2045	018
2097	6	30	018
2129	6	30	018
5238	15	5088	018
199	1	189	018
675	6	2051	018
5308	15	5088	018
2074	6	2075	018
1931	6	116	018
492	1	493	018
3739	14	3496	018
3231	12	29	018
811	1	416	018
12	1	14	018
776	1	493	018
2153	6	30	018
8957	23	2922	018
3208	12	2082	018
169	6	173	018
1941	5	1943	018
55	6	30	018
3237	12	116	018
2079	6	30	018
1898	23	2997	018
3227	12	46	018
19	6	2008	018
1894	23	2920	018
229	15	4988	018
1525	6	29	018
771	1	629	018
1502	1	416	018
3242	12	2009	018
2119	6	2104	018
610	1	416	018
443	1	416	018
3211	12	2082	018
717	1	636	018
473	1	416	018
5133	15	5088	018
831	1	416	018
613	1	416	018
2010	6	2008	018
845	1	28	018
2080	6	116	018
228	1	229	018
1922	6	2061	018
2135	6	2008	018
3888	14	3762	018
2007	6	2008	018
846	1	397	018
921	6	30	018
178	6	116	018
4911	14	4117	018
1644	1	207	018
2530	14	3431	018
178	1	179	018
3577	14	3437	018
1961	6	2045	018
1961	6	2008	018
188	1	189	018
1133	6	30	018
5214	15	5088	018
818	1	416	018
2138	6	2045	018
292	1	120	018
2135	6	2045	018
919	1	921	018
1975	6	2008	018
598	6	30	018
2020	6	2008	018
812	1	416	018
1429	6	173	018
588	6	30	018
1871	12	2155	018
2130	6	2008	018
1057	1	30	018
2131	6	2008	018
25	15	5024	018
1363	1	27	018
480	15	4990	018
675	15	4990	018
2130	6	2045	018
2140	6	2045	018
921	1	30	018
17	1	1561	018
810	1	416	018
310	15	5088	018
2142	6	2045	018
659	1	341	018
675	15	5120	018
822	1	416	018
2	6	2061	018
8955	23	2939	018
25	15	4990	018
25	6	30	018
578	1	28	018
1110	15	5120	018
3217	12	28	018
2101	6	2045	018
44	5	25	018
2140	6	2008	018
380	6	30	018
1947	6	173	018
1133	15	4990	018
630	6	30	018
2126	6	2045	018
2159	6	30	018
734	15	4977	018
800	1	416	018
3101	11	3102	018
2116	6	2061	018
205	1	207	018
478	1	479	018
759	1	28	018
492	15	5088	018
1592	6	30	018
597	15	5088	018
1956	6	2045	018
478	1	444	018
9420	23	2939	018
3209	12	30	018
2049	6	30	018
113	6	30	018
1930	15	4977	018
3232	12	29	018
2069	6	1561	018
1100	6	28	018
19	6	2045	018
2176	6	2061	018
2082	15	4988	018
3018	23	2977	018
5348	15	5088	018
253	6	30	018
1941	6	2008	018
2077	6	2061	018
769	1	28	018
415	1	416	018
2119	6	2045	018
284	6	2045	018
776	15	5088	018
169	1	173	018
3189	12	2040	018
2791	9	2476	018
2073	6	2008	018
396	6	30	018
2126	6	2008	018
3193	12	2155	018
2142	6	2008	018
2693	12	28	018
85	6	116	018
303	1	416	018
428	6	2055	018
12552	23	12525	018
284	6	2008	018
228	6	229	018
2903	11	3089	018
205	15	4990	018
2059	6	2061	018
832	1	416	018
2011	6	30	018
2161	6	2061	018
2094	6	2104	018
1866	12	170	018
3093	23	12538	018
4556	14	3519	018
771	6	30	018
1127	1	846	018
2101	6	2008	018
629	1	30	018
114	1	116	018
8824	23	2977	018
656	6	30	018
1478	1	114	018
1959	6	2008	018
1941	6	2045	018
1473	1	114	018
734	15	4977	018
2102	6	2104	018
2008	15	4988	018
2207	12	2155	018
1958	6	2061	018
3218	12	2018	018
44	6	30	018
2138	6	2008	018
2993	23	2939	018
2026	6	30	018
1588	6	30	018
2020	6	2045	018
3225	23	2938	019
2097	6	30	019
2129	6	30	019
5238	15	5088	019
199	1	189	019
675	6	2051	019
5308	15	5088	019
2074	6	2075	019
1931	6	116	019
492	1	493	019
3739	14	3496	019
3231	12	29	019
811	1	416	019
12	1	14	019
776	1	493	019
2153	6	30	019
8957	23	2922	019
3208	12	2082	019
169	6	173	019
1941	5	1943	019
55	6	30	019
3237	12	116	019
2079	6	30	019
1898	23	2997	019
3227	12	46	019
19	6	2008	019
1894	23	2920	019
229	15	4988	019
1525	6	29	019
771	1	629	019
1502	1	416	019
3242	12	2009	019
2119	6	2104	019
610	1	416	019
443	1	416	019
3211	12	2082	019
717	1	636	019
473	1	416	019
5133	15	5088	019
831	1	416	019
613	1	416	019
2010	6	2008	019
845	1	28	019
2080	6	116	019
228	1	229	019
1922	6	2061	019
2135	6	2008	019
3888	14	3762	019
2007	6	2008	019
846	1	397	019
921	6	30	019
178	6	116	019
2102	6	2095	019
4911	14	4117	019
1644	1	207	019
2530	14	3431	019
178	1	179	019
3577	14	3437	019
1961	6	2008	019
188	1	189	019
1133	6	30	019
5214	15	5088	019
818	1	416	019
292	1	120	019
919	1	921	019
1975	6	2008	019
598	6	30	019
2020	6	2008	019
812	1	416	019
1429	6	173	019
588	6	30	019
1871	12	2155	019
2130	6	2008	019
1057	1	30	019
2131	6	2008	019
1956	6	2095	019
25	15	5024	019
1363	1	27	019
480	15	4990	019
675	15	4990	019
921	1	30	019
17	1	1561	019
810	1	416	019
310	15	5088	019
659	1	341	019
675	15	5120	019
822	1	416	019
2	6	2061	019
8955	23	2939	019
25	15	4990	019
25	6	30	019
578	1	28	019
1110	15	5120	019
3217	12	28	019
473	6	2055	019
44	5	25	019
2140	6	2008	019
380	6	30	019
1947	6	173	019
1133	15	4990	019
630	6	30	019
2159	6	30	019
734	15	4977	019
800	1	416	019
3101	11	3102	019
284	6	2095	019
2116	6	2061	019
205	1	207	019
478	1	479	019
759	1	28	019
492	15	5088	019
1592	6	30	019
597	15	5088	019
478	1	444	019
9420	23	2939	019
3209	12	30	019
2049	6	30	019
8812	17	6190	019
113	6	30	019
1930	15	4977	019
3232	12	29	019
2069	6	1561	019
1100	6	28	019
2176	6	2061	019
2082	15	4988	019
3018	23	2977	019
5348	15	5088	019
253	6	30	019
2101	6	2095	019
1941	6	2008	019
2077	6	2061	019
2094	6	2095	019
769	1	28	019
415	1	416	019
2119	6	2045	019
776	15	5088	019
169	1	173	019
3189	12	2040	019
2791	9	2476	019
2073	6	2008	019
396	6	30	019
2126	6	2008	019
1983	6	728	019
3193	12	2155	019
2142	6	2008	019
2693	12	28	019
85	6	116	019
303	1	416	019
428	6	2055	019
12552	23	12525	019
284	6	2008	019
228	6	229	019
2903	11	3089	019
205	15	4990	019
2059	6	2061	019
832	1	416	019
2011	6	30	019
2119	6	2095	019
2161	6	2061	019
2094	6	2104	019
1866	12	170	019
3093	23	12538	019
4556	14	3519	019
771	6	30	019
1127	1	846	019
2101	6	2008	019
629	1	30	019
114	1	116	019
8824	23	2977	019
656	6	30	019
1478	1	114	019
1959	6	2008	019
1473	1	114	019
734	15	4977	019
2102	6	2104	019
2008	15	4988	019
3888	14	3495	019
2207	12	2155	019
1958	6	2061	019
3218	12	2018	019
44	6	30	019
2138	6	2008	019
2993	23	2939	019
2026	6	30	019
1588	6	30	019
3225	23	2938	020
2097	6	30	020
2129	6	30	020
5238	15	5088	020
199	1	189	020
675	6	2051	020
5308	15	5088	020
2074	6	2075	020
1931	6	116	020
492	1	493	020
3739	14	3496	020
3231	12	29	020
2692	9	2476	020
811	1	416	020
12	1	14	020
776	1	493	020
2153	6	30	020
8957	23	2922	020
3208	12	2082	020
169	6	173	020
1941	5	1943	020
55	6	30	020
3237	12	116	020
2079	6	30	020
1898	23	2997	020
3227	12	46	020
19	6	2008	020
1894	23	2920	020
728	1	405	020
229	15	4988	020
1525	6	29	020
771	1	629	020
1502	1	416	020
3242	12	2009	020
610	1	416	020
443	1	416	020
3211	12	2082	020
717	1	636	020
473	1	416	020
5133	15	5088	020
831	1	416	020
613	1	416	020
2010	6	2008	020
845	1	28	020
2080	6	116	020
228	1	229	020
1922	6	2061	020
2135	6	2008	020
2007	6	2008	020
846	1	397	020
921	6	30	020
178	6	116	020
2102	6	2095	020
4911	14	4117	020
1644	1	207	020
2530	14	3431	020
178	1	179	020
3577	14	3437	020
1961	6	2008	020
188	1	189	020
1133	6	30	020
5214	15	5088	020
818	1	416	020
292	1	120	020
919	1	921	020
1975	6	2008	020
598	6	30	020
2020	6	2008	020
812	1	416	020
1429	6	173	020
588	6	30	020
1871	12	2155	020
2130	6	2008	020
1057	1	30	020
2131	6	2008	020
1956	6	2095	020
25	15	5024	020
1363	1	27	020
480	15	4990	020
675	15	4990	020
921	1	30	020
17	1	1561	020
810	1	416	020
310	15	5088	020
659	1	341	020
675	15	5120	020
822	1	416	020
2	6	2061	020
8955	23	2939	020
25	15	4990	020
25	6	30	020
578	1	28	020
1110	15	5120	020
3217	12	28	020
473	6	2055	020
44	5	25	020
2140	6	2008	020
380	6	30	020
728	15	4988	020
1947	6	173	020
1133	15	4990	020
630	6	30	020
2159	6	30	020
734	15	4977	020
800	1	416	020
3101	11	3102	020
284	6	2095	020
2116	6	2061	020
205	1	207	020
478	1	479	020
759	1	28	020
492	15	5088	020
1592	6	30	020
597	15	5088	020
478	1	444	020
9420	23	2939	020
3209	12	30	020
2049	6	30	020
8812	17	6190	020
113	6	30	020
1930	15	4977	020
3232	12	29	020
2069	6	1561	020
1100	6	28	020
2176	6	2061	020
2082	15	4988	020
3018	23	2977	020
5348	15	5088	020
253	6	30	020
2101	6	2095	020
1941	6	2008	020
2077	6	2061	020
2094	6	2095	020
769	1	28	020
415	1	416	020
2119	6	2045	020
776	15	5088	020
169	1	173	020
3189	12	2040	020
2791	9	2476	020
2073	6	2008	020
396	6	30	020
2126	6	2008	020
1983	6	728	020
3193	12	2155	020
2142	6	2008	020
2693	12	28	020
85	6	116	020
303	1	416	020
428	6	2055	020
12552	23	12525	020
4932	14	3793	020
228	6	229	020
2903	11	3089	020
205	15	4990	020
2059	6	2061	020
832	1	416	020
2011	6	30	020
2119	6	2095	020
2161	6	2061	020
1866	12	170	020
3093	23	12538	020
771	6	30	020
1127	1	846	020
629	1	30	020
114	1	116	020
8824	23	2977	020
656	6	30	020
1478	1	114	020
1959	6	2008	020
1473	1	114	020
734	15	4977	020
2008	15	4988	020
3888	14	3495	020
2207	12	2155	020
1958	6	2061	020
3218	12	2018	020
44	6	30	020
2138	6	2008	020
2993	23	2939	020
2026	6	30	020
1588	6	30	020
3225	23	2938	021
2097	6	30	021
2129	6	30	021
5238	15	5088	021
199	1	189	021
675	6	2051	021
5308	15	5088	021
2074	6	2075	021
1931	6	116	021
492	1	493	021
3739	14	3496	021
3231	12	29	021
2692	9	2476	021
811	1	416	021
12	1	14	021
776	1	493	021
2153	6	30	021
8957	23	2922	021
3208	12	2082	021
169	6	173	021
1941	5	1943	021
55	6	30	021
3845	14	3495	021
3237	12	116	021
2079	6	30	021
1898	23	2997	021
3227	12	46	021
19	6	2008	021
1894	23	2920	021
728	1	405	021
229	15	4988	021
1525	6	29	021
771	1	629	021
1502	1	416	021
3242	12	2009	021
610	1	416	021
443	1	416	021
3211	12	2082	021
717	1	636	021
473	1	416	021
5133	15	5088	021
831	1	416	021
613	1	416	021
2010	6	2008	021
845	1	28	021
2080	6	116	021
228	1	229	021
1922	6	2061	021
2135	6	2008	021
2007	6	2008	021
846	1	397	021
921	6	30	021
178	6	116	021
2102	6	2095	021
4911	14	4117	021
1644	1	207	021
2530	14	3431	021
178	1	179	021
3577	14	3437	021
4730	14	3717	021
1961	6	2008	021
188	1	189	021
1133	6	30	021
5214	15	5088	021
818	1	416	021
292	1	120	021
919	1	921	021
1975	6	2008	021
598	6	30	021
2020	6	2008	021
812	1	416	021
1429	6	173	021
588	6	30	021
1871	12	2155	021
2130	6	2008	021
1057	1	30	021
2131	6	2008	021
1956	6	2095	021
25	15	5024	021
1363	1	27	021
480	15	4990	021
1970	6	2055	021
675	15	4990	021
921	1	30	021
17	1	1561	021
810	1	416	021
310	15	5088	021
659	1	341	021
675	15	5120	021
822	1	416	021
2	6	2061	021
8955	23	2939	021
25	15	4990	021
25	6	30	021
578	1	28	021
1110	15	5120	021
3217	12	28	021
473	6	2055	021
44	5	25	021
2140	6	2008	021
380	6	30	021
728	15	4988	021
1947	6	173	021
1133	15	4990	021
630	6	30	021
2159	6	30	021
734	15	4977	021
800	1	416	021
3101	11	3102	021
284	6	2095	021
2116	6	2061	021
205	1	207	021
478	1	479	021
759	1	28	021
492	15	5088	021
1592	6	30	021
4556	14	3793	021
597	15	5088	021
478	1	444	021
9420	23	2939	021
3209	12	30	021
2049	6	30	021
8812	17	6190	021
113	6	30	021
1930	15	4977	021
3232	12	29	021
2069	6	1561	021
1100	6	28	021
2176	6	2061	021
2082	15	4988	021
3018	23	2977	021
5348	15	5088	021
253	6	30	021
2101	6	2095	021
1941	6	2008	021
2077	6	2061	021
2094	6	2095	021
769	1	28	021
415	1	416	021
2119	6	2045	021
776	15	5088	021
169	1	173	021
3189	12	2040	021
2791	9	2476	021
2073	6	2008	021
396	6	30	021
2126	6	2008	021
1983	6	728	021
3193	12	2155	021
2142	6	2008	021
2693	12	28	021
85	6	116	021
303	1	416	021
428	6	2055	021
12552	23	12525	021
4932	14	3793	021
228	6	229	021
2903	11	3089	021
205	15	4990	021
2059	6	2061	021
832	1	416	021
2011	6	30	021
2119	6	2095	021
2161	6	2061	021
1866	12	170	021
3093	23	12538	021
771	6	30	021
1127	1	846	021
629	1	30	021
114	1	116	021
8824	23	2977	021
656	6	30	021
1478	1	114	021
1959	6	2008	021
1473	1	114	021
734	15	4977	021
2008	15	4988	021
3888	14	3495	021
2207	12	2155	021
1958	6	2061	021
3218	12	2018	021
44	6	30	021
2138	6	2008	021
2993	23	2939	021
2026	6	30	021
1588	6	30	021
3225	23	2938	022
2097	6	30	022
2129	6	30	022
5238	15	5088	022
199	1	189	022
5308	15	5088	022
1931	6	116	022
492	1	493	022
3739	14	3496	022
3231	12	29	022
2692	9	2476	022
811	1	416	022
12	1	14	022
776	1	493	022
2153	6	30	022
8957	23	2922	022
3208	12	2082	022
169	6	173	022
1941	5	1943	022
55	6	30	022
3845	14	3495	022
3237	12	116	022
2079	6	30	022
1898	23	2997	022
3227	12	46	022
19	6	2008	022
1894	23	2920	022
728	1	405	022
229	15	4988	022
1525	6	29	022
771	1	629	022
1502	1	416	022
3242	12	2009	022
610	1	416	022
443	1	416	022
3211	12	2082	022
717	1	636	022
473	1	416	022
5133	15	5088	022
831	1	416	022
613	1	416	022
2010	6	2008	022
845	1	28	022
2080	6	116	022
228	1	229	022
1922	6	2061	022
2135	6	2008	022
2007	6	2008	022
846	1	397	022
921	6	30	022
178	6	116	022
2102	6	2095	022
4911	14	4117	022
1644	1	207	022
2530	14	3431	022
178	1	179	022
3577	14	3437	022
4730	14	3717	022
1961	6	2008	022
188	1	189	022
1133	6	30	022
5214	15	5088	022
818	1	416	022
292	1	120	022
919	1	921	022
1975	6	2008	022
598	6	30	022
2020	6	2008	022
812	1	416	022
588	6	30	022
1871	12	2155	022
2130	6	2008	022
1057	1	30	022
2131	6	2008	022
1956	6	2095	022
25	15	5024	022
1363	1	27	022
480	15	4990	022
1970	6	2055	022
675	15	4990	022
921	1	30	022
17	1	1561	022
810	1	416	022
310	15	5088	022
659	1	341	022
675	15	5120	022
822	1	416	022
2	6	2061	022
8955	23	2939	022
25	15	4990	022
25	6	30	022
578	1	28	022
1110	15	5120	022
4691	14	3495	022
3217	12	28	022
473	6	2055	022
44	5	25	022
2140	6	2008	022
380	6	30	022
728	15	4988	022
1947	6	173	022
1133	15	4990	022
630	6	30	022
2159	6	30	022
734	15	4977	022
800	1	416	022
3101	11	3102	022
284	6	2095	022
2116	6	2061	022
205	1	207	022
478	1	479	022
759	1	28	022
492	15	5088	022
1592	6	30	022
4556	14	3793	022
597	15	5088	022
478	1	444	022
9420	23	2939	022
3209	12	30	022
2049	6	30	022
8812	17	6190	022
113	6	30	022
1930	15	4977	022
3232	12	29	022
2069	6	1561	022
1100	6	28	022
2176	6	2061	022
2082	15	4988	022
3018	23	2977	022
5348	15	5088	022
253	6	30	022
2101	6	2095	022
1941	6	2008	022
2077	6	2061	022
2094	6	2095	022
769	1	28	022
415	1	416	022
2119	6	2045	022
776	15	5088	022
169	1	173	022
3189	12	2040	022
2791	9	2476	022
2073	6	2008	022
396	6	30	022
2126	6	2008	022
1983	6	728	022
3193	12	2155	022
2142	6	2008	022
2693	12	28	022
85	6	116	022
303	1	416	022
428	6	2055	022
12552	23	12525	022
228	6	229	022
2903	11	3089	022
205	15	4990	022
2059	6	2061	022
832	1	416	022
2011	6	30	022
2119	6	2095	022
2161	6	2061	022
1866	12	170	022
3093	23	12538	022
771	6	30	022
1127	1	846	022
629	1	30	022
114	1	116	022
8824	23	2977	022
656	6	30	022
1478	1	114	022
1959	6	2008	022
1473	1	114	022
734	15	4977	022
2008	15	4988	022
3888	14	3495	022
2207	12	2155	022
1958	6	2061	022
3218	12	2018	022
44	6	30	022
2138	6	2008	022
2993	23	2939	022
2026	6	30	022
1588	6	30	022
3225	23	2938	023
2097	6	30	023
2129	6	30	023
5238	15	5088	023
199	1	189	023
5308	15	5088	023
1931	6	116	023
492	1	493	023
3739	14	3496	023
3231	12	29	023
2692	9	2476	023
811	1	416	023
12	1	14	023
776	1	493	023
2153	6	30	023
8957	23	2922	023
3208	12	2082	023
169	6	173	023
1941	5	1943	023
55	6	30	023
3845	14	3495	023
3237	12	116	023
2079	6	30	023
1898	23	2997	023
3227	12	46	023
19	6	2008	023
1894	23	2920	023
728	1	405	023
229	15	4988	023
1525	6	29	023
771	1	629	023
1502	1	416	023
3242	12	2009	023
610	1	416	023
443	1	416	023
3211	12	2082	023
717	1	636	023
473	1	416	023
5133	15	5088	023
831	1	416	023
613	1	416	023
2010	6	2008	023
845	1	28	023
2080	6	116	023
228	1	229	023
1922	6	2061	023
2135	6	2008	023
2007	6	2008	023
846	1	397	023
921	6	30	023
178	6	116	023
2102	6	2095	023
4911	14	4117	023
1644	1	207	023
2530	14	3431	023
178	1	179	023
3577	14	3437	023
4730	14	3717	023
1961	6	2008	023
188	1	189	023
1133	6	30	023
5214	15	5088	023
818	1	416	023
292	1	120	023
919	1	921	023
1975	6	2008	023
598	6	30	023
2020	6	2008	023
812	1	416	023
588	6	30	023
1871	12	2155	023
2130	6	2008	023
1057	1	30	023
2131	6	2008	023
1956	6	2095	023
25	15	5024	023
1363	1	27	023
480	15	4990	023
1970	6	2055	023
675	15	4990	023
921	1	30	023
17	1	1561	023
810	1	416	023
310	15	5088	023
659	1	341	023
675	15	5120	023
822	1	416	023
2	6	2061	023
8955	23	2939	023
25	15	4990	023
25	6	30	023
578	1	28	023
1110	15	5120	023
4691	14	3495	023
3217	12	28	023
473	6	2055	023
44	5	25	023
2140	6	2008	023
380	6	30	023
728	15	4988	023
1947	6	173	023
1133	15	4990	023
630	6	30	023
2159	6	30	023
734	15	4977	023
800	1	416	023
3101	11	3102	023
284	6	2095	023
2116	6	2061	023
205	1	207	023
478	1	479	023
759	1	28	023
492	15	5088	023
1592	6	30	023
4556	14	3793	023
597	15	5088	023
478	1	444	023
9420	23	2939	023
3209	12	30	023
2049	6	30	023
8812	17	6190	023
113	6	30	023
1930	15	4977	023
3232	12	29	023
2069	6	1561	023
1100	6	28	023
2176	6	2061	023
2082	15	4988	023
3018	23	2977	023
5348	15	5088	023
253	6	30	023
2101	6	2095	023
1941	6	2008	023
2077	6	2061	023
2094	6	2095	023
769	1	28	023
4722	14	3715	023
415	1	416	023
2119	6	2045	023
776	15	5088	023
169	1	173	023
3189	12	2040	023
2791	9	2476	023
2073	6	2008	023
396	6	30	023
2126	6	2008	023
1983	6	728	023
3193	12	2155	023
2142	6	2008	023
2693	12	28	023
85	6	116	023
303	1	416	023
428	6	2055	023
12552	23	12525	023
228	6	229	023
2903	11	3089	023
205	15	4990	023
2059	6	2061	023
832	1	416	023
2011	6	30	023
2119	6	2095	023
2161	6	2061	023
205	6	30	023
1866	12	170	023
3093	23	12538	023
771	6	30	023
1127	1	846	023
629	1	30	023
114	1	116	023
8824	23	2977	023
656	6	30	023
1478	1	114	023
1959	6	2008	023
2135	6	30	023
1473	1	114	023
734	15	4977	023
2008	15	4988	023
3888	14	3495	023
2207	12	2155	023
1958	6	2061	023
3218	12	2018	023
44	6	30	023
2138	6	2008	023
2993	23	2939	023
2026	6	30	023
1588	6	30	023
2003	6	30	023
3225	23	2938	024
2097	6	30	024
2129	6	30	024
5238	15	5088	024
199	1	189	024
5308	15	5088	024
1931	6	116	024
492	1	493	024
3739	14	3496	024
3231	12	29	024
2692	9	2476	024
811	1	416	024
12	1	14	024
776	1	493	024
2153	6	30	024
8957	23	2922	024
3208	12	2082	024
169	6	173	024
1941	5	1943	024
55	6	30	024
3845	14	3495	024
3237	12	116	024
2079	6	30	024
1898	23	2997	024
3227	12	46	024
19	6	2008	024
1894	23	2920	024
728	1	405	024
229	15	4988	024
1525	6	29	024
771	1	629	024
1502	1	416	024
3242	12	2009	024
610	1	416	024
443	1	416	024
3211	12	2082	024
717	1	636	024
473	1	416	024
5133	15	5088	024
831	1	416	024
613	1	416	024
2010	6	2008	024
845	1	28	024
2080	6	116	024
228	1	229	024
1922	6	2061	024
2007	6	2008	024
846	1	397	024
921	6	30	024
178	6	116	024
2102	6	2095	024
4911	14	4117	024
1644	1	207	024
2530	14	3431	024
178	1	179	024
3577	14	3437	024
4730	14	3717	024
188	1	189	024
1133	6	30	024
5214	15	5088	024
818	1	416	024
292	1	120	024
919	1	921	024
1975	6	2008	024
598	6	30	024
2020	6	2008	024
812	1	416	024
588	6	30	024
1871	12	2155	024
2130	6	2008	024
1057	1	30	024
2131	6	2008	024
1956	6	2095	024
25	15	5024	024
1363	1	27	024
480	15	4990	024
1970	6	2055	024
675	15	4990	024
921	1	30	024
17	1	1561	024
810	1	416	024
310	15	5088	024
659	1	341	024
675	15	5120	024
822	1	416	024
2	6	2061	024
8955	23	2939	024
25	15	4990	024
25	6	30	024
578	1	28	024
1110	15	5120	024
4691	14	3495	024
3217	12	28	024
473	6	2055	024
44	5	25	024
2140	6	2008	024
380	6	30	024
728	15	4988	024
1947	6	173	024
1133	15	4990	024
630	6	30	024
2159	6	30	024
734	15	4977	024
800	1	416	024
3101	11	3102	024
284	6	2095	024
2692	14	4072	024
2116	6	2061	024
205	1	207	024
478	1	479	024
40	6	2055	024
759	1	28	024
492	15	5088	024
1592	6	30	024
597	15	5088	024
478	1	444	024
9420	23	2939	024
3209	12	30	024
2049	6	30	024
8812	17	6190	024
113	6	30	024
1930	15	4977	024
3232	12	29	024
2069	6	1561	024
1100	6	28	024
2176	6	2061	024
2082	15	4988	024
3018	23	2977	024
5348	15	5088	024
253	6	30	024
2101	6	2095	024
1941	6	2008	024
2077	6	2061	024
2094	6	2095	024
769	1	28	024
4722	14	3715	024
415	1	416	024
2119	6	2045	024
4691	14	3737	024
776	15	5088	024
169	1	173	024
3189	12	2040	024
2791	9	2476	024
2073	6	2008	024
396	6	30	024
2126	6	2008	024
1983	6	728	024
3193	12	2155	024
2142	6	2008	024
2693	12	28	024
85	6	116	024
303	1	416	024
428	6	2055	024
4723	14	3733	024
12552	23	12525	024
228	6	229	024
2903	11	3089	024
205	15	4990	024
2059	6	2061	024
832	1	416	024
2011	6	30	024
2119	6	2095	024
2161	6	2061	024
205	6	30	024
1866	12	170	024
3093	23	12538	024
771	6	30	024
1127	1	846	024
629	1	30	024
114	1	116	024
8824	23	2977	024
656	6	30	024
1478	1	114	024
1959	6	2008	024
2135	6	30	024
1473	1	114	024
734	15	4977	024
2008	15	4988	024
3888	14	3495	024
2207	12	2155	024
1958	6	2061	024
3218	12	2018	024
44	6	30	024
2138	6	2008	024
2993	23	2939	024
2026	6	30	024
1588	6	30	024
2003	6	30	024
3225	23	2938	025
2097	6	30	025
2129	6	30	025
5238	15	5088	025
199	1	189	025
5308	15	5088	025
1931	6	116	025
492	1	493	025
3739	14	3496	025
3231	12	29	025
2692	9	2476	025
811	1	416	025
12	1	14	025
776	1	493	025
2153	6	30	025
8957	23	2922	025
3208	12	2082	025
169	6	173	025
1941	5	1943	025
55	6	30	025
3845	14	3495	025
3237	12	116	025
2079	6	30	025
1898	23	2997	025
3227	12	46	025
19	6	2008	025
1894	23	2920	025
728	1	405	025
229	15	4988	025
1525	6	29	025
771	1	629	025
1502	1	416	025
3242	12	2009	025
610	1	416	025
443	1	416	025
3211	12	2082	025
717	1	636	025
473	1	416	025
5133	15	5088	025
831	1	416	025
613	1	416	025
2010	6	2008	025
845	1	28	025
2080	6	116	025
228	1	229	025
1922	6	2061	025
2007	6	2008	025
846	1	397	025
921	6	30	025
178	6	116	025
2102	6	2095	025
4911	14	4117	025
1644	1	207	025
2530	14	3431	025
178	1	179	025
3577	14	3437	025
4730	14	3717	025
188	1	189	025
1133	6	30	025
5214	15	5088	025
818	1	416	025
292	1	120	025
919	1	921	025
1975	6	2008	025
598	6	30	025
2020	6	2008	025
812	1	416	025
588	6	30	025
1871	12	2155	025
2130	6	2008	025
1057	1	30	025
2131	6	2008	025
1956	6	2095	025
25	15	5024	025
1363	1	27	025
480	15	4990	025
1970	6	2055	025
675	15	4990	025
921	1	30	025
17	1	1561	025
810	1	416	025
310	15	5088	025
659	1	341	025
675	15	5120	025
822	1	416	025
2	6	2061	025
8955	23	2939	025
25	15	4990	025
25	6	30	025
578	1	28	025
1110	15	5120	025
3217	12	28	025
473	6	2055	025
44	5	25	025
2140	6	2008	025
380	6	30	025
728	15	4988	025
1947	6	173	025
1133	15	4990	025
630	6	30	025
2159	6	30	025
734	15	4977	025
4678	14	3496	025
800	1	416	025
3101	11	3102	025
284	6	2095	025
2692	14	4072	025
2116	6	2061	025
205	1	207	025
478	1	479	025
40	6	2055	025
759	1	28	025
492	15	5088	025
1592	6	30	025
597	15	5088	025
478	1	444	025
9420	23	2939	025
3209	12	30	025
2049	6	30	025
8812	17	6190	025
113	6	30	025
1930	15	4977	025
3232	12	29	025
2069	6	1561	025
1100	6	28	025
2176	6	2061	025
2082	15	4988	025
3018	23	2977	025
5348	15	5088	025
253	6	30	025
2101	6	2095	025
1941	6	2008	025
2077	6	2061	025
2094	6	2095	025
769	1	28	025
4722	14	3715	025
415	1	416	025
2119	6	2045	025
4691	14	3737	025
776	15	5088	025
169	1	173	025
3189	12	2040	025
2791	9	2476	025
2073	6	2008	025
396	6	30	025
2126	6	2008	025
1983	6	728	025
3193	12	2155	025
2142	6	2008	025
2693	12	28	025
85	6	116	025
303	1	416	025
428	6	2055	025
4723	14	3733	025
12552	23	12525	025
228	6	229	025
2903	11	3089	025
205	15	4990	025
2059	6	2061	025
832	1	416	025
2011	6	30	025
2119	6	2095	025
2161	6	2061	025
205	6	30	025
1866	12	170	025
3093	23	12538	025
771	6	30	025
1127	1	846	025
629	1	30	025
114	1	116	025
8824	23	2977	025
656	6	30	025
1478	1	114	025
1959	6	2008	025
2135	6	30	025
1473	1	114	025
734	15	4977	025
2008	15	4988	025
3888	14	3495	025
2207	12	2155	025
1958	6	2061	025
3218	12	2018	025
44	6	30	025
2138	6	2008	025
2993	23	2939	025
2026	6	30	025
1588	6	30	025
2003	6	30	025
3225	23	2938	026
2097	6	30	026
2129	6	30	026
5238	15	5088	026
199	1	189	026
5308	15	5088	026
1931	6	116	026
492	1	493	026
3739	14	3496	026
3231	12	29	026
2692	9	2476	026
811	1	416	026
12	1	14	026
776	1	493	026
2153	6	30	026
8957	23	2922	026
3208	12	2082	026
169	6	173	026
1941	5	1943	026
55	6	30	026
3845	14	3495	026
3237	12	116	026
2079	6	30	026
1898	23	2997	026
3227	12	46	026
19	6	2008	026
1894	23	2920	026
728	1	405	026
229	15	4988	026
1525	6	29	026
771	1	629	026
1502	1	416	026
3242	12	2009	026
610	1	416	026
443	1	416	026
3211	12	2082	026
717	1	636	026
473	1	416	026
5133	15	5088	026
831	1	416	026
613	1	416	026
2010	6	2008	026
845	1	28	026
2080	6	116	026
228	1	229	026
1922	6	2061	026
2007	6	2008	026
846	1	397	026
921	6	30	026
178	6	116	026
2102	6	2095	026
4911	14	4117	026
1644	1	207	026
2530	14	3431	026
178	1	179	026
3577	14	3437	026
2	6	30	026
4730	14	3717	026
188	1	189	026
1133	6	30	026
5214	15	5088	026
818	1	416	026
292	1	120	026
919	1	921	026
1975	6	2008	026
598	6	30	026
2020	6	2008	026
812	1	416	026
588	6	30	026
1871	12	2155	026
2130	6	2008	026
1057	1	30	026
2131	6	2008	026
1956	6	2095	026
25	15	5024	026
1363	1	27	026
480	15	4990	026
1970	6	2055	026
675	15	4990	026
17	6	30	026
921	1	30	026
17	1	1561	026
810	1	416	026
310	15	5088	026
659	1	341	026
675	15	5120	026
822	1	416	026
2	6	2061	026
8955	23	2939	026
25	15	4990	026
25	6	30	026
578	1	28	026
1110	15	5120	026
3217	12	28	026
473	6	2055	026
44	5	25	026
2140	6	2008	026
380	6	30	026
728	15	4988	026
1947	6	173	026
1133	15	4990	026
630	6	30	026
2159	6	30	026
734	15	4977	026
4678	14	3496	026
800	1	416	026
3101	11	3102	026
284	6	2095	026
2692	14	4072	026
2116	6	2061	026
205	1	207	026
478	1	479	026
40	6	2055	026
759	1	28	026
492	15	5088	026
1592	6	30	026
597	15	5088	026
478	1	444	026
9420	23	2939	026
3209	12	30	026
2049	6	30	026
8812	17	6190	026
113	6	30	026
1930	15	4977	026
3232	12	29	026
2069	6	1561	026
1100	6	28	026
2176	6	2061	026
2082	15	4988	026
3018	23	2977	026
5348	15	5088	026
253	6	30	026
2101	6	2095	026
1941	6	2008	026
2077	6	2061	026
2094	6	2095	026
769	1	28	026
4722	14	3715	026
415	1	416	026
2119	6	2045	026
4691	14	3737	026
776	15	5088	026
169	1	173	026
3189	12	2040	026
2791	9	2476	026
2073	6	2008	026
396	6	30	026
2126	6	2008	026
1983	6	728	026
6884	17	5994	026
3193	12	2155	026
2142	6	2008	026
2693	12	28	026
85	6	116	026
303	1	416	026
428	6	2055	026
4723	14	3733	026
12552	23	12525	026
228	6	229	026
2903	11	3089	026
205	15	4990	026
2059	6	2061	026
832	1	416	026
2011	6	30	026
2119	6	2095	026
2161	6	2061	026
205	6	30	026
1866	12	170	026
3093	23	12538	026
771	6	30	026
1127	1	846	026
629	1	30	026
114	1	116	026
8824	23	2977	026
656	6	30	026
1478	1	114	026
1959	6	2008	026
2135	6	30	026
1473	1	114	026
734	15	4977	026
2008	15	4988	026
3888	14	3495	026
142	6	30	026
2207	12	2155	026
1958	6	2061	026
3218	12	2018	026
44	6	30	026
2138	6	2008	026
2993	23	2939	026
2026	6	30	026
1588	6	30	026
2003	6	30	026
3225	23	2938	027
2097	6	30	027
2129	6	30	027
5238	15	5088	027
199	1	189	027
5308	15	5088	027
1931	6	116	027
492	1	493	027
3739	14	3496	027
3231	12	29	027
2692	9	2476	027
811	1	416	027
12	1	14	027
776	1	493	027
2153	6	30	027
8957	23	2922	027
3208	12	2082	027
169	6	173	027
1941	5	1943	027
55	6	30	027
3845	14	3495	027
3237	12	116	027
2079	6	30	027
1898	23	2997	027
3227	12	46	027
19	6	2008	027
1894	23	2920	027
728	1	405	027
229	15	4988	027
1525	6	29	027
771	1	629	027
1502	1	416	027
3242	12	2009	027
610	1	416	027
443	1	416	027
3211	12	2082	027
717	1	636	027
473	1	416	027
5133	15	5088	027
831	1	416	027
613	1	416	027
2010	6	2008	027
845	1	28	027
2080	6	116	027
228	1	229	027
1922	6	2061	027
2007	6	2008	027
846	1	397	027
921	6	30	027
178	6	116	027
2102	6	2095	027
4911	14	4117	027
1644	1	207	027
2530	14	3431	027
178	1	179	027
3577	14	3437	027
2	6	30	027
4730	14	3717	027
188	1	189	027
1133	6	30	027
5214	15	5088	027
818	1	416	027
292	1	120	027
919	1	921	027
1975	6	2008	027
598	6	30	027
2020	6	2008	027
812	1	416	027
588	6	30	027
1871	12	2155	027
2057	6	173	027
2130	6	2008	027
1057	1	30	027
2131	6	2008	027
1956	6	2095	027
25	15	5024	027
1363	1	27	027
480	15	4990	027
1970	6	2055	027
675	15	4990	027
17	6	30	027
921	1	30	027
810	1	416	027
310	15	5088	027
659	1	341	027
675	15	5120	027
822	1	416	027
8955	23	2939	027
25	15	4990	027
25	6	30	027
578	1	28	027
1110	15	5120	027
3217	12	28	027
473	6	2055	027
44	5	25	027
2140	6	2008	027
380	6	30	027
728	15	4988	027
1947	6	173	027
1133	15	4990	027
630	6	30	027
2159	6	30	027
734	15	4977	027
4678	14	3496	027
800	1	416	027
3101	11	3102	027
284	6	2095	027
2692	14	4072	027
2116	6	2061	027
205	1	207	027
478	1	479	027
40	6	2055	027
759	1	28	027
492	15	5088	027
1592	6	30	027
597	15	5088	027
478	1	444	027
9420	23	2939	027
3209	12	30	027
2049	6	30	027
8812	17	6190	027
113	6	30	027
1930	15	4977	027
3232	12	29	027
2069	6	1561	027
1100	6	28	027
2176	6	2061	027
2082	15	4988	027
3018	23	2977	027
5348	15	5088	027
253	6	30	027
2101	6	2095	027
1941	6	2008	027
2077	6	2061	027
2094	6	2095	027
769	1	28	027
4722	14	3715	027
415	1	416	027
2119	6	2045	027
675	6	2051	027
4691	14	3737	027
776	15	5088	027
169	1	173	027
3189	12	2040	027
2791	9	2476	027
2073	6	2008	027
396	6	30	027
2126	6	2008	027
1983	6	728	027
3193	12	2155	027
2142	6	2008	027
2693	12	28	027
85	6	116	027
303	1	416	027
428	6	2055	027
12552	23	12525	027
228	6	229	027
2903	11	3089	027
205	15	4990	027
2059	6	2061	027
832	1	416	027
2011	6	30	027
2119	6	2095	027
2161	6	2061	027
205	6	30	027
1866	12	170	027
3093	23	12538	027
1956	6	2008	027
771	6	30	027
1127	1	846	027
629	1	30	027
3739	14	3495	027
114	1	116	027
8824	23	2977	027
656	6	30	027
1478	1	114	027
1959	6	2008	027
2135	6	30	027
1473	1	114	027
734	15	4977	027
2008	15	4988	027
3888	14	3495	027
142	6	30	027
2207	12	2155	027
1958	6	2061	027
3218	12	2018	027
44	6	30	027
4723	14	3835	027
2138	6	2008	027
2993	23	2939	027
2026	6	30	027
1588	6	30	027
2003	6	30	027
3225	23	2938	028
2097	6	30	028
2129	6	30	028
5238	15	5088	028
199	1	189	028
5308	15	5088	028
1931	6	116	028
492	1	493	028
3231	12	29	028
2692	9	2476	028
811	1	416	028
12	1	14	028
776	1	493	028
2153	6	30	028
8957	23	2922	028
3208	12	2082	028
169	6	173	028
1941	5	1943	028
55	6	30	028
3237	12	116	028
2079	6	30	028
1898	23	2997	028
3227	12	46	028
19	6	2008	028
1894	23	2920	028
728	1	405	028
229	15	4988	028
1525	6	29	028
771	1	629	028
1502	1	416	028
3242	12	2009	028
610	1	416	028
443	1	416	028
3211	12	2082	028
717	1	636	028
473	1	416	028
5133	15	5088	028
831	1	416	028
613	1	416	028
2010	6	2008	028
845	1	28	028
2080	6	116	028
228	1	229	028
1922	6	2061	028
2007	6	2008	028
846	1	397	028
921	6	30	028
178	6	116	028
2102	6	2095	028
4911	14	4117	028
1644	1	207	028
2530	14	3431	028
178	1	179	028
3577	14	3437	028
2	6	30	028
4730	14	3717	028
188	1	189	028
1133	6	30	028
5214	15	5088	028
818	1	416	028
292	1	120	028
919	1	921	028
1975	6	2008	028
598	6	30	028
2020	6	2008	028
812	1	416	028
588	6	30	028
1871	12	2155	028
2057	6	173	028
2130	6	2008	028
1057	1	30	028
2131	6	2008	028
25	15	5024	028
1363	1	27	028
480	15	4990	028
1970	6	2055	028
675	15	4990	028
17	6	30	028
921	1	30	028
810	1	416	028
310	15	5088	028
659	1	341	028
675	15	5120	028
822	1	416	028
2119	6	2008	028
8955	23	2939	028
25	15	4990	028
25	6	30	028
578	1	28	028
1110	15	5120	028
3217	12	28	028
473	6	2055	028
44	5	25	028
2140	6	2008	028
380	6	30	028
728	15	4988	028
1947	6	173	028
1133	15	4990	028
630	6	30	028
2159	6	30	028
734	15	4977	028
4678	14	3496	028
800	1	416	028
3101	11	3102	028
284	6	2095	028
2692	14	4072	028
2116	6	2061	028
205	1	207	028
478	1	479	028
40	6	2055	028
759	1	28	028
492	15	5088	028
1592	6	30	028
2074	6	2075	028
597	15	5088	028
478	1	444	028
9420	23	2939	028
3209	12	30	028
2049	6	30	028
8812	17	6190	028
113	6	30	028
1930	15	4977	028
3232	12	29	028
2069	6	1561	028
1100	6	28	028
2176	6	2061	028
2082	15	4988	028
3018	23	2977	028
5348	15	5088	028
253	6	30	028
2101	6	2095	028
1941	6	2008	028
2077	6	2061	028
2094	6	2095	028
769	1	28	028
415	1	416	028
2119	6	2045	028
675	6	2051	028
4691	14	3737	028
776	15	5088	028
169	1	173	028
3189	12	2040	028
2791	9	2476	028
2073	6	2008	028
396	6	30	028
2126	6	2008	028
1983	6	728	028
3193	12	2155	028
2142	6	2008	028
2693	12	28	028
85	6	116	028
303	1	416	028
2094	6	2096	028
428	6	2055	028
12552	23	12525	028
228	6	229	028
2903	11	3089	028
205	15	4990	028
2059	6	2061	028
832	1	416	028
2011	6	30	028
2119	6	2095	028
2161	6	2061	028
205	6	30	028
1866	12	170	028
3093	23	12538	028
1956	6	2008	028
771	6	30	028
1127	1	846	028
629	1	30	028
3739	14	3495	028
114	1	116	028
8824	23	2977	028
656	6	30	028
1478	1	114	028
1959	6	2008	028
2135	6	30	028
1473	1	114	028
734	15	4977	028
2008	15	4988	028
3888	14	3495	028
142	6	30	028
2207	12	2155	028
1958	6	2061	028
3218	12	2018	028
44	6	30	028
4723	14	3835	028
2138	6	2008	028
2993	23	2939	028
2026	6	30	028
1588	6	30	028
2003	6	30	028
3225	23	2938	029
2097	6	30	029
2129	6	30	029
5238	15	5088	029
199	1	189	029
5308	15	5088	029
1931	6	116	029
492	1	493	029
3231	12	29	029
2692	9	2476	029
811	1	416	029
12	1	14	029
776	1	493	029
2153	6	30	029
8957	23	2922	029
3208	12	2082	029
169	6	173	029
284	6	2008	029
1941	5	1943	029
55	6	30	029
3237	12	116	029
2079	6	30	029
1898	23	2997	029
3227	12	46	029
19	6	2008	029
1894	23	2920	029
728	1	405	029
229	15	4988	029
1525	6	29	029
771	1	629	029
1502	1	416	029
3242	12	2009	029
610	1	416	029
443	1	416	029
3211	12	2082	029
3113	17	5975	029
717	1	636	029
473	1	416	029
5133	15	5088	029
831	1	416	029
613	1	416	029
2010	6	2008	029
845	1	28	029
2080	6	116	029
228	1	229	029
1922	6	2061	029
2007	6	2008	029
846	1	397	029
921	6	30	029
178	6	116	029
2102	6	2095	029
4911	14	4117	029
1644	1	207	029
2530	14	3431	029
178	1	179	029
3577	14	3437	029
2	6	30	029
4730	14	3717	029
188	1	189	029
1133	6	30	029
5214	15	5088	029
818	1	416	029
292	1	120	029
919	1	921	029
1975	6	2008	029
598	6	30	029
2020	6	2008	029
812	1	416	029
588	6	30	029
1871	12	2155	029
2057	6	173	029
2130	6	2008	029
428	6	259	029
1057	1	30	029
2131	6	2008	029
25	15	5024	029
1363	1	27	029
480	15	4990	029
1429	6	30	029
1970	6	2055	029
675	15	4990	029
17	6	30	029
921	1	30	029
810	1	416	029
310	15	5088	029
659	1	341	029
675	15	5120	029
822	1	416	029
2119	6	2008	029
8955	23	2939	029
25	15	4990	029
25	6	30	029
578	1	28	029
1110	15	5120	029
3217	12	28	029
473	6	2055	029
44	5	25	029
2140	6	2008	029
380	6	30	029
728	15	4988	029
1947	6	173	029
1133	15	4990	029
630	6	30	029
2159	6	30	029
2102	6	2008	029
734	15	4977	029
4678	14	3496	029
800	1	416	029
3101	11	3102	029
284	6	2095	029
2116	6	2061	029
205	1	207	029
478	1	479	029
40	6	2055	029
759	1	28	029
492	15	5088	029
1592	6	30	029
2074	6	2075	029
597	15	5088	029
478	1	444	029
9420	23	2939	029
3209	12	30	029
2049	6	30	029
8812	17	6190	029
113	6	30	029
728	1	259	029
1930	15	4977	029
3232	12	29	029
2069	6	1561	029
1100	6	28	029
2176	6	2061	029
2082	15	4988	029
3018	23	2977	029
5348	15	5088	029
253	6	30	029
2101	6	2095	029
1941	6	2008	029
2077	6	2061	029
769	1	28	029
415	1	416	029
2119	6	2045	029
776	15	5088	029
169	1	173	029
3189	12	2040	029
2791	9	2476	029
2073	6	2008	029
6004	17	5818	029
396	6	30	029
2126	6	2008	029
1983	6	728	029
3193	12	2155	029
2142	6	2008	029
2693	12	28	029
85	6	116	029
303	1	416	029
2094	6	2096	029
12552	23	12525	029
228	6	229	029
2903	11	3089	029
205	15	4990	029
2059	6	2061	029
832	1	416	029
2011	6	30	029
2161	6	2061	029
205	6	30	029
2008	9	259	029
1866	12	170	029
3093	23	12538	029
1956	6	2008	029
771	6	30	029
473	6	2082	029
1127	1	846	029
629	1	30	029
3739	14	3495	029
114	1	116	029
8824	23	2977	029
656	6	30	029
1478	1	114	029
1959	6	2008	029
2135	6	30	029
1473	1	114	029
734	15	4977	029
2008	15	4988	029
2135	6	2008	029
3888	14	3495	029
142	6	30	029
2207	12	2155	029
1912	6	259	029
1958	6	2061	029
3218	12	2018	029
44	6	30	029
2138	6	2008	029
2993	23	2939	029
2026	6	30	029
1588	6	30	029
2101	6	2008	029
2003	6	30	029
3225	23	2938	030
2097	6	30	030
2129	6	30	030
5238	15	5088	030
199	1	189	030
5308	15	5088	030
1931	6	116	030
492	1	493	030
3231	12	29	030
2692	9	2476	030
811	1	416	030
12	1	14	030
776	1	493	030
2153	6	30	030
8957	23	2922	030
3208	12	2082	030
169	6	173	030
284	6	2008	030
1941	5	1943	030
55	6	30	030
3237	12	116	030
2079	6	30	030
1898	23	2997	030
3227	12	46	030
19	6	2008	030
1894	23	2920	030
728	1	405	030
229	15	4988	030
1525	6	29	030
771	1	629	030
1502	1	416	030
3242	12	2009	030
610	1	416	030
443	1	416	030
3211	12	2082	030
717	1	636	030
473	1	416	030
5133	15	5088	030
831	1	416	030
733	1	731	030
613	1	416	030
2010	6	2008	030
845	1	28	030
2080	6	116	030
228	1	229	030
1922	6	2061	030
2007	6	2008	030
846	1	397	030
921	6	30	030
178	6	116	030
4911	14	4117	030
1644	1	207	030
2530	14	3431	030
178	1	179	030
3577	14	3437	030
2	6	30	030
4730	14	3717	030
188	1	189	030
1133	6	30	030
5214	15	5088	030
818	1	416	030
292	1	120	030
919	1	921	030
1975	6	2008	030
598	6	30	030
2020	6	2008	030
812	1	416	030
588	6	30	030
1871	12	2155	030
2057	6	173	030
2130	6	2008	030
428	6	259	030
1057	1	30	030
2131	6	2008	030
25	15	5024	030
1363	1	27	030
480	15	4990	030
1429	6	30	030
675	15	4990	030
17	6	30	030
921	1	30	030
810	1	416	030
310	15	5088	030
659	1	341	030
729	1	731	030
675	15	5120	030
822	1	416	030
2119	6	2008	030
8955	23	2939	030
25	15	4990	030
25	6	30	030
578	1	28	030
1110	15	5120	030
3217	12	28	030
44	5	25	030
2140	6	2008	030
380	6	30	030
728	15	4988	030
1947	6	173	030
1133	15	4990	030
630	6	30	030
2159	6	30	030
2102	6	2008	030
734	15	4977	030
4678	14	3496	030
800	1	416	030
3101	11	3102	030
2116	6	2061	030
205	1	207	030
478	1	479	030
759	1	28	030
492	15	5088	030
1592	6	30	030
2074	6	2075	030
597	15	5088	030
478	1	444	030
9420	23	2939	030
3209	12	30	030
2049	6	30	030
8812	17	6190	030
113	6	30	030
728	1	259	030
1930	15	4977	030
3232	12	29	030
2069	6	1561	030
1100	6	28	030
2176	6	2061	030
2082	15	4988	030
3018	23	2977	030
5348	15	5088	030
253	6	30	030
1941	6	2008	030
2077	6	2061	030
769	1	28	030
415	1	416	030
2119	6	2045	030
776	15	5088	030
3189	12	2040	030
2791	9	2476	030
2073	6	2008	030
396	6	30	030
2126	6	2008	030
1983	6	728	030
3193	12	2155	030
2142	6	2008	030
2693	12	28	030
85	6	116	030
303	1	416	030
2094	6	2096	030
12552	23	12525	030
228	6	229	030
2903	11	3089	030
205	15	4990	030
2059	6	2061	030
832	1	416	030
2011	6	30	030
2161	6	2061	030
205	6	30	030
2008	9	259	030
1866	12	170	030
3093	23	12538	030
1956	6	2008	030
771	6	30	030
473	6	2082	030
1127	1	846	030
629	1	30	030
3739	14	3495	030
114	1	116	030
8824	23	2977	030
656	6	30	030
1478	1	114	030
1959	6	2008	030
1473	1	114	030
734	15	4977	030
2008	15	4988	030
2135	6	2008	030
3888	14	3495	030
142	6	30	030
2207	12	2155	030
1912	6	259	030
1958	6	2061	030
3218	12	2018	030
44	6	30	030
2138	6	2008	030
2993	23	2939	030
2026	6	30	030
1588	6	30	030
2101	6	2008	030
2003	6	30	030
3225	23	2938	031
2097	6	30	031
2129	6	30	031
5238	15	5088	031
199	1	189	031
5308	15	5088	031
1931	6	116	031
492	1	493	031
3231	12	29	031
2692	9	2476	031
811	1	416	031
12	1	14	031
776	1	493	031
2153	6	30	031
8957	23	2922	031
3208	12	2082	031
169	6	173	031
284	6	2008	031
1941	5	1943	031
55	6	30	031
3237	12	116	031
2079	6	30	031
1898	23	2997	031
3227	12	46	031
19	6	2008	031
1894	23	2920	031
728	1	405	031
229	15	4988	031
1525	6	29	031
771	1	629	031
1502	1	416	031
3242	12	2009	031
610	1	416	031
443	1	416	031
3211	12	2082	031
717	1	636	031
473	1	416	031
5133	15	5088	031
831	1	416	031
733	1	731	031
613	1	416	031
2010	6	2008	031
845	1	28	031
2080	6	116	031
228	1	229	031
1922	6	2061	031
2007	6	2008	031
846	1	397	031
921	6	30	031
178	6	116	031
4911	14	4117	031
1644	1	207	031
2530	14	3431	031
178	1	179	031
3577	14	3437	031
2	6	30	031
4730	14	3717	031
188	1	189	031
1133	6	30	031
5214	15	5088	031
818	1	416	031
292	1	120	031
919	1	921	031
1975	6	2008	031
598	6	30	031
2020	6	2008	031
812	1	416	031
588	6	30	031
1871	12	2155	031
2057	6	173	031
2130	6	2008	031
428	6	259	031
1057	1	30	031
2131	6	2008	031
25	15	5024	031
1363	1	27	031
480	15	4990	031
1429	6	30	031
675	15	4990	031
17	6	30	031
921	1	30	031
810	1	416	031
310	15	5088	031
659	1	341	031
729	1	731	031
675	15	5120	031
822	1	416	031
2119	6	2008	031
8955	23	2939	031
25	15	4990	031
25	6	30	031
578	1	28	031
1110	15	5120	031
3217	12	28	031
44	5	25	031
2140	6	2008	031
380	6	30	031
728	15	4988	031
1947	6	173	031
1133	15	4990	031
630	6	30	031
2159	6	30	031
2102	6	2008	031
734	15	4977	031
4678	14	3496	031
800	1	416	031
3101	11	3102	031
2116	6	2061	031
205	1	207	031
478	1	479	031
759	1	28	031
492	15	5088	031
1592	6	30	031
2074	6	2075	031
597	15	5088	031
478	1	444	031
9420	23	2939	031
3209	12	30	031
2049	6	30	031
8812	17	6190	031
113	6	30	031
728	1	259	031
1930	15	4977	031
3232	12	29	031
2069	6	1561	031
1100	6	28	031
2176	6	2061	031
4730	14	3835	031
2082	15	4988	031
3018	23	2977	031
5348	15	5088	031
253	6	30	031
1941	6	2008	031
2077	6	2061	031
769	1	28	031
415	1	416	031
2119	6	2045	031
776	15	5088	031
3189	12	2040	031
2791	9	2476	031
2073	6	2008	031
396	6	30	031
2126	6	2008	031
1983	6	728	031
3193	12	2155	031
2142	6	2008	031
2693	12	28	031
85	6	116	031
303	1	416	031
2094	6	2096	031
12552	23	12525	031
228	6	229	031
2903	11	3089	031
205	15	4990	031
2059	6	2061	031
832	1	416	031
2011	6	30	031
2161	6	2061	031
205	6	30	031
2008	9	259	031
1866	12	170	031
3093	23	12538	031
1956	6	2008	031
771	6	30	031
473	6	2082	031
1127	1	846	031
629	1	30	031
3739	14	3495	031
114	1	116	031
8824	23	2977	031
656	6	30	031
1478	1	114	031
1959	6	2008	031
1473	1	114	031
4678	14	3715	031
734	15	4977	031
2008	15	4988	031
2135	6	2008	031
142	6	30	031
2207	12	2155	031
1912	6	259	031
1958	6	2061	031
3218	12	2018	031
44	6	30	031
8333	17	6005	031
2138	6	2008	031
2993	23	2939	031
2026	6	30	031
1588	6	30	031
2101	6	2008	031
2003	6	30	031
3225	23	2938	032
2097	6	30	032
2129	6	30	032
5238	15	5088	032
199	1	189	032
5308	15	5088	032
1931	6	116	032
492	1	493	032
3231	12	29	032
2692	9	2476	032
811	1	416	032
12	1	14	032
776	1	493	032
2153	6	30	032
8957	23	2922	032
3208	12	2082	032
169	6	173	032
284	6	2008	032
1941	5	1943	032
55	6	30	032
3237	12	116	032
2079	6	30	032
1898	23	2997	032
3227	12	46	032
19	6	2008	032
1894	23	2920	032
728	1	405	032
229	15	4988	032
1525	6	29	032
771	1	629	032
3743	14	3737	032
1502	1	416	032
3242	12	2009	032
610	1	416	032
443	1	416	032
3211	12	2082	032
717	1	636	032
473	1	416	032
5133	15	5088	032
831	1	416	032
733	1	731	032
613	1	416	032
2010	6	2008	032
845	1	28	032
2080	6	116	032
228	1	229	032
1922	6	2061	032
2007	6	2008	032
846	1	397	032
921	6	30	032
178	6	116	032
4911	14	4117	032
1644	1	207	032
2530	14	3431	032
178	1	179	032
3577	14	3437	032
2	6	30	032
188	1	189	032
1133	6	30	032
5214	15	5088	032
818	1	416	032
292	1	120	032
919	1	921	032
1975	6	2008	032
598	6	30	032
2020	6	2008	032
812	1	416	032
588	6	30	032
1871	12	2155	032
2057	6	173	032
2130	6	2008	032
428	6	259	032
1057	1	30	032
2131	6	2008	032
25	15	5024	032
1363	1	27	032
480	15	4990	032
1429	6	30	032
675	15	4990	032
17	6	30	032
921	1	30	032
810	1	416	032
310	15	5088	032
659	1	341	032
729	1	731	032
675	15	5120	032
822	1	416	032
2119	6	2008	032
8955	23	2939	032
25	15	4990	032
25	6	30	032
578	1	28	032
1110	15	5120	032
3217	12	28	032
44	5	25	032
2140	6	2008	032
380	6	30	032
728	15	4988	032
1947	6	173	032
1133	15	4990	032
630	6	30	032
2159	6	30	032
2102	6	2008	032
734	15	4977	032
800	1	416	032
3101	11	3102	032
2116	6	2061	032
205	1	207	032
478	1	479	032
759	1	28	032
492	15	5088	032
1592	6	30	032
2074	6	2075	032
597	15	5088	032
478	1	444	032
9420	23	2939	032
3209	12	30	032
2049	6	30	032
8812	17	6190	032
113	6	30	032
728	1	259	032
1930	15	4977	032
3232	12	29	032
2069	6	1561	032
1100	6	28	032
2176	6	2061	032
4730	14	3835	032
2082	15	4988	032
3018	23	2977	032
5348	15	5088	032
253	6	30	032
1941	6	2008	032
2077	6	2061	032
769	1	28	032
415	1	416	032
2119	6	2045	032
776	15	5088	032
3189	12	2040	032
2791	9	2476	032
2073	6	2008	032
396	6	30	032
2126	6	2008	032
1983	6	728	032
3193	12	2155	032
2142	6	2008	032
2693	12	28	032
85	6	116	032
303	1	416	032
2094	6	2096	032
12552	23	12525	032
228	6	229	032
2903	11	3089	032
205	15	4990	032
2059	6	2061	032
832	1	416	032
2011	6	30	032
2161	6	2061	032
205	6	30	032
2008	9	259	032
1866	12	170	032
3093	23	12538	032
1956	6	2008	032
771	6	30	032
473	6	2082	032
1127	1	846	032
629	1	30	032
3739	14	3495	032
114	1	116	032
8824	23	2977	032
656	6	30	032
1478	1	114	032
1959	6	2008	032
1473	1	114	032
4678	14	3715	032
734	15	4977	032
2008	15	4988	032
2135	6	2008	032
142	6	30	032
2207	12	2155	032
1912	6	259	032
1958	6	2061	032
3218	12	2018	032
44	6	30	032
2138	6	2008	032
2993	23	2939	032
2026	6	30	032
1588	6	30	032
2101	6	2008	032
2003	6	30	032
3225	23	2938	033
2097	6	30	033
2129	6	30	033
5238	15	5088	033
199	1	189	033
5308	15	5088	033
1931	6	116	033
492	1	493	033
3231	12	29	033
2692	9	2476	033
811	1	416	033
12	1	14	033
776	1	493	033
2153	6	30	033
8957	23	2922	033
3208	12	2082	033
169	6	173	033
284	6	2008	033
1941	5	1943	033
55	6	30	033
3237	12	116	033
2079	6	30	033
1898	23	2997	033
3227	12	46	033
19	6	2008	033
1894	23	2920	033
728	1	405	033
229	15	4988	033
1525	6	29	033
771	1	629	033
3743	14	3737	033
1502	1	416	033
3242	12	2009	033
610	1	416	033
443	1	416	033
3211	12	2082	033
717	1	636	033
473	1	416	033
5133	15	5088	033
831	1	416	033
733	1	731	033
613	1	416	033
2010	6	2008	033
845	1	28	033
2080	6	116	033
228	1	229	033
1922	6	2061	033
2007	6	2008	033
846	1	397	033
921	6	30	033
178	6	116	033
4911	14	4117	033
1644	1	207	033
2530	14	3431	033
178	1	179	033
3577	14	3437	033
2	6	30	033
188	1	189	033
1133	6	30	033
5214	15	5088	033
818	1	416	033
292	1	120	033
919	1	921	033
1975	6	2008	033
598	6	30	033
2020	6	2008	033
812	1	416	033
588	6	30	033
1871	12	2155	033
2057	6	173	033
2130	6	2008	033
428	6	259	033
1057	1	30	033
2131	6	2008	033
25	15	5024	033
1363	1	27	033
480	15	4990	033
1429	6	30	033
675	15	4990	033
17	6	30	033
921	1	30	033
810	1	416	033
310	15	5088	033
659	1	341	033
729	1	731	033
675	15	5120	033
822	1	416	033
2119	6	2008	033
8955	23	2939	033
25	15	4990	033
25	6	30	033
578	1	28	033
1110	15	5120	033
3217	12	28	033
44	5	25	033
2140	6	2008	033
380	6	30	033
728	15	4988	033
1947	6	173	033
1133	15	4990	033
630	6	30	033
2159	6	30	033
2102	6	2008	033
734	15	4977	033
800	1	416	033
3101	11	3102	033
2116	6	2061	033
205	1	207	033
478	1	479	033
759	1	28	033
492	15	5088	033
1592	6	30	033
2074	6	2075	033
597	15	5088	033
478	1	444	033
9420	23	2939	033
3209	12	30	033
2049	6	30	033
8812	17	6190	033
113	6	30	033
728	1	259	033
1930	15	4977	033
3232	12	29	033
2069	6	1561	033
1100	6	28	033
2176	6	2061	033
4730	14	3835	033
2082	15	4988	033
3018	23	2977	033
5348	15	5088	033
253	6	30	033
1941	6	2008	033
2077	6	2061	033
769	1	28	033
415	1	416	033
2119	6	2045	033
8863	17	5818	033
776	15	5088	033
3189	12	2040	033
2791	9	2476	033
2073	6	2008	033
396	6	30	033
2126	6	2008	033
1983	6	728	033
3193	12	2155	033
2142	6	2008	033
2693	12	28	033
8863	17	5817	033
85	6	116	033
303	1	416	033
2094	6	2096	033
12552	23	12525	033
228	6	229	033
2903	11	3089	033
205	15	4990	033
2059	6	2061	033
832	1	416	033
2011	6	30	033
2161	6	2061	033
205	6	30	033
2008	9	259	033
1866	12	170	033
3093	23	12538	033
1956	6	2008	033
771	6	30	033
473	6	2082	033
1127	1	846	033
629	1	30	033
3739	14	3495	033
114	1	116	033
8824	23	2977	033
656	6	30	033
1478	1	114	033
1959	6	2008	033
1473	1	114	033
4678	14	3715	033
734	15	4977	033
2008	15	4988	033
2135	6	2008	033
142	6	30	033
2207	12	2155	033
1912	6	259	033
1958	6	2061	033
3218	12	2018	033
44	6	30	033
2138	6	2008	033
2993	23	2939	033
2026	6	30	033
1588	6	30	033
2101	6	2008	033
2003	6	30	033
3225	23	2938	034
2097	6	30	034
2129	6	30	034
5238	15	5088	034
199	1	189	034
5308	15	5088	034
1931	6	116	034
492	1	493	034
3231	12	29	034
2692	9	2476	034
811	1	416	034
12	1	14	034
776	1	493	034
2153	6	30	034
8957	23	2922	034
3208	12	2082	034
169	6	173	034
284	6	2008	034
1941	5	1943	034
55	6	30	034
3237	12	116	034
2079	6	30	034
1898	23	2997	034
3227	12	46	034
19	6	2008	034
1894	23	2920	034
728	1	405	034
229	15	4988	034
1525	6	29	034
771	1	629	034
3743	14	3737	034
1502	1	416	034
3242	12	2009	034
610	1	416	034
443	1	416	034
3211	12	2082	034
717	1	636	034
473	1	416	034
5133	15	5088	034
831	1	416	034
733	1	731	034
613	1	416	034
2010	6	2008	034
845	1	28	034
2080	6	116	034
228	1	229	034
1922	6	2061	034
2007	6	2008	034
846	1	397	034
921	6	30	034
178	6	116	034
4911	14	4117	034
1644	1	207	034
2530	14	3431	034
178	1	179	034
3577	14	3437	034
2	6	30	034
188	1	189	034
1133	6	30	034
5214	15	5088	034
818	1	416	034
292	1	120	034
919	1	921	034
1975	6	2008	034
598	6	30	034
2020	6	2008	034
812	1	416	034
588	6	30	034
1871	12	2155	034
2057	6	173	034
2130	6	2008	034
428	6	259	034
1057	1	30	034
2131	6	2008	034
25	15	5024	034
1363	1	27	034
480	15	4990	034
1429	6	30	034
675	15	4990	034
17	6	30	034
921	1	30	034
810	1	416	034
310	15	5088	034
659	1	341	034
729	1	731	034
675	15	5120	034
822	1	416	034
2119	6	2008	034
8955	23	2939	034
25	15	4990	034
25	6	30	034
578	1	28	034
1110	15	5120	034
3217	12	28	034
44	5	25	034
2140	6	2008	034
380	6	30	034
728	15	4988	034
1947	6	173	034
1133	15	4990	034
630	6	30	034
2159	6	30	034
2102	6	2008	034
734	15	4977	034
800	1	416	034
3101	11	3102	034
2116	6	2061	034
205	1	207	034
478	1	479	034
759	1	28	034
492	15	5088	034
1592	6	30	034
2074	6	2075	034
597	15	5088	034
478	1	444	034
9420	23	2939	034
3209	12	30	034
2049	6	30	034
8812	17	6190	034
113	6	30	034
728	1	259	034
1930	15	4977	034
3232	12	29	034
2069	6	1561	034
1100	6	28	034
2176	6	2061	034
4730	14	3835	034
2082	15	4988	034
3018	23	2977	034
5348	15	5088	034
253	6	30	034
1941	6	2008	034
2077	6	2061	034
769	1	28	034
415	1	416	034
2119	6	2045	034
8863	17	5818	034
776	15	5088	034
3189	12	2040	034
2791	9	2476	034
2073	6	2008	034
396	6	30	034
2126	6	2008	034
1983	6	728	034
3193	12	2155	034
2142	6	2008	034
2693	12	28	034
8863	17	5817	034
85	6	116	034
303	1	416	034
2094	6	2096	034
12552	23	12525	034
228	6	229	034
2903	11	3089	034
205	15	4990	034
2059	6	2061	034
832	1	416	034
2011	6	30	034
2161	6	2061	034
205	6	30	034
2008	9	259	034
1866	12	170	034
3093	23	12538	034
1956	6	2008	034
771	6	30	034
473	6	2082	034
1127	1	846	034
629	1	30	034
114	1	116	034
8824	23	2977	034
656	6	30	034
1478	1	114	034
1959	6	2008	034
1473	1	114	034
4678	14	3715	034
734	15	4977	034
2008	15	4988	034
2135	6	2008	034
142	6	30	034
2207	12	2155	034
1912	6	259	034
8863	17	5816	034
1958	6	2061	034
3218	12	2018	034
44	6	30	034
2138	6	2008	034
2993	23	2939	034
2026	6	30	034
1588	6	30	034
2101	6	2008	034
2003	6	30	034
3225	23	2938	035
2097	6	30	035
2129	6	30	035
5238	15	5088	035
2644	9	2593	035
199	1	189	035
5308	15	5088	035
1931	6	116	035
492	1	493	035
3231	12	29	035
2692	9	2476	035
811	1	416	035
12	1	14	035
776	1	493	035
2153	6	30	035
8957	23	2922	035
3208	12	2082	035
169	6	173	035
284	6	2008	035
1941	5	1943	035
55	6	30	035
3237	12	116	035
2079	6	30	035
1898	23	2997	035
3227	12	46	035
19	6	2008	035
1894	23	2920	035
728	1	405	035
229	15	4988	035
1525	6	29	035
771	1	629	035
3743	14	3737	035
1502	1	416	035
3242	12	2009	035
610	1	416	035
443	1	416	035
3211	12	2082	035
717	1	636	035
473	1	416	035
5133	15	5088	035
831	1	416	035
733	1	731	035
613	1	416	035
2010	6	2008	035
845	1	28	035
2080	6	116	035
228	1	229	035
1922	6	2061	035
2007	6	2008	035
846	1	397	035
921	6	30	035
178	6	116	035
4911	14	4117	035
1644	1	207	035
2530	14	3431	035
178	1	179	035
3577	14	3437	035
2	6	30	035
188	1	189	035
1133	6	30	035
5214	15	5088	035
818	1	416	035
292	1	120	035
919	1	921	035
1975	6	2008	035
598	6	30	035
2020	6	2008	035
812	1	416	035
588	6	30	035
1871	12	2155	035
2057	6	173	035
2130	6	2008	035
428	6	259	035
1057	1	30	035
2131	6	2008	035
25	15	5024	035
1363	1	27	035
480	15	4990	035
1429	6	30	035
675	15	4990	035
17	6	30	035
921	1	30	035
810	1	416	035
310	15	5088	035
659	1	341	035
729	1	731	035
675	15	5120	035
822	1	416	035
2119	6	2008	035
8955	23	2939	035
25	15	4990	035
25	6	30	035
578	1	28	035
1110	15	5120	035
3217	12	28	035
44	5	25	035
2140	6	2008	035
380	6	30	035
728	15	4988	035
1947	6	173	035
1133	15	4990	035
3866	17	5873	035
630	6	30	035
2159	6	30	035
2102	6	2008	035
734	15	4977	035
800	1	416	035
4890	14	4228	035
3101	11	3102	035
2116	6	2061	035
205	1	207	035
478	1	479	035
759	1	28	035
492	15	5088	035
1592	6	30	035
2074	6	2075	035
597	15	5088	035
478	1	444	035
9420	23	2939	035
3209	12	30	035
2049	6	30	035
8812	17	6190	035
113	6	30	035
728	1	259	035
1930	15	4977	035
3232	12	29	035
2069	6	1561	035
1100	6	28	035
2176	6	2061	035
4730	14	3835	035
2082	15	4988	035
3018	23	2977	035
5348	15	5088	035
253	6	30	035
1941	6	2008	035
2077	6	2061	035
769	1	28	035
415	1	416	035
2119	6	2045	035
8863	17	5818	035
776	15	5088	035
3189	12	2040	035
2791	9	2476	035
2073	6	2008	035
396	6	30	035
2126	6	2008	035
1983	6	728	035
3193	12	2155	035
2142	6	2008	035
2693	12	28	035
8863	17	5817	035
85	6	116	035
303	1	416	035
2094	6	2096	035
12552	23	12525	035
228	6	229	035
2903	11	3089	035
205	15	4990	035
2059	6	2061	035
832	1	416	035
2011	6	30	035
2161	6	2061	035
205	6	30	035
2008	9	259	035
1866	12	170	035
3914	14	3496	035
3093	23	12538	035
1956	6	2008	035
771	6	30	035
473	6	2082	035
1127	1	846	035
629	1	30	035
114	1	116	035
8824	23	2977	035
656	6	30	035
1478	1	114	035
1959	6	2008	035
1473	1	114	035
4678	14	3715	035
734	15	4977	035
2008	15	4988	035
2135	6	2008	035
142	6	30	035
2207	12	2155	035
1912	6	259	035
8863	17	5816	035
1958	6	2061	035
3218	12	2018	035
44	6	30	035
2138	6	2008	035
2993	23	2939	035
2026	6	30	035
1588	6	30	035
2101	6	2008	035
2003	6	30	035
3225	23	2938	036
2097	6	30	036
2129	6	30	036
5238	15	5088	036
2644	9	2593	036
199	1	189	036
5308	15	5088	036
1931	6	116	036
492	1	493	036
3231	12	29	036
2692	9	2476	036
811	1	416	036
12	1	14	036
776	1	493	036
2153	6	30	036
8957	23	2922	036
3208	12	2082	036
169	6	173	036
284	6	2008	036
1941	5	1943	036
55	6	30	036
3237	12	116	036
2079	6	30	036
1898	23	2997	036
3227	12	46	036
19	6	2008	036
1894	23	2920	036
728	1	405	036
229	15	4988	036
1525	6	29	036
771	1	629	036
3743	14	3737	036
1502	1	416	036
3242	12	2009	036
610	1	416	036
443	1	416	036
3211	12	2082	036
3739	14	3737	036
717	1	636	036
473	1	416	036
5133	15	5088	036
831	1	416	036
733	1	731	036
613	1	416	036
2010	6	2008	036
845	1	28	036
2080	6	116	036
228	1	229	036
1922	6	2061	036
2007	6	2008	036
846	1	397	036
921	6	30	036
178	6	116	036
4911	14	4117	036
1644	1	207	036
2530	14	3431	036
178	1	179	036
3577	14	3437	036
2	6	30	036
188	1	189	036
1133	6	30	036
5214	15	5088	036
818	1	416	036
292	1	120	036
919	1	921	036
1975	6	2008	036
598	6	30	036
2020	6	2008	036
812	1	416	036
588	6	30	036
1871	12	2155	036
2057	6	173	036
2130	6	2008	036
428	6	259	036
1057	1	30	036
2131	6	2008	036
25	15	5024	036
1363	1	27	036
480	15	4990	036
1429	6	30	036
675	15	4990	036
17	6	30	036
921	1	30	036
810	1	416	036
310	15	5088	036
659	1	341	036
3743	14	3495	036
729	1	731	036
675	15	5120	036
822	1	416	036
2119	6	2008	036
8955	23	2939	036
25	15	4990	036
25	6	30	036
578	1	28	036
1110	15	5120	036
3217	12	28	036
44	5	25	036
2140	6	2008	036
380	6	30	036
728	15	4988	036
1947	6	173	036
1133	15	4990	036
630	6	30	036
2159	6	30	036
2102	6	2008	036
734	15	4977	036
800	1	416	036
4890	14	4228	036
3101	11	3102	036
2116	6	2061	036
205	1	207	036
478	1	479	036
759	1	28	036
492	15	5088	036
1592	6	30	036
2074	6	2075	036
597	15	5088	036
478	1	444	036
9420	23	2939	036
3209	12	30	036
2049	6	30	036
8812	17	6190	036
113	6	30	036
728	1	259	036
1930	15	4977	036
3232	12	29	036
2069	6	1561	036
1100	6	28	036
2176	6	2061	036
4730	14	3835	036
2082	15	4988	036
3018	23	2977	036
5348	15	5088	036
253	6	30	036
1941	6	2008	036
2077	6	2061	036
769	1	28	036
415	1	416	036
2119	6	2045	036
8863	17	5818	036
776	15	5088	036
3189	12	2040	036
2791	9	2476	036
2073	6	2008	036
396	6	30	036
2126	6	2008	036
1983	6	728	036
3193	12	2155	036
2142	6	2008	036
2693	12	28	036
8863	17	5817	036
85	6	116	036
303	1	416	036
2094	6	2096	036
12552	23	12525	036
228	6	229	036
2903	11	3089	036
205	15	4990	036
2059	6	2061	036
832	1	416	036
2011	6	30	036
2161	6	2061	036
205	6	30	036
2008	9	259	036
1866	12	170	036
3914	14	3496	036
3093	23	12538	036
1956	6	2008	036
771	6	30	036
473	6	2082	036
1127	1	846	036
629	1	30	036
114	1	116	036
8824	23	2977	036
656	6	30	036
1478	1	114	036
1959	6	2008	036
1473	1	114	036
4678	14	3715	036
734	15	4977	036
2008	15	4988	036
2135	6	2008	036
142	6	30	036
2207	12	2155	036
1912	6	259	036
8863	17	5816	036
1958	6	2061	036
3218	12	2018	036
44	6	30	036
2138	6	2008	036
2993	23	2939	036
2026	6	30	036
1588	6	30	036
2101	6	2008	036
2003	6	30	036
3225	23	2938	037
2097	6	30	037
2129	6	30	037
5238	15	5088	037
2644	9	2593	037
199	1	189	037
4722	14	3733	037
5308	15	5088	037
1931	6	116	037
492	1	493	037
3231	12	29	037
2692	9	2476	037
811	1	416	037
12	1	14	037
776	1	493	037
2153	6	30	037
8957	23	2922	037
3208	12	2082	037
169	6	173	037
284	6	2008	037
1941	5	1943	037
55	6	30	037
3237	12	116	037
2079	6	30	037
1898	23	2997	037
3227	12	46	037
19	6	2008	037
1894	23	2920	037
728	1	405	037
229	15	4988	037
1525	6	29	037
771	1	629	037
1502	1	416	037
3242	12	2009	037
610	1	416	037
443	1	416	037
3211	12	2082	037
3739	14	3737	037
717	1	636	037
473	1	416	037
5133	15	5088	037
831	1	416	037
733	1	731	037
613	1	416	037
2010	6	2008	037
845	1	28	037
2080	6	116	037
228	1	229	037
1922	6	2061	037
2007	6	2008	037
846	1	397	037
921	6	30	037
178	6	116	037
4911	14	4117	037
1644	1	207	037
2530	14	3431	037
178	1	179	037
3577	14	3437	037
2	6	30	037
188	1	189	037
1133	6	30	037
5214	15	5088	037
818	1	416	037
292	1	120	037
919	1	921	037
1975	6	2008	037
598	6	30	037
2020	6	2008	037
812	1	416	037
588	6	30	037
1871	12	2155	037
2057	6	173	037
2130	6	2008	037
428	6	259	037
2131	6	2008	037
25	15	5024	037
1363	1	27	037
480	15	4990	037
1429	6	30	037
675	15	4990	037
17	6	30	037
921	1	30	037
810	1	416	037
310	15	5088	037
659	1	341	037
3743	14	3495	037
729	1	731	037
675	15	5120	037
822	1	416	037
2119	6	2008	037
8955	23	2939	037
25	15	4990	037
25	6	30	037
578	1	28	037
1110	15	5120	037
3769	14	3496	037
3217	12	28	037
44	5	25	037
2140	6	2008	037
380	6	30	037
728	15	4988	037
1947	6	173	037
1133	15	4990	037
630	6	30	037
2159	6	30	037
2102	6	2008	037
734	15	4977	037
800	1	416	037
4890	14	4228	037
3101	11	3102	037
2116	6	2061	037
205	1	207	037
478	1	479	037
759	1	28	037
492	15	5088	037
1592	6	30	037
2074	6	2075	037
597	15	5088	037
478	1	444	037
9420	23	2939	037
3209	12	30	037
2049	6	30	037
8812	17	6190	037
113	6	30	037
728	1	259	037
1930	15	4977	037
3232	12	29	037
2069	6	1561	037
1100	6	28	037
2176	6	2061	037
4730	14	3835	037
2082	15	4988	037
3018	23	2977	037
5348	15	5088	037
253	6	30	037
1941	6	2008	037
2077	6	2061	037
769	1	28	037
415	1	416	037
2119	6	2045	037
8863	17	5818	037
776	15	5088	037
3189	12	2040	037
2791	9	2476	037
2073	6	2008	037
396	6	30	037
2126	6	2008	037
1983	6	728	037
3193	12	2155	037
2142	6	2008	037
2693	12	28	037
8863	17	5817	037
85	6	116	037
303	1	416	037
2094	6	2096	037
12552	23	12525	037
228	6	229	037
2903	11	3089	037
205	15	4990	037
2059	6	2061	037
832	1	416	037
2011	6	30	037
2161	6	2061	037
205	6	30	037
2008	9	259	037
1866	12	170	037
3914	14	3496	037
3093	23	12538	037
1956	6	2008	037
771	6	30	037
473	6	2082	037
1127	1	846	037
629	1	30	037
114	1	116	037
8824	23	2977	037
656	6	30	037
1478	1	114	037
1959	6	2008	037
1473	1	114	037
4678	14	3715	037
734	15	4977	037
2008	15	4988	037
2135	6	2008	037
142	6	30	037
2207	12	2155	037
1912	6	259	037
8863	17	5816	037
1958	6	2061	037
3218	12	2018	037
44	6	30	037
2138	6	2008	037
2993	23	2939	037
2026	6	30	037
1588	6	30	037
2101	6	2008	037
2003	6	30	037
3225	23	2938	038
2097	6	30	038
2129	6	30	038
5238	15	5088	038
2644	9	2593	038
199	1	189	038
4722	14	3733	038
5308	15	5088	038
1931	6	116	038
492	1	493	038
3231	12	29	038
2692	9	2476	038
811	1	416	038
12	1	14	038
776	1	493	038
2153	6	30	038
8957	23	2922	038
3208	12	2082	038
169	6	173	038
284	6	2008	038
1941	5	1943	038
55	6	30	038
3237	12	116	038
2079	6	30	038
1898	23	2997	038
3227	12	46	038
19	6	2008	038
1894	23	2920	038
728	1	405	038
229	15	4988	038
1525	6	29	038
771	1	629	038
1502	1	416	038
3242	12	2009	038
610	1	416	038
443	1	416	038
3211	12	2082	038
3739	14	3737	038
717	1	636	038
473	1	416	038
5133	15	5088	038
831	1	416	038
733	1	731	038
613	1	416	038
2010	6	2008	038
845	1	28	038
2080	6	116	038
228	1	229	038
1922	6	2061	038
2007	6	2008	038
846	1	397	038
921	6	30	038
178	6	116	038
4911	14	4117	038
1644	1	207	038
2530	14	3431	038
178	1	179	038
3577	14	3437	038
2	6	30	038
188	1	189	038
1133	6	30	038
5214	15	5088	038
818	1	416	038
292	1	120	038
919	1	921	038
1975	6	2008	038
598	6	30	038
2020	6	2008	038
812	1	416	038
588	6	30	038
1871	12	2155	038
2057	6	173	038
2130	6	2008	038
428	6	259	038
2131	6	2008	038
25	15	5024	038
1363	1	27	038
480	15	4990	038
1429	6	30	038
675	15	4990	038
17	6	30	038
921	1	30	038
810	1	416	038
310	15	5088	038
659	1	341	038
3743	14	3495	038
729	1	731	038
675	15	5120	038
822	1	416	038
2119	6	2008	038
8955	23	2939	038
25	15	4990	038
25	6	30	038
578	1	28	038
1110	15	5120	038
3769	14	3496	038
3217	12	28	038
44	5	25	038
2140	6	2008	038
380	6	30	038
728	15	4988	038
1947	6	173	038
1133	15	4990	038
630	6	30	038
2159	6	30	038
2102	6	2008	038
734	15	4977	038
800	1	416	038
3101	11	3102	038
2116	6	2061	038
205	1	207	038
478	1	479	038
759	1	28	038
492	15	5088	038
1592	6	30	038
2074	6	2075	038
597	15	5088	038
478	1	444	038
9420	23	2939	038
3209	12	30	038
2049	6	30	038
8812	17	6190	038
113	6	30	038
728	1	259	038
1930	15	4977	038
3232	12	29	038
2069	6	1561	038
1100	6	28	038
2176	6	2061	038
4730	14	3835	038
2082	15	4988	038
3018	23	2977	038
5348	15	5088	038
253	6	30	038
1941	6	2008	038
2077	6	2061	038
769	1	28	038
415	1	416	038
2119	6	2045	038
8863	17	5818	038
776	15	5088	038
3189	12	2040	038
2791	9	2476	038
2073	6	2008	038
396	6	30	038
2126	6	2008	038
1983	6	728	038
3193	12	2155	038
2142	6	2008	038
2693	12	28	038
8863	17	5817	038
85	6	116	038
303	1	416	038
2094	6	2096	038
12552	23	12525	038
228	6	229	038
2903	11	3089	038
205	15	4990	038
2059	6	2061	038
832	1	416	038
2011	6	30	038
2161	6	2061	038
205	6	30	038
2008	9	259	038
1866	12	170	038
3093	23	12538	038
1956	6	2008	038
771	6	30	038
473	6	2082	038
1127	1	846	038
629	1	30	038
114	1	116	038
8824	23	2977	038
656	6	30	038
1478	1	114	038
1959	6	2008	038
1473	1	114	038
4678	14	3715	038
734	15	4977	038
2008	15	4988	038
2135	6	2008	038
142	6	30	038
2207	12	2155	038
1912	6	259	038
8863	17	5816	038
1958	6	2061	038
3218	12	2018	038
44	6	30	038
2138	6	2008	038
2993	23	2939	038
2026	6	30	038
1588	6	30	038
2101	6	2008	038
2003	6	30	038
3225	23	2938	039
2097	6	30	039
2129	6	30	039
5238	15	5088	039
2644	9	2593	039
199	1	189	039
4722	14	3733	039
5308	15	5088	039
1931	6	116	039
492	1	493	039
3231	12	29	039
2692	9	2476	039
811	1	416	039
12	1	14	039
776	1	493	039
2153	6	30	039
8957	23	2922	039
3208	12	2082	039
169	6	173	039
284	6	2008	039
1941	5	1943	039
55	6	30	039
3237	12	116	039
2079	6	30	039
1898	23	2997	039
3227	12	46	039
19	6	2008	039
1894	23	2920	039
728	1	405	039
229	15	4988	039
1525	6	29	039
771	1	629	039
1502	1	416	039
3242	12	2009	039
610	1	416	039
443	1	416	039
3211	12	2082	039
3739	14	3737	039
717	1	636	039
473	1	416	039
5133	15	5088	039
831	1	416	039
733	1	731	039
613	1	416	039
2010	6	2008	039
845	1	28	039
2080	6	116	039
228	1	229	039
1922	6	2061	039
2007	6	2008	039
846	1	397	039
921	6	30	039
178	6	116	039
4911	14	4117	039
1644	1	207	039
2530	14	3431	039
178	1	179	039
3577	14	3437	039
2	6	30	039
188	1	189	039
1133	6	30	039
5214	15	5088	039
818	1	416	039
292	1	120	039
919	1	921	039
1975	6	2008	039
598	6	30	039
2020	6	2008	039
812	1	416	039
588	6	30	039
1871	12	2155	039
2057	6	173	039
2130	6	2008	039
428	6	259	039
2131	6	2008	039
25	15	5024	039
1363	1	27	039
480	15	4990	039
1429	6	30	039
675	15	4990	039
17	6	30	039
921	1	30	039
810	1	416	039
310	15	5088	039
659	1	341	039
3743	14	3495	039
729	1	731	039
675	15	5120	039
822	1	416	039
2119	6	2008	039
8955	23	2939	039
25	15	4990	039
25	6	30	039
578	1	28	039
1110	15	5120	039
3769	14	3496	039
3217	12	28	039
44	5	25	039
2140	6	2008	039
380	6	30	039
728	15	4988	039
1947	6	173	039
1133	15	4990	039
630	6	30	039
2159	6	30	039
2102	6	2008	039
734	15	4977	039
800	1	416	039
3101	11	3102	039
2116	6	2061	039
205	1	207	039
478	1	479	039
759	1	28	039
492	15	5088	039
1592	6	30	039
2074	6	2075	039
597	15	5088	039
478	1	444	039
9420	23	2939	039
3209	12	30	039
2049	6	30	039
8812	17	6190	039
113	6	30	039
728	1	259	039
1930	15	4977	039
3232	12	29	039
4678	14	3835	039
2069	6	1561	039
1100	6	28	039
2176	6	2061	039
4730	14	3835	039
2082	15	4988	039
3018	23	2977	039
5348	15	5088	039
253	6	30	039
1941	6	2008	039
2077	6	2061	039
769	1	28	039
415	1	416	039
2119	6	2045	039
8863	17	5818	039
776	15	5088	039
3189	12	2040	039
2791	9	2476	039
2073	6	2008	039
396	6	30	039
2126	6	2008	039
1983	6	728	039
3193	12	2155	039
2142	6	2008	039
2693	12	28	039
8863	17	5817	039
85	6	116	039
303	1	416	039
2094	6	2096	039
12552	23	12525	039
228	6	229	039
2903	11	3089	039
205	15	4990	039
2059	6	2061	039
832	1	416	039
2011	6	30	039
2161	6	2061	039
205	6	30	039
2008	9	259	039
1866	12	170	039
3093	23	12538	039
1956	6	2008	039
771	6	30	039
473	6	2082	039
1127	1	846	039
629	1	30	039
114	1	116	039
8824	23	2977	039
656	6	30	039
1478	1	114	039
1959	6	2008	039
1473	1	114	039
4678	14	3715	039
734	15	4977	039
2008	15	4988	039
2135	6	2008	039
142	6	30	039
2207	12	2155	039
1912	6	259	039
8863	17	5816	039
1958	6	2061	039
3218	12	2018	039
44	6	30	039
2138	6	2008	039
2993	23	2939	039
2026	6	30	039
1588	6	30	039
2101	6	2008	039
2003	6	30	039
3225	23	2938	040
2097	6	30	040
2129	6	30	040
5238	15	5088	040
2644	9	2593	040
199	1	189	040
5308	15	5088	040
1931	6	116	040
492	1	493	040
3231	12	29	040
2692	9	2476	040
811	1	416	040
12	1	14	040
776	1	493	040
2153	6	30	040
8957	23	2922	040
3208	12	2082	040
169	6	173	040
284	6	2008	040
1941	5	1943	040
55	6	30	040
3237	12	116	040
2079	6	30	040
1898	23	2997	040
3227	12	46	040
19	6	2008	040
1894	23	2920	040
728	1	405	040
229	15	4988	040
1525	6	29	040
771	1	629	040
1502	1	416	040
3242	12	2009	040
610	1	416	040
443	1	416	040
3211	12	2082	040
3739	14	3737	040
717	1	636	040
473	1	416	040
5133	15	5088	040
831	1	416	040
733	1	731	040
613	1	416	040
2010	6	2008	040
845	1	28	040
2080	6	116	040
228	1	229	040
1922	6	2061	040
2007	6	2008	040
846	1	397	040
921	6	30	040
178	6	116	040
4911	14	4117	040
1644	1	207	040
2530	14	3431	040
178	1	179	040
3577	14	3437	040
2	6	30	040
188	1	189	040
1133	6	30	040
5214	15	5088	040
818	1	416	040
292	1	120	040
919	1	921	040
1975	6	2008	040
598	6	30	040
2020	6	2008	040
812	1	416	040
588	6	30	040
1871	12	2155	040
2057	6	173	040
2130	6	2008	040
428	6	259	040
2131	6	2008	040
25	15	5024	040
1363	1	27	040
480	15	4990	040
1429	6	30	040
675	15	4990	040
17	6	30	040
921	1	30	040
810	1	416	040
310	15	5088	040
659	1	341	040
729	1	731	040
675	15	5120	040
822	1	416	040
2119	6	2008	040
8955	23	2939	040
25	15	4990	040
25	6	30	040
578	1	28	040
1110	15	5120	040
3769	14	3496	040
3217	12	28	040
44	5	25	040
2140	6	2008	040
380	6	30	040
728	15	4988	040
1947	6	173	040
1133	15	4990	040
630	6	30	040
2159	6	30	040
2102	6	2008	040
734	15	4977	040
800	1	416	040
3101	11	3102	040
2116	6	2061	040
205	1	207	040
478	1	479	040
759	1	28	040
492	15	5088	040
1592	6	30	040
2074	6	2075	040
597	15	5088	040
8333	17	5818	040
478	1	444	040
9420	23	2939	040
3209	12	30	040
2049	6	30	040
8812	17	6190	040
113	6	30	040
728	1	259	040
1930	15	4977	040
3232	12	29	040
4678	14	3835	040
2069	6	1561	040
1100	6	28	040
2176	6	2061	040
2082	15	4988	040
3018	23	2977	040
5348	15	5088	040
253	6	30	040
1941	6	2008	040
2077	6	2061	040
769	1	28	040
415	1	416	040
2119	6	2045	040
8863	17	5818	040
776	15	5088	040
3189	12	2040	040
2791	9	2476	040
2073	6	2008	040
396	6	30	040
2126	6	2008	040
1983	6	728	040
3193	12	2155	040
2142	6	2008	040
2693	12	28	040
8863	17	5817	040
85	6	116	040
303	1	416	040
2094	6	2096	040
12552	23	12525	040
228	6	229	040
2903	11	3089	040
205	15	4990	040
2059	6	2061	040
832	1	416	040
2011	6	30	040
2161	6	2061	040
205	6	30	040
2008	9	259	040
1866	12	170	040
3093	23	12538	040
1956	6	2008	040
771	6	30	040
473	6	2082	040
1127	1	846	040
629	1	30	040
114	1	116	040
8824	23	2977	040
656	6	30	040
1478	1	114	040
1959	6	2008	040
1473	1	114	040
734	15	4977	040
2008	15	4988	040
2135	6	2008	040
142	6	30	040
2207	12	2155	040
1912	6	259	040
8863	17	5816	040
1958	6	2061	040
3218	12	2018	040
44	6	30	040
2138	6	2008	040
2993	23	2939	040
2026	6	30	040
1588	6	30	040
2101	6	2008	040
2003	6	30	040
3225	23	2938	041
2097	6	30	041
2129	6	30	041
5238	15	5088	041
2644	9	2593	041
199	1	189	041
5308	15	5088	041
1931	6	116	041
492	1	493	041
3231	12	29	041
2692	9	2476	041
811	1	416	041
12	1	14	041
776	1	493	041
2153	6	30	041
8957	23	2922	041
3208	12	2082	041
169	6	173	041
284	6	2008	041
1941	5	1943	041
55	6	30	041
3237	12	116	041
2079	6	30	041
1898	23	2997	041
3227	12	46	041
19	6	2008	041
1894	23	2920	041
728	1	405	041
229	15	4988	041
1525	6	29	041
771	1	629	041
1502	1	416	041
3242	12	2009	041
610	1	416	041
443	1	416	041
3211	12	2082	041
717	1	636	041
473	1	416	041
5133	15	5088	041
831	1	416	041
733	1	731	041
613	1	416	041
2010	6	2008	041
845	1	28	041
2080	6	116	041
228	1	229	041
1922	6	2061	041
2007	6	2008	041
846	1	397	041
921	6	30	041
178	6	116	041
4911	14	4117	041
1644	1	207	041
2530	14	3431	041
178	1	179	041
3577	14	3437	041
2	6	30	041
188	1	189	041
1133	6	30	041
5214	15	5088	041
818	1	416	041
292	1	120	041
919	1	921	041
1975	6	2008	041
598	6	30	041
2020	6	2008	041
812	1	416	041
588	6	30	041
1871	12	2155	041
2057	6	173	041
2130	6	2008	041
428	6	259	041
2131	6	2008	041
25	15	5024	041
1363	1	27	041
480	15	4990	041
1429	6	30	041
675	15	4990	041
17	6	30	041
921	1	30	041
810	1	416	041
310	15	5088	041
659	1	341	041
729	1	731	041
675	15	5120	041
822	1	416	041
2119	6	2008	041
8955	23	2939	041
25	15	4990	041
25	6	30	041
578	1	28	041
1110	15	5120	041
3769	14	3496	041
3217	12	28	041
44	5	25	041
2140	6	2008	041
380	6	30	041
728	15	4988	041
1947	6	173	041
1133	15	4990	041
630	6	30	041
2159	6	30	041
2102	6	2008	041
734	15	4977	041
800	1	416	041
3101	11	3102	041
2116	6	2061	041
205	1	207	041
478	1	479	041
759	1	28	041
492	15	5088	041
1592	6	30	041
2074	6	2075	041
597	15	5088	041
478	1	444	041
9420	23	2939	041
3209	12	30	041
2049	6	30	041
8812	17	6190	041
113	6	30	041
728	1	259	041
1930	15	4977	041
3232	12	29	041
4678	14	3835	041
2069	6	1561	041
1100	6	28	041
2176	6	2061	041
2082	15	4988	041
3018	23	2977	041
5348	15	5088	041
253	6	30	041
1941	6	2008	041
2077	6	2061	041
769	1	28	041
415	1	416	041
2119	6	2045	041
8863	17	5818	041
776	15	5088	041
3189	12	2040	041
2791	9	2476	041
2073	6	2008	041
396	6	30	041
2126	6	2008	041
1983	6	728	041
3193	12	2155	041
2142	6	2008	041
2693	12	28	041
8863	17	5817	041
85	6	116	041
303	1	416	041
2094	6	2096	041
12552	23	12525	041
228	6	229	041
2903	11	3089	041
205	15	4990	041
2059	6	2061	041
832	1	416	041
2011	6	30	041
2161	6	2061	041
205	6	30	041
2008	9	259	041
1866	12	170	041
3093	23	12538	041
1956	6	2008	041
771	6	30	041
473	6	2082	041
1127	1	846	041
629	1	30	041
114	1	116	041
8824	23	2977	041
656	6	30	041
1478	1	114	041
1959	6	2008	041
1473	1	114	041
734	15	4977	041
2008	15	4988	041
2135	6	2008	041
142	6	30	041
2207	12	2155	041
1912	6	259	041
8863	17	5816	041
1958	6	2061	041
3218	12	2018	041
44	6	30	041
2138	6	2008	041
2993	23	2939	041
2026	6	30	041
1588	6	30	041
2101	6	2008	041
2003	6	30	041
3225	23	2938	042
2097	6	30	042
2129	6	30	042
5238	15	5088	042
2644	9	2593	042
199	1	189	042
5308	15	5088	042
1931	6	116	042
492	1	493	042
3231	12	29	042
2692	9	2476	042
811	1	416	042
12	1	14	042
776	1	493	042
2153	6	30	042
8957	23	2922	042
3208	12	2082	042
169	6	173	042
284	6	2008	042
1941	5	1943	042
55	6	30	042
3237	12	116	042
2079	6	30	042
1898	23	2997	042
3227	12	46	042
19	6	2008	042
1894	23	2920	042
728	1	405	042
229	15	4988	042
1525	6	29	042
771	1	629	042
1502	1	416	042
3242	12	2009	042
610	1	416	042
443	1	416	042
3211	12	2082	042
717	1	636	042
473	1	416	042
5133	15	5088	042
831	1	416	042
733	1	731	042
613	1	416	042
2010	6	2008	042
845	1	28	042
2080	6	116	042
228	1	229	042
1922	6	2061	042
2007	6	2008	042
846	1	397	042
921	6	30	042
178	6	116	042
4911	14	4117	042
1644	1	207	042
2530	14	3431	042
178	1	179	042
3577	14	3437	042
2	6	30	042
188	1	189	042
1133	6	30	042
5214	15	5088	042
818	1	416	042
292	1	120	042
919	1	921	042
1975	6	2008	042
598	6	30	042
2020	6	2008	042
812	1	416	042
3113	14	3793	042
588	6	30	042
1871	12	2155	042
2057	6	173	042
2130	6	2008	042
428	6	259	042
2131	6	2008	042
25	15	5024	042
1363	1	27	042
480	15	4990	042
1429	6	30	042
675	15	4990	042
17	6	30	042
921	1	30	042
810	1	416	042
310	15	5088	042
659	1	341	042
729	1	731	042
675	15	5120	042
822	1	416	042
2119	6	2008	042
8955	23	2939	042
25	15	4990	042
25	6	30	042
578	1	28	042
1110	15	5120	042
3769	14	3496	042
3217	12	28	042
44	5	25	042
2140	6	2008	042
380	6	30	042
728	15	4988	042
1947	6	173	042
1133	15	4990	042
630	6	30	042
2159	6	30	042
2102	6	2008	042
734	15	4977	042
800	1	416	042
3101	11	3102	042
2116	6	2061	042
205	1	207	042
478	1	479	042
7464	17	6066	042
759	1	28	042
492	15	5088	042
1592	6	30	042
2074	6	2075	042
597	15	5088	042
478	1	444	042
9420	23	2939	042
3209	12	30	042
2049	6	30	042
8812	17	6190	042
113	6	30	042
728	1	259	042
1930	15	4977	042
3232	12	29	042
4678	14	3835	042
2069	6	1561	042
1100	6	28	042
2176	6	2061	042
2082	15	4988	042
3018	23	2977	042
5348	15	5088	042
253	6	30	042
1941	6	2008	042
2077	6	2061	042
769	1	28	042
415	1	416	042
2119	6	2045	042
8863	17	5818	042
776	15	5088	042
3189	12	2040	042
2791	9	2476	042
2073	6	2008	042
396	6	30	042
2126	6	2008	042
1983	6	728	042
3193	12	2155	042
2142	6	2008	042
2693	12	28	042
8863	17	5817	042
85	6	116	042
303	1	416	042
2094	6	2096	042
12552	23	12525	042
228	6	229	042
2903	11	3089	042
205	15	4990	042
2059	6	2061	042
832	1	416	042
2011	6	30	042
2161	6	2061	042
205	6	30	042
2008	9	259	042
1866	12	170	042
3093	23	12538	042
1956	6	2008	042
771	6	30	042
473	6	2082	042
1127	1	846	042
629	1	30	042
114	1	116	042
8824	23	2977	042
656	6	30	042
1478	1	114	042
1959	6	2008	042
1473	1	114	042
734	15	4977	042
2008	15	4988	042
2135	6	2008	042
142	6	30	042
2207	12	2155	042
1912	6	259	042
8863	17	5816	042
1958	6	2061	042
3218	12	2018	042
44	6	30	042
2138	6	2008	042
2993	23	2939	042
2026	6	30	042
1588	6	30	042
2101	6	2008	042
2003	6	30	042
3225	23	2938	043
2097	6	30	043
2129	6	30	043
5238	15	5088	043
2644	9	2593	043
199	1	189	043
5308	15	5088	043
1931	6	116	043
492	1	493	043
3231	12	29	043
2692	9	2476	043
811	1	416	043
12	1	14	043
776	1	493	043
2153	6	30	043
8957	23	2922	043
3208	12	2082	043
169	6	173	043
284	6	2008	043
1941	5	1943	043
55	6	30	043
3237	12	116	043
2079	6	30	043
1898	23	2997	043
3227	12	46	043
19	6	2008	043
1894	23	2920	043
728	1	405	043
229	15	4988	043
1525	6	29	043
771	1	629	043
1502	1	416	043
3242	12	2009	043
610	1	416	043
443	1	416	043
3211	12	2082	043
717	1	636	043
473	1	416	043
5133	15	5088	043
831	1	416	043
733	1	731	043
613	1	416	043
2010	6	2008	043
845	1	28	043
2080	6	116	043
228	1	229	043
1922	6	2061	043
2007	6	2008	043
846	1	397	043
921	6	30	043
178	6	116	043
4911	14	4117	043
1644	1	207	043
2530	14	3431	043
178	1	179	043
3577	14	3437	043
2	6	30	043
188	1	189	043
1133	6	30	043
5214	15	5088	043
818	1	416	043
292	1	120	043
919	1	921	043
1975	6	2008	043
598	6	30	043
2020	6	2008	043
812	1	416	043
3113	14	3793	043
588	6	30	043
1871	12	2155	043
2057	6	173	043
2130	6	2008	043
428	6	259	043
2131	6	2008	043
25	15	5024	043
1363	1	27	043
480	15	4990	043
1429	6	30	043
675	15	4990	043
17	6	30	043
921	1	30	043
810	1	416	043
310	15	5088	043
659	1	341	043
729	1	731	043
675	15	5120	043
822	1	416	043
2119	6	2008	043
8955	23	2939	043
25	15	4990	043
25	6	30	043
578	1	28	043
1110	15	5120	043
3769	14	3496	043
3217	12	28	043
44	5	25	043
2140	6	2008	043
380	6	30	043
728	15	4988	043
1947	6	173	043
1133	15	4990	043
630	6	30	043
2159	6	30	043
2102	6	2008	043
734	15	4977	043
800	1	416	043
3101	11	3102	043
2116	6	2061	043
205	1	207	043
478	1	479	043
759	1	28	043
492	15	5088	043
1592	6	30	043
2074	6	2075	043
597	15	5088	043
478	1	444	043
9420	23	2939	043
3209	12	30	043
2049	6	30	043
8812	17	6190	043
113	6	30	043
728	1	259	043
1930	15	4977	043
3232	12	29	043
4678	14	3835	043
2069	6	1561	043
1100	6	28	043
2176	6	2061	043
2082	15	4988	043
3018	23	2977	043
5348	15	5088	043
253	6	30	043
1941	6	2008	043
2077	6	2061	043
769	1	28	043
415	1	416	043
2119	6	2045	043
8863	17	5818	043
776	15	5088	043
3189	12	2040	043
2791	9	2476	043
2073	6	2008	043
396	6	30	043
2126	6	2008	043
1983	6	728	043
3193	12	2155	043
2142	6	2008	043
3845	14	3846	043
2693	12	28	043
8863	17	5817	043
85	6	116	043
303	1	416	043
2094	6	2096	043
12552	23	12525	043
228	6	229	043
2903	11	3089	043
205	15	4990	043
2059	6	2061	043
832	1	416	043
2011	6	30	043
2161	6	2061	043
205	6	30	043
2008	9	259	043
1866	12	170	043
3093	23	12538	043
1956	6	2008	043
771	6	30	043
473	6	2082	043
1127	1	846	043
629	1	30	043
114	1	116	043
8824	23	2977	043
656	6	30	043
1478	1	114	043
1959	6	2008	043
1473	1	114	043
734	15	4977	043
2008	15	4988	043
2135	6	2008	043
142	6	30	043
2207	12	2155	043
1912	6	259	043
8863	17	5816	043
1958	6	2061	043
3218	12	2018	043
44	6	30	043
2138	6	2008	043
2993	23	2939	043
2026	6	30	043
1588	6	30	043
2101	6	2008	043
2003	6	30	043
3225	23	2938	044
2097	6	30	044
2129	6	30	044
5238	15	5088	044
2644	9	2593	044
199	1	189	044
5308	15	5088	044
1931	6	116	044
492	1	493	044
3231	12	29	044
2692	9	2476	044
811	1	416	044
12	1	14	044
776	1	493	044
2153	6	30	044
8957	23	2922	044
3208	12	2082	044
169	6	173	044
284	6	2008	044
1941	5	1943	044
55	6	30	044
3237	12	116	044
2079	6	30	044
1898	23	2997	044
3227	12	46	044
19	6	2008	044
1894	23	2920	044
728	1	405	044
229	15	4988	044
1525	6	29	044
771	1	629	044
1502	1	416	044
3242	12	2009	044
610	1	416	044
443	1	416	044
3211	12	2082	044
717	1	636	044
473	1	416	044
5133	15	5088	044
831	1	416	044
733	1	731	044
613	1	416	044
2010	6	2008	044
845	1	28	044
2080	6	116	044
228	1	229	044
1922	6	2061	044
2007	6	2008	044
846	1	397	044
921	6	30	044
178	6	116	044
4911	14	4117	044
1644	1	207	044
2530	14	3431	044
178	1	179	044
3577	14	3437	044
2	6	30	044
188	1	189	044
1133	6	30	044
5214	15	5088	044
818	1	416	044
292	1	120	044
919	1	921	044
1975	6	2008	044
598	6	30	044
2020	6	2008	044
812	1	416	044
3113	14	3793	044
588	6	30	044
1871	12	2155	044
2057	6	173	044
2130	6	2008	044
428	6	259	044
2131	6	2008	044
25	15	5024	044
1363	1	27	044
480	15	4990	044
1429	6	30	044
675	15	4990	044
17	6	30	044
921	1	30	044
810	1	416	044
310	15	5088	044
659	1	341	044
729	1	731	044
675	15	5120	044
822	1	416	044
2119	6	2008	044
8955	23	2939	044
25	15	4990	044
25	6	30	044
578	1	28	044
1110	15	5120	044
3769	14	3496	044
3217	12	28	044
44	5	25	044
2140	6	2008	044
380	6	30	044
728	15	4988	044
1947	6	173	044
1133	15	4990	044
630	6	30	044
2159	6	30	044
2102	6	2008	044
734	15	4977	044
800	1	416	044
3101	11	3102	044
205	1	207	044
478	1	479	044
759	1	28	044
492	15	5088	044
1592	6	30	044
2074	6	2075	044
597	15	5088	044
478	1	444	044
9420	23	2939	044
3209	12	30	044
2049	6	30	044
8812	17	6190	044
113	6	30	044
728	1	259	044
1930	15	4977	044
3232	12	29	044
4678	14	3835	044
2069	6	1561	044
1100	6	28	044
2176	6	2061	044
2082	15	4988	044
3018	23	2977	044
5348	15	5088	044
253	6	30	044
1941	6	2008	044
2077	6	2061	044
769	1	28	044
415	1	416	044
2119	6	2045	044
8863	17	5818	044
776	15	5088	044
3189	12	2040	044
2791	9	2476	044
2073	6	2008	044
396	6	30	044
2126	6	2008	044
1983	6	728	044
3193	12	2155	044
2142	6	2008	044
3845	14	3846	044
2693	12	28	044
8863	17	5817	044
85	6	116	044
303	1	416	044
2094	6	2096	044
12552	23	12525	044
228	6	229	044
2903	11	3089	044
205	15	4990	044
2059	6	2061	044
832	1	416	044
2011	6	30	044
2161	6	2061	044
205	6	30	044
2008	9	259	044
1866	12	170	044
3093	23	12538	044
1956	6	2008	044
771	6	30	044
473	6	2082	044
1127	1	846	044
629	1	30	044
114	1	116	044
8824	23	2977	044
656	6	30	044
1478	1	114	044
1959	6	2008	044
1473	1	114	044
734	15	4977	044
2008	15	4988	044
2135	6	2008	044
142	6	30	044
2207	12	2155	044
1912	6	259	044
8863	17	5816	044
1958	6	2061	044
3218	12	2018	044
44	6	30	044
2138	6	2008	044
2993	23	2939	044
2026	6	30	044
1588	6	30	044
2101	6	2008	044
2003	6	30	044
3225	23	2938	045
2097	6	30	045
2129	6	30	045
5238	15	5088	045
2644	9	2593	045
199	1	189	045
5308	15	5088	045
1931	6	116	045
492	1	493	045
3231	12	29	045
2692	9	2476	045
811	1	416	045
12	1	14	045
776	1	493	045
2644	10	2924	045
2153	6	30	045
8957	23	2922	045
3208	12	2082	045
169	6	173	045
284	6	2008	045
1941	5	1943	045
55	6	30	045
3237	12	116	045
2079	6	30	045
1898	23	2997	045
3227	12	46	045
19	6	2008	045
1894	23	2920	045
728	1	405	045
229	15	4988	045
1525	6	29	045
771	1	629	045
1502	1	416	045
3242	12	2009	045
610	1	416	045
443	1	416	045
3211	12	2082	045
717	1	636	045
473	1	416	045
5133	15	5088	045
831	1	416	045
733	1	731	045
613	1	416	045
2010	6	2008	045
845	1	28	045
2080	6	116	045
228	1	229	045
1922	6	2061	045
2007	6	2008	045
846	1	397	045
921	6	30	045
178	6	116	045
4911	14	4117	045
1644	1	207	045
2530	14	3431	045
178	1	179	045
3577	14	3437	045
2	6	30	045
188	1	189	045
1133	6	30	045
5214	15	5088	045
818	1	416	045
292	1	120	045
919	1	921	045
1975	6	2008	045
598	6	30	045
2020	6	2008	045
812	1	416	045
588	6	30	045
1871	12	2155	045
2057	6	173	045
2130	6	2008	045
428	6	259	045
2131	6	2008	045
25	15	5024	045
1363	1	27	045
480	15	4990	045
1429	6	30	045
675	15	4990	045
17	6	30	045
921	1	30	045
810	1	416	045
310	15	5088	045
659	1	341	045
729	1	731	045
675	15	5120	045
822	1	416	045
2119	6	2008	045
8955	23	2939	045
25	15	4990	045
25	6	30	045
578	1	28	045
1110	15	5120	045
3769	14	3496	045
3217	12	28	045
44	5	25	045
2140	6	2008	045
380	6	30	045
728	15	4988	045
1947	6	173	045
1133	15	4990	045
630	6	30	045
2159	6	30	045
2102	6	2008	045
734	15	4977	045
800	1	416	045
3101	11	3102	045
205	1	207	045
478	1	479	045
759	1	28	045
492	15	5088	045
1592	6	30	045
2074	6	2075	045
597	15	5088	045
478	1	444	045
9420	23	2939	045
3209	12	30	045
2049	6	30	045
8812	17	6190	045
113	6	30	045
728	1	259	045
1930	15	4977	045
3232	12	29	045
4678	14	3835	045
2069	6	1561	045
1100	6	28	045
2176	6	2061	045
2082	15	4988	045
3018	23	2977	045
5348	15	5088	045
253	6	30	045
1941	6	2008	045
2077	6	2061	045
769	1	28	045
415	1	416	045
2119	6	2045	045
8863	17	5818	045
776	15	5088	045
3189	12	2040	045
2791	9	2476	045
2073	6	2008	045
396	6	30	045
2126	6	2008	045
1983	6	728	045
3193	12	2155	045
2142	6	2008	045
3845	14	3846	045
2693	12	28	045
8863	17	5817	045
85	6	116	045
303	1	416	045
2094	6	2096	045
12552	23	12525	045
228	6	229	045
2903	11	3089	045
205	15	4990	045
2059	6	2061	045
832	1	416	045
2011	6	30	045
2161	6	2061	045
205	6	30	045
2008	9	259	045
1866	12	170	045
3093	23	12538	045
1956	6	2008	045
771	6	30	045
473	6	2082	045
1127	1	846	045
629	1	30	045
114	1	116	045
8824	23	2977	045
656	6	30	045
1478	1	114	045
1959	6	2008	045
1473	1	114	045
734	15	4977	045
2008	15	4988	045
2135	6	2008	045
142	6	30	045
2207	12	2155	045
1912	6	259	045
8863	17	5816	045
1958	6	2061	045
3218	12	2018	045
44	6	30	045
2138	6	2008	045
2993	23	2939	045
2026	6	30	045
1588	6	30	045
2101	6	2008	045
2003	6	30	045
3225	23	2938	046
2097	6	30	046
2129	6	30	046
5238	15	5088	046
2644	9	2593	046
199	1	189	046
5308	15	5088	046
1931	6	116	046
492	1	493	046
3231	12	29	046
2692	9	2476	046
811	1	416	046
12	1	14	046
776	1	493	046
2644	10	2924	046
2153	6	30	046
8957	23	2922	046
3208	12	2082	046
169	6	173	046
284	6	2008	046
1941	5	1943	046
55	6	30	046
3237	12	116	046
2079	6	30	046
1898	23	2997	046
3227	12	46	046
19	6	2008	046
1894	23	2920	046
728	1	405	046
229	15	4988	046
1525	6	29	046
771	1	629	046
1502	1	416	046
3242	12	2009	046
610	1	416	046
443	1	416	046
3211	12	2082	046
717	1	636	046
473	1	416	046
5133	15	5088	046
831	1	416	046
733	1	731	046
613	1	416	046
2010	6	2008	046
845	1	28	046
2080	6	116	046
228	1	229	046
1922	6	2061	046
2007	6	2008	046
846	1	397	046
921	6	30	046
178	6	116	046
4911	14	4117	046
1644	1	207	046
2530	14	3431	046
178	1	179	046
3577	14	3437	046
2	6	30	046
188	1	189	046
1133	6	30	046
5214	15	5088	046
818	1	416	046
292	1	120	046
919	1	921	046
1975	6	2008	046
598	6	30	046
2020	6	2008	046
812	1	416	046
2026	6	30	046
588	6	30	046
1871	12	2155	046
2057	6	173	046
2130	6	2008	046
428	6	259	046
2131	6	2008	046
25	15	5024	046
1363	1	27	046
480	15	4990	046
1429	6	30	046
675	15	4990	046
17	6	30	046
921	1	30	046
810	1	416	046
310	15	5088	046
659	1	341	046
729	1	731	046
675	15	5120	046
822	1	416	046
2119	6	2008	046
8955	23	2939	046
25	15	4990	046
25	6	30	046
578	1	28	046
1110	15	5120	046
3769	14	3496	046
3217	12	28	046
44	5	25	046
2140	6	2008	046
380	6	30	046
728	15	4988	046
1947	6	173	046
1133	15	4990	046
630	6	30	046
2159	6	30	046
2102	6	2008	046
734	15	4977	046
800	1	416	046
3101	11	3102	046
205	1	207	046
478	1	479	046
759	1	28	046
492	15	5088	046
1592	6	30	046
2074	6	2075	046
597	15	5088	046
478	1	444	046
9420	23	2939	046
3209	12	30	046
2049	6	30	046
8812	17	6190	046
113	6	30	046
728	1	259	046
1930	15	4977	046
3232	12	29	046
4678	14	3835	046
2069	6	1561	046
1100	6	28	046
2176	6	2061	046
2082	15	4988	046
3018	23	2977	046
5348	15	5088	046
253	6	30	046
1941	6	2008	046
2077	6	2061	046
769	1	28	046
415	1	416	046
2119	6	2045	046
8863	17	5818	046
776	15	5088	046
3189	12	2040	046
2791	9	2476	046
2073	6	2008	046
396	6	30	046
2126	6	2008	046
1983	6	728	046
3193	12	2155	046
6241	17	5873	046
2142	6	2008	046
3845	14	3846	046
2693	12	28	046
8863	17	5817	046
85	6	116	046
303	1	416	046
2094	6	2096	046
12552	23	12525	046
228	6	229	046
2903	11	3089	046
205	15	4990	046
2059	6	2061	046
832	1	416	046
2011	6	30	046
2161	6	2061	046
205	6	30	046
2008	9	259	046
1866	12	170	046
3093	23	12538	046
1956	6	2008	046
771	6	30	046
473	6	2082	046
1127	1	846	046
629	1	30	046
114	1	116	046
8824	23	2977	046
656	6	30	046
1478	1	114	046
1959	6	2008	046
1473	1	114	046
734	15	4977	046
2008	15	4988	046
2135	6	2008	046
142	6	30	046
2207	12	2155	046
1912	6	259	046
8863	17	5816	046
1958	6	2061	046
3218	12	2018	046
44	6	30	046
2138	6	2008	046
2993	23	2939	046
2026	6	30	046
1588	6	30	046
2101	6	2008	046
2003	6	30	046
3225	23	2938	047
2097	6	30	047
2129	6	30	047
5238	15	5088	047
2644	9	2593	047
199	1	189	047
5308	15	5088	047
1931	6	116	047
492	1	493	047
3231	12	29	047
2692	9	2476	047
811	1	416	047
12	1	14	047
776	1	493	047
2644	10	2924	047
2153	6	30	047
8957	23	2922	047
3208	12	2082	047
169	6	173	047
284	6	2008	047
1941	5	1943	047
55	6	30	047
3237	12	116	047
2079	6	30	047
1898	23	2997	047
3227	12	46	047
19	6	2008	047
1894	23	2920	047
728	1	405	047
229	15	4988	047
1525	6	29	047
771	1	629	047
1502	1	416	047
3242	12	2009	047
610	1	416	047
443	1	416	047
3211	12	2082	047
717	1	636	047
473	1	416	047
5133	15	5088	047
831	1	416	047
733	1	731	047
613	1	416	047
2010	6	2008	047
845	1	28	047
2080	6	116	047
228	1	229	047
1922	6	2061	047
2007	6	2008	047
846	1	397	047
921	6	30	047
178	6	116	047
4911	14	4117	047
1644	1	207	047
2530	14	3431	047
178	1	179	047
3577	14	3437	047
2	6	30	047
188	1	189	047
1133	6	30	047
5214	15	5088	047
818	1	416	047
292	1	120	047
919	1	921	047
1975	6	2008	047
598	6	30	047
2020	6	2008	047
812	1	416	047
2026	6	30	047
588	6	30	047
1871	12	2155	047
2057	6	173	047
2130	6	2008	047
428	6	259	047
2131	6	2008	047
25	15	5024	047
3866	17	6268	047
1363	1	27	047
480	15	4990	047
1429	6	30	047
675	15	4990	047
17	6	30	047
921	1	30	047
810	1	416	047
310	15	5088	047
659	1	341	047
729	1	731	047
675	15	5120	047
822	1	416	047
2119	6	2008	047
8955	23	2939	047
25	15	4990	047
25	6	30	047
578	1	28	047
1110	15	5120	047
3769	14	3496	047
3217	12	28	047
44	5	25	047
2140	6	2008	047
380	6	30	047
728	15	4988	047
1947	6	173	047
1133	15	4990	047
630	6	30	047
2159	6	30	047
2102	6	2008	047
734	15	4977	047
800	1	416	047
3101	11	3102	047
205	1	207	047
478	1	479	047
759	1	28	047
492	15	5088	047
1592	6	30	047
2074	6	2075	047
597	15	5088	047
478	1	444	047
9420	23	2939	047
3209	12	30	047
2049	6	30	047
8812	17	6190	047
113	6	30	047
728	1	259	047
1930	15	4977	047
3232	12	29	047
2069	6	1561	047
1100	6	28	047
2176	6	2061	047
2082	15	4988	047
3018	23	2977	047
5348	15	5088	047
253	6	30	047
1941	6	2008	047
2077	6	2061	047
769	1	28	047
415	1	416	047
2119	6	2045	047
8863	17	5818	047
776	15	5088	047
3189	12	2040	047
2791	9	2476	047
2073	6	2008	047
396	6	30	047
2126	6	2008	047
1983	6	728	047
3193	12	2155	047
2142	6	2008	047
3845	14	3846	047
2693	12	28	047
8863	17	5817	047
85	6	116	047
303	1	416	047
2094	6	2096	047
12552	23	12525	047
228	6	229	047
2903	11	3089	047
205	15	4990	047
2059	6	2061	047
832	1	416	047
2011	6	30	047
2161	6	2061	047
205	6	30	047
2008	9	259	047
1866	12	170	047
3093	23	12538	047
1956	6	2008	047
771	6	30	047
473	6	2082	047
1127	1	846	047
629	1	30	047
114	1	116	047
8824	23	2977	047
656	6	30	047
1478	1	114	047
1959	6	2008	047
1473	1	114	047
734	15	4977	047
2008	15	4988	047
2135	6	2008	047
142	6	30	047
2207	12	2155	047
1912	6	259	047
8863	17	5816	047
1958	6	2061	047
3218	12	2018	047
44	6	30	047
2138	6	2008	047
2993	23	2939	047
1588	6	30	047
2101	6	2008	047
2003	6	30	047
3225	23	2938	048
2097	6	30	048
6884	17	7815	048
2129	6	30	048
5238	15	5088	048
2644	9	2593	048
199	1	189	048
5308	15	5088	048
1931	6	116	048
492	1	493	048
3231	12	29	048
2692	9	2476	048
811	1	416	048
12	1	14	048
776	1	493	048
2644	10	2924	048
2153	6	30	048
8957	23	2922	048
3208	12	2082	048
169	6	173	048
284	6	2008	048
1941	5	1943	048
55	6	30	048
3769	14	3752	048
3113	14	3491	048
3113	14	3509	048
3113	11	3102	048
3237	12	116	048
2079	6	30	048
1898	23	2997	048
3227	12	46	048
19	6	2008	048
1894	23	2920	048
728	1	405	048
229	15	4988	048
1525	6	29	048
771	1	629	048
1502	1	416	048
3242	12	2009	048
610	1	416	048
443	1	416	048
3211	12	2082	048
717	1	636	048
473	1	416	048
5133	15	5088	048
831	1	416	048
733	1	731	048
613	1	416	048
2010	6	2008	048
845	1	28	048
2080	6	116	048
228	1	229	048
1922	6	2061	048
2007	6	2008	048
846	1	397	048
921	6	30	048
178	6	116	048
4911	14	4117	048
1644	1	207	048
2530	14	3431	048
178	1	179	048
3577	14	3437	048
2	6	30	048
188	1	189	048
1133	6	30	048
5214	15	5088	048
818	1	416	048
292	1	120	048
919	1	921	048
1975	6	2008	048
598	6	30	048
2020	6	2008	048
812	1	416	048
2026	6	30	048
588	6	30	048
1871	12	2155	048
2057	6	173	048
2130	6	2008	048
428	6	259	048
2131	6	2008	048
25	15	5024	048
1363	1	27	048
480	15	4990	048
1429	6	30	048
675	15	4990	048
17	6	30	048
921	1	30	048
810	1	416	048
310	15	5088	048
659	1	341	048
729	1	731	048
675	15	5120	048
822	1	416	048
2119	6	2008	048
8955	23	2939	048
25	15	4990	048
25	6	30	048
578	1	28	048
1110	15	5120	048
3769	14	3496	048
3217	12	28	048
44	5	25	048
2140	6	2008	048
380	6	30	048
728	15	4988	048
1947	6	173	048
1133	15	4990	048
630	6	30	048
2159	6	30	048
2102	6	2008	048
734	15	4977	048
800	1	416	048
3101	11	3102	048
205	1	207	048
478	1	479	048
759	1	28	048
492	15	5088	048
1592	6	30	048
2074	6	2075	048
597	15	5088	048
478	1	444	048
9420	23	2939	048
3209	12	30	048
2049	6	30	048
8812	17	6190	048
113	6	30	048
728	1	259	048
1930	15	4977	048
3232	12	29	048
2069	6	1561	048
1100	6	28	048
2176	6	2061	048
2082	15	4988	048
3018	23	2977	048
5348	15	5088	048
253	6	30	048
1941	6	2008	048
2077	6	2061	048
769	1	28	048
415	1	416	048
2119	6	2045	048
8863	17	5818	048
776	15	5088	048
3189	12	2040	048
2791	9	2476	048
2073	6	2008	048
396	6	30	048
2126	6	2008	048
1983	6	728	048
3193	12	2155	048
2142	6	2008	048
3845	14	3846	048
2693	12	28	048
8863	17	5817	048
85	6	116	048
303	1	416	048
2094	6	2096	048
2539	9	2540	048
12552	23	12525	048
228	6	229	048
2903	11	3089	048
205	15	4990	048
2059	6	2061	048
832	1	416	048
2011	6	30	048
2161	6	2061	048
205	6	30	048
2008	9	259	048
3032	23	3060	048
1866	12	170	048
3093	23	12538	048
1956	6	2008	048
771	6	30	048
473	6	2082	048
1127	1	846	048
629	1	30	048
114	1	116	048
8824	23	2977	048
656	6	30	048
1478	1	114	048
1959	6	2008	048
1473	1	114	048
734	15	4977	048
2008	15	4988	048
2135	6	2008	048
142	6	30	048
2207	12	2155	048
8571	23	12518	048
1912	6	259	048
8863	17	5816	048
1958	6	2061	048
3218	12	2018	048
44	6	30	048
2138	6	2008	048
2993	23	2939	048
1588	6	30	048
2101	6	2008	048
2003	6	30	048
3225	23	2938	049
2097	6	30	049
2129	6	30	049
5238	15	5088	049
2644	9	2593	049
199	1	189	049
5308	15	5088	049
1931	6	116	049
492	1	493	049
3231	12	29	049
2692	9	2476	049
811	1	416	049
12	1	14	049
776	1	493	049
2644	10	2924	049
2153	6	30	049
8957	23	2922	049
3208	12	2082	049
169	6	173	049
284	6	2008	049
1941	5	1943	049
55	6	30	049
3769	14	3752	049
3113	14	3509	049
3113	11	3102	049
3237	12	116	049
2079	6	30	049
1898	23	2997	049
3227	12	46	049
19	6	2008	049
1894	23	2920	049
728	1	405	049
229	15	4988	049
1525	6	29	049
771	1	629	049
1502	1	416	049
3242	12	2009	049
610	1	416	049
443	1	416	049
3211	12	2082	049
717	1	636	049
473	1	416	049
5133	15	5088	049
831	1	416	049
733	1	731	049
613	1	416	049
2010	6	2008	049
845	1	28	049
2080	6	116	049
228	1	229	049
1922	6	2061	049
2007	6	2008	049
846	1	397	049
921	6	30	049
178	6	116	049
4911	14	4117	049
1644	1	207	049
2530	14	3431	049
178	1	179	049
3577	14	3437	049
2	6	30	049
188	1	189	049
1133	6	30	049
5214	15	5088	049
818	1	416	049
292	1	120	049
919	1	921	049
1975	6	2008	049
598	6	30	049
2020	6	2008	049
812	1	416	049
2026	6	30	049
588	6	30	049
1871	12	2155	049
2057	6	173	049
2130	6	2008	049
428	6	259	049
2131	6	2008	049
25	15	5024	049
1363	1	27	049
480	15	4990	049
1429	6	30	049
675	15	4990	049
17	6	30	049
921	1	30	049
810	1	416	049
310	15	5088	049
659	1	341	049
729	1	731	049
675	15	5120	049
822	1	416	049
2119	6	2008	049
8955	23	2939	049
25	15	4990	049
25	6	30	049
578	1	28	049
1110	15	5120	049
3217	12	28	049
44	5	25	049
2140	6	2008	049
380	6	30	049
728	15	4988	049
1947	6	173	049
1133	15	4990	049
630	6	30	049
2159	6	30	049
2102	6	2008	049
734	15	4977	049
800	1	416	049
3101	11	3102	049
205	1	207	049
478	1	479	049
759	1	28	049
492	15	5088	049
1592	6	30	049
2074	6	2075	049
597	15	5088	049
478	1	444	049
9420	23	2939	049
3209	12	30	049
2049	6	30	049
8812	17	6190	049
113	6	30	049
728	1	259	049
1930	15	4977	049
3232	12	29	049
2069	6	1561	049
1100	6	28	049
2176	6	2061	049
2082	15	4988	049
3018	23	2977	049
5348	15	5088	049
253	6	30	049
1941	6	2008	049
2077	6	2061	049
769	1	28	049
415	1	416	049
2119	6	2045	049
8863	17	5818	049
776	15	5088	049
3189	12	2040	049
2791	9	2476	049
2073	6	2008	049
396	6	30	049
2126	6	2008	049
1983	6	728	049
3193	12	2155	049
2142	6	2008	049
3845	14	3846	049
2693	12	28	049
8863	17	5817	049
85	6	116	049
303	1	416	049
2094	6	2096	049
2539	9	2540	049
12552	23	12525	049
228	6	229	049
2903	11	3089	049
205	15	4990	049
2059	6	2061	049
832	1	416	049
2011	6	30	049
2161	6	2061	049
205	6	30	049
2008	9	259	049
3032	23	3060	049
1866	12	170	049
3093	23	12538	049
1956	6	2008	049
771	6	30	049
473	6	2082	049
1127	1	846	049
629	1	30	049
114	1	116	049
8824	23	2977	049
656	6	30	049
1478	1	114	049
1959	6	2008	049
1473	1	114	049
734	15	4977	049
2008	15	4988	049
2135	6	2008	049
142	6	30	049
3142	14	3491	049
2207	12	2155	049
8571	23	12518	049
1912	6	259	049
8863	17	5816	049
1958	6	2061	049
3218	12	2018	049
44	6	30	049
2138	6	2008	049
2993	23	2939	049
1588	6	30	049
2101	6	2008	049
2003	6	30	049
3225	23	2938	050
2097	6	30	050
8970	17	6491	050
2129	6	30	050
5238	15	5088	050
2644	9	2593	050
199	1	189	050
5308	15	5088	050
1931	6	116	050
492	1	493	050
3231	12	29	050
2692	9	2476	050
811	1	416	050
12	1	14	050
776	1	493	050
2644	10	2924	050
2153	6	30	050
8957	23	2922	050
3208	12	2082	050
169	6	173	050
284	6	2008	050
1941	5	1943	050
55	6	30	050
3769	14	3752	050
3113	11	3102	050
3237	12	116	050
2079	6	30	050
1898	23	2997	050
3227	12	46	050
19	6	2008	050
1894	23	2920	050
728	1	405	050
229	15	4988	050
1525	6	29	050
771	1	629	050
1502	1	416	050
3242	12	2009	050
610	1	416	050
443	1	416	050
3211	12	2082	050
717	1	636	050
473	1	416	050
5133	15	5088	050
831	1	416	050
733	1	731	050
613	1	416	050
3866	17	6066	050
2010	6	2008	050
845	1	28	050
2080	6	116	050
228	1	229	050
1922	6	2061	050
2007	6	2008	050
846	1	397	050
4890	14	3785	050
921	6	30	050
178	6	116	050
4911	14	4117	050
1644	1	207	050
2530	14	3431	050
178	1	179	050
3577	14	3437	050
2	6	30	050
188	1	189	050
1133	6	30	050
5214	15	5088	050
818	1	416	050
292	1	120	050
919	1	921	050
1975	6	2008	050
598	6	30	050
2020	6	2008	050
812	1	416	050
2026	6	30	050
588	6	30	050
1871	12	2155	050
2057	6	173	050
2130	6	2008	050
428	6	259	050
2131	6	2008	050
25	15	5024	050
1363	1	27	050
480	15	4990	050
1429	6	30	050
675	15	4990	050
17	6	30	050
921	1	30	050
810	1	416	050
310	15	5088	050
659	1	341	050
729	1	731	050
675	15	5120	050
822	1	416	050
2119	6	2008	050
8955	23	2939	050
25	15	4990	050
25	6	30	050
3914	14	3737	050
578	1	28	050
1110	15	5120	050
3217	12	28	050
44	5	25	050
2140	6	2008	050
380	6	30	050
728	15	4988	050
1947	6	173	050
1133	15	4990	050
630	6	30	050
2159	6	30	050
2102	6	2008	050
734	15	4977	050
800	1	416	050
3101	11	3102	050
205	1	207	050
478	1	479	050
759	1	28	050
492	15	5088	050
1592	6	30	050
2074	6	2075	050
597	15	5088	050
478	1	444	050
9420	23	2939	050
3209	12	30	050
2049	6	30	050
8812	17	6190	050
4057	14	3733	050
113	6	30	050
728	1	259	050
1930	15	4977	050
3232	12	29	050
2069	6	1561	050
1100	6	28	050
2176	6	2061	050
2082	15	4988	050
3018	23	2977	050
5348	15	5088	050
253	6	30	050
1941	6	2008	050
2077	6	2061	050
769	1	28	050
415	1	416	050
2119	6	2045	050
8863	17	5818	050
776	15	5088	050
3189	12	2040	050
2791	9	2476	050
2073	6	2008	050
396	6	30	050
2126	6	2008	050
1983	6	728	050
3193	12	2155	050
2142	6	2008	050
2693	12	28	050
8863	17	5817	050
85	6	116	050
303	1	416	050
2094	6	2096	050
2539	9	2540	050
12552	23	12525	050
228	6	229	050
2903	11	3089	050
205	15	4990	050
2059	6	2061	050
832	1	416	050
2011	6	30	050
2161	6	2061	050
205	6	30	050
2008	9	259	050
3032	23	3060	050
1866	12	170	050
3093	23	12538	050
1956	6	2008	050
771	6	30	050
473	6	2082	050
1127	1	846	050
629	1	30	050
114	1	116	050
8824	23	2977	050
656	6	30	050
1478	1	114	050
1959	6	2008	050
1473	1	114	050
734	15	4977	050
2008	15	4988	050
2135	6	2008	050
142	6	30	050
3142	14	3491	050
2207	12	2155	050
8571	23	12518	050
1912	6	259	050
8863	17	5816	050
1958	6	2061	050
3218	12	2018	050
44	6	30	050
2138	6	2008	050
2993	23	2939	050
1588	6	30	050
2101	6	2008	050
2003	6	30	050
3225	23	2938	051
2097	6	30	051
3036	10	2924	051
2129	6	30	051
5238	15	5088	051
2644	9	2593	051
199	1	189	051
5308	15	5088	051
1931	6	116	051
492	1	493	051
3231	12	29	051
2692	9	2476	051
811	1	416	051
12	1	14	051
776	1	493	051
2644	10	2924	051
2153	6	30	051
8957	23	2922	051
3208	12	2082	051
169	6	173	051
284	6	2008	051
1941	5	1943	051
55	6	30	051
3113	11	3102	051
3237	12	116	051
2079	6	30	051
1898	23	2997	051
3227	12	46	051
19	6	2008	051
1894	23	2920	051
728	1	405	051
229	15	4988	051
1525	6	29	051
771	1	629	051
1502	1	416	051
3242	12	2009	051
610	1	416	051
443	1	416	051
3211	12	2082	051
717	1	636	051
473	1	416	051
5133	15	5088	051
831	1	416	051
733	1	731	051
613	1	416	051
2010	6	2008	051
845	1	28	051
2080	6	116	051
228	1	229	051
1922	6	2061	051
2007	6	2008	051
846	1	397	051
4890	14	3785	051
921	6	30	051
178	6	116	051
4911	14	4117	051
1644	1	207	051
2530	14	3431	051
178	1	179	051
3577	14	3437	051
2	6	30	051
188	1	189	051
1133	6	30	051
5214	15	5088	051
818	1	416	051
292	1	120	051
919	1	921	051
1975	6	2008	051
598	6	30	051
2020	6	2008	051
812	1	416	051
2026	6	30	051
588	6	30	051
1871	12	2155	051
2057	6	173	051
2130	6	2008	051
428	6	259	051
2131	6	2008	051
25	15	5024	051
1363	1	27	051
480	15	4990	051
1429	6	30	051
675	15	4990	051
17	6	30	051
921	1	30	051
810	1	416	051
310	15	5088	051
659	1	341	051
729	1	731	051
675	15	5120	051
822	1	416	051
2119	6	2008	051
8955	23	2939	051
25	15	4990	051
25	6	30	051
3914	14	3737	051
578	1	28	051
1110	15	5120	051
3217	12	28	051
44	5	25	051
2140	6	2008	051
380	6	30	051
728	15	4988	051
1947	6	173	051
1133	15	4990	051
630	6	30	051
3062	17	5818	051
2159	6	30	051
2102	6	2008	051
734	15	4977	051
800	1	416	051
3101	11	3102	051
205	1	207	051
8571	17	6005	051
478	1	479	051
759	1	28	051
492	15	5088	051
1592	6	30	051
2074	6	2075	051
597	15	5088	051
478	1	444	051
9420	23	2939	051
3209	12	30	051
2049	6	30	051
8812	17	6190	051
4057	14	3733	051
113	6	30	051
728	1	259	051
1930	15	4977	051
3232	12	29	051
2069	6	1561	051
1100	6	28	051
2176	6	2061	051
2082	15	4988	051
3018	23	2977	051
5348	15	5088	051
253	6	30	051
1941	6	2008	051
2077	6	2061	051
769	1	28	051
415	1	416	051
2119	6	2045	051
8863	17	5818	051
776	15	5088	051
3189	12	2040	051
2791	9	2476	051
2073	6	2008	051
396	6	30	051
2126	6	2008	051
1983	6	728	051
3193	12	2155	051
2142	6	2008	051
2693	12	28	051
8863	17	5817	051
85	6	116	051
303	1	416	051
2094	6	2096	051
2539	9	2540	051
12552	23	12525	051
228	6	229	051
2903	11	3089	051
205	15	4990	051
2059	6	2061	051
832	1	416	051
2011	6	30	051
2161	6	2061	051
205	6	30	051
2008	9	259	051
3032	23	3060	051
1866	12	170	051
3845	14	3496	051
3093	23	12538	051
1956	6	2008	051
771	6	30	051
473	6	2082	051
1127	1	846	051
629	1	30	051
114	1	116	051
8824	23	2977	051
656	6	30	051
1478	1	114	051
1959	6	2008	051
1473	1	114	051
734	15	4977	051
2008	15	4988	051
2135	6	2008	051
142	6	30	051
3142	14	3491	051
2207	12	2155	051
8571	23	12518	051
1912	6	259	051
8863	17	5816	051
1958	6	2061	051
3218	12	2018	051
44	6	30	051
2138	6	2008	051
2993	23	2939	051
1588	6	30	051
2101	6	2008	051
2003	6	30	051
3225	23	2938	052
2097	6	30	052
3036	10	2924	052
2129	6	30	052
5238	15	5088	052
2644	9	2593	052
199	1	189	052
5308	15	5088	052
1931	6	116	052
492	1	493	052
3231	12	29	052
2692	9	2476	052
811	1	416	052
12	1	14	052
776	1	493	052
2644	10	2924	052
2153	6	30	052
8957	23	2922	052
3208	12	2082	052
6241	17	5873	052
169	6	173	052
284	6	2008	052
1941	5	1943	052
55	6	30	052
3113	11	3102	052
3237	12	116	052
2079	6	30	052
1898	23	2997	052
3227	12	46	052
19	6	2008	052
1894	23	2920	052
728	1	405	052
229	15	4988	052
1525	6	29	052
771	1	629	052
1502	1	416	052
3242	12	2009	052
610	1	416	052
443	1	416	052
3211	12	2082	052
717	1	636	052
473	1	416	052
5133	15	5088	052
831	1	416	052
733	1	731	052
613	1	416	052
2010	6	2008	052
845	1	28	052
2080	6	116	052
228	1	229	052
1922	6	2061	052
2007	6	2008	052
846	1	397	052
4890	14	3785	052
921	6	30	052
178	6	116	052
4911	14	4117	052
1644	1	207	052
2530	14	3431	052
178	1	179	052
3577	14	3437	052
2	6	30	052
188	1	189	052
1133	6	30	052
5214	15	5088	052
818	1	416	052
292	1	120	052
919	1	921	052
1975	6	2008	052
598	6	30	052
2020	6	2008	052
812	1	416	052
2026	6	30	052
588	6	30	052
1871	12	2155	052
2057	6	173	052
2130	6	2008	052
428	6	259	052
2131	6	2008	052
25	15	5024	052
1363	1	27	052
480	15	4990	052
1429	6	30	052
675	15	4990	052
17	6	30	052
921	1	30	052
3032	23	3027	052
810	1	416	052
310	15	5088	052
659	1	341	052
729	1	731	052
675	15	5120	052
822	1	416	052
2119	6	2008	052
8955	23	2939	052
25	15	4990	052
25	6	30	052
3914	14	3737	052
578	1	28	052
1110	15	5120	052
3217	12	28	052
44	5	25	052
2140	6	2008	052
380	6	30	052
728	15	4988	052
1947	6	173	052
1133	15	4990	052
630	6	30	052
2159	6	30	052
2102	6	2008	052
734	15	4977	052
800	1	416	052
3101	11	3102	052
205	1	207	052
478	1	479	052
759	1	28	052
492	15	5088	052
1592	6	30	052
2074	6	2075	052
597	15	5088	052
478	1	444	052
9420	23	2939	052
3209	12	30	052
2049	6	30	052
8812	17	6190	052
4057	14	3733	052
113	6	30	052
728	1	259	052
1930	15	4977	052
3232	12	29	052
2069	6	1561	052
1100	6	28	052
2176	6	2061	052
2082	15	4988	052
3018	23	2977	052
5348	15	5088	052
253	6	30	052
1941	6	2008	052
2077	6	2061	052
769	1	28	052
415	1	416	052
2119	6	2045	052
8863	17	5818	052
776	15	5088	052
3189	12	2040	052
2791	9	2476	052
2073	6	2008	052
396	6	30	052
2126	6	2008	052
1983	6	728	052
3193	12	2155	052
2142	6	2008	052
2693	12	28	052
8863	17	5817	052
85	6	116	052
303	1	416	052
2094	6	2096	052
2539	9	2540	052
12552	23	12525	052
228	6	229	052
2903	11	3089	052
205	15	4990	052
2059	6	2061	052
832	1	416	052
2011	6	30	052
3844	14	3737	052
2161	6	2061	052
205	6	30	052
2008	9	259	052
3032	23	3060	052
1866	12	170	052
3845	14	3496	052
3093	23	12538	052
1956	6	2008	052
771	6	30	052
473	6	2082	052
1127	1	846	052
629	1	30	052
114	1	116	052
8824	23	2977	052
656	6	30	052
1478	1	114	052
1959	6	2008	052
1473	1	114	052
734	15	4977	052
2008	15	4988	052
2135	6	2008	052
142	6	30	052
3142	14	3491	052
2207	12	2155	052
8571	23	12518	052
1912	6	259	052
8863	17	5816	052
1958	6	2061	052
3218	12	2018	052
44	6	30	052
2138	6	2008	052
2993	23	2939	052
1588	6	30	052
2101	6	2008	052
2003	6	30	052
3225	23	2938	053
2097	6	30	053
3036	10	2924	053
2129	6	30	053
5238	15	5088	053
2644	9	2593	053
199	1	189	053
5308	15	5088	053
1931	6	116	053
492	1	493	053
3231	12	29	053
2692	9	2476	053
811	1	416	053
12	1	14	053
776	1	493	053
2644	10	2924	053
2153	6	30	053
8957	23	2922	053
3208	12	2082	053
169	6	173	053
284	6	2008	053
1941	5	1943	053
55	6	30	053
3113	11	3102	053
3237	12	116	053
2079	6	30	053
1898	23	2997	053
3227	12	46	053
19	6	2008	053
1894	23	2920	053
728	1	405	053
229	15	4988	053
1525	6	29	053
771	1	629	053
1502	1	416	053
3242	12	2009	053
610	1	416	053
443	1	416	053
3211	12	2082	053
717	1	636	053
473	1	416	053
8571	17	6791	053
5133	15	5088	053
831	1	416	053
733	1	731	053
613	1	416	053
2010	6	2008	053
845	1	28	053
2080	6	116	053
228	1	229	053
1922	6	2061	053
2007	6	2008	053
846	1	397	053
4890	14	3785	053
921	6	30	053
178	6	116	053
4911	14	4117	053
1644	1	207	053
2530	14	3431	053
178	1	179	053
3577	14	3437	053
2	6	30	053
188	1	189	053
1133	6	30	053
5214	15	5088	053
818	1	416	053
292	1	120	053
919	1	921	053
1975	6	2008	053
598	6	30	053
2020	6	2008	053
812	1	416	053
2026	6	30	053
588	6	30	053
1871	12	2155	053
2057	6	173	053
2130	6	2008	053
428	6	259	053
2131	6	2008	053
25	15	5024	053
1363	1	27	053
480	15	4990	053
1429	6	30	053
675	15	4990	053
17	6	30	053
921	1	30	053
3032	23	3027	053
810	1	416	053
310	15	5088	053
659	1	341	053
729	1	731	053
675	15	5120	053
822	1	416	053
2119	6	2008	053
8955	23	2939	053
25	15	4990	053
25	6	30	053
578	1	28	053
1110	15	5120	053
3217	12	28	053
44	5	25	053
2140	6	2008	053
380	6	30	053
728	15	4988	053
1947	6	173	053
1133	15	4990	053
630	6	30	053
2159	6	30	053
2102	6	2008	053
734	15	4977	053
800	1	416	053
3101	11	3102	053
205	1	207	053
478	1	479	053
759	1	28	053
492	15	5088	053
1592	6	30	053
2074	6	2075	053
597	15	5088	053
478	1	444	053
9420	23	2939	053
3209	12	30	053
2049	6	30	053
8812	17	6190	053
4057	14	3733	053
113	6	30	053
728	1	259	053
1930	15	4977	053
3232	12	29	053
2069	6	1561	053
1100	6	28	053
2176	6	2061	053
2082	15	4988	053
3018	23	2977	053
5348	15	5088	053
253	6	30	053
1941	6	2008	053
2077	6	2061	053
769	1	28	053
415	1	416	053
2119	6	2045	053
8863	17	5818	053
776	15	5088	053
3189	12	2040	053
2791	9	2476	053
2073	6	2008	053
396	6	30	053
2126	6	2008	053
1983	6	728	053
3193	12	2155	053
2142	6	2008	053
2693	12	28	053
8863	17	5817	053
85	6	116	053
303	1	416	053
2094	6	2096	053
2539	9	2540	053
12552	23	12525	053
228	6	229	053
2903	11	3089	053
205	15	4990	053
2059	6	2061	053
832	1	416	053
2011	6	30	053
3844	14	3737	053
2161	6	2061	053
205	6	30	053
2008	9	259	053
1866	12	170	053
3845	14	3496	053
3093	23	12538	053
1956	6	2008	053
771	6	30	053
473	6	2082	053
1127	1	846	053
629	1	30	053
114	1	116	053
8824	23	2977	053
656	6	30	053
1478	1	114	053
1959	6	2008	053
1473	1	114	053
734	15	4977	053
2008	15	4988	053
2135	6	2008	053
142	6	30	053
3142	14	3491	053
2207	12	2155	053
8571	23	12518	053
1912	6	259	053
8863	17	5816	053
1958	6	2061	053
3218	12	2018	053
44	6	30	053
2138	6	2008	053
2993	23	2939	053
1588	6	30	053
2101	6	2008	053
2003	6	30	053
3225	23	2938	054
2097	6	30	054
3036	10	2924	054
2129	6	30	054
5238	15	5088	054
2644	9	2593	054
199	1	189	054
5308	15	5088	054
1931	6	116	054
492	1	493	054
3231	12	29	054
2692	9	2476	054
811	1	416	054
12	1	14	054
776	1	493	054
2644	10	2924	054
2153	6	30	054
8957	23	2922	054
3208	12	2082	054
169	6	173	054
284	6	2008	054
1941	5	1943	054
55	6	30	054
3113	11	3102	054
3237	12	116	054
2079	6	30	054
1898	23	2997	054
3227	12	46	054
19	6	2008	054
1894	23	2920	054
728	1	405	054
229	15	4988	054
1525	6	29	054
771	1	629	054
1502	1	416	054
3242	12	2009	054
610	1	416	054
443	1	416	054
3211	12	2082	054
717	1	636	054
473	1	416	054
8571	17	6791	054
5133	15	5088	054
831	1	416	054
733	1	731	054
613	1	416	054
2010	6	2008	054
845	1	28	054
2080	6	116	054
228	1	229	054
1922	6	2061	054
2007	6	2008	054
846	1	397	054
4890	14	3785	054
921	6	30	054
178	6	116	054
4911	14	4117	054
1644	1	207	054
2530	14	3431	054
178	1	179	054
3577	14	3437	054
2	6	30	054
188	1	189	054
1133	6	30	054
5214	15	5088	054
818	1	416	054
292	1	120	054
919	1	921	054
1975	6	2008	054
598	6	30	054
2020	6	2008	054
812	1	416	054
2026	6	30	054
588	6	30	054
1871	12	2155	054
2057	6	173	054
2130	6	2008	054
428	6	259	054
2131	6	2008	054
25	15	5024	054
1363	1	27	054
480	15	4990	054
1429	6	30	054
675	15	4990	054
17	6	30	054
921	1	30	054
3032	23	3027	054
810	1	416	054
310	15	5088	054
659	1	341	054
729	1	731	054
675	15	5120	054
822	1	416	054
2119	6	2008	054
8955	23	2939	054
25	15	4990	054
25	6	30	054
578	1	28	054
1110	15	5120	054
3217	12	28	054
44	5	25	054
2140	6	2008	054
380	6	30	054
728	15	4988	054
1947	6	173	054
1133	15	4990	054
630	6	30	054
2159	6	30	054
2102	6	2008	054
734	15	4977	054
800	1	416	054
3101	11	3102	054
205	1	207	054
478	1	479	054
759	1	28	054
492	15	5088	054
1592	6	30	054
2074	6	2075	054
597	15	5088	054
478	1	444	054
9420	23	2939	054
3209	12	30	054
2049	6	30	054
8812	17	6190	054
4057	14	3733	054
113	6	30	054
728	1	259	054
1930	15	4977	054
3232	12	29	054
2069	6	1561	054
1100	6	28	054
2176	6	2061	054
2082	15	4988	054
3018	23	2977	054
5348	15	5088	054
253	6	30	054
1941	6	2008	054
2077	6	2061	054
769	1	28	054
415	1	416	054
2119	6	2045	054
8863	17	5818	054
776	15	5088	054
3189	12	2040	054
2791	9	2476	054
2073	6	2008	054
396	6	30	054
2126	6	2008	054
1983	6	728	054
3193	12	2155	054
2142	6	2008	054
2693	12	28	054
8863	17	5817	054
85	6	116	054
303	1	416	054
2094	6	2096	054
2539	9	2540	054
3187	23	12518	054
12552	23	12525	054
228	6	229	054
2903	11	3089	054
205	15	4990	054
2059	6	2061	054
832	1	416	054
2011	6	30	054
3844	14	3737	054
2161	6	2061	054
205	6	30	054
2008	9	259	054
1866	12	170	054
3845	14	3496	054
3093	23	12538	054
1956	6	2008	054
771	6	30	054
473	6	2082	054
1127	1	846	054
629	1	30	054
114	1	116	054
8824	23	2977	054
656	6	30	054
1478	1	114	054
1959	6	2008	054
1473	1	114	054
734	15	4977	054
2008	15	4988	054
2135	6	2008	054
142	6	30	054
2207	12	2155	054
8571	23	12518	054
1912	6	259	054
8863	17	5816	054
1958	6	2061	054
3218	12	2018	054
44	6	30	054
2138	6	2008	054
2993	23	2939	054
1588	6	30	054
2101	6	2008	054
2003	6	30	054
3225	23	2938	055
2097	6	30	055
3036	10	2924	055
2129	6	30	055
5238	15	5088	055
2644	9	2593	055
199	1	189	055
5308	15	5088	055
1931	6	116	055
492	1	493	055
3231	12	29	055
2692	9	2476	055
811	1	416	055
12	1	14	055
776	1	493	055
2644	10	2924	055
2153	6	30	055
8957	23	2922	055
3208	12	2082	055
169	6	173	055
284	6	2008	055
1941	5	1943	055
55	6	30	055
3113	11	3102	055
3237	12	116	055
2079	6	30	055
1898	23	2997	055
3227	12	46	055
19	6	2008	055
1894	23	2920	055
728	1	405	055
229	15	4988	055
1525	6	29	055
771	1	629	055
1502	1	416	055
3242	12	2009	055
610	1	416	055
443	1	416	055
3211	12	2082	055
717	1	636	055
473	1	416	055
8571	17	6791	055
5133	15	5088	055
831	1	416	055
733	1	731	055
613	1	416	055
2010	6	2008	055
845	1	28	055
2080	6	116	055
228	1	229	055
1922	6	2061	055
2007	6	2008	055
846	1	397	055
4890	14	3785	055
921	6	30	055
178	6	116	055
4911	14	4117	055
1644	1	207	055
2530	14	3431	055
178	1	179	055
3577	14	3437	055
2	6	30	055
188	1	189	055
1133	6	30	055
5214	15	5088	055
818	1	416	055
292	1	120	055
919	1	921	055
1975	6	2008	055
598	6	30	055
2020	6	2008	055
812	1	416	055
2026	6	30	055
588	6	30	055
1871	12	2155	055
2057	6	173	055
2130	6	2008	055
428	6	259	055
2131	6	2008	055
25	15	5024	055
1363	1	27	055
480	15	4990	055
1429	6	30	055
675	15	4990	055
17	6	30	055
921	1	30	055
810	1	416	055
310	15	5088	055
659	1	341	055
729	1	731	055
675	15	5120	055
822	1	416	055
2119	6	2008	055
8955	23	2939	055
25	15	4990	055
25	6	30	055
578	1	28	055
1110	15	5120	055
3217	12	28	055
3113	14	3524	055
44	5	25	055
2140	6	2008	055
380	6	30	055
728	15	4988	055
1947	6	173	055
1133	15	4990	055
630	6	30	055
2159	6	30	055
2102	6	2008	055
734	15	4977	055
800	1	416	055
3101	11	3102	055
205	1	207	055
478	1	479	055
759	1	28	055
492	15	5088	055
1592	6	30	055
2074	6	2075	055
597	15	5088	055
478	1	444	055
9420	23	2939	055
3209	12	30	055
2049	6	30	055
8812	17	6190	055
113	6	30	055
728	1	259	055
1930	15	4977	055
3232	12	29	055
2069	6	1561	055
1100	6	28	055
2176	6	2061	055
2082	15	4988	055
3018	23	2977	055
5348	15	5088	055
253	6	30	055
1941	6	2008	055
2077	6	2061	055
769	1	28	055
415	1	416	055
2119	6	2045	055
8863	17	5818	055
776	15	5088	055
3189	12	2040	055
2791	9	2476	055
2073	6	2008	055
396	6	30	055
2126	6	2008	055
1983	6	728	055
3193	12	2155	055
2142	6	2008	055
2693	12	28	055
8863	17	5817	055
85	6	116	055
303	1	416	055
2094	6	2096	055
2539	9	2540	055
3187	23	12518	055
12552	23	12525	055
228	6	229	055
2903	11	3089	055
205	15	4990	055
2059	6	2061	055
832	1	416	055
2011	6	30	055
2161	6	2061	055
205	6	30	055
2008	9	259	055
1866	12	170	055
3845	14	3496	055
3093	23	12538	055
1956	6	2008	055
771	6	30	055
473	6	2082	055
1127	1	846	055
629	1	30	055
114	1	116	055
8824	23	2977	055
656	6	30	055
1478	1	114	055
1959	6	2008	055
1473	1	114	055
734	15	4977	055
2008	15	4988	055
2135	6	2008	055
142	6	30	055
2207	12	2155	055
8571	23	12518	055
1912	6	259	055
8863	17	5816	055
1958	6	2061	055
3218	12	2018	055
44	6	30	055
2138	6	2008	055
2993	23	2939	055
1588	6	30	055
2101	6	2008	055
2003	6	30	055
3225	23	2938	056
2097	6	30	056
3036	10	2924	056
2129	6	30	056
5238	15	5088	056
2644	9	2593	056
199	1	189	056
5308	15	5088	056
1931	6	116	056
492	1	493	056
3231	12	29	056
2692	9	2476	056
811	1	416	056
12	1	14	056
776	1	493	056
2644	10	2924	056
2153	6	30	056
8957	23	2922	056
3208	12	2082	056
169	6	173	056
284	6	2008	056
1941	5	1943	056
55	6	30	056
3113	11	3102	056
3237	12	116	056
2079	6	30	056
1898	23	2997	056
3227	12	46	056
19	6	2008	056
1894	23	2920	056
728	1	405	056
229	15	4988	056
1525	6	29	056
771	1	629	056
1502	1	416	056
3242	12	2009	056
610	1	416	056
443	1	416	056
3211	12	2082	056
717	1	636	056
473	1	416	056
8571	17	6791	056
5133	15	5088	056
831	1	416	056
733	1	731	056
613	1	416	056
2010	6	2008	056
845	1	28	056
2080	6	116	056
228	1	229	056
1922	6	2061	056
2007	6	2008	056
846	1	397	056
921	6	30	056
178	6	116	056
4911	14	4117	056
1644	1	207	056
2530	14	3431	056
178	1	179	056
3577	14	3437	056
2	6	30	056
188	1	189	056
1133	6	30	056
5214	15	5088	056
818	1	416	056
292	1	120	056
919	1	921	056
1975	6	2008	056
598	6	30	056
2020	6	2008	056
812	1	416	056
2026	6	30	056
588	6	30	056
1871	12	2155	056
2057	6	173	056
2130	6	2008	056
428	6	259	056
2131	6	2008	056
25	15	5024	056
1363	1	27	056
480	15	4990	056
1429	6	30	056
675	15	4990	056
17	6	30	056
921	1	30	056
810	1	416	056
310	15	5088	056
659	1	341	056
729	1	731	056
675	15	5120	056
822	1	416	056
2119	6	2008	056
8955	23	2939	056
25	15	4990	056
25	6	30	056
578	1	28	056
1110	15	5120	056
3217	12	28	056
3113	14	3524	056
44	5	25	056
2140	6	2008	056
380	6	30	056
728	15	4988	056
1947	6	173	056
1133	15	4990	056
630	6	30	056
2159	6	30	056
2102	6	2008	056
734	15	4977	056
800	1	416	056
3101	11	3102	056
8621	17	6491	056
205	1	207	056
478	1	479	056
759	1	28	056
492	15	5088	056
1592	6	30	056
2074	6	2075	056
597	15	5088	056
478	1	444	056
9420	23	2939	056
3209	12	30	056
2049	6	30	056
8812	17	6190	056
113	6	30	056
728	1	259	056
1930	15	4977	056
3232	12	29	056
2069	6	1561	056
1100	6	28	056
2176	6	2061	056
2082	15	4988	056
3018	23	2977	056
5348	15	5088	056
253	6	30	056
1941	6	2008	056
2077	6	2061	056
769	1	28	056
415	1	416	056
2119	6	2045	056
8863	17	5818	056
776	15	5088	056
3189	12	2040	056
2791	9	2476	056
2073	6	2008	056
396	6	30	056
2126	6	2008	056
1983	6	728	056
3193	12	2155	056
2142	6	2008	056
2693	12	28	056
8863	17	5817	056
85	6	116	056
303	1	416	056
2094	6	2096	056
2539	9	2540	056
3187	23	12518	056
12552	23	12525	056
228	6	229	056
2903	11	3089	056
205	15	4990	056
2059	6	2061	056
832	1	416	056
2011	6	30	056
2161	6	2061	056
205	6	30	056
2008	9	259	056
1866	12	170	056
3845	14	3496	056
3093	23	12538	056
1956	6	2008	056
771	6	30	056
473	6	2082	056
1127	1	846	056
629	1	30	056
114	1	116	056
8824	23	2977	056
656	6	30	056
1478	1	114	056
1959	6	2008	056
1473	1	114	056
734	15	4977	056
2008	15	4988	056
2135	6	2008	056
142	6	30	056
2207	12	2155	056
8571	23	12518	056
1912	6	259	056
8863	17	5816	056
1958	6	2061	056
3218	12	2018	056
44	6	30	056
2138	6	2008	056
2993	23	2939	056
1588	6	30	056
2101	6	2008	056
2003	6	30	056
3225	23	2938	057
2097	6	30	057
3036	10	2924	057
2129	6	30	057
5238	15	5088	057
2644	9	2593	057
199	1	189	057
5308	15	5088	057
1931	6	116	057
492	1	493	057
3231	12	29	057
2692	9	2476	057
811	1	416	057
12	1	14	057
776	1	493	057
2644	10	2924	057
2153	6	30	057
8957	23	2922	057
3208	12	2082	057
169	6	173	057
284	6	2008	057
1941	5	1943	057
55	6	30	057
3113	11	3102	057
3237	12	116	057
2079	6	30	057
1898	23	2997	057
3227	12	46	057
19	6	2008	057
1894	23	2920	057
728	1	405	057
229	15	4988	057
1525	6	29	057
771	1	629	057
1502	1	416	057
3242	12	2009	057
610	1	416	057
443	1	416	057
3211	12	2082	057
717	1	636	057
473	1	416	057
8571	17	6791	057
5133	15	5088	057
831	1	416	057
733	1	731	057
613	1	416	057
2010	6	2008	057
845	1	28	057
2080	6	116	057
228	1	229	057
1922	6	2061	057
2007	6	2008	057
846	1	397	057
921	6	30	057
178	6	116	057
4911	14	4117	057
1644	1	207	057
2530	14	3431	057
178	1	179	057
3577	14	3437	057
2	6	30	057
188	1	189	057
1133	6	30	057
5214	15	5088	057
818	1	416	057
292	1	120	057
919	1	921	057
1975	6	2008	057
598	6	30	057
2020	6	2008	057
812	1	416	057
2026	6	30	057
588	6	30	057
1871	12	2155	057
2057	6	173	057
2130	6	2008	057
428	6	259	057
2131	6	2008	057
25	15	5024	057
1363	1	27	057
480	15	4990	057
1429	6	30	057
675	15	4990	057
17	6	30	057
921	1	30	057
810	1	416	057
310	15	5088	057
659	1	341	057
729	1	731	057
675	15	5120	057
3732	14	3733	057
822	1	416	057
2119	6	2008	057
8955	23	2939	057
25	15	4990	057
25	6	30	057
578	1	28	057
1110	15	5120	057
3217	12	28	057
3113	14	3524	057
44	5	25	057
2140	6	2008	057
380	6	30	057
728	15	4988	057
1947	6	173	057
1133	15	4990	057
630	6	30	057
2159	6	30	057
2102	6	2008	057
734	15	4977	057
800	1	416	057
3101	11	3102	057
205	1	207	057
478	1	479	057
759	1	28	057
492	15	5088	057
1592	6	30	057
2074	6	2075	057
597	15	5088	057
478	1	444	057
9420	23	2939	057
3209	12	30	057
2049	6	30	057
8812	17	6190	057
113	6	30	057
728	1	259	057
1930	15	4977	057
3232	12	29	057
2069	6	1561	057
1100	6	28	057
2176	6	2061	057
2082	15	4988	057
3018	23	2977	057
5348	15	5088	057
253	6	30	057
1941	6	2008	057
2077	6	2061	057
769	1	28	057
415	1	416	057
2119	6	2045	057
8863	17	5818	057
776	15	5088	057
3189	12	2040	057
2791	9	2476	057
2073	6	2008	057
396	6	30	057
2126	6	2008	057
1983	6	728	057
3193	12	2155	057
2142	6	2008	057
2693	12	28	057
8863	17	5817	057
85	6	116	057
303	1	416	057
2094	6	2096	057
2539	9	2540	057
3187	23	12518	057
12552	23	12525	057
228	6	229	057
2903	11	3089	057
205	15	4990	057
2059	6	2061	057
832	1	416	057
2011	6	30	057
2161	6	2061	057
205	6	30	057
2008	9	259	057
1866	12	170	057
3845	14	3496	057
3093	23	12538	057
1956	6	2008	057
771	6	30	057
473	6	2082	057
1127	1	846	057
629	1	30	057
114	1	116	057
8824	23	2977	057
656	6	30	057
1478	1	114	057
1959	6	2008	057
1473	1	114	057
734	15	4977	057
2008	15	4988	057
2135	6	2008	057
142	6	30	057
2207	12	2155	057
8571	23	12518	057
1912	6	259	057
8863	17	5816	057
1958	6	2061	057
3218	12	2018	057
44	6	30	057
2138	6	2008	057
2993	23	2939	057
1588	6	30	057
2101	6	2008	057
2003	6	30	057
3225	23	2938	058
2097	6	30	058
3036	10	2924	058
2129	6	30	058
5238	15	5088	058
2644	9	2593	058
199	1	189	058
5308	15	5088	058
1931	6	116	058
492	1	493	058
3231	12	29	058
2692	9	2476	058
811	1	416	058
12	1	14	058
776	1	493	058
2644	10	2924	058
2153	6	30	058
8957	23	2922	058
3208	12	2082	058
169	6	173	058
284	6	2008	058
1941	5	1943	058
55	6	30	058
3113	11	3102	058
3237	12	116	058
2079	6	30	058
1898	23	2997	058
3227	12	46	058
19	6	2008	058
1894	23	2920	058
728	1	405	058
229	15	4988	058
1525	6	29	058
771	1	629	058
1502	1	416	058
3242	12	2009	058
610	1	416	058
443	1	416	058
3211	12	2082	058
717	1	636	058
473	1	416	058
5133	15	5088	058
831	1	416	058
733	1	731	058
613	1	416	058
2010	6	2008	058
845	1	28	058
2080	6	116	058
228	1	229	058
1922	6	2061	058
2007	6	2008	058
846	1	397	058
921	6	30	058
178	6	116	058
4911	14	4117	058
1644	1	207	058
2530	14	3431	058
178	1	179	058
3577	14	3437	058
2	6	30	058
188	1	189	058
1133	6	30	058
5214	15	5088	058
818	1	416	058
292	1	120	058
919	1	921	058
1975	6	2008	058
598	6	30	058
2020	6	2008	058
812	1	416	058
2026	6	30	058
588	6	30	058
1871	12	2155	058
2057	6	173	058
2130	6	2008	058
428	6	259	058
2131	6	2008	058
25	15	5024	058
1363	1	27	058
480	15	4990	058
1429	6	30	058
675	15	4990	058
17	6	30	058
921	1	30	058
810	1	416	058
310	15	5088	058
659	1	341	058
729	1	731	058
675	15	5120	058
3732	14	3733	058
822	1	416	058
2119	6	2008	058
8955	23	2939	058
25	15	4990	058
25	6	30	058
578	1	28	058
1110	15	5120	058
3217	12	28	058
3113	14	3524	058
44	5	25	058
2140	6	2008	058
380	6	30	058
728	15	4988	058
1947	6	173	058
1133	15	4990	058
630	6	30	058
2159	6	30	058
2102	6	2008	058
734	15	4977	058
800	1	416	058
3101	11	3102	058
205	1	207	058
478	1	479	058
759	1	28	058
492	15	5088	058
1592	6	30	058
2074	6	2075	058
597	15	5088	058
478	1	444	058
9420	23	2939	058
3209	12	30	058
2049	6	30	058
8812	17	6190	058
113	6	30	058
728	1	259	058
1930	15	4977	058
3232	12	29	058
2069	6	1561	058
1100	6	28	058
2176	6	2061	058
2082	15	4988	058
3018	23	2977	058
5348	15	5088	058
253	6	30	058
1941	6	2008	058
2077	6	2061	058
769	1	28	058
415	1	416	058
2119	6	2045	058
4678	14	4044	058
8863	17	5818	058
776	15	5088	058
3189	12	2040	058
2791	9	2476	058
2073	6	2008	058
396	6	30	058
2126	6	2008	058
1983	6	728	058
3193	12	2155	058
2142	6	2008	058
2693	12	28	058
8863	17	5817	058
85	6	116	058
303	1	416	058
2094	6	2096	058
2539	9	2540	058
3187	23	12518	058
12552	23	12525	058
228	6	229	058
2903	11	3089	058
205	15	4990	058
2059	6	2061	058
832	1	416	058
2011	6	30	058
2161	6	2061	058
205	6	30	058
2008	9	259	058
1866	12	170	058
3093	23	12538	058
1956	6	2008	058
771	6	30	058
473	6	2082	058
1127	1	846	058
629	1	30	058
114	1	116	058
8824	23	2977	058
656	6	30	058
1478	1	114	058
1959	6	2008	058
1473	1	114	058
734	15	4977	058
2008	15	4988	058
2135	6	2008	058
142	6	30	058
2207	12	2155	058
8571	23	12518	058
1912	6	259	058
8863	17	5816	058
1958	6	2061	058
3218	12	2018	058
44	6	30	058
2138	6	2008	058
2993	23	2939	058
1588	6	30	058
2101	6	2008	058
2003	6	30	058
3225	23	2938	059
2097	6	30	059
3036	10	2924	059
2129	6	30	059
5238	15	5088	059
2644	9	2593	059
199	1	189	059
5308	15	5088	059
1931	6	116	059
492	1	493	059
3231	12	29	059
2692	9	2476	059
811	1	416	059
12	1	14	059
776	1	493	059
2644	10	2924	059
2153	6	30	059
8957	23	2922	059
3208	12	2082	059
169	6	173	059
284	6	2008	059
1941	5	1943	059
55	6	30	059
3113	11	3102	059
3237	12	116	059
2079	6	30	059
1898	23	2997	059
3227	12	46	059
19	6	2008	059
1894	23	2920	059
728	1	405	059
229	15	4988	059
1525	6	29	059
771	1	629	059
1502	1	416	059
3242	12	2009	059
610	1	416	059
443	1	416	059
3211	12	2082	059
717	1	636	059
473	1	416	059
5133	15	5088	059
831	1	416	059
733	1	731	059
613	1	416	059
2010	6	2008	059
845	1	28	059
2080	6	116	059
228	1	229	059
1922	6	2061	059
2007	6	2008	059
846	1	397	059
921	6	30	059
178	6	116	059
4911	14	4117	059
1644	1	207	059
2530	14	3431	059
178	1	179	059
3577	14	3437	059
2	6	30	059
188	1	189	059
1133	6	30	059
5214	15	5088	059
818	1	416	059
292	1	120	059
919	1	921	059
1975	6	2008	059
598	6	30	059
2020	6	2008	059
812	1	416	059
2026	6	30	059
588	6	30	059
1871	12	2155	059
2057	6	173	059
2130	6	2008	059
428	6	259	059
2131	6	2008	059
25	15	5024	059
1363	1	27	059
480	15	4990	059
1429	6	30	059
675	15	4990	059
17	6	30	059
921	1	30	059
810	1	416	059
310	15	5088	059
659	1	341	059
729	1	731	059
675	15	5120	059
822	1	416	059
2119	6	2008	059
8955	23	2939	059
25	15	4990	059
25	6	30	059
578	1	28	059
1110	15	5120	059
3217	12	28	059
3113	14	3524	059
44	5	25	059
2140	6	2008	059
380	6	30	059
728	15	4988	059
1947	6	173	059
1133	15	4990	059
630	6	30	059
2159	6	30	059
2102	6	2008	059
734	15	4977	059
800	1	416	059
3101	11	3102	059
205	1	207	059
478	1	479	059
759	1	28	059
492	15	5088	059
1592	6	30	059
2074	6	2075	059
597	15	5088	059
478	1	444	059
9420	23	2939	059
3209	12	30	059
2049	6	30	059
8812	17	6190	059
113	6	30	059
728	1	259	059
1930	15	4977	059
3232	12	29	059
2069	6	1561	059
1100	6	28	059
2176	6	2061	059
2082	15	4988	059
3018	23	2977	059
5348	15	5088	059
253	6	30	059
4678	14	3495	059
1941	6	2008	059
2077	6	2061	059
769	1	28	059
415	1	416	059
2119	6	2045	059
4678	14	4044	059
8863	17	5818	059
776	15	5088	059
3189	12	2040	059
2791	9	2476	059
2073	6	2008	059
396	6	30	059
2126	6	2008	059
1983	6	728	059
3193	12	2155	059
2142	6	2008	059
2693	12	28	059
8863	17	5817	059
85	6	116	059
303	1	416	059
2094	6	2096	059
2539	9	2540	059
3187	23	12518	059
12552	23	12525	059
228	6	229	059
2903	11	3089	059
205	15	4990	059
2059	6	2061	059
832	1	416	059
2011	6	30	059
2161	6	2061	059
205	6	30	059
2008	9	259	059
1866	12	170	059
3093	23	12538	059
1956	6	2008	059
771	6	30	059
473	6	2082	059
1127	1	846	059
629	1	30	059
114	1	116	059
8824	23	2977	059
656	6	30	059
1478	1	114	059
1959	6	2008	059
1473	1	114	059
734	15	4977	059
2008	15	4988	059
2135	6	2008	059
142	6	30	059
2207	12	2155	059
8571	23	12518	059
1912	6	259	059
8863	17	5816	059
1958	6	2061	059
3218	12	2018	059
44	6	30	059
2138	6	2008	059
2993	23	2939	059
1588	6	30	059
2101	6	2008	059
2003	6	30	059
3225	23	2938	060
2097	6	30	060
3036	10	2924	060
2539	9	2482	060
2129	6	30	060
5238	15	5088	060
2644	9	2593	060
199	1	189	060
5308	15	5088	060
1931	6	116	060
492	1	493	060
3231	12	29	060
2692	9	2476	060
811	1	416	060
12	1	14	060
776	1	493	060
2644	10	2924	060
2153	6	30	060
8957	23	2922	060
3208	12	2082	060
169	6	173	060
284	6	2008	060
1941	5	1943	060
55	6	30	060
3113	11	3102	060
3237	12	116	060
2079	6	30	060
1898	23	2997	060
3227	12	46	060
19	6	2008	060
1894	23	2920	060
728	1	405	060
229	15	4988	060
1525	6	29	060
771	1	629	060
1502	1	416	060
3242	12	2009	060
610	1	416	060
443	1	416	060
3211	12	2082	060
717	1	636	060
473	1	416	060
5133	15	5088	060
831	1	416	060
733	1	731	060
613	1	416	060
2010	6	2008	060
845	1	28	060
2080	6	116	060
228	1	229	060
1922	6	2061	060
2007	6	2008	060
846	1	397	060
921	6	30	060
178	6	116	060
4911	14	4117	060
1644	1	207	060
2530	14	3431	060
178	1	179	060
3577	14	3437	060
2	6	30	060
188	1	189	060
1133	6	30	060
5214	15	5088	060
818	1	416	060
292	1	120	060
919	1	921	060
1975	6	2008	060
598	6	30	060
2020	6	2008	060
812	1	416	060
2026	6	30	060
588	6	30	060
1871	12	2155	060
2057	6	173	060
2130	6	2008	060
428	6	259	060
2131	6	2008	060
25	15	5024	060
1363	1	27	060
480	15	4990	060
1429	6	30	060
675	15	4990	060
17	6	30	060
921	1	30	060
810	1	416	060
310	15	5088	060
1961	6	2008	060
659	1	341	060
729	1	731	060
675	15	5120	060
822	1	416	060
2119	6	2008	060
8955	23	2939	060
25	15	4990	060
25	6	30	060
578	1	28	060
1110	15	5120	060
3217	12	28	060
3113	14	3524	060
47	1	30	060
44	5	25	060
8333	17	5817	060
2140	6	2008	060
380	6	30	060
728	15	4988	060
1947	6	173	060
1133	15	4990	060
4659	14	3509	060
630	6	30	060
2159	6	30	060
2102	6	2008	060
734	15	4977	060
800	1	416	060
3101	11	3102	060
205	1	207	060
478	1	479	060
759	1	28	060
492	15	5088	060
1592	6	30	060
2074	6	2075	060
597	15	5088	060
478	1	444	060
9420	23	2939	060
3209	12	30	060
2049	6	30	060
8812	17	6190	060
113	6	30	060
728	1	259	060
1930	15	4977	060
3232	12	29	060
47	6	30	060
2069	6	1561	060
1100	6	28	060
2176	6	2061	060
2082	15	4988	060
3018	23	2977	060
5348	15	5088	060
253	6	30	060
4678	14	3495	060
1941	6	2008	060
2077	6	2061	060
769	1	28	060
415	1	416	060
2119	6	2045	060
8863	17	5818	060
3142	14	3793	060
776	15	5088	060
3189	12	2040	060
2791	9	2476	060
2073	6	2008	060
396	6	30	060
2126	6	2008	060
1983	6	728	060
3193	12	2155	060
2142	6	2008	060
2693	12	28	060
8863	17	5817	060
85	6	116	060
303	1	416	060
2094	6	2096	060
2539	9	2540	060
3187	23	12518	060
12552	23	12525	060
228	6	229	060
2903	11	3089	060
205	15	4990	060
2059	6	2061	060
832	1	416	060
2011	6	30	060
2161	6	2061	060
205	6	30	060
2008	9	259	060
1866	12	170	060
3093	23	12538	060
1956	6	2008	060
771	6	30	060
473	6	2082	060
1127	1	846	060
629	1	30	060
114	1	116	060
8824	23	2977	060
656	6	30	060
1478	1	114	060
1959	6	2008	060
6241	17	6242	060
1473	1	114	060
734	15	4977	060
2008	15	4988	060
2135	6	2008	060
142	6	30	060
2207	12	2155	060
8571	23	12518	060
1912	6	259	060
8863	17	5816	060
1958	6	2061	060
3218	12	2018	060
44	6	30	060
2138	6	2008	060
2993	23	2939	060
1588	6	30	060
2101	6	2008	060
2003	6	30	060
3225	23	2938	061
2097	6	30	061
3036	10	2924	061
2539	9	2482	061
2129	6	30	061
5238	15	5088	061
2644	9	2593	061
199	1	189	061
5308	15	5088	061
1931	6	116	061
492	1	493	061
3231	12	29	061
2692	9	2476	061
811	1	416	061
12	1	14	061
776	1	493	061
2644	10	2924	061
2153	6	30	061
8957	23	2922	061
3208	12	2082	061
169	6	173	061
284	6	2008	061
1941	5	1943	061
55	6	30	061
3113	11	3102	061
3237	12	116	061
2079	6	30	061
1898	23	2997	061
3227	12	46	061
19	6	2008	061
1894	23	2920	061
728	1	405	061
229	15	4988	061
1525	6	29	061
771	1	629	061
1502	1	416	061
3242	12	2009	061
610	1	416	061
443	1	416	061
3211	12	2082	061
717	1	636	061
473	1	416	061
5133	15	5088	061
831	1	416	061
733	1	731	061
613	1	416	061
2010	6	2008	061
845	1	28	061
2080	6	116	061
228	1	229	061
1922	6	2061	061
2007	6	2008	061
846	1	397	061
921	6	30	061
178	6	116	061
4911	14	4117	061
1644	1	207	061
2530	14	3431	061
178	1	179	061
3577	14	3437	061
2	6	30	061
188	1	189	061
1133	6	30	061
5214	15	5088	061
818	1	416	061
292	1	120	061
919	1	921	061
1975	6	2008	061
598	6	30	061
2020	6	2008	061
812	1	416	061
2026	6	30	061
588	6	30	061
1871	12	2155	061
2057	6	173	061
2130	6	2008	061
428	6	259	061
2131	6	2008	061
25	15	5024	061
1363	1	27	061
480	15	4990	061
1429	6	30	061
675	15	4990	061
17	6	30	061
921	1	30	061
810	1	416	061
310	15	5088	061
1961	6	2008	061
659	1	341	061
729	1	731	061
675	15	5120	061
822	1	416	061
2119	6	2008	061
8955	23	2939	061
25	15	4990	061
25	6	30	061
578	1	28	061
3866	17	5873	061
1110	15	5120	061
3217	12	28	061
47	1	30	061
44	5	25	061
2140	6	2008	061
380	6	30	061
728	15	4988	061
1947	6	173	061
1133	15	4990	061
4659	14	3509	061
630	6	30	061
2159	6	30	061
2102	6	2008	061
734	15	4977	061
800	1	416	061
3101	11	3102	061
205	1	207	061
478	1	479	061
759	1	28	061
492	15	5088	061
1592	6	30	061
2074	6	2075	061
597	15	5088	061
3640	14	3636	061
478	1	444	061
9420	23	2939	061
3209	12	30	061
2049	6	30	061
8812	17	6190	061
113	6	30	061
728	1	259	061
1930	15	4977	061
3232	12	29	061
47	6	30	061
2069	6	1561	061
1100	6	28	061
2176	6	2061	061
2082	15	4988	061
3018	23	2977	061
5348	15	5088	061
253	6	30	061
4678	14	3495	061
1941	6	2008	061
2077	6	2061	061
769	1	28	061
415	1	416	061
2119	6	2045	061
8863	17	5818	061
3142	14	3793	061
776	15	5088	061
3189	12	2040	061
2791	9	2476	061
2073	6	2008	061
396	6	30	061
2126	6	2008	061
1983	6	728	061
3193	12	2155	061
2142	6	2008	061
2693	12	28	061
8863	17	5817	061
85	6	116	061
303	1	416	061
2094	6	2096	061
2539	9	2540	061
3187	23	12518	061
12552	23	12525	061
228	6	229	061
2903	11	3089	061
205	15	4990	061
2059	6	2061	061
832	1	416	061
2011	6	30	061
2161	6	2061	061
205	6	30	061
2008	9	259	061
1866	12	170	061
3093	23	12538	061
1956	6	2008	061
771	6	30	061
473	6	2082	061
1127	1	846	061
629	1	30	061
114	1	116	061
8824	23	2977	061
656	6	30	061
1478	1	114	061
1959	6	2008	061
1473	1	114	061
734	15	4977	061
2008	15	4988	061
2135	6	2008	061
142	6	30	061
2207	12	2155	061
8571	23	12518	061
1912	6	259	061
8863	17	5816	061
1958	6	2061	061
3218	12	2018	061
44	6	30	061
2138	6	2008	061
2993	23	2939	061
1588	6	30	061
2101	6	2008	061
2003	6	30	061
3225	23	2938	062
2097	6	30	062
3940	14	3648	062
3036	10	2924	062
2539	9	2482	062
2129	6	30	062
5238	15	5088	062
2644	9	2593	062
199	1	189	062
5308	15	5088	062
1931	6	116	062
492	1	493	062
3231	12	29	062
2692	9	2476	062
811	1	416	062
12	1	14	062
776	1	493	062
2644	10	2924	062
2153	6	30	062
8957	23	2922	062
3208	12	2082	062
169	6	173	062
284	6	2008	062
1941	5	1943	062
55	6	30	062
4361	14	4362	062
3113	11	3102	062
3237	12	116	062
2079	6	30	062
1898	23	2997	062
3227	12	46	062
19	6	2008	062
1894	23	2920	062
728	1	405	062
229	15	4988	062
1525	6	29	062
771	1	629	062
1502	1	416	062
3242	12	2009	062
610	1	416	062
443	1	416	062
3211	12	2082	062
717	1	636	062
473	1	416	062
5133	15	5088	062
831	1	416	062
733	1	731	062
613	1	416	062
2010	6	2008	062
845	1	28	062
2080	6	116	062
228	1	229	062
1922	6	2061	062
2007	6	2008	062
846	1	397	062
921	6	30	062
178	6	116	062
4911	14	4117	062
1644	1	207	062
2530	14	3431	062
178	1	179	062
3577	14	3437	062
2	6	30	062
188	1	189	062
1133	6	30	062
5214	15	5088	062
818	1	416	062
292	1	120	062
919	1	921	062
6539	17	5873	062
1975	6	2008	062
598	6	30	062
2020	6	2008	062
812	1	416	062
2026	6	30	062
588	6	30	062
1871	12	2155	062
2057	6	173	062
2130	6	2008	062
428	6	259	062
2131	6	2008	062
25	15	5024	062
1363	1	27	062
480	15	4990	062
1429	6	30	062
675	15	4990	062
17	6	30	062
921	1	30	062
810	1	416	062
310	15	5088	062
1961	6	2008	062
659	1	341	062
729	1	731	062
675	15	5120	062
822	1	416	062
2119	6	2008	062
8955	23	2939	062
25	15	4990	062
25	6	30	062
578	1	28	062
1110	15	5120	062
3217	12	28	062
47	1	30	062
44	5	25	062
2140	6	2008	062
380	6	30	062
728	15	4988	062
1947	6	173	062
1133	15	4990	062
4659	14	3509	062
630	6	30	062
2159	6	30	062
2102	6	2008	062
734	15	4977	062
800	1	416	062
3101	11	3102	062
205	1	207	062
478	1	479	062
759	1	28	062
492	15	5088	062
1592	6	30	062
2074	6	2075	062
597	15	5088	062
3640	14	3636	062
478	1	444	062
9420	23	2939	062
3209	12	30	062
2049	6	30	062
8812	17	6190	062
113	6	30	062
728	1	259	062
1930	15	4977	062
3232	12	29	062
47	6	30	062
2069	6	1561	062
1100	6	28	062
2176	6	2061	062
2082	15	4988	062
3018	23	2977	062
5348	15	5088	062
253	6	30	062
4678	14	3495	062
1941	6	2008	062
2077	6	2061	062
769	1	28	062
415	1	416	062
2119	6	2045	062
8863	17	5818	062
3142	14	3793	062
776	15	5088	062
3189	12	2040	062
2791	9	2476	062
2073	6	2008	062
396	6	30	062
2126	6	2008	062
1983	6	728	062
3193	12	2155	062
2142	6	2008	062
2693	12	28	062
8863	17	5817	062
85	6	116	062
303	1	416	062
2094	6	2096	062
2539	9	2540	062
3187	23	12518	062
12552	23	12525	062
228	6	229	062
3940	14	3690	062
2903	11	3089	062
205	15	4990	062
2059	6	2061	062
832	1	416	062
2011	6	30	062
2161	6	2061	062
205	6	30	062
2008	9	259	062
1866	12	170	062
3093	23	12538	062
1956	6	2008	062
771	6	30	062
473	6	2082	062
1127	1	846	062
629	1	30	062
114	1	116	062
8824	23	2977	062
656	6	30	062
1478	1	114	062
1959	6	2008	062
1473	1	114	062
734	15	4977	062
2008	15	4988	062
2135	6	2008	062
142	6	30	062
2207	12	2155	062
8571	23	12518	062
1912	6	259	062
8863	17	5816	062
1958	6	2061	062
3218	12	2018	062
44	6	30	062
2138	6	2008	062
2993	23	2939	062
1588	6	30	062
2101	6	2008	062
2003	6	30	062
3225	23	2938	063
2097	6	30	063
2539	9	2482	063
2129	6	30	063
5238	15	5088	063
2644	9	2593	063
199	1	189	063
5308	15	5088	063
1931	6	116	063
492	1	493	063
3231	12	29	063
2692	9	2476	063
811	1	416	063
12	1	14	063
776	1	493	063
2644	10	2924	063
2153	6	30	063
8957	23	2922	063
3208	12	2082	063
169	6	173	063
284	6	2008	063
1941	5	1943	063
55	6	30	063
4361	14	4362	063
3113	11	3102	063
3237	12	116	063
2079	6	30	063
1898	23	2997	063
3227	12	46	063
19	6	2008	063
1894	23	2920	063
728	1	405	063
229	15	4988	063
1525	6	29	063
771	1	629	063
1502	1	416	063
3242	12	2009	063
610	1	416	063
443	1	416	063
3211	12	2082	063
717	1	636	063
473	1	416	063
5133	15	5088	063
831	1	416	063
733	1	731	063
613	1	416	063
2010	6	2008	063
845	1	28	063
2080	6	116	063
228	1	229	063
1922	6	2061	063
2007	6	2008	063
846	1	397	063
921	6	30	063
178	6	116	063
4911	14	4117	063
1644	1	207	063
2530	14	3431	063
178	1	179	063
3577	14	3437	063
2	6	30	063
188	1	189	063
1133	6	30	063
5214	15	5088	063
818	1	416	063
292	1	120	063
919	1	921	063
3062	10	2924	063
1975	6	2008	063
598	6	30	063
8863	17	5935	063
2020	6	2008	063
812	1	416	063
2026	6	30	063
588	6	30	063
1871	12	2155	063
2057	6	173	063
2130	6	2008	063
428	6	259	063
2131	6	2008	063
25	15	5024	063
1363	1	27	063
480	15	4990	063
1429	6	30	063
675	15	4990	063
17	6	30	063
921	1	30	063
810	1	416	063
310	15	5088	063
1961	6	2008	063
659	1	341	063
729	1	731	063
675	15	5120	063
822	1	416	063
2119	6	2008	063
8955	23	2939	063
25	15	4990	063
25	6	30	063
578	1	28	063
1110	15	5120	063
3217	12	28	063
47	1	30	063
44	5	25	063
2140	6	2008	063
380	6	30	063
728	15	4988	063
1947	6	173	063
1133	15	4990	063
4659	14	3509	063
630	6	30	063
2159	6	30	063
2102	6	2008	063
734	15	4977	063
800	1	416	063
3101	11	3102	063
205	1	207	063
478	1	479	063
759	1	28	063
492	15	5088	063
1592	6	30	063
2074	6	2075	063
597	15	5088	063
3640	14	3636	063
478	1	444	063
9420	23	2939	063
3209	12	30	063
2049	6	30	063
8812	17	6190	063
113	6	30	063
728	1	259	063
1930	15	4977	063
3232	12	29	063
47	6	30	063
2069	6	1561	063
1100	6	28	063
2176	6	2061	063
2082	15	4988	063
3018	23	2977	063
5348	15	5088	063
253	6	30	063
4678	14	3495	063
1941	6	2008	063
2077	6	2061	063
769	1	28	063
415	1	416	063
2718	9	2482	063
2119	6	2045	063
8863	17	5818	063
3142	14	3793	063
4361	17	5975	063
776	15	5088	063
3189	12	2040	063
2791	9	2476	063
2073	6	2008	063
396	6	30	063
2126	6	2008	063
1983	6	728	063
3193	12	2155	063
2142	6	2008	063
8571	17	5818	063
2693	12	28	063
8863	17	5817	063
85	6	116	063
303	1	416	063
2094	6	2096	063
2539	9	2540	063
3187	23	12518	063
12552	23	12525	063
228	6	229	063
2903	11	3089	063
205	15	4990	063
2059	6	2061	063
832	1	416	063
2011	6	30	063
2161	6	2061	063
205	6	30	063
2008	9	259	063
1866	12	170	063
3093	23	12538	063
1956	6	2008	063
771	6	30	063
473	6	2082	063
1127	1	846	063
629	1	30	063
114	1	116	063
8824	23	2977	063
656	6	30	063
1478	1	114	063
1959	6	2008	063
1473	1	114	063
734	15	4977	063
2008	15	4988	063
2135	6	2008	063
142	6	30	063
2207	12	2155	063
8571	23	12518	063
1912	6	259	063
8863	17	5816	063
1958	6	2061	063
3218	12	2018	063
44	6	30	063
2138	6	2008	063
2993	23	2939	063
1588	6	30	063
2101	6	2008	063
2003	6	30	063
3225	23	2938	064
2097	6	30	064
2539	9	2482	064
2129	6	30	064
5238	15	5088	064
2644	9	2593	064
199	1	189	064
3021	10	2924	064
5308	15	5088	064
1931	6	116	064
492	1	493	064
3231	12	29	064
2692	9	2476	064
811	1	416	064
12	1	14	064
776	1	493	064
2644	10	2924	064
2153	6	30	064
8957	23	2922	064
3208	12	2082	064
169	6	173	064
284	6	2008	064
1941	5	1943	064
55	6	30	064
4361	14	4362	064
3113	11	3102	064
3237	12	116	064
2079	6	30	064
1898	23	2997	064
3227	12	46	064
19	6	2008	064
1894	23	2920	064
728	1	405	064
229	15	4988	064
1525	6	29	064
771	1	629	064
1502	1	416	064
3242	12	2009	064
610	1	416	064
443	1	416	064
3211	12	2082	064
717	1	636	064
473	1	416	064
5133	15	5088	064
831	1	416	064
733	1	731	064
613	1	416	064
2010	6	2008	064
845	1	28	064
2080	6	116	064
228	1	229	064
1922	6	2061	064
2007	6	2008	064
846	1	397	064
921	6	30	064
178	6	116	064
4911	14	4117	064
1644	1	207	064
2530	14	3431	064
178	1	179	064
3577	14	3437	064
2	6	30	064
188	1	189	064
1133	6	30	064
5214	15	5088	064
818	1	416	064
292	1	120	064
919	1	921	064
3062	10	2924	064
1975	6	2008	064
598	6	30	064
8863	17	5935	064
2020	6	2008	064
812	1	416	064
2026	6	30	064
588	6	30	064
1871	12	2155	064
2057	6	173	064
2130	6	2008	064
428	6	259	064
2131	6	2008	064
25	15	5024	064
1363	1	27	064
480	15	4990	064
1429	6	30	064
675	15	4990	064
17	6	30	064
921	1	30	064
810	1	416	064
310	15	5088	064
1961	6	2008	064
659	1	341	064
729	1	731	064
675	15	5120	064
822	1	416	064
2119	6	2008	064
8955	23	2939	064
25	15	4990	064
25	6	30	064
578	1	28	064
1110	15	5120	064
3217	12	28	064
47	1	30	064
44	5	25	064
2140	6	2008	064
380	6	30	064
728	15	4988	064
1947	6	173	064
1133	15	4990	064
4659	14	3509	064
630	6	30	064
2159	6	30	064
2102	6	2008	064
734	15	4977	064
800	1	416	064
3101	11	3102	064
205	1	207	064
478	1	479	064
759	1	28	064
492	15	5088	064
1592	6	30	064
2074	6	2075	064
597	15	5088	064
3640	14	3636	064
478	1	444	064
9420	23	2939	064
3209	12	30	064
2049	6	30	064
8812	17	6190	064
113	6	30	064
728	1	259	064
1930	15	4977	064
3232	12	29	064
47	6	30	064
2069	6	1561	064
1100	6	28	064
2176	6	2061	064
2082	15	4988	064
3018	23	2977	064
5348	15	5088	064
253	6	30	064
4678	14	3495	064
1941	6	2008	064
2077	6	2061	064
769	1	28	064
415	1	416	064
2718	9	2482	064
2119	6	2045	064
8863	17	5818	064
3142	14	3793	064
776	15	5088	064
3189	12	2040	064
2791	9	2476	064
2073	6	2008	064
396	6	30	064
2126	6	2008	064
1983	6	728	064
3193	12	2155	064
2142	6	2008	064
2693	12	28	064
8863	17	5817	064
85	6	116	064
303	1	416	064
2094	6	2096	064
2539	9	2540	064
3187	23	12518	064
12552	23	12525	064
228	6	229	064
2903	11	3089	064
205	15	4990	064
2059	6	2061	064
832	1	416	064
2011	6	30	064
2161	6	2061	064
205	6	30	064
2008	9	259	064
1866	12	170	064
3093	23	12538	064
1956	6	2008	064
771	6	30	064
473	6	2082	064
1127	1	846	064
629	1	30	064
114	1	116	064
8824	23	2977	064
656	6	30	064
1478	1	114	064
1959	6	2008	064
1473	1	114	064
734	15	4977	064
2008	15	4988	064
2135	6	2008	064
142	6	30	064
2207	12	2155	064
8571	23	12518	064
1912	6	259	064
8863	17	5816	064
1958	6	2061	064
3218	12	2018	064
44	6	30	064
2138	6	2008	064
2993	23	2939	064
1588	6	30	064
2101	6	2008	064
2003	6	30	064
3225	23	2938	065
2097	6	30	065
2539	9	2482	065
2129	6	30	065
5238	15	5088	065
2644	9	2593	065
199	1	189	065
3021	10	2924	065
5308	15	5088	065
1931	6	116	065
492	1	493	065
3231	12	29	065
2692	9	2476	065
3622	14	3509	065
811	1	416	065
12	1	14	065
776	1	493	065
2644	10	2924	065
2153	6	30	065
8957	23	2922	065
3208	12	2082	065
169	6	173	065
284	6	2008	065
1941	5	1943	065
55	6	30	065
4361	14	4362	065
3113	11	3102	065
3237	12	116	065
2079	6	30	065
1898	23	2997	065
3227	12	46	065
19	6	2008	065
1894	23	2920	065
728	1	405	065
229	15	4988	065
1525	6	29	065
771	1	629	065
1502	1	416	065
3242	12	2009	065
610	1	416	065
443	1	416	065
3211	12	2082	065
717	1	636	065
473	1	416	065
5133	15	5088	065
831	1	416	065
733	1	731	065
613	1	416	065
2010	6	2008	065
845	1	28	065
2080	6	116	065
228	1	229	065
1922	6	2061	065
2007	6	2008	065
846	1	397	065
921	6	30	065
178	6	116	065
4911	14	4117	065
1644	1	207	065
2530	14	3431	065
178	1	179	065
3577	14	3437	065
2	6	30	065
188	1	189	065
1133	6	30	065
5214	15	5088	065
818	1	416	065
292	1	120	065
919	1	921	065
3062	10	2924	065
1975	6	2008	065
598	6	30	065
8863	17	5935	065
2020	6	2008	065
812	1	416	065
2026	6	30	065
8863	17	6190	065
588	6	30	065
1871	12	2155	065
2057	6	173	065
2130	6	2008	065
428	6	259	065
2131	6	2008	065
25	15	5024	065
1363	1	27	065
480	15	4990	065
1429	6	30	065
675	15	4990	065
17	6	30	065
921	1	30	065
810	1	416	065
310	15	5088	065
1961	6	2008	065
659	1	341	065
729	1	731	065
675	15	5120	065
822	1	416	065
2119	6	2008	065
8955	23	2939	065
25	15	4990	065
25	6	30	065
578	1	28	065
1110	15	5120	065
3217	12	28	065
47	1	30	065
44	5	25	065
2140	6	2008	065
380	6	30	065
728	15	4988	065
1947	6	173	065
1133	15	4990	065
4659	14	3509	065
630	6	30	065
2159	6	30	065
2102	6	2008	065
734	15	4977	065
800	1	416	065
3101	11	3102	065
205	1	207	065
478	1	479	065
759	1	28	065
492	15	5088	065
1592	6	30	065
2074	6	2075	065
597	15	5088	065
3640	14	3636	065
478	1	444	065
9420	23	2939	065
3209	12	30	065
2049	6	30	065
8812	17	6190	065
113	6	30	065
728	1	259	065
1930	15	4977	065
3232	12	29	065
47	6	30	065
2069	6	1561	065
1100	6	28	065
2176	6	2061	065
2082	15	4988	065
3018	23	2977	065
5348	15	5088	065
253	6	30	065
1941	6	2008	065
2077	6	2061	065
769	1	28	065
415	1	416	065
2718	9	2482	065
2119	6	2045	065
8863	17	5818	065
3142	14	3793	065
776	15	5088	065
3189	12	2040	065
2791	9	2476	065
2073	6	2008	065
396	6	30	065
2126	6	2008	065
1983	6	728	065
3193	12	2155	065
2142	6	2008	065
2693	12	28	065
8863	17	5817	065
85	6	116	065
303	1	416	065
2094	6	2096	065
2539	9	2540	065
3187	23	12518	065
12552	23	12525	065
228	6	229	065
2903	11	3089	065
205	15	4990	065
2059	6	2061	065
832	1	416	065
2011	6	30	065
2161	6	2061	065
205	6	30	065
2008	9	259	065
1866	12	170	065
3093	23	12538	065
488	1	30	065
1956	6	2008	065
771	6	30	065
473	6	2082	065
1127	1	846	065
629	1	30	065
114	1	116	065
8824	23	2977	065
656	6	30	065
1478	1	114	065
1959	6	2008	065
1473	1	114	065
734	15	4977	065
2008	15	4988	065
2135	6	2008	065
142	6	30	065
2207	12	2155	065
8571	23	12518	065
1912	6	259	065
8863	17	5816	065
1958	6	2061	065
3218	12	2018	065
44	6	30	065
2138	6	2008	065
2993	23	2939	065
1588	6	30	065
2101	6	2008	065
2003	6	30	065
3225	23	2938	066
2097	6	30	066
2539	9	2482	066
2129	6	30	066
5238	15	5088	066
2644	9	2593	066
199	1	189	066
3021	10	2924	066
5308	15	5088	066
1931	6	116	066
492	1	493	066
3231	12	29	066
2692	9	2476	066
3622	14	3509	066
811	1	416	066
12	1	14	066
776	1	493	066
2644	10	2924	066
2153	6	30	066
8957	23	2922	066
3208	12	2082	066
169	6	173	066
284	6	2008	066
1941	5	1943	066
55	6	30	066
4057	14	4044	066
4361	14	4362	066
3113	11	3102	066
3237	12	116	066
2079	6	30	066
1898	23	2997	066
3227	12	46	066
19	6	2008	066
1894	23	2920	066
728	1	405	066
229	15	4988	066
1525	6	29	066
771	1	629	066
1502	1	416	066
3242	12	2009	066
610	1	416	066
443	1	416	066
3211	12	2082	066
717	1	636	066
473	1	416	066
5133	15	5088	066
831	1	416	066
733	1	731	066
613	1	416	066
2010	6	2008	066
845	1	28	066
2080	6	116	066
228	1	229	066
1922	6	2061	066
2007	6	2008	066
846	1	397	066
921	6	30	066
178	6	116	066
4911	14	4117	066
1644	1	207	066
2530	14	3431	066
178	1	179	066
3577	14	3437	066
2	6	30	066
188	1	189	066
1133	6	30	066
5214	15	5088	066
818	1	416	066
292	1	120	066
919	1	921	066
3062	10	2924	066
1975	6	2008	066
598	6	30	066
8863	17	5935	066
2020	6	2008	066
812	1	416	066
2026	6	30	066
8863	17	6190	066
588	6	30	066
1871	12	2155	066
2057	6	173	066
2130	6	2008	066
428	6	259	066
2131	6	2008	066
25	15	5024	066
1363	1	27	066
480	15	4990	066
1429	6	30	066
675	15	4990	066
17	6	30	066
921	1	30	066
810	1	416	066
310	15	5088	066
1961	6	2008	066
659	1	341	066
729	1	731	066
675	15	5120	066
822	1	416	066
2119	6	2008	066
8955	23	2939	066
25	15	4990	066
25	6	30	066
578	1	28	066
1110	15	5120	066
3217	12	28	066
47	1	30	066
44	5	25	066
3622	14	3519	066
2140	6	2008	066
380	6	30	066
728	15	4988	066
1947	6	173	066
1133	15	4990	066
630	6	30	066
2159	6	30	066
2102	6	2008	066
734	15	4977	066
800	1	416	066
3101	11	3102	066
205	1	207	066
478	1	479	066
759	1	28	066
492	15	5088	066
1592	6	30	066
2074	6	2075	066
597	15	5088	066
3640	14	3636	066
478	1	444	066
9420	23	2939	066
3209	12	30	066
2049	6	30	066
8812	17	6190	066
113	6	30	066
728	1	259	066
1930	15	4977	066
3232	12	29	066
47	6	30	066
2069	6	1561	066
1100	6	28	066
2176	6	2061	066
2082	15	4988	066
3018	23	2977	066
5348	15	5088	066
253	6	30	066
1941	6	2008	066
4659	14	3491	066
2077	6	2061	066
769	1	28	066
415	1	416	066
2718	9	2482	066
2119	6	2045	066
8863	17	5818	066
3142	14	3793	066
776	15	5088	066
3189	12	2040	066
2791	9	2476	066
2073	6	2008	066
396	6	30	066
2126	6	2008	066
1983	6	728	066
3193	12	2155	066
2142	6	2008	066
2693	12	28	066
8863	17	5817	066
85	6	116	066
303	1	416	066
2094	6	2096	066
2539	9	2540	066
3187	23	12518	066
12552	23	12525	066
228	6	229	066
2903	11	3089	066
205	15	4990	066
2059	6	2061	066
832	1	416	066
2011	6	30	066
2161	6	2061	066
205	6	30	066
2008	9	259	066
1866	12	170	066
3093	23	12538	066
488	1	30	066
1956	6	2008	066
771	6	30	066
473	6	2082	066
1127	1	846	066
629	1	30	066
114	1	116	066
8824	23	2977	066
656	6	30	066
1478	1	114	066
1959	6	2008	066
1473	1	114	066
734	15	4977	066
2008	15	4988	066
2135	6	2008	066
142	6	30	066
2207	12	2155	066
8571	23	12518	066
1912	6	259	066
8863	17	5816	066
1958	6	2061	066
3218	12	2018	066
44	6	30	066
2138	6	2008	066
2993	23	2939	066
1588	6	30	066
2101	6	2008	066
2003	6	30	066
3225	23	2938	067
2097	6	30	067
2539	9	2482	067
2129	6	30	067
5238	15	5088	067
2644	9	2593	067
199	1	189	067
3021	10	2924	067
5308	15	5088	067
1931	6	116	067
492	1	493	067
3231	12	29	067
2692	9	2476	067
811	1	416	067
12	1	14	067
776	1	493	067
2644	10	2924	067
2153	6	30	067
8957	23	2922	067
3208	12	2082	067
169	6	173	067
284	6	2008	067
1941	5	1943	067
55	6	30	067
4057	14	4044	067
4361	14	4362	067
3113	11	3102	067
3237	12	116	067
2079	6	30	067
1898	23	2997	067
3227	12	46	067
19	6	2008	067
1894	23	2920	067
728	1	405	067
229	15	4988	067
1525	6	29	067
771	1	629	067
1502	1	416	067
3242	12	2009	067
610	1	416	067
443	1	416	067
3211	12	2082	067
717	1	636	067
473	1	416	067
5133	15	5088	067
831	1	416	067
733	1	731	067
613	1	416	067
2010	6	2008	067
845	1	28	067
2080	6	116	067
228	1	229	067
1922	6	2061	067
2007	6	2008	067
846	1	397	067
921	6	30	067
178	6	116	067
4911	14	4117	067
1644	1	207	067
2530	14	3431	067
178	1	179	067
3577	14	3437	067
2	6	30	067
188	1	189	067
1133	6	30	067
5214	15	5088	067
818	1	416	067
292	1	120	067
919	1	921	067
3062	10	2924	067
1975	6	2008	067
598	6	30	067
8863	17	5935	067
2020	6	2008	067
812	1	416	067
3844	14	3496	067
2026	6	30	067
8863	17	6190	067
588	6	30	067
1871	12	2155	067
2057	6	173	067
2130	6	2008	067
428	6	259	067
2131	6	2008	067
25	15	5024	067
1363	1	27	067
480	15	4990	067
1429	6	30	067
675	15	4990	067
17	6	30	067
921	1	30	067
810	1	416	067
310	15	5088	067
1961	6	2008	067
659	1	341	067
729	1	731	067
675	15	5120	067
822	1	416	067
2119	6	2008	067
8955	23	2939	067
25	15	4990	067
25	6	30	067
578	1	28	067
1110	15	5120	067
3217	12	28	067
47	1	30	067
44	5	25	067
3622	14	3519	067
2140	6	2008	067
380	6	30	067
728	15	4988	067
1947	6	173	067
1133	15	4990	067
630	6	30	067
2159	6	30	067
2102	6	2008	067
734	15	4977	067
800	1	416	067
3101	11	3102	067
205	1	207	067
478	1	479	067
759	1	28	067
492	15	5088	067
1592	6	30	067
2074	6	2075	067
597	15	5088	067
3640	14	3636	067
478	1	444	067
9420	23	2939	067
3209	12	30	067
2049	6	30	067
8812	17	6190	067
113	6	30	067
728	1	259	067
4057	14	3495	067
1930	15	4977	067
3232	12	29	067
47	6	30	067
2069	6	1561	067
1100	6	28	067
2176	6	2061	067
2082	15	4988	067
3018	23	2977	067
5348	15	5088	067
253	6	30	067
1941	6	2008	067
4659	14	3491	067
2077	6	2061	067
769	1	28	067
415	1	416	067
2718	9	2482	067
2119	6	2045	067
8863	17	5818	067
776	15	5088	067
3189	12	2040	067
2791	9	2476	067
2073	6	2008	067
396	6	30	067
2126	6	2008	067
1983	6	728	067
3193	12	2155	067
2142	6	2008	067
2693	12	28	067
8863	17	5817	067
85	6	116	067
303	1	416	067
2094	6	2096	067
2539	9	2540	067
3187	23	12518	067
12552	23	12525	067
228	6	229	067
2903	11	3089	067
205	15	4990	067
2059	6	2061	067
832	1	416	067
2011	6	30	067
2161	6	2061	067
205	6	30	067
2008	9	259	067
1866	12	170	067
3093	23	12538	067
488	1	30	067
1956	6	2008	067
771	6	30	067
473	6	2082	067
1127	1	846	067
629	1	30	067
114	1	116	067
8824	23	2977	067
656	6	30	067
1478	1	114	067
1959	6	2008	067
1473	1	114	067
734	15	4977	067
2008	15	4988	067
2135	6	2008	067
142	6	30	067
2207	12	2155	067
8571	23	12518	067
1912	6	259	067
8863	17	5816	067
1958	6	2061	067
3218	12	2018	067
44	6	30	067
2138	6	2008	067
2993	23	2939	067
1588	6	30	067
2101	6	2008	067
2003	6	30	067
3225	23	2938	068
2097	6	30	068
2539	9	2482	068
2129	6	30	068
5238	15	5088	068
2644	9	2593	068
199	1	189	068
3021	10	2924	068
5308	15	5088	068
1931	6	116	068
492	1	493	068
3231	12	29	068
2692	9	2476	068
811	1	416	068
12	1	14	068
776	1	493	068
2644	10	2924	068
2808	10	2924	068
2153	6	30	068
8957	23	2922	068
3208	12	2082	068
169	6	173	068
284	6	2008	068
1941	5	1943	068
55	6	30	068
4361	14	4362	068
3113	11	3102	068
3237	12	116	068
2079	6	30	068
1898	23	2997	068
3227	12	46	068
19	6	2008	068
1894	23	2920	068
728	1	405	068
229	15	4988	068
1525	6	29	068
771	1	629	068
1502	1	416	068
3242	12	2009	068
610	1	416	068
443	1	416	068
3211	12	2082	068
717	1	636	068
473	1	416	068
5133	15	5088	068
831	1	416	068
733	1	731	068
613	1	416	068
2010	6	2008	068
845	1	28	068
2080	6	116	068
228	1	229	068
1922	6	2061	068
2007	6	2008	068
846	1	397	068
921	6	30	068
178	6	116	068
4911	14	4117	068
1644	1	207	068
2530	14	3431	068
178	1	179	068
3577	14	3437	068
2	6	30	068
188	1	189	068
1133	6	30	068
5214	15	5088	068
818	1	416	068
292	1	120	068
919	1	921	068
3062	10	2924	068
1975	6	2008	068
598	6	30	068
8863	17	5935	068
2020	6	2008	068
812	1	416	068
3844	14	3496	068
2026	6	30	068
8863	17	6190	068
588	6	30	068
1871	12	2155	068
2057	6	173	068
2130	6	2008	068
428	6	259	068
2131	6	2008	068
25	15	5024	068
1363	1	27	068
480	15	4990	068
1429	6	30	068
675	15	4990	068
17	6	30	068
921	1	30	068
810	1	416	068
310	15	5088	068
1961	6	2008	068
659	1	341	068
729	1	731	068
675	15	5120	068
822	1	416	068
2119	6	2008	068
8955	23	2939	068
25	15	4990	068
25	6	30	068
578	1	28	068
1110	15	5120	068
3217	12	28	068
47	1	30	068
44	5	25	068
3622	14	3519	068
2140	6	2008	068
380	6	30	068
728	15	4988	068
1947	6	173	068
1133	15	4990	068
630	6	30	068
2159	6	30	068
2102	6	2008	068
734	15	4977	068
800	1	416	068
3101	11	3102	068
205	1	207	068
8983	17	6005	068
478	1	479	068
759	1	28	068
492	15	5088	068
1592	6	30	068
2074	6	2075	068
597	15	5088	068
3142	14	3519	068
3640	14	3636	068
478	1	444	068
9420	23	2939	068
3209	12	30	068
2049	6	30	068
8812	17	6190	068
113	6	30	068
728	1	259	068
4057	14	3495	068
1930	15	4977	068
3232	12	29	068
47	6	30	068
2069	6	1561	068
1100	6	28	068
2176	6	2061	068
2082	15	4988	068
3018	23	2977	068
5348	15	5088	068
253	6	30	068
1941	6	2008	068
4659	14	3491	068
2077	6	2061	068
769	1	28	068
415	1	416	068
2718	9	2482	068
2119	6	2045	068
8863	17	5818	068
776	15	5088	068
3189	12	2040	068
2791	9	2476	068
2073	6	2008	068
396	6	30	068
2126	6	2008	068
1983	6	728	068
3193	12	2155	068
2142	6	2008	068
2693	12	28	068
8863	17	5817	068
85	6	116	068
303	1	416	068
2094	6	2096	068
2539	9	2540	068
3187	23	12518	068
12552	23	12525	068
228	6	229	068
2903	11	3089	068
205	15	4990	068
2059	6	2061	068
832	1	416	068
2011	6	30	068
2161	6	2061	068
205	6	30	068
2008	9	259	068
1866	12	170	068
3093	23	12538	068
488	1	30	068
1956	6	2008	068
771	6	30	068
473	6	2082	068
1127	1	846	068
629	1	30	068
114	1	116	068
8824	23	2977	068
656	6	30	068
1478	1	114	068
1959	6	2008	068
1473	1	114	068
734	15	4977	068
2008	15	4988	068
2135	6	2008	068
142	6	30	068
2207	12	2155	068
8571	23	12518	068
1912	6	259	068
8863	17	5816	068
1958	6	2061	068
3218	12	2018	068
44	6	30	068
2138	6	2008	068
2993	23	2939	068
1588	6	30	068
2101	6	2008	068
2003	6	30	068
3225	23	2938	069
2097	6	30	069
2539	9	2482	069
2129	6	30	069
5238	15	5088	069
2644	9	2593	069
199	1	189	069
3021	10	2924	069
5308	15	5088	069
1931	6	116	069
492	1	493	069
3231	12	29	069
3844	14	3760	069
2692	9	2476	069
811	1	416	069
12	1	14	069
776	1	493	069
2644	10	2924	069
2808	10	2924	069
2153	6	30	069
8957	23	2922	069
3208	12	2082	069
169	6	173	069
284	6	2008	069
1941	5	1943	069
55	6	30	069
4361	14	4362	069
3113	11	3102	069
3237	12	116	069
2079	6	30	069
1898	23	2997	069
3227	12	46	069
19	6	2008	069
1894	23	2920	069
728	1	405	069
229	15	4988	069
1525	6	29	069
771	1	629	069
1502	1	416	069
3242	12	2009	069
610	1	416	069
443	1	416	069
3211	12	2082	069
717	1	636	069
473	1	416	069
5133	15	5088	069
831	1	416	069
733	1	731	069
613	1	416	069
2010	6	2008	069
845	1	28	069
2080	6	116	069
228	1	229	069
1922	6	2061	069
2007	6	2008	069
846	1	397	069
921	6	30	069
178	6	116	069
4911	14	4117	069
1644	1	207	069
2530	14	3431	069
178	1	179	069
3577	14	3437	069
2	6	30	069
188	1	189	069
1133	6	30	069
5214	15	5088	069
818	1	416	069
292	1	120	069
919	1	921	069
3062	10	2924	069
1975	6	2008	069
598	6	30	069
8863	17	5935	069
2020	6	2008	069
812	1	416	069
3844	14	3496	069
2026	6	30	069
8863	17	6190	069
588	6	30	069
1871	12	2155	069
2057	6	173	069
2130	6	2008	069
428	6	259	069
2131	6	2008	069
25	15	5024	069
1363	1	27	069
480	15	4990	069
1429	6	30	069
675	15	4990	069
17	6	30	069
921	1	30	069
810	1	416	069
310	15	5088	069
1961	6	2008	069
659	1	341	069
729	1	731	069
675	15	5120	069
822	1	416	069
2119	6	2008	069
8955	23	2939	069
25	15	4990	069
25	6	30	069
578	1	28	069
1110	15	5120	069
3217	12	28	069
47	1	30	069
44	5	25	069
2140	6	2008	069
380	6	30	069
728	15	4988	069
1947	6	173	069
1133	15	4990	069
630	6	30	069
2159	6	30	069
2102	6	2008	069
734	15	4977	069
800	1	416	069
3101	11	3102	069
205	1	207	069
478	1	479	069
759	1	28	069
492	15	5088	069
1592	6	30	069
2074	6	2075	069
597	15	5088	069
3142	14	3519	069
478	1	444	069
9420	23	2939	069
3209	12	30	069
2049	6	30	069
8812	17	6190	069
113	6	30	069
728	1	259	069
1930	15	4977	069
3232	12	29	069
47	6	30	069
2069	6	1561	069
1100	6	28	069
2176	6	2061	069
2082	15	4988	069
3018	23	2977	069
5348	15	5088	069
253	6	30	069
1941	6	2008	069
4659	14	3491	069
2077	6	2061	069
769	1	28	069
415	1	416	069
2718	9	2482	069
2119	6	2045	069
8863	17	5818	069
776	15	5088	069
3189	12	2040	069
2791	9	2476	069
2073	6	2008	069
396	6	30	069
2126	6	2008	069
1983	6	728	069
3193	12	2155	069
2142	6	2008	069
2693	12	28	069
8863	17	5817	069
85	6	116	069
303	1	416	069
2094	6	2096	069
2539	9	2540	069
3187	23	12518	069
12552	23	12525	069
228	6	229	069
2903	11	3089	069
205	15	4990	069
2059	6	2061	069
832	1	416	069
2011	6	30	069
2161	6	2061	069
205	6	30	069
2008	9	259	069
1866	12	170	069
3093	23	12538	069
488	1	30	069
4659	14	3793	069
1956	6	2008	069
771	6	30	069
473	6	2082	069
1127	1	846	069
629	1	30	069
114	1	116	069
8824	23	2977	069
656	6	30	069
1478	1	114	069
1959	6	2008	069
1473	1	114	069
734	15	4977	069
2008	15	4988	069
2135	6	2008	069
142	6	30	069
2207	12	2155	069
8571	23	12518	069
1912	6	259	069
8983	17	6791	069
8863	17	5816	069
1958	6	2061	069
3218	12	2018	069
44	6	30	069
2138	6	2008	069
2993	23	2939	069
1588	6	30	069
2101	6	2008	069
2003	6	30	069
3225	23	2938	070
2097	6	30	070
2539	9	2482	070
2129	6	30	070
5238	15	5088	070
2644	9	2593	070
199	1	189	070
3021	10	2924	070
5308	15	5088	070
1931	6	116	070
492	1	493	070
3231	12	29	070
3844	14	3760	070
2692	9	2476	070
811	1	416	070
12	1	14	070
776	1	493	070
2808	10	2924	070
2153	6	30	070
8957	23	2922	070
3208	12	2082	070
169	6	173	070
284	6	2008	070
1941	5	1943	070
55	6	30	070
4361	14	4362	070
3113	11	3102	070
3237	12	116	070
2079	6	30	070
1898	23	2997	070
3227	12	46	070
19	6	2008	070
1894	23	2920	070
728	1	405	070
229	15	4988	070
1525	6	29	070
771	1	629	070
1502	1	416	070
3242	12	2009	070
610	1	416	070
443	1	416	070
3211	12	2082	070
717	1	636	070
473	1	416	070
5133	15	5088	070
831	1	416	070
733	1	731	070
613	1	416	070
2010	6	2008	070
845	1	28	070
2080	6	116	070
228	1	229	070
4402	14	3768	070
1922	6	2061	070
2007	6	2008	070
846	1	397	070
921	6	30	070
178	6	116	070
4911	14	4117	070
1644	1	207	070
2530	14	3431	070
178	1	179	070
3577	14	3437	070
2	6	30	070
188	1	189	070
1133	6	30	070
6884	17	6190	070
5214	15	5088	070
818	1	416	070
292	1	120	070
919	1	921	070
3062	10	2924	070
3032	17	7128	070
1975	6	2008	070
598	6	30	070
8863	17	5935	070
2020	6	2008	070
812	1	416	070
2026	6	30	070
8863	17	6190	070
588	6	30	070
1871	12	2155	070
2057	6	173	070
2130	6	2008	070
428	6	259	070
2131	6	2008	070
25	15	5024	070
1363	1	27	070
480	15	4990	070
1429	6	30	070
675	15	4990	070
17	6	30	070
921	1	30	070
810	1	416	070
310	15	5088	070
1961	6	2008	070
659	1	341	070
729	1	731	070
3032	10	2940	070
675	15	5120	070
822	1	416	070
2119	6	2008	070
8955	23	2939	070
25	15	4990	070
25	6	30	070
578	1	28	070
1110	15	5120	070
3217	12	28	070
47	1	30	070
44	5	25	070
2140	6	2008	070
380	6	30	070
728	15	4988	070
1947	6	173	070
1133	15	4990	070
630	6	30	070
2159	6	30	070
2102	6	2008	070
734	15	4977	070
800	1	416	070
3101	11	3102	070
205	1	207	070
478	1	479	070
759	1	28	070
492	15	5088	070
1592	6	30	070
2074	6	2075	070
597	15	5088	070
478	1	444	070
9420	23	2939	070
3209	12	30	070
2049	6	30	070
8812	17	6190	070
113	6	30	070
728	1	259	070
1930	15	4977	070
3232	12	29	070
47	6	30	070
2069	6	1561	070
1100	6	28	070
2176	6	2061	070
2082	15	4988	070
3018	23	2977	070
729	15	4990	070
5348	15	5088	070
253	6	30	070
1941	6	2008	070
2077	6	2061	070
769	1	28	070
415	1	416	070
2718	9	2482	070
2119	6	2045	070
8863	17	5818	070
776	15	5088	070
3189	12	2040	070
2791	9	2476	070
2073	6	2008	070
396	6	30	070
2126	6	2008	070
1983	6	728	070
3193	12	2155	070
2142	6	2008	070
2693	12	28	070
8863	17	5817	070
85	6	116	070
303	1	416	070
2094	6	2096	070
2539	9	2540	070
3187	23	12518	070
12552	23	12525	070
228	6	229	070
2903	11	3089	070
205	15	4990	070
2059	6	2061	070
832	1	416	070
2011	6	30	070
2161	6	2061	070
205	6	30	070
2008	9	259	070
1866	12	170	070
3093	23	12538	070
488	1	30	070
4659	14	3793	070
1956	6	2008	070
771	6	30	070
473	6	2082	070
1127	1	846	070
629	1	30	070
114	1	116	070
8824	23	2977	070
656	6	30	070
1478	1	114	070
1959	6	2008	070
1473	1	114	070
734	15	4977	070
2008	15	4988	070
2135	6	2008	070
142	6	30	070
2207	12	2155	070
8571	23	12518	070
1912	6	259	070
8983	17	6791	070
8863	17	5816	070
1958	6	2061	070
3218	12	2018	070
44	6	30	070
2138	6	2008	070
2993	23	2939	070
1588	6	30	070
2101	6	2008	070
2003	6	30	070
3225	23	2938	071
2097	6	30	071
2539	9	2482	071
2129	6	30	071
5238	15	5088	071
2644	9	2593	071
199	1	189	071
3021	10	2924	071
5308	15	5088	071
1931	6	116	071
492	1	493	071
3231	12	29	071
2692	9	2476	071
811	1	416	071
12	1	14	071
776	1	493	071
2808	10	2924	071
2153	6	30	071
8957	23	2922	071
3208	12	2082	071
169	6	173	071
284	6	2008	071
1941	5	1943	071
55	6	30	071
4361	14	4362	071
3113	11	3102	071
3237	12	116	071
2079	6	30	071
1898	23	2997	071
3227	12	46	071
19	6	2008	071
1894	23	2920	071
728	1	405	071
229	15	4988	071
1525	6	29	071
771	1	629	071
1502	1	416	071
3242	12	2009	071
610	1	416	071
443	1	416	071
3211	12	2082	071
717	1	636	071
473	1	416	071
5133	15	5088	071
831	1	416	071
733	1	731	071
613	1	416	071
2010	6	2008	071
845	1	28	071
2080	6	116	071
228	1	229	071
4402	14	3768	071
1922	6	2061	071
2007	6	2008	071
846	1	397	071
921	6	30	071
178	6	116	071
4911	14	4117	071
1644	1	207	071
2530	14	3431	071
178	1	179	071
3577	14	3437	071
2	6	30	071
188	1	189	071
1133	6	30	071
5214	15	5088	071
818	1	416	071
292	1	120	071
919	1	921	071
3062	10	2924	071
1975	6	2008	071
598	6	30	071
8863	17	5935	071
2020	6	2008	071
812	1	416	071
2026	6	30	071
8863	17	6190	071
588	6	30	071
1871	12	2155	071
2057	6	173	071
2130	6	2008	071
428	6	259	071
2131	6	2008	071
25	15	5024	071
1363	1	27	071
480	15	4990	071
1429	6	30	071
675	15	4990	071
17	6	30	071
921	1	30	071
810	1	416	071
310	15	5088	071
1961	6	2008	071
659	1	341	071
729	1	731	071
3032	10	2940	071
675	15	5120	071
822	1	416	071
2119	6	2008	071
8955	23	2939	071
25	15	4990	071
25	6	30	071
578	1	28	071
1110	15	5120	071
3217	12	28	071
47	1	30	071
44	5	25	071
2140	6	2008	071
380	6	30	071
728	15	4988	071
1947	6	173	071
1133	15	4990	071
630	6	30	071
2159	6	30	071
2102	6	2008	071
734	15	4977	071
800	1	416	071
3101	11	3102	071
205	1	207	071
478	1	479	071
759	1	28	071
492	15	5088	071
1592	6	30	071
2074	6	2075	071
597	15	5088	071
478	1	444	071
9420	23	2939	071
3209	12	30	071
2049	6	30	071
8812	17	6190	071
113	6	30	071
728	1	259	071
1930	15	4977	071
3232	12	29	071
47	6	30	071
2069	6	1561	071
1100	6	28	071
2176	6	2061	071
2082	15	4988	071
3018	23	2977	071
729	15	4990	071
5348	15	5088	071
253	6	30	071
1941	6	2008	071
2077	6	2061	071
769	1	28	071
415	1	416	071
2718	9	2482	071
2119	6	2045	071
8863	17	5818	071
776	15	5088	071
3189	12	2040	071
2791	9	2476	071
2073	6	2008	071
396	6	30	071
2126	6	2008	071
1983	6	728	071
3193	12	2155	071
2142	6	2008	071
2693	12	28	071
8863	17	5817	071
85	6	116	071
303	1	416	071
2094	6	2096	071
2539	9	2540	071
3187	23	12518	071
12552	23	12525	071
228	6	229	071
2903	11	3089	071
205	15	4990	071
2059	6	2061	071
832	1	416	071
2011	6	30	071
2161	6	2061	071
205	6	30	071
2008	9	259	071
1866	12	170	071
3093	23	12538	071
488	1	30	071
4659	14	3793	071
1956	6	2008	071
771	6	30	071
473	6	2082	071
1127	1	846	071
629	1	30	071
114	1	116	071
8824	23	2977	071
656	6	30	071
1478	1	114	071
1959	6	2008	071
1473	1	114	071
734	15	4977	071
2008	15	4988	071
2135	6	2008	071
142	6	30	071
2207	12	2155	071
8571	23	12518	071
1912	6	259	071
8983	17	6791	071
8863	17	5816	071
1958	6	2061	071
3218	12	2018	071
44	6	30	071
2138	6	2008	071
2993	23	2939	071
1588	6	30	071
2101	6	2008	071
2003	6	30	071
3225	23	2938	072
2097	6	30	072
2539	9	2482	072
2129	6	30	072
5238	15	5088	072
2644	9	2593	072
199	1	189	072
3021	10	2924	072
5308	15	5088	072
1931	6	116	072
492	1	493	072
3231	12	29	072
2692	9	2476	072
811	1	416	072
12	1	14	072
776	1	493	072
2808	10	2924	072
2153	6	30	072
8957	23	2922	072
3208	12	2082	072
169	6	173	072
284	6	2008	072
1941	5	1943	072
55	6	30	072
4361	14	4362	072
3113	11	3102	072
3237	12	116	072
2079	6	30	072
1898	23	2997	072
3227	12	46	072
19	6	2008	072
1894	23	2920	072
728	1	405	072
229	15	4988	072
1525	6	29	072
771	1	629	072
4659	14	3512	072
1502	1	416	072
3242	12	2009	072
610	1	416	072
443	1	416	072
3211	12	2082	072
717	1	636	072
473	1	416	072
5133	15	5088	072
831	1	416	072
733	1	731	072
613	1	416	072
2010	6	2008	072
845	1	28	072
2080	6	116	072
228	1	229	072
4402	14	3768	072
1922	6	2061	072
2007	6	2008	072
846	1	397	072
921	6	30	072
178	6	116	072
4911	14	4117	072
1644	1	207	072
2530	14	3431	072
178	1	179	072
3577	14	3437	072
2	6	30	072
188	1	189	072
1133	6	30	072
5214	15	5088	072
818	1	416	072
292	1	120	072
919	1	921	072
3062	10	2924	072
1975	6	2008	072
598	6	30	072
8863	17	5935	072
2020	6	2008	072
812	1	416	072
2026	6	30	072
8863	17	6190	072
588	6	30	072
1871	12	2155	072
2057	6	173	072
2130	6	2008	072
428	6	259	072
2131	6	2008	072
25	15	5024	072
1363	1	27	072
480	15	4990	072
1429	6	30	072
675	15	4990	072
17	6	30	072
921	1	30	072
810	1	416	072
310	15	5088	072
1961	6	2008	072
659	1	341	072
729	1	731	072
3032	10	2940	072
675	15	5120	072
822	1	416	072
2119	6	2008	072
8955	23	2939	072
25	15	4990	072
25	6	30	072
578	1	28	072
1110	15	5120	072
3217	12	28	072
47	1	30	072
44	5	25	072
2140	6	2008	072
380	6	30	072
728	15	4988	072
1947	6	173	072
1133	15	4990	072
630	6	30	072
2159	6	30	072
2102	6	2008	072
734	15	4977	072
800	1	416	072
3101	11	3102	072
205	1	207	072
478	1	479	072
759	1	28	072
492	15	5088	072
1592	6	30	072
2074	6	2075	072
597	15	5088	072
478	1	444	072
9420	23	2939	072
3209	12	30	072
2049	6	30	072
8812	17	6190	072
113	6	30	072
728	1	259	072
1930	15	4977	072
3232	12	29	072
47	6	30	072
2069	6	1561	072
1100	6	28	072
2176	6	2061	072
2082	15	4988	072
3018	23	2977	072
729	15	4990	072
5348	15	5088	072
253	6	30	072
1941	6	2008	072
2077	6	2061	072
769	1	28	072
415	1	416	072
2718	9	2482	072
2119	6	2045	072
8863	17	5818	072
776	15	5088	072
3189	12	2040	072
2791	9	2476	072
2073	6	2008	072
396	6	30	072
2126	6	2008	072
1983	6	728	072
3193	12	2155	072
2142	6	2008	072
2693	12	28	072
8863	17	5817	072
85	6	116	072
303	1	416	072
2094	6	2096	072
2539	9	2540	072
3187	23	12518	072
12552	23	12525	072
228	6	229	072
2903	11	3089	072
205	15	4990	072
2059	6	2061	072
832	1	416	072
2011	6	30	072
2161	6	2061	072
205	6	30	072
2008	9	259	072
1866	12	170	072
3093	23	12538	072
488	1	30	072
4659	14	3793	072
1956	6	2008	072
771	6	30	072
473	6	2082	072
1127	1	846	072
629	1	30	072
114	1	116	072
8824	23	2977	072
656	6	30	072
1478	1	114	072
1959	6	2008	072
1473	1	114	072
734	15	4977	072
2008	15	4988	072
2135	6	2008	072
142	6	30	072
2207	12	2155	072
8571	23	12518	072
1912	6	259	072
8983	17	6791	072
8863	17	5816	072
1958	6	2061	072
3218	12	2018	072
44	6	30	072
2138	6	2008	072
2993	23	2939	072
1588	6	30	072
2101	6	2008	072
2003	6	30	072
3225	23	2938	073
2097	6	30	073
2539	9	2482	073
2129	6	30	073
5238	15	5088	073
2644	9	2593	073
199	1	189	073
3021	10	2924	073
5308	15	5088	073
1931	6	116	073
492	1	493	073
3231	12	29	073
2692	9	2476	073
811	1	416	073
12	1	14	073
776	1	493	073
2808	10	2924	073
2153	6	30	073
8957	23	2922	073
3208	12	2082	073
169	6	173	073
284	6	2008	073
1941	5	1943	073
55	6	30	073
4361	14	4362	073
3113	11	3102	073
3237	12	116	073
2079	6	30	073
1898	23	2997	073
3227	12	46	073
19	6	2008	073
1894	23	2920	073
728	1	405	073
229	15	4988	073
1525	6	29	073
771	1	629	073
4659	14	3512	073
1502	1	416	073
3242	12	2009	073
610	1	416	073
443	1	416	073
3211	12	2082	073
717	1	636	073
473	1	416	073
5133	15	5088	073
831	1	416	073
733	1	731	073
613	1	416	073
2010	6	2008	073
845	1	28	073
2080	6	116	073
228	1	229	073
1922	6	2061	073
2007	6	2008	073
846	1	397	073
921	6	30	073
178	6	116	073
4911	14	4117	073
1644	1	207	073
2530	14	3431	073
178	1	179	073
3577	14	3437	073
2	6	30	073
188	1	189	073
1133	6	30	073
5214	15	5088	073
818	1	416	073
292	1	120	073
919	1	921	073
3062	10	2924	073
1975	6	2008	073
598	6	30	073
8863	17	5935	073
2020	6	2008	073
812	1	416	073
2026	6	30	073
8863	17	6190	073
588	6	30	073
1871	12	2155	073
2057	6	173	073
2130	6	2008	073
428	6	259	073
2131	6	2008	073
25	15	5024	073
3142	14	3509	073
1363	1	27	073
480	15	4990	073
1429	6	30	073
675	15	4990	073
17	6	30	073
921	1	30	073
810	1	416	073
310	15	5088	073
1961	6	2008	073
659	1	341	073
729	1	731	073
3032	10	2940	073
675	15	5120	073
822	1	416	073
2119	6	2008	073
8955	23	2939	073
25	15	4990	073
25	6	30	073
578	1	28	073
1110	15	5120	073
3217	12	28	073
47	1	30	073
44	5	25	073
2140	6	2008	073
380	6	30	073
728	15	4988	073
1947	6	173	073
1133	15	4990	073
630	6	30	073
2159	6	30	073
2102	6	2008	073
734	15	4977	073
800	1	416	073
3101	11	3102	073
205	1	207	073
478	1	479	073
759	1	28	073
492	15	5088	073
1592	6	30	073
2074	6	2075	073
597	15	5088	073
478	1	444	073
9420	23	2939	073
3209	12	30	073
2049	6	30	073
8812	17	6190	073
113	6	30	073
728	1	259	073
1930	15	4977	073
3232	12	29	073
47	6	30	073
2069	6	1561	073
1100	6	28	073
2176	6	2061	073
2082	15	4988	073
3018	23	2977	073
729	15	4990	073
5348	15	5088	073
253	6	30	073
1941	6	2008	073
2077	6	2061	073
769	1	28	073
415	1	416	073
2718	9	2482	073
2119	6	2045	073
4659	14	3793	073
8863	17	5818	073
776	15	5088	073
3189	12	2040	073
2094	6	2083	073
2791	9	2476	073
2073	6	2008	073
396	6	30	073
2126	6	2008	073
1983	6	728	073
3193	12	2155	073
2142	6	2008	073
2693	12	28	073
8863	17	5817	073
85	6	116	073
303	1	416	073
2094	6	2096	073
2539	9	2540	073
3187	23	12518	073
12552	23	12525	073
228	6	229	073
2903	11	3089	073
205	15	4990	073
2059	6	2061	073
832	1	416	073
2011	6	30	073
7024	17	5818	073
2161	6	2061	073
205	6	30	073
2008	9	259	073
1866	12	170	073
3093	23	12538	073
488	1	30	073
1956	6	2008	073
2102	6	2082	073
771	6	30	073
473	6	2082	073
1127	1	846	073
629	1	30	073
114	1	116	073
8824	23	2977	073
656	6	30	073
1478	1	114	073
1959	6	2008	073
1473	1	114	073
734	15	4977	073
2008	15	4988	073
2135	6	2008	073
142	6	30	073
2207	12	2155	073
8571	23	12518	073
1912	6	259	073
8863	17	5816	073
1958	6	2061	073
1970	6	2083	073
3218	12	2018	073
44	6	30	073
2138	6	2008	073
2993	23	2939	073
1588	6	30	073
2101	6	2008	073
2003	6	30	073
3225	23	2938	074
2097	6	30	074
2539	9	2482	074
2129	6	30	074
5238	15	5088	074
2644	9	2593	074
199	1	189	074
3021	10	2924	074
5308	15	5088	074
1931	6	116	074
492	1	493	074
3231	12	29	074
2692	9	2476	074
811	1	416	074
12	1	14	074
776	1	493	074
2808	10	2924	074
2153	6	30	074
8957	23	2922	074
3208	12	2082	074
169	6	173	074
284	6	2008	074
1941	5	1943	074
55	6	30	074
4361	14	4362	074
3113	11	3102	074
3237	12	116	074
2079	6	30	074
1898	23	2997	074
3227	12	46	074
19	6	2008	074
1894	23	2920	074
728	1	405	074
229	15	4988	074
1525	6	29	074
771	1	629	074
1502	1	416	074
3242	12	2009	074
1970	6	2082	074
610	1	416	074
443	1	416	074
3211	12	2082	074
717	1	636	074
473	1	416	074
5133	15	5088	074
831	1	416	074
733	1	731	074
613	1	416	074
2010	6	2008	074
845	1	28	074
2080	6	116	074
228	1	229	074
1922	6	2061	074
2007	6	2008	074
846	1	397	074
921	6	30	074
178	6	116	074
4911	14	4117	074
1644	1	207	074
2530	14	3431	074
178	1	179	074
3577	14	3437	074
2	6	30	074
188	1	189	074
1133	6	30	074
5214	15	5088	074
818	1	416	074
292	1	120	074
919	1	921	074
2744	9	2593	074
1975	6	2008	074
598	6	30	074
8863	17	5935	074
2020	6	2008	074
812	1	416	074
2026	6	30	074
8863	17	6190	074
588	6	30	074
1871	12	2155	074
2057	6	173	074
2130	6	2008	074
428	6	259	074
2131	6	2008	074
25	15	5024	074
3142	14	3509	074
1363	1	27	074
480	15	4990	074
1429	6	30	074
675	15	4990	074
17	6	30	074
921	1	30	074
810	1	416	074
310	15	5088	074
1961	6	2008	074
659	1	341	074
729	1	731	074
3032	10	2940	074
675	15	5120	074
822	1	416	074
2119	6	2008	074
8955	23	2939	074
25	15	4990	074
25	6	30	074
578	1	28	074
1110	15	5120	074
3217	12	28	074
47	1	30	074
44	5	25	074
2140	6	2008	074
380	6	30	074
728	15	4988	074
1947	6	173	074
1133	15	4990	074
630	6	30	074
2159	6	30	074
734	15	4977	074
800	1	416	074
3101	11	3102	074
205	1	207	074
478	1	479	074
759	1	28	074
492	15	5088	074
1592	6	30	074
2074	6	2075	074
597	15	5088	074
478	1	444	074
9420	23	2939	074
3209	12	30	074
2049	6	30	074
8812	17	6190	074
2133	6	2040	074
113	6	30	074
728	1	259	074
1930	15	4977	074
3232	12	29	074
47	6	30	074
1100	6	28	074
2176	6	2061	074
2094	6	2040	074
2082	15	4988	074
3018	23	2977	074
729	15	4990	074
5348	15	5088	074
253	6	30	074
1941	6	2008	074
2077	6	2061	074
769	1	28	074
415	1	416	074
2718	9	2482	074
2119	6	2045	074
4659	14	3793	074
8863	17	5818	074
776	15	5088	074
3189	12	2040	074
2094	6	2083	074
2791	9	2476	074
2073	6	2008	074
396	6	30	074
2126	6	2008	074
1983	6	728	074
3193	12	2155	074
2142	6	2008	074
2693	12	28	074
8863	17	5817	074
85	6	116	074
303	1	416	074
2539	9	2540	074
3187	23	12518	074
12552	23	12525	074
228	6	229	074
2903	11	3089	074
205	15	4990	074
2059	6	2061	074
832	1	416	074
2011	6	30	074
2161	6	2061	074
205	6	30	074
2008	9	259	074
1866	12	170	074
3093	23	12538	074
488	1	30	074
1956	6	2008	074
2102	6	2082	074
771	6	30	074
473	6	2082	074
1127	1	846	074
629	1	30	074
114	1	116	074
8824	23	2977	074
656	6	30	074
1478	1	114	074
1959	6	2008	074
1473	1	114	074
734	15	4977	074
2008	15	4988	074
2135	6	2008	074
142	6	30	074
2207	12	2155	074
8571	23	12518	074
1912	6	259	074
8863	17	5816	074
1958	6	2061	074
1970	6	2083	074
3218	12	2018	074
44	6	30	074
2138	6	2008	074
2993	23	2939	074
1588	6	30	074
2101	6	2008	074
2003	6	30	074
3225	23	2938	075
2097	6	30	075
2539	9	2482	075
2129	6	30	075
5238	15	5088	075
2644	9	2593	075
199	1	189	075
3021	10	2924	075
5308	15	5088	075
1931	6	116	075
492	1	493	075
4395	14	3771	075
3231	12	29	075
2692	9	2476	075
811	1	416	075
12	1	14	075
776	1	493	075
2808	10	2924	075
2153	6	30	075
8957	23	2922	075
3208	12	2082	075
169	6	173	075
284	6	2008	075
3211	12	2120	075
1941	5	1943	075
55	6	30	075
4361	14	4362	075
3113	11	3102	075
3237	12	116	075
2079	6	30	075
1898	23	2997	075
2744	10	2924	075
3227	12	46	075
19	6	2008	075
1894	23	2920	075
728	1	405	075
229	15	4988	075
1525	6	29	075
771	1	629	075
1502	1	416	075
3242	12	2009	075
1970	6	2082	075
610	1	416	075
443	1	416	075
3211	12	2082	075
717	1	636	075
3211	14	3426	075
473	1	416	075
5133	15	5088	075
831	1	416	075
733	1	731	075
613	1	416	075
2010	6	2008	075
845	1	28	075
2080	6	116	075
228	1	229	075
1922	6	2061	075
2007	6	2008	075
846	1	397	075
921	6	30	075
178	6	116	075
3208	12	2120	075
4911	14	4117	075
1644	1	207	075
2530	14	3431	075
178	1	179	075
3577	14	3437	075
2	6	30	075
188	1	189	075
1133	6	30	075
5214	15	5088	075
818	1	416	075
292	1	120	075
919	1	921	075
2744	9	2593	075
1975	6	2008	075
598	6	30	075
8863	17	5935	075
2020	6	2008	075
812	1	416	075
2026	6	30	075
8863	17	6190	075
588	6	30	075
1871	12	2155	075
2057	6	173	075
2130	6	2008	075
428	6	259	075
2131	6	2008	075
25	15	5024	075
3142	14	3509	075
1363	1	27	075
480	15	4990	075
1429	6	30	075
675	15	4990	075
17	6	30	075
921	1	30	075
810	1	416	075
310	15	5088	075
1961	6	2008	075
8179	17	6491	075
659	1	341	075
729	1	731	075
3032	10	2940	075
675	15	5120	075
3211	14	4342	075
822	1	416	075
2119	6	2008	075
2102	6	2040	075
8955	23	2939	075
25	15	4990	075
25	6	30	075
578	1	28	075
1110	15	5120	075
3217	12	28	075
47	1	30	075
44	5	25	075
2140	6	2008	075
380	6	30	075
728	15	4988	075
1947	6	173	075
1133	15	4990	075
630	6	30	075
2812	10	2924	075
2159	6	30	075
734	15	4977	075
800	1	416	075
3101	11	3102	075
205	1	207	075
478	1	479	075
759	1	28	075
492	15	5088	075
1592	6	30	075
2074	6	2075	075
597	15	5088	075
478	1	444	075
9420	23	2939	075
3209	12	30	075
2049	6	30	075
8812	17	6190	075
2133	6	2040	075
113	6	30	075
728	1	259	075
1930	15	4977	075
3232	12	29	075
47	6	30	075
1100	6	28	075
2176	6	2061	075
2094	6	2040	075
2082	15	4988	075
3018	23	2977	075
729	15	4990	075
5348	15	5088	075
253	6	30	075
1941	6	2008	075
2077	6	2061	075
769	1	28	075
415	1	416	075
2718	9	2482	075
2119	6	2045	075
4659	14	3793	075
8863	17	5818	075
776	15	5088	075
3189	12	2040	075
2791	9	2476	075
2073	6	2008	075
396	6	30	075
2126	6	2008	075
1983	6	728	075
3193	12	2155	075
2142	6	2008	075
2693	12	28	075
8863	17	5817	075
85	6	116	075
303	1	416	075
3211	14	3428	075
2539	9	2540	075
3187	23	12518	075
12552	23	12525	075
1970	6	2040	075
228	6	229	075
2903	11	3089	075
205	15	4990	075
3211	14	3427	075
2059	6	2061	075
832	1	416	075
2011	6	30	075
473	6	2040	075
2161	6	2061	075
205	6	30	075
2008	9	259	075
1866	12	170	075
3093	23	12538	075
488	1	30	075
1860	23	3002	075
1956	6	2008	075
2102	6	2082	075
771	6	30	075
473	6	2082	075
1127	1	846	075
629	1	30	075
114	1	116	075
8824	23	2977	075
656	6	30	075
1478	1	114	075
1959	6	2008	075
1473	1	114	075
734	15	4977	075
2008	15	4988	075
2135	6	2008	075
142	6	30	075
2207	12	2155	075
8571	23	12518	075
1912	6	259	075
8863	17	5816	075
1958	6	2061	075
3218	12	2018	075
44	6	30	075
2138	6	2008	075
2993	23	2939	075
1588	6	30	075
2101	6	2008	075
2003	6	30	075
3225	23	2938	076
2097	6	30	076
2539	9	2482	076
2129	6	30	076
5238	15	5088	076
2644	9	2593	076
199	1	189	076
3021	10	2924	076
5308	15	5088	076
1931	6	116	076
492	1	493	076
4395	14	3771	076
3231	12	29	076
2692	9	2476	076
811	1	416	076
12	1	14	076
776	1	493	076
2808	10	2924	076
2153	6	30	076
8957	23	2922	076
169	6	173	076
284	6	2008	076
3211	12	2120	076
1941	5	1943	076
55	6	30	076
4361	14	4362	076
3113	11	3102	076
3237	12	116	076
2079	6	30	076
1898	23	2997	076
2744	10	2924	076
3227	12	46	076
19	6	2008	076
1894	23	2920	076
728	1	405	076
229	15	4988	076
1525	6	29	076
771	1	629	076
1502	1	416	076
3242	12	2009	076
610	1	416	076
443	1	416	076
717	1	636	076
3211	14	3426	076
473	1	416	076
5133	15	5088	076
831	1	416	076
733	1	731	076
613	1	416	076
2010	6	2008	076
845	1	28	076
2080	6	116	076
228	1	229	076
1922	6	2061	076
2007	6	2008	076
846	1	397	076
921	6	30	076
178	6	116	076
3208	12	2120	076
4911	14	4117	076
1644	1	207	076
2530	14	3431	076
178	1	179	076
3577	14	3437	076
2	6	30	076
188	1	189	076
1133	6	30	076
5214	15	5088	076
818	1	416	076
292	1	120	076
919	1	921	076
2744	9	2593	076
1975	6	2008	076
2793	10	2924	076
598	6	30	076
8863	17	5935	076
2020	6	2008	076
812	1	416	076
2026	6	30	076
8863	17	6190	076
588	6	30	076
1871	12	2155	076
2057	6	173	076
2130	6	2008	076
428	6	259	076
2131	6	2008	076
25	15	5024	076
3142	14	3509	076
1363	1	27	076
480	15	4990	076
1429	6	30	076
675	15	4990	076
17	6	30	076
921	1	30	076
810	1	416	076
310	15	5088	076
1961	6	2008	076
659	1	341	076
729	1	731	076
3032	10	2940	076
675	15	5120	076
822	1	416	076
2119	6	2008	076
2102	6	2040	076
8955	23	2939	076
25	15	4990	076
25	6	30	076
578	1	28	076
1110	15	5120	076
3217	12	28	076
47	1	30	076
44	5	25	076
2140	6	2008	076
380	6	30	076
728	15	4988	076
1947	6	173	076
1133	15	4990	076
630	6	30	076
2812	10	2924	076
2159	6	30	076
734	15	4977	076
800	1	416	076
3101	11	3102	076
205	1	207	076
478	1	479	076
1860	23	3060	076
759	1	28	076
492	15	5088	076
1592	6	30	076
2074	6	2075	076
597	15	5088	076
478	1	444	076
9420	23	2939	076
3209	12	30	076
2049	6	30	076
8812	17	6190	076
2133	6	2040	076
113	6	30	076
728	1	259	076
1930	15	4977	076
3232	12	29	076
47	6	30	076
1100	6	28	076
2176	6	2061	076
2094	6	2040	076
3018	23	2977	076
729	15	4990	076
5348	15	5088	076
253	6	30	076
1941	6	2008	076
2077	6	2061	076
769	1	28	076
415	1	416	076
2718	9	2482	076
2119	6	2045	076
4659	14	3793	076
8863	17	5818	076
776	15	5088	076
3189	12	2040	076
2791	9	2476	076
2073	6	2008	076
396	6	30	076
2126	6	2008	076
1983	6	728	076
3193	12	2155	076
2142	6	2008	076
2693	12	28	076
8863	17	5817	076
85	6	116	076
303	1	416	076
3211	14	3428	076
2539	9	2540	076
3187	23	12518	076
12552	23	12525	076
1970	6	2040	076
228	6	229	076
2903	11	3089	076
205	15	4990	076
3211	14	3427	076
2059	6	2061	076
832	1	416	076
2011	6	30	076
473	6	2040	076
2161	6	2061	076
205	6	30	076
2008	9	259	076
1866	12	170	076
3093	23	12538	076
488	1	30	076
1860	23	3002	076
1956	6	2008	076
771	6	30	076
1127	1	846	076
629	1	30	076
114	1	116	076
8824	23	2977	076
656	6	30	076
1478	1	114	076
1959	6	2008	076
1473	1	114	076
734	15	4977	076
2008	15	4988	076
2135	6	2008	076
142	6	30	076
2207	12	2155	076
8571	23	12518	076
1912	6	259	076
8863	17	5816	076
1958	6	2061	076
3218	12	2018	076
44	6	30	076
2138	6	2008	076
2993	23	2939	076
1588	6	30	076
2101	6	2008	076
2003	6	30	076
3225	23	2938	077
2097	6	30	077
2539	9	2482	077
2129	6	30	077
5238	15	5088	077
2644	9	2593	077
199	1	189	077
3021	10	2924	077
5308	15	5088	077
1931	6	116	077
492	1	493	077
4395	14	3771	077
3231	12	29	077
2692	9	2476	077
811	1	416	077
12	1	14	077
776	1	493	077
2808	10	2924	077
2153	6	30	077
8957	23	2922	077
169	6	173	077
284	6	2008	077
3211	12	2120	077
1941	5	1943	077
55	6	30	077
4361	14	4362	077
3113	11	3102	077
3237	12	116	077
2079	6	30	077
1898	23	2997	077
2744	10	2924	077
3227	12	46	077
19	6	2008	077
1894	23	2920	077
728	1	405	077
229	15	4988	077
1525	6	29	077
771	1	629	077
1502	1	416	077
3242	12	2009	077
610	1	416	077
443	1	416	077
717	1	636	077
473	1	416	077
5133	15	5088	077
831	1	416	077
733	1	731	077
613	1	416	077
2010	6	2008	077
845	1	28	077
2080	6	116	077
228	1	229	077
1922	6	2061	077
2007	6	2008	077
846	1	397	077
921	6	30	077
178	6	116	077
3208	12	2120	077
4911	14	4117	077
1644	1	207	077
2530	14	3431	077
178	1	179	077
3577	14	3437	077
2	6	30	077
188	1	189	077
1133	6	30	077
5214	15	5088	077
818	1	416	077
292	1	120	077
919	1	921	077
2744	9	2593	077
1975	6	2008	077
2793	10	2924	077
598	6	30	077
8863	17	5935	077
2020	6	2008	077
812	1	416	077
2026	6	30	077
8863	17	6190	077
588	6	30	077
1871	12	2155	077
2057	6	173	077
2130	6	2008	077
428	6	259	077
2131	6	2008	077
25	15	5024	077
3142	14	3509	077
1363	1	27	077
480	15	4990	077
1429	6	30	077
675	15	4990	077
17	6	30	077
921	1	30	077
810	1	416	077
310	15	5088	077
1961	6	2008	077
659	1	341	077
729	1	731	077
3032	10	2940	077
675	15	5120	077
822	1	416	077
2119	6	2008	077
2102	6	2040	077
8955	23	2939	077
25	15	4990	077
25	6	30	077
578	1	28	077
1110	15	5120	077
3217	12	28	077
47	1	30	077
44	5	25	077
2140	6	2008	077
380	6	30	077
728	15	4988	077
1947	6	173	077
1133	15	4990	077
630	6	30	077
2812	10	2924	077
2159	6	30	077
734	15	4977	077
800	1	416	077
3101	11	3102	077
205	1	207	077
478	1	479	077
1860	23	3060	077
759	1	28	077
492	15	5088	077
1592	6	30	077
2074	6	2075	077
597	15	5088	077
478	1	444	077
9420	23	2939	077
3209	12	30	077
2049	6	30	077
8812	17	6190	077
2133	6	2040	077
113	6	30	077
728	1	259	077
1930	15	4977	077
3232	12	29	077
47	6	30	077
1100	6	28	077
2176	6	2061	077
2094	6	2040	077
3018	23	2977	077
729	15	4990	077
5348	15	5088	077
253	6	30	077
1941	6	2008	077
2077	6	2061	077
769	1	28	077
415	1	416	077
2718	9	2482	077
2119	6	2045	077
4659	14	3793	077
8863	17	5818	077
776	15	5088	077
3189	12	2040	077
2791	9	2476	077
2073	6	2008	077
396	6	30	077
2126	6	2008	077
1983	6	728	077
3193	12	2155	077
2142	6	2008	077
2693	12	28	077
8863	17	5817	077
85	6	116	077
303	1	416	077
2539	9	2540	077
3187	23	12518	077
12552	23	12525	077
1970	6	2040	077
228	6	229	077
2903	11	3089	077
205	15	4990	077
2059	6	2061	077
832	1	416	077
2011	6	30	077
473	6	2040	077
2161	6	2061	077
205	6	30	077
2008	9	259	077
1866	12	170	077
3093	23	12538	077
488	1	30	077
1956	6	2008	077
771	6	30	077
1127	1	846	077
629	1	30	077
114	1	116	077
8824	23	2977	077
656	6	30	077
1478	1	114	077
1959	6	2008	077
1473	1	114	077
734	15	4977	077
2008	15	4988	077
2135	6	2008	077
142	6	30	077
2207	12	2155	077
8571	23	12518	077
1912	6	259	077
8863	17	5816	077
1958	6	2061	077
3218	12	2018	077
44	6	30	077
2138	6	2008	077
2993	23	2939	077
1588	6	30	077
2101	6	2008	077
2003	6	30	077
3225	23	2938	078
2097	6	30	078
2539	9	2482	078
2129	6	30	078
5238	15	5088	078
2644	9	2593	078
199	1	189	078
3021	10	2924	078
5308	15	5088	078
1931	6	116	078
492	1	493	078
4395	14	3771	078
3231	12	29	078
2692	9	2476	078
811	1	416	078
12	1	14	078
776	1	493	078
2808	10	2924	078
2153	6	30	078
8957	23	2922	078
169	6	173	078
284	6	2008	078
3211	12	2120	078
1941	5	1943	078
55	6	30	078
3113	11	3102	078
3237	12	116	078
2079	6	30	078
1898	23	2997	078
2744	10	2924	078
3227	12	46	078
19	6	2008	078
1894	23	2920	078
728	1	405	078
229	15	4988	078
1525	6	29	078
771	1	629	078
1502	1	416	078
3242	12	2009	078
610	1	416	078
443	1	416	078
717	1	636	078
473	1	416	078
5133	15	5088	078
831	1	416	078
733	1	731	078
613	1	416	078
2010	6	2008	078
845	1	28	078
2080	6	116	078
228	1	229	078
1922	6	2061	078
2007	6	2008	078
846	1	397	078
921	6	30	078
178	6	116	078
3208	12	2120	078
4911	14	4117	078
1644	1	207	078
2530	14	3431	078
178	1	179	078
3577	14	3437	078
2	6	30	078
188	1	189	078
1133	6	30	078
5214	15	5088	078
818	1	416	078
292	1	120	078
919	1	921	078
2744	9	2593	078
1975	6	2008	078
2793	10	2924	078
598	6	30	078
8863	17	5935	078
2020	6	2008	078
812	1	416	078
2026	6	30	078
8863	17	6190	078
588	6	30	078
1871	12	2155	078
2057	6	173	078
2130	6	2008	078
428	6	259	078
2131	6	2008	078
25	15	5024	078
3142	14	3509	078
1363	1	27	078
480	15	4990	078
1429	6	30	078
675	15	4990	078
17	6	30	078
921	1	30	078
810	1	416	078
310	15	5088	078
1961	6	2008	078
659	1	341	078
729	1	731	078
3032	10	2940	078
675	15	5120	078
822	1	416	078
2119	6	2008	078
2102	6	2040	078
8955	23	2939	078
25	15	4990	078
25	6	30	078
578	1	28	078
1110	15	5120	078
3217	12	28	078
47	1	30	078
44	5	25	078
2140	6	2008	078
380	6	30	078
728	15	4988	078
1947	6	173	078
1133	15	4990	078
630	6	30	078
2812	10	2924	078
2159	6	30	078
734	15	4977	078
800	1	416	078
3101	11	3102	078
205	1	207	078
478	1	479	078
759	1	28	078
492	15	5088	078
1592	6	30	078
2074	6	2075	078
597	15	5088	078
3735	14	3736	078
478	1	444	078
9420	23	2939	078
3209	12	30	078
1860	23	2940	078
2049	6	30	078
8812	17	6190	078
2133	6	2040	078
113	6	30	078
728	1	259	078
1930	15	4977	078
3232	12	29	078
47	6	30	078
1100	6	28	078
2176	6	2061	078
2094	6	2040	078
3018	23	2977	078
729	15	4990	078
5348	15	5088	078
253	6	30	078
1941	6	2008	078
2077	6	2061	078
769	1	28	078
415	1	416	078
2718	9	2482	078
2119	6	2045	078
4659	14	3793	078
8863	17	5818	078
776	15	5088	078
3189	12	2040	078
2791	9	2476	078
2073	6	2008	078
396	6	30	078
2126	6	2008	078
1983	6	728	078
3193	12	2155	078
2142	6	2008	078
2693	12	28	078
8863	17	5817	078
85	6	116	078
303	1	416	078
2539	9	2540	078
3187	23	12518	078
12552	23	12525	078
1970	6	2040	078
228	6	229	078
2903	11	3089	078
205	15	4990	078
2059	6	2061	078
832	1	416	078
2011	6	30	078
473	6	2040	078
2161	6	2061	078
205	6	30	078
2008	9	259	078
1866	12	170	078
3093	23	12538	078
488	1	30	078
1956	6	2008	078
771	6	30	078
1127	1	846	078
629	1	30	078
114	1	116	078
8824	23	2977	078
656	6	30	078
1478	1	114	078
1959	6	2008	078
1473	1	114	078
734	15	4977	078
2008	15	4988	078
2135	6	2008	078
142	6	30	078
2207	12	2155	078
8571	23	12518	078
1912	6	259	078
8863	17	5816	078
1958	6	2061	078
3218	12	2018	078
44	6	30	078
2138	6	2008	078
2993	23	2939	078
1588	6	30	078
2101	6	2008	078
2003	6	30	078
3225	23	2938	079
2097	6	30	079
2539	9	2482	079
2129	6	30	079
5238	15	5088	079
2521	9	2482	079
2644	9	2593	079
199	1	189	079
3021	10	2924	079
3735	14	3737	079
5308	15	5088	079
1931	6	116	079
492	1	493	079
4395	14	3771	079
3231	12	29	079
2692	9	2476	079
811	1	416	079
12	1	14	079
776	1	493	079
2808	10	2924	079
2153	6	30	079
8957	23	2922	079
169	6	173	079
284	6	2008	079
3211	12	2120	079
1941	5	1943	079
55	6	30	079
3113	11	3102	079
3237	12	116	079
2079	6	30	079
1898	23	2997	079
2744	10	2924	079
3227	12	46	079
19	6	2008	079
1894	23	2920	079
728	1	405	079
229	15	4988	079
1525	6	29	079
771	1	629	079
1502	1	416	079
3242	12	2009	079
610	1	416	079
443	1	416	079
717	1	636	079
473	1	416	079
5133	15	5088	079
831	1	416	079
733	1	731	079
613	1	416	079
2010	6	2008	079
845	1	28	079
2080	6	116	079
228	1	229	079
1922	6	2061	079
2007	6	2008	079
846	1	397	079
921	6	30	079
178	6	116	079
3208	12	2120	079
4911	14	4117	079
1644	1	207	079
2530	14	3431	079
178	1	179	079
3577	14	3437	079
2	6	30	079
2845	10	2977	079
188	1	189	079
1133	6	30	079
5214	15	5088	079
818	1	416	079
292	1	120	079
919	1	921	079
2744	9	2593	079
1975	6	2008	079
2793	10	2924	079
598	6	30	079
8863	17	5935	079
2020	6	2008	079
812	1	416	079
2026	6	30	079
8863	17	6190	079
588	6	30	079
1871	12	2155	079
2057	6	173	079
2130	6	2008	079
428	6	259	079
2131	6	2008	079
25	15	5024	079
3142	14	3509	079
1363	1	27	079
480	15	4990	079
1429	6	30	079
1860	4	1833	079
675	15	4990	079
17	6	30	079
921	1	30	079
810	1	416	079
310	15	5088	079
1961	6	2008	079
659	1	341	079
729	1	731	079
3032	10	2940	079
675	15	5120	079
822	1	416	079
2119	6	2008	079
309	15	5088	079
2102	6	2040	079
8955	23	2939	079
25	15	4990	079
25	6	30	079
578	1	28	079
1110	15	5120	079
3217	12	28	079
47	1	30	079
44	5	25	079
2140	6	2008	079
380	6	30	079
728	15	4988	079
1947	6	173	079
1133	15	4990	079
630	6	30	079
2812	10	2924	079
2159	6	30	079
734	15	4977	079
800	1	416	079
3101	11	3102	079
205	1	207	079
478	1	479	079
759	1	28	079
492	15	5088	079
1592	6	30	079
2074	6	2075	079
597	15	5088	079
3735	14	3736	079
478	1	444	079
9420	23	2939	079
3209	12	30	079
1860	23	2940	079
2049	6	30	079
8812	17	6190	079
2133	6	2040	079
113	6	30	079
728	1	259	079
1930	15	4977	079
3232	12	29	079
47	6	30	079
1100	6	28	079
2176	6	2061	079
2094	6	2040	079
3018	23	2977	079
729	15	4990	079
5348	15	5088	079
253	6	30	079
1941	6	2008	079
2077	6	2061	079
769	1	28	079
415	1	416	079
2718	9	2482	079
2119	6	2045	079
4659	14	3793	079
8863	17	5818	079
776	15	5088	079
3189	12	2040	079
2791	9	2476	079
2073	6	2008	079
396	6	30	079
2126	6	2008	079
1983	6	728	079
3193	12	2155	079
2142	6	2008	079
2693	12	28	079
8863	17	5817	079
85	6	116	079
303	1	416	079
2539	9	2540	079
3187	23	12518	079
12552	23	12525	079
1970	6	2040	079
228	6	229	079
2903	11	3089	079
205	15	4990	079
2059	6	2061	079
832	1	416	079
2011	6	30	079
473	6	2040	079
2161	6	2061	079
205	6	30	079
2008	9	259	079
1866	12	170	079
3093	23	12538	079
488	1	30	079
1956	6	2008	079
3142	14	3793	079
771	6	30	079
1127	1	846	079
629	1	30	079
114	1	116	079
8824	23	2977	079
656	6	30	079
1478	1	114	079
1959	6	2008	079
1473	1	114	079
734	15	4977	079
2008	15	4988	079
2135	6	2008	079
142	6	30	079
2207	12	2155	079
8571	23	12518	079
1912	6	259	079
8863	17	5816	079
1958	6	2061	079
3218	12	2018	079
44	6	30	079
2138	6	2008	079
2993	23	2939	079
1588	6	30	079
2101	6	2008	079
2003	6	30	079
3225	23	2938	080
2097	6	30	080
2539	9	2482	080
2129	6	30	080
5238	15	5088	080
2521	9	2482	080
2644	9	2593	080
199	1	189	080
3021	10	2924	080
3735	14	3737	080
5308	15	5088	080
169	6	2043	080
2812	9	2517	080
1931	6	116	080
492	1	493	080
4395	14	3771	080
3231	12	29	080
2692	9	2476	080
811	1	416	080
12	1	14	080
776	1	493	080
2808	10	2924	080
2153	6	30	080
8957	23	2922	080
169	6	173	080
284	6	2008	080
3211	12	2120	080
1941	5	1943	080
55	6	30	080
3113	11	3102	080
3237	12	116	080
2079	6	30	080
1898	23	2997	080
2744	10	2924	080
3227	12	46	080
19	6	2008	080
1894	23	2920	080
728	1	405	080
229	15	4988	080
1525	6	29	080
771	1	629	080
1502	1	416	080
3242	12	2009	080
610	1	416	080
443	1	416	080
717	1	636	080
473	1	416	080
5133	15	5088	080
831	1	416	080
733	1	731	080
613	1	416	080
2010	6	2008	080
845	1	28	080
2080	6	116	080
228	1	229	080
1922	6	2061	080
2007	6	2008	080
846	1	397	080
428	6	2043	080
921	6	30	080
178	6	116	080
3208	12	2120	080
4911	14	4117	080
1644	1	207	080
2530	14	3431	080
178	1	179	080
3577	14	3437	080
2	6	30	080
2845	10	2977	080
188	1	189	080
1133	6	30	080
5214	15	5088	080
818	1	416	080
292	1	120	080
919	1	921	080
2744	9	2593	080
1975	6	2008	080
2793	10	2924	080
598	6	30	080
8863	17	5935	080
2020	6	2008	080
812	1	416	080
2026	6	30	080
8863	17	6190	080
588	6	30	080
1871	12	2155	080
2057	6	173	080
2130	6	2008	080
428	6	259	080
2131	6	2008	080
25	15	5024	080
1363	1	27	080
480	15	4990	080
1429	6	30	080
284	1	189	080
675	15	4990	080
17	6	30	080
921	1	30	080
7024	17	5817	080
810	1	416	080
310	15	5088	080
1961	6	2008	080
659	1	341	080
729	1	731	080
3032	10	2940	080
675	15	5120	080
822	1	416	080
2119	6	2008	080
309	15	5088	080
2119	6	2120	080
2102	6	2040	080
8955	23	2939	080
25	15	4990	080
25	6	30	080
578	1	28	080
1110	15	5120	080
3217	12	28	080
2101	6	2040	080
47	1	30	080
44	5	25	080
675	6	173	080
2140	6	2008	080
380	6	30	080
728	15	4988	080
1947	6	173	080
6539	17	6066	080
1133	15	4990	080
630	6	30	080
2812	10	2924	080
2159	6	30	080
734	15	4977	080
800	1	416	080
3101	11	3102	080
205	1	207	080
478	1	479	080
759	1	28	080
492	15	5088	080
1592	6	30	080
2074	6	2075	080
597	15	5088	080
478	1	444	080
9420	23	2939	080
3209	12	30	080
2049	6	30	080
8812	17	6190	080
2133	6	2040	080
113	6	30	080
728	1	259	080
1930	15	4977	080
3232	12	29	080
47	6	30	080
1100	6	28	080
2176	6	2061	080
2094	6	2040	080
3593	14	3463	080
3018	23	2977	080
729	15	4990	080
5348	15	5088	080
253	6	30	080
1941	6	2008	080
2077	6	2061	080
769	1	28	080
415	1	416	080
2718	9	2482	080
2119	6	2045	080
8863	17	5818	080
3211	14	3426	080
3211	14	3427	080
776	15	5088	080
3189	12	2040	080
2791	9	2476	080
2073	6	2008	080
396	6	30	080
2126	6	2008	080
1983	6	728	080
3193	12	2155	080
2142	6	2008	080
2693	12	28	080
8863	17	5817	080
85	6	116	080
303	1	416	080
284	6	2040	080
2539	9	2540	080
3187	23	12518	080
12552	23	12525	080
3142	14	3512	080
1970	6	2040	080
228	6	229	080
2903	11	3089	080
205	15	4990	080
2059	6	2061	080
832	1	416	080
2011	6	30	080
473	6	2040	080
2161	6	2061	080
205	6	30	080
2008	9	259	080
1866	12	170	080
3093	23	12538	080
488	1	30	080
1956	6	2008	080
3142	14	3793	080
4615	14	3737	080
771	6	30	080
1127	1	846	080
629	1	30	080
114	1	116	080
8824	23	2977	080
656	6	30	080
1478	1	114	080
1959	6	2008	080
3211	14	3428	080
1473	1	114	080
734	15	4977	080
2008	15	4988	080
2069	6	2018	080
2074	6	173	080
2135	6	2008	080
142	6	30	080
2207	12	2155	080
8571	23	12518	080
1912	6	259	080
8863	17	5816	080
1958	6	2061	080
3218	12	2018	080
44	6	30	080
2138	6	2008	080
2993	23	2939	080
1588	6	30	080
2101	6	2008	080
2116	6	2018	080
2003	6	30	080
3225	23	2938	081
2097	6	30	081
2046	6	2009	081
2539	9	2482	081
2129	6	30	081
5238	15	5088	081
2521	9	2482	081
2808	9	2517	081
2644	9	2593	081
199	1	189	081
3021	10	2924	081
5308	15	5088	081
169	6	2043	081
2812	9	2517	081
1931	6	116	081
492	1	493	081
4395	14	3771	081
3231	12	29	081
2692	9	2476	081
811	1	416	081
12	1	14	081
776	1	493	081
2808	10	2924	081
2153	6	30	081
8957	23	2922	081
2144	6	2009	081
3211	12	2120	081
1941	5	1943	081
55	6	30	081
2142	6	2009	081
3113	11	3102	081
3237	12	116	081
2079	6	30	081
1898	23	2997	081
2744	10	2924	081
3227	12	46	081
19	6	2008	081
1894	23	2920	081
8983	17	5818	081
728	1	405	081
229	15	4988	081
1525	6	29	081
771	1	629	081
1502	1	416	081
3242	12	2009	081
610	1	416	081
443	1	416	081
717	1	636	081
473	1	416	081
5133	15	5088	081
831	1	416	081
733	1	731	081
613	1	416	081
1961	6	2009	081
2010	6	2008	081
845	1	28	081
2130	6	2009	081
2080	6	116	081
228	1	229	081
1922	6	2061	081
2007	6	2008	081
846	1	397	081
428	6	2043	081
921	6	30	081
178	6	116	081
3208	12	2120	081
4911	14	4117	081
1644	1	207	081
2530	14	3431	081
178	1	179	081
3577	14	3437	081
2	6	30	081
2845	10	2977	081
188	1	189	081
1133	6	30	081
5214	15	5088	081
818	1	416	081
2140	6	2009	081
292	1	120	081
919	1	921	081
2744	9	2593	081
1975	6	2008	081
2793	10	2924	081
598	6	30	081
8863	17	5935	081
2020	6	2008	081
812	1	416	081
2026	6	30	081
8863	17	6190	081
588	6	30	081
1871	12	2155	081
2057	6	173	081
2130	6	2008	081
2131	6	2008	081
25	15	5024	081
1363	1	27	081
1959	6	2009	081
480	15	4990	081
1429	6	30	081
284	1	189	081
675	15	4990	081
17	6	30	081
921	1	30	081
810	1	416	081
310	15	5088	081
1961	6	2008	081
659	1	341	081
1975	6	2009	081
729	1	731	081
3032	10	2940	081
675	15	5120	081
822	1	416	081
309	15	5088	081
2073	6	2009	081
2119	6	2120	081
2102	6	2040	081
8955	23	2939	081
25	15	4990	081
25	6	30	081
578	1	28	081
1110	15	5120	081
1429	6	30	081
3217	12	28	081
2101	6	2040	081
47	1	30	081
44	5	25	081
675	6	173	081
5168	15	5088	081
2140	6	2008	081
380	6	30	081
728	15	4988	081
1947	6	173	081
1133	15	4990	081
630	6	30	081
2812	10	2924	081
2159	6	30	081
734	15	4977	081
800	1	416	081
2135	6	2009	081
3101	11	3102	081
205	1	207	081
478	1	479	081
675	1	320	081
759	1	28	081
5160	15	5088	081
492	15	5088	081
1592	6	30	081
597	15	5088	081
478	1	444	081
9420	23	2939	081
2126	6	2009	081
3209	12	30	081
2010	6	2009	081
2049	6	30	081
8812	17	6190	081
2133	6	2040	081
113	6	30	081
1930	15	4977	081
2138	6	2009	081
3232	12	29	081
47	6	30	081
1100	6	28	081
2176	6	2061	081
2094	6	2040	081
3018	23	2977	081
729	15	4990	081
1941	6	2009	081
5148	15	5088	081
5348	15	5088	081
253	6	30	081
1941	6	2008	081
2020	6	2009	081
2077	6	2061	081
769	1	28	081
415	1	416	081
2718	9	2482	081
2119	6	2045	081
8863	17	5818	081
3211	14	3426	081
2131	6	2009	081
3211	14	3427	081
776	15	5088	081
3189	12	2040	081
2791	9	2476	081
2073	6	2008	081
396	6	30	081
2126	6	2008	081
1983	6	728	081
3193	12	2155	081
2142	6	2008	081
2693	12	28	081
8863	17	5817	081
85	6	116	081
303	1	416	081
284	6	2040	081
2539	9	2540	081
3187	23	12518	081
2035	6	2009	081
12552	23	12525	081
3142	14	3512	081
1970	6	2040	081
228	6	229	081
2903	11	3089	081
205	15	4990	081
2059	6	2061	081
832	1	416	081
2011	6	30	081
473	6	2040	081
2161	6	2061	081
205	6	30	081
1866	12	170	081
3093	23	12538	081
488	1	30	081
2007	6	2009	081
1956	6	2008	081
4615	14	3737	081
771	6	30	081
1127	1	846	081
629	1	30	081
114	1	116	081
8824	23	2977	081
656	6	30	081
1478	1	114	081
1959	6	2008	081
1473	1	114	081
734	15	4977	081
2008	15	4988	081
2069	6	2018	081
2074	6	173	081
19	6	2009	081
2135	6	2008	081
142	6	30	081
2207	12	2155	081
8571	23	12518	081
1912	6	259	081
8863	17	5816	081
1958	6	2061	081
3218	12	2018	081
44	6	30	081
2138	6	2008	081
2993	23	2939	081
1956	6	2009	081
1588	6	30	081
2116	6	2018	081
2003	6	30	081
3225	23	2938	082
2097	6	30	082
2046	6	2009	082
2539	9	2482	082
2129	6	30	082
5238	15	5088	082
2521	9	2482	082
2808	9	2517	082
2773	14	3463	082
2644	9	2593	082
199	1	189	082
3021	10	2924	082
5308	15	5088	082
169	6	2043	082
2812	9	2517	082
1931	6	116	082
492	1	493	082
3231	12	29	082
2692	9	2476	082
811	1	416	082
12	1	14	082
776	1	493	082
2808	10	2924	082
2153	6	30	082
8957	23	2922	082
2144	6	2009	082
3211	12	2120	082
1941	5	1943	082
55	6	30	082
2142	6	2009	082
3113	11	3102	082
3237	12	116	082
2079	6	30	082
742	1	748	082
1898	23	2997	082
2744	10	2924	082
3227	12	46	082
1894	23	2920	082
728	1	405	082
229	15	4988	082
1525	6	29	082
771	1	629	082
1502	1	416	082
3242	12	2009	082
610	1	416	082
443	1	416	082
717	1	636	082
473	1	416	082
5133	15	5088	082
831	1	416	082
733	1	731	082
613	1	416	082
1961	6	2009	082
845	1	28	082
2130	6	2009	082
2080	6	116	082
228	1	229	082
1922	6	2061	082
846	1	397	082
428	6	2043	082
921	6	30	082
178	6	116	082
3208	12	2120	082
4911	14	4117	082
1644	1	207	082
2530	14	3431	082
178	1	179	082
3577	14	3437	082
2	6	30	082
2845	10	2977	082
188	1	189	082
1133	6	30	082
5214	15	5088	082
818	1	416	082
2140	6	2009	082
292	1	120	082
919	1	921	082
2744	9	2593	082
2793	10	2924	082
598	6	30	082
8863	17	5935	082
812	1	416	082
2026	6	30	082
8863	17	6190	082
588	6	30	082
1871	12	2155	082
2057	6	173	082
25	15	5024	082
1363	1	27	082
1959	6	2009	082
480	15	4990	082
284	1	189	082
675	15	4990	082
17	6	30	082
921	1	30	082
810	1	416	082
310	15	5088	082
659	1	341	082
1975	6	2009	082
729	1	731	082
3032	10	2940	082
675	15	5120	082
822	1	416	082
309	15	5088	082
2073	6	2009	082
2119	6	2120	082
2102	6	2040	082
8955	23	2939	082
25	15	4990	082
25	6	30	082
578	1	28	082
1110	15	5120	082
1429	6	30	082
3217	12	28	082
2101	6	2040	082
3142	11	3131	082
44	5	25	082
675	6	173	082
5168	15	5088	082
380	6	30	082
728	15	4988	082
1947	6	173	082
1133	15	4990	082
630	6	30	082
2812	10	2924	082
2159	6	30	082
734	15	4977	082
800	1	416	082
2135	6	2009	082
3101	11	3102	082
205	1	207	082
478	1	479	082
675	1	320	082
759	1	28	082
5160	15	5088	082
492	15	5088	082
1592	6	30	082
597	15	5088	082
478	1	444	082
9420	23	2939	082
2126	6	2009	082
3209	12	30	082
2010	6	2009	082
2049	6	30	082
8812	17	6190	082
2133	6	2040	082
113	6	30	082
1930	15	4977	082
2138	6	2009	082
3232	12	29	082
47	6	30	082
1100	6	28	082
2176	6	2061	082
2094	6	2040	082
3018	23	2977	082
729	15	4990	082
1941	6	2009	082
5148	15	5088	082
5348	15	5088	082
253	6	30	082
2020	6	2009	082
2077	6	2061	082
769	1	28	082
415	1	416	082
2718	9	2482	082
2119	6	2045	082
8863	17	5818	082
2131	6	2009	082
776	15	5088	082
3189	12	2040	082
2791	9	2476	082
396	6	30	082
3643	14	3491	082
1983	6	728	082
3193	12	2155	082
2693	12	28	082
8863	17	5817	082
85	6	116	082
303	1	416	082
284	6	2040	082
3848	14	3846	082
2539	9	2540	082
3187	23	12518	082
2035	6	2009	082
12552	23	12525	082
3142	14	3512	082
1970	6	2040	082
228	6	229	082
2903	11	3089	082
205	15	4990	082
2059	6	2061	082
832	1	416	082
2011	6	30	082
473	6	2040	082
2161	6	2061	082
205	6	30	082
1866	12	170	082
3093	23	12538	082
488	1	30	082
2007	6	2009	082
4615	14	3737	082
771	6	30	082
1127	1	846	082
629	1	30	082
114	1	116	082
8824	23	2977	082
656	6	30	082
1478	1	114	082
1473	1	114	082
857	15	5088	082
734	15	4977	082
2069	6	2018	082
2074	6	173	082
19	6	2009	082
142	6	30	082
2207	12	2155	082
8571	23	12518	082
1912	6	259	082
8863	17	5816	082
1958	6	2061	082
3218	12	2018	082
44	6	30	082
2993	23	2939	082
1956	6	2009	082
1588	6	30	082
2116	6	2018	082
2003	6	30	082
3225	23	2938	083
2097	6	30	083
2046	6	2009	083
2539	9	2482	083
2129	6	30	083
5238	15	5088	083
2521	9	2482	083
2808	9	2517	083
2773	14	3463	083
2644	9	2593	083
199	1	189	083
3021	10	2924	083
5308	15	5088	083
169	6	2043	083
2812	9	2517	083
1931	6	116	083
492	1	493	083
3231	12	29	083
2692	9	2476	083
811	1	416	083
12	1	14	083
776	1	493	083
2808	10	2924	083
2153	6	30	083
8957	23	2922	083
2144	6	2009	083
3211	12	2120	083
1941	5	1943	083
55	6	30	083
2142	6	2009	083
3113	11	3102	083
1860	4	1829	083
3237	12	116	083
2079	6	30	083
742	1	748	083
1898	23	2997	083
2744	10	2924	083
3227	12	46	083
1894	23	2920	083
728	1	405	083
229	15	4988	083
3759	14	3760	083
1525	6	29	083
771	1	629	083
1502	1	416	083
3242	12	2009	083
610	1	416	083
443	1	416	083
717	1	636	083
473	1	416	083
5133	15	5088	083
831	1	416	083
733	1	731	083
613	1	416	083
1961	6	2009	083
845	1	28	083
2130	6	2009	083
2080	6	116	083
228	1	229	083
1922	6	2061	083
846	1	397	083
428	6	2043	083
921	6	30	083
178	6	116	083
3208	12	2120	083
4911	14	4117	083
1644	1	207	083
2530	14	3431	083
178	1	179	083
3577	14	3437	083
2	6	30	083
2845	10	2977	083
188	1	189	083
1133	6	30	083
5214	15	5088	083
818	1	416	083
2140	6	2009	083
292	1	120	083
919	1	921	083
2744	9	2593	083
2793	10	2924	083
598	6	30	083
8863	17	5935	083
812	1	416	083
2026	6	30	083
8863	17	6190	083
588	6	30	083
1871	12	2155	083
2057	6	173	083
25	15	5024	083
1363	1	27	083
1959	6	2009	083
480	15	4990	083
284	1	189	083
675	15	4990	083
17	6	30	083
921	1	30	083
810	1	416	083
310	15	5088	083
659	1	341	083
1975	6	2009	083
729	1	731	083
3032	10	2940	083
675	15	5120	083
822	1	416	083
309	15	5088	083
2073	6	2009	083
1860	10	2940	083
2119	6	2120	083
2102	6	2040	083
8955	23	2939	083
25	15	4990	083
25	6	30	083
578	1	28	083
1110	15	5120	083
1429	6	30	083
3217	12	28	083
2101	6	2040	083
3142	11	3131	083
44	5	25	083
675	6	173	083
5168	15	5088	083
380	6	30	083
728	15	4988	083
1947	6	173	083
1133	15	4990	083
630	6	30	083
2812	10	2924	083
2159	6	30	083
734	15	4977	083
800	1	416	083
2135	6	2009	083
3101	11	3102	083
205	1	207	083
478	1	479	083
675	1	320	083
759	1	28	083
5160	15	5088	083
492	15	5088	083
1592	6	30	083
597	15	5088	083
478	1	444	083
9420	23	2939	083
2126	6	2009	083
3209	12	30	083
2010	6	2009	083
2049	6	30	083
8812	17	6190	083
2133	6	2040	083
113	6	30	083
1930	15	4977	083
2138	6	2009	083
3232	12	29	083
47	6	30	083
1100	6	28	083
2176	6	2061	083
2094	6	2040	083
3018	23	2977	083
729	15	4990	083
1941	6	2009	083
5148	15	5088	083
5348	15	5088	083
253	6	30	083
2020	6	2009	083
2077	6	2061	083
769	1	28	083
415	1	416	083
2718	9	2482	083
2119	6	2045	083
8863	17	5818	083
2131	6	2009	083
776	15	5088	083
3189	12	2040	083
2791	9	2476	083
5158	15	5088	083
396	6	30	083
3643	14	3491	083
1983	6	728	083
3193	12	2155	083
2693	12	28	083
8863	17	5817	083
2978	10	2924	083
85	6	116	083
303	1	416	083
284	6	2040	083
3848	14	3846	083
2539	9	2540	083
3187	23	12518	083
2035	6	2009	083
12552	23	12525	083
4689	14	3431	083
1970	6	2040	083
228	6	229	083
2903	11	3089	083
205	15	4990	083
2059	6	2061	083
832	1	416	083
2011	6	30	083
473	6	2040	083
2161	6	2061	083
205	6	30	083
1866	12	170	083
3093	23	12538	083
488	1	30	083
2007	6	2009	083
771	6	30	083
1127	1	846	083
629	1	30	083
114	1	116	083
8824	23	2977	083
656	6	30	083
1478	1	114	083
1473	1	114	083
857	15	5088	083
734	15	4977	083
2069	6	2018	083
2074	6	173	083
19	6	2009	083
142	6	30	083
2207	12	2155	083
8571	23	12518	083
1912	6	259	083
8863	17	5816	083
1958	6	2061	083
3218	12	2018	083
44	6	30	083
2993	23	2939	083
1956	6	2009	083
1588	6	30	083
2116	6	2018	083
2003	6	30	083
3225	23	2938	084
2097	6	30	084
2046	6	2009	084
2539	9	2482	084
2129	6	30	084
5238	15	5088	084
2521	9	2482	084
2808	9	2517	084
2773	14	3463	084
2644	9	2593	084
199	1	189	084
3021	10	2924	084
5308	15	5088	084
169	6	2043	084
2812	9	2517	084
1931	6	116	084
492	1	493	084
3231	12	29	084
2692	9	2476	084
811	1	416	084
12	1	14	084
776	1	493	084
2808	10	2924	084
2153	6	30	084
8957	23	2922	084
2144	6	2009	084
3211	12	2120	084
1941	5	1943	084
55	6	30	084
2142	6	2009	084
3113	11	3102	084
3237	12	116	084
2079	6	30	084
742	1	748	084
1898	23	2997	084
2744	10	2924	084
3227	12	46	084
1894	23	2920	084
728	1	405	084
229	15	4988	084
3759	14	3760	084
1525	6	29	084
771	1	629	084
1502	1	416	084
3242	12	2009	084
610	1	416	084
443	1	416	084
717	1	636	084
473	1	416	084
5133	15	5088	084
831	1	416	084
733	1	731	084
613	1	416	084
1961	6	2009	084
845	1	28	084
2130	6	2009	084
2080	6	116	084
228	1	229	084
1922	6	2061	084
846	1	397	084
428	6	2043	084
921	6	30	084
178	6	116	084
3208	12	2120	084
4911	14	4117	084
1644	1	207	084
2530	14	3431	084
178	1	179	084
3577	14	3437	084
2	6	30	084
2845	10	2977	084
188	1	189	084
1133	6	30	084
5214	15	5088	084
818	1	416	084
2140	6	2009	084
292	1	120	084
919	1	921	084
2744	9	2593	084
2793	10	2924	084
598	6	30	084
8863	17	5935	084
812	1	416	084
2026	6	30	084
8863	17	6190	084
588	6	30	084
1871	12	2155	084
2057	6	173	084
25	15	5024	084
1363	1	27	084
1959	6	2009	084
480	15	4990	084
284	1	189	084
675	15	4990	084
8723	17	5818	084
17	6	30	084
921	1	30	084
810	1	416	084
310	15	5088	084
659	1	341	084
1975	6	2009	084
729	1	731	084
3032	10	2940	084
675	15	5120	084
822	1	416	084
309	15	5088	084
2073	6	2009	084
1860	10	2940	084
2119	6	2120	084
2102	6	2040	084
8955	23	2939	084
25	15	4990	084
25	6	30	084
578	1	28	084
1110	15	5120	084
1429	6	30	084
3217	12	28	084
2101	6	2040	084
3142	11	3131	084
44	5	25	084
675	6	173	084
5168	15	5088	084
380	6	30	084
728	15	4988	084
1947	6	173	084
1133	15	4990	084
630	6	30	084
2812	10	2924	084
2159	6	30	084
734	15	4977	084
800	1	416	084
2135	6	2009	084
3101	11	3102	084
205	1	207	084
478	1	479	084
675	1	320	084
759	1	28	084
5160	15	5088	084
492	15	5088	084
1592	6	30	084
597	15	5088	084
478	1	444	084
9420	23	2939	084
2126	6	2009	084
3209	12	30	084
2010	6	2009	084
2049	6	30	084
8812	17	6190	084
2133	6	2040	084
113	6	30	084
1930	15	4977	084
2138	6	2009	084
3232	12	29	084
47	6	30	084
1100	6	28	084
2176	6	2061	084
2094	6	2040	084
3018	23	2977	084
729	15	4990	084
1941	6	2009	084
5148	15	5088	084
5348	15	5088	084
253	6	30	084
2020	6	2009	084
2077	6	2061	084
769	1	28	084
415	1	416	084
2718	9	2482	084
2119	6	2045	084
8863	17	5818	084
2131	6	2009	084
776	15	5088	084
3189	12	2040	084
2791	9	2476	084
5158	15	5088	084
396	6	30	084
3643	14	3491	084
1983	6	728	084
3193	12	2155	084
2693	12	28	084
8863	17	5817	084
2978	10	2924	084
85	6	116	084
303	1	416	084
284	6	2040	084
3848	14	3846	084
2539	9	2540	084
3187	23	12518	084
2035	6	2009	084
12552	23	12525	084
4689	14	3431	084
1970	6	2040	084
228	6	229	084
2903	11	3089	084
205	15	4990	084
2059	6	2061	084
832	1	416	084
2011	6	30	084
473	6	2040	084
2161	6	2061	084
205	6	30	084
1866	12	170	084
3093	23	12538	084
488	1	30	084
2845	9	2518	084
2007	6	2009	084
771	6	30	084
1127	1	846	084
629	1	30	084
114	1	116	084
8824	23	2977	084
656	6	30	084
1478	1	114	084
1473	1	114	084
857	15	5088	084
734	15	4977	084
2069	6	2018	084
2074	6	173	084
19	6	2009	084
228	6	2040	084
142	6	30	084
2207	12	2155	084
8571	23	12518	084
1912	6	259	084
8863	17	5816	084
1958	6	2061	084
3218	12	2018	084
44	6	30	084
2993	23	2939	084
1956	6	2009	084
1588	6	30	084
2116	6	2018	084
2003	6	30	084
3225	23	2938	085
2097	6	30	085
2046	6	2009	085
2539	9	2482	085
2129	6	30	085
5238	15	5088	085
2521	9	2482	085
2808	9	2517	085
2773	14	3463	085
2644	9	2593	085
199	1	189	085
3021	10	2924	085
5308	15	5088	085
169	6	2043	085
2812	9	2517	085
1931	6	116	085
492	1	493	085
3231	12	29	085
2692	9	2476	085
811	1	416	085
12	1	14	085
776	1	493	085
2808	10	2924	085
2153	6	30	085
8957	23	2922	085
2144	6	2009	085
3211	12	2120	085
1941	5	1943	085
55	6	30	085
2142	6	2009	085
3113	11	3102	085
3237	12	116	085
2079	6	30	085
742	1	748	085
1898	23	2997	085
2744	10	2924	085
7024	17	5816	085
3227	12	46	085
1894	23	2920	085
728	1	405	085
3759	14	3760	085
1525	6	29	085
771	1	629	085
1502	1	416	085
3242	12	2009	085
610	1	416	085
443	1	416	085
717	1	636	085
473	1	416	085
5133	15	5088	085
831	1	416	085
733	1	731	085
613	1	416	085
1961	6	2009	085
845	1	28	085
2130	6	2009	085
2080	6	116	085
1922	6	2061	085
846	1	397	085
428	6	2043	085
921	6	30	085
178	6	116	085
3208	12	2120	085
4911	14	4117	085
1644	1	207	085
2530	14	3431	085
178	1	179	085
3577	14	3437	085
2	6	30	085
2845	10	2977	085
188	1	189	085
1133	6	30	085
5214	15	5088	085
818	1	416	085
2140	6	2009	085
292	1	120	085
919	1	921	085
2744	9	2593	085
1912	6	405	085
2793	10	2924	085
598	6	30	085
8863	17	5935	085
675	6	405	085
812	1	416	085
2026	6	30	085
8863	17	6190	085
588	6	30	085
1871	12	2155	085
2057	6	173	085
25	15	5024	085
1363	1	27	085
1959	6	2009	085
480	15	4990	085
284	1	189	085
675	15	4990	085
17	6	30	085
921	1	30	085
810	1	416	085
310	15	5088	085
659	1	341	085
1975	6	2009	085
729	1	731	085
3032	10	2940	085
675	15	5120	085
3848	14	3495	085
822	1	416	085
309	15	5088	085
2073	6	2009	085
1860	10	2940	085
2119	6	2120	085
2102	6	2040	085
8955	23	2939	085
25	15	4990	085
25	6	30	085
578	1	28	085
1110	15	5120	085
1429	6	30	085
3217	12	28	085
2101	6	2040	085
1983	6	405	085
3142	11	3131	085
44	5	25	085
675	6	173	085
5168	15	5088	085
380	6	30	085
728	15	4988	085
1947	6	173	085
1133	15	4990	085
630	6	30	085
2812	10	2924	085
2159	6	30	085
734	15	4977	085
800	1	416	085
2135	6	2009	085
3101	11	3102	085
205	1	207	085
478	1	479	085
675	1	320	085
759	1	28	085
5160	15	5088	085
492	15	5088	085
1592	6	30	085
597	15	5088	085
478	1	444	085
9420	23	2939	085
2126	6	2009	085
3209	12	30	085
2010	6	2009	085
2049	6	30	085
8812	17	6190	085
2133	6	2040	085
113	6	30	085
1930	15	4977	085
2138	6	2009	085
3232	12	29	085
47	6	30	085
1100	6	28	085
2176	6	2061	085
2094	6	2040	085
3018	23	2977	085
729	15	4990	085
1941	6	2009	085
5148	15	5088	085
5348	15	5088	085
253	6	30	085
2020	6	2009	085
2077	6	2061	085
769	1	28	085
415	1	416	085
2718	9	2482	085
2119	6	2045	085
786	15	5088	085
8863	17	5818	085
2131	6	2009	085
776	15	5088	085
3189	12	2040	085
2791	9	2476	085
5158	15	5088	085
396	6	30	085
3643	14	3491	085
1983	6	728	085
3193	12	2155	085
2693	12	28	085
428	6	405	085
8863	17	5817	085
2978	10	2924	085
85	6	116	085
303	1	416	085
284	6	2040	085
3848	14	3846	085
2539	9	2540	085
2074	6	405	085
3187	23	12518	085
2035	6	2009	085
12552	23	12525	085
169	6	405	085
4689	14	3431	085
1970	6	2040	085
2903	11	3089	085
205	15	4990	085
2059	6	2061	085
832	1	416	085
2011	6	30	085
444	1	405	085
473	6	2040	085
2161	6	2061	085
205	6	30	085
1866	12	170	085
3093	23	12538	085
488	1	30	085
2845	9	2518	085
2007	6	2009	085
771	6	30	085
1127	1	846	085
629	1	30	085
1947	6	405	085
114	1	116	085
8824	23	2977	085
656	6	30	085
1478	1	114	085
1473	1	114	085
857	15	5088	085
734	15	4977	085
2069	6	2018	085
2074	6	173	085
19	6	2009	085
228	6	2040	085
142	6	30	085
2207	12	2155	085
8571	23	12518	085
1912	6	259	085
8863	17	5816	085
1958	6	2061	085
3218	12	2018	085
44	6	30	085
2993	23	2939	085
1956	6	2009	085
1588	6	30	085
2116	6	2018	085
2003	6	30	085
3225	23	2938	086
2097	6	30	086
2046	6	2009	086
2539	9	2482	086
2129	6	30	086
5238	15	5088	086
2521	9	2482	086
2808	9	2517	086
2773	14	3463	086
2644	9	2593	086
199	1	189	086
3021	10	2924	086
5308	15	5088	086
2812	9	2517	086
1931	6	116	086
492	1	493	086
3231	12	29	086
2692	9	2476	086
811	1	416	086
12	1	14	086
776	1	493	086
2808	10	2924	086
2153	6	30	086
8957	23	2922	086
2144	6	2009	086
3211	12	2120	086
1941	5	1943	086
55	6	30	086
2142	6	2009	086
5178	15	5088	086
3113	11	3102	086
3237	12	116	086
2079	6	30	086
742	1	748	086
1898	23	2997	086
2744	10	2924	086
3227	12	46	086
1894	23	2920	086
728	1	405	086
3759	14	3760	086
1525	6	29	086
771	1	629	086
1502	1	416	086
3242	12	2009	086
610	1	416	086
443	1	416	086
717	1	636	086
473	1	416	086
5133	15	5088	086
831	1	416	086
733	1	731	086
613	1	416	086
1961	6	2009	086
845	1	28	086
2130	6	2009	086
2080	6	116	086
1922	6	2061	086
846	1	397	086
921	6	30	086
178	6	116	086
3208	12	2120	086
4911	14	4117	086
1644	1	207	086
2530	14	3431	086
178	1	179	086
3577	14	3437	086
2	6	30	086
2845	10	2977	086
188	1	189	086
1133	6	30	086
5214	15	5088	086
818	1	416	086
2140	6	2009	086
292	1	120	086
919	1	921	086
2744	9	2593	086
1912	6	405	086
2793	10	2924	086
598	6	30	086
8863	17	5935	086
675	6	405	086
812	1	416	086
2026	6	30	086
8863	17	6190	086
588	6	30	086
1871	12	2155	086
25	15	5024	086
1363	1	27	086
1959	6	2009	086
480	15	4990	086
284	1	189	086
675	15	4990	086
17	6	30	086
921	1	30	086
810	1	416	086
310	15	5088	086
659	1	341	086
1975	6	2009	086
729	1	731	086
3032	10	2940	086
675	15	5120	086
3848	14	3495	086
822	1	416	086
309	15	5088	086
2073	6	2009	086
1860	10	2940	086
2119	6	2120	086
2102	6	2040	086
8955	23	2939	086
25	15	4990	086
25	6	30	086
578	1	28	086
1110	15	5120	086
1429	6	30	086
3217	12	28	086
2101	6	2040	086
1983	6	405	086
3142	11	3131	086
44	5	25	086
5168	15	5088	086
380	6	30	086
728	15	4988	086
1133	15	4990	086
630	6	30	086
2812	10	2924	086
2159	6	30	086
734	15	4977	086
800	1	416	086
2135	6	2009	086
3101	11	3102	086
205	1	207	086
478	1	479	086
675	1	320	086
759	1	28	086
5160	15	5088	086
492	15	5088	086
1592	6	30	086
597	15	5088	086
478	1	444	086
9420	23	2939	086
2126	6	2009	086
3209	12	30	086
2010	6	2009	086
2049	6	30	086
8812	17	6190	086
2133	6	2040	086
113	6	30	086
1930	15	4977	086
2138	6	2009	086
3232	12	29	086
47	6	30	086
1100	6	28	086
2176	6	2061	086
2094	6	2040	086
3018	23	2977	086
729	15	4990	086
1941	6	2009	086
5148	15	5088	086
5348	15	5088	086
253	6	30	086
2020	6	2009	086
2077	6	2061	086
769	1	28	086
415	1	416	086
2718	9	2482	086
2119	6	2045	086
786	15	5088	086
8863	17	5818	086
2131	6	2009	086
776	15	5088	086
3189	12	2040	086
2791	9	2476	086
5158	15	5088	086
396	6	30	086
3643	14	3491	086
3193	12	2155	086
2693	12	28	086
428	6	405	086
8863	17	5817	086
2978	10	2924	086
1417	15	5088	086
85	6	116	086
303	1	416	086
284	6	2040	086
2539	9	2540	086
2074	6	405	086
3187	23	12518	086
2035	6	2009	086
12552	23	12525	086
169	6	405	086
1970	6	2040	086
2903	11	3089	086
205	15	4990	086
2059	6	2061	086
832	1	416	086
2011	6	30	086
444	1	405	086
473	6	2040	086
2161	6	2061	086
205	6	30	086
1866	12	170	086
3093	23	12538	086
488	1	30	086
2845	9	2518	086
2773	14	3636	086
2007	6	2009	086
771	6	30	086
1127	1	846	086
629	1	30	086
1947	6	405	086
114	1	116	086
8824	23	2977	086
656	6	30	086
1478	1	114	086
1473	1	114	086
857	15	5088	086
734	15	4977	086
2069	6	2018	086
19	6	2009	086
228	6	2040	086
142	6	30	086
2207	12	2155	086
8571	23	12518	086
8863	17	5816	086
1958	6	2061	086
3218	12	2018	086
44	6	30	086
2993	23	2939	086
1956	6	2009	086
1588	6	30	086
2116	6	2018	086
2003	6	30	086
3225	23	2938	087
2097	6	30	087
2046	6	2009	087
2539	9	2482	087
2129	6	30	087
5238	15	5088	087
2521	9	2482	087
2808	9	2517	087
2644	9	2593	087
199	1	189	087
3021	10	2924	087
5308	15	5088	087
2812	9	2517	087
1931	6	116	087
492	1	493	087
3231	12	29	087
2692	9	2476	087
811	1	416	087
12	1	14	087
776	1	493	087
2808	10	2924	087
2153	6	30	087
8957	23	2922	087
2144	6	2009	087
3211	12	2120	087
1941	5	1943	087
55	6	30	087
2142	6	2009	087
5178	15	5088	087
3113	11	3102	087
3237	12	116	087
2079	6	30	087
742	1	748	087
1898	23	2997	087
2744	10	2924	087
3227	12	46	087
1894	23	2920	087
728	1	405	087
3759	14	3760	087
1525	6	29	087
771	1	629	087
1502	1	416	087
3242	12	2009	087
610	1	416	087
443	1	416	087
717	1	636	087
473	1	416	087
5133	15	5088	087
831	1	416	087
733	1	731	087
613	1	416	087
1961	6	2009	087
845	1	28	087
2130	6	2009	087
2080	6	116	087
1922	6	2061	087
846	1	397	087
921	6	30	087
178	6	116	087
3208	12	2120	087
4911	14	4117	087
1644	1	207	087
2530	14	3431	087
178	1	179	087
3577	14	3437	087
2	6	30	087
2845	10	2977	087
188	1	189	087
1133	6	30	087
5214	15	5088	087
818	1	416	087
2140	6	2009	087
292	1	120	087
919	1	921	087
2744	9	2593	087
1912	6	405	087
2793	10	2924	087
598	6	30	087
8863	17	5935	087
675	6	405	087
812	1	416	087
2026	6	30	087
8863	17	6190	087
588	6	30	087
1871	12	2155	087
25	15	5024	087
1363	1	27	087
1959	6	2009	087
480	15	4990	087
284	1	189	087
675	15	4990	087
17	6	30	087
921	1	30	087
810	1	416	087
310	15	5088	087
659	1	341	087
1975	6	2009	087
729	1	731	087
3032	10	2940	087
675	15	5120	087
3848	14	3495	087
822	1	416	087
309	15	5088	087
2073	6	2009	087
1860	10	2940	087
2119	6	2120	087
2102	6	2040	087
8955	23	2939	087
25	15	4990	087
25	6	30	087
578	1	28	087
1110	15	5120	087
1429	6	30	087
3217	12	28	087
2101	6	2040	087
1983	6	405	087
3142	11	3131	087
44	5	25	087
5168	15	5088	087
380	6	30	087
728	15	4988	087
1133	15	4990	087
630	6	30	087
2812	10	2924	087
2159	6	30	087
734	15	4977	087
800	1	416	087
2135	6	2009	087
3101	11	3102	087
205	1	207	087
478	1	479	087
675	1	320	087
759	1	28	087
5160	15	5088	087
492	15	5088	087
1592	6	30	087
597	15	5088	087
478	1	444	087
9420	23	2939	087
2126	6	2009	087
3209	12	30	087
2010	6	2009	087
2049	6	30	087
8812	17	6190	087
2133	6	2040	087
113	6	30	087
1930	15	4977	087
2138	6	2009	087
3232	12	29	087
47	6	30	087
1100	6	28	087
3643	14	3519	087
2176	6	2061	087
2094	6	2040	087
3018	23	2977	087
729	15	4990	087
1941	6	2009	087
5148	15	5088	087
5348	15	5088	087
253	6	30	087
2020	6	2009	087
2077	6	2061	087
769	1	28	087
415	1	416	087
2718	9	2482	087
2119	6	2045	087
786	15	5088	087
8863	17	5818	087
2131	6	2009	087
776	15	5088	087
3189	12	2040	087
2791	9	2476	087
5158	15	5088	087
396	6	30	087
3643	14	3491	087
3193	12	2155	087
2693	12	28	087
428	6	405	087
8863	17	5817	087
2978	10	2924	087
1417	15	5088	087
85	6	116	087
303	1	416	087
284	6	2040	087
2539	9	2540	087
2074	6	405	087
3187	23	12518	087
2035	6	2009	087
12552	23	12525	087
169	6	405	087
1970	6	2040	087
2903	11	3089	087
205	15	4990	087
2059	6	2061	087
832	1	416	087
2011	6	30	087
444	1	405	087
473	6	2040	087
2161	6	2061	087
205	6	30	087
1866	12	170	087
3093	23	12538	087
488	1	30	087
2845	9	2518	087
2773	14	3636	087
2007	6	2009	087
771	6	30	087
1127	1	846	087
629	1	30	087
1947	6	405	087
114	1	116	087
8824	23	2977	087
656	6	30	087
1478	1	114	087
1473	1	114	087
857	15	5088	087
734	15	4977	087
2069	6	2018	087
19	6	2009	087
228	6	2040	087
142	6	30	087
2207	12	2155	087
8571	23	12518	087
8863	17	5816	087
1958	6	2061	087
3218	12	2018	087
44	6	30	087
2993	23	2939	087
1956	6	2009	087
1588	6	30	087
2116	6	2018	087
2003	6	30	087
3225	23	2938	088
2097	6	30	088
2046	6	2009	088
2539	9	2482	088
2129	6	30	088
5238	15	5088	088
2521	9	2482	088
2808	9	2517	088
2644	9	2593	088
199	1	189	088
3021	10	2924	088
3759	14	3495	088
5308	15	5088	088
2718	9	2540	088
2812	9	2517	088
1931	6	116	088
492	1	493	088
3231	12	29	088
2692	9	2476	088
811	1	416	088
12	1	14	088
776	1	493	088
2808	10	2924	088
2153	6	30	088
8957	23	2922	088
2144	6	2009	088
3211	12	2120	088
1941	5	1943	088
55	6	30	088
2142	6	2009	088
5178	15	5088	088
3113	11	3102	088
3237	12	116	088
2079	6	30	088
742	1	748	088
1898	23	2997	088
2744	10	2924	088
3227	12	46	088
1894	23	2920	088
728	1	405	088
1525	6	29	088
771	1	629	088
1502	1	416	088
3242	12	2009	088
610	1	416	088
443	1	416	088
717	1	636	088
473	1	416	088
5133	15	5088	088
831	1	416	088
733	1	731	088
613	1	416	088
1961	6	2009	088
845	1	28	088
2130	6	2009	088
2080	6	116	088
1922	6	2061	088
846	1	397	088
921	6	30	088
178	6	116	088
3208	12	2120	088
4911	14	4117	088
1644	1	207	088
2530	14	3431	088
178	1	179	088
3577	14	3437	088
2	6	30	088
2845	10	2977	088
188	1	189	088
1133	6	30	088
5214	15	5088	088
818	1	416	088
2140	6	2009	088
292	1	120	088
919	1	921	088
2744	9	2593	088
3021	17	5817	088
1912	6	405	088
2793	10	2924	088
598	6	30	088
8863	17	5935	088
675	6	405	088
812	1	416	088
2026	6	30	088
8863	17	6190	088
588	6	30	088
1871	12	2155	088
25	15	5024	088
1363	1	27	088
1959	6	2009	088
480	15	4990	088
284	1	189	088
675	15	4990	088
17	6	30	088
921	1	30	088
810	1	416	088
310	15	5088	088
659	1	341	088
1975	6	2009	088
729	1	731	088
3032	10	2940	088
675	15	5120	088
3848	14	3495	088
822	1	416	088
309	15	5088	088
2073	6	2009	088
1860	10	2940	088
2119	6	2120	088
2102	6	2040	088
8955	23	2939	088
25	15	4990	088
25	6	30	088
578	1	28	088
1110	15	5120	088
1429	6	30	088
3217	12	28	088
2101	6	2040	088
1983	6	405	088
3142	11	3131	088
44	5	25	088
5168	15	5088	088
380	6	30	088
728	15	4988	088
1133	15	4990	088
630	6	30	088
2812	10	2924	088
2159	6	30	088
734	15	4977	088
800	1	416	088
2135	6	2009	088
3101	11	3102	088
205	1	207	088
478	1	479	088
675	1	320	088
759	1	28	088
5160	15	5088	088
492	15	5088	088
1592	6	30	088
597	15	5088	088
478	1	444	088
9420	23	2939	088
2126	6	2009	088
3209	12	30	088
2010	6	2009	088
2049	6	30	088
8812	17	6190	088
2133	6	2040	088
113	6	30	088
1930	15	4977	088
2138	6	2009	088
3232	12	29	088
47	6	30	088
1100	6	28	088
3643	14	3519	088
2176	6	2061	088
2094	6	2040	088
3018	23	2977	088
729	15	4990	088
1941	6	2009	088
5148	15	5088	088
5348	15	5088	088
253	6	30	088
2020	6	2009	088
2077	6	2061	088
769	1	28	088
415	1	416	088
2718	9	2482	088
2119	6	2045	088
786	15	5088	088
8863	17	5818	088
2131	6	2009	088
776	15	5088	088
3189	12	2040	088
2791	9	2476	088
1860	10	2932	088
5158	15	5088	088
396	6	30	088
3193	12	2155	088
2693	12	28	088
428	6	405	088
8863	17	5817	088
2978	10	2924	088
1417	15	5088	088
85	6	116	088
303	1	416	088
284	6	2040	088
2539	9	2540	088
2074	6	405	088
3187	23	12518	088
2035	6	2009	088
12552	23	12525	088
169	6	405	088
1970	6	2040	088
2903	11	3089	088
205	15	4990	088
2059	6	2061	088
832	1	416	088
2011	6	30	088
444	1	405	088
473	6	2040	088
2161	6	2061	088
205	6	30	088
1866	12	170	088
3093	23	12538	088
488	1	30	088
2845	9	2518	088
2773	14	3636	088
2007	6	2009	088
771	6	30	088
1127	1	846	088
629	1	30	088
1947	6	405	088
114	1	116	088
8824	23	2977	088
656	6	30	088
1478	1	114	088
1473	1	114	088
857	15	5088	088
734	15	4977	088
2069	6	2018	088
19	6	2009	088
228	6	2040	088
142	6	30	088
2207	12	2155	088
8571	23	12518	088
8863	17	5816	088
1958	6	2061	088
3218	12	2018	088
44	6	30	088
2993	23	2939	088
1956	6	2009	088
1588	6	30	088
2116	6	2018	088
2003	6	30	088
3225	23	2938	089
2097	6	30	089
2046	6	2009	089
2539	9	2482	089
2129	6	30	089
5238	15	5088	089
2521	9	2482	089
2808	9	2517	089
2644	9	2593	089
199	1	189	089
3021	10	2924	089
3759	14	3495	089
5308	15	5088	089
2718	9	2540	089
2812	9	2517	089
1931	6	116	089
492	1	493	089
3231	12	29	089
2692	9	2476	089
811	1	416	089
12	1	14	089
776	1	493	089
2808	10	2924	089
2153	6	30	089
8957	23	2922	089
2144	6	2009	089
3211	12	2120	089
1941	5	1943	089
55	6	30	089
2142	6	2009	089
5178	15	5088	089
3113	11	3102	089
3237	12	116	089
2079	6	30	089
742	1	748	089
1898	23	2997	089
2744	10	2924	089
3227	12	46	089
1894	23	2920	089
728	1	405	089
1525	6	29	089
771	1	629	089
1502	1	416	089
3242	12	2009	089
610	1	416	089
443	1	416	089
717	1	636	089
473	1	416	089
5133	15	5088	089
831	1	416	089
733	1	731	089
613	1	416	089
1961	6	2009	089
845	1	28	089
2130	6	2009	089
2080	6	116	089
1922	6	2061	089
846	1	397	089
921	6	30	089
178	6	116	089
3208	12	2120	089
4911	14	4117	089
1644	1	207	089
2530	14	3431	089
178	1	179	089
3577	14	3437	089
2	6	30	089
2845	10	2977	089
188	1	189	089
1133	6	30	089
5214	15	5088	089
818	1	416	089
2140	6	2009	089
292	1	120	089
919	1	921	089
2744	9	2593	089
1912	6	405	089
2793	10	2924	089
598	6	30	089
8863	17	5935	089
675	6	405	089
812	1	416	089
2026	6	30	089
8863	17	6190	089
588	6	30	089
1871	12	2155	089
25	15	5024	089
1363	1	27	089
1959	6	2009	089
480	15	4990	089
284	1	189	089
675	15	4990	089
17	6	30	089
921	1	30	089
810	1	416	089
310	15	5088	089
659	1	341	089
1975	6	2009	089
729	1	731	089
3032	10	2940	089
675	15	5120	089
3848	14	3495	089
822	1	416	089
309	15	5088	089
2073	6	2009	089
2119	6	2120	089
2102	6	2040	089
8955	23	2939	089
25	15	4990	089
25	6	30	089
578	1	28	089
1110	15	5120	089
1429	6	30	089
3217	12	28	089
2101	6	2040	089
1983	6	405	089
3142	11	3131	089
44	5	25	089
5168	15	5088	089
380	6	30	089
728	15	4988	089
1133	15	4990	089
630	6	30	089
2812	10	2924	089
2159	6	30	089
734	15	4977	089
800	1	416	089
2135	6	2009	089
3101	11	3102	089
205	1	207	089
478	1	479	089
675	1	320	089
759	1	28	089
5160	15	5088	089
492	15	5088	089
1592	6	30	089
597	15	5088	089
478	1	444	089
9420	23	2939	089
2126	6	2009	089
3209	12	30	089
2010	6	2009	089
2049	6	30	089
8812	17	6190	089
2133	6	2040	089
113	6	30	089
1930	15	4977	089
2138	6	2009	089
3232	12	29	089
47	6	30	089
1100	6	28	089
2176	6	2061	089
2094	6	2040	089
3018	23	2977	089
729	15	4990	089
1941	6	2009	089
5148	15	5088	089
5348	15	5088	089
253	6	30	089
2020	6	2009	089
2077	6	2061	089
769	1	28	089
415	1	416	089
2718	9	2482	089
2119	6	2045	089
3050	10	2924	089
786	15	5088	089
8863	17	5818	089
2131	6	2009	089
776	15	5088	089
3189	12	2040	089
2791	9	2476	089
1860	10	2932	089
5158	15	5088	089
396	6	30	089
3193	12	2155	089
1983	15	5024	089
2693	12	28	089
428	6	405	089
8863	17	5817	089
2978	10	2924	089
1417	15	5088	089
85	6	116	089
303	1	416	089
284	6	2040	089
2539	9	2540	089
2074	6	405	089
3187	23	12518	089
2035	6	2009	089
12552	23	12525	089
169	6	405	089
1970	6	2040	089
2903	11	3089	089
205	15	4990	089
2059	6	2061	089
832	1	416	089
2011	6	30	089
444	1	405	089
473	6	2040	089
2161	6	2061	089
205	6	30	089
1866	12	170	089
3093	23	12538	089
488	1	30	089
2845	9	2518	089
2773	14	3636	089
2007	6	2009	089
771	6	30	089
1127	1	846	089
629	1	30	089
1947	6	405	089
114	1	116	089
8824	23	2977	089
656	6	30	089
1478	1	114	089
1473	1	114	089
857	15	5088	089
734	15	4977	089
2069	6	2018	089
19	6	2009	089
228	6	2040	089
142	6	30	089
2207	12	2155	089
8571	23	12518	089
8863	17	5816	089
1958	6	2061	089
3218	12	2018	089
44	6	30	089
2993	23	2939	089
1956	6	2009	089
1588	6	30	089
2116	6	2018	089
2003	6	30	089
3225	23	2938	090
2097	6	30	090
2046	6	2009	090
2539	9	2482	090
2129	6	30	090
5238	15	5088	090
2521	9	2482	090
2808	9	2517	090
2644	9	2593	090
199	1	189	090
3021	10	2924	090
3759	14	3495	090
5308	15	5088	090
2718	9	2540	090
2812	9	2517	090
1931	6	116	090
492	1	493	090
3231	12	29	090
2692	9	2476	090
811	1	416	090
12	1	14	090
776	1	493	090
2808	10	2924	090
2153	6	30	090
8957	23	2922	090
2144	6	2009	090
3211	12	2120	090
1941	5	1943	090
55	6	30	090
2142	6	2009	090
5178	15	5088	090
3113	11	3102	090
3237	12	116	090
2079	6	30	090
742	1	748	090
1898	23	2997	090
2744	10	2924	090
3227	12	46	090
1894	23	2920	090
728	1	405	090
1525	6	29	090
771	1	629	090
1502	1	416	090
3242	12	2009	090
610	1	416	090
443	1	416	090
717	1	636	090
473	1	416	090
5133	15	5088	090
831	1	416	090
733	1	731	090
613	1	416	090
1961	6	2009	090
845	1	28	090
2130	6	2009	090
2080	6	116	090
1922	6	2061	090
846	1	397	090
2530	14	3431	090
921	6	30	090
178	6	116	090
3208	12	2120	090
4911	14	4117	090
1644	1	207	090
2530	14	3431	090
178	1	179	090
3577	14	3437	090
2	6	30	090
2845	10	2977	090
188	1	189	090
1133	6	30	090
5214	15	5088	090
818	1	416	090
2140	6	2009	090
292	1	120	090
919	1	921	090
2744	9	2593	090
1912	6	405	090
2793	10	2924	090
598	6	30	090
8863	17	5935	090
675	6	405	090
812	1	416	090
2026	6	30	090
8863	17	6190	090
588	6	30	090
1871	12	2155	090
25	15	5024	090
1363	1	27	090
1959	6	2009	090
480	15	4990	090
284	1	189	090
675	15	4990	090
17	6	30	090
921	1	30	090
810	1	416	090
310	15	5088	090
659	1	341	090
1975	6	2009	090
729	1	731	090
3032	10	2940	090
675	15	5120	090
3848	14	3495	090
822	1	416	090
309	15	5088	090
2073	6	2009	090
2119	6	2120	090
2102	6	2040	090
8955	23	2939	090
25	15	4990	090
25	6	30	090
578	1	28	090
1110	15	5120	090
1429	6	30	090
3217	12	28	090
2101	6	2040	090
1983	6	405	090
3142	11	3131	090
44	5	25	090
5168	15	5088	090
380	6	30	090
728	15	4988	090
1133	15	4990	090
630	6	30	090
2812	10	2924	090
2159	6	30	090
734	15	4977	090
800	1	416	090
2135	6	2009	090
3101	11	3102	090
205	1	207	090
478	1	479	090
675	1	320	090
759	1	28	090
5160	15	5088	090
492	15	5088	090
1592	6	30	090
597	15	5088	090
478	1	444	090
9420	23	2939	090
2126	6	2009	090
3209	12	30	090
2010	6	2009	090
2049	6	30	090
8812	17	6190	090
2133	6	2040	090
113	6	30	090
4685	14	3715	090
1930	15	4977	090
2138	6	2009	090
3232	12	29	090
47	6	30	090
1100	6	28	090
2176	6	2061	090
2094	6	2040	090
3018	23	2977	090
729	15	4990	090
1941	6	2009	090
4685	14	3757	090
5148	15	5088	090
5348	15	5088	090
253	6	30	090
2020	6	2009	090
2077	6	2061	090
769	1	28	090
415	1	416	090
2718	9	2482	090
2119	6	2045	090
3050	10	2924	090
786	15	5088	090
8863	17	5818	090
2131	6	2009	090
776	15	5088	090
3189	12	2040	090
2791	9	2476	090
1860	10	2932	090
5158	15	5088	090
396	6	30	090
3193	12	2155	090
1983	15	5024	090
2693	12	28	090
428	6	405	090
6490	17	6491	090
8863	17	5817	090
2978	10	2924	090
1417	15	5088	090
85	6	116	090
303	1	416	090
284	6	2040	090
2539	9	2540	090
2074	6	405	090
3187	23	12518	090
2035	6	2009	090
12552	23	12525	090
169	6	405	090
1970	6	2040	090
2903	11	3089	090
205	15	4990	090
2059	6	2061	090
832	1	416	090
2011	6	30	090
444	1	405	090
473	6	2040	090
2161	6	2061	090
205	6	30	090
1866	12	170	090
3093	23	12538	090
488	1	30	090
2845	9	2518	090
2773	14	3636	090
2007	6	2009	090
771	6	30	090
1127	1	846	090
629	1	30	090
1947	6	405	090
114	1	116	090
8824	23	2977	090
656	6	30	090
1478	1	114	090
1473	1	114	090
857	15	5088	090
734	15	4977	090
2069	6	2018	090
19	6	2009	090
228	6	2040	090
142	6	30	090
2207	12	2155	090
8571	23	12518	090
8863	17	5816	090
1958	6	2061	090
3218	12	2018	090
44	6	30	090
2993	23	2939	090
1956	6	2009	090
1588	6	30	090
2116	6	2018	090
2003	6	30	090
3225	23	2938	091
2097	6	30	091
2046	6	2009	091
2539	9	2482	091
2129	6	30	091
5238	15	5088	091
2521	9	2482	091
2808	9	2517	091
2644	9	2593	091
199	1	189	091
3759	14	3495	091
5308	15	5088	091
2718	9	2540	091
2812	9	2517	091
1931	6	116	091
492	1	493	091
3231	12	29	091
2692	9	2476	091
811	1	416	091
12	1	14	091
776	1	493	091
2808	10	2924	091
2153	6	30	091
8957	23	2922	091
2144	6	2009	091
3211	12	2120	091
1941	5	1943	091
55	6	30	091
2142	6	2009	091
5178	15	5088	091
3113	11	3102	091
3237	12	116	091
2079	6	30	091
742	1	748	091
1898	23	2997	091
2744	10	2924	091
3227	12	46	091
1894	23	2920	091
728	1	405	091
1525	6	29	091
771	1	629	091
1502	1	416	091
3242	12	2009	091
610	1	416	091
443	1	416	091
717	1	636	091
473	1	416	091
5133	15	5088	091
831	1	416	091
733	1	731	091
613	1	416	091
1961	6	2009	091
845	1	28	091
2130	6	2009	091
2080	6	116	091
1922	6	2061	091
846	1	397	091
2530	14	3431	091
921	6	30	091
178	6	116	091
3208	12	2120	091
4911	14	4117	091
1644	1	207	091
2530	14	3431	091
178	1	179	091
3577	14	3437	091
2	6	30	091
2845	10	2977	091
188	1	189	091
1133	6	30	091
5214	15	5088	091
818	1	416	091
2140	6	2009	091
292	1	120	091
919	1	921	091
2744	9	2593	091
1912	6	405	091
2793	10	2924	091
598	6	30	091
8863	17	5935	091
675	6	405	091
812	1	416	091
2026	6	30	091
8863	17	6190	091
588	6	30	091
1871	12	2155	091
25	15	5024	091
1363	1	27	091
1959	6	2009	091
480	15	4990	091
284	1	189	091
675	15	4990	091
4615	14	3496	091
17	6	30	091
921	1	30	091
810	1	416	091
310	15	5088	091
659	1	341	091
1975	6	2009	091
729	1	731	091
3032	10	2940	091
675	15	5120	091
3848	14	3495	091
822	1	416	091
309	15	5088	091
2073	6	2009	091
2119	6	2120	091
2102	6	2040	091
8955	23	2939	091
25	15	4990	091
25	6	30	091
578	1	28	091
1110	15	5120	091
1429	6	30	091
3217	12	28	091
2101	6	2040	091
1983	6	405	091
3142	11	3131	091
44	5	25	091
5168	15	5088	091
380	6	30	091
4131	14	4132	091
728	15	4988	091
2717	14	3470	091
1133	15	4990	091
630	6	30	091
2812	10	2924	091
2159	6	30	091
734	15	4977	091
800	1	416	091
2135	6	2009	091
3101	11	3102	091
205	1	207	091
478	1	479	091
675	1	320	091
759	1	28	091
5160	15	5088	091
492	15	5088	091
1592	6	30	091
597	15	5088	091
478	1	444	091
9420	23	2939	091
2126	6	2009	091
3209	12	30	091
2010	6	2009	091
2049	6	30	091
8812	17	6190	091
2133	6	2040	091
113	6	30	091
1930	15	4977	091
2138	6	2009	091
3232	12	29	091
47	6	30	091
1100	6	28	091
2176	6	2061	091
2094	6	2040	091
3018	23	2977	091
729	15	4990	091
1941	6	2009	091
4685	14	3757	091
5148	15	5088	091
5348	15	5088	091
253	6	30	091
2020	6	2009	091
2077	6	2061	091
769	1	28	091
415	1	416	091
2718	9	2482	091
2119	6	2045	091
3050	10	2924	091
786	15	5088	091
8863	17	5818	091
2131	6	2009	091
776	15	5088	091
3189	12	2040	091
2791	9	2476	091
1860	10	2932	091
5158	15	5088	091
396	6	30	091
3193	12	2155	091
1983	15	5024	091
2693	12	28	091
428	6	405	091
8863	17	5817	091
2978	10	2924	091
1417	15	5088	091
85	6	116	091
303	1	416	091
284	6	2040	091
2539	9	2540	091
2074	6	405	091
3187	23	12518	091
2035	6	2009	091
12552	23	12525	091
169	6	405	091
4402	14	3495	091
1970	6	2040	091
2903	11	3089	091
205	15	4990	091
2059	6	2061	091
832	1	416	091
2011	6	30	091
444	1	405	091
473	6	2040	091
2161	6	2061	091
205	6	30	091
1866	12	170	091
3093	23	12538	091
488	1	30	091
2845	9	2518	091
2773	14	3636	091
2007	6	2009	091
771	6	30	091
1127	1	846	091
629	1	30	091
1947	6	405	091
114	1	116	091
8824	23	2977	091
656	6	30	091
1478	1	114	091
1473	1	114	091
857	15	5088	091
734	15	4977	091
2069	6	2018	091
19	6	2009	091
228	6	2040	091
142	6	30	091
2207	12	2155	091
8571	23	12518	091
8863	17	5816	091
1958	6	2061	091
3218	12	2018	091
44	6	30	091
2993	23	2939	091
1956	6	2009	091
1588	6	30	091
2116	6	2018	091
2003	6	30	091
3225	23	2938	092
2097	6	30	092
2046	6	2009	092
2539	9	2482	092
2129	6	30	092
5238	15	5088	092
2521	9	2482	092
2808	9	2517	092
2644	9	2593	092
199	1	189	092
5308	15	5088	092
2718	9	2540	092
2812	9	2517	092
1931	6	116	092
492	1	493	092
3231	12	29	092
2692	9	2476	092
811	1	416	092
12	1	14	092
776	1	493	092
2808	10	2924	092
2176	6	2018	092
2153	6	30	092
8957	23	2922	092
2144	6	2009	092
3211	12	2120	092
1941	5	1943	092
55	6	30	092
1922	6	2018	092
2142	6	2009	092
5178	15	5088	092
2077	6	2060	092
3113	11	3102	092
3237	12	116	092
2079	6	30	092
742	1	748	092
1898	23	2997	092
2744	10	2924	092
3227	12	46	092
1894	23	2920	092
728	1	405	092
1525	6	29	092
771	1	629	092
1502	1	416	092
3242	12	2009	092
610	1	416	092
443	1	416	092
717	1	636	092
473	1	416	092
5133	15	5088	092
831	1	416	092
733	1	731	092
613	1	416	092
1961	6	2009	092
845	1	28	092
2130	6	2009	092
2080	6	116	092
2811	9	2517	092
1922	6	2061	092
846	1	397	092
2530	14	3431	092
921	6	30	092
178	6	116	092
3208	12	2120	092
4911	14	4117	092
1644	1	207	092
2530	14	3431	092
178	1	179	092
3577	14	3437	092
2	6	30	092
2845	10	2977	092
188	1	189	092
1133	6	30	092
5214	15	5088	092
818	1	416	092
2140	6	2009	092
292	1	120	092
919	1	921	092
2744	9	2593	092
1912	6	405	092
2793	10	2924	092
598	6	30	092
8863	17	5935	092
675	6	405	092
812	1	416	092
2026	6	30	092
8863	17	6190	092
588	6	30	092
1871	12	2155	092
4341	14	4342	092
25	15	5024	092
1363	1	27	092
1959	6	2009	092
480	15	4990	092
284	1	189	092
675	15	4990	092
4615	14	3496	092
17	6	30	092
921	1	30	092
810	1	416	092
310	15	5088	092
659	1	341	092
1975	6	2009	092
729	1	731	092
3032	10	2940	092
675	15	5120	092
822	1	416	092
309	15	5088	092
2073	6	2009	092
2119	6	2120	092
2102	6	2040	092
8955	23	2939	092
25	15	4990	092
25	6	30	092
578	1	28	092
1110	15	5120	092
1429	6	30	092
3217	12	28	092
2101	6	2040	092
1983	6	405	092
3142	11	3131	092
44	5	25	092
5168	15	5088	092
380	6	30	092
4131	14	4132	092
728	15	4988	092
2717	14	3470	092
1958	6	2009	092
1133	15	4990	092
630	6	30	092
2812	10	2924	092
2159	6	30	092
734	15	4977	092
800	1	416	092
2135	6	2009	092
3101	11	3102	092
205	1	207	092
478	1	479	092
675	1	320	092
759	1	28	092
5160	15	5088	092
492	15	5088	092
1592	6	30	092
597	15	5088	092
478	1	444	092
9420	23	2939	092
2126	6	2009	092
3209	12	30	092
2010	6	2009	092
2049	6	30	092
8812	17	6190	092
2133	6	2040	092
113	6	30	092
1930	15	4977	092
2138	6	2009	092
3232	12	29	092
47	6	30	092
1100	6	28	092
2176	6	2061	092
2094	6	2040	092
3018	23	2977	092
729	15	4990	092
1941	6	2009	092
5148	15	5088	092
5348	15	5088	092
253	6	30	092
2020	6	2009	092
2077	6	2061	092
769	1	28	092
415	1	416	092
2718	9	2482	092
2119	6	2045	092
3050	10	2924	092
786	15	5088	092
8863	17	5818	092
2131	6	2009	092
776	15	5088	092
3189	12	2040	092
2791	9	2476	092
1860	10	2932	092
5158	15	5088	092
396	6	30	092
3193	12	2155	092
1983	15	5024	092
2693	12	28	092
428	6	405	092
8863	17	5817	092
2978	10	2924	092
1417	15	5088	092
85	6	116	092
303	1	416	092
284	6	2040	092
2539	9	2540	092
2074	6	405	092
3187	23	12518	092
2035	6	2009	092
12552	23	12525	092
169	6	405	092
4402	14	3495	092
1970	6	2040	092
2903	11	3089	092
205	15	4990	092
2059	6	2061	092
832	1	416	092
2011	6	30	092
444	1	405	092
473	6	2040	092
2161	6	2061	092
205	6	30	092
1866	12	170	092
3093	23	12538	092
488	1	30	092
2845	9	2518	092
2773	14	3636	092
2007	6	2009	092
771	6	30	092
1127	1	846	092
629	1	30	092
2059	6	2060	092
1947	6	405	092
114	1	116	092
8824	23	2977	092
656	6	30	092
1478	1	114	092
1473	1	114	092
857	15	5088	092
734	15	4977	092
2069	6	2018	092
19	6	2009	092
228	6	2040	092
142	6	30	092
2207	12	2155	092
8571	23	12518	092
8863	17	5816	092
1958	6	2061	092
3218	12	2018	092
44	6	30	092
2993	23	2939	092
1956	6	2009	092
1588	6	30	092
2116	6	2018	092
2003	6	30	092
3225	23	2938	093
2097	6	30	093
2046	6	2009	093
2539	9	2482	093
2129	6	30	093
1844	9	2506	093
5238	15	5088	093
2521	9	2482	093
2808	9	2517	093
2644	9	2593	093
199	1	189	093
5308	15	5088	093
2718	9	2540	093
2812	9	2517	093
1931	6	116	093
492	1	493	093
3231	12	29	093
2692	9	2476	093
811	1	416	093
12	1	14	093
776	1	493	093
2808	10	2924	093
2176	6	2018	093
2153	6	30	093
8957	23	2922	093
2144	6	2009	093
3211	12	2120	093
1941	5	1943	093
55	6	30	093
1922	6	2018	093
2142	6	2009	093
5178	15	5088	093
2077	6	2060	093
3113	11	3102	093
3237	12	116	093
2079	6	30	093
742	1	748	093
1898	23	2997	093
2744	10	2924	093
3227	12	46	093
1894	23	2920	093
728	1	405	093
1525	6	29	093
771	1	629	093
1502	1	416	093
3242	12	2009	093
610	1	416	093
443	1	416	093
717	1	636	093
473	1	416	093
5133	15	5088	093
831	1	416	093
733	1	731	093
613	1	416	093
1961	6	2009	093
845	1	28	093
2130	6	2009	093
2080	6	116	093
2811	9	2517	093
846	1	397	093
2530	14	3431	093
921	6	30	093
178	6	116	093
3208	12	2120	093
4911	14	4117	093
1644	1	207	093
2530	14	3431	093
178	1	179	093
3577	14	3437	093
2	6	30	093
2845	10	2977	093
188	1	189	093
1133	6	30	093
5214	15	5088	093
818	1	416	093
2140	6	2009	093
292	1	120	093
919	1	921	093
2744	9	2593	093
1912	6	405	093
2793	10	2924	093
598	6	30	093
8863	17	5935	093
675	6	405	093
812	1	416	093
2026	6	30	093
8863	17	6190	093
588	6	30	093
1871	12	2155	093
25	15	5024	093
1363	1	27	093
1959	6	2009	093
480	15	4990	093
284	1	189	093
675	15	4990	093
4615	14	3496	093
17	6	30	093
921	1	30	093
810	1	416	093
310	15	5088	093
659	1	341	093
1975	6	2009	093
729	1	731	093
3032	10	2940	093
675	15	5120	093
822	1	416	093
309	15	5088	093
2073	6	2009	093
2119	6	2120	093
2102	6	2040	093
8955	23	2939	093
25	15	4990	093
25	6	30	093
578	1	28	093
1110	15	5120	093
1429	6	30	093
3217	12	28	093
2101	6	2040	093
1983	6	405	093
4341	14	4342	093
44	5	25	093
5168	15	5088	093
380	6	30	093
4131	14	4132	093
728	15	4988	093
1958	6	2009	093
1133	15	4990	093
630	6	30	093
2812	10	2924	093
2159	6	30	093
734	15	4977	093
800	1	416	093
2135	6	2009	093
3101	11	3102	093
205	1	207	093
478	1	479	093
675	1	320	093
759	1	28	093
5160	15	5088	093
492	15	5088	093
1592	6	30	093
597	15	5088	093
478	1	444	093
9420	23	2939	093
2126	6	2009	093
3209	12	30	093
2010	6	2009	093
2049	6	30	093
8812	17	6190	093
2133	6	2040	093
113	6	30	093
1930	15	4977	093
2138	6	2009	093
3232	12	29	093
47	6	30	093
1100	6	28	093
2094	6	2040	093
3018	23	2977	093
729	15	4990	093
1941	6	2009	093
5148	15	5088	093
5348	15	5088	093
253	6	30	093
2020	6	2009	093
769	1	28	093
415	1	416	093
2718	9	2482	093
2119	6	2045	093
3050	10	2924	093
786	15	5088	093
8863	17	5818	093
2131	6	2009	093
776	15	5088	093
3189	12	2040	093
2791	9	2476	093
1860	10	2932	093
5158	15	5088	093
396	6	30	093
3193	12	2155	093
1983	15	5024	093
2693	12	28	093
428	6	405	093
8863	17	5817	093
2978	10	2924	093
1417	15	5088	093
85	6	116	093
303	1	416	093
284	6	2040	093
2539	9	2540	093
2074	6	405	093
3187	23	12518	093
2035	6	2009	093
12552	23	12525	093
169	6	405	093
4402	14	3495	093
1970	6	2040	093
2903	11	3089	093
205	15	4990	093
832	1	416	093
2011	6	30	093
444	1	405	093
473	6	2040	093
2161	6	2061	093
205	6	30	093
1866	12	170	093
3093	23	12538	093
488	1	30	093
2845	9	2518	093
2007	6	2009	093
771	6	30	093
1127	1	846	093
629	1	30	093
2059	6	2060	093
1947	6	405	093
114	1	116	093
8824	23	2977	093
656	6	30	093
1478	1	114	093
1473	1	114	093
857	15	5088	093
734	15	4977	093
2069	6	2018	093
19	6	2009	093
228	6	2040	093
142	6	30	093
2207	12	2155	093
8571	23	12518	093
8863	17	5816	093
3218	12	2018	093
44	6	30	093
2993	23	2939	093
1956	6	2009	093
1588	6	30	093
2116	6	2018	093
2003	6	30	093
3225	23	2938	094
2097	6	30	094
7024	17	5935	094
2046	6	2009	094
2539	9	2482	094
2129	6	30	094
1844	9	2506	094
5238	15	5088	094
2521	9	2482	094
2808	9	2517	094
2644	9	2593	094
199	1	189	094
5308	15	5088	094
2718	9	2540	094
2812	9	2517	094
1931	6	116	094
492	1	493	094
3231	12	29	094
2692	9	2476	094
811	1	416	094
12	1	14	094
776	1	493	094
2808	10	2924	094
2176	6	2018	094
2153	6	30	094
8957	23	2922	094
2144	6	2009	094
3211	12	2120	094
1941	5	1943	094
55	6	30	094
1922	6	2018	094
2142	6	2009	094
5178	15	5088	094
2077	6	2060	094
3113	11	3102	094
3237	12	116	094
2079	6	30	094
742	1	748	094
1898	23	2997	094
2744	10	2924	094
3227	12	46	094
1894	23	2920	094
728	1	405	094
1525	6	29	094
771	1	629	094
1502	1	416	094
3242	12	2009	094
610	1	416	094
443	1	416	094
717	1	636	094
473	1	416	094
5133	15	5088	094
831	1	416	094
733	1	731	094
613	1	416	094
1961	6	2009	094
845	1	28	094
2130	6	2009	094
2080	6	116	094
2811	9	2517	094
846	1	397	094
2530	14	3431	094
921	6	30	094
178	6	116	094
3208	12	2120	094
4911	14	4117	094
1644	1	207	094
2530	14	3431	094
178	1	179	094
3577	14	3437	094
2	6	30	094
2845	10	2977	094
188	1	189	094
1133	6	30	094
5214	15	5088	094
818	1	416	094
2140	6	2009	094
292	1	120	094
919	1	921	094
2744	9	2593	094
1912	6	405	094
2793	10	2924	094
598	6	30	094
8863	17	5935	094
675	6	405	094
812	1	416	094
2026	6	30	094
8863	17	6190	094
588	6	30	094
1871	12	2155	094
25	15	5024	094
1363	1	27	094
1959	6	2009	094
480	15	4990	094
284	1	189	094
675	15	4990	094
17	6	30	094
921	1	30	094
810	1	416	094
310	15	5088	094
659	1	341	094
1975	6	2009	094
729	1	731	094
3032	10	2940	094
675	15	5120	094
822	1	416	094
309	15	5088	094
2073	6	2009	094
2119	6	2120	094
2102	6	2040	094
8955	23	2939	094
25	15	4990	094
25	6	30	094
578	1	28	094
1110	15	5120	094
1429	6	30	094
3217	12	28	094
2101	6	2040	094
1983	6	405	094
4341	14	4342	094
44	5	25	094
5168	15	5088	094
380	6	30	094
4131	14	4132	094
728	15	4988	094
1958	6	2009	094
1133	15	4990	094
630	6	30	094
2812	10	2924	094
2159	6	30	094
734	15	4977	094
800	1	416	094
2135	6	2009	094
3101	11	3102	094
205	1	207	094
478	1	479	094
675	1	320	094
759	1	28	094
5160	15	5088	094
492	15	5088	094
1592	6	30	094
597	15	5088	094
478	1	444	094
9420	23	2939	094
2126	6	2009	094
3209	12	30	094
2010	6	2009	094
2049	6	30	094
8812	17	6190	094
2133	6	2040	094
113	6	30	094
1930	15	4977	094
2138	6	2009	094
3232	12	29	094
47	6	30	094
1100	6	28	094
2094	6	2040	094
3018	23	2977	094
729	15	4990	094
1941	6	2009	094
5148	15	5088	094
5348	15	5088	094
253	6	30	094
2020	6	2009	094
769	1	28	094
415	1	416	094
2718	9	2482	094
2119	6	2045	094
3050	10	2924	094
786	15	5088	094
8863	17	5818	094
2131	6	2009	094
776	15	5088	094
3189	12	2040	094
2791	9	2476	094
1860	10	2932	094
5158	15	5088	094
396	6	30	094
3193	12	2155	094
1983	15	5024	094
2693	12	28	094
428	6	405	094
8863	17	5817	094
2978	10	2924	094
1417	15	5088	094
85	6	116	094
303	1	416	094
284	6	2040	094
2539	9	2540	094
2074	6	405	094
3187	23	12518	094
2035	6	2009	094
12552	23	12525	094
169	6	405	094
1970	6	2040	094
2903	11	3089	094
205	15	4990	094
832	1	416	094
2011	6	30	094
444	1	405	094
473	6	2040	094
2161	6	2061	094
205	6	30	094
1866	12	170	094
3093	23	12538	094
488	1	30	094
2845	9	2518	094
2007	6	2009	094
771	6	30	094
1127	1	846	094
629	1	30	094
2059	6	2060	094
1947	6	405	094
114	1	116	094
8824	23	2977	094
656	6	30	094
1478	1	114	094
1473	1	114	094
857	15	5088	094
734	15	4977	094
2069	6	2018	094
19	6	2009	094
228	6	2040	094
142	6	30	094
2207	12	2155	094
8571	23	12518	094
8863	17	5816	094
3218	12	2018	094
44	6	30	094
2993	23	2939	094
1956	6	2009	094
1588	6	30	094
2116	6	2018	094
2003	6	30	094
3225	23	2938	095
2097	6	30	095
2046	6	2009	095
2539	9	2482	095
2129	6	30	095
1844	9	2506	095
5238	15	5088	095
2521	9	2482	095
2808	9	2517	095
2644	9	2593	095
199	1	189	095
5308	15	5088	095
2718	9	2540	095
2812	9	2517	095
1931	6	116	095
492	1	493	095
3231	12	29	095
2692	9	2476	095
811	1	416	095
12	1	14	095
776	1	493	095
2808	10	2924	095
2176	6	2018	095
2153	6	30	095
8957	23	2922	095
2144	6	2009	095
3211	12	2120	095
1941	5	1943	095
55	6	30	095
1922	6	2018	095
2142	6	2009	095
5178	15	5088	095
2077	6	2060	095
3113	11	3102	095
3237	12	116	095
2079	6	30	095
742	1	748	095
6509	17	6491	095
1898	23	2997	095
2773	9	2517	095
2744	10	2924	095
3227	12	46	095
1894	23	2920	095
728	1	405	095
1525	6	29	095
771	1	629	095
1502	1	416	095
3242	12	2009	095
610	1	416	095
443	1	416	095
717	1	636	095
473	1	416	095
5133	15	5088	095
831	1	416	095
733	1	731	095
613	1	416	095
1961	6	2009	095
845	1	28	095
2130	6	2009	095
2080	6	116	095
2811	9	2517	095
846	1	397	095
2530	14	3431	095
921	6	30	095
178	6	116	095
3208	12	2120	095
4911	14	4117	095
1644	1	207	095
2530	14	3431	095
178	1	179	095
3577	14	3437	095
2	6	30	095
2845	10	2977	095
188	1	189	095
1133	6	30	095
5214	15	5088	095
818	1	416	095
2140	6	2009	095
292	1	120	095
919	1	921	095
2744	9	2593	095
1912	6	405	095
2793	10	2924	095
598	6	30	095
8863	17	5935	095
675	6	405	095
812	1	416	095
2026	6	30	095
8863	17	6190	095
588	6	30	095
2811	14	3711	095
1871	12	2155	095
25	15	5024	095
1363	1	27	095
1959	6	2009	095
480	15	4990	095
284	1	189	095
4395	14	3496	095
675	15	4990	095
17	6	30	095
921	1	30	095
810	1	416	095
310	15	5088	095
659	1	341	095
1975	6	2009	095
729	1	731	095
3032	10	2940	095
675	15	5120	095
822	1	416	095
309	15	5088	095
2073	6	2009	095
2119	6	2120	095
2102	6	2040	095
8955	23	2939	095
25	15	4990	095
25	6	30	095
578	1	28	095
1110	15	5120	095
1429	6	30	095
3217	12	28	095
2101	6	2040	095
1983	6	405	095
44	5	25	095
5168	15	5088	095
380	6	30	095
4131	14	4132	095
728	15	4988	095
1958	6	2009	095
1133	15	4990	095
630	6	30	095
2812	10	2924	095
2159	6	30	095
734	15	4977	095
800	1	416	095
2135	6	2009	095
3101	11	3102	095
205	1	207	095
478	1	479	095
675	1	320	095
759	1	28	095
5160	15	5088	095
492	15	5088	095
1592	6	30	095
597	15	5088	095
478	1	444	095
9420	23	2939	095
2126	6	2009	095
3209	12	30	095
2010	6	2009	095
2049	6	30	095
8812	17	6190	095
2133	6	2040	095
113	6	30	095
1930	15	4977	095
2138	6	2009	095
3232	12	29	095
47	6	30	095
1100	6	28	095
2094	6	2040	095
3018	23	2977	095
729	15	4990	095
1941	6	2009	095
5148	15	5088	095
5348	15	5088	095
253	6	30	095
2020	6	2009	095
4402	14	3785	095
769	1	28	095
415	1	416	095
169	1	173	095
2718	9	2482	095
2119	6	2045	095
3050	10	2924	095
786	15	5088	095
8863	17	5818	095
2131	6	2009	095
776	15	5088	095
3189	12	2040	095
2791	9	2476	095
1860	10	2932	095
5158	15	5088	095
396	6	30	095
3193	12	2155	095
1983	15	5024	095
2693	12	28	095
428	6	405	095
8863	17	5817	095
2978	10	2924	095
1417	15	5088	095
85	6	116	095
303	1	416	095
284	6	2040	095
2539	9	2540	095
2074	6	405	095
3187	23	12518	095
2035	6	2009	095
12552	23	12525	095
169	6	405	095
1970	6	2040	095
2903	11	3089	095
205	15	4990	095
832	1	416	095
2011	6	30	095
444	1	405	095
473	6	2040	095
2161	6	2061	095
205	6	30	095
1866	12	170	095
3093	23	12538	095
488	1	30	095
2845	9	2518	095
2007	6	2009	095
771	6	30	095
1127	1	846	095
629	1	30	095
2059	6	2060	095
1947	6	405	095
114	1	116	095
8824	23	2977	095
656	6	30	095
1478	1	114	095
1473	1	114	095
857	15	5088	095
734	15	4977	095
2069	6	2018	095
19	6	2009	095
228	6	2040	095
142	6	30	095
2207	12	2155	095
8571	23	12518	095
8863	17	5816	095
3218	12	2018	095
44	6	30	095
2993	23	2939	095
1956	6	2009	095
1588	6	30	095
2116	6	2018	095
2003	6	30	095
3225	23	2938	096
2097	6	30	096
2046	6	2009	096
2539	9	2482	096
2129	6	30	096
5238	15	5088	096
2521	9	2482	096
2808	9	2517	096
2644	9	2593	096
199	1	189	096
5308	15	5088	096
2718	9	2540	096
2812	9	2517	096
1931	6	116	096
492	1	493	096
3231	12	29	096
2692	9	2476	096
811	1	416	096
12	1	14	096
776	1	493	096
2808	10	2924	096
2176	6	2018	096
2153	6	30	096
8957	23	2922	096
2144	6	2009	096
3211	12	2120	096
1941	5	1943	096
55	6	30	096
1922	6	2018	096
2142	6	2009	096
5178	15	5088	096
2077	6	2060	096
3113	11	3102	096
3237	12	116	096
2079	6	30	096
742	1	748	096
1898	23	2997	096
2773	9	2517	096
2744	10	2924	096
3227	12	46	096
1894	23	2920	096
728	1	405	096
1525	6	29	096
771	1	629	096
1502	1	416	096
3242	12	2009	096
610	1	416	096
443	1	416	096
717	1	636	096
473	1	416	096
5133	15	5088	096
831	1	416	096
733	1	731	096
613	1	416	096
1961	6	2009	096
845	1	28	096
2130	6	2009	096
2080	6	116	096
2811	9	2517	096
846	1	397	096
2530	14	3431	096
921	6	30	096
178	6	116	096
3208	12	2120	096
4911	14	4117	096
1644	1	207	096
2530	14	3431	096
178	1	179	096
3577	14	3437	096
2	6	30	096
2845	10	2977	096
188	1	189	096
1133	6	30	096
5214	15	5088	096
818	1	416	096
2140	6	2009	096
292	1	120	096
919	1	921	096
2744	9	2593	096
1912	6	405	096
2793	10	2924	096
598	6	30	096
8863	17	5935	096
675	6	405	096
812	1	416	096
2026	6	30	096
8863	17	6190	096
588	6	30	096
2811	14	3711	096
1871	12	2155	096
25	15	5024	096
1363	1	27	096
1959	6	2009	096
480	15	4990	096
284	1	189	096
4395	14	3496	096
675	15	4990	096
17	6	30	096
921	1	30	096
810	1	416	096
310	15	5088	096
659	1	341	096
1975	6	2009	096
729	1	731	096
3032	10	2940	096
675	15	5120	096
822	1	416	096
309	15	5088	096
2073	6	2009	096
2119	6	2120	096
2102	6	2040	096
8955	23	2939	096
25	15	4990	096
25	6	30	096
578	1	28	096
1110	15	5120	096
1429	6	30	096
3217	12	28	096
2101	6	2040	096
1983	6	405	096
8983	17	5817	096
44	5	25	096
5168	15	5088	096
380	6	30	096
728	15	4988	096
1958	6	2009	096
1133	15	4990	096
630	6	30	096
2812	10	2924	096
2159	6	30	096
734	15	4977	096
800	1	416	096
2135	6	2009	096
3101	11	3102	096
205	1	207	096
478	1	479	096
675	1	320	096
759	1	28	096
5160	15	5088	096
492	15	5088	096
1592	6	30	096
597	15	5088	096
478	1	444	096
9420	23	2939	096
2126	6	2009	096
3209	12	30	096
2010	6	2009	096
2049	6	30	096
8812	17	6190	096
2133	6	2040	096
113	6	30	096
1930	15	4977	096
2138	6	2009	096
3232	12	29	096
47	6	30	096
1100	6	28	096
2094	6	2040	096
3018	23	2977	096
729	15	4990	096
1941	6	2009	096
5148	15	5088	096
5348	15	5088	096
253	6	30	096
2020	6	2009	096
4402	14	3785	096
769	1	28	096
415	1	416	096
169	1	173	096
2718	9	2482	096
2119	6	2045	096
3050	10	2924	096
786	15	5088	096
8863	17	5818	096
2131	6	2009	096
776	15	5088	096
3189	12	2040	096
2791	9	2476	096
1860	10	2932	096
5158	15	5088	096
396	6	30	096
3193	12	2155	096
1983	15	5024	096
2693	12	28	096
428	6	405	096
8863	17	5817	096
2978	10	2924	096
1417	15	5088	096
85	6	116	096
303	1	416	096
284	6	2040	096
2539	9	2540	096
2074	6	405	096
3187	23	12518	096
2035	6	2009	096
12552	23	12525	096
169	6	405	096
1970	6	2040	096
2903	11	3089	096
205	15	4990	096
832	1	416	096
2011	6	30	096
444	1	405	096
473	6	2040	096
2161	6	2061	096
205	6	30	096
1866	12	170	096
3093	23	12538	096
488	1	30	096
2845	9	2518	096
2007	6	2009	096
771	6	30	096
1127	1	846	096
629	1	30	096
2059	6	2060	096
1947	6	405	096
114	1	116	096
8824	23	2977	096
656	6	30	096
1478	1	114	096
1473	1	114	096
857	15	5088	096
734	15	4977	096
2069	6	2018	096
19	6	2009	096
228	6	2040	096
142	6	30	096
2207	12	2155	096
8571	23	12518	096
8863	17	5816	096
3218	12	2018	096
44	6	30	096
2993	23	2939	096
1956	6	2009	096
1588	6	30	096
2116	6	2018	096
2003	6	30	096
3225	23	2938	097
2097	6	30	097
2046	6	2009	097
2539	9	2482	097
2129	6	30	097
5238	15	5088	097
2521	9	2482	097
2808	9	2517	097
2644	9	2593	097
199	1	189	097
5308	15	5088	097
2718	9	2540	097
2812	9	2517	097
1931	6	116	097
492	1	493	097
3231	12	29	097
2692	9	2476	097
811	1	416	097
12	1	14	097
776	1	493	097
2808	10	2924	097
2176	6	2018	097
2153	6	30	097
8957	23	2922	097
2144	6	2009	097
3211	12	2120	097
1941	5	1943	097
55	6	30	097
1922	6	2018	097
2142	6	2009	097
5178	15	5088	097
2077	6	2060	097
3113	11	3102	097
3237	12	116	097
2079	6	30	097
742	1	748	097
1898	23	2997	097
2773	9	2517	097
2744	10	2924	097
3227	12	46	097
1894	23	2920	097
728	1	405	097
1525	6	29	097
771	1	629	097
1502	1	416	097
3242	12	2009	097
610	1	416	097
443	1	416	097
717	1	636	097
473	1	416	097
5133	15	5088	097
831	1	416	097
733	1	731	097
613	1	416	097
1961	6	2009	097
845	1	28	097
2130	6	2009	097
2080	6	116	097
2811	9	2517	097
846	1	397	097
2530	14	3431	097
921	6	30	097
178	6	116	097
3208	12	2120	097
4911	14	4117	097
1644	1	207	097
2530	14	3431	097
178	1	179	097
3577	14	3437	097
2	6	30	097
2845	10	2977	097
188	1	189	097
1133	6	30	097
5214	15	5088	097
818	1	416	097
2140	6	2009	097
292	1	120	097
919	1	921	097
2744	9	2593	097
1912	6	405	097
2793	10	2924	097
598	6	30	097
8863	17	5935	097
675	6	405	097
812	1	416	097
2026	6	30	097
8863	17	6190	097
588	6	30	097
1871	12	2155	097
25	15	5024	097
1363	1	27	097
1959	6	2009	097
480	15	4990	097
284	1	189	097
4395	14	3496	097
675	15	4990	097
17	6	30	097
921	1	30	097
2605	23	3268	097
810	1	416	097
310	15	5088	097
659	1	341	097
1975	6	2009	097
729	1	731	097
3032	10	2940	097
675	15	5120	097
822	1	416	097
309	15	5088	097
2073	6	2009	097
2119	6	2120	097
2102	6	2040	097
8955	23	2939	097
25	15	4990	097
25	6	30	097
578	1	28	097
1110	15	5120	097
1429	6	30	097
3217	12	28	097
2101	6	2040	097
1983	6	405	097
44	5	25	097
5168	15	5088	097
380	6	30	097
728	15	4988	097
1958	6	2009	097
1133	15	4990	097
630	6	30	097
2812	10	2924	097
2159	6	30	097
734	15	4977	097
800	1	416	097
2135	6	2009	097
3101	11	3102	097
205	1	207	097
478	1	479	097
675	1	320	097
759	1	28	097
5160	15	5088	097
492	15	5088	097
1592	6	30	097
597	15	5088	097
478	1	444	097
9420	23	2939	097
2126	6	2009	097
3209	12	30	097
2010	6	2009	097
2049	6	30	097
8812	17	6190	097
2133	6	2040	097
113	6	30	097
1930	15	4977	097
2138	6	2009	097
3232	12	29	097
47	6	30	097
1100	6	28	097
2094	6	2040	097
3018	23	2977	097
729	15	4990	097
1941	6	2009	097
5148	15	5088	097
5348	15	5088	097
253	6	30	097
2020	6	2009	097
4402	14	3785	097
769	1	28	097
415	1	416	097
169	1	173	097
2718	9	2482	097
2119	6	2045	097
3050	10	2924	097
786	15	5088	097
8863	17	5818	097
2131	6	2009	097
776	15	5088	097
3189	12	2040	097
2791	9	2476	097
1860	10	2932	097
5158	15	5088	097
396	6	30	097
3193	12	2155	097
1983	15	5024	097
2693	12	28	097
428	6	405	097
8863	17	5817	097
2978	10	2924	097
1417	15	5088	097
85	6	116	097
303	1	416	097
284	6	2040	097
2539	9	2540	097
2074	6	405	097
3187	23	12518	097
2035	6	2009	097
12552	23	12525	097
169	6	405	097
1970	6	2040	097
2903	11	3089	097
205	15	4990	097
832	1	416	097
2011	6	30	097
444	1	405	097
473	6	2040	097
2161	6	2061	097
205	6	30	097
1866	12	170	097
3093	23	12538	097
488	1	30	097
2845	9	2518	097
2007	6	2009	097
771	6	30	097
1127	1	846	097
629	1	30	097
2059	6	2060	097
1947	6	405	097
114	1	116	097
8824	23	2977	097
656	6	30	097
1478	1	114	097
1473	1	114	097
857	15	5088	097
734	15	4977	097
2069	6	2018	097
19	6	2009	097
228	6	2040	097
142	6	30	097
2207	12	2155	097
8571	23	12518	097
8863	17	5816	097
3218	12	2018	097
44	6	30	097
2993	23	2939	097
1956	6	2009	097
1588	6	30	097
2116	6	2018	097
2003	6	30	097
3225	23	2938	098
2097	6	30	098
2046	6	2009	098
2539	9	2482	098
2129	6	30	098
5238	15	5088	098
2521	9	2482	098
2808	9	2517	098
2644	9	2593	098
199	1	189	098
2521	17	5873	098
5308	15	5088	098
2718	9	2540	098
2812	9	2517	098
1931	6	116	098
492	1	493	098
3231	12	29	098
2692	9	2476	098
811	1	416	098
12	1	14	098
776	1	493	098
2723	9	2517	098
2808	10	2924	098
2176	6	2018	098
2153	6	30	098
8957	23	2922	098
2144	6	2009	098
3211	12	2120	098
1941	5	1943	098
55	6	30	098
1922	6	2018	098
2142	6	2009	098
5178	15	5088	098
2077	6	2060	098
3113	11	3102	098
3237	12	116	098
2079	6	30	098
742	1	748	098
1898	23	2997	098
2773	9	2517	098
2744	10	2924	098
3227	12	46	098
1894	23	2920	098
728	1	405	098
1525	6	29	098
771	1	629	098
1502	1	416	098
3242	12	2009	098
610	1	416	098
443	1	416	098
717	1	636	098
473	1	416	098
5133	15	5088	098
831	1	416	098
733	1	731	098
613	1	416	098
1961	6	2009	098
845	1	28	098
2130	6	2009	098
2080	6	116	098
2811	9	2517	098
846	1	397	098
2530	14	3431	098
921	6	30	098
178	6	116	098
3208	12	2120	098
4911	14	4117	098
1644	1	207	098
2530	14	3431	098
178	1	179	098
3577	14	3437	098
2	6	30	098
2845	10	2977	098
188	1	189	098
1133	6	30	098
5214	15	5088	098
818	1	416	098
2140	6	2009	098
292	1	120	098
919	1	921	098
2744	9	2593	098
1912	6	405	098
2793	10	2924	098
598	6	30	098
8863	17	5935	098
675	6	405	098
812	1	416	098
2026	6	30	098
8863	17	6190	098
588	6	30	098
1871	12	2155	098
25	15	5024	098
1363	1	27	098
1959	6	2009	098
480	15	4990	098
284	1	189	098
4395	14	3496	098
675	15	4990	098
17	6	30	098
921	1	30	098
2605	23	3268	098
810	1	416	098
310	15	5088	098
659	1	341	098
1975	6	2009	098
729	1	731	098
3032	10	2940	098
675	15	5120	098
822	1	416	098
309	15	5088	098
2073	6	2009	098
2119	6	2120	098
2102	6	2040	098
8955	23	2939	098
25	15	4990	098
25	6	30	098
578	1	28	098
1110	15	5120	098
1429	6	30	098
3217	12	28	098
2101	6	2040	098
1983	6	405	098
44	5	25	098
5168	15	5088	098
380	6	30	098
728	15	4988	098
1958	6	2009	098
1133	15	4990	098
630	6	30	098
2812	10	2924	098
2159	6	30	098
734	15	4977	098
800	1	416	098
2135	6	2009	098
3101	11	3102	098
205	1	207	098
478	1	479	098
675	1	320	098
759	1	28	098
5160	15	5088	098
492	15	5088	098
1592	6	30	098
597	15	5088	098
478	1	444	098
9420	23	2939	098
2126	6	2009	098
3209	12	30	098
2010	6	2009	098
2049	6	30	098
8812	17	6190	098
2133	6	2040	098
113	6	30	098
1930	15	4977	098
2138	6	2009	098
3232	12	29	098
47	6	30	098
1100	6	28	098
2094	6	2040	098
3018	23	2977	098
729	15	4990	098
1941	6	2009	098
5148	15	5088	098
5348	15	5088	098
253	6	30	098
2020	6	2009	098
4402	14	3785	098
769	1	28	098
415	1	416	098
169	1	173	098
2718	9	2482	098
2119	6	2045	098
3050	10	2924	098
786	15	5088	098
8863	17	5818	098
2131	6	2009	098
776	15	5088	098
3189	12	2040	098
2791	9	2476	098
1860	10	2932	098
5158	15	5088	098
396	6	30	098
2793	9	2476	098
3193	12	2155	098
1983	15	5024	098
2693	12	28	098
428	6	405	098
8863	17	5817	098
2978	10	2924	098
1417	15	5088	098
85	6	116	098
303	1	416	098
284	6	2040	098
2539	9	2540	098
1844	4	1833	098
2074	6	405	098
3187	23	12518	098
2035	6	2009	098
12552	23	12525	098
169	6	405	098
1970	6	2040	098
2903	11	3089	098
205	15	4990	098
832	1	416	098
2011	6	30	098
444	1	405	098
473	6	2040	098
2161	6	2061	098
205	6	30	098
1866	12	170	098
3093	23	12538	098
488	1	30	098
2845	9	2518	098
2007	6	2009	098
771	6	30	098
1127	1	846	098
629	1	30	098
2059	6	2060	098
1947	6	405	098
114	1	116	098
8824	23	2977	098
656	6	30	098
1478	1	114	098
1473	1	114	098
857	15	5088	098
734	15	4977	098
2069	6	2018	098
19	6	2009	098
228	6	2040	098
142	6	30	098
2207	12	2155	098
8571	23	12518	098
8863	17	5816	098
3218	12	2018	098
44	6	30	098
2993	23	2939	098
1956	6	2009	098
1588	6	30	098
2116	6	2018	098
2003	6	30	098
3225	23	2938	099
2097	6	30	099
2046	6	2009	099
2539	9	2482	099
2129	6	30	099
5238	15	5088	099
2521	9	2482	099
2808	9	2517	099
2644	9	2593	099
199	1	189	099
5308	15	5088	099
2718	9	2540	099
2812	9	2517	099
1931	6	116	099
492	1	493	099
3231	12	29	099
2692	9	2476	099
811	1	416	099
12	1	14	099
776	1	493	099
2723	9	2517	099
2808	10	2924	099
2176	6	2018	099
2153	6	30	099
8957	23	2922	099
2144	6	2009	099
3211	12	2120	099
1941	5	1943	099
55	6	30	099
1922	6	2018	099
2142	6	2009	099
5178	15	5088	099
2077	6	2060	099
3113	11	3102	099
3237	12	116	099
2079	6	30	099
742	1	748	099
1898	23	2997	099
2773	9	2517	099
2744	10	2924	099
3227	12	46	099
1894	23	2920	099
728	1	405	099
1525	6	29	099
771	1	629	099
1502	1	416	099
3242	12	2009	099
610	1	416	099
443	1	416	099
717	1	636	099
473	1	416	099
5133	15	5088	099
831	1	416	099
733	1	731	099
613	1	416	099
1961	6	2009	099
845	1	28	099
2130	6	2009	099
2080	6	116	099
2811	9	2517	099
846	1	397	099
2530	14	3431	099
921	6	30	099
178	6	116	099
3208	12	2120	099
4911	14	4117	099
1644	1	207	099
2530	14	3431	099
178	1	179	099
3577	14	3437	099
2	6	30	099
2845	10	2977	099
188	1	189	099
1133	6	30	099
5214	15	5088	099
818	1	416	099
2140	6	2009	099
292	1	120	099
919	1	921	099
2744	9	2593	099
1912	6	405	099
2793	10	2924	099
598	6	30	099
8863	17	5935	099
675	6	405	099
812	1	416	099
2026	6	30	099
8863	17	6190	099
588	6	30	099
1871	12	2155	099
25	15	5024	099
1363	1	27	099
1959	6	2009	099
480	15	4990	099
284	1	189	099
4395	14	3496	099
2717	9	2517	099
675	15	4990	099
17	6	30	099
921	1	30	099
2605	23	3268	099
810	1	416	099
310	15	5088	099
659	1	341	099
1975	6	2009	099
2883	9	2482	099
729	1	731	099
3032	10	2940	099
675	15	5120	099
822	1	416	099
309	15	5088	099
2073	6	2009	099
2119	6	2120	099
2102	6	2040	099
8955	23	2939	099
25	15	4990	099
25	6	30	099
578	1	28	099
1110	15	5120	099
1429	6	30	099
2723	9	2482	099
3217	12	28	099
2101	6	2040	099
1983	6	405	099
44	5	25	099
5168	15	5088	099
380	6	30	099
728	15	4988	099
1958	6	2009	099
1133	15	4990	099
630	6	30	099
2812	10	2924	099
2159	6	30	099
734	15	4977	099
800	1	416	099
2135	6	2009	099
3101	11	3102	099
205	1	207	099
478	1	479	099
675	1	320	099
759	1	28	099
5160	15	5088	099
492	15	5088	099
1592	6	30	099
597	15	5088	099
478	1	444	099
9420	23	2939	099
2126	6	2009	099
3209	12	30	099
2010	6	2009	099
2049	6	30	099
8812	17	6190	099
2133	6	2040	099
113	6	30	099
1930	15	4977	099
2138	6	2009	099
3232	12	29	099
47	6	30	099
1100	6	28	099
2094	6	2040	099
3018	23	2977	099
729	15	4990	099
1941	6	2009	099
5148	15	5088	099
5348	15	5088	099
253	6	30	099
2020	6	2009	099
4402	14	3785	099
769	1	28	099
415	1	416	099
169	1	173	099
2718	9	2482	099
2119	6	2045	099
3050	10	2924	099
786	15	5088	099
8863	17	5818	099
2131	6	2009	099
776	15	5088	099
3189	12	2040	099
2791	9	2476	099
1860	10	2932	099
5158	15	5088	099
396	6	30	099
4689	14	3431	099
2793	9	2476	099
3193	12	2155	099
2883	9	2517	099
1983	15	5024	099
2693	12	28	099
428	6	405	099
8863	17	5817	099
2978	10	2924	099
1417	15	5088	099
85	6	116	099
303	1	416	099
284	6	2040	099
636	1	479	099
2539	9	2540	099
2074	6	405	099
3187	23	12518	099
2035	6	2009	099
12552	23	12525	099
169	6	405	099
1970	6	2040	099
2903	11	3089	099
205	15	4990	099
832	1	416	099
2011	6	30	099
444	1	405	099
473	6	2040	099
2161	6	2061	099
205	6	30	099
1866	12	170	099
3093	23	12538	099
488	1	30	099
2845	9	2518	099
2007	6	2009	099
771	6	30	099
1127	1	846	099
629	1	30	099
2059	6	2060	099
1947	6	405	099
114	1	116	099
8824	23	2977	099
656	6	30	099
1478	1	114	099
1473	1	114	099
857	15	5088	099
734	15	4977	099
1424	1	479	099
2069	6	2018	099
19	6	2009	099
228	6	2040	099
142	6	30	099
2207	12	2155	099
8571	23	12518	099
1860	9	2517	099
8863	17	5816	099
3218	12	2018	099
44	6	30	099
2993	23	2939	099
1956	6	2009	099
1588	6	30	099
2116	6	2018	099
2003	6	30	099
3225	23	2938	100
2097	6	30	100
2046	6	2009	100
2539	9	2482	100
2129	6	30	100
5238	15	5088	100
2521	9	2482	100
2808	9	2517	100
2644	9	2593	100
199	1	189	100
5308	15	5088	100
2718	9	2540	100
2812	9	2517	100
1931	6	116	100
492	1	493	100
3231	12	29	100
2692	9	2476	100
3754	14	3737	100
811	1	416	100
12	1	14	100
776	1	493	100
2723	9	2517	100
2176	6	2018	100
2153	6	30	100
8957	23	2922	100
2144	6	2009	100
3211	12	2120	100
1941	5	1943	100
55	6	30	100
1922	6	2018	100
2142	6	2009	100
5178	15	5088	100
2077	6	2060	100
3113	11	3102	100
3237	12	116	100
2079	6	30	100
742	1	748	100
1898	23	2997	100
2773	9	2517	100
3227	12	46	100
1894	23	2920	100
728	1	405	100
1525	6	29	100
771	1	629	100
1502	1	416	100
3242	12	2009	100
610	1	416	100
443	1	416	100
717	1	636	100
473	1	416	100
5133	15	5088	100
831	1	416	100
733	1	731	100
613	1	416	100
1961	6	2009	100
845	1	28	100
2130	6	2009	100
2080	6	116	100
2811	9	2517	100
846	1	397	100
921	6	30	100
178	6	116	100
3208	12	2120	100
4911	14	4117	100
1644	1	207	100
2530	14	3431	100
178	1	179	100
3577	14	3437	100
2	6	30	100
2845	10	2977	100
188	1	189	100
1133	6	30	100
2867	9	2517	100
5214	15	5088	100
818	1	416	100
2140	6	2009	100
292	1	120	100
919	1	921	100
2744	9	2593	100
1912	6	405	100
2793	10	2924	100
598	6	30	100
8863	17	5935	100
675	6	405	100
812	1	416	100
2026	6	30	100
8723	17	5817	100
8863	17	6190	100
588	6	30	100
1871	12	2155	100
25	15	5024	100
1363	1	27	100
1959	6	2009	100
480	15	4990	100
284	1	189	100
4395	14	3496	100
2717	9	2517	100
675	15	4990	100
17	6	30	100
921	1	30	100
2605	23	3268	100
810	1	416	100
310	15	5088	100
659	1	341	100
1975	6	2009	100
2883	9	2482	100
729	1	731	100
3032	10	2940	100
675	15	5120	100
822	1	416	100
309	15	5088	100
2073	6	2009	100
2119	6	2120	100
2102	6	2040	100
8955	23	2939	100
25	15	4990	100
25	6	30	100
578	1	28	100
1110	15	5120	100
1429	6	30	100
2723	9	2482	100
3217	12	28	100
2101	6	2040	100
1983	6	405	100
44	5	25	100
5168	15	5088	100
380	6	30	100
728	15	4988	100
1958	6	2009	100
1133	15	4990	100
630	6	30	100
2812	10	2924	100
2159	6	30	100
734	15	4977	100
800	1	416	100
2135	6	2009	100
3101	11	3102	100
205	1	207	100
478	1	479	100
675	1	320	100
759	1	28	100
5160	15	5088	100
492	15	5088	100
1592	6	30	100
597	15	5088	100
478	1	444	100
9420	23	2939	100
2126	6	2009	100
3209	12	30	100
2010	6	2009	100
2049	6	30	100
8812	17	6190	100
2133	6	2040	100
113	6	30	100
1930	15	4977	100
2138	6	2009	100
3232	12	29	100
47	6	30	100
1100	6	28	100
2094	6	2040	100
3018	23	2977	100
729	15	4990	100
1941	6	2009	100
5148	15	5088	100
5348	15	5088	100
253	6	30	100
2020	6	2009	100
4402	14	3785	100
8950	17	6245	100
769	1	28	100
415	1	416	100
169	1	173	100
2718	9	2482	100
2119	6	2045	100
3050	10	2924	100
786	15	5088	100
8863	17	5818	100
2131	6	2009	100
776	15	5088	100
3189	12	2040	100
2791	9	2476	100
1860	10	2932	100
5158	15	5088	100
396	6	30	100
4689	14	3431	100
2793	9	2476	100
3193	12	2155	100
2883	9	2517	100
1983	15	5024	100
2693	12	28	100
428	6	405	100
8863	17	5817	100
2978	10	2924	100
1417	15	5088	100
85	6	116	100
303	1	416	100
284	6	2040	100
636	1	479	100
2539	9	2540	100
2074	6	405	100
2831	9	2506	100
3187	23	12518	100
2035	6	2009	100
12552	23	12525	100
169	6	405	100
1970	6	2040	100
3187	12	2055	100
2903	11	3089	100
205	15	4990	100
832	1	416	100
2011	6	30	100
444	1	405	100
473	6	2040	100
2161	6	2061	100
205	6	30	100
1866	12	170	100
2511	9	2517	100
3093	23	12538	100
488	1	30	100
2845	9	2518	100
2007	6	2009	100
771	6	30	100
1127	1	846	100
629	1	30	100
2059	6	2060	100
1947	6	405	100
114	1	116	100
8824	23	2977	100
656	6	30	100
1478	1	114	100
1473	1	114	100
857	15	5088	100
734	15	4977	100
6348	17	6268	100
1424	1	479	100
2069	6	2018	100
19	6	2009	100
228	6	2040	100
142	6	30	100
2207	12	2155	100
8571	23	12518	100
1860	9	2517	100
8863	17	5816	100
3218	12	2018	100
44	6	30	100
2993	23	2939	100
1956	6	2009	100
1588	6	30	100
2116	6	2018	100
2003	6	30	100
3225	23	2938	101
2097	6	30	101
2046	6	2009	101
2539	9	2482	101
2129	6	30	101
5238	15	5088	101
2521	9	2482	101
2808	9	2517	101
2644	9	2593	101
199	1	189	101
5308	15	5088	101
2718	9	2540	101
2812	9	2517	101
1931	6	116	101
492	1	493	101
3231	12	29	101
2692	9	2476	101
3754	14	3737	101
811	1	416	101
12	1	14	101
776	1	493	101
2723	9	2517	101
2176	6	2018	101
2153	6	30	101
8957	23	2922	101
2144	6	2009	101
3211	12	2120	101
1941	5	1943	101
55	6	30	101
1922	6	2018	101
2142	6	2009	101
5178	15	5088	101
2077	6	2060	101
3113	11	3102	101
3237	12	116	101
2079	6	30	101
742	1	748	101
1898	23	2997	101
2773	9	2517	101
3227	12	46	101
1894	23	2920	101
728	1	405	101
1525	6	29	101
771	1	629	101
1502	1	416	101
3242	12	2009	101
610	1	416	101
443	1	416	101
3032	17	5912	101
717	1	636	101
473	1	416	101
5133	15	5088	101
831	1	416	101
733	1	731	101
613	1	416	101
1961	6	2009	101
845	1	28	101
2130	6	2009	101
2080	6	116	101
2811	9	2517	101
846	1	397	101
921	6	30	101
178	6	116	101
3208	12	2120	101
4911	14	4117	101
1644	1	207	101
2530	14	3431	101
178	1	179	101
3577	14	3437	101
2	6	30	101
2845	10	2977	101
188	1	189	101
1133	6	30	101
2867	9	2517	101
5214	15	5088	101
818	1	416	101
2140	6	2009	101
292	1	120	101
919	1	921	101
2744	9	2593	101
1912	6	405	101
2793	10	2924	101
598	6	30	101
8863	17	5935	101
675	6	405	101
812	1	416	101
2026	6	30	101
8863	17	6190	101
588	6	30	101
1871	12	2155	101
25	15	5024	101
1363	1	27	101
1959	6	2009	101
480	15	4990	101
284	1	189	101
4395	14	3496	101
2717	9	2517	101
675	15	4990	101
17	6	30	101
921	1	30	101
810	1	416	101
310	15	5088	101
659	1	341	101
1975	6	2009	101
2883	9	2482	101
729	1	731	101
3032	10	2940	101
675	15	5120	101
822	1	416	101
309	15	5088	101
4826	14	3711	101
2073	6	2009	101
2119	6	2120	101
2102	6	2040	101
8955	23	2939	101
25	15	4990	101
25	6	30	101
578	1	28	101
1110	15	5120	101
1429	6	30	101
2723	9	2482	101
3217	12	28	101
2101	6	2040	101
1983	6	405	101
44	5	25	101
5168	15	5088	101
380	6	30	101
728	15	4988	101
1958	6	2009	101
1133	15	4990	101
630	6	30	101
2812	10	2924	101
2159	6	30	101
734	15	4977	101
800	1	416	101
2135	6	2009	101
3101	11	3102	101
205	1	207	101
478	1	479	101
675	1	320	101
759	1	28	101
5160	15	5088	101
492	15	5088	101
1592	6	30	101
597	15	5088	101
478	1	444	101
9420	23	2939	101
2126	6	2009	101
3209	12	30	101
2010	6	2009	101
2049	6	30	101
8812	17	6190	101
2133	6	2040	101
113	6	30	101
1930	15	4977	101
2138	6	2009	101
3232	12	29	101
47	6	30	101
1100	6	28	101
2094	6	2040	101
3018	23	2977	101
729	15	4990	101
1941	6	2009	101
5148	15	5088	101
1900	23	3042	101
5348	15	5088	101
253	6	30	101
2020	6	2009	101
4402	14	3785	101
769	1	28	101
415	1	416	101
169	1	173	101
2718	9	2482	101
2119	6	2045	101
3050	10	2924	101
786	15	5088	101
8863	17	5818	101
2131	6	2009	101
776	15	5088	101
3189	12	2040	101
2791	9	2476	101
1860	10	2932	101
5158	15	5088	101
396	6	30	101
2793	9	2476	101
3193	12	2155	101
2883	9	2517	101
1983	15	5024	101
2693	12	28	101
428	6	405	101
8863	17	5817	101
2978	10	2924	101
1417	15	5088	101
85	6	116	101
303	1	416	101
284	6	2040	101
636	1	479	101
2539	9	2540	101
2074	6	405	101
2831	9	2506	101
3187	23	12518	101
2035	6	2009	101
12552	23	12525	101
169	6	405	101
1970	6	2040	101
3187	12	2055	101
2903	11	3089	101
205	15	4990	101
832	1	416	101
2011	6	30	101
444	1	405	101
473	6	2040	101
2161	6	2061	101
205	6	30	101
1866	12	170	101
2511	9	2517	101
3093	23	12538	101
488	1	30	101
2845	9	2518	101
2007	6	2009	101
771	6	30	101
1127	1	846	101
629	1	30	101
2059	6	2060	101
1947	6	405	101
114	1	116	101
8824	23	2977	101
656	6	30	101
1478	1	114	101
1473	1	114	101
857	15	5088	101
734	15	4977	101
1424	1	479	101
2069	6	2018	101
19	6	2009	101
228	6	2040	101
142	6	30	101
2207	12	2155	101
8571	23	12518	101
1860	9	2517	101
8863	17	5816	101
3218	12	2018	101
44	6	30	101
2993	23	2939	101
1956	6	2009	101
1588	6	30	101
2116	6	2018	101
2003	6	30	101
3225	23	2938	102
2097	6	30	102
2046	6	2009	102
2539	9	2482	102
2129	6	30	102
5238	15	5088	102
2521	9	2482	102
2808	9	2517	102
2644	9	2593	102
199	1	189	102
5308	15	5088	102
2718	9	2540	102
2812	9	2517	102
1931	6	116	102
492	1	493	102
3231	12	29	102
2692	9	2476	102
3754	14	3737	102
811	1	416	102
12	1	14	102
776	1	493	102
2723	9	2517	102
2176	6	2018	102
2153	6	30	102
8957	23	2922	102
2144	6	2009	102
3211	12	2120	102
1941	5	1943	102
55	6	30	102
1922	6	2018	102
2142	6	2009	102
5178	15	5088	102
2077	6	2060	102
3113	11	3102	102
3237	12	116	102
2079	6	30	102
742	1	748	102
1898	23	2997	102
2773	9	2517	102
3227	12	46	102
1894	23	2920	102
728	1	405	102
1525	6	29	102
771	1	629	102
1502	1	416	102
3242	12	2009	102
610	1	416	102
443	1	416	102
717	1	636	102
473	1	416	102
5133	15	5088	102
831	1	416	102
733	1	731	102
613	1	416	102
1961	6	2009	102
845	1	28	102
2130	6	2009	102
2080	6	116	102
2811	9	2517	102
846	1	397	102
921	6	30	102
178	6	116	102
3208	12	2120	102
4911	14	4117	102
1644	1	207	102
2530	14	3431	102
178	1	179	102
3577	14	3437	102
2	6	30	102
2845	10	2977	102
188	1	189	102
1133	6	30	102
2867	9	2517	102
5214	15	5088	102
818	1	416	102
2140	6	2009	102
292	1	120	102
919	1	921	102
2744	9	2593	102
1912	6	405	102
2793	10	2924	102
598	6	30	102
8863	17	5935	102
675	6	405	102
812	1	416	102
2026	6	30	102
8863	17	6190	102
588	6	30	102
1871	12	2155	102
25	15	5024	102
1363	1	27	102
1959	6	2009	102
480	15	4990	102
284	1	189	102
2717	9	2517	102
675	15	4990	102
17	6	30	102
921	1	30	102
9012	17	5818	102
810	1	416	102
310	15	5088	102
659	1	341	102
1975	6	2009	102
2883	9	2482	102
729	1	731	102
3032	10	2940	102
675	15	5120	102
822	1	416	102
309	15	5088	102
4826	14	3711	102
2073	6	2009	102
2119	6	2120	102
2102	6	2040	102
8955	23	2939	102
25	15	4990	102
25	6	30	102
578	1	28	102
1110	15	5120	102
1429	6	30	102
2723	9	2482	102
3217	12	28	102
2101	6	2040	102
1983	6	405	102
44	5	25	102
5168	15	5088	102
380	6	30	102
728	15	4988	102
1958	6	2009	102
1133	15	4990	102
630	6	30	102
2812	10	2924	102
2159	6	30	102
734	15	4977	102
800	1	416	102
2135	6	2009	102
3101	11	3102	102
205	1	207	102
478	1	479	102
675	1	320	102
759	1	28	102
5160	15	5088	102
492	15	5088	102
1592	6	30	102
597	15	5088	102
478	1	444	102
9420	23	2939	102
2126	6	2009	102
3209	12	30	102
2010	6	2009	102
8008	17	5912	102
2049	6	30	102
8812	17	6190	102
2133	6	2040	102
113	6	30	102
1871	4	1839	102
1930	15	4977	102
2138	6	2009	102
3232	12	29	102
47	6	30	102
1100	6	28	102
2094	6	2040	102
3018	23	2977	102
729	15	4990	102
1941	6	2009	102
5148	15	5088	102
1900	23	3042	102
5348	15	5088	102
253	6	30	102
2020	6	2009	102
4402	14	3785	102
769	1	28	102
415	1	416	102
169	1	173	102
2718	9	2482	102
2119	6	2045	102
3050	10	2924	102
786	15	5088	102
8863	17	5818	102
2131	6	2009	102
776	15	5088	102
3189	12	2040	102
2791	9	2476	102
1860	10	2932	102
5158	15	5088	102
396	6	30	102
4435	14	3636	102
2793	9	2476	102
3193	12	2155	102
2883	9	2517	102
1983	15	5024	102
2693	12	28	102
428	6	405	102
8863	17	5817	102
2978	10	2924	102
1417	15	5088	102
85	6	116	102
303	1	416	102
284	6	2040	102
636	1	479	102
2539	9	2540	102
2074	6	405	102
2831	9	2506	102
3187	23	12518	102
2035	6	2009	102
12552	23	12525	102
169	6	405	102
1970	6	2040	102
3187	12	2055	102
2903	11	3089	102
205	15	4990	102
832	1	416	102
2011	6	30	102
444	1	405	102
473	6	2040	102
2161	6	2061	102
205	6	30	102
1866	12	170	102
2511	9	2517	102
3093	23	12538	102
488	1	30	102
2845	9	2518	102
2007	6	2009	102
771	6	30	102
1127	1	846	102
629	1	30	102
2059	6	2060	102
1947	6	405	102
114	1	116	102
8824	23	2977	102
656	6	30	102
1478	1	114	102
1473	1	114	102
857	15	5088	102
734	15	4977	102
1424	1	479	102
2069	6	2018	102
19	6	2009	102
228	6	2040	102
142	6	30	102
2207	12	2155	102
8571	23	12518	102
1860	9	2517	102
8863	17	5816	102
3218	12	2018	102
44	6	30	102
2993	23	2939	102
1956	6	2009	102
1588	6	30	102
2116	6	2018	102
2003	6	30	102
3225	23	2938	103
2097	6	30	103
2046	6	2009	103
2539	9	2482	103
2129	6	30	103
5238	15	5088	103
2521	9	2482	103
2808	9	2517	103
2644	9	2593	103
199	1	189	103
5308	15	5088	103
2718	9	2540	103
2812	9	2517	103
1931	6	116	103
492	1	493	103
3231	12	29	103
2692	9	2476	103
3754	14	3737	103
811	1	416	103
12	1	14	103
776	1	493	103
2723	9	2517	103
2176	6	2018	103
2153	6	30	103
8957	23	2922	103
2144	6	2009	103
3211	12	2120	103
1941	5	1943	103
55	6	30	103
1922	6	2018	103
2142	6	2009	103
5178	15	5088	103
2077	6	2060	103
3113	11	3102	103
3237	12	116	103
2079	6	30	103
742	1	748	103
1898	23	2997	103
2773	9	2517	103
3227	12	46	103
1894	23	2920	103
728	1	405	103
1525	6	29	103
771	1	629	103
1502	1	416	103
3242	12	2009	103
610	1	416	103
443	1	416	103
717	1	636	103
473	1	416	103
5133	15	5088	103
831	1	416	103
733	1	731	103
613	1	416	103
1961	6	2009	103
845	1	28	103
2130	6	2009	103
2080	6	116	103
2811	9	2517	103
846	1	397	103
921	6	30	103
178	6	116	103
3208	12	2120	103
4911	14	4117	103
1644	1	207	103
2530	14	3431	103
178	1	179	103
3577	14	3437	103
2	6	30	103
2845	10	2977	103
188	1	189	103
1133	6	30	103
2867	9	2517	103
5214	15	5088	103
818	1	416	103
2140	6	2009	103
292	1	120	103
919	1	921	103
2744	9	2593	103
1912	6	405	103
2793	10	2924	103
598	6	30	103
8863	17	5935	103
675	6	405	103
812	1	416	103
2026	6	30	103
8863	17	6190	103
588	6	30	103
1871	12	2155	103
25	15	5024	103
1363	1	27	103
1959	6	2009	103
480	15	4990	103
284	1	189	103
2717	9	2517	103
675	15	4990	103
17	6	30	103
921	1	30	103
810	1	416	103
310	15	5088	103
659	1	341	103
4826	14	3711	103
1975	6	2009	103
2883	9	2482	103
729	1	731	103
3032	10	2940	103
675	15	5120	103
822	1	416	103
309	15	5088	103
2073	6	2009	103
2119	6	2120	103
2102	6	2040	103
8955	23	2939	103
25	15	4990	103
25	6	30	103
578	1	28	103
1110	15	5120	103
1429	6	30	103
2723	9	2482	103
3217	12	28	103
2101	6	2040	103
1983	6	405	103
44	5	25	103
5168	15	5088	103
380	6	30	103
728	15	4988	103
1958	6	2009	103
1133	15	4990	103
630	6	30	103
2812	10	2924	103
2159	6	30	103
734	15	4977	103
800	1	416	103
2135	6	2009	103
3101	11	3102	103
205	1	207	103
478	1	479	103
675	1	320	103
759	1	28	103
5160	15	5088	103
492	15	5088	103
1592	6	30	103
597	15	5088	103
478	1	444	103
9420	23	2939	103
2126	6	2009	103
3209	12	30	103
2010	6	2009	103
2049	6	30	103
8812	17	6190	103
2133	6	2040	103
113	6	30	103
1930	15	4977	103
2138	6	2009	103
3232	12	29	103
47	6	30	103
1100	6	28	103
2094	6	2040	103
3018	23	2977	103
729	15	4990	103
1941	6	2009	103
5148	15	5088	103
1900	23	3042	103
5348	15	5088	103
253	6	30	103
2020	6	2009	103
4402	14	3785	103
769	1	28	103
415	1	416	103
169	1	173	103
2718	9	2482	103
2119	6	2045	103
3050	10	2924	103
786	15	5088	103
8863	17	5818	103
8950	17	6623	103
2131	6	2009	103
776	15	5088	103
3189	12	2040	103
2791	9	2476	103
1860	10	2932	103
5158	15	5088	103
396	6	30	103
4435	14	3636	103
2793	9	2476	103
3193	12	2155	103
2883	9	2517	103
2022	6	2123	103
1983	15	5024	103
2693	12	28	103
428	6	405	103
8863	17	5817	103
2978	10	2924	103
1417	15	5088	103
85	6	116	103
303	1	416	103
284	6	2040	103
636	1	479	103
2539	9	2540	103
2074	6	405	103
2831	9	2506	103
3187	23	12518	103
2035	6	2009	103
12552	23	12525	103
169	6	405	103
1970	6	2040	103
3187	12	2055	103
2903	11	3089	103
205	15	4990	103
832	1	416	103
2011	6	30	103
444	1	405	103
473	6	2040	103
2161	6	2061	103
205	6	30	103
1866	12	170	103
2511	9	2517	103
3093	23	12538	103
488	1	30	103
2845	9	2518	103
2007	6	2009	103
771	6	30	103
1127	1	846	103
629	1	30	103
2059	6	2060	103
1947	6	405	103
114	1	116	103
8824	23	2977	103
656	6	30	103
1478	1	114	103
1473	1	114	103
857	15	5088	103
734	15	4977	103
1424	1	479	103
2069	6	2018	103
19	6	2009	103
228	6	2040	103
142	6	30	103
2207	12	2155	103
8571	23	12518	103
1860	9	2517	103
8863	17	5816	103
3218	12	2018	103
44	6	30	103
2993	23	2939	103
1956	6	2009	103
1588	6	30	103
2116	6	2018	103
2003	6	30	103
3225	23	2938	104
2097	6	30	104
2046	6	2009	104
2539	9	2482	104
2129	6	30	104
5238	15	5088	104
2521	9	2482	104
2808	9	2517	104
2644	9	2593	104
199	1	189	104
5308	15	5088	104
2718	9	2540	104
2812	9	2517	104
1931	6	116	104
492	1	493	104
3231	12	29	104
2692	9	2476	104
3754	14	3737	104
811	1	416	104
12	1	14	104
776	1	493	104
2723	9	2517	104
2176	6	2018	104
2153	6	30	104
8957	23	2922	104
2144	6	2009	104
3211	12	2120	104
1941	5	1943	104
55	6	30	104
1922	6	2018	104
2142	6	2009	104
5178	15	5088	104
7203	17	6491	104
2077	6	2060	104
3113	11	3102	104
3237	12	116	104
2079	6	30	104
742	1	748	104
1898	23	2997	104
2773	9	2517	104
3227	12	46	104
1894	23	2920	104
728	1	405	104
1525	6	29	104
771	1	629	104
1502	1	416	104
3242	12	2009	104
610	1	416	104
443	1	416	104
717	1	636	104
473	1	416	104
5133	15	5088	104
831	1	416	104
733	1	731	104
613	1	416	104
1961	6	2009	104
845	1	28	104
2130	6	2009	104
2080	6	116	104
2811	9	2517	104
846	1	397	104
921	6	30	104
178	6	116	104
3208	12	2120	104
4911	14	4117	104
1644	1	207	104
2530	14	3431	104
3577	14	3437	104
2	6	30	104
2845	10	2977	104
188	1	189	104
1133	6	30	104
2867	9	2517	104
5214	15	5088	104
818	1	416	104
2140	6	2009	104
292	1	120	104
919	1	921	104
2744	9	2593	104
1912	6	405	104
2793	10	2924	104
598	6	30	104
8863	17	5935	104
675	6	405	104
812	1	416	104
2026	6	30	104
428	15	5024	104
8863	17	6190	104
588	6	30	104
1871	12	2155	104
25	15	5024	104
1363	1	27	104
1959	6	2009	104
480	15	4990	104
284	1	189	104
2717	9	2517	104
675	15	4990	104
17	6	30	104
921	1	30	104
810	1	416	104
310	15	5088	104
659	1	341	104
4826	14	3711	104
1975	6	2009	104
2883	9	2482	104
729	1	731	104
3032	10	2940	104
675	15	5120	104
822	1	416	104
309	15	5088	104
2073	6	2009	104
2119	6	2120	104
2102	6	2040	104
8955	23	2939	104
25	15	4990	104
25	6	30	104
578	1	28	104
1110	15	5120	104
1429	6	30	104
2723	9	2482	104
3217	12	28	104
2101	6	2040	104
1983	6	405	104
44	5	25	104
5168	15	5088	104
380	6	30	104
728	15	4988	104
1958	6	2009	104
1133	15	4990	104
630	6	30	104
2812	10	2924	104
2159	6	30	104
734	15	4977	104
800	1	416	104
2135	6	2009	104
3101	11	3102	104
205	1	207	104
478	1	479	104
675	1	320	104
759	1	28	104
5160	15	5088	104
492	15	5088	104
1592	6	30	104
597	15	5088	104
478	1	444	104
9420	23	2939	104
2126	6	2009	104
3209	12	30	104
2010	6	2009	104
2049	6	30	104
8812	17	6190	104
2133	6	2040	104
113	6	30	104
1930	15	4977	104
2138	6	2009	104
3232	12	29	104
47	6	30	104
1100	6	28	104
2094	6	2040	104
3018	23	2977	104
729	15	4990	104
1941	6	2009	104
5148	15	5088	104
5348	15	5088	104
253	6	30	104
2020	6	2009	104
769	1	28	104
415	1	416	104
169	1	173	104
2718	9	2482	104
2119	6	2045	104
3050	10	2924	104
786	15	5088	104
8863	17	5818	104
2131	6	2009	104
776	15	5088	104
3189	12	2040	104
2791	9	2476	104
1912	15	5024	104
5158	15	5088	104
396	6	30	104
4435	14	3636	104
2793	9	2476	104
3193	12	2155	104
2883	9	2517	104
2022	6	2123	104
1983	15	5024	104
2693	12	28	104
428	6	405	104
8863	17	5817	104
2978	10	2924	104
1417	15	5088	104
85	6	116	104
303	1	416	104
284	6	2040	104
636	1	479	104
2539	9	2540	104
2074	6	405	104
2831	9	2506	104
3187	23	12518	104
7203	17	6403	104
2035	6	2009	104
12552	23	12525	104
169	6	405	104
1970	6	2040	104
3187	12	2055	104
2903	11	3089	104
205	15	4990	104
832	1	416	104
2011	6	30	104
444	1	405	104
473	6	2040	104
2161	6	2061	104
205	6	30	104
1866	12	170	104
2511	9	2517	104
3093	23	12538	104
488	1	30	104
2845	9	2518	104
2007	6	2009	104
771	6	30	104
1127	1	846	104
629	1	30	104
2059	6	2060	104
1947	6	405	104
114	1	116	104
8824	23	2977	104
656	6	30	104
1478	1	114	104
1473	1	114	104
857	15	5088	104
734	15	4977	104
1424	1	479	104
2069	6	2018	104
19	6	2009	104
7203	17	6685	104
228	6	2040	104
142	6	30	104
2207	12	2155	104
8571	23	12518	104
1860	9	2517	104
8863	17	5816	104
3218	12	2018	104
44	6	30	104
2993	23	2939	104
1956	6	2009	104
1588	6	30	104
2116	6	2018	104
2003	6	30	104
3225	23	2938	105
2097	6	30	105
2046	6	2009	105
2539	9	2482	105
2129	6	30	105
5238	15	5088	105
2521	9	2482	105
2808	9	2517	105
2644	9	2593	105
199	1	189	105
5308	15	5088	105
2718	9	2540	105
2812	9	2517	105
1931	6	116	105
492	1	493	105
3231	12	29	105
2692	9	2476	105
811	1	416	105
12	1	14	105
776	1	493	105
2723	9	2517	105
2176	6	2018	105
2153	6	30	105
8957	23	2922	105
2144	6	2009	105
3211	12	2120	105
1941	5	1943	105
55	6	30	105
4586	17	5818	105
1922	6	2018	105
2142	6	2009	105
5178	15	5088	105
2077	6	2060	105
3113	11	3102	105
3237	12	116	105
2079	6	30	105
742	1	748	105
1898	23	2997	105
2773	9	2517	105
3227	12	46	105
1894	23	2920	105
728	1	405	105
1525	6	29	105
771	1	629	105
1502	1	416	105
3242	12	2009	105
610	1	416	105
443	1	416	105
717	1	636	105
473	1	416	105
5133	15	5088	105
831	1	416	105
733	1	731	105
613	1	416	105
1961	6	2009	105
845	1	28	105
2130	6	2009	105
2080	6	116	105
2811	9	2517	105
846	1	397	105
921	6	30	105
178	6	116	105
3208	12	2120	105
4911	14	4117	105
1644	1	207	105
2530	14	3431	105
3577	14	3437	105
2	6	30	105
2845	10	2977	105
188	1	189	105
1133	6	30	105
2867	9	2517	105
5214	15	5088	105
818	1	416	105
2140	6	2009	105
292	1	120	105
742	15	4990	105
919	1	921	105
2744	9	2593	105
1912	6	405	105
2793	10	2924	105
598	6	30	105
8863	17	5935	105
675	6	405	105
812	1	416	105
2026	6	30	105
428	15	5024	105
8863	17	6190	105
588	6	30	105
1871	12	2155	105
25	15	5024	105
1363	1	27	105
1959	6	2009	105
480	15	4990	105
284	1	189	105
2717	9	2517	105
675	15	4990	105
17	6	30	105
921	1	30	105
810	1	416	105
310	15	5088	105
659	1	341	105
1975	6	2009	105
2883	9	2482	105
729	1	731	105
3032	10	2940	105
675	15	5120	105
822	1	416	105
309	15	5088	105
2073	6	2009	105
2119	6	2120	105
2102	6	2040	105
8955	23	2939	105
25	15	4990	105
25	6	30	105
578	1	28	105
1110	15	5120	105
1429	6	30	105
2723	9	2482	105
3217	12	28	105
2101	6	2040	105
1983	6	405	105
44	5	25	105
5168	15	5088	105
380	6	30	105
728	15	4988	105
1958	6	2009	105
1133	15	4990	105
630	6	30	105
2812	10	2924	105
2159	6	30	105
734	15	4977	105
800	1	416	105
2135	6	2009	105
3101	11	3102	105
205	1	207	105
478	1	479	105
675	1	320	105
759	1	28	105
5160	15	5088	105
492	15	5088	105
1592	6	30	105
597	15	5088	105
478	1	444	105
9420	23	2939	105
2126	6	2009	105
3209	12	30	105
2010	6	2009	105
2049	6	30	105
8812	17	6190	105
2133	6	2040	105
113	6	30	105
1930	15	4977	105
2138	6	2009	105
3232	12	29	105
47	6	30	105
1100	6	28	105
2094	6	2040	105
3018	23	2977	105
729	15	4990	105
1941	6	2009	105
5148	15	5088	105
5348	15	5088	105
253	6	30	105
2020	6	2009	105
769	1	28	105
415	1	416	105
169	1	173	105
2718	9	2482	105
2119	6	2045	105
3050	10	2924	105
786	15	5088	105
8863	17	5818	105
2131	6	2009	105
776	15	5088	105
3189	12	2040	105
2791	9	2476	105
1912	15	5024	105
5158	15	5088	105
396	6	30	105
4435	14	3636	105
2793	9	2476	105
3193	12	2155	105
2883	9	2517	105
2022	6	2123	105
1983	15	5024	105
2693	12	28	105
428	6	405	105
8863	17	5817	105
2978	10	2924	105
1417	15	5088	105
85	6	116	105
303	1	416	105
284	6	2040	105
636	1	479	105
2539	9	2540	105
2074	6	405	105
3187	23	12518	105
2035	6	2009	105
12552	23	12525	105
169	6	405	105
1970	6	2040	105
3187	12	2055	105
2903	11	3089	105
205	15	4990	105
832	1	416	105
2011	6	30	105
444	1	405	105
473	6	2040	105
2161	6	2061	105
205	6	30	105
1866	12	170	105
2511	9	2517	105
3093	23	12538	105
488	1	30	105
2845	9	2518	105
2007	6	2009	105
771	6	30	105
1127	1	846	105
629	1	30	105
2059	6	2060	105
1947	6	405	105
114	1	116	105
8824	23	2977	105
656	6	30	105
1478	1	114	105
1473	1	114	105
857	15	5088	105
734	15	4977	105
1424	1	479	105
2069	6	2018	105
19	6	2009	105
228	6	2040	105
142	6	30	105
2207	12	2155	105
8571	23	12518	105
1860	9	2517	105
8863	17	5816	105
3218	12	2018	105
44	6	30	105
2993	23	2939	105
1956	6	2009	105
1588	6	30	105
2116	6	2018	105
2003	6	30	105
3225	23	2938	106
2097	6	30	106
2046	6	2009	106
2539	9	2482	106
2129	6	30	106
5238	15	5088	106
2521	9	2482	106
2808	9	2517	106
2644	9	2593	106
199	1	189	106
5308	15	5088	106
2718	9	2540	106
2812	9	2517	106
1931	6	116	106
492	1	493	106
3231	12	29	106
2692	9	2476	106
811	1	416	106
12	1	14	106
776	1	493	106
2723	9	2517	106
2176	6	2018	106
2153	6	30	106
8957	23	2922	106
2144	6	2009	106
3211	12	2120	106
1941	5	1943	106
55	6	30	106
4586	17	5818	106
1922	6	2018	106
2142	6	2009	106
5178	15	5088	106
2077	6	2060	106
3113	11	3102	106
3237	12	116	106
2079	6	30	106
742	1	748	106
1898	23	2997	106
2773	9	2517	106
3227	12	46	106
1894	23	2920	106
728	1	405	106
1525	6	29	106
771	1	629	106
1502	1	416	106
3242	12	2009	106
610	1	416	106
443	1	416	106
717	1	636	106
473	1	416	106
5133	15	5088	106
831	1	416	106
733	1	731	106
3233	12	2009	106
613	1	416	106
1961	6	2009	106
845	1	28	106
2130	6	2009	106
2080	6	116	106
2811	9	2517	106
846	1	397	106
921	6	30	106
178	6	116	106
2511	14	3711	106
3208	12	2120	106
4911	14	4117	106
1644	1	207	106
2530	14	3431	106
3577	14	3437	106
2	6	30	106
2845	10	2977	106
188	1	189	106
1133	6	30	106
2867	9	2517	106
5214	15	5088	106
818	1	416	106
2140	6	2009	106
292	1	120	106
742	15	4990	106
919	1	921	106
2744	9	2593	106
1912	6	405	106
2793	10	2924	106
598	6	30	106
8863	17	5935	106
675	6	405	106
812	1	416	106
2026	6	30	106
428	15	5024	106
8863	17	6190	106
588	6	30	106
1871	12	2155	106
25	15	5024	106
1363	1	27	106
1959	6	2009	106
480	15	4990	106
284	1	189	106
2717	9	2517	106
675	15	4990	106
17	6	30	106
921	1	30	106
810	1	416	106
310	15	5088	106
659	1	341	106
1975	6	2009	106
2883	9	2482	106
729	1	731	106
3032	10	2940	106
675	15	5120	106
822	1	416	106
309	15	5088	106
2073	6	2009	106
2119	6	2120	106
2102	6	2040	106
8955	23	2939	106
25	15	4990	106
25	6	30	106
578	1	28	106
1110	15	5120	106
1429	6	30	106
2723	9	2482	106
3217	12	28	106
2101	6	2040	106
1983	6	405	106
44	5	25	106
5168	15	5088	106
380	6	30	106
728	15	4988	106
1958	6	2009	106
1133	15	4990	106
630	6	30	106
2812	10	2924	106
2159	6	30	106
734	15	4977	106
800	1	416	106
2135	6	2009	106
3101	11	3102	106
205	1	207	106
478	1	479	106
675	1	320	106
759	1	28	106
5160	15	5088	106
492	15	5088	106
1592	6	30	106
597	15	5088	106
478	1	444	106
9420	23	2939	106
2126	6	2009	106
3209	12	30	106
2010	6	2009	106
2049	6	30	106
8812	17	6190	106
2133	6	2040	106
113	6	30	106
1930	15	4977	106
2138	6	2009	106
3232	12	29	106
47	6	30	106
1100	6	28	106
2094	6	2040	106
3018	23	2977	106
729	15	4990	106
1941	6	2009	106
5148	15	5088	106
5348	15	5088	106
253	6	30	106
2020	6	2009	106
769	1	28	106
415	1	416	106
169	1	173	106
2718	9	2482	106
2119	6	2045	106
3050	10	2924	106
786	15	5088	106
8863	17	5818	106
2131	6	2009	106
776	15	5088	106
3189	12	2040	106
2791	9	2476	106
1912	15	5024	106
5158	15	5088	106
396	6	30	106
4435	14	3636	106
2793	9	2476	106
3193	12	2155	106
2883	9	2517	106
2022	6	2123	106
1983	15	5024	106
2693	12	28	106
428	6	405	106
8863	17	5817	106
2978	10	2924	106
1417	15	5088	106
85	6	116	106
303	1	416	106
284	6	2040	106
636	1	479	106
2539	9	2540	106
2074	6	405	106
3187	23	12518	106
2035	6	2009	106
12552	23	12525	106
169	6	405	106
1970	6	2040	106
3187	12	2055	106
2903	11	3089	106
205	15	4990	106
832	1	416	106
2011	6	30	106
444	1	405	106
473	6	2040	106
2161	6	2061	106
205	6	30	106
1866	12	170	106
2511	9	2517	106
3093	23	12538	106
1900	23	12538	106
488	1	30	106
2845	9	2518	106
2007	6	2009	106
771	6	30	106
1127	1	846	106
629	1	30	106
2059	6	2060	106
1947	6	405	106
114	1	116	106
8824	23	2977	106
656	6	30	106
1478	1	114	106
1473	1	114	106
857	15	5088	106
734	15	4977	106
1424	1	479	106
2069	6	2018	106
3032	17	7129	106
19	6	2009	106
228	6	2040	106
142	6	30	106
2207	12	2155	106
8571	23	12518	106
1860	9	2517	106
8863	17	5816	106
2979	17	6245	106
3218	12	2018	106
44	6	30	106
2993	23	2939	106
1956	6	2009	106
1588	6	30	106
2116	6	2018	106
2003	6	30	106
3225	23	2938	107
2097	6	30	107
2046	6	2009	107
2539	9	2482	107
2129	6	30	107
5238	15	5088	107
2521	9	2482	107
2808	9	2517	107
2644	9	2593	107
199	1	189	107
5308	15	5088	107
2718	9	2540	107
2812	9	2517	107
1931	6	116	107
492	1	493	107
3231	12	29	107
2692	9	2476	107
811	1	416	107
12	1	14	107
776	1	493	107
2723	9	2517	107
2176	6	2018	107
2153	6	30	107
8957	23	2922	107
2144	6	2009	107
3211	12	2120	107
1941	5	1943	107
55	6	30	107
4586	17	5818	107
1922	6	2018	107
2142	6	2009	107
5178	15	5088	107
2077	6	2060	107
3113	11	3102	107
3237	12	116	107
2079	6	30	107
742	1	748	107
1898	23	2997	107
2773	9	2517	107
3227	12	46	107
1894	23	2920	107
728	1	405	107
1525	6	29	107
771	1	629	107
1502	1	416	107
3242	12	2009	107
610	1	416	107
443	1	416	107
717	1	636	107
473	1	416	107
5133	15	5088	107
831	1	416	107
733	1	731	107
3233	12	2009	107
613	1	416	107
1961	6	2009	107
845	1	28	107
2130	6	2009	107
2080	6	116	107
2811	9	2517	107
846	1	397	107
921	6	30	107
178	6	116	107
2511	14	3711	107
3208	12	2120	107
4911	14	4117	107
1644	1	207	107
2530	14	3431	107
3577	14	3437	107
2	6	30	107
2845	10	2977	107
188	1	189	107
1133	6	30	107
2867	9	2517	107
5214	15	5088	107
818	1	416	107
2140	6	2009	107
292	1	120	107
742	15	4990	107
919	1	921	107
2744	9	2593	107
1912	6	405	107
2793	10	2924	107
598	6	30	107
8863	17	5935	107
675	6	405	107
812	1	416	107
2026	6	30	107
428	15	5024	107
8863	17	6190	107
588	6	30	107
1871	12	2155	107
25	15	5024	107
1363	1	27	107
1959	6	2009	107
480	15	4990	107
284	1	189	107
8008	17	6719	107
2717	9	2517	107
675	15	4990	107
17	6	30	107
921	1	30	107
810	1	416	107
310	15	5088	107
659	1	341	107
1975	6	2009	107
2883	9	2482	107
729	1	731	107
3032	10	2940	107
675	15	5120	107
822	1	416	107
309	15	5088	107
2073	6	2009	107
2119	6	2120	107
2102	6	2040	107
8955	23	2939	107
25	15	4990	107
25	6	30	107
578	1	28	107
1110	15	5120	107
1429	6	30	107
2723	9	2482	107
3217	12	28	107
2101	6	2040	107
1983	6	405	107
44	5	25	107
5168	15	5088	107
380	6	30	107
728	15	4988	107
1958	6	2009	107
1133	15	4990	107
630	6	30	107
2812	10	2924	107
2159	6	30	107
734	15	4977	107
800	1	416	107
2135	6	2009	107
3101	11	3102	107
205	1	207	107
478	1	479	107
675	1	320	107
759	1	28	107
5160	15	5088	107
492	15	5088	107
1592	6	30	107
597	15	5088	107
478	1	444	107
9420	23	2939	107
2126	6	2009	107
3209	12	30	107
2010	6	2009	107
2049	6	30	107
8812	17	6190	107
2133	6	2040	107
113	6	30	107
1930	15	4977	107
2138	6	2009	107
3232	12	29	107
47	6	30	107
1100	6	28	107
2094	6	2040	107
3018	23	2977	107
729	15	4990	107
1941	6	2009	107
5148	15	5088	107
5348	15	5088	107
253	6	30	107
2020	6	2009	107
769	1	28	107
415	1	416	107
169	1	173	107
2718	9	2482	107
2119	6	2045	107
3050	10	2924	107
786	15	5088	107
8863	17	5818	107
2131	6	2009	107
3808	14	3711	107
776	15	5088	107
3189	12	2040	107
2791	9	2476	107
1912	15	5024	107
5158	15	5088	107
396	6	30	107
4435	14	3636	107
2793	9	2476	107
3193	12	2155	107
2883	9	2517	107
2022	6	2123	107
1983	15	5024	107
2693	12	28	107
428	6	405	107
8863	17	5817	107
2978	10	2924	107
1417	15	5088	107
85	6	116	107
303	1	416	107
284	6	2040	107
636	1	479	107
2539	9	2540	107
2074	6	405	107
3187	23	12518	107
2035	6	2009	107
12552	23	12525	107
169	6	405	107
1970	6	2040	107
3187	12	2055	107
2903	11	3089	107
205	15	4990	107
832	1	416	107
2011	6	30	107
444	1	405	107
473	6	2040	107
2161	6	2061	107
205	6	30	107
1866	12	170	107
2511	9	2517	107
3093	23	12538	107
488	1	30	107
2845	9	2518	107
2007	6	2009	107
771	6	30	107
1127	1	846	107
629	1	30	107
2059	6	2060	107
1947	6	405	107
114	1	116	107
8824	23	2977	107
656	6	30	107
1478	1	114	107
1473	1	114	107
857	15	5088	107
734	15	4977	107
1424	1	479	107
2069	6	2018	107
19	6	2009	107
228	6	2040	107
142	6	30	107
2207	12	2155	107
8571	23	12518	107
1860	9	2517	107
8863	17	5816	107
3218	12	2018	107
44	6	30	107
2993	23	2939	107
1956	6	2009	107
1588	6	30	107
2116	6	2018	107
2003	6	30	107
3225	23	2938	108
2097	6	30	108
2046	6	2009	108
2539	9	2482	108
2129	6	30	108
5238	15	5088	108
2521	9	2482	108
2808	9	2517	108
2644	9	2593	108
199	1	189	108
5308	15	5088	108
2718	9	2540	108
2812	9	2517	108
1931	6	116	108
492	1	493	108
3231	12	29	108
2692	9	2476	108
811	1	416	108
12	1	14	108
776	1	493	108
2723	9	2517	108
2176	6	2018	108
2153	6	30	108
8957	23	2922	108
2144	6	2009	108
3211	12	2120	108
1941	5	1943	108
55	6	30	108
4586	17	5818	108
1922	6	2018	108
2142	6	2009	108
5178	15	5088	108
2077	6	2060	108
3113	11	3102	108
3237	12	116	108
2079	6	30	108
742	1	748	108
1898	23	2997	108
2773	9	2517	108
3227	12	46	108
1894	23	2920	108
728	1	405	108
1525	6	29	108
771	1	629	108
1502	1	416	108
3242	12	2009	108
610	1	416	108
443	1	416	108
717	1	636	108
473	1	416	108
5133	15	5088	108
831	1	416	108
733	1	731	108
3233	12	2009	108
613	1	416	108
1961	6	2009	108
845	1	28	108
2130	6	2009	108
2080	6	116	108
2811	9	2517	108
846	1	397	108
921	6	30	108
178	6	116	108
3208	12	2120	108
4911	14	4117	108
1644	1	207	108
2530	14	3431	108
3577	14	3437	108
2	6	30	108
2845	10	2977	108
188	1	189	108
1133	6	30	108
2867	9	2517	108
5214	15	5088	108
818	1	416	108
2140	6	2009	108
292	1	120	108
742	15	4990	108
919	1	921	108
2744	9	2593	108
1912	6	405	108
2793	10	2924	108
598	6	30	108
8863	17	5935	108
675	6	405	108
812	1	416	108
2026	6	30	108
3808	14	3648	108
428	15	5024	108
8863	17	6190	108
588	6	30	108
1871	12	2155	108
25	15	5024	108
1363	1	27	108
1959	6	2009	108
480	15	4990	108
284	1	189	108
2717	9	2517	108
675	15	4990	108
17	6	30	108
921	1	30	108
810	1	416	108
310	15	5088	108
659	1	341	108
1975	6	2009	108
2883	9	2482	108
729	1	731	108
3032	10	2940	108
675	15	5120	108
822	1	416	108
309	15	5088	108
2073	6	2009	108
2119	6	2120	108
2102	6	2040	108
25	15	4990	108
25	6	30	108
578	1	28	108
1110	15	5120	108
1429	6	30	108
2723	9	2482	108
3217	12	28	108
2101	6	2040	108
1983	6	405	108
44	5	25	108
5168	15	5088	108
380	6	30	108
728	15	4988	108
1958	6	2009	108
1133	15	4990	108
630	6	30	108
2812	10	2924	108
2159	6	30	108
734	15	4977	108
800	1	416	108
2135	6	2009	108
3101	11	3102	108
205	1	207	108
478	1	479	108
675	1	320	108
759	1	28	108
5160	15	5088	108
492	15	5088	108
1592	6	30	108
597	15	5088	108
8325	17	6066	108
478	1	444	108
9420	23	2939	108
2126	6	2009	108
3209	12	30	108
2010	6	2009	108
2049	6	30	108
8812	17	6190	108
2133	6	2040	108
113	6	30	108
1930	15	4977	108
2138	6	2009	108
3232	12	29	108
47	6	30	108
1100	6	28	108
2094	6	2040	108
3018	23	2977	108
729	15	4990	108
1941	6	2009	108
5148	15	5088	108
5348	15	5088	108
253	6	30	108
2020	6	2009	108
769	1	28	108
4586	14	4587	108
415	1	416	108
169	1	173	108
2718	9	2482	108
2119	6	2045	108
3050	10	2924	108
786	15	5088	108
8863	17	5818	108
2131	6	2009	108
776	15	5088	108
3189	12	2040	108
2791	9	2476	108
1912	15	5024	108
5158	15	5088	108
3808	14	3711	108
396	6	30	108
2793	9	2476	108
3193	12	2155	108
2883	9	2517	108
2022	6	2123	108
1983	15	5024	108
2693	12	28	108
428	6	405	108
8863	17	5817	108
2978	10	2924	108
1417	15	5088	108
85	6	116	108
303	1	416	108
284	6	2040	108
636	1	479	108
2539	9	2540	108
2632	9	2476	108
2074	6	405	108
3187	23	12518	108
2035	6	2009	108
12552	23	12525	108
169	6	405	108
1970	6	2040	108
3187	12	2055	108
2903	11	3089	108
205	15	4990	108
832	1	416	108
2011	6	30	108
444	1	405	108
473	6	2040	108
2161	6	2061	108
205	6	30	108
1866	12	170	108
2511	9	2517	108
3093	23	12538	108
488	1	30	108
2845	9	2518	108
2007	6	2009	108
771	6	30	108
1127	1	846	108
629	1	30	108
2059	6	2060	108
1947	6	405	108
114	1	116	108
8824	23	2977	108
656	6	30	108
1478	1	114	108
1473	1	114	108
857	15	5088	108
734	15	4977	108
1424	1	479	108
2069	6	2018	108
19	6	2009	108
228	6	2040	108
142	6	30	108
2207	12	2155	108
8571	23	12518	108
1860	9	2517	108
8863	17	5816	108
3218	12	2018	108
44	6	30	108
2993	23	2939	108
1956	6	2009	108
1588	6	30	108
2116	6	2018	108
2003	6	30	108
3225	23	2938	109
2097	6	30	109
2046	6	2009	109
2539	9	2482	109
2129	6	30	109
5238	15	5088	109
2521	9	2482	109
2808	9	2517	109
2644	9	2593	109
199	1	189	109
5308	15	5088	109
2718	9	2540	109
2812	9	2517	109
1931	6	116	109
492	1	493	109
3231	12	29	109
2692	9	2476	109
811	1	416	109
12	1	14	109
776	1	493	109
2723	9	2517	109
2176	6	2018	109
2153	6	30	109
8957	23	2922	109
2144	6	2009	109
3211	12	2120	109
1941	5	1943	109
55	6	30	109
4586	17	5818	109
1922	6	2018	109
2142	6	2009	109
5178	15	5088	109
2077	6	2060	109
3113	11	3102	109
3237	12	116	109
2079	6	30	109
742	1	748	109
1898	23	2997	109
2773	9	2517	109
3227	12	46	109
1894	23	2920	109
728	1	405	109
1525	6	29	109
771	1	629	109
1502	1	416	109
3242	12	2009	109
610	1	416	109
443	1	416	109
717	1	636	109
473	1	416	109
5133	15	5088	109
831	1	416	109
733	1	731	109
3233	12	2009	109
613	1	416	109
1961	6	2009	109
845	1	28	109
2130	6	2009	109
2080	6	116	109
2811	9	2517	109
846	1	397	109
921	6	30	109
178	6	116	109
3208	12	2120	109
4911	14	4117	109
1644	1	207	109
2530	14	3431	109
3577	14	3437	109
2	6	30	109
8955	23	3072	109
2845	10	2977	109
188	1	189	109
1133	6	30	109
2867	9	2517	109
5214	15	5088	109
818	1	416	109
2140	6	2009	109
292	1	120	109
742	15	4990	109
919	1	921	109
2744	9	2593	109
1912	6	405	109
2793	10	2924	109
598	6	30	109
8863	17	5935	109
675	6	405	109
812	1	416	109
2026	6	30	109
428	15	5024	109
8863	17	6190	109
588	6	30	109
1871	12	2155	109
25	15	5024	109
1363	1	27	109
1959	6	2009	109
480	15	4990	109
8876	17	6491	109
284	1	189	109
2717	9	2517	109
675	15	4990	109
17	6	30	109
921	1	30	109
810	1	416	109
310	15	5088	109
659	1	341	109
1975	6	2009	109
2883	9	2482	109
729	1	731	109
3032	10	2940	109
675	15	5120	109
822	1	416	109
309	15	5088	109
2073	6	2009	109
2119	6	2120	109
2102	6	2040	109
25	15	4990	109
25	6	30	109
578	1	28	109
1110	15	5120	109
1429	6	30	109
2723	9	2482	109
3217	12	28	109
2101	6	2040	109
3032	17	5873	109
1983	6	405	109
44	5	25	109
5168	15	5088	109
380	6	30	109
728	15	4988	109
1958	6	2009	109
1133	15	4990	109
630	6	30	109
2812	10	2924	109
2159	6	30	109
734	15	4977	109
800	1	416	109
2135	6	2009	109
3101	11	3102	109
205	1	207	109
478	1	479	109
675	1	320	109
759	1	28	109
5160	15	5088	109
492	15	5088	109
1592	6	30	109
597	15	5088	109
478	1	444	109
9420	23	2939	109
2126	6	2009	109
3209	12	30	109
2010	6	2009	109
2049	6	30	109
8812	17	6190	109
2133	6	2040	109
113	6	30	109
1930	15	4977	109
2138	6	2009	109
2511	14	3711	109
3232	12	29	109
47	6	30	109
1100	6	28	109
2094	6	2040	109
3018	23	2977	109
729	15	4990	109
1941	6	2009	109
5148	15	5088	109
5348	15	5088	109
253	6	30	109
2020	6	2009	109
4717	14	3711	109
769	1	28	109
4586	14	4587	109
415	1	416	109
169	1	173	109
2718	9	2482	109
2119	6	2045	109
3050	10	2924	109
786	15	5088	109
8863	17	5818	109
2131	6	2009	109
776	15	5088	109
3189	12	2040	109
2791	9	2476	109
1912	15	5024	109
5158	15	5088	109
3808	14	3711	109
396	6	30	109
2793	9	2476	109
3193	12	2155	109
2883	9	2517	109
2022	6	2123	109
1983	15	5024	109
2693	12	28	109
428	6	405	109
8863	17	5817	109
2978	10	2924	109
1417	15	5088	109
85	6	116	109
303	1	416	109
284	6	2040	109
636	1	479	109
2539	9	2540	109
2632	9	2476	109
2074	6	405	109
3187	23	12518	109
2035	6	2009	109
12552	23	12525	109
169	6	405	109
1970	6	2040	109
3187	12	2055	109
2903	11	3089	109
205	15	4990	109
832	1	416	109
2011	6	30	109
444	1	405	109
473	6	2040	109
2161	6	2061	109
205	6	30	109
1866	12	170	109
2511	9	2517	109
3093	23	12538	109
488	1	30	109
2845	9	2518	109
2007	6	2009	109
771	6	30	109
1127	1	846	109
629	1	30	109
2059	6	2060	109
1947	6	405	109
114	1	116	109
8824	23	2977	109
656	6	30	109
1478	1	114	109
1473	1	114	109
857	15	5088	109
734	15	4977	109
1424	1	479	109
2069	6	2018	109
19	6	2009	109
228	6	2040	109
142	6	30	109
2207	12	2155	109
8571	23	12518	109
1860	9	2517	109
8863	17	5816	109
3218	12	2018	109
44	6	30	109
2993	23	2939	109
1956	6	2009	109
1588	6	30	109
2116	6	2018	109
2003	6	30	109
3225	23	2938	110
2097	6	30	110
2046	6	2009	110
2539	9	2482	110
2129	6	30	110
5238	15	5088	110
2521	9	2482	110
2808	9	2517	110
2644	9	2593	110
199	1	189	110
2792	17	6623	110
5308	15	5088	110
2718	9	2540	110
2812	9	2517	110
1931	6	116	110
492	1	493	110
3231	12	29	110
2692	9	2476	110
811	1	416	110
12	1	14	110
776	1	493	110
2723	9	2517	110
2176	6	2018	110
2153	6	30	110
8957	23	2922	110
2144	6	2009	110
3211	12	2120	110
1941	5	1943	110
55	6	30	110
4586	17	5818	110
1922	6	2018	110
2142	6	2009	110
5178	15	5088	110
2077	6	2060	110
3113	11	3102	110
3237	12	116	110
2079	6	30	110
742	1	748	110
1898	23	2997	110
2773	9	2517	110
3227	12	46	110
1894	23	2920	110
728	1	405	110
5141	15	5088	110
1525	6	29	110
771	1	629	110
1502	1	416	110
3242	12	2009	110
610	1	416	110
443	1	416	110
717	1	636	110
473	1	416	110
5133	15	5088	110
831	1	416	110
733	1	731	110
3233	12	2009	110
613	1	416	110
1961	6	2009	110
845	1	28	110
2130	6	2009	110
2080	6	116	110
2811	9	2517	110
846	1	397	110
921	6	30	110
178	6	116	110
3208	12	2120	110
4911	14	4117	110
1644	1	207	110
2530	14	3431	110
3577	14	3437	110
2	6	30	110
8955	23	3072	110
2845	10	2977	110
188	1	189	110
1133	6	30	110
2867	9	2517	110
5214	15	5088	110
818	1	416	110
2140	6	2009	110
292	1	120	110
742	15	4990	110
919	1	921	110
2744	9	2593	110
1912	6	405	110
2793	10	2924	110
598	6	30	110
8863	17	5935	110
675	6	405	110
812	1	416	110
2026	6	30	110
428	15	5024	110
8863	17	6190	110
588	6	30	110
1871	12	2155	110
25	15	5024	110
1363	1	27	110
1959	6	2009	110
480	15	4990	110
284	1	189	110
2717	9	2517	110
675	15	4990	110
17	6	30	110
921	1	30	110
810	1	416	110
310	15	5088	110
659	1	341	110
583	15	5024	110
1975	6	2009	110
2883	9	2482	110
729	1	731	110
3032	10	2940	110
675	15	5120	110
822	1	416	110
309	15	5088	110
2073	6	2009	110
2119	6	2120	110
2102	6	2040	110
25	15	4990	110
25	6	30	110
578	1	28	110
1110	15	5120	110
1429	6	30	110
2723	9	2482	110
3217	12	28	110
2101	6	2040	110
1983	6	405	110
44	5	25	110
5168	15	5088	110
380	6	30	110
728	15	4988	110
1958	6	2009	110
1133	15	4990	110
630	6	30	110
2812	10	2924	110
2159	6	30	110
734	15	4977	110
800	1	416	110
2135	6	2009	110
3101	11	3102	110
205	1	207	110
478	1	479	110
675	1	320	110
759	1	28	110
5160	15	5088	110
492	15	5088	110
1592	6	30	110
597	15	5088	110
478	1	444	110
9420	23	2939	110
2126	6	2009	110
3209	12	30	110
2010	6	2009	110
2049	6	30	110
8812	17	6190	110
2133	6	2040	110
113	6	30	110
1930	15	4977	110
2138	6	2009	110
3232	12	29	110
47	6	30	110
1100	6	28	110
2094	6	2040	110
3018	23	2977	110
729	15	4990	110
1941	6	2009	110
5148	15	5088	110
5348	15	5088	110
253	6	30	110
2020	6	2009	110
4717	14	3711	110
769	1	28	110
4586	14	4587	110
415	1	416	110
169	1	173	110
2718	9	2482	110
2119	6	2045	110
3050	10	2924	110
786	15	5088	110
8863	17	5818	110
2131	6	2009	110
776	15	5088	110
3189	12	2040	110
2791	9	2476	110
1912	15	5024	110
5158	15	5088	110
396	6	30	110
2793	9	2476	110
3193	12	2155	110
2883	9	2517	110
2022	6	2123	110
1983	15	5024	110
2693	12	28	110
428	6	405	110
8863	17	5817	110
2978	10	2924	110
1417	15	5088	110
85	6	116	110
303	1	416	110
284	6	2040	110
636	1	479	110
2539	9	2540	110
2632	9	2476	110
2074	6	405	110
3187	23	12518	110
2035	6	2009	110
12552	23	12525	110
169	6	405	110
1970	6	2040	110
3187	12	2055	110
2903	11	3089	110
205	15	4990	110
832	1	416	110
2011	6	30	110
444	1	405	110
473	6	2040	110
2161	6	2061	110
205	6	30	110
1866	12	170	110
2511	9	2517	110
3093	23	12538	110
488	1	30	110
2845	9	2518	110
2007	6	2009	110
771	6	30	110
1127	1	846	110
629	1	30	110
2059	6	2060	110
1947	6	405	110
114	1	116	110
8824	23	2977	110
656	6	30	110
1478	1	114	110
1473	1	114	110
857	15	5088	110
734	15	4977	110
1424	1	479	110
2069	6	2018	110
19	6	2009	110
228	6	2040	110
142	6	30	110
2207	12	2155	110
8571	23	12518	110
1860	9	2517	110
8863	17	5816	110
3218	12	2018	110
44	6	30	110
2993	23	2939	110
1956	6	2009	110
1588	6	30	110
2116	6	2018	110
2003	6	30	110
3225	23	2938	111
2097	6	30	111
2046	6	2009	111
2539	9	2482	111
2129	6	30	111
5238	15	5088	111
2521	9	2482	111
2808	9	2517	111
2644	9	2593	111
199	1	189	111
5308	15	5088	111
2718	9	2540	111
2812	9	2517	111
1931	6	116	111
492	1	493	111
3231	12	29	111
2692	9	2476	111
811	1	416	111
12	1	14	111
776	1	493	111
2723	9	2517	111
4110	14	3733	111
2176	6	2018	111
2153	6	30	111
8957	23	2922	111
2144	6	2009	111
3211	12	2120	111
1941	5	1943	111
55	6	30	111
4586	17	5818	111
1922	6	2018	111
2142	6	2009	111
5178	15	5088	111
2077	6	2060	111
3113	11	3102	111
4131	14	4044	111
3237	12	116	111
2079	6	30	111
742	1	748	111
1898	23	2997	111
2773	9	2517	111
3227	12	46	111
1894	23	2920	111
728	1	405	111
5141	15	5088	111
1525	6	29	111
771	1	629	111
1502	1	416	111
3242	12	2009	111
610	1	416	111
443	1	416	111
717	1	636	111
473	1	416	111
5133	15	5088	111
831	1	416	111
733	1	731	111
3233	12	2009	111
613	1	416	111
1961	6	2009	111
845	1	28	111
2130	6	2009	111
2080	6	116	111
2811	9	2517	111
846	1	397	111
921	6	30	111
178	6	116	111
3208	12	2120	111
4911	14	4117	111
1644	1	207	111
2530	14	3431	111
3577	14	3437	111
2	6	30	111
2845	10	2977	111
188	1	189	111
1133	6	30	111
2867	9	2517	111
5214	15	5088	111
818	1	416	111
2140	6	2009	111
292	1	120	111
742	15	4990	111
919	1	921	111
2744	9	2593	111
1912	6	405	111
2793	10	2924	111
598	6	30	111
8863	17	5935	111
675	6	405	111
812	1	416	111
2026	6	30	111
428	15	5024	111
8863	17	6190	111
588	6	30	111
1871	12	2155	111
25	15	5024	111
1363	1	27	111
1959	6	2009	111
480	15	4990	111
284	1	189	111
2717	9	2517	111
675	15	4990	111
17	6	30	111
921	1	30	111
810	1	416	111
310	15	5088	111
659	1	341	111
3754	14	3495	111
583	15	5024	111
1975	6	2009	111
2883	9	2482	111
729	1	731	111
3032	10	2940	111
675	15	5120	111
822	1	416	111
309	15	5088	111
2073	6	2009	111
2119	6	2120	111
2102	6	2040	111
25	15	4990	111
25	6	30	111
578	1	28	111
1110	15	5120	111
1429	6	30	111
2723	9	2482	111
3217	12	28	111
2101	6	2040	111
1983	6	405	111
44	5	25	111
5168	15	5088	111
380	6	30	111
728	15	4988	111
1958	6	2009	111
1133	15	4990	111
630	6	30	111
2812	10	2924	111
2159	6	30	111
734	15	4977	111
800	1	416	111
2135	6	2009	111
3101	11	3102	111
205	1	207	111
478	1	479	111
675	1	320	111
759	1	28	111
5160	15	5088	111
492	15	5088	111
1592	6	30	111
597	15	5088	111
478	1	444	111
9420	23	2939	111
2126	6	2009	111
3209	12	30	111
2010	6	2009	111
2049	6	30	111
8812	17	6190	111
2133	6	2040	111
113	6	30	111
1930	15	4977	111
2138	6	2009	111
3232	12	29	111
47	6	30	111
1100	6	28	111
2094	6	2040	111
3018	23	2977	111
729	15	4990	111
1941	6	2009	111
5148	15	5088	111
5348	15	5088	111
253	6	30	111
2020	6	2009	111
2822	9	2529	111
769	1	28	111
4586	14	4587	111
415	1	416	111
169	1	173	111
2718	9	2482	111
2119	6	2045	111
3050	10	2924	111
786	15	5088	111
8863	17	5818	111
2131	6	2009	111
776	15	5088	111
3189	12	2040	111
2791	9	2476	111
1912	15	5024	111
5158	15	5088	111
396	6	30	111
4834	14	3495	111
2793	9	2476	111
1900	10	3042	111
3193	12	2155	111
2883	9	2517	111
2022	6	2123	111
1983	15	5024	111
2693	12	28	111
428	6	405	111
8863	17	5817	111
2978	10	2924	111
1417	15	5088	111
85	6	116	111
303	1	416	111
284	6	2040	111
636	1	479	111
2539	9	2540	111
2632	9	2476	111
2074	6	405	111
3187	23	12518	111
2035	6	2009	111
12552	23	12525	111
169	6	405	111
1970	6	2040	111
3187	12	2055	111
2903	11	3089	111
205	15	4990	111
832	1	416	111
2011	6	30	111
444	1	405	111
473	6	2040	111
2161	6	2061	111
205	6	30	111
1866	12	170	111
2511	9	2517	111
3093	23	12538	111
488	1	30	111
2845	9	2518	111
2007	6	2009	111
771	6	30	111
1127	1	846	111
629	1	30	111
2059	6	2060	111
1947	6	405	111
114	1	116	111
8824	23	2977	111
656	6	30	111
1478	1	114	111
1473	1	114	111
857	15	5088	111
734	15	4977	111
1424	1	479	111
2157	6	2120	111
2069	6	2018	111
19	6	2009	111
228	6	2040	111
142	6	30	111
2207	12	2155	111
8571	23	12518	111
1860	9	2517	111
8863	17	5816	111
3218	12	2018	111
44	6	30	111
2993	23	2939	111
1956	6	2009	111
1588	6	30	111
2116	6	2018	111
2003	6	30	111
3225	23	2938	112
2097	6	30	112
2046	6	2009	112
2539	9	2482	112
2129	6	30	112
5238	15	5088	112
2521	9	2482	112
2808	9	2517	112
2644	9	2593	112
199	1	189	112
5308	15	5088	112
2718	9	2540	112
2812	9	2517	112
1931	6	116	112
492	1	493	112
3231	12	29	112
2692	9	2476	112
811	1	416	112
12	1	14	112
776	1	493	112
2723	9	2517	112
4110	14	3733	112
2176	6	2018	112
2153	6	30	112
8957	23	2922	112
2144	6	2009	112
3211	12	2120	112
1941	5	1943	112
55	6	30	112
4586	17	5818	112
1922	6	2018	112
2142	6	2009	112
5178	15	5088	112
2077	6	2060	112
3113	11	3102	112
4131	14	4044	112
3237	12	116	112
2079	6	30	112
742	1	748	112
1898	23	2997	112
2773	9	2517	112
3227	12	46	112
1894	23	2920	112
728	1	405	112
5141	15	5088	112
1525	6	29	112
771	1	629	112
1502	1	416	112
3242	12	2009	112
610	1	416	112
443	1	416	112
717	1	636	112
473	1	416	112
5133	15	5088	112
831	1	416	112
733	1	731	112
3233	12	2009	112
613	1	416	112
2693	11	3087	112
1961	6	2009	112
845	1	28	112
2130	6	2009	112
2080	6	116	112
2811	9	2517	112
846	1	397	112
921	6	30	112
178	6	116	112
3208	12	2120	112
4911	14	4117	112
1644	1	207	112
2530	14	3431	112
3577	14	3437	112
2	6	30	112
2845	10	2977	112
188	1	189	112
1133	6	30	112
2867	9	2517	112
5214	15	5088	112
818	1	416	112
2140	6	2009	112
292	1	120	112
742	15	4990	112
919	1	921	112
2744	9	2593	112
1912	6	405	112
2793	10	2924	112
598	6	30	112
8863	17	5935	112
675	6	405	112
812	1	416	112
2026	6	30	112
428	15	5024	112
8863	17	6190	112
588	6	30	112
1871	12	2155	112
25	15	5024	112
1363	1	27	112
1959	6	2009	112
480	15	4990	112
284	1	189	112
2717	9	2517	112
675	15	4990	112
17	6	30	112
921	1	30	112
810	1	416	112
310	15	5088	112
1979	6	30	112
659	1	341	112
2979	17	6623	112
3754	14	3495	112
583	15	5024	112
1975	6	2009	112
2883	9	2482	112
729	1	731	112
3032	10	2940	112
675	15	5120	112
822	1	416	112
309	15	5088	112
2073	6	2009	112
2119	6	2120	112
2102	6	2040	112
25	15	4990	112
25	6	30	112
578	1	28	112
1110	15	5120	112
1429	6	30	112
2723	9	2482	112
3217	12	28	112
2101	6	2040	112
1983	6	405	112
44	5	25	112
5168	15	5088	112
380	6	30	112
728	15	4988	112
1958	6	2009	112
1133	15	4990	112
630	6	30	112
2812	10	2924	112
2159	6	30	112
734	15	4977	112
800	1	416	112
2135	6	2009	112
3101	11	3102	112
205	1	207	112
478	1	479	112
675	1	320	112
759	1	28	112
5160	15	5088	112
492	15	5088	112
3808	14	3711	112
1592	6	30	112
597	15	5088	112
478	1	444	112
9420	23	2939	112
2126	6	2009	112
3209	12	30	112
2010	6	2009	112
2049	6	30	112
8812	17	6190	112
2133	6	2040	112
113	6	30	112
1930	15	4977	112
2138	6	2009	112
3232	12	29	112
47	6	30	112
1100	6	28	112
2094	6	2040	112
3018	23	2977	112
729	15	4990	112
1941	6	2009	112
5148	15	5088	112
5348	15	5088	112
253	6	30	112
2020	6	2009	112
2822	9	2529	112
769	1	28	112
4586	14	4587	112
415	1	416	112
169	1	173	112
2718	9	2482	112
2119	6	2045	112
3050	10	2924	112
786	15	5088	112
8863	17	5818	112
2131	6	2009	112
776	15	5088	112
3189	12	2040	112
2791	9	2476	112
1912	15	5024	112
5158	15	5088	112
396	6	30	112
4834	14	3495	112
2793	9	2476	112
1900	10	3042	112
3193	12	2155	112
2883	9	2517	112
2022	6	2123	112
1983	15	5024	112
2693	12	28	112
428	6	405	112
8863	17	5817	112
2978	10	2924	112
1417	15	5088	112
85	6	116	112
303	1	416	112
284	6	2040	112
636	1	479	112
2539	9	2540	112
2632	9	2476	112
2074	6	405	112
3187	23	12518	112
2035	6	2009	112
12552	23	12525	112
169	6	405	112
1970	6	2040	112
3187	12	2055	112
2903	11	3089	112
205	15	4990	112
832	1	416	112
2011	6	30	112
444	1	405	112
473	6	2040	112
2161	6	2061	112
205	6	30	112
1866	12	170	112
2511	9	2517	112
3093	23	12538	112
488	1	30	112
2845	9	2518	112
2007	6	2009	112
771	6	30	112
1127	1	846	112
629	1	30	112
2059	6	2060	112
1947	6	405	112
114	1	116	112
8824	23	2977	112
656	6	30	112
1478	1	114	112
1473	1	114	112
857	15	5088	112
734	15	4977	112
1424	1	479	112
2157	6	2120	112
2069	6	2018	112
19	6	2009	112
228	6	2040	112
142	6	30	112
2207	12	2155	112
8571	23	12518	112
1860	9	2517	112
8863	17	5816	112
3218	12	2018	112
44	6	30	112
2993	23	2939	112
1956	6	2009	112
1588	6	30	112
2116	6	2018	112
2003	6	30	112
3225	23	2938	113
2097	6	30	113
2046	6	2009	113
2539	9	2482	113
2129	6	30	113
5238	15	5088	113
2521	9	2482	113
2808	9	2517	113
2644	9	2593	113
199	1	189	113
5308	15	5088	113
2718	9	2540	113
2812	9	2517	113
1931	6	116	113
492	1	493	113
3231	12	29	113
2692	9	2476	113
3831	14	3832	113
811	1	416	113
12	1	14	113
776	1	493	113
2723	9	2517	113
4110	14	3733	113
2176	6	2018	113
2153	6	30	113
8957	23	2922	113
2144	6	2009	113
3211	12	2120	113
1941	5	1943	113
55	6	30	113
4586	17	5818	113
1922	6	2018	113
2142	6	2009	113
5178	15	5088	113
2077	6	2060	113
3113	11	3102	113
3237	12	116	113
2079	6	30	113
742	1	748	113
1898	23	2997	113
2773	9	2517	113
3227	12	46	113
1894	23	2920	113
728	1	405	113
5141	15	5088	113
1525	6	29	113
771	1	629	113
1502	1	416	113
3242	12	2009	113
610	1	416	113
443	1	416	113
717	1	636	113
473	1	416	113
5133	15	5088	113
831	1	416	113
733	1	731	113
3233	12	2009	113
613	1	416	113
2693	11	3087	113
1961	6	2009	113
845	1	28	113
2130	6	2009	113
2080	6	116	113
2811	9	2517	113
846	1	397	113
921	6	30	113
178	6	116	113
3208	12	2120	113
4911	14	4117	113
1644	1	207	113
2530	14	3431	113
3577	14	3437	113
2	6	30	113
2845	10	2977	113
188	1	189	113
1133	6	30	113
2867	9	2517	113
8949	23	12518	113
5214	15	5088	113
818	1	416	113
2140	6	2009	113
292	1	120	113
742	15	4990	113
919	1	921	113
2744	9	2593	113
1912	6	405	113
2793	10	2924	113
598	6	30	113
8863	17	5935	113
675	6	405	113
812	1	416	113
2026	6	30	113
428	15	5024	113
8863	17	6190	113
588	6	30	113
1871	12	2155	113
25	15	5024	113
1363	1	27	113
1959	6	2009	113
480	15	4990	113
284	1	189	113
2717	9	2517	113
675	15	4990	113
17	6	30	113
921	1	30	113
810	1	416	113
310	15	5088	113
1979	6	30	113
659	1	341	113
3754	14	3495	113
583	15	5024	113
1975	6	2009	113
2883	9	2482	113
729	1	731	113
3032	10	2940	113
675	15	5120	113
822	1	416	113
309	15	5088	113
2073	6	2009	113
2119	6	2120	113
2102	6	2040	113
25	15	4990	113
25	6	30	113
578	1	28	113
1110	15	5120	113
1429	6	30	113
2723	9	2482	113
3217	12	28	113
2101	6	2040	113
1983	6	405	113
44	5	25	113
5168	15	5088	113
380	6	30	113
728	15	4988	113
1958	6	2009	113
1133	15	4990	113
630	6	30	113
2812	10	2924	113
2159	6	30	113
734	15	4977	113
800	1	416	113
2135	6	2009	113
3101	11	3102	113
205	1	207	113
478	1	479	113
675	1	320	113
759	1	28	113
5160	15	5088	113
492	15	5088	113
3808	14	3711	113
1592	6	30	113
597	15	5088	113
478	1	444	113
9420	23	2939	113
2126	6	2009	113
3209	12	30	113
2010	6	2009	113
2049	6	30	113
8812	17	6190	113
2133	6	2040	113
113	6	30	113
1930	15	4977	113
2138	6	2009	113
3232	12	29	113
47	6	30	113
1100	6	28	113
2094	6	2040	113
3018	23	2977	113
729	15	4990	113
1941	6	2009	113
5148	15	5088	113
5348	15	5088	113
253	6	30	113
2020	6	2009	113
2822	9	2529	113
769	1	28	113
4586	14	4587	113
415	1	416	113
169	1	173	113
2718	9	2482	113
2119	6	2045	113
3050	10	2924	113
786	15	5088	113
8863	17	5818	113
2131	6	2009	113
776	15	5088	113
3189	12	2040	113
2791	9	2476	113
1912	15	5024	113
5158	15	5088	113
4003	14	3717	113
396	6	30	113
4834	14	3495	113
2793	9	2476	113
1900	10	3042	113
3193	12	2155	113
2883	9	2517	113
2022	6	2123	113
1983	15	5024	113
2693	12	28	113
428	6	405	113
8863	17	5817	113
2978	10	2924	113
1417	15	5088	113
85	6	116	113
303	1	416	113
284	6	2040	113
636	1	479	113
2539	9	2540	113
2632	9	2476	113
2074	6	405	113
3187	23	12518	113
2035	6	2009	113
12552	23	12525	113
169	6	405	113
1970	6	2040	113
3187	12	2055	113
2903	11	3089	113
205	15	4990	113
832	1	416	113
2011	6	30	113
444	1	405	113
473	6	2040	113
2161	6	2061	113
2632	9	2517	113
205	6	30	113
1866	12	170	113
2511	9	2517	113
3093	23	12538	113
488	1	30	113
2845	9	2518	113
2007	6	2009	113
771	6	30	113
1127	1	846	113
629	1	30	113
2059	6	2060	113
1947	6	405	113
114	1	116	113
8824	23	2977	113
656	6	30	113
1478	1	114	113
1473	1	114	113
857	15	5088	113
734	15	4977	113
1424	1	479	113
2157	6	2120	113
2069	6	2018	113
19	6	2009	113
228	6	2040	113
142	6	30	113
2207	12	2155	113
8571	23	12518	113
1860	9	2517	113
8863	17	5816	113
3218	12	2018	113
44	6	30	113
4586	17	5817	113
2993	23	2939	113
1956	6	2009	113
1588	6	30	113
2116	6	2018	113
2003	6	30	113
3225	23	2938	114
2097	6	30	114
2046	6	2009	114
2539	9	2482	114
2129	6	30	114
5238	15	5088	114
2521	9	2482	114
2808	9	2517	114
2644	9	2593	114
199	1	189	114
5308	15	5088	114
2718	9	2540	114
2812	9	2517	114
1931	6	116	114
492	1	493	114
3231	12	29	114
2692	9	2476	114
3831	14	3832	114
811	1	416	114
12	1	14	114
776	1	493	114
2723	9	2517	114
4110	14	3733	114
2176	6	2018	114
2153	6	30	114
8957	23	2922	114
2144	6	2009	114
3211	12	2120	114
1941	5	1943	114
55	6	30	114
4586	17	5818	114
1922	6	2018	114
2142	6	2009	114
5178	15	5088	114
2077	6	2060	114
3113	11	3102	114
3237	12	116	114
2079	6	30	114
742	1	748	114
1898	23	2997	114
2773	9	2517	114
3227	12	46	114
1894	23	2920	114
728	1	405	114
8983	17	5816	114
5141	15	5088	114
1525	6	29	114
771	1	629	114
1502	1	416	114
3242	12	2009	114
610	1	416	114
443	1	416	114
717	1	636	114
473	1	416	114
5133	15	5088	114
831	1	416	114
733	1	731	114
3233	12	2009	114
613	1	416	114
2693	11	3087	114
1961	6	2009	114
845	1	28	114
2130	6	2009	114
2080	6	116	114
2811	9	2517	114
846	1	397	114
9012	17	5817	114
921	6	30	114
178	6	116	114
3208	12	2120	114
4911	14	4117	114
1644	1	207	114
2530	14	3431	114
3577	14	3437	114
2	6	30	114
2845	10	2977	114
188	1	189	114
1133	6	30	114
2867	9	2517	114
8949	23	12518	114
5214	15	5088	114
818	1	416	114
2140	6	2009	114
292	1	120	114
742	15	4990	114
919	1	921	114
2744	9	2593	114
1912	6	405	114
2793	10	2924	114
598	6	30	114
8863	17	5935	114
675	6	405	114
812	1	416	114
2026	6	30	114
428	15	5024	114
8863	17	6190	114
588	6	30	114
1871	12	2155	114
25	15	5024	114
1363	1	27	114
1959	6	2009	114
480	15	4990	114
284	1	189	114
2717	9	2517	114
675	15	4990	114
3191	12	30	114
17	6	30	114
921	1	30	114
810	1	416	114
310	15	5088	114
6876	17	6877	114
1979	6	30	114
659	1	341	114
3754	14	3495	114
583	15	5024	114
1975	6	2009	114
2883	9	2482	114
729	1	731	114
3032	10	2940	114
675	15	5120	114
822	1	416	114
309	15	5088	114
2073	6	2009	114
2119	6	2120	114
2102	6	2040	114
25	15	4990	114
25	6	30	114
578	1	28	114
1110	15	5120	114
1429	6	30	114
2723	9	2482	114
3217	12	28	114
2101	6	2040	114
1983	6	405	114
44	5	25	114
5168	15	5088	114
380	6	30	114
728	15	4988	114
1958	6	2009	114
1133	15	4990	114
630	6	30	114
2812	10	2924	114
2159	6	30	114
734	15	4977	114
800	1	416	114
6018	17	5860	114
2135	6	2009	114
3101	11	3102	114
205	1	207	114
478	1	479	114
675	1	320	114
759	1	28	114
5160	15	5088	114
492	15	5088	114
1592	6	30	114
8440	17	6685	114
597	15	5088	114
478	1	444	114
9420	23	2939	114
2126	6	2009	114
3209	12	30	114
2010	6	2009	114
2049	6	30	114
8812	17	6190	114
2133	6	2040	114
113	6	30	114
1930	15	4977	114
2138	6	2009	114
3232	12	29	114
47	6	30	114
1100	6	28	114
2094	6	2040	114
3018	23	2977	114
729	15	4990	114
1941	6	2009	114
5148	15	5088	114
5348	15	5088	114
253	6	30	114
2020	6	2009	114
2822	9	2529	114
769	1	28	114
4586	14	4587	114
415	1	416	114
169	1	173	114
2718	9	2482	114
2119	6	2045	114
3050	10	2924	114
786	15	5088	114
8863	17	5818	114
2131	6	2009	114
8440	17	6403	114
776	15	5088	114
3189	12	2040	114
2791	9	2476	114
1912	15	5024	114
5158	15	5088	114
4003	14	3717	114
396	6	30	114
4834	14	3495	114
2793	9	2476	114
1900	10	3042	114
3193	12	2155	114
2883	9	2517	114
2022	6	2123	114
1983	15	5024	114
2693	12	28	114
428	6	405	114
8863	17	5817	114
2978	10	2924	114
1417	15	5088	114
85	6	116	114
303	1	416	114
284	6	2040	114
636	1	479	114
2539	9	2540	114
2632	9	2476	114
2074	6	405	114
3187	23	12518	114
2035	6	2009	114
12552	23	12525	114
169	6	405	114
1970	6	2040	114
3187	12	2055	114
2903	11	3089	114
205	15	4990	114
832	1	416	114
2011	6	30	114
444	1	405	114
473	6	2040	114
2161	6	2061	114
2632	9	2517	114
205	6	30	114
1866	12	170	114
2511	9	2517	114
3093	23	12538	114
488	1	30	114
2845	9	2518	114
2007	6	2009	114
771	6	30	114
1127	1	846	114
629	1	30	114
2059	6	2060	114
1947	6	405	114
114	1	116	114
8824	23	2977	114
656	6	30	114
1478	1	114	114
1473	1	114	114
857	15	5088	114
734	15	4977	114
1424	1	479	114
2157	6	2120	114
2069	6	2018	114
19	6	2009	114
228	6	2040	114
142	6	30	114
2207	12	2155	114
8571	23	12518	114
1860	9	2517	114
8863	17	5816	114
3218	12	2018	114
44	6	30	114
4586	17	5817	114
2993	23	2939	114
1956	6	2009	114
1588	6	30	114
2116	6	2018	114
2003	6	30	114
3225	23	2938	115
2097	6	30	115
2046	6	2009	115
2539	9	2482	115
2129	6	30	115
5238	15	5088	115
2521	9	2482	115
2808	9	2517	115
2644	9	2593	115
199	1	189	115
5308	15	5088	115
2718	9	2540	115
2812	9	2517	115
1931	6	116	115
492	1	493	115
3231	12	29	115
2692	9	2476	115
3831	14	3832	115
811	1	416	115
12	1	14	115
776	1	493	115
2723	9	2517	115
2176	6	2018	115
2153	6	30	115
8957	23	2922	115
2144	6	2009	115
3211	12	2120	115
1941	5	1943	115
55	6	30	115
4586	17	5818	115
1922	6	2018	115
2142	6	2009	115
5178	15	5088	115
2077	6	2060	115
3113	11	3102	115
3237	12	116	115
2079	6	30	115
742	1	748	115
1898	23	2997	115
2773	9	2517	115
3227	12	46	115
3894	14	3895	115
1894	23	2920	115
728	1	405	115
5141	15	5088	115
1525	6	29	115
771	1	629	115
1502	1	416	115
3242	12	2009	115
610	1	416	115
443	1	416	115
717	1	636	115
473	1	416	115
5133	15	5088	115
831	1	416	115
733	1	731	115
3233	12	2009	115
613	1	416	115
2693	11	3087	115
1961	6	2009	115
845	1	28	115
2130	6	2009	115
2080	6	116	115
2811	9	2517	115
846	1	397	115
6876	20	6706	115
921	6	30	115
178	6	116	115
3208	12	2120	115
4911	14	4117	115
1644	1	207	115
2530	14	3431	115
3577	14	3437	115
2	6	30	115
2845	10	2977	115
188	1	189	115
1133	6	30	115
2867	9	2517	115
8949	23	12518	115
5214	15	5088	115
818	1	416	115
2140	6	2009	115
292	1	120	115
742	15	4990	115
919	1	921	115
2744	9	2593	115
1912	6	405	115
598	6	30	115
8863	17	5935	115
675	6	405	115
812	1	416	115
2026	6	30	115
428	15	5024	115
8863	17	6190	115
588	6	30	115
1871	12	2155	115
25	15	5024	115
1363	1	27	115
1959	6	2009	115
480	15	4990	115
284	1	189	115
7752	20	6706	115
2717	9	2517	115
675	15	4990	115
3191	12	30	115
17	6	30	115
921	1	30	115
810	1	416	115
310	15	5088	115
1979	6	30	115
659	1	341	115
3754	14	3495	115
6266	20	7092	115
583	15	5024	115
1975	6	2009	115
2883	9	2482	115
729	1	731	115
3032	10	2940	115
675	15	5120	115
822	1	416	115
309	15	5088	115
2073	6	2009	115
2119	6	2120	115
2102	6	2040	115
25	15	4990	115
25	6	30	115
578	1	28	115
1110	15	5120	115
1429	6	30	115
2723	9	2482	115
3217	12	28	115
2101	6	2040	115
1983	6	405	115
44	5	25	115
5168	15	5088	115
380	6	30	115
728	15	4988	115
1958	6	2009	115
1133	15	4990	115
630	6	30	115
2159	6	30	115
734	15	4977	115
800	1	416	115
2135	6	2009	115
4003	14	3415	115
3101	11	3102	115
205	1	207	115
478	1	479	115
675	1	320	115
759	1	28	115
5160	15	5088	115
492	15	5088	115
1592	6	30	115
597	15	5088	115
478	1	444	115
9420	23	2939	115
2126	6	2009	115
3209	12	30	115
2010	6	2009	115
2049	6	30	115
8812	17	6190	115
2133	6	2040	115
113	6	30	115
1930	15	4977	115
2138	6	2009	115
3232	12	29	115
47	6	30	115
1100	6	28	115
2094	6	2040	115
3018	23	2977	115
729	15	4990	115
1941	6	2009	115
5148	15	5088	115
5348	15	5088	115
253	6	30	115
2020	6	2009	115
2822	9	2529	115
769	1	28	115
4586	14	4587	115
415	1	416	115
169	1	173	115
2718	9	2482	115
2119	6	2045	115
3050	10	2924	115
786	15	5088	115
8863	17	5818	115
2131	6	2009	115
4003	14	3835	115
7525	20	7092	115
776	15	5088	115
3189	12	2040	115
2791	9	2476	115
1912	15	5024	115
5158	15	5088	115
396	6	30	115
4834	14	3495	115
2793	9	2476	115
1900	10	3042	115
3193	12	2155	115
2883	9	2517	115
2022	6	2123	115
1983	15	5024	115
2693	12	28	115
428	6	405	115
8863	17	5817	115
2978	10	2924	115
1417	15	5088	115
85	6	116	115
303	1	416	115
284	6	2040	115
636	1	479	115
2539	9	2540	115
2632	9	2476	115
2074	6	405	115
2663	17	5818	115
3187	23	12518	115
2035	6	2009	115
12552	23	12525	115
169	6	405	115
1970	6	2040	115
3187	12	2055	115
2903	11	3089	115
205	15	4990	115
832	1	416	115
2011	6	30	115
444	1	405	115
473	6	2040	115
2161	6	2061	115
2632	9	2517	115
205	6	30	115
1866	12	170	115
2511	9	2517	115
3093	23	12538	115
488	1	30	115
2845	9	2518	115
2007	6	2009	115
771	6	30	115
1127	1	846	115
629	1	30	115
2059	6	2060	115
1947	6	405	115
114	1	116	115
8824	23	2977	115
656	6	30	115
1478	1	114	115
1473	1	114	115
857	15	5088	115
734	15	4977	115
1424	1	479	115
2157	6	2120	115
2069	6	2018	115
2822	20	6706	115
19	6	2009	115
228	6	2040	115
142	6	30	115
2207	12	2155	115
8571	23	12518	115
1860	9	2517	115
8863	17	5816	115
3218	12	2018	115
44	6	30	115
4586	17	5817	115
2993	23	2939	115
1956	6	2009	115
1588	6	30	115
2116	6	2018	115
2003	6	30	115
3225	23	2938	116
2097	6	30	116
2046	6	2009	116
2539	9	2482	116
2129	6	30	116
5238	15	5088	116
2521	9	2482	116
2808	9	2517	116
2644	9	2593	116
199	1	189	116
5308	15	5088	116
2718	9	2540	116
2812	9	2517	116
1931	6	116	116
492	1	493	116
3231	12	29	116
2692	9	2476	116
811	1	416	116
12	1	14	116
776	1	493	116
2723	9	2517	116
2176	6	2018	116
2153	6	30	116
8957	23	2922	116
2144	6	2009	116
3211	12	2120	116
1941	5	1943	116
55	6	30	116
4586	17	5818	116
1922	6	2018	116
2142	6	2009	116
5178	15	5088	116
2077	6	2060	116
3113	11	3102	116
3237	12	116	116
2079	6	30	116
742	1	748	116
1898	23	2997	116
2773	9	2517	116
3227	12	46	116
3894	14	3895	116
1894	23	2920	116
728	1	405	116
5141	15	5088	116
1525	6	29	116
771	1	629	116
1502	1	416	116
3242	12	2009	116
610	1	416	116
443	1	416	116
717	1	636	116
473	1	416	116
5133	15	5088	116
831	1	416	116
733	1	731	116
3233	12	2009	116
613	1	416	116
2693	11	3087	116
1961	6	2009	116
845	1	28	116
2130	6	2009	116
2080	6	116	116
2811	9	2517	116
846	1	397	116
7125	20	6780	116
921	6	30	116
178	6	116	116
3208	12	2120	116
4911	14	4117	116
1644	1	207	116
2530	14	3431	116
3577	14	3437	116
7525	17	7092	116
2	6	30	116
2845	10	2977	116
188	1	189	116
1133	6	30	116
2867	9	2517	116
6876	20	6706	116
8949	23	12518	116
5214	15	5088	116
818	1	416	116
2140	6	2009	116
292	1	120	116
742	15	4990	116
919	1	921	116
2744	9	2593	116
1912	6	405	116
598	6	30	116
8863	17	5935	116
675	6	405	116
812	1	416	116
2026	6	30	116
428	15	5024	116
8863	17	6190	116
588	6	30	116
1871	12	2155	116
25	15	5024	116
1363	1	27	116
7752	17	6706	116
1959	6	2009	116
480	15	4990	116
284	1	189	116
2717	9	2517	116
675	15	4990	116
3191	12	30	116
17	6	30	116
921	1	30	116
810	1	416	116
310	15	5088	116
1979	6	30	116
659	1	341	116
3754	14	3495	116
583	15	5024	116
1975	6	2009	116
2883	9	2482	116
729	1	731	116
3032	10	2940	116
675	15	5120	116
822	1	416	116
309	15	5088	116
4528	17	6059	116
2073	6	2009	116
2119	6	2120	116
2102	6	2040	116
25	15	4990	116
25	6	30	116
578	1	28	116
1110	15	5120	116
1429	6	30	116
2723	9	2482	116
3217	12	28	116
2101	6	2040	116
1983	6	405	116
44	5	25	116
5168	15	5088	116
380	6	30	116
728	15	4988	116
1958	6	2009	116
1133	15	4990	116
630	6	30	116
2159	6	30	116
734	15	4977	116
800	1	416	116
2135	6	2009	116
4003	14	3415	116
3101	11	3102	116
205	1	207	116
478	1	479	116
675	1	320	116
759	1	28	116
5160	15	5088	116
492	15	5088	116
1592	6	30	116
597	15	5088	116
478	1	444	116
9420	23	2939	116
2126	6	2009	116
3209	12	30	116
2010	6	2009	116
2049	6	30	116
8812	17	6190	116
2133	6	2040	116
113	6	30	116
1930	15	4977	116
2138	6	2009	116
3232	12	29	116
47	6	30	116
2822	20	6706	116
1100	6	28	116
2094	6	2040	116
3018	23	2977	116
729	15	4990	116
1941	6	2009	116
5148	15	5088	116
5348	15	5088	116
253	6	30	116
2020	6	2009	116
7752	20	6706	116
2822	9	2529	116
769	1	28	116
4586	14	4587	116
415	1	416	116
169	1	173	116
2718	9	2482	116
2119	6	2045	116
3050	10	2924	116
786	15	5088	116
8863	17	5818	116
2131	6	2009	116
776	15	5088	116
3189	12	2040	116
2791	9	2476	116
1912	15	5024	116
5158	15	5088	116
396	6	30	116
4834	14	3495	116
2793	9	2476	116
1900	10	3042	116
3193	12	2155	116
2883	9	2517	116
2022	6	2123	116
1983	15	5024	116
2693	12	28	116
428	6	405	116
8863	17	5817	116
2978	10	2924	116
1417	15	5088	116
85	6	116	116
303	1	416	116
284	6	2040	116
636	1	479	116
2539	9	2540	116
2632	9	2476	116
2074	6	405	116
2663	17	5818	116
3187	23	12518	116
2035	6	2009	116
12552	23	12525	116
169	6	405	116
7863	20	6780	116
1970	6	2040	116
3187	12	2055	116
2903	11	3089	116
205	15	4990	116
832	1	416	116
2011	6	30	116
444	1	405	116
473	6	2040	116
2161	6	2061	116
2632	9	2517	116
205	6	30	116
1866	12	170	116
2511	9	2517	116
3093	23	12538	116
488	1	30	116
2845	9	2518	116
2007	6	2009	116
771	6	30	116
1127	1	846	116
629	1	30	116
2059	6	2060	116
1947	6	405	116
114	1	116	116
8824	23	2977	116
656	6	30	116
1478	1	114	116
1473	1	114	116
857	15	5088	116
734	15	4977	116
1424	1	479	116
2157	6	2120	116
2069	6	2018	116
19	6	2009	116
228	6	2040	116
142	6	30	116
2207	12	2155	116
8571	23	12518	116
1860	9	2517	116
8863	17	5816	116
7525	20	7092	116
3218	12	2018	116
44	6	30	116
4586	17	5817	116
2993	23	2939	116
1956	6	2009	116
1588	6	30	116
2116	6	2018	116
2003	6	30	116
3225	23	2938	117
2097	6	30	117
2046	6	2009	117
2539	9	2482	117
2129	6	30	117
5238	15	5088	117
2521	9	2482	117
2808	9	2517	117
2644	9	2593	117
199	1	189	117
5308	15	5088	117
2718	9	2540	117
2812	9	2517	117
1931	6	116	117
492	1	493	117
3231	12	29	117
2692	9	2476	117
811	1	416	117
12	1	14	117
776	1	493	117
2723	9	2517	117
2176	6	2018	117
2153	6	30	117
8957	23	2922	117
2144	6	2009	117
3211	12	2120	117
1941	5	1943	117
55	6	30	117
4586	17	5818	117
1922	6	2018	117
2142	6	2009	117
5178	15	5088	117
2077	6	2060	117
3113	11	3102	117
3237	12	116	117
2079	6	30	117
742	1	748	117
1898	23	2997	117
2773	9	2517	117
3227	12	46	117
3894	14	3895	117
1894	23	2920	117
728	1	405	117
5141	15	5088	117
1525	6	29	117
771	1	629	117
1502	1	416	117
3242	12	2009	117
610	1	416	117
443	1	416	117
717	1	636	117
473	1	416	117
5133	15	5088	117
831	1	416	117
733	1	731	117
3233	12	2009	117
613	1	416	117
2693	11	3087	117
1961	6	2009	117
845	1	28	117
2130	6	2009	117
2080	6	116	117
2811	9	2517	117
846	1	397	117
921	6	30	117
6876	17	5912	117
178	6	116	117
3208	12	2120	117
4911	14	4117	117
1644	1	207	117
2530	14	3431	117
1910	4	1839	117
3577	14	3437	117
2	6	30	117
2845	10	2977	117
188	1	189	117
1133	6	30	117
2867	9	2517	117
8949	23	12518	117
5214	15	5088	117
818	1	416	117
2140	6	2009	117
292	1	120	117
742	15	4990	117
919	1	921	117
2744	9	2593	117
1912	6	405	117
598	6	30	117
8863	17	5935	117
675	6	405	117
812	1	416	117
2026	6	30	117
428	15	5024	117
8863	17	6190	117
588	6	30	117
1871	12	2155	117
25	15	5024	117
1363	1	27	117
1959	6	2009	117
480	15	4990	117
284	1	189	117
2717	9	2517	117
675	15	4990	117
3191	12	30	117
17	6	30	117
921	1	30	117
810	1	416	117
310	15	5088	117
1979	6	30	117
9244	20	6706	117
659	1	341	117
3754	14	3495	117
7125	17	7126	117
583	15	5024	117
1975	6	2009	117
2883	9	2482	117
729	1	731	117
3032	10	2940	117
675	15	5120	117
822	1	416	117
309	15	5088	117
2073	6	2009	117
2119	6	2120	117
2102	6	2040	117
25	15	4990	117
25	6	30	117
578	1	28	117
1110	15	5120	117
1429	6	30	117
2723	9	2482	117
3217	12	28	117
2101	6	2040	117
1983	6	405	117
7125	20	6780	117
44	5	25	117
5168	15	5088	117
380	6	30	117
728	15	4988	117
1958	6	2009	117
1133	15	4990	117
630	6	30	117
2867	9	2588	117
2159	6	30	117
734	15	4977	117
800	1	416	117
2135	6	2009	117
4003	14	3415	117
3101	11	3102	117
205	1	207	117
478	1	479	117
675	1	320	117
759	1	28	117
5160	15	5088	117
492	15	5088	117
1592	6	30	117
597	15	5088	117
9375	20	6706	117
478	1	444	117
9420	23	2939	117
2126	6	2009	117
3209	12	30	117
2010	6	2009	117
2049	6	30	117
8812	17	6190	117
2133	6	2040	117
113	6	30	117
1930	15	4977	117
2138	6	2009	117
3232	12	29	117
47	6	30	117
1100	6	28	117
2094	6	2040	117
3018	23	2977	117
729	15	4990	117
1941	6	2009	117
5148	15	5088	117
5348	15	5088	117
253	6	30	117
2020	6	2009	117
2822	9	2529	117
769	1	28	117
4586	14	4587	117
415	1	416	117
169	1	173	117
2718	9	2482	117
2119	6	2045	117
3050	10	2924	117
786	15	5088	117
8863	17	5818	117
4586	14	4587	117
2131	6	2009	117
776	15	5088	117
3189	12	2040	117
2791	9	2476	117
1912	15	5024	117
5158	15	5088	117
396	6	30	117
4834	14	3495	117
2793	9	2476	117
1900	10	3042	117
3193	12	2155	117
2883	9	2517	117
2022	6	2123	117
1983	15	5024	117
2693	12	28	117
428	6	405	117
8863	17	5817	117
2978	10	2924	117
1417	15	5088	117
85	6	116	117
303	1	416	117
284	6	2040	117
2822	20	6706	117
636	1	479	117
2539	9	2540	117
2632	9	2476	117
2074	6	405	117
2663	17	5818	117
3187	23	12518	117
2035	6	2009	117
12552	23	12525	117
169	6	405	117
1970	6	2040	117
3187	12	2055	117
2903	11	3089	117
205	15	4990	117
832	1	416	117
2011	6	30	117
444	1	405	117
473	6	2040	117
2161	6	2061	117
2632	9	2517	117
205	6	30	117
1866	12	170	117
2511	9	2517	117
3093	23	12538	117
488	1	30	117
2845	9	2518	117
2007	6	2009	117
771	6	30	117
1127	1	846	117
629	1	30	117
2059	6	2060	117
1947	6	405	117
114	1	116	117
8824	23	2977	117
656	6	30	117
1478	1	114	117
1473	1	114	117
6266	17	6268	117
857	15	5088	117
734	15	4977	117
1424	1	479	117
2157	6	2120	117
2069	6	2018	117
2978	20	6706	117
19	6	2009	117
228	6	2040	117
142	6	30	117
2207	12	2155	117
8571	23	12518	117
1860	9	2517	117
8863	17	5816	117
3218	12	2018	117
44	6	30	117
6876	20	6706	117
4586	17	5817	117
2993	23	2939	117
1956	6	2009	117
1588	6	30	117
2116	6	2018	117
2003	6	30	117
3225	23	2938	118
2097	6	30	118
2046	6	2009	118
2539	9	2482	118
2129	6	30	118
5238	15	5088	118
2521	9	2482	118
2808	9	2517	118
2644	9	2593	118
199	1	189	118
5308	15	5088	118
2718	9	2540	118
2465	14	3736	118
2812	9	2517	118
1931	6	116	118
492	1	493	118
3231	12	29	118
2692	9	2476	118
811	1	416	118
12	1	14	118
776	1	493	118
2723	9	2517	118
2176	6	2018	118
2153	6	30	118
8957	23	2922	118
2144	6	2009	118
3211	12	2120	118
1941	5	1943	118
55	6	30	118
4586	17	5818	118
1922	6	2018	118
2142	6	2009	118
5178	15	5088	118
2077	6	2060	118
3113	11	3102	118
3237	12	116	118
2079	6	30	118
742	1	748	118
1898	23	2997	118
2773	9	2517	118
3227	12	46	118
3894	14	3895	118
1894	23	2920	118
728	1	405	118
5141	15	5088	118
1525	6	29	118
771	1	629	118
1502	1	416	118
2978	20	6706	118
3242	12	2009	118
610	1	416	118
443	1	416	118
717	1	636	118
473	1	416	118
5133	15	5088	118
831	1	416	118
733	1	731	118
3233	12	2009	118
613	1	416	118
2693	11	3087	118
1961	6	2009	118
845	1	28	118
2130	6	2009	118
2080	6	116	118
2811	9	2517	118
2589	14	4898	118
846	1	397	118
921	6	30	118
178	6	116	118
3208	12	2120	118
4911	14	4117	118
1644	1	207	118
2530	14	3431	118
3577	14	3437	118
2	6	30	118
2845	10	2977	118
188	1	189	118
1133	6	30	118
7125	20	6780	118
2867	9	2517	118
8949	23	12518	118
5214	15	5088	118
818	1	416	118
2140	6	2009	118
292	1	120	118
742	15	4990	118
919	1	921	118
2744	9	2593	118
1912	6	405	118
598	6	30	118
8863	17	5935	118
675	6	405	118
812	1	416	118
2026	6	30	118
428	15	5024	118
8863	17	6190	118
588	6	30	118
1871	12	2155	118
6876	20	6706	118
25	15	5024	118
1363	1	27	118
1959	6	2009	118
480	15	4990	118
284	1	189	118
2717	9	2517	118
675	15	4990	118
3191	12	30	118
17	6	30	118
921	1	30	118
810	1	416	118
310	15	5088	118
1979	6	30	118
659	1	341	118
7863	17	7126	118
3754	14	3495	118
583	15	5024	118
1975	6	2009	118
2883	9	2482	118
729	1	731	118
3032	10	2940	118
675	15	5120	118
822	1	416	118
309	15	5088	118
6876	17	6706	118
2073	6	2009	118
2119	6	2120	118
2102	6	2040	118
25	15	4990	118
25	6	30	118
578	1	28	118
1110	15	5120	118
1429	6	30	118
2723	9	2482	118
3217	12	28	118
2101	6	2040	118
1983	6	405	118
44	5	25	118
5168	15	5088	118
380	6	30	118
728	15	4988	118
1958	6	2009	118
1133	15	4990	118
630	6	30	118
2867	9	2588	118
2159	6	30	118
734	15	4977	118
800	1	416	118
2135	6	2009	118
4003	14	3415	118
3101	11	3102	118
205	1	207	118
478	1	479	118
675	1	320	118
759	1	28	118
5160	15	5088	118
492	15	5088	118
1592	6	30	118
597	15	5088	118
478	1	444	118
9420	23	2939	118
2126	6	2009	118
3209	12	30	118
2010	6	2009	118
2049	6	30	118
8812	17	6190	118
2133	6	2040	118
113	6	30	118
1930	15	4977	118
2138	6	2009	118
3232	12	29	118
47	6	30	118
1100	6	28	118
8325	17	6268	118
2094	6	2040	118
3018	23	2977	118
729	15	4990	118
1941	6	2009	118
5148	15	5088	118
5348	15	5088	118
253	6	30	118
2020	6	2009	118
2822	9	2529	118
769	1	28	118
415	1	416	118
169	1	173	118
2718	9	2482	118
2119	6	2045	118
3050	10	2924	118
2822	20	6706	118
786	15	5088	118
8863	17	5818	118
4586	14	4587	118
2131	6	2009	118
776	15	5088	118
3189	12	2040	118
2791	9	2476	118
1912	15	5024	118
5158	15	5088	118
396	6	30	118
4834	14	3495	118
2793	9	2476	118
1900	10	3042	118
3193	12	2155	118
2883	9	2517	118
2022	6	2123	118
1983	15	5024	118
2693	12	28	118
428	6	405	118
8863	17	5817	118
2978	10	2924	118
1417	15	5088	118
85	6	116	118
303	1	416	118
284	6	2040	118
636	1	479	118
2539	9	2540	118
2632	9	2476	118
2074	6	405	118
2663	17	5818	118
3187	23	12518	118
2035	6	2009	118
12552	23	12525	118
169	6	405	118
1970	6	2040	118
3187	12	2055	118
2903	11	3089	118
205	15	4990	118
832	1	416	118
2011	6	30	118
9187	20	7092	118
7752	20	6706	118
444	1	405	118
473	6	2040	118
2161	6	2061	118
2632	9	2517	118
8440	17	5860	118
205	6	30	118
1866	12	170	118
2511	9	2517	118
3093	23	12538	118
488	1	30	118
2845	9	2518	118
2007	6	2009	118
771	6	30	118
1127	1	846	118
629	1	30	118
2059	6	2060	118
1947	6	405	118
1979	6	2148	118
114	1	116	118
8824	23	2977	118
656	6	30	118
1478	1	114	118
2822	17	7129	118
1473	1	114	118
857	15	5088	118
734	15	4977	118
1424	1	479	118
2157	6	2120	118
2069	6	2018	118
19	6	2009	118
228	6	2040	118
142	6	30	118
2207	12	2155	118
8571	23	12518	118
1860	9	2517	118
8863	17	5816	118
8573	17	5873	118
3218	12	2018	118
44	6	30	118
4586	17	5817	118
2993	23	2939	118
1956	6	2009	118
1588	6	30	118
2116	6	2018	118
2003	6	30	118
3225	23	2938	119
2097	6	30	119
2046	6	2009	119
2539	9	2482	119
2129	6	30	119
5238	15	5088	119
2521	9	2482	119
2808	9	2517	119
2644	9	2593	119
199	1	189	119
5308	15	5088	119
2718	9	2540	119
2465	14	3736	119
2812	9	2517	119
1931	6	116	119
492	1	493	119
3231	12	29	119
2692	9	2476	119
811	1	416	119
12	1	14	119
776	1	493	119
2723	9	2517	119
2176	6	2018	119
2153	6	30	119
8957	23	2922	119
2144	6	2009	119
3211	12	2120	119
1941	5	1943	119
55	6	30	119
4586	17	5818	119
1922	6	2018	119
2142	6	2009	119
5178	15	5088	119
2077	6	2060	119
3113	11	3102	119
3237	12	116	119
2079	6	30	119
742	1	748	119
1898	23	2997	119
2773	9	2517	119
3227	12	46	119
3894	14	3895	119
1894	23	2920	119
728	1	405	119
5141	15	5088	119
1525	6	29	119
771	1	629	119
1502	1	416	119
3242	12	2009	119
4834	14	3835	119
610	1	416	119
443	1	416	119
717	1	636	119
473	1	416	119
5133	15	5088	119
831	1	416	119
733	1	731	119
3233	12	2009	119
613	1	416	119
2693	11	3087	119
1961	6	2009	119
845	1	28	119
2130	6	2009	119
2080	6	116	119
2811	9	2517	119
2589	14	4898	119
846	1	397	119
921	6	30	119
178	6	116	119
3208	12	2120	119
4911	14	4117	119
1644	1	207	119
2530	14	3431	119
3577	14	3437	119
2	6	30	119
2822	20	6706	119
2845	10	2977	119
188	1	189	119
1133	6	30	119
2867	9	2517	119
5214	15	5088	119
818	1	416	119
2140	6	2009	119
292	1	120	119
742	15	4990	119
919	1	921	119
2744	9	2593	119
1912	6	405	119
598	6	30	119
8863	17	5935	119
675	6	405	119
812	1	416	119
2026	6	30	119
428	15	5024	119
8863	17	6190	119
588	6	30	119
1871	12	2155	119
9187	20	7092	119
25	15	5024	119
1363	1	27	119
1959	6	2009	119
480	15	4990	119
284	1	189	119
2717	9	2517	119
675	15	4990	119
3191	12	30	119
17	6	30	119
921	1	30	119
810	1	416	119
310	15	5088	119
659	1	341	119
3754	14	3495	119
583	15	5024	119
1975	6	2009	119
2883	9	2482	119
729	1	731	119
3032	10	2940	119
675	15	5120	119
822	1	416	119
309	15	5088	119
2073	6	2009	119
2119	6	2120	119
2102	6	2040	119
25	15	4990	119
25	6	30	119
578	1	28	119
1110	15	5120	119
1429	6	30	119
2723	9	2482	119
3217	12	28	119
2101	6	2040	119
1983	6	405	119
44	5	25	119
5168	15	5088	119
380	6	30	119
728	15	4988	119
1958	6	2009	119
1133	15	4990	119
630	6	30	119
2867	9	2588	119
2159	6	30	119
734	15	4977	119
800	1	416	119
2135	6	2009	119
4003	14	3415	119
3101	11	3102	119
205	1	207	119
478	1	479	119
675	1	320	119
759	1	28	119
5160	15	5088	119
492	15	5088	119
1592	6	30	119
597	15	5088	119
478	1	444	119
9420	23	2939	119
2126	6	2009	119
3209	12	30	119
2010	6	2009	119
2049	6	30	119
8812	17	6190	119
2133	6	2040	119
113	6	30	119
1930	15	4977	119
2138	6	2009	119
3232	12	29	119
47	6	30	119
1100	6	28	119
2094	6	2040	119
3018	23	2977	119
729	15	4990	119
1941	6	2009	119
5148	15	5088	119
5348	15	5088	119
253	6	30	119
2020	6	2009	119
2822	9	2529	119
769	1	28	119
415	1	416	119
169	1	173	119
2718	9	2482	119
2119	6	2045	119
3050	10	2924	119
786	15	5088	119
8863	17	5818	119
4586	14	4587	119
2131	6	2009	119
776	15	5088	119
3189	12	2040	119
2791	9	2476	119
1912	15	5024	119
5158	15	5088	119
396	6	30	119
4834	14	3495	119
2793	9	2476	119
1900	10	3042	119
3193	12	2155	119
2883	9	2517	119
2022	6	2123	119
1983	15	5024	119
2693	12	28	119
428	6	405	119
8863	17	5817	119
1417	15	5088	119
85	6	116	119
303	1	416	119
284	6	2040	119
636	1	479	119
7125	17	6780	119
2539	9	2540	119
2632	9	2476	119
2074	6	405	119
2663	17	5818	119
3187	23	12518	119
2035	6	2009	119
12552	23	12525	119
169	6	405	119
1970	6	2040	119
3187	12	2055	119
2903	11	3089	119
205	15	4990	119
832	1	416	119
2011	6	30	119
444	1	405	119
473	6	2040	119
2161	6	2061	119
2632	9	2517	119
205	6	30	119
1866	12	170	119
2511	9	2517	119
3093	23	12538	119
488	1	30	119
2845	9	2518	119
7169	17	5862	119
2007	6	2009	119
771	6	30	119
1127	1	846	119
629	1	30	119
2059	6	2060	119
1947	6	405	119
1979	6	2148	119
114	1	116	119
8824	23	2977	119
656	6	30	119
1478	1	114	119
7125	20	6780	119
1473	1	114	119
857	15	5088	119
734	15	4977	119
1424	1	479	119
2157	6	2120	119
2069	6	2018	119
19	6	2009	119
228	6	2040	119
142	6	30	119
2207	12	2155	119
8571	23	12518	119
1860	9	2517	119
8863	17	5816	119
3218	12	2018	119
44	6	30	119
4586	17	5817	119
2993	23	2939	119
1956	6	2009	119
1588	6	30	119
2116	6	2018	119
2003	6	30	119
3225	23	2938	120
2097	6	30	120
2046	6	2009	120
2539	9	2482	120
2129	6	30	120
3130	11	3131	120
5238	15	5088	120
2521	9	2482	120
2808	9	2517	120
2644	9	2593	120
199	1	189	120
5308	15	5088	120
2718	9	2540	120
2465	14	3736	120
2812	9	2517	120
1931	6	116	120
492	1	493	120
3231	12	29	120
2692	9	2476	120
811	1	416	120
12	1	14	120
776	1	493	120
2723	9	2517	120
2176	6	2018	120
2153	6	30	120
8957	23	2922	120
2144	6	2009	120
3211	12	2120	120
1941	5	1943	120
55	6	30	120
4586	17	5818	120
1922	6	2018	120
2142	6	2009	120
5178	15	5088	120
2077	6	2060	120
3113	11	3102	120
3237	12	116	120
2079	6	30	120
742	1	748	120
1898	23	2997	120
2773	9	2517	120
2822	17	6706	120
3227	12	46	120
3894	14	3895	120
1894	23	2920	120
728	1	405	120
5141	15	5088	120
1525	6	29	120
771	1	629	120
1502	1	416	120
3242	12	2009	120
4834	14	3835	120
610	1	416	120
443	1	416	120
717	1	636	120
473	1	416	120
5133	15	5088	120
831	1	416	120
733	1	731	120
3233	12	2009	120
613	1	416	120
2693	11	3087	120
1961	6	2009	120
845	1	28	120
2130	6	2009	120
2080	6	116	120
2811	9	2517	120
846	1	397	120
6266	17	6066	120
921	6	30	120
178	6	116	120
3208	12	2120	120
4911	14	4117	120
1644	1	207	120
2530	14	3431	120
3577	14	3437	120
2	6	30	120
4528	14	4362	120
2530	14	3711	120
2845	10	2977	120
188	1	189	120
1133	6	30	120
2867	9	2517	120
5214	15	5088	120
818	1	416	120
2140	6	2009	120
292	1	120	120
2511	9	2476	120
742	15	4990	120
919	1	921	120
2744	9	2593	120
3753	14	3733	120
1912	6	405	120
598	6	30	120
8863	17	5935	120
675	6	405	120
812	1	416	120
2026	6	30	120
428	15	5024	120
2589	9	2517	120
8863	17	6190	120
588	6	30	120
1871	12	2155	120
25	15	5024	120
1363	1	27	120
1959	6	2009	120
480	15	4990	120
9375	20	6706	120
284	1	189	120
2717	9	2517	120
675	15	4990	120
3191	12	30	120
17	6	30	120
921	1	30	120
810	1	416	120
310	15	5088	120
659	1	341	120
3754	14	3495	120
583	15	5024	120
1975	6	2009	120
2883	9	2482	120
729	1	731	120
3032	10	2940	120
675	15	5120	120
822	1	416	120
309	15	5088	120
2073	6	2009	120
2119	6	2120	120
2102	6	2040	120
25	15	4990	120
25	6	30	120
578	1	28	120
1110	15	5120	120
1429	6	30	120
2723	9	2482	120
3217	12	28	120
2101	6	2040	120
1983	6	405	120
44	5	25	120
5168	15	5088	120
380	6	30	120
728	15	4988	120
1958	6	2009	120
1133	15	4990	120
630	6	30	120
2867	9	2588	120
2159	6	30	120
734	15	4977	120
800	1	416	120
2135	6	2009	120
4003	14	3415	120
3101	11	3102	120
205	1	207	120
478	1	479	120
675	1	320	120
4003	20	6012	120
759	1	28	120
5160	15	5088	120
492	15	5088	120
1592	6	30	120
597	15	5088	120
478	1	444	120
9420	23	2939	120
2126	6	2009	120
3209	12	30	120
2010	6	2009	120
2049	6	30	120
8812	17	6190	120
2133	6	2040	120
113	6	30	120
1930	15	4977	120
2138	6	2009	120
3232	12	29	120
47	6	30	120
1100	6	28	120
2094	6	2040	120
3018	23	2977	120
729	15	4990	120
1941	6	2009	120
5148	15	5088	120
5348	15	5088	120
253	6	30	120
2020	6	2009	120
2822	9	2529	120
769	1	28	120
3130	14	3437	120
415	1	416	120
169	1	173	120
2718	9	2482	120
2119	6	2045	120
3050	10	2924	120
786	15	5088	120
8863	17	5818	120
4586	14	4587	120
2131	6	2009	120
776	15	5088	120
3189	12	2040	120
2791	9	2476	120
1912	15	5024	120
5158	15	5088	120
396	6	30	120
2793	9	2476	120
1900	10	3042	120
3193	12	2155	120
9357	20	6012	120
2883	9	2517	120
2022	6	2123	120
1983	15	5024	120
2693	12	28	120
428	6	405	120
8863	17	5817	120
1417	15	5088	120
85	6	116	120
303	1	416	120
284	6	2040	120
636	1	479	120
2539	9	2540	120
2632	9	2476	120
2074	6	405	120
2663	17	5818	120
3187	23	12518	120
2035	6	2009	120
12552	23	12525	120
169	6	405	120
6266	17	6267	120
1970	6	2040	120
3187	12	2055	120
2903	11	3089	120
205	15	4990	120
832	1	416	120
2011	6	30	120
444	1	405	120
473	6	2040	120
2161	6	2061	120
2632	9	2517	120
205	6	30	120
1866	12	170	120
2511	9	2517	120
3093	23	12538	120
488	1	30	120
2845	9	2518	120
2007	6	2009	120
771	6	30	120
1127	1	846	120
629	1	30	120
2059	6	2060	120
1947	6	405	120
1979	6	2148	120
114	1	116	120
8824	23	2977	120
4003	17	6012	120
656	6	30	120
1478	1	114	120
9244	20	6706	120
1473	1	114	120
857	15	5088	120
8008	20	7092	120
734	15	4977	120
1424	1	479	120
2157	6	2120	120
2069	6	2018	120
19	6	2009	120
228	6	2040	120
142	6	30	120
2207	12	2155	120
8571	23	12518	120
1860	9	2517	120
8863	17	5816	120
2822	20	6706	120
3218	12	2018	120
44	6	30	120
4586	17	5817	120
2993	23	2939	120
1956	6	2009	120
1588	6	30	120
2116	6	2018	120
2003	6	30	120
3225	23	2938	121
2097	6	30	121
2046	6	2009	121
2539	9	2482	121
2129	6	30	121
3130	11	3131	121
5238	15	5088	121
2521	9	2482	121
2808	9	2517	121
2644	9	2593	121
199	1	189	121
5308	15	5088	121
2718	9	2540	121
2812	9	2517	121
1931	6	116	121
492	1	493	121
3231	12	29	121
2692	9	2476	121
811	1	416	121
12	1	14	121
776	1	493	121
2723	9	2517	121
2176	6	2018	121
2153	6	30	121
8957	23	2922	121
2144	6	2009	121
3211	12	2120	121
1941	5	1943	121
55	6	30	121
4586	17	5818	121
1922	6	2018	121
2142	6	2009	121
5178	15	5088	121
9427	20	6780	121
2077	6	2060	121
3113	11	3102	121
3237	12	116	121
2079	6	30	121
742	1	748	121
1898	23	2997	121
2773	9	2517	121
3227	12	46	121
3894	14	3895	121
1894	23	2920	121
728	1	405	121
5141	15	5088	121
1525	6	29	121
771	1	629	121
2530	9	2517	121
1502	1	416	121
3242	12	2009	121
4834	14	3835	121
610	1	416	121
443	1	416	121
717	1	636	121
473	1	416	121
5133	15	5088	121
831	1	416	121
733	1	731	121
3233	12	2009	121
613	1	416	121
2693	11	3087	121
1961	6	2009	121
845	1	28	121
2130	6	2009	121
2080	6	116	121
2811	9	2517	121
846	1	397	121
921	6	30	121
178	6	116	121
3208	12	2120	121
4911	14	4117	121
1644	1	207	121
2530	14	3431	121
3577	14	3437	121
2	6	30	121
4528	14	4362	121
2530	14	3711	121
2845	10	2977	121
188	1	189	121
1133	6	30	121
2867	9	2517	121
5214	15	5088	121
818	1	416	121
2140	6	2009	121
292	1	120	121
2511	9	2476	121
742	15	4990	121
919	1	921	121
2744	9	2593	121
3753	14	3733	121
1912	6	405	121
598	6	30	121
8863	17	5935	121
675	6	405	121
812	1	416	121
6524	17	6066	121
2026	6	30	121
428	15	5024	121
2589	9	2517	121
8863	17	6190	121
588	6	30	121
1871	12	2155	121
4428	14	3707	121
25	15	5024	121
7260	17	7126	121
1363	1	27	121
1959	6	2009	121
480	15	4990	121
284	1	189	121
2717	9	2517	121
675	15	4990	121
3191	12	30	121
17	6	30	121
921	1	30	121
810	1	416	121
310	15	5088	121
659	1	341	121
3754	14	3495	121
583	15	5024	121
1975	6	2009	121
2883	9	2482	121
729	1	731	121
3032	10	2940	121
675	15	5120	121
822	1	416	121
309	15	5088	121
2073	6	2009	121
2119	6	2120	121
2102	6	2040	121
25	15	4990	121
25	6	30	121
578	1	28	121
1110	15	5120	121
1429	6	30	121
2723	9	2482	121
3217	12	28	121
2101	6	2040	121
1983	6	405	121
44	5	25	121
5168	15	5088	121
380	6	30	121
728	15	4988	121
1958	6	2009	121
1133	15	4990	121
9187	20	7092	121
630	6	30	121
2867	9	2588	121
2159	6	30	121
734	15	4977	121
800	1	416	121
2135	6	2009	121
4003	14	3415	121
3101	11	3102	121
205	1	207	121
478	1	479	121
675	1	320	121
759	1	28	121
5160	15	5088	121
492	15	5088	121
1592	6	30	121
597	15	5088	121
478	1	444	121
9420	23	2939	121
2126	6	2009	121
3209	12	30	121
2010	6	2009	121
2049	6	30	121
8812	17	6190	121
2133	6	2040	121
113	6	30	121
1930	15	4977	121
2138	6	2009	121
3232	12	29	121
47	6	30	121
1100	6	28	121
2094	6	2040	121
3018	23	2977	121
729	15	4990	121
1941	6	2009	121
5148	15	5088	121
5348	15	5088	121
253	6	30	121
2020	6	2009	121
2822	9	2529	121
769	1	28	121
3130	14	3437	121
415	1	416	121
169	1	173	121
2718	9	2482	121
2119	6	2045	121
3050	10	2924	121
786	15	5088	121
8863	17	5818	121
2822	14	3475	121
4586	14	4587	121
2131	6	2009	121
776	15	5088	121
8573	20	7092	121
3189	12	2040	121
2791	9	2476	121
1912	15	5024	121
5158	15	5088	121
396	6	30	121
2793	9	2476	121
1900	10	3042	121
3193	12	2155	121
2883	9	2517	121
2022	6	2123	121
1983	15	5024	121
2693	12	28	121
428	6	405	121
8863	17	5817	121
1417	15	5088	121
85	6	116	121
303	1	416	121
284	6	2040	121
636	1	479	121
2539	9	2540	121
2632	9	2476	121
2074	6	405	121
2663	17	5818	121
3187	23	12518	121
2035	6	2009	121
12552	23	12525	121
169	6	405	121
1970	6	2040	121
3187	12	2055	121
2903	11	3089	121
205	15	4990	121
8573	20	6780	121
832	1	416	121
2011	6	30	121
444	1	405	121
473	6	2040	121
2161	6	2061	121
2632	9	2517	121
205	6	30	121
1866	12	170	121
2511	9	2517	121
2822	20	6706	121
3093	23	12538	121
488	1	30	121
9357	20	6012	121
2845	9	2518	121
2007	6	2009	121
771	6	30	121
1127	1	846	121
629	1	30	121
2059	6	2060	121
1947	6	405	121
1979	6	2148	121
114	1	116	121
8824	23	2977	121
656	6	30	121
1478	1	114	121
7260	20	6780	121
1473	1	114	121
857	15	5088	121
734	15	4977	121
1424	1	479	121
2157	6	2120	121
2069	6	2018	121
19	6	2009	121
228	6	2040	121
142	6	30	121
2207	12	2155	121
8571	23	12518	121
1860	9	2517	121
8863	17	5816	121
3218	12	2018	121
44	6	30	121
4586	17	5817	121
2993	23	2939	121
1956	6	2009	121
1588	6	30	121
2116	6	2018	121
2003	6	30	121
3225	23	2938	122
2097	6	30	122
9196	20	6780	122
2046	6	2009	122
2539	9	2482	122
2129	6	30	122
3130	11	3131	122
5238	15	5088	122
2521	9	2482	122
2808	9	2517	122
2644	9	2593	122
199	1	189	122
5308	15	5088	122
2718	9	2540	122
2812	9	2517	122
1931	6	116	122
492	1	493	122
3231	12	29	122
2692	9	2476	122
811	1	416	122
12	1	14	122
776	1	493	122
2723	9	2517	122
2176	6	2018	122
2153	6	30	122
8957	23	2922	122
2144	6	2009	122
3211	12	2120	122
1941	5	1943	122
55	6	30	122
4911	14	3781	122
4586	17	5818	122
1922	6	2018	122
2142	6	2009	122
5178	15	5088	122
2077	6	2060	122
3113	11	3102	122
3237	12	116	122
2079	6	30	122
742	1	748	122
1898	23	2997	122
2773	9	2517	122
3227	12	46	122
3894	14	3895	122
1894	23	2920	122
728	1	405	122
5141	15	5088	122
9357	20	6012	122
1525	6	29	122
771	1	629	122
2530	9	2517	122
1502	1	416	122
3242	12	2009	122
4834	14	3835	122
610	1	416	122
443	1	416	122
717	1	636	122
473	1	416	122
5133	15	5088	122
831	1	416	122
733	1	731	122
3233	12	2009	122
613	1	416	122
2693	11	3087	122
1961	6	2009	122
845	1	28	122
2130	6	2009	122
2080	6	116	122
2811	9	2517	122
846	1	397	122
4717	20	6012	122
921	6	30	122
178	6	116	122
3208	12	2120	122
4911	14	4117	122
1644	1	207	122
2530	14	3431	122
3577	14	3437	122
2	6	30	122
4528	14	4362	122
2530	14	3711	122
2845	10	2977	122
188	1	189	122
1133	6	30	122
2867	9	2517	122
5214	15	5088	122
818	1	416	122
2140	6	2009	122
292	1	120	122
2511	9	2476	122
742	15	4990	122
919	1	921	122
2744	9	2593	122
3753	14	3733	122
1912	6	405	122
598	6	30	122
8863	17	5935	122
675	6	405	122
812	1	416	122
2026	6	30	122
428	15	5024	122
2589	9	2517	122
8863	17	6190	122
588	6	30	122
1871	12	2155	122
4428	14	3707	122
25	15	5024	122
1363	1	27	122
1959	6	2009	122
480	15	4990	122
9196	20	7092	122
284	1	189	122
2717	9	2517	122
675	15	4990	122
3191	12	30	122
17	6	30	122
921	1	30	122
810	1	416	122
310	15	5088	122
8573	20	6780	122
659	1	341	122
3754	14	3495	122
583	15	5024	122
1975	6	2009	122
2883	9	2482	122
729	1	731	122
3032	10	2940	122
675	15	5120	122
822	1	416	122
309	15	5088	122
2073	6	2009	122
2119	6	2120	122
2102	6	2040	122
25	15	4990	122
25	6	30	122
578	1	28	122
1110	15	5120	122
1429	6	30	122
2723	9	2482	122
3217	12	28	122
2101	6	2040	122
1983	6	405	122
7169	17	5876	122
44	5	25	122
5168	15	5088	122
380	6	30	122
728	15	4988	122
1958	6	2009	122
1133	15	4990	122
630	6	30	122
2867	9	2588	122
2159	6	30	122
734	15	4977	122
800	1	416	122
2135	6	2009	122
4003	14	3415	122
3101	11	3102	122
205	1	207	122
478	1	479	122
675	1	320	122
759	1	28	122
5160	15	5088	122
492	15	5088	122
1592	6	30	122
597	15	5088	122
9187	20	7092	122
478	1	444	122
9420	23	2939	122
2126	6	2009	122
3209	12	30	122
2010	6	2009	122
2049	6	30	122
8812	17	6190	122
2133	6	2040	122
113	6	30	122
1930	15	4977	122
2138	6	2009	122
3232	12	29	122
47	6	30	122
1100	6	28	122
2094	6	2040	122
3018	23	2977	122
729	15	4990	122
1941	6	2009	122
5148	15	5088	122
5348	15	5088	122
253	6	30	122
2020	6	2009	122
2822	9	2529	122
769	1	28	122
3130	14	3437	122
415	1	416	122
169	1	173	122
2718	9	2482	122
2119	6	2045	122
3050	10	2924	122
786	15	5088	122
8863	17	5818	122
2822	14	3475	122
4586	14	4587	122
2131	6	2009	122
776	15	5088	122
3189	12	2040	122
2791	9	2476	122
1912	15	5024	122
5158	15	5088	122
396	6	30	122
2793	9	2476	122
1900	10	3042	122
3193	12	2155	122
2883	9	2517	122
2022	6	2123	122
1983	15	5024	122
2693	12	28	122
428	6	405	122
8863	17	5817	122
1417	15	5088	122
85	6	116	122
303	1	416	122
284	6	2040	122
636	1	479	122
2539	9	2540	122
2632	9	2476	122
2074	6	405	122
2663	17	5818	122
3187	23	12518	122
2035	6	2009	122
12552	23	12525	122
169	6	405	122
1970	6	2040	122
3187	12	2055	122
2903	11	3089	122
205	15	4990	122
832	1	416	122
3242	23	12525	122
2011	6	30	122
444	1	405	122
473	6	2040	122
2161	6	2061	122
2632	9	2517	122
205	6	30	122
1866	12	170	122
2511	9	2517	122
3093	23	12538	122
488	1	30	122
2845	9	2518	122
2007	6	2009	122
771	6	30	122
1127	1	846	122
629	1	30	122
2059	6	2060	122
1947	6	405	122
1979	6	2148	122
114	1	116	122
8824	23	2977	122
656	6	30	122
1478	1	114	122
2655	17	6109	122
1473	1	114	122
857	15	5088	122
734	15	4977	122
2717	14	3470	122
1424	1	479	122
2157	6	2120	122
2069	6	2018	122
19	6	2009	122
228	6	2040	122
142	6	30	122
2207	12	2155	122
8571	23	12518	122
1860	9	2517	122
8863	17	5816	122
3218	12	2018	122
44	6	30	122
4586	17	5817	122
2993	23	2939	122
1956	6	2009	122
1588	6	30	122
2116	6	2018	122
2003	6	30	122
3225	23	2938	123
2097	6	30	123
2046	6	2009	123
2539	9	2482	123
2129	6	30	123
3130	11	3131	123
5238	15	5088	123
2521	9	2482	123
2808	9	2517	123
2644	9	2593	123
199	1	189	123
5308	15	5088	123
2718	9	2540	123
2812	9	2517	123
1931	6	116	123
492	1	493	123
3231	12	29	123
2692	9	2476	123
811	1	416	123
12	1	14	123
776	1	493	123
2723	9	2517	123
2176	6	2018	123
2153	6	30	123
8957	23	2922	123
2144	6	2009	123
3211	12	2120	123
1941	5	1943	123
55	6	30	123
9269	20	6706	123
4911	14	3781	123
4586	17	5818	123
3242	23	3072	123
1922	6	2018	123
2142	6	2009	123
5178	15	5088	123
2077	6	2060	123
3113	11	3102	123
3237	12	116	123
2079	6	30	123
742	1	748	123
1898	23	2997	123
2773	9	2517	123
3227	12	46	123
3894	14	3895	123
1894	23	2920	123
728	1	405	123
5141	15	5088	123
1525	6	29	123
771	1	629	123
2530	9	2517	123
1502	1	416	123
3242	12	2009	123
4834	14	3835	123
610	1	416	123
443	1	416	123
717	1	636	123
473	1	416	123
5133	15	5088	123
831	1	416	123
733	1	731	123
3233	12	2009	123
613	1	416	123
9357	20	6012	123
2693	11	3087	123
1961	6	2009	123
845	1	28	123
2130	6	2009	123
2080	6	116	123
2811	9	2517	123
6348	17	6066	123
846	1	397	123
921	6	30	123
2648	9	2505	123
178	6	116	123
3208	12	2120	123
4911	14	4117	123
1644	1	207	123
2530	14	3431	123
3577	14	3437	123
2	6	30	123
4528	14	4362	123
2530	14	3711	123
2845	10	2977	123
188	1	189	123
1133	6	30	123
2867	9	2517	123
5214	15	5088	123
818	1	416	123
2140	6	2009	123
292	1	120	123
2511	9	2476	123
742	15	4990	123
919	1	921	123
2744	9	2593	123
3753	14	3733	123
1912	6	405	123
598	6	30	123
8863	17	5935	123
675	6	405	123
812	1	416	123
2026	6	30	123
428	15	5024	123
2589	9	2517	123
8863	17	6190	123
588	6	30	123
1871	12	2155	123
4428	14	3707	123
25	15	5024	123
1363	1	27	123
1959	6	2009	123
480	15	4990	123
284	1	189	123
2717	9	2517	123
675	15	4990	123
3191	12	30	123
17	6	30	123
921	1	30	123
810	1	416	123
310	15	5088	123
659	1	341	123
3754	14	3495	123
583	15	5024	123
1975	6	2009	123
2883	9	2482	123
729	1	731	123
3032	10	2940	123
675	15	5120	123
8431	17	8432	123
822	1	416	123
309	15	5088	123
2073	6	2009	123
2119	6	2120	123
2102	6	2040	123
25	15	4990	123
25	6	30	123
578	1	28	123
1110	15	5120	123
1429	6	30	123
2723	9	2482	123
3217	12	28	123
2101	6	2040	123
1983	6	405	123
44	5	25	123
5168	15	5088	123
380	6	30	123
728	15	4988	123
1958	6	2009	123
1133	15	4990	123
630	6	30	123
2867	9	2588	123
2159	6	30	123
734	15	4977	123
800	1	416	123
2135	6	2009	123
4003	14	3415	123
3101	11	3102	123
205	1	207	123
478	1	479	123
675	1	320	123
759	1	28	123
5160	15	5088	123
492	15	5088	123
1592	6	30	123
597	15	5088	123
478	1	444	123
9420	23	2939	123
2126	6	2009	123
3209	12	30	123
2010	6	2009	123
2049	6	30	123
8812	17	6190	123
2133	6	2040	123
113	6	30	123
9187	20	7092	123
1930	15	4977	123
2138	6	2009	123
3232	12	29	123
47	6	30	123
1100	6	28	123
2094	6	2040	123
3018	23	2977	123
729	15	4990	123
1941	6	2009	123
5148	15	5088	123
5348	15	5088	123
253	6	30	123
2020	6	2009	123
2822	9	2529	123
769	1	28	123
3130	14	3437	123
415	1	416	123
169	1	173	123
2718	9	2482	123
2119	6	2045	123
3050	10	2924	123
786	15	5088	123
8863	17	5818	123
2822	14	3475	123
4586	14	4587	123
2131	6	2009	123
776	15	5088	123
3189	12	2040	123
2791	9	2476	123
1912	15	5024	123
5158	15	5088	123
396	6	30	123
2793	9	2476	123
1900	10	3042	123
3193	12	2155	123
2883	9	2517	123
2022	6	2123	123
1983	15	5024	123
2693	12	28	123
428	6	405	123
8863	17	5817	123
1417	15	5088	123
85	6	116	123
303	1	416	123
284	6	2040	123
636	1	479	123
2539	9	2540	123
2632	9	2476	123
2074	6	405	123
2663	17	5818	123
3187	23	12518	123
2035	6	2009	123
12552	23	12525	123
169	6	405	123
1970	6	2040	123
3187	12	2055	123
2903	11	3089	123
205	15	4990	123
832	1	416	123
2011	6	30	123
444	1	405	123
473	6	2040	123
2161	6	2061	123
2632	9	2517	123
205	6	30	123
1866	12	170	123
2511	9	2517	123
3093	23	12538	123
488	1	30	123
2845	9	2518	123
2007	6	2009	123
771	6	30	123
1127	1	846	123
629	1	30	123
2059	6	2060	123
1947	6	405	123
1979	6	2148	123
114	1	116	123
8824	23	2977	123
656	6	30	123
1478	1	114	123
1473	1	114	123
857	15	5088	123
734	15	4977	123
2717	14	3470	123
1424	1	479	123
2157	6	2120	123
2069	6	2018	123
19	6	2009	123
228	6	2040	123
142	6	30	123
2207	12	2155	123
8571	23	12518	123
1860	9	2517	123
8863	17	5816	123
3218	12	2018	123
44	6	30	123
4586	17	5817	123
2993	23	2939	123
2979	10	2924	123
1956	6	2009	123
1588	6	30	123
8573	20	6780	123
2116	6	2018	123
2003	6	30	123
3225	23	2938	124
2097	6	30	124
2046	6	2009	124
2539	9	2482	124
2129	6	30	124
3130	11	3131	124
5238	15	5088	124
2521	9	2482	124
2808	9	2517	124
2644	9	2593	124
199	1	189	124
5308	15	5088	124
2718	9	2540	124
2812	9	2517	124
1931	6	116	124
492	1	493	124
3231	12	29	124
2692	9	2476	124
811	1	416	124
12	1	14	124
776	1	493	124
2723	9	2517	124
2176	6	2018	124
2153	6	30	124
8957	23	2922	124
2144	6	2009	124
3211	12	2120	124
1941	5	1943	124
55	6	30	124
4586	17	5818	124
1922	6	2018	124
2142	6	2009	124
5178	15	5088	124
3242	23	3045	124
2077	6	2060	124
3113	11	3102	124
3237	12	116	124
2079	6	30	124
742	1	748	124
1898	23	2997	124
2773	9	2517	124
3227	12	46	124
3894	14	3895	124
1894	23	2920	124
1865	4	1839	124
728	1	405	124
4717	20	6012	124
5141	15	5088	124
1525	6	29	124
771	1	629	124
2530	9	2517	124
1502	1	416	124
3242	12	2009	124
610	1	416	124
443	1	416	124
717	1	636	124
473	1	416	124
5133	15	5088	124
831	1	416	124
733	1	731	124
3233	12	2009	124
613	1	416	124
3130	14	3545	124
2693	11	3087	124
1961	6	2009	124
845	1	28	124
2130	6	2009	124
2080	6	116	124
2811	9	2517	124
846	1	397	124
921	6	30	124
2648	9	2505	124
178	6	116	124
3208	12	2120	124
4911	14	4117	124
1644	1	207	124
2530	14	3431	124
3577	14	3437	124
2	6	30	124
4528	14	4362	124
2845	10	2977	124
188	1	189	124
1133	6	30	124
2867	9	2517	124
5214	15	5088	124
818	1	416	124
2140	6	2009	124
292	1	120	124
2511	9	2476	124
742	15	4990	124
919	1	921	124
2744	9	2593	124
1912	6	405	124
598	6	30	124
8863	17	5935	124
675	6	405	124
812	1	416	124
9187	20	7092	124
2026	6	30	124
3780	14	3781	124
428	15	5024	124
2589	9	2517	124
8863	17	6190	124
588	6	30	124
1871	12	2155	124
4428	14	3707	124
25	15	5024	124
1363	1	27	124
1959	6	2009	124
480	15	4990	124
284	1	189	124
2717	9	2517	124
675	15	4990	124
3191	12	30	124
11370	22	9568	124
17	6	30	124
921	1	30	124
810	1	416	124
310	15	5088	124
7169	20	6706	124
659	1	341	124
583	15	5024	124
1975	6	2009	124
2883	9	2482	124
729	1	731	124
3032	10	2940	124
675	15	5120	124
822	1	416	124
309	15	5088	124
2073	6	2009	124
2119	6	2120	124
2102	6	2040	124
25	15	4990	124
25	6	30	124
578	1	28	124
1110	15	5120	124
1429	6	30	124
2723	9	2482	124
3217	12	28	124
2101	6	2040	124
1983	6	405	124
44	5	25	124
5168	15	5088	124
380	6	30	124
728	15	4988	124
1958	6	2009	124
1133	15	4990	124
630	6	30	124
2867	9	2588	124
2159	6	30	124
734	15	4977	124
800	1	416	124
2135	6	2009	124
3101	11	3102	124
205	1	207	124
478	1	479	124
675	1	320	124
759	1	28	124
5160	15	5088	124
492	15	5088	124
1592	6	30	124
597	15	5088	124
478	1	444	124
9420	23	2939	124
2126	6	2009	124
3209	12	30	124
2010	6	2009	124
2049	6	30	124
8812	17	6190	124
2133	6	2040	124
113	6	30	124
1930	15	4977	124
2138	6	2009	124
3232	12	29	124
47	6	30	124
1100	6	28	124
2094	6	2040	124
3915	20	5762	124
3018	23	2977	124
729	15	4990	124
1941	6	2009	124
5148	15	5088	124
5348	15	5088	124
253	6	30	124
2020	6	2009	124
2822	9	2529	124
769	1	28	124
3130	14	3437	124
415	1	416	124
169	1	173	124
2718	9	2482	124
2119	6	2045	124
3050	10	2924	124
786	15	5088	124
8863	17	5818	124
2822	14	3475	124
4586	14	4587	124
2131	6	2009	124
776	15	5088	124
3189	12	2040	124
2791	9	2476	124
1912	15	5024	124
5158	15	5088	124
396	6	30	124
2793	9	2476	124
1900	10	3042	124
3193	12	2155	124
2883	9	2517	124
8573	20	6780	124
2022	6	2123	124
1983	15	5024	124
2693	12	28	124
428	6	405	124
8863	17	5817	124
1417	15	5088	124
85	6	116	124
303	1	416	124
284	6	2040	124
7260	20	6780	124
636	1	479	124
2539	9	2540	124
2632	9	2476	124
2074	6	405	124
2663	17	5818	124
3187	23	12518	124
2035	6	2009	124
12552	23	12525	124
169	6	405	124
1970	6	2040	124
3187	12	2055	124
2903	11	3089	124
9357	20	6012	124
205	15	4990	124
832	1	416	124
2011	6	30	124
444	1	405	124
473	6	2040	124
2161	6	2061	124
2632	9	2517	124
1851	23	2997	124
6266	17	6110	124
205	6	30	124
1866	12	170	124
2511	9	2517	124
3093	23	12538	124
488	1	30	124
2845	9	2518	124
2007	6	2009	124
6108	17	6109	124
3242	12	115	124
771	6	30	124
1127	1	846	124
629	1	30	124
2059	6	2060	124
1947	6	405	124
1979	6	2148	124
114	1	116	124
8824	23	2977	124
656	6	30	124
1478	1	114	124
1473	1	114	124
857	15	5088	124
734	15	4977	124
1424	1	479	124
2157	6	2120	124
2069	6	2018	124
19	6	2009	124
228	6	2040	124
142	6	30	124
2207	12	2155	124
8571	23	12518	124
1860	9	2517	124
8863	17	5816	124
3218	12	2018	124
44	6	30	124
4586	17	5817	124
2993	23	2939	124
2979	10	2924	124
1956	6	2009	124
1588	6	30	124
8573	20	7092	124
2116	6	2018	124
2003	6	30	124
3225	23	2938	125
2097	6	30	125
2046	6	2009	125
2539	9	2482	125
2129	6	30	125
3130	11	3131	125
5238	15	5088	125
2521	9	2482	125
2808	9	2517	125
2644	9	2593	125
199	1	189	125
5308	15	5088	125
2718	9	2540	125
2812	9	2517	125
1931	6	116	125
492	1	493	125
3231	12	29	125
2692	9	2476	125
811	1	416	125
12	1	14	125
776	1	493	125
2723	9	2517	125
2176	6	2018	125
2153	6	30	125
8957	23	2922	125
8573	20	7092	125
2144	6	2009	125
3211	12	2120	125
1941	5	1943	125
55	6	30	125
4586	17	5818	125
1922	6	2018	125
2142	6	2009	125
5178	15	5088	125
2077	6	2060	125
3113	11	3102	125
3237	12	116	125
2079	6	30	125
742	1	748	125
1898	23	2997	125
2773	9	2517	125
3227	12	46	125
1894	23	2920	125
728	1	405	125
5141	15	5088	125
1525	6	29	125
771	1	629	125
2530	9	2517	125
1502	1	416	125
610	1	416	125
443	1	416	125
717	1	636	125
473	1	416	125
5133	15	5088	125
831	1	416	125
733	1	731	125
9269	20	6706	125
3233	12	2009	125
613	1	416	125
3130	14	3545	125
2693	11	3087	125
1961	6	2009	125
845	1	28	125
2130	6	2009	125
8008	20	7092	125
2080	6	116	125
2811	9	2517	125
846	1	397	125
921	6	30	125
2648	9	2505	125
178	6	116	125
3208	12	2120	125
4911	14	4117	125
1644	1	207	125
2530	14	3431	125
7446	20	6780	125
3577	14	3437	125
2	6	30	125
4528	14	4362	125
2845	10	2977	125
188	1	189	125
1133	6	30	125
2867	9	2517	125
5214	15	5088	125
818	1	416	125
2140	6	2009	125
292	1	120	125
2511	9	2476	125
2589	14	4898	125
742	15	4990	125
919	1	921	125
2744	9	2593	125
1912	6	405	125
598	6	30	125
8863	17	5935	125
675	6	405	125
812	1	416	125
2026	6	30	125
3780	14	3781	125
428	15	5024	125
2589	9	2517	125
8863	17	6190	125
588	6	30	125
1871	12	2155	125
4428	14	3707	125
25	15	5024	125
1363	1	27	125
1959	6	2009	125
480	15	4990	125
284	1	189	125
2717	9	2517	125
675	15	4990	125
3191	12	30	125
11370	22	9568	125
17	6	30	125
921	1	30	125
810	1	416	125
310	15	5088	125
659	1	341	125
583	15	5024	125
1975	6	2009	125
2883	9	2482	125
8861	17	8432	125
729	1	731	125
3032	10	2940	125
675	15	5120	125
822	1	416	125
309	15	5088	125
2073	6	2009	125
2119	6	2120	125
2102	6	2040	125
25	15	4990	125
25	6	30	125
578	1	28	125
1110	15	5120	125
1429	6	30	125
2723	9	2482	125
3217	12	28	125
2101	6	2040	125
1983	6	405	125
44	5	25	125
5168	15	5088	125
380	6	30	125
728	15	4988	125
1958	6	2009	125
1133	15	4990	125
630	6	30	125
2867	9	2588	125
2159	6	30	125
734	15	4977	125
800	1	416	125
2135	6	2009	125
3101	11	3102	125
205	1	207	125
4717	20	6012	125
478	1	479	125
675	1	320	125
759	1	28	125
5160	15	5088	125
492	15	5088	125
1592	6	30	125
597	15	5088	125
478	1	444	125
9420	23	2939	125
2126	6	2009	125
3209	12	30	125
2010	6	2009	125
2049	6	30	125
8812	17	6190	125
2133	6	2040	125
113	6	30	125
1930	15	4977	125
2138	6	2009	125
3232	12	29	125
47	6	30	125
1100	6	28	125
2094	6	2040	125
3018	23	2977	125
729	15	4990	125
1941	6	2009	125
5148	15	5088	125
5348	15	5088	125
253	6	30	125
2020	6	2009	125
2822	9	2529	125
769	1	28	125
3130	14	3437	125
415	1	416	125
169	1	173	125
2718	9	2482	125
2119	6	2045	125
3050	10	2924	125
786	15	5088	125
8863	17	5818	125
2822	14	3475	125
4586	14	4587	125
2131	6	2009	125
776	15	5088	125
3189	12	2040	125
2791	9	2476	125
1912	15	5024	125
5158	15	5088	125
396	6	30	125
2793	9	2476	125
1900	10	3042	125
3193	12	2155	125
2883	9	2517	125
2022	6	2123	125
1983	15	5024	125
2693	12	28	125
428	6	405	125
8863	17	5817	125
1417	15	5088	125
85	6	116	125
303	1	416	125
284	6	2040	125
636	1	479	125
2539	9	2540	125
3780	14	3741	125
2632	9	2476	125
2074	6	405	125
2663	17	5818	125
3187	23	12518	125
2035	6	2009	125
12552	23	12525	125
169	6	405	125
9187	20	7092	125
1970	6	2040	125
3187	12	2055	125
2903	11	3089	125
205	15	4990	125
832	1	416	125
2011	6	30	125
444	1	405	125
473	6	2040	125
2161	6	2061	125
2632	9	2517	125
1851	23	2997	125
205	6	30	125
1866	12	170	125
2511	9	2517	125
3093	23	12538	125
9357	20	6012	125
488	1	30	125
2845	9	2518	125
2007	6	2009	125
3242	12	115	125
771	6	30	125
1127	1	846	125
629	1	30	125
9293	20	5762	125
2059	6	2060	125
1947	6	405	125
1979	6	2148	125
114	1	116	125
8824	23	2977	125
656	6	30	125
1478	1	114	125
1473	1	114	125
857	15	5088	125
734	15	4977	125
1424	1	479	125
2157	6	2120	125
2069	6	2018	125
19	6	2009	125
228	6	2040	125
142	6	30	125
2207	12	2155	125
8571	23	12518	125
1860	9	2517	125
8863	17	5816	125
3218	12	2018	125
44	6	30	125
4586	17	5817	125
2993	23	2939	125
2979	10	2924	125
1956	6	2009	125
1588	6	30	125
2116	6	2018	125
2003	6	30	125
3225	23	2938	126
2097	6	30	126
2046	6	2009	126
2539	9	2482	126
2129	6	30	126
3130	11	3131	126
5238	15	5088	126
2521	9	2482	126
2808	9	2517	126
2644	9	2593	126
199	1	189	126
2719	10	3016	126
5308	15	5088	126
2718	9	2540	126
2812	9	2517	126
1931	6	116	126
492	1	493	126
3231	12	29	126
2692	9	2476	126
811	1	416	126
12	1	14	126
776	1	493	126
2723	9	2517	126
2176	6	2018	126
2153	6	30	126
8957	23	2922	126
2144	6	2009	126
3211	12	2120	126
1941	5	1943	126
55	6	30	126
4586	17	5818	126
1922	6	2018	126
2142	6	2009	126
5178	15	5088	126
2077	6	2060	126
3113	11	3102	126
3237	12	116	126
2079	6	30	126
742	1	748	126
1898	23	2997	126
2773	9	2517	126
3227	12	46	126
1894	23	2920	126
728	1	405	126
5141	15	5088	126
1525	6	29	126
771	1	629	126
2530	9	2517	126
1502	1	416	126
610	1	416	126
443	1	416	126
717	1	636	126
473	1	416	126
5133	15	5088	126
831	1	416	126
733	1	731	126
3233	12	2009	126
613	1	416	126
3130	14	3545	126
2693	11	3087	126
1961	6	2009	126
845	1	28	126
2130	6	2009	126
2080	6	116	126
3050	20	6706	126
2811	9	2517	126
846	1	397	126
921	6	30	126
2648	9	2505	126
178	6	116	126
3208	12	2120	126
4911	14	4117	126
1644	1	207	126
2530	14	3431	126
3577	14	3437	126
2831	10	2924	126
2	6	30	126
9357	20	6012	126
4528	14	4362	126
2845	10	2977	126
188	1	189	126
1133	6	30	126
2867	9	2517	126
5214	15	5088	126
818	1	416	126
2140	6	2009	126
292	1	120	126
2511	9	2476	126
2589	14	4898	126
742	15	4990	126
919	1	921	126
2744	9	2593	126
1912	6	405	126
598	6	30	126
8863	17	5935	126
675	6	405	126
812	1	416	126
2026	6	30	126
428	15	5024	126
2589	9	2517	126
8863	17	6190	126
588	6	30	126
1871	12	2155	126
4428	14	3707	126
25	15	5024	126
1363	1	27	126
1959	6	2009	126
480	15	4990	126
284	1	189	126
2717	9	2517	126
675	15	4990	126
3191	12	30	126
17	6	30	126
921	1	30	126
810	1	416	126
310	15	5088	126
8876	17	6403	126
659	1	341	126
9012	17	5816	126
583	15	5024	126
1975	6	2009	126
2883	9	2482	126
729	1	731	126
3032	10	2940	126
675	15	5120	126
822	1	416	126
309	15	5088	126
2073	6	2009	126
2119	6	2120	126
2102	6	2040	126
25	15	4990	126
25	6	30	126
578	1	28	126
1110	15	5120	126
1429	6	30	126
2723	9	2482	126
3217	12	28	126
2101	6	2040	126
1983	6	405	126
8438	17	6406	126
44	5	25	126
5168	15	5088	126
380	6	30	126
728	15	4988	126
1958	6	2009	126
1133	15	4990	126
630	6	30	126
2867	9	2588	126
2159	6	30	126
734	15	4977	126
800	1	416	126
2135	6	2009	126
3101	11	3102	126
205	1	207	126
478	1	479	126
675	1	320	126
759	1	28	126
5160	15	5088	126
492	15	5088	126
1592	6	30	126
597	15	5088	126
2815	23	2922	126
478	1	444	126
9420	23	2939	126
2126	6	2009	126
3209	12	30	126
2010	6	2009	126
2049	6	30	126
8812	17	6190	126
2133	6	2040	126
113	6	30	126
1930	15	4977	126
2138	6	2009	126
3232	12	29	126
47	6	30	126
1100	6	28	126
2094	6	2040	126
8438	20	6780	126
3018	23	2977	126
729	15	4990	126
1941	6	2009	126
5148	15	5088	126
5348	15	5088	126
253	6	30	126
2020	6	2009	126
2822	9	2529	126
769	1	28	126
3130	14	3437	126
415	1	416	126
169	1	173	126
2718	9	2482	126
2119	6	2045	126
786	15	5088	126
8863	17	5818	126
2822	14	3475	126
4586	14	4587	126
2131	6	2009	126
776	15	5088	126
3189	12	2040	126
2791	9	2476	126
1912	15	5024	126
5158	15	5088	126
396	6	30	126
2793	9	2476	126
1900	10	3042	126
3193	12	2155	126
2883	9	2517	126
2022	6	2123	126
1983	15	5024	126
2693	12	28	126
428	6	405	126
8863	17	5817	126
1417	15	5088	126
85	6	116	126
303	1	416	126
284	6	2040	126
636	1	479	126
2539	9	2540	126
3780	14	3741	126
2632	9	2476	126
2074	6	405	126
2663	17	5818	126
3187	23	12518	126
2035	6	2009	126
12552	23	12525	126
169	6	405	126
1970	6	2040	126
3187	12	2055	126
2903	11	3089	126
205	15	4990	126
832	1	416	126
2011	6	30	126
444	1	405	126
473	6	2040	126
2161	6	2061	126
2632	9	2517	126
1851	23	2997	126
205	6	30	126
1866	12	170	126
2511	9	2517	126
3093	23	12538	126
488	1	30	126
2845	9	2518	126
2007	6	2009	126
4717	20	6012	126
3242	12	115	126
771	6	30	126
1127	1	846	126
629	1	30	126
2059	6	2060	126
1947	6	405	126
1979	6	2148	126
114	1	116	126
8824	23	2977	126
656	6	30	126
1478	1	114	126
1473	1	114	126
857	15	5088	126
734	15	4977	126
1424	1	479	126
2157	6	2120	126
2069	6	2018	126
8876	17	6685	126
19	6	2009	126
228	6	2040	126
142	6	30	126
9427	20	6780	126
2207	12	2155	126
8571	23	12518	126
1860	9	2517	126
8863	17	5816	126
3218	12	2018	126
44	6	30	126
4586	17	5817	126
2993	23	2939	126
2979	10	2924	126
1956	6	2009	126
1588	6	30	126
2116	6	2018	126
2003	6	30	126
3225	23	2938	127
2097	6	30	127
2046	6	2009	127
2539	9	2482	127
2129	6	30	127
3130	11	3131	127
5238	15	5088	127
2521	9	2482	127
2808	9	2517	127
2644	9	2593	127
199	1	189	127
2719	10	3016	127
5308	15	5088	127
2718	9	2540	127
2812	9	2517	127
1931	6	116	127
492	1	493	127
9293	20	5762	127
3915	14	3916	127
3831	14	3762	127
3231	12	29	127
2692	9	2476	127
811	1	416	127
12	1	14	127
776	1	493	127
2723	9	2517	127
2176	6	2018	127
2153	6	30	127
8957	23	2922	127
2144	6	2009	127
3211	12	2120	127
1941	5	1943	127
55	6	30	127
4586	17	5818	127
1922	6	2018	127
2142	6	2009	127
5178	15	5088	127
2077	6	2060	127
3113	11	3102	127
3237	12	116	127
2079	6	30	127
742	1	748	127
1898	23	2997	127
2773	9	2517	127
3227	12	46	127
1894	23	2920	127
728	1	405	127
2059	6	2018	127
5141	15	5088	127
1525	6	29	127
771	1	629	127
2530	9	2517	127
1502	1	416	127
610	1	416	127
443	1	416	127
717	1	636	127
473	1	416	127
5133	15	5088	127
831	1	416	127
733	1	731	127
3233	12	2009	127
613	1	416	127
3130	14	3545	127
2693	11	3087	127
1961	6	2009	127
845	1	28	127
2130	6	2009	127
2080	6	116	127
2811	9	2517	127
846	1	397	127
921	6	30	127
2648	9	2505	127
178	6	116	127
3208	12	2120	127
4911	14	4117	127
1644	1	207	127
2530	14	3431	127
3577	14	3437	127
2831	10	2924	127
2	6	30	127
9244	20	6706	127
4717	20	6012	127
2845	10	2977	127
188	1	189	127
1133	6	30	127
2867	9	2517	127
5214	15	5088	127
818	1	416	127
2140	6	2009	127
292	1	120	127
2511	9	2476	127
742	15	4990	127
919	1	921	127
2744	9	2593	127
1912	6	405	127
598	6	30	127
8863	17	5935	127
675	6	405	127
812	1	416	127
2026	6	30	127
428	15	5024	127
2589	9	2517	127
8863	17	6190	127
588	6	30	127
1871	12	2155	127
4428	14	3707	127
25	15	5024	127
1363	1	27	127
1959	6	2009	127
480	15	4990	127
284	1	189	127
2717	9	2517	127
675	15	4990	127
3191	12	30	127
17	6	30	127
921	1	30	127
810	1	416	127
310	15	5088	127
659	1	341	127
583	15	5024	127
1975	6	2009	127
2883	9	2482	127
729	1	731	127
3032	10	2940	127
675	15	5120	127
822	1	416	127
309	15	5088	127
2073	6	2009	127
2119	6	2120	127
2102	6	2040	127
25	15	4990	127
25	6	30	127
578	1	28	127
1110	15	5120	127
1429	6	30	127
2723	9	2482	127
3217	12	28	127
2101	6	2040	127
4608	14	3781	127
1983	6	405	127
44	5	25	127
5168	15	5088	127
380	6	30	127
728	15	4988	127
1958	6	2009	127
1133	15	4990	127
630	6	30	127
2867	9	2588	127
2159	6	30	127
734	15	4977	127
800	1	416	127
2135	6	2009	127
3101	11	3102	127
205	1	207	127
478	1	479	127
675	1	320	127
759	1	28	127
5160	15	5088	127
492	15	5088	127
1592	6	30	127
597	15	5088	127
2815	23	2922	127
478	1	444	127
9420	23	2939	127
2126	6	2009	127
3209	12	30	127
2010	6	2009	127
2049	6	30	127
8812	17	6190	127
2133	6	2040	127
113	6	30	127
1930	15	4977	127
2138	6	2009	127
3232	12	29	127
47	6	30	127
1100	6	28	127
2094	6	2040	127
3018	23	2977	127
729	15	4990	127
1941	6	2009	127
5148	15	5088	127
5348	15	5088	127
253	6	30	127
2020	6	2009	127
2822	9	2529	127
769	1	28	127
3130	14	3437	127
415	1	416	127
169	1	173	127
2718	9	2482	127
8438	20	6780	127
2119	6	2045	127
786	15	5088	127
8863	17	5818	127
2822	14	3475	127
4586	14	4587	127
2131	6	2009	127
776	15	5088	127
3189	12	2040	127
2791	9	2476	127
1912	15	5024	127
5158	15	5088	127
396	6	30	127
2793	9	2476	127
1900	10	3042	127
3193	12	2155	127
2883	9	2517	127
2022	6	2123	127
1983	15	5024	127
2693	12	28	127
428	6	405	127
8863	17	5817	127
9357	20	6012	127
1417	15	5088	127
85	6	116	127
303	1	416	127
284	6	2040	127
636	1	479	127
2539	9	2540	127
3780	14	3741	127
2632	9	2476	127
2074	6	405	127
2663	17	5818	127
3187	23	12518	127
2035	6	2009	127
12552	23	12525	127
169	6	405	127
1970	6	2040	127
2655	9	2482	127
3187	12	2055	127
2903	11	3089	127
205	15	4990	127
832	1	416	127
2011	6	30	127
444	1	405	127
473	6	2040	127
2161	6	2061	127
2632	9	2517	127
1851	23	2997	127
205	6	30	127
1866	12	170	127
2511	9	2517	127
3093	23	12538	127
488	1	30	127
2845	9	2518	127
2007	6	2009	127
3242	12	115	127
771	6	30	127
1127	1	846	127
629	1	30	127
2059	6	2060	127
1947	6	405	127
1979	6	2148	127
114	1	116	127
2077	6	2018	127
8824	23	2977	127
656	6	30	127
1478	1	114	127
3130	14	3546	127
1473	1	114	127
857	15	5088	127
734	15	4977	127
1424	1	479	127
2157	6	2120	127
2069	6	2018	127
4886	14	3711	127
19	6	2009	127
228	6	2040	127
142	6	30	127
2207	12	2155	127
8571	23	12518	127
8008	20	7092	127
1860	9	2517	127
8863	17	5816	127
3218	12	2018	127
44	6	30	127
3233	23	2977	127
4586	17	5817	127
2993	23	2939	127
2979	10	2924	127
1956	6	2009	127
1588	6	30	127
2116	6	2018	127
2003	6	30	127
3225	23	2938	128
2097	6	30	128
2046	6	2009	128
2539	9	2482	128
2129	6	30	128
3130	11	3131	128
5238	15	5088	128
2521	9	2482	128
2808	9	2517	128
2644	9	2593	128
199	1	189	128
2719	10	3016	128
5308	15	5088	128
2718	9	2540	128
2812	9	2517	128
1931	6	116	128
492	1	493	128
3915	14	3916	128
3831	14	3762	128
3231	12	29	128
2692	9	2476	128
811	1	416	128
12	1	14	128
776	1	493	128
2723	9	2517	128
2176	6	2018	128
2153	6	30	128
8957	23	2922	128
2144	6	2009	128
3211	12	2120	128
1941	5	1943	128
55	6	30	128
4586	17	5818	128
1922	6	2018	128
2142	6	2009	128
5178	15	5088	128
3113	11	3102	128
3237	12	116	128
2079	6	30	128
742	1	748	128
1898	23	2997	128
2773	9	2517	128
3227	12	46	128
1894	23	2920	128
728	1	405	128
2059	6	2018	128
5141	15	5088	128
1525	6	29	128
771	1	629	128
2530	9	2517	128
1502	1	416	128
610	1	416	128
443	1	416	128
717	1	636	128
473	1	416	128
5133	15	5088	128
831	1	416	128
733	1	731	128
3233	12	2009	128
613	1	416	128
2693	11	3087	128
5252	15	5088	128
1961	6	2009	128
845	1	28	128
2130	6	2009	128
2080	6	116	128
2811	9	2517	128
846	1	397	128
921	6	30	128
2648	9	2505	128
178	6	116	128
3208	12	2120	128
4911	14	4117	128
1644	1	207	128
2530	14	3431	128
3577	14	3437	128
2831	10	2924	128
2	6	30	128
2845	10	2977	128
188	1	189	128
1133	6	30	128
2867	9	2517	128
5214	15	5088	128
818	1	416	128
2140	6	2009	128
292	1	120	128
2511	9	2476	128
742	15	4990	128
919	1	921	128
2744	9	2593	128
1912	6	405	128
598	6	30	128
8863	17	5935	128
675	6	405	128
812	1	416	128
2026	6	30	128
428	15	5024	128
2589	9	2517	128
8863	17	6190	128
588	6	30	128
1871	12	2155	128
4428	14	3707	128
25	15	5024	128
1363	1	27	128
1959	6	2009	128
480	15	4990	128
284	1	189	128
2717	9	2517	128
675	15	4990	128
3191	12	30	128
17	6	30	128
921	1	30	128
810	1	416	128
310	15	5088	128
659	1	341	128
583	15	5024	128
1975	6	2009	128
2663	17	5817	128
2883	9	2482	128
729	1	731	128
3032	10	2940	128
675	15	5120	128
822	1	416	128
309	15	5088	128
2073	6	2009	128
2119	6	2120	128
8573	20	7092	128
2102	6	2040	128
3186	12	2155	128
25	15	4990	128
25	6	30	128
578	1	28	128
1110	15	5120	128
1429	6	30	128
2723	9	2482	128
3217	12	28	128
2101	6	2040	128
4608	14	3781	128
1983	6	405	128
6018	17	6175	128
4717	20	6012	128
44	5	25	128
5168	15	5088	128
380	6	30	128
728	15	4988	128
9272	20	6706	128
1958	6	2009	128
1133	15	4990	128
630	6	30	128
2867	9	2588	128
2159	6	30	128
734	15	4977	128
800	1	416	128
2135	6	2009	128
3101	11	3102	128
205	1	207	128
478	1	479	128
675	1	320	128
759	1	28	128
5160	15	5088	128
492	15	5088	128
1592	6	30	128
597	15	5088	128
2511	14	3711	128
2815	23	2922	128
478	1	444	128
9420	23	2939	128
2126	6	2009	128
3209	12	30	128
2010	6	2009	128
2049	6	30	128
8812	17	6190	128
2133	6	2040	128
9357	20	6012	128
113	6	30	128
1930	15	4977	128
2138	6	2009	128
3232	12	29	128
47	6	30	128
1100	6	28	128
2094	6	2040	128
3018	23	2977	128
729	15	4990	128
1941	6	2009	128
5148	15	5088	128
5348	15	5088	128
253	6	30	128
2020	6	2009	128
2822	9	2529	128
769	1	28	128
3130	14	3437	128
415	1	416	128
169	1	173	128
2718	9	2482	128
2119	6	2045	128
786	15	5088	128
8863	17	5818	128
2822	14	3475	128
4586	14	4587	128
2640	9	2482	128
2131	6	2009	128
776	15	5088	128
3189	12	2040	128
2791	9	2476	128
1912	15	5024	128
5158	15	5088	128
396	6	30	128
2793	9	2476	128
1900	10	3042	128
3193	12	2155	128
11370	22	9985	128
2883	9	2517	128
2022	6	2123	128
9244	20	6706	128
1983	15	5024	128
2693	12	28	128
428	6	405	128
8863	17	5817	128
1417	15	5088	128
85	6	116	128
303	1	416	128
284	6	2040	128
636	1	479	128
2539	9	2540	128
3780	14	3741	128
2632	9	2476	128
2074	6	405	128
2663	17	5818	128
3187	23	12518	128
2035	6	2009	128
12552	23	12525	128
6348	17	6068	128
169	6	405	128
1970	6	2040	128
2655	9	2482	128
7893	20	6706	128
3187	12	2055	128
2903	11	3089	128
205	15	4990	128
832	1	416	128
2011	6	30	128
444	1	405	128
473	6	2040	128
2161	6	2061	128
2632	9	2517	128
1851	23	2997	128
205	6	30	128
1866	12	170	128
2511	9	2517	128
3093	23	12538	128
488	1	30	128
2845	9	2518	128
2007	6	2009	128
3242	12	115	128
771	6	30	128
1127	1	846	128
629	1	30	128
1947	6	405	128
1979	6	2148	128
114	1	116	128
2077	6	2018	128
8824	23	2977	128
656	6	30	128
1478	1	114	128
3130	14	3546	128
1473	1	114	128
857	15	5088	128
734	15	4977	128
1424	1	479	128
2157	6	2120	128
2069	6	2018	128
4886	14	3711	128
19	6	2009	128
228	6	2040	128
142	6	30	128
2207	12	2155	128
8571	23	12518	128
1860	9	2517	128
8863	17	5816	128
3218	12	2018	128
44	6	30	128
3233	23	2977	128
4586	17	5817	128
2993	23	2939	128
2979	10	2924	128
1956	6	2009	128
1588	6	30	128
2648	9	2505	128
2116	6	2018	128
2003	6	30	128
3225	23	2938	129
2097	6	30	129
2046	6	2009	129
2539	9	2482	129
2129	6	30	129
3130	11	3131	129
5238	15	5088	129
2521	9	2482	129
2528	9	2529	129
2808	9	2517	129
2644	9	2593	129
199	1	189	129
2719	10	3016	129
6266	17	6068	129
5308	15	5088	129
2718	9	2540	129
2812	9	2517	129
1931	6	116	129
492	1	493	129
3915	14	3916	129
3831	14	3762	129
3231	12	29	129
2692	9	2476	129
811	1	416	129
12	1	14	129
776	1	493	129
2723	9	2517	129
2176	6	2018	129
2153	6	30	129
8957	23	2922	129
2144	6	2009	129
3211	12	2120	129
1941	5	1943	129
55	6	30	129
4586	17	5818	129
1922	6	2018	129
2142	6	2009	129
5178	15	5088	129
6234	17	6238	129
3113	11	3102	129
3237	12	116	129
2079	6	30	129
742	1	748	129
1898	23	2997	129
2773	9	2517	129
3227	12	46	129
1894	23	2920	129
728	1	405	129
2059	6	2018	129
5141	15	5088	129
1525	6	29	129
771	1	629	129
2663	17	5816	129
2530	9	2517	129
1502	1	416	129
610	1	416	129
443	1	416	129
717	1	636	129
473	1	416	129
5133	15	5088	129
831	1	416	129
733	1	731	129
3233	12	2009	129
6876	17	5873	129
613	1	416	129
2693	11	3087	129
5252	15	5088	129
1961	6	2009	129
845	1	28	129
2130	6	2009	129
2080	6	116	129
2811	9	2517	129
846	1	397	129
921	6	30	129
2465	14	3495	129
178	6	116	129
3208	12	2120	129
4911	14	4117	129
1644	1	207	129
2530	14	3431	129
3577	14	3437	129
2831	10	2924	129
2	6	30	129
2845	10	2977	129
188	1	189	129
1133	6	30	129
2867	9	2517	129
5214	15	5088	129
818	1	416	129
2140	6	2009	129
292	1	120	129
2511	9	2476	129
742	15	4990	129
919	1	921	129
2744	9	2593	129
1912	6	405	129
598	6	30	129
8863	17	5935	129
8438	20	6780	129
675	6	405	129
812	1	416	129
2026	6	30	129
428	15	5024	129
2589	9	2517	129
8863	17	6190	129
588	6	30	129
1871	12	2155	129
4428	14	3707	129
25	15	5024	129
1363	1	27	129
3130	14	3491	129
1959	6	2009	129
480	15	4990	129
284	1	189	129
2717	9	2517	129
675	15	4990	129
3191	12	30	129
3581	14	3545	129
17	6	30	129
921	1	30	129
810	1	416	129
310	15	5088	129
659	1	341	129
583	15	5024	129
1975	6	2009	129
2663	17	5817	129
2883	9	2482	129
729	1	731	129
3032	10	2940	129
675	15	5120	129
822	1	416	129
4717	20	6012	129
309	15	5088	129
2073	6	2009	129
9357	20	6012	129
2119	6	2120	129
2102	6	2040	129
3186	12	2155	129
25	15	4990	129
25	6	30	129
578	1	28	129
1110	15	5120	129
1429	6	30	129
2723	9	2482	129
3217	12	28	129
2101	6	2040	129
1983	6	405	129
8949	17	6007	129
44	5	25	129
5168	15	5088	129
380	6	30	129
728	15	4988	129
1958	6	2009	129
1133	15	4990	129
630	6	30	129
2867	9	2588	129
2159	6	30	129
734	15	4977	129
800	1	416	129
2135	6	2009	129
3101	11	3102	129
205	1	207	129
478	1	479	129
675	1	320	129
759	1	28	129
5160	15	5088	129
492	15	5088	129
1592	6	30	129
597	15	5088	129
478	1	444	129
9420	23	2939	129
2126	6	2009	129
3209	12	30	129
2010	6	2009	129
2049	6	30	129
8812	17	6190	129
2133	6	2040	129
113	6	30	129
1930	15	4977	129
2138	6	2009	129
3232	12	29	129
47	6	30	129
1100	6	28	129
2094	6	2040	129
3018	23	2977	129
729	15	4990	129
1941	6	2009	129
5148	15	5088	129
5348	15	5088	129
253	6	30	129
2020	6	2009	129
2822	9	2529	129
769	1	28	129
3130	14	3437	129
415	1	416	129
169	1	173	129
2718	9	2482	129
2119	6	2045	129
786	15	5088	129
8863	17	5818	129
2822	14	3475	129
4586	14	4587	129
2640	9	2482	129
2131	6	2009	129
776	15	5088	129
3189	12	2040	129
2791	9	2476	129
1912	15	5024	129
5158	15	5088	129
396	6	30	129
2793	9	2476	129
1900	10	3042	129
1851	4	1842	129
3193	12	2155	129
6234	20	7092	129
2883	9	2517	129
2022	6	2123	129
1983	15	5024	129
2693	12	28	129
428	6	405	129
8863	17	5817	129
1417	15	5088	129
85	6	116	129
303	1	416	129
284	6	2040	129
636	1	479	129
2539	9	2540	129
3780	14	3741	129
2632	9	2476	129
2074	6	405	129
2663	17	5818	129
3187	23	12518	129
2035	6	2009	129
12552	23	12525	129
169	6	405	129
1970	6	2040	129
2655	9	2482	129
3187	12	2055	129
2903	11	3089	129
205	15	4990	129
832	1	416	129
2011	6	30	129
444	1	405	129
473	6	2040	129
2161	6	2061	129
2632	9	2517	129
205	6	30	129
1866	12	170	129
2511	9	2517	129
3093	23	12538	129
488	1	30	129
2845	9	2518	129
2007	6	2009	129
3242	12	115	129
771	6	30	129
1127	1	846	129
629	1	30	129
1947	6	405	129
1979	6	2148	129
114	1	116	129
2077	6	2018	129
8824	23	2977	129
656	6	30	129
1478	1	114	129
3130	14	3546	129
1473	1	114	129
857	15	5088	129
734	15	4977	129
1424	1	479	129
2157	6	2120	129
2069	6	2018	129
19	6	2009	129
228	6	2040	129
142	6	30	129
2207	12	2155	129
8571	23	12518	129
6108	20	7092	129
1860	9	2517	129
8863	17	5816	129
3218	12	2018	129
44	6	30	129
7446	20	6780	129
3233	23	2977	129
4586	17	5817	129
2993	23	2939	129
2979	10	2924	129
1956	6	2009	129
1588	6	30	129
2648	9	2505	129
2116	6	2018	129
2003	6	30	129
2097	6	30	130
2046	6	2009	130
2539	9	2482	130
2129	6	30	130
3130	11	3131	130
5238	15	5088	130
2521	9	2482	130
2808	9	2517	130
2644	9	2593	130
199	1	189	130
2719	10	3016	130
5308	15	5088	130
2718	9	2540	130
2812	9	2517	130
1931	6	116	130
492	1	493	130
3915	14	3916	130
3831	14	3762	130
3231	12	29	130
2692	9	2476	130
811	1	416	130
12	1	14	130
776	1	493	130
2723	9	2517	130
2176	6	2018	130
2153	6	30	130
8957	23	2922	130
2144	6	2009	130
3211	12	2120	130
1941	5	1943	130
55	6	30	130
4586	17	5818	130
1922	6	2018	130
2142	6	2009	130
5178	15	5088	130
3113	11	3102	130
7260	20	6780	130
3237	12	116	130
2079	6	30	130
742	1	748	130
1898	23	2997	130
2773	9	2517	130
3227	12	46	130
1894	23	2920	130
728	1	405	130
2059	6	2018	130
5141	15	5088	130
1525	6	29	130
771	1	629	130
2663	17	5816	130
2530	9	2517	130
1502	1	416	130
610	1	416	130
443	1	416	130
717	1	636	130
473	1	416	130
5133	15	5088	130
831	1	416	130
733	1	731	130
3233	12	2009	130
613	1	416	130
2693	11	3087	130
5252	15	5088	130
1961	6	2009	130
845	1	28	130
2130	6	2009	130
2080	6	116	130
2811	9	2517	130
846	1	397	130
921	6	30	130
2465	14	3495	130
178	6	116	130
3208	12	2120	130
4911	14	4117	130
1644	1	207	130
2530	14	3431	130
3577	14	3437	130
2831	10	2924	130
2	6	30	130
2845	10	2977	130
188	1	189	130
1133	6	30	130
2867	9	2517	130
5214	15	5088	130
818	1	416	130
3225	12	2155	130
2140	6	2009	130
292	1	120	130
2511	9	2476	130
742	15	4990	130
919	1	921	130
2744	9	2593	130
1912	6	405	130
598	6	30	130
8863	17	5935	130
675	6	405	130
812	1	416	130
2026	6	30	130
428	15	5024	130
2589	9	2517	130
8863	17	6190	130
588	6	30	130
1871	12	2155	130
4428	14	3707	130
25	15	5024	130
1363	1	27	130
3130	14	3491	130
1959	6	2009	130
480	15	4990	130
284	1	189	130
2717	9	2517	130
675	15	4990	130
3191	12	30	130
17	6	30	130
4940	14	4363	130
921	1	30	130
810	1	416	130
310	15	5088	130
659	1	341	130
9357	20	6012	130
583	15	5024	130
1975	6	2009	130
2663	17	5817	130
2883	9	2482	130
729	1	731	130
3032	10	2940	130
675	15	5120	130
822	1	416	130
309	15	5088	130
2073	6	2009	130
2119	6	2120	130
2102	6	2040	130
3186	12	2155	130
25	15	4990	130
25	6	30	130
578	1	28	130
1110	15	5120	130
1429	6	30	130
2723	9	2482	130
3217	12	28	130
2101	6	2040	130
1983	6	405	130
44	5	25	130
5168	15	5088	130
380	6	30	130
728	15	4988	130
1958	6	2009	130
1133	15	4990	130
630	6	30	130
2867	9	2588	130
2159	6	30	130
734	15	4977	130
800	1	416	130
2135	6	2009	130
3101	11	3102	130
205	1	207	130
478	1	479	130
675	1	320	130
759	1	28	130
5160	15	5088	130
492	15	5088	130
1592	6	30	130
597	15	5088	130
478	1	444	130
9420	23	2939	130
2126	6	2009	130
3209	12	30	130
2010	6	2009	130
2049	6	30	130
8812	17	6190	130
2133	6	2040	130
113	6	30	130
1930	15	4977	130
2138	6	2009	130
3232	12	29	130
47	6	30	130
1100	6	28	130
2094	6	2040	130
3018	23	2977	130
729	15	4990	130
1941	6	2009	130
5148	15	5088	130
5348	15	5088	130
253	6	30	130
2020	6	2009	130
2822	9	2529	130
769	1	28	130
3130	14	3437	130
415	1	416	130
169	1	173	130
2718	9	2482	130
2119	6	2045	130
9427	20	6780	130
786	15	5088	130
8863	17	5818	130
2822	14	3475	130
4586	14	4587	130
2640	9	2482	130
2131	6	2009	130
6108	20	7092	130
776	15	5088	130
3189	12	2040	130
2791	9	2476	130
1912	15	5024	130
5158	15	5088	130
396	6	30	130
2793	9	2476	130
1900	10	3042	130
3193	12	2155	130
2883	9	2517	130
2022	6	2123	130
1983	15	5024	130
2693	12	28	130
428	6	405	130
8863	17	5817	130
1417	15	5088	130
85	6	116	130
303	1	416	130
284	6	2040	130
636	1	479	130
2539	9	2540	130
2632	9	2476	130
2074	6	405	130
2663	17	5818	130
3187	23	12518	130
2035	6	2009	130
12552	23	12525	130
169	6	405	130
1970	6	2040	130
2655	9	2482	130
3187	12	2055	130
2903	11	3089	130
205	15	4990	130
832	1	416	130
2011	6	30	130
444	1	405	130
473	6	2040	130
2161	6	2061	130
2632	9	2517	130
11370	22	9538	130
205	6	30	130
1866	12	170	130
2511	9	2517	130
3093	23	12538	130
488	1	30	130
2845	9	2518	130
8438	20	6780	130
2007	6	2009	130
8431	17	6465	130
4717	20	6012	130
3242	12	115	130
771	6	30	130
1127	1	846	130
629	1	30	130
1947	6	405	130
1979	6	2148	130
114	1	116	130
2077	6	2018	130
8824	23	2977	130
656	6	30	130
1478	1	114	130
1473	1	114	130
857	15	5088	130
734	15	4977	130
1424	1	479	130
2157	6	2120	130
2663	17	5935	130
2069	6	2018	130
19	6	2009	130
228	6	2040	130
142	6	30	130
2207	12	2155	130
8571	23	12518	130
1860	9	2517	130
8863	17	5816	130
3218	12	2018	130
44	6	30	130
3233	23	2977	130
4586	17	5817	130
2993	23	2939	130
2979	10	2924	130
1956	6	2009	130
1588	6	30	130
2648	9	2505	130
2116	6	2018	130
2003	6	30	130
2097	6	30	131
2046	6	2009	131
2539	9	2482	131
2129	6	30	131
3130	11	3131	131
5238	15	5088	131
2521	9	2482	131
2808	9	2517	131
2644	9	2593	131
199	1	189	131
2719	10	3016	131
5308	15	5088	131
2718	9	2540	131
2812	9	2517	131
1931	6	116	131
492	1	493	131
3915	14	3916	131
3831	14	3762	131
3231	12	29	131
2692	9	2476	131
811	1	416	131
12	1	14	131
776	1	493	131
2723	9	2517	131
2176	6	2018	131
2153	6	30	131
8957	23	2922	131
2144	6	2009	131
488	1	28	131
3211	12	2120	131
1941	5	1943	131
55	6	30	131
113	6	550	131
4586	17	5818	131
1922	6	2018	131
2142	6	2009	131
5178	15	5088	131
3113	11	3102	131
3237	12	116	131
2079	6	30	131
742	1	748	131
1898	23	2997	131
2773	9	2517	131
629	1	332	131
2049	6	28	131
3227	12	46	131
1894	23	2920	131
728	1	405	131
2059	6	2018	131
5141	15	5088	131
1525	6	29	131
771	1	629	131
2663	17	5816	131
2530	9	2517	131
1502	1	416	131
2079	6	332	131
610	1	416	131
443	1	416	131
717	1	636	131
2003	6	28	131
473	1	416	131
5133	15	5088	131
831	1	416	131
733	1	731	131
380	6	332	131
3233	12	2009	131
613	1	416	131
2693	11	3087	131
5252	15	5088	131
1961	6	2009	131
845	1	28	131
2130	6	2009	131
2080	6	116	131
2811	9	2517	131
846	1	397	131
28	15	4988	131
921	6	30	131
2465	14	3495	131
178	6	116	131
3208	12	2120	131
4911	14	4117	131
1644	1	207	131
2530	14	3431	131
3577	14	3437	131
2831	10	2924	131
253	6	332	131
2	6	30	131
2845	10	2977	131
188	1	189	131
1133	6	30	131
2867	9	2517	131
5214	15	5088	131
818	1	416	131
3225	12	2155	131
2140	6	2009	131
292	1	120	131
2511	9	2476	131
742	15	4990	131
919	1	921	131
2744	9	2593	131
1057	1	28	131
1912	6	405	131
2530	14	3711	131
598	6	30	131
8863	17	5935	131
675	6	405	131
812	1	416	131
2049	6	332	131
428	15	5024	131
2589	9	2517	131
8863	17	6190	131
588	6	30	131
1871	12	2155	131
4428	14	3707	131
47	6	332	131
25	15	5024	131
2655	9	2482	131
25	6	332	131
1363	1	27	131
1959	6	2009	131
480	15	4990	131
2792	9	2578	131
284	1	189	131
2011	6	332	131
2717	9	2517	131
675	15	4990	131
2792	14	3711	131
3191	12	30	131
17	6	30	131
4940	14	4363	131
921	1	30	131
396	6	28	131
810	1	416	131
310	15	5088	131
9012	17	5935	131
8438	20	6780	131
47	6	28	131
659	1	341	131
3191	12	28	131
630	6	550	131
583	15	5024	131
1975	6	2009	131
2663	17	5817	131
2883	9	2482	131
729	1	731	131
3032	10	2940	131
113	6	332	131
675	15	5120	131
822	1	416	131
309	15	5088	131
1588	6	550	131
2073	6	2009	131
2119	6	2120	131
2102	6	2040	131
3186	12	2155	131
25	15	4990	131
25	6	30	131
578	1	28	131
1110	15	5120	131
2723	9	2482	131
380	6	28	131
3217	12	28	131
2101	6	2040	131
1983	6	405	131
396	6	332	131
44	5	25	131
5168	15	5088	131
380	6	30	131
728	15	4988	131
1958	6	2009	131
1133	15	4990	131
630	6	30	131
2867	9	2588	131
2159	6	30	131
734	15	4977	131
800	1	416	131
2135	6	2009	131
3101	11	3102	131
2798	9	2505	131
205	1	207	131
478	1	479	131
675	1	320	131
759	1	28	131
5160	15	5088	131
492	15	5088	131
1592	6	30	131
597	15	5088	131
478	1	444	131
9420	23	2939	131
2126	6	2009	131
3209	12	30	131
2010	6	2009	131
2049	6	30	131
8812	17	6190	131
2133	6	2040	131
113	6	30	131
1930	15	4977	131
2138	6	2009	131
3232	12	29	131
47	6	30	131
1100	6	28	131
2094	6	2040	131
3018	23	2977	131
729	15	4990	131
1941	6	2009	131
5148	15	5088	131
5348	15	5088	131
253	6	30	131
2020	6	2009	131
2822	9	2529	131
769	1	28	131
629	1	28	131
3130	14	3437	131
415	1	416	131
169	1	173	131
2718	9	2482	131
2119	6	2045	131
2530	14	3712	131
786	15	5088	131
8863	17	5818	131
2822	14	3475	131
4586	14	4587	131
2640	9	2482	131
2131	6	2009	131
776	15	5088	131
3189	12	2040	131
2791	9	2476	131
1912	15	5024	131
5158	15	5088	131
396	6	30	131
2793	9	2476	131
1900	10	3042	131
1057	1	30	131
2663	17	6190	131
3193	12	2155	131
2883	9	2517	131
6108	20	7092	131
2022	6	2123	131
1983	15	5024	131
2693	12	28	131
428	6	405	131
8863	17	5817	131
1417	15	5088	131
2079	6	28	131
85	6	116	131
303	1	416	131
284	6	2040	131
921	1	550	131
636	1	479	131
2539	9	2540	131
2632	9	2476	131
2074	6	405	131
2663	17	5818	131
3187	23	12518	131
2035	6	2009	131
12552	23	12525	131
169	6	405	131
7893	20	6706	131
1970	6	2040	131
2655	9	2482	131
3187	12	2055	131
2903	11	3089	131
205	15	4990	131
832	1	416	131
2011	6	30	131
444	1	405	131
473	6	2040	131
2161	6	2061	131
2632	9	2517	131
771	6	332	131
1057	1	332	131
205	6	30	131
1866	12	170	131
2511	9	2517	131
25	6	28	131
3093	23	12538	131
488	1	30	131
921	1	332	131
2845	9	2518	131
2007	6	2009	131
2	6	332	131
1588	6	332	131
3242	12	115	131
771	6	30	131
1127	1	846	131
2011	6	550	131
629	1	30	131
1947	6	405	131
1979	6	2148	131
114	1	116	131
2077	6	2018	131
8824	23	2977	131
656	6	30	131
1478	1	114	131
921	6	550	131
44	6	332	131
1473	1	114	131
857	15	5088	131
734	15	4977	131
1424	1	479	131
771	6	28	131
2157	6	2120	131
2663	17	5935	131
44	6	550	131
2069	6	2018	131
2511	14	3711	131
1871	12	170	131
9269	20	6706	131
2003	6	332	131
19	6	2009	131
228	6	2040	131
142	6	30	131
2207	12	2155	131
8571	23	12518	131
1860	9	2517	131
8863	17	5816	131
44	1	550	131
3218	12	2018	131
44	6	30	131
3233	23	2977	131
4586	17	5817	131
2993	23	2939	131
2979	10	2924	131
1956	6	2009	131
1588	6	30	131
2153	6	332	131
253	6	28	131
2648	9	2505	131
630	6	332	131
2116	6	2018	131
2003	6	30	131
2046	6	2009	132
2539	9	2482	132
3130	11	3131	132
5238	15	5088	132
2521	9	2482	132
2808	9	2517	132
2644	9	2593	132
199	1	189	132
1851	10	3052	132
2719	10	3016	132
5308	15	5088	132
2718	9	2540	132
2812	9	2517	132
1931	6	116	132
492	1	493	132
3915	14	3916	132
3231	12	29	132
2692	9	2476	132
1851	10	3013	132
811	1	416	132
12	1	14	132
776	1	493	132
2723	9	2517	132
2176	6	2018	132
8957	23	2922	132
2144	6	2009	132
488	1	28	132
3211	12	2120	132
1941	5	1943	132
55	6	30	132
113	6	550	132
4586	17	5818	132
1922	6	2018	132
2142	6	2009	132
5178	15	5088	132
3113	11	3102	132
3237	12	116	132
19	6	2025	132
742	1	748	132
1898	23	2997	132
2773	9	2517	132
2049	6	28	132
3227	12	46	132
1894	23	2920	132
728	1	405	132
2059	6	2018	132
142	6	2044	132
5141	15	5088	132
1525	6	29	132
771	1	629	132
2663	17	5816	132
2530	9	2517	132
1502	1	416	132
610	1	416	132
443	1	416	132
717	1	636	132
473	1	416	132
5133	15	5088	132
831	1	416	132
733	1	731	132
3233	12	2009	132
613	1	416	132
2693	11	3087	132
5252	15	5088	132
1961	6	2009	132
845	1	28	132
2130	6	2009	132
8590	17	6639	132
2080	6	116	132
2811	9	2517	132
846	1	397	132
2605	9	2606	132
28	15	4988	132
2465	14	3495	132
178	6	116	132
3208	12	2120	132
4911	14	4117	132
1644	1	207	132
2530	14	3431	132
3577	14	3437	132
2831	10	2924	132
2845	10	2977	132
188	1	189	132
1133	6	30	132
2867	9	2517	132
5214	15	5088	132
818	1	416	132
3225	12	2155	132
2140	6	2009	132
292	1	120	132
2511	9	2476	132
742	15	4990	132
919	1	921	132
2744	9	2593	132
2131	6	2018	132
1057	1	28	132
1912	6	405	132
2530	14	3711	132
598	6	30	132
8863	17	5935	132
675	6	405	132
812	1	416	132
428	15	5024	132
2589	9	2517	132
8863	17	6190	132
4428	14	3707	132
25	15	5024	132
169	6	402	132
2655	9	2482	132
1363	1	27	132
1959	6	2009	132
480	15	4990	132
2792	9	2578	132
284	1	189	132
2144	6	2018	132
2717	9	2517	132
675	15	4990	132
17	6	30	132
2035	6	2025	132
396	6	28	132
810	1	416	132
310	15	5088	132
253	1	28	132
47	6	28	132
659	1	341	132
3191	12	28	132
630	6	550	132
583	15	5024	132
1975	6	2009	132
2663	17	5817	132
2883	9	2482	132
729	1	731	132
3032	10	2940	132
675	15	5120	132
822	1	416	132
309	15	5088	132
2020	6	2025	132
1588	6	550	132
2073	6	2009	132
2119	6	2120	132
2102	6	2040	132
3186	12	2155	132
25	15	4990	132
578	1	28	132
1110	15	5120	132
2723	9	2482	132
2059	6	2018	132
380	6	28	132
3217	12	28	132
2101	6	2040	132
1983	6	405	132
428	6	402	132
1133	6	592	132
44	5	25	132
5168	15	5088	132
2693	9	2694	132
728	15	4988	132
2719	10	3016	132
1958	6	2009	132
1133	15	4990	132
2867	9	2588	132
2159	6	30	132
734	15	4977	132
800	1	416	132
2135	6	2009	132
3101	11	3102	132
2798	9	2505	132
17	6	2044	132
9293	20	5762	132
205	1	207	132
478	1	479	132
675	1	320	132
759	1	28	132
5160	15	5088	132
492	15	5088	132
597	15	5088	132
478	1	444	132
9420	23	2939	132
2126	6	2009	132
2010	6	2009	132
8812	17	6190	132
2133	6	2040	132
1930	15	4977	132
2138	6	2009	132
3232	12	29	132
1100	6	28	132
2094	6	2040	132
1959	6	2018	132
3018	23	2977	132
729	15	4990	132
1941	6	2009	132
5148	15	5088	132
5348	15	5088	132
2020	6	2009	132
4717	20	6012	132
2822	9	2529	132
769	1	28	132
629	1	28	132
3130	14	3437	132
415	1	416	132
169	1	173	132
2718	9	2482	132
2119	6	2045	132
44	1	550	132
2530	14	3712	132
786	15	5088	132
8863	17	5818	132
2822	14	3475	132
4586	14	4587	132
2640	9	2482	132
2140	6	2018	132
2131	6	2009	132
776	15	5088	132
3189	12	2040	132
2791	9	2476	132
1912	15	5024	132
5158	15	5088	132
2793	9	2476	132
1900	10	3042	132
2663	17	6190	132
3193	12	2155	132
2883	9	2517	132
2126	6	2025	132
2022	6	2123	132
1983	15	5024	132
2693	12	28	132
428	6	405	132
8863	17	5817	132
1417	15	5088	132
2079	6	28	132
85	6	116	132
303	1	416	132
284	6	2040	132
921	1	550	132
636	1	479	132
2539	9	2540	132
2632	9	2476	132
2074	6	405	132
2663	17	5818	132
3187	23	12518	132
2035	6	2009	132
12552	23	12525	132
2530	9	2476	132
169	6	405	132
1970	6	2040	132
2007	6	2018	132
3187	12	2055	132
2903	11	3089	132
205	15	4990	132
832	1	416	132
444	1	405	132
473	6	2040	132
2153	6	550	132
2161	6	2061	132
2632	9	2517	132
2059	6	2060	132
1866	12	170	132
1941	6	2044	132
2511	9	2517	132
25	6	28	132
3093	23	12538	132
2138	6	2018	132
2	6	2018	132
2845	9	2518	132
2007	6	2009	132
1956	6	2040	132
3242	12	115	132
1127	1	846	132
2011	6	550	132
1947	6	405	132
1979	6	2148	132
114	1	116	132
2077	6	2018	132
8824	23	2977	132
1975	6	2025	132
1478	1	114	132
921	6	550	132
1473	1	114	132
857	15	5088	132
734	15	4977	132
1424	1	479	132
771	6	28	132
2157	6	2120	132
2663	17	5935	132
44	6	550	132
2069	6	2018	132
1871	12	170	132
8573	20	7092	132
19	6	2009	132
228	6	2040	132
142	6	30	132
2207	12	2155	132
8571	23	12518	132
2010	6	2018	132
1860	9	2517	132
8863	17	5816	132
44	1	550	132
3218	12	2018	132
3233	23	2977	132
4586	17	5817	132
2993	23	2939	132
2979	10	2924	132
1956	6	2009	132
2153	6	332	132
253	6	28	132
2648	9	2505	132
2140	6	2025	132
19	6	2044	132
2116	6	2018	132
3011	10	3013	133
2539	9	2482	133
3130	11	3131	133
5238	15	5088	133
2521	9	2482	133
2808	9	2517	133
2644	9	2593	133
199	1	189	133
1851	10	3052	133
5308	15	5088	133
2718	9	2540	133
2812	9	2517	133
1931	6	116	133
492	1	493	133
3915	14	3916	133
3231	12	29	133
2692	9	2476	133
1851	10	3013	133
811	1	416	133
12	1	14	133
776	1	493	133
2723	9	2517	133
2176	6	2018	133
8957	23	2922	133
3581	14	3555	133
488	1	28	133
3211	12	2120	133
1941	5	1943	133
55	6	30	133
113	6	550	133
4586	17	5818	133
1922	6	2018	133
5178	15	5088	133
3113	11	3102	133
3237	12	116	133
742	1	748	133
1898	23	2997	133
2773	9	2517	133
2020	6	2018	133
2049	6	28	133
3227	12	46	133
1894	23	2920	133
9074	17	6685	133
142	6	2044	133
5141	15	5088	133
1525	6	29	133
771	1	629	133
2663	17	5816	133
2530	9	2517	133
1502	1	416	133
610	1	416	133
443	1	416	133
717	1	636	133
473	1	416	133
5133	15	5088	133
831	1	416	133
733	1	731	133
613	1	416	133
2693	11	3087	133
5252	15	5088	133
845	1	28	133
2080	6	116	133
2811	9	2517	133
846	1	397	133
2605	9	2606	133
28	15	4988	133
2465	14	3495	133
178	6	116	133
3208	12	2120	133
4911	14	4117	133
1644	1	207	133
2530	14	3431	133
3577	14	3437	133
2831	10	2924	133
921	1	46	133
2845	10	2977	133
188	1	189	133
2867	9	2517	133
5214	15	5088	133
818	1	416	133
3225	12	2155	133
292	1	120	133
2511	9	2476	133
742	15	4990	133
919	1	921	133
2744	9	2593	133
1983	6	402	133
2131	6	2018	133
1057	1	28	133
1912	6	405	133
2530	14	3711	133
113	6	46	133
8863	17	5935	133
675	6	405	133
812	1	416	133
428	15	5024	133
2589	9	2517	133
8863	17	6190	133
4428	14	3707	133
25	15	5024	133
169	6	402	133
2655	9	2482	133
1363	1	27	133
480	15	4990	133
2792	9	2578	133
284	1	189	133
2144	6	2018	133
2717	9	2517	133
675	15	4990	133
1910	14	3707	133
2035	6	2025	133
2011	6	46	133
396	6	28	133
810	1	416	133
310	15	5088	133
253	1	28	133
47	6	28	133
659	1	341	133
3191	12	28	133
2693	17	5948	133
630	6	550	133
583	15	5024	133
2663	17	5817	133
2883	9	2482	133
729	1	731	133
3032	10	2940	133
675	15	5120	133
822	1	416	133
309	15	5088	133
2020	6	2025	133
1588	6	550	133
2663	9	2588	133
2119	6	2120	133
2102	6	2040	133
3186	12	2155	133
25	15	4990	133
578	1	28	133
1110	15	5120	133
2723	9	2482	133
2059	6	2018	133
380	6	28	133
3217	12	28	133
2101	6	2040	133
1983	6	405	133
428	6	402	133
1133	6	592	133
2135	6	2145	133
44	5	25	133
5168	15	5088	133
2693	9	2694	133
44	6	46	133
1133	15	4990	133
9074	17	6403	133
2867	9	2588	133
734	15	4977	133
800	1	416	133
3101	11	3102	133
2798	9	2505	133
17	6	2044	133
675	6	402	133
205	1	207	133
478	1	479	133
675	1	320	133
759	1	28	133
5160	15	5088	133
492	15	5088	133
597	15	5088	133
478	1	444	133
9420	23	2939	133
8812	17	6190	133
2133	6	2040	133
1930	15	4977	133
588	6	2145	133
3232	12	29	133
1100	6	28	133
2094	6	2040	133
3178	11	3087	133
1959	6	2018	133
3018	23	2977	133
729	15	4990	133
5148	15	5088	133
4940	14	4363	133
5348	15	5088	133
1910	14	3971	133
2822	9	2529	133
769	1	28	133
629	1	28	133
415	1	416	133
2718	9	2482	133
2119	6	2045	133
44	1	550	133
2530	14	3712	133
921	6	46	133
786	15	5088	133
8863	17	5818	133
2822	14	3475	133
4586	14	4587	133
9427	20	6780	133
4557	14	3436	133
2640	9	2482	133
2140	6	2018	133
776	15	5088	133
3189	12	2040	133
2791	9	2476	133
1912	15	5024	133
5158	15	5088	133
2793	9	2476	133
1900	10	3042	133
2663	17	6190	133
630	6	46	133
3193	12	2155	133
2883	9	2517	133
2126	6	2025	133
2022	6	2123	133
1983	15	5024	133
4717	20	6012	133
2693	12	28	133
8863	17	5817	133
7893	20	6706	133
1417	15	5088	133
2079	6	28	133
85	6	116	133
303	1	416	133
284	6	2040	133
921	1	550	133
636	1	479	133
2539	9	2540	133
2632	9	2476	133
2074	6	405	133
2663	17	5818	133
3187	23	12518	133
12552	23	12525	133
2530	9	2476	133
1970	6	2040	133
2007	6	2018	133
3187	12	2055	133
2903	11	3089	133
205	15	4990	133
832	1	416	133
473	6	2040	133
4684	14	3707	133
2153	6	550	133
2161	6	2061	133
2632	9	2517	133
2074	6	402	133
1866	12	170	133
1941	6	2044	133
2511	9	2517	133
25	6	28	133
3093	23	12538	133
2138	6	2018	133
2	6	2018	133
2845	9	2518	133
1956	6	2040	133
3242	12	115	133
1127	1	846	133
2011	6	550	133
1979	6	2148	133
114	1	116	133
2077	6	2018	133
8824	23	2977	133
1975	6	2025	133
1478	1	114	133
921	6	550	133
1473	1	114	133
1912	6	402	133
857	15	5088	133
734	15	4977	133
1424	1	479	133
771	6	28	133
2157	6	2120	133
2663	17	5935	133
44	6	550	133
2069	6	2018	133
1871	12	170	133
2135	6	550	133
228	6	2040	133
2207	12	2155	133
8571	23	12518	133
2010	6	2018	133
1860	9	2517	133
8863	17	5816	133
3218	12	2018	133
1588	6	46	133
3233	23	2977	133
44	1	46	133
4586	17	5817	133
2993	23	2939	133
2979	10	2924	133
4805	14	3498	133
253	6	28	133
2648	9	2505	133
19	6	2044	133
2116	6	2018	133
9357	20	6012	133
3011	10	3013	134
2539	9	2482	134
3130	11	3131	134
5238	15	5088	134
2521	9	2482	134
2808	9	2517	134
2644	9	2593	134
199	1	189	134
1851	10	3052	134
5308	15	5088	134
2718	9	2540	134
2812	9	2517	134
1931	6	116	134
492	1	493	134
3915	14	3916	134
3231	12	29	134
2692	9	2476	134
1851	10	3013	134
811	1	416	134
12	1	14	134
776	1	493	134
2723	9	2517	134
2176	6	2018	134
8957	23	2922	134
3581	14	3555	134
488	1	28	134
3211	12	2120	134
1941	5	1943	134
55	6	30	134
4586	17	5818	134
1922	6	2018	134
1588	1	1589	134
5178	15	5088	134
9427	20	6780	134
3113	11	3102	134
3237	12	116	134
742	1	748	134
1898	23	2997	134
2773	9	2517	134
2020	6	2018	134
2049	6	28	134
3227	12	46	134
1894	23	2920	134
142	6	2044	134
5141	15	5088	134
1525	6	29	134
771	1	629	134
2663	17	5816	134
2530	9	2517	134
1502	1	416	134
610	1	416	134
443	1	416	134
717	1	636	134
473	1	416	134
5133	15	5088	134
831	1	416	134
733	1	731	134
613	1	416	134
2693	11	3087	134
5252	15	5088	134
845	1	28	134
2080	6	116	134
2811	9	2517	134
846	1	397	134
2605	9	2606	134
28	15	4988	134
2465	14	3495	134
178	6	116	134
3208	12	2120	134
4911	14	4117	134
1644	1	207	134
2530	14	3431	134
3577	14	3437	134
2831	10	2924	134
921	1	46	134
3205	12	2055	134
10636	22	10637	134
2845	10	2977	134
188	1	189	134
2867	9	2517	134
5214	15	5088	134
818	1	416	134
3225	12	2155	134
292	1	120	134
2511	9	2476	134
742	15	4990	134
919	1	921	134
2744	9	2593	134
1983	6	402	134
2131	6	2018	134
1057	1	28	134
2530	14	3711	134
113	6	46	134
8863	17	5935	134
812	1	416	134
428	15	5024	134
2589	9	2517	134
8863	17	6190	134
4428	14	3707	134
25	15	5024	134
169	6	402	134
2655	9	2482	134
1363	1	27	134
480	15	4990	134
2792	9	2578	134
284	1	189	134
10751	22	9988	134
2144	6	2018	134
2717	9	2517	134
675	15	4990	134
1910	14	3707	134
2011	6	46	134
396	6	28	134
810	1	416	134
310	15	5088	134
253	1	28	134
47	6	28	134
659	1	341	134
3191	12	28	134
1851	10	3012	134
583	15	5024	134
2663	17	5817	134
2883	9	2482	134
729	1	731	134
3032	10	2940	134
3159	23	3012	134
675	15	5120	134
822	1	416	134
309	15	5088	134
2663	9	2588	134
2119	6	2120	134
2102	6	2040	134
3186	12	2155	134
25	15	4990	134
578	1	28	134
1110	15	5120	134
2723	9	2482	134
2059	6	2018	134
380	6	28	134
3217	12	28	134
2101	6	2040	134
428	6	402	134
1133	6	592	134
2135	6	2145	134
44	5	25	134
5168	15	5088	134
44	6	46	134
2798	9	2505	134
1133	15	4990	134
2867	9	2588	134
734	15	4977	134
800	1	416	134
3101	11	3102	134
2798	9	2505	134
17	6	2044	134
675	6	402	134
205	1	207	134
478	1	479	134
675	1	320	134
759	1	28	134
5160	15	5088	134
492	15	5088	134
597	15	5088	134
478	1	444	134
9420	23	2939	134
8812	17	6190	134
2133	6	2040	134
4717	20	6012	134
1930	15	4977	134
588	6	2145	134
3232	12	29	134
1100	6	28	134
2094	6	2040	134
3178	11	3087	134
1959	6	2018	134
3018	23	2977	134
729	15	4990	134
5148	15	5088	134
5348	15	5088	134
1910	14	3971	134
2822	9	2529	134
769	1	28	134
629	1	28	134
415	1	416	134
6524	17	6068	134
2718	9	2482	134
2119	6	2045	134
2530	14	3712	134
3178	17	5948	134
921	6	46	134
8825	17	5817	134
786	15	5088	134
8863	17	5818	134
2822	14	3475	134
4586	14	4587	134
2719	10	3014	134
4557	14	3436	134
2640	9	2482	134
2140	6	2018	134
776	15	5088	134
3189	12	2040	134
2791	9	2476	134
1912	15	5024	134
5158	15	5088	134
2793	9	2476	134
1900	10	3042	134
8438	20	6780	134
2663	17	6190	134
630	6	46	134
3193	12	2155	134
2883	9	2517	134
2022	6	2123	134
1983	15	5024	134
2693	12	28	134
8863	17	5817	134
1417	15	5088	134
2079	6	28	134
85	6	116	134
303	1	416	134
284	6	2040	134
636	1	479	134
4586	14	3475	134
2539	9	2540	134
2632	9	2476	134
2663	17	5818	134
3187	23	12518	134
12552	23	12525	134
4940	14	4342	134
2530	9	2476	134
1970	6	2040	134
2007	6	2018	134
3187	12	2055	134
4940	14	4342	134
2903	11	3089	134
205	15	4990	134
2693	9	2694	134
832	1	416	134
9272	20	6706	134
473	6	2040	134
4684	14	3707	134
2153	6	550	134
2161	6	2061	134
2632	9	2517	134
2074	6	402	134
1866	12	170	134
7893	20	6706	134
1941	6	2044	134
3011	10	3012	134
2511	9	2517	134
25	6	28	134
3093	23	12538	134
2138	6	2018	134
2	6	2018	134
2845	9	2518	134
1956	6	2040	134
3242	12	115	134
1127	1	846	134
2903	12	170	134
1979	6	2148	134
114	1	116	134
2077	6	2018	134
8824	23	2977	134
588	6	589	134
1478	1	114	134
1473	1	114	134
1912	6	402	134
857	15	5088	134
734	15	4977	134
1424	1	479	134
771	6	28	134
2157	6	2120	134
2663	17	5935	134
2069	6	2018	134
1871	12	170	134
228	6	2040	134
2207	12	2155	134
8571	23	12518	134
2010	6	2018	134
1860	9	2517	134
8863	17	5816	134
3218	12	2018	134
1588	6	46	134
3233	23	2977	134
44	1	46	134
4586	17	5817	134
4717	17	6012	134
2993	23	2939	134
2979	10	2924	134
1851	10	2997	134
4805	14	3498	134
253	6	28	134
2648	9	2505	134
19	6	2044	134
2116	6	2018	134
2539	9	2482	135
3130	11	3131	135
5238	15	5088	135
2521	9	2482	135
2808	9	2517	135
2644	9	2593	135
199	1	189	135
5308	15	5088	135
2718	9	2540	135
2812	9	2517	135
1931	6	116	135
492	1	493	135
5108	15	5088	135
3915	14	3916	135
3231	12	29	135
2692	9	2476	135
811	1	416	135
12	1	14	135
776	1	493	135
2723	9	2517	135
2176	6	2018	135
8957	23	2922	135
3581	14	3555	135
488	1	28	135
3211	12	2120	135
1941	5	1943	135
55	6	30	135
4586	17	5818	135
1922	6	2018	135
1588	1	1589	135
5178	15	5088	135
3113	11	3102	135
3237	12	116	135
742	1	748	135
1898	23	2997	135
2773	9	2517	135
2020	6	2018	135
2049	6	28	135
3227	12	46	135
1894	23	2920	135
142	6	2044	135
5141	15	5088	135
1525	6	29	135
771	1	629	135
2663	17	5816	135
2530	9	2517	135
1502	1	416	135
610	1	416	135
443	1	416	135
717	1	636	135
473	1	416	135
5133	15	5088	135
831	1	416	135
733	1	731	135
613	1	416	135
2693	11	3087	135
5252	15	5088	135
845	1	28	135
2080	6	116	135
2811	9	2517	135
7446	20	6780	135
846	1	397	135
2605	9	2606	135
28	15	4988	135
1592	6	2145	135
2465	14	3495	135
178	6	116	135
3208	12	2120	135
4911	14	4117	135
1644	1	207	135
2530	14	3431	135
3577	14	3437	135
2831	10	2924	135
921	1	46	135
742	1	743	135
3205	12	2055	135
4775	14	3496	135
10636	22	10637	135
2845	10	2977	135
188	1	189	135
2867	9	2517	135
55	6	29	135
5214	15	5088	135
818	1	416	135
3225	12	2155	135
292	1	120	135
2511	9	2476	135
742	15	4990	135
919	1	921	135
2744	9	2593	135
1983	6	402	135
2131	6	2018	135
1057	1	28	135
7893	20	6706	135
113	6	46	135
8863	17	5935	135
812	1	416	135
8438	20	6780	135
428	15	5024	135
2589	9	2517	135
8863	17	6190	135
4428	14	3707	135
25	15	5024	135
169	6	402	135
2655	9	2482	135
1363	1	27	135
480	15	4990	135
2792	9	2578	135
284	1	189	135
10751	22	9988	135
2144	6	2018	135
2717	9	2517	135
675	15	4990	135
4940	14	3426	135
1910	14	3707	135
2011	6	46	135
396	6	28	135
810	1	416	135
310	15	5088	135
47	6	28	135
659	1	341	135
3191	12	28	135
1851	10	3012	135
583	15	5024	135
2663	17	5817	135
2883	9	2482	135
729	1	731	135
3032	10	2940	135
3159	23	3012	135
675	15	5120	135
822	1	416	135
309	15	5088	135
2663	9	2588	135
2119	6	2120	135
2102	6	2040	135
3186	12	2155	135
25	15	4990	135
578	1	28	135
1110	15	5120	135
2723	9	2482	135
2059	6	2018	135
380	6	28	135
3217	12	28	135
2101	6	2040	135
428	6	402	135
1133	6	592	135
2135	6	2145	135
44	5	25	135
5168	15	5088	135
44	6	46	135
2798	9	2505	135
1133	15	4990	135
2867	9	2588	135
734	15	4977	135
800	1	416	135
3101	11	3102	135
17	6	2044	135
675	6	402	135
205	1	207	135
478	1	479	135
675	1	320	135
759	1	28	135
5160	15	5088	135
492	15	5088	135
4940	14	3428	135
597	15	5088	135
478	1	444	135
9420	23	2939	135
8812	17	6190	135
2133	6	2040	135
1930	15	4977	135
3232	12	29	135
1100	6	28	135
4940	14	3430	135
2094	6	2040	135
3178	11	3087	135
1959	6	2018	135
3018	23	2977	135
729	15	4990	135
5148	15	5088	135
5348	15	5088	135
2822	9	2529	135
769	1	28	135
629	1	28	135
415	1	416	135
2718	9	2482	135
2119	6	2045	135
9427	20	6780	135
921	6	46	135
786	15	5088	135
8863	17	5818	135
2822	14	3475	135
4586	14	4587	135
2719	10	3014	135
2640	9	2482	135
2140	6	2018	135
7446	17	7197	135
776	15	5088	135
3189	12	2040	135
2791	9	2476	135
1912	15	5024	135
5158	15	5088	135
2793	9	2476	135
1900	10	3042	135
2663	17	6190	135
630	6	46	135
3193	12	2155	135
2883	9	2517	135
2022	6	2123	135
1983	15	5024	135
4630	17	6059	135
2693	12	28	135
8863	17	5817	135
1417	15	5088	135
2079	6	28	135
85	6	116	135
303	1	416	135
284	6	2040	135
636	1	479	135
4586	14	3475	135
2539	9	2540	135
2632	9	2476	135
2663	17	5818	135
3187	23	12518	135
12552	23	12525	135
4940	14	4342	135
2530	9	2476	135
1970	6	2040	135
2007	6	2018	135
3187	12	2055	135
2903	11	3089	135
205	15	4990	135
2693	9	2694	135
832	1	416	135
473	6	2040	135
4684	14	3707	135
2153	6	550	135
2632	9	2517	135
2074	6	402	135
1866	12	170	135
1941	6	2044	135
3011	10	3012	135
2511	9	2517	135
25	6	28	135
3093	23	12538	135
2138	6	2018	135
2	6	2018	135
4940	14	3427	135
2845	9	2518	135
1956	6	2040	135
3242	12	115	135
1127	1	846	135
2903	12	170	135
1979	6	2148	135
114	1	116	135
2077	6	2018	135
7525	17	6267	135
8824	23	2977	135
588	6	589	135
1478	1	114	135
1473	1	114	135
3178	17	5948	135
1912	6	402	135
857	15	5088	135
734	15	4977	135
1424	1	479	135
771	6	28	135
2157	6	2120	135
2663	17	5935	135
2069	6	2018	135
1871	12	170	135
1910	14	3971	135
2465	14	3415	135
228	6	2040	135
2207	12	2155	135
8571	23	12518	135
2010	6	2018	135
1860	9	2517	135
8863	17	5816	135
3218	12	2018	135
1588	6	46	135
3233	23	2977	135
44	1	46	135
4586	17	5817	135
2993	23	2939	135
2979	10	2924	135
1851	10	2997	135
4805	14	3498	135
253	6	28	135
2648	9	2505	135
19	6	2044	135
2116	6	2018	135
2539	9	2482	136
3130	11	3131	136
5238	15	5088	136
2521	9	2482	136
2808	9	2517	136
2015	6	115	136
2644	9	2593	136
199	1	189	136
2693	14	3468	136
5308	15	5088	136
2718	9	2540	136
2812	9	2517	136
1931	6	116	136
492	1	493	136
5108	15	5088	136
3915	14	3916	136
3231	12	29	136
2692	9	2476	136
811	1	416	136
12	1	14	136
776	1	493	136
2723	9	2517	136
2176	6	2018	136
8957	23	2922	136
3581	14	3555	136
488	1	28	136
3211	12	2120	136
1941	5	1943	136
4586	17	5818	136
1922	6	2018	136
1588	1	1589	136
5178	15	5088	136
3113	11	3102	136
3237	12	116	136
1898	23	2997	136
2773	9	2517	136
2020	6	2018	136
2049	6	28	136
3227	12	46	136
1894	23	2920	136
630	6	29	136
142	6	2044	136
5141	15	5088	136
1525	6	29	136
771	1	629	136
2663	17	5816	136
2530	9	2517	136
1502	1	416	136
610	1	416	136
443	1	416	136
2080	6	115	136
717	1	636	136
473	1	416	136
5133	15	5088	136
831	1	416	136
733	1	731	136
613	1	416	136
9427	20	6780	136
2693	11	3087	136
5252	15	5088	136
8438	20	6780	136
44	6	29	136
845	1	28	136
113	6	29	136
2080	6	116	136
2811	9	2517	136
846	1	397	136
2605	9	2606	136
28	15	4988	136
1592	6	2145	136
178	6	116	136
7525	17	6242	136
3208	12	2120	136
4911	14	4117	136
1644	1	207	136
2530	14	3431	136
3577	14	3437	136
2831	10	2924	136
921	1	46	136
742	1	743	136
3205	12	2055	136
4775	14	3496	136
10636	22	10637	136
2845	10	2977	136
188	1	189	136
2867	9	2517	136
1865	20	6706	136
55	6	29	136
5214	15	5088	136
818	1	416	136
3225	12	2155	136
3130	14	3437	136
178	6	115	136
292	1	120	136
2511	9	2476	136
742	15	4990	136
919	1	921	136
2744	9	2593	136
1983	6	402	136
2131	6	2018	136
1057	1	28	136
113	6	46	136
8863	17	5935	136
812	1	416	136
588	6	589	136
428	15	5024	136
2589	9	2517	136
8863	17	6190	136
4428	14	3707	136
25	15	5024	136
28	6	29	136
169	6	402	136
2655	9	2482	136
1363	1	27	136
480	15	4990	136
2792	9	2578	136
284	1	189	136
10751	22	9988	136
2144	6	2018	136
742	1	748	136
2717	9	2517	136
675	15	4990	136
28	9	29	136
4940	14	3426	136
1910	14	3707	136
1588	6	29	136
2011	6	46	136
396	6	28	136
810	1	416	136
310	15	5088	136
47	6	28	136
659	1	341	136
3191	12	28	136
1851	10	3012	136
583	15	5024	136
2663	17	5817	136
2883	9	2482	136
729	1	731	136
3032	10	2940	136
3159	23	3012	136
675	15	5120	136
6108	17	6110	136
822	1	416	136
380	6	29	136
309	15	5088	136
2663	9	2588	136
2119	6	2120	136
2102	6	2040	136
3186	12	2155	136
25	15	4990	136
578	1	28	136
1110	15	5120	136
2723	9	2482	136
2059	6	2018	136
380	6	28	136
3217	12	28	136
2101	6	2040	136
428	6	402	136
1133	6	592	136
2135	6	2145	136
44	5	25	136
5168	15	5088	136
396	6	29	136
44	6	46	136
2798	9	2505	136
3191	12	29	136
1133	15	4990	136
2867	9	2588	136
734	15	4977	136
800	1	416	136
3101	11	3102	136
17	6	2044	136
675	6	402	136
205	1	207	136
478	1	479	136
675	1	320	136
759	1	28	136
5160	15	5088	136
492	15	5088	136
597	15	5088	136
478	1	444	136
9420	23	2939	136
921	6	29	136
8812	17	6190	136
2133	6	2040	136
1930	15	4977	136
3232	12	29	136
1100	6	28	136
2094	6	2040	136
8767	20	7092	136
3178	11	3087	136
1959	6	2018	136
3018	23	2977	136
729	15	4990	136
5148	15	5088	136
5348	15	5088	136
28	1	29	136
2822	9	2529	136
769	1	28	136
629	1	28	136
415	1	416	136
2718	9	2482	136
2119	6	2045	136
921	6	46	136
786	15	5088	136
8863	17	5818	136
2822	14	3475	136
4586	14	4587	136
2719	10	3014	136
2640	9	2482	136
2140	6	2018	136
776	15	5088	136
3189	12	2040	136
2791	9	2476	136
1912	15	5024	136
5158	15	5088	136
2793	9	2476	136
1900	10	3042	136
2663	17	6190	136
630	6	46	136
3193	12	2155	136
2883	9	2517	136
2022	6	2123	136
1983	15	5024	136
2693	12	28	136
8863	17	5817	136
1417	15	5088	136
2079	6	28	136
85	6	116	136
303	1	416	136
284	6	2040	136
1910	14	4329	136
636	1	479	136
4586	14	3475	136
2539	9	2540	136
2632	9	2476	136
2663	17	5818	136
3187	23	12518	136
12552	23	12525	136
2011	6	29	136
2530	9	2476	136
1970	6	2040	136
2007	6	2018	136
3187	12	2055	136
2903	11	3089	136
205	15	4990	136
2693	9	2694	136
85	6	115	136
832	1	416	136
473	6	2040	136
4684	14	3707	136
2632	9	2517	136
2465	20	6012	136
2074	6	402	136
1866	12	170	136
1941	6	2044	136
3011	10	3012	136
2511	9	2517	136
7446	20	6780	136
25	6	28	136
3093	23	12538	136
1900	10	3043	136
2138	6	2018	136
2	6	2018	136
4940	14	3427	136
2845	9	2518	136
1956	6	2040	136
47	6	29	136
3242	12	115	136
1127	1	846	136
2903	12	170	136
1979	6	2148	136
114	1	116	136
2077	6	2018	136
1931	6	115	136
8824	23	2977	136
588	6	589	136
1478	1	114	136
25	6	29	136
1473	1	114	136
1912	6	402	136
857	15	5088	136
734	15	4977	136
1424	1	479	136
771	6	28	136
2157	6	2120	136
2663	17	5935	136
7000	17	5948	136
771	6	29	136
2069	6	2018	136
2927	10	2929	136
1871	12	170	136
1910	14	3971	136
2465	14	3415	136
228	6	2040	136
2207	12	2155	136
8571	23	12518	136
2010	6	2018	136
1860	9	2517	136
8863	17	5816	136
3218	12	2018	136
1588	6	46	136
3233	23	2977	136
44	1	46	136
4586	17	5817	136
2993	23	2939	136
2979	10	2924	136
1851	10	2997	136
4805	14	3498	136
253	6	28	136
2648	9	2505	136
114	1	115	136
19	6	2044	136
2116	6	2018	136
2539	9	2482	137
3130	11	3131	137
5238	15	5088	137
2521	9	2482	137
2808	9	2517	137
2015	6	115	137
2644	9	2593	137
199	1	189	137
2693	14	3468	137
5308	15	5088	137
2718	9	2540	137
2812	9	2517	137
492	1	493	137
5108	15	5088	137
3915	14	3916	137
3231	12	29	137
2692	9	2476	137
811	1	416	137
12	1	14	137
776	1	493	137
2723	9	2517	137
2176	6	2018	137
8957	23	2922	137
488	1	28	137
3211	12	2120	137
1941	5	1943	137
4586	17	5818	137
1922	6	2018	137
5178	15	5088	137
3113	11	3102	137
3237	12	116	137
1898	23	2997	137
2773	9	2517	137
2020	6	2018	137
2049	6	28	137
1894	23	2920	137
630	6	29	137
142	6	2044	137
5141	15	5088	137
1525	6	29	137
771	1	629	137
2663	17	5816	137
2530	9	2517	137
1502	1	416	137
610	1	416	137
443	1	416	137
2080	6	115	137
717	1	636	137
473	1	416	137
5133	15	5088	137
831	1	416	137
733	1	731	137
613	1	416	137
2693	11	3087	137
5252	15	5088	137
44	6	29	137
845	1	28	137
113	6	29	137
2811	9	2517	137
846	1	397	137
2979	17	5817	137
2605	9	2606	137
1592	6	2145	137
2465	20	6012	137
3208	12	2120	137
4911	14	4117	137
1644	1	207	137
2530	14	3431	137
3577	14	3437	137
2831	10	2924	137
921	1	46	137
3205	12	2055	137
10751	22	2157	137
4775	14	3496	137
10636	22	10637	137
2845	10	2977	137
188	1	189	137
2867	9	2517	137
55	6	29	137
5214	15	5088	137
818	1	416	137
3225	12	2155	137
3130	14	3437	137
178	6	115	137
292	1	120	137
2511	9	2476	137
742	15	4990	137
919	1	921	137
2744	9	2593	137
1983	6	402	137
2131	6	2018	137
1057	1	28	137
8863	17	5935	137
812	1	416	137
588	6	589	137
428	15	5024	137
2589	9	2517	137
8863	17	6190	137
4428	14	3707	137
25	15	5024	137
28	6	29	137
169	6	402	137
2655	9	2482	137
1363	1	27	137
480	15	4990	137
2792	9	2578	137
284	1	189	137
10751	22	9988	137
2144	6	2018	137
742	1	748	137
2717	9	2517	137
675	15	4990	137
28	9	29	137
1910	14	3707	137
1588	6	29	137
3490	14	3439	137
810	1	416	137
310	15	5088	137
659	1	341	137
1851	10	3012	137
583	15	5024	137
2663	17	5817	137
2883	9	2482	137
729	1	731	137
3032	10	2940	137
3159	23	3012	137
675	15	5120	137
822	1	416	137
380	6	29	137
309	15	5088	137
8438	20	6780	137
2663	9	2588	137
2119	6	2120	137
2102	6	2040	137
3186	12	2155	137
25	15	4990	137
578	1	28	137
1110	15	5120	137
2723	9	2482	137
2059	6	2018	137
2101	6	2040	137
428	6	402	137
1133	6	592	137
2135	6	2145	137
44	5	25	137
5168	15	5088	137
396	6	29	137
2798	9	2505	137
3191	12	29	137
1133	15	4990	137
2867	9	2588	137
734	15	4977	137
800	1	416	137
3101	11	3102	137
17	6	2044	137
675	6	402	137
205	1	207	137
478	1	479	137
675	1	320	137
759	1	28	137
5160	15	5088	137
492	15	5088	137
9269	20	6706	137
597	15	5088	137
478	1	444	137
9420	23	2939	137
921	6	29	137
8812	17	6190	137
2133	6	2040	137
1930	15	4977	137
3232	12	29	137
1100	6	28	137
2094	6	2040	137
3178	11	3087	137
1959	6	2018	137
3018	23	2977	137
729	15	4990	137
5148	15	5088	137
5348	15	5088	137
28	1	29	137
2822	9	2529	137
769	1	28	137
629	1	28	137
415	1	416	137
2718	9	2482	137
2119	6	2045	137
786	15	5088	137
8863	17	5818	137
2822	14	3475	137
4586	14	4587	137
2719	10	3014	137
2640	9	2482	137
2140	6	2018	137
776	15	5088	137
3189	12	2040	137
2791	9	2476	137
1912	15	5024	137
5158	15	5088	137
2793	9	2476	137
9427	20	6780	137
2663	17	6190	137
3193	12	2155	137
2883	9	2517	137
2022	6	2123	137
1983	15	5024	137
8863	17	5817	137
1417	15	5088	137
2079	6	28	137
303	1	416	137
284	6	2040	137
1910	14	4329	137
636	1	479	137
2539	9	2540	137
2632	9	2476	137
2663	17	5818	137
3187	23	12518	137
12552	23	12525	137
2011	6	29	137
2530	9	2476	137
1970	6	2040	137
2007	6	2018	137
3187	12	2055	137
2903	11	3089	137
205	15	4990	137
2655	20	7092	137
85	6	115	137
832	1	416	137
473	6	2040	137
4684	14	3707	137
2632	9	2517	137
8759	20	6706	137
2074	6	402	137
1866	12	170	137
1941	6	2044	137
3011	10	3012	137
2511	9	2517	137
3093	23	12538	137
1900	10	3043	137
2138	6	2018	137
2	6	2018	137
2845	9	2518	137
1956	6	2040	137
47	6	29	137
3242	12	115	137
1127	1	846	137
7446	20	6780	137
2903	12	170	137
1979	6	2148	137
9074	17	6491	137
2077	6	2018	137
1931	6	115	137
8824	23	2977	137
1478	1	114	137
25	6	29	137
1473	1	114	137
1912	6	402	137
857	15	5088	137
4582	14	3793	137
734	15	4977	137
1424	1	479	137
2157	6	2120	137
2663	17	5935	137
771	6	29	137
2069	6	2018	137
2927	10	2929	137
1871	12	170	137
2465	14	3415	137
228	6	2040	137
2207	12	2155	137
8571	23	12518	137
2010	6	2018	137
1860	9	2517	137
8863	17	5816	137
3218	12	2018	137
3233	23	2977	137
44	1	46	137
4586	17	5817	137
2993	23	2939	137
2979	10	2924	137
1851	10	2997	137
4805	14	3498	137
253	6	28	137
2648	9	2505	137
114	1	115	137
19	6	2044	137
2116	6	2018	137
2539	9	2482	138
3130	11	3131	138
5238	15	5088	138
2521	9	2482	138
2808	9	2517	138
2015	6	115	138
2644	9	2593	138
199	1	189	138
2693	14	3468	138
5308	15	5088	138
2718	9	2540	138
2812	9	2517	138
492	1	493	138
5108	15	5088	138
3915	14	3916	138
3231	12	29	138
2692	9	2476	138
811	1	416	138
12	1	14	138
776	1	493	138
2723	9	2517	138
2176	6	2018	138
8957	23	2922	138
488	1	28	138
3211	12	2120	138
1941	5	1943	138
4586	17	5818	138
1922	6	2018	138
5178	15	5088	138
3490	14	3491	138
3113	11	3102	138
3237	12	116	138
1898	23	2997	138
2773	9	2517	138
2020	6	2018	138
2049	6	28	138
1894	23	2920	138
630	6	29	138
142	6	2044	138
5141	15	5088	138
1525	6	29	138
771	1	629	138
2663	17	5816	138
2530	9	2517	138
1502	1	416	138
610	1	416	138
443	1	416	138
2080	6	115	138
717	1	636	138
473	1	416	138
5133	15	5088	138
831	1	416	138
733	1	731	138
613	1	416	138
2693	11	3087	138
5252	15	5088	138
44	6	29	138
845	1	28	138
113	6	29	138
2811	9	2517	138
846	1	397	138
2605	9	2606	138
1592	6	2145	138
3208	12	2120	138
4911	14	4117	138
1644	1	207	138
2530	14	3431	138
3577	14	3437	138
2831	10	2924	138
921	1	46	138
3205	12	2055	138
10751	22	2157	138
4775	14	3496	138
10636	22	10637	138
2845	10	2977	138
9427	20	6780	138
188	1	189	138
2867	9	2517	138
55	6	29	138
5214	15	5088	138
818	1	416	138
3225	12	2155	138
3130	14	3437	138
178	6	115	138
292	1	120	138
2511	9	2476	138
742	15	4990	138
919	1	921	138
2744	9	2593	138
1983	6	402	138
2131	6	2018	138
1057	1	28	138
8863	17	5935	138
812	1	416	138
588	6	589	138
428	15	5024	138
2589	9	2517	138
8863	17	6190	138
4428	14	3707	138
25	15	5024	138
28	6	29	138
169	6	402	138
2655	9	2482	138
1363	1	27	138
480	15	4990	138
2792	9	2578	138
284	1	189	138
2144	6	2018	138
742	1	748	138
2717	9	2517	138
675	15	4990	138
28	9	29	138
1910	14	3707	138
1588	6	29	138
3490	14	3439	138
810	1	416	138
310	15	5088	138
659	1	341	138
1851	10	3012	138
583	15	5024	138
2663	17	5817	138
2883	9	2482	138
729	1	731	138
3032	10	2940	138
3159	23	3012	138
8759	20	6706	138
675	15	5120	138
822	1	416	138
380	6	29	138
309	15	5088	138
2663	9	2588	138
2119	6	2120	138
2102	6	2040	138
3186	12	2155	138
25	15	4990	138
578	1	28	138
1110	15	5120	138
2723	9	2482	138
2059	6	2018	138
2101	6	2040	138
428	6	402	138
1133	6	592	138
2135	6	2145	138
44	5	25	138
5168	15	5088	138
396	6	29	138
2798	9	2505	138
3191	12	29	138
1133	15	4990	138
2867	9	2588	138
734	15	4977	138
800	1	416	138
1567	1	590	138
3101	11	3102	138
17	6	2044	138
675	6	402	138
205	1	207	138
478	1	479	138
675	1	320	138
759	1	28	138
5160	15	5088	138
492	15	5088	138
597	15	5088	138
478	1	444	138
9420	23	2939	138
921	6	29	138
8812	17	6190	138
2133	6	2040	138
1930	15	4977	138
3232	12	29	138
1100	6	28	138
2094	6	2040	138
3178	11	3087	138
1959	6	2018	138
3018	23	2977	138
9012	17	6190	138
4886	14	3648	138
729	15	4990	138
5148	15	5088	138
5348	15	5088	138
28	1	29	138
2822	9	2529	138
769	1	28	138
629	1	28	138
415	1	416	138
2718	9	2482	138
2119	6	2045	138
786	15	5088	138
8863	17	5818	138
2822	14	3475	138
4586	14	4587	138
2719	10	3014	138
8438	20	6780	138
2640	9	2482	138
2140	6	2018	138
776	15	5088	138
3189	12	2040	138
2791	9	2476	138
1912	15	5024	138
5158	15	5088	138
2793	9	2476	138
4582	14	3793	138
2663	17	6190	138
3193	12	2155	138
2883	9	2517	138
2022	6	2123	138
1983	15	5024	138
8863	17	5817	138
1417	15	5088	138
2079	6	28	138
303	1	416	138
284	6	2040	138
1910	14	4329	138
636	1	479	138
2539	9	2540	138
2632	9	2476	138
2655	20	7092	138
2663	17	5818	138
3187	23	12518	138
12552	23	12525	138
2011	6	29	138
2530	9	2476	138
7446	20	6780	138
1970	6	2040	138
2007	6	2018	138
3187	12	2055	138
2903	11	3089	138
205	15	4990	138
85	6	115	138
832	1	416	138
588	1	590	138
473	6	2040	138
4684	14	3707	138
2632	9	2517	138
2074	6	402	138
1866	12	170	138
1941	6	2044	138
3011	10	3012	138
2511	9	2517	138
3093	23	12538	138
1900	10	3043	138
2138	6	2018	138
2	6	2018	138
2845	9	2518	138
1956	6	2040	138
47	6	29	138
3242	12	115	138
1127	1	846	138
2903	12	170	138
1979	6	2148	138
2077	6	2018	138
1931	6	115	138
8824	23	2977	138
1478	1	114	138
1644	15	5088	138
25	6	29	138
1473	1	114	138
1912	6	402	138
857	15	5088	138
4582	14	3793	138
734	15	4977	138
1424	1	479	138
2157	6	2120	138
2663	17	5935	138
771	6	29	138
2069	6	2018	138
2927	10	2929	138
1871	12	170	138
6929	20	6706	138
10636	22	9538	138
228	6	2040	138
2207	12	2155	138
8571	23	12518	138
2010	6	2018	138
1860	9	2517	138
8863	17	5816	138
3218	12	2018	138
3233	23	2977	138
44	1	46	138
4586	17	5817	138
2993	23	2939	138
2979	10	2924	138
1851	10	2997	138
3233	23	12521	138
4805	14	3498	138
253	6	28	138
2648	9	2505	138
114	1	115	138
19	6	2044	138
2116	6	2018	138
2539	9	2482	139
3130	11	3131	139
5238	15	5088	139
2521	9	2482	139
2808	9	2517	139
2015	6	115	139
2644	9	2593	139
199	1	189	139
2693	14	3468	139
5308	15	5088	139
2718	9	2540	139
2812	9	2517	139
2640	9	2482	139
492	1	493	139
5108	15	5088	139
3915	14	3916	139
3231	12	29	139
2692	9	2476	139
811	1	416	139
12	1	14	139
776	1	493	139
9269	20	6706	139
2723	9	2517	139
2176	6	2018	139
8957	23	2922	139
488	1	28	139
3211	12	2120	139
1941	5	1943	139
4586	17	5818	139
9423	20	6780	139
1922	6	2018	139
829	15	5088	139
5178	15	5088	139
3490	14	3491	139
3113	11	3102	139
8759	20	6706	139
3237	12	116	139
1898	23	2997	139
2773	9	2517	139
6108	20	7092	139
2020	6	2018	139
2049	6	28	139
1894	23	2920	139
630	6	29	139
142	6	2044	139
5141	15	5088	139
1525	6	29	139
771	1	629	139
2663	17	5816	139
2530	9	2517	139
1502	1	416	139
801	15	5088	139
610	1	416	139
443	1	416	139
2080	6	115	139
717	1	636	139
473	1	416	139
5133	15	5088	139
831	1	416	139
733	1	731	139
613	1	416	139
2693	11	3087	139
5252	15	5088	139
44	6	29	139
845	1	28	139
113	6	29	139
7933	17	7064	139
2811	9	2517	139
7446	17	7126	139
846	1	397	139
8195	20	7092	139
2605	9	2606	139
6929	20	6706	139
1592	6	2145	139
3208	12	2120	139
4911	14	4117	139
1644	1	207	139
2530	14	3431	139
3577	14	3437	139
2831	10	2924	139
921	1	46	139
3205	12	2055	139
10751	22	2157	139
4775	14	3496	139
10636	22	10637	139
2845	10	2977	139
188	1	189	139
2867	9	2517	139
55	6	29	139
5214	15	5088	139
818	1	416	139
3225	12	2155	139
3130	14	3437	139
178	6	115	139
292	1	120	139
2511	9	2476	139
6876	20	6706	139
742	15	4990	139
919	1	921	139
2744	9	2593	139
1983	6	402	139
2131	6	2018	139
1057	1	28	139
8863	17	5935	139
812	1	416	139
588	6	589	139
428	15	5024	139
2589	9	2517	139
8863	17	6190	139
4428	14	3707	139
25	15	5024	139
28	6	29	139
169	6	402	139
2655	9	2482	139
1363	1	27	139
480	15	4990	139
2792	9	2578	139
284	1	189	139
2144	6	2018	139
742	1	748	139
2717	9	2517	139
675	15	4990	139
28	9	29	139
1910	14	3707	139
1588	6	29	139
810	1	416	139
310	15	5088	139
659	1	341	139
1851	10	3012	139
583	15	5024	139
2663	17	5817	139
2883	9	2482	139
729	1	731	139
3032	10	2940	139
3159	23	3012	139
675	15	5120	139
822	1	416	139
380	6	29	139
309	15	5088	139
2663	9	2588	139
2119	6	2120	139
2102	6	2040	139
3186	12	2155	139
25	15	4990	139
578	1	28	139
1110	15	5120	139
2723	9	2482	139
2059	6	2018	139
2101	6	2040	139
428	6	402	139
1133	6	592	139
2135	6	2145	139
44	5	25	139
5168	15	5088	139
396	6	29	139
3061	10	3043	139
2798	9	2505	139
3191	12	29	139
1133	15	4990	139
2867	9	2588	139
734	15	4977	139
800	1	416	139
1567	1	590	139
3101	11	3102	139
17	6	2044	139
675	6	402	139
205	1	207	139
478	1	479	139
675	1	320	139
759	1	28	139
5160	15	5088	139
492	15	5088	139
597	15	5088	139
478	1	444	139
9420	23	2939	139
2927	10	2932	139
921	6	29	139
8812	17	6190	139
2133	6	2040	139
1930	15	4977	139
3232	12	29	139
1100	6	28	139
2094	6	2040	139
3178	11	3087	139
1959	6	2018	139
3018	23	2977	139
4886	14	3648	139
729	15	4990	139
5148	15	5088	139
5348	15	5088	139
28	1	29	139
2822	9	2529	139
769	1	28	139
629	1	28	139
415	1	416	139
2718	9	2482	139
2119	6	2045	139
4636	14	3835	139
786	15	5088	139
8863	17	5818	139
2822	14	3475	139
4586	14	4587	139
2719	10	3014	139
2640	9	2482	139
2140	6	2018	139
776	15	5088	139
3189	12	2040	139
2791	9	2476	139
1912	15	5024	139
5158	15	5088	139
2793	9	2476	139
4582	14	3793	139
4636	17	6012	139
2663	17	6190	139
3193	12	2155	139
9423	20	6706	139
2883	9	2517	139
2022	6	2123	139
1983	15	5024	139
7893	20	6706	139
8863	17	5817	139
3071	10	3072	139
1417	15	5088	139
2079	6	28	139
303	1	416	139
284	6	2040	139
636	1	479	139
2539	9	2540	139
2632	9	2476	139
2663	17	5818	139
3187	23	12518	139
12552	23	12525	139
2011	6	29	139
2530	9	2476	139
1970	6	2040	139
2007	6	2018	139
3187	12	2055	139
2903	11	3089	139
205	15	4990	139
85	6	115	139
832	1	416	139
588	1	590	139
473	6	2040	139
2792	14	3711	139
2632	9	2517	139
4586	17	5816	139
2074	6	402	139
1866	12	170	139
1941	6	2044	139
3011	10	3012	139
2511	9	2517	139
3093	23	12538	139
1900	10	3043	139
2138	6	2018	139
2	6	2018	139
2845	9	2518	139
1956	6	2040	139
47	6	29	139
3242	12	115	139
1127	1	846	139
2903	12	170	139
8438	20	6780	139
1979	6	2148	139
2077	6	2018	139
1931	6	115	139
8824	23	2977	139
1478	1	114	139
1644	15	5088	139
25	6	29	139
1473	1	114	139
1912	6	402	139
857	15	5088	139
734	15	4977	139
1424	1	479	139
2157	6	2120	139
2663	17	5935	139
771	6	29	139
2069	6	2018	139
2927	10	2929	139
1871	12	170	139
9427	20	6780	139
10636	22	9538	139
228	6	2040	139
2207	12	2155	139
8571	23	12518	139
2010	6	2018	139
1860	9	2517	139
8863	17	5816	139
3218	12	2018	139
3233	23	2977	139
44	1	46	139
4586	17	5817	139
2993	23	2939	139
1865	20	6706	139
2979	10	2924	139
1851	10	2997	139
3233	23	12521	139
4805	14	3498	139
253	6	28	139
2648	9	2505	139
114	1	115	139
19	6	2044	139
2116	6	2018	139
2539	9	2482	140
3130	11	3131	140
5238	15	5088	140
2521	9	2482	140
2808	9	2517	140
2015	6	115	140
2644	9	2593	140
199	1	189	140
2693	14	3468	140
5308	15	5088	140
2718	9	2540	140
2812	9	2517	140
2640	9	2482	140
492	1	493	140
5108	15	5088	140
3915	14	3916	140
4428	14	3971	140
3231	12	29	140
2692	9	2476	140
811	1	416	140
12	1	14	140
776	1	493	140
2723	9	2517	140
2176	6	2018	140
8957	23	2922	140
488	1	28	140
3211	12	2120	140
1941	5	1943	140
4586	17	5818	140
1922	6	2018	140
829	15	5088	140
5178	15	5088	140
8438	20	6780	140
3490	14	3491	140
3113	11	3102	140
3237	12	116	140
1898	23	2997	140
2773	9	2517	140
2020	6	2018	140
2049	6	28	140
1894	23	2920	140
630	6	29	140
142	6	2044	140
5141	15	5088	140
1525	6	29	140
771	1	629	140
2663	17	5816	140
2530	9	2517	140
1502	1	416	140
801	15	5088	140
610	1	416	140
443	1	416	140
2080	6	115	140
717	1	636	140
473	1	416	140
5133	15	5088	140
831	1	416	140
733	1	731	140
613	1	416	140
2693	11	3087	140
5252	15	5088	140
44	6	29	140
845	1	28	140
113	6	29	140
2811	9	2517	140
846	1	397	140
2605	9	2606	140
1592	6	2145	140
9081	17	5860	140
3208	12	2120	140
4911	14	4117	140
1644	1	207	140
2530	14	3431	140
3577	14	3437	140
2831	10	2924	140
3205	12	2055	140
10751	22	2157	140
4775	14	3496	140
10636	22	10637	140
2845	10	2977	140
188	1	189	140
2867	9	2517	140
55	6	29	140
5214	15	5088	140
818	1	416	140
3225	12	2155	140
3130	14	3437	140
178	6	115	140
292	1	120	140
2511	9	2476	140
742	15	4990	140
2744	9	2593	140
1983	6	402	140
2131	6	2018	140
1057	1	28	140
8863	17	5935	140
812	1	416	140
588	6	589	140
428	15	5024	140
2589	9	2517	140
8863	17	6190	140
4428	14	3707	140
25	15	5024	140
28	6	29	140
169	6	402	140
2655	9	2482	140
1363	1	27	140
480	15	4990	140
2792	9	2578	140
284	1	189	140
2144	6	2018	140
742	1	748	140
2717	9	2517	140
675	15	4990	140
9431	20	5762	140
28	9	29	140
1910	14	3707	140
1588	6	29	140
810	1	416	140
310	15	5088	140
659	1	341	140
1851	10	3012	140
583	15	5024	140
2663	17	5817	140
2883	9	2482	140
729	1	731	140
3032	10	2940	140
675	15	5120	140
2655	17	6987	140
822	1	416	140
380	6	29	140
309	15	5088	140
2663	9	2588	140
2119	6	2120	140
2102	6	2040	140
3186	12	2155	140
25	15	4990	140
578	1	28	140
1110	15	5120	140
2723	9	2482	140
2059	6	2018	140
2101	6	2040	140
428	6	402	140
1133	6	592	140
2135	6	2145	140
44	5	25	140
5168	15	5088	140
396	6	29	140
3061	10	3043	140
1893	23	2947	140
2798	9	2505	140
3191	12	29	140
1133	15	4990	140
2867	9	2588	140
734	15	4977	140
800	1	416	140
1567	1	590	140
3101	11	3102	140
17	6	2044	140
675	6	402	140
205	1	207	140
478	1	479	140
675	1	320	140
759	1	28	140
5160	15	5088	140
492	15	5088	140
4636	20	6012	140
597	15	5088	140
8195	20	7092	140
6929	20	6706	140
478	1	444	140
9420	23	2939	140
2927	10	2932	140
8812	17	6190	140
2133	6	2040	140
8759	17	5873	140
1930	15	4977	140
3232	12	29	140
1100	6	28	140
2094	6	2040	140
3178	11	3087	140
1959	6	2018	140
4886	14	3648	140
729	15	4990	140
5148	15	5088	140
5348	15	5088	140
28	1	29	140
2822	9	2529	140
769	1	28	140
629	1	28	140
415	1	416	140
2718	9	2482	140
2119	6	2045	140
4636	14	3835	140
786	15	5088	140
8863	17	5818	140
2822	14	3475	140
2719	10	3014	140
2140	6	2018	140
776	15	5088	140
7893	20	6706	140
3189	12	2040	140
2791	9	2476	140
1912	15	5024	140
5158	15	5088	140
8759	20	6706	140
2793	9	2476	140
4582	14	3793	140
2663	17	6190	140
3193	12	2155	140
2883	9	2517	140
2022	6	2123	140
1983	15	5024	140
7446	20	6780	140
8863	17	5817	140
3071	10	3072	140
1417	15	5088	140
2079	6	28	140
303	1	416	140
284	6	2040	140
636	1	479	140
2539	9	2540	140
2632	9	2476	140
2663	17	5818	140
3187	23	12518	140
12552	23	12525	140
2011	6	29	140
2530	9	2476	140
1970	6	2040	140
2007	6	2018	140
3187	12	2055	140
2655	20	7092	140
2903	11	3089	140
205	15	4990	140
85	6	115	140
832	1	416	140
588	1	590	140
473	6	2040	140
2632	9	2517	140
4586	17	5816	140
2074	6	402	140
1866	12	170	140
1941	6	2044	140
2511	9	2517	140
3093	23	12538	140
1900	10	3043	140
2138	6	2018	140
8767	17	6639	140
2	6	2018	140
2845	9	2518	140
9423	20	6780	140
1956	6	2040	140
47	6	29	140
3242	12	115	140
1127	1	846	140
2903	12	170	140
1979	6	2148	140
2077	6	2018	140
1931	6	115	140
8824	23	2977	140
1478	1	114	140
1644	15	5088	140
25	6	29	140
1473	1	114	140
1912	6	402	140
857	15	5088	140
734	15	4977	140
1424	1	479	140
2157	6	2120	140
2663	17	5935	140
771	6	29	140
2069	6	2018	140
1871	12	170	140
9269	20	6706	140
10636	22	9538	140
228	6	2040	140
2207	12	2155	140
8571	23	12518	140
2010	6	2018	140
1860	9	2517	140
8863	17	5816	140
3218	12	2018	140
3233	23	2977	140
44	1	46	140
4586	17	5817	140
2993	23	2939	140
2979	10	2924	140
1851	10	2997	140
3233	23	12521	140
253	6	28	140
2648	9	2505	140
114	1	115	140
19	6	2044	140
2116	6	2018	140
2539	9	2482	141
3130	11	3131	141
5238	15	5088	141
2521	9	2482	141
2808	9	2517	141
2015	6	115	141
2644	9	2593	141
199	1	189	141
2693	14	3468	141
5308	15	5088	141
2718	9	2540	141
2812	9	2517	141
2640	9	2482	141
492	1	493	141
5108	15	5088	141
3915	14	3916	141
4428	14	3971	141
3231	12	29	141
2692	9	2476	141
811	1	416	141
12	1	14	141
776	1	493	141
7206	17	6566	141
2723	9	2517	141
2176	6	2018	141
8957	23	2922	141
488	1	28	141
3211	12	2120	141
1941	5	1943	141
4586	17	5818	141
1922	6	2018	141
829	15	5088	141
5178	15	5088	141
3490	14	3491	141
3113	11	3102	141
3237	12	116	141
2773	9	2517	141
2020	6	2018	141
2049	6	28	141
9431	20	5762	141
7446	20	6780	141
1894	23	2920	141
630	6	29	141
142	6	2044	141
5141	15	5088	141
1525	6	29	141
771	1	629	141
2663	17	5816	141
2530	9	2517	141
1502	1	416	141
2022	6	2023	141
801	15	5088	141
610	1	416	141
443	1	416	141
2080	6	115	141
717	1	636	141
473	1	416	141
5133	15	5088	141
831	1	416	141
733	1	731	141
613	1	416	141
2693	11	3087	141
5252	15	5088	141
44	6	29	141
845	1	28	141
113	6	29	141
2811	9	2517	141
846	1	397	141
2605	9	2606	141
8195	20	7092	141
8431	17	7270	141
1592	6	2145	141
3208	12	2120	141
4911	14	4117	141
1644	1	207	141
2530	14	3431	141
3577	14	3437	141
2831	10	2924	141
3205	12	2055	141
10751	22	2157	141
4775	14	3496	141
9423	20	6780	141
10636	22	10637	141
2845	10	2977	141
188	1	189	141
2867	9	2517	141
55	6	29	141
5214	15	5088	141
818	1	416	141
3225	12	2155	141
3130	14	3437	141
178	6	115	141
292	1	120	141
2511	9	2476	141
742	15	4990	141
2744	9	2593	141
1983	6	402	141
2131	6	2018	141
8767	17	8432	141
1057	1	28	141
6524	17	6169	141
8863	17	5935	141
812	1	416	141
588	6	589	141
4684	14	3707	141
428	15	5024	141
2589	9	2517	141
8863	17	6190	141
4428	14	3707	141
25	15	5024	141
28	6	29	141
169	6	402	141
2655	9	2482	141
1363	1	27	141
480	15	4990	141
2792	9	2578	141
284	1	189	141
2144	6	2018	141
742	1	748	141
2717	9	2517	141
675	15	4990	141
28	9	29	141
1910	14	3707	141
1588	6	29	141
810	1	416	141
310	15	5088	141
659	1	341	141
4663	14	4034	141
1851	10	3012	141
583	15	5024	141
2663	17	5817	141
2883	9	2482	141
729	1	731	141
3032	10	2940	141
675	15	5120	141
822	1	416	141
380	6	29	141
309	15	5088	141
2663	9	2588	141
2119	6	2120	141
2102	6	2040	141
3186	12	2155	141
25	15	4990	141
578	1	28	141
1110	15	5120	141
2723	9	2482	141
2059	6	2018	141
2101	6	2040	141
428	6	402	141
1133	6	592	141
2135	6	2145	141
44	5	25	141
5168	15	5088	141
396	6	29	141
3061	10	3043	141
1893	23	2947	141
8195	17	7092	141
2798	9	2505	141
3191	12	29	141
1133	15	4990	141
2867	9	2588	141
734	15	4977	141
800	1	416	141
1567	1	590	141
3101	11	3102	141
8767	17	6465	141
17	6	2044	141
675	6	402	141
205	1	207	141
7449	17	6399	141
478	1	479	141
675	1	320	141
759	1	28	141
5160	15	5088	141
492	15	5088	141
597	15	5088	141
478	1	444	141
9420	23	2939	141
2927	10	2932	141
8812	17	6190	141
2133	6	2040	141
1930	15	4977	141
3232	12	29	141
1100	6	28	141
2094	6	2040	141
9423	20	6706	141
3178	11	3087	141
1959	6	2018	141
4886	14	3648	141
729	15	4990	141
5148	15	5088	141
5348	15	5088	141
28	1	29	141
2822	9	2529	141
769	1	28	141
629	1	28	141
415	1	416	141
2718	9	2482	141
2119	6	2045	141
4636	14	3835	141
786	15	5088	141
8863	17	5818	141
2822	14	3475	141
2719	10	3014	141
2140	6	2018	141
6876	20	6706	141
1513	1	767	141
6108	20	7092	141
7449	17	7448	141
776	15	5088	141
8759	20	6780	141
3189	12	2040	141
2791	9	2476	141
1912	15	5024	141
5158	15	5088	141
7893	20	6706	141
2793	9	2476	141
4582	14	3793	141
2663	17	6190	141
3193	12	2155	141
2883	9	2517	141
2022	6	2123	141
2886	11	3153	141
1983	15	5024	141
8863	17	5817	141
3071	10	3072	141
1417	15	5088	141
2079	6	28	141
303	1	416	141
284	6	2040	141
636	1	479	141
2539	9	2540	141
2632	9	2476	141
2663	17	5818	141
3187	23	12518	141
12552	23	12525	141
2011	6	29	141
2530	9	2476	141
1970	6	2040	141
2007	6	2018	141
3187	12	2055	141
2903	11	3089	141
205	15	4990	141
3193	12	115	141
85	6	115	141
832	1	416	141
588	1	590	141
473	6	2040	141
2632	9	2517	141
4586	17	5816	141
2074	6	402	141
1866	12	170	141
8438	20	6780	141
1941	6	2044	141
2511	9	2517	141
3093	23	12538	141
1900	10	3043	141
2138	6	2018	141
2	6	2018	141
2845	9	2518	141
1956	6	2040	141
47	6	29	141
3242	12	115	141
1127	1	846	141
2903	12	170	141
1979	6	2148	141
2077	6	2018	141
1931	6	115	141
8824	23	2977	141
1478	1	114	141
2605	9	2476	141
1644	15	5088	141
25	6	29	141
1473	1	114	141
1912	6	402	141
857	15	5088	141
734	15	4977	141
1424	1	479	141
2157	6	2120	141
2663	17	5935	141
771	6	29	141
2069	6	2018	141
1871	12	170	141
10636	22	9538	141
228	6	2040	141
10751	22	9592	141
2207	12	2155	141
8571	23	12518	141
2010	6	2018	141
1860	9	2517	141
8863	17	5816	141
3218	12	2018	141
8767	20	7092	141
3233	23	2977	141
44	1	46	141
4586	17	5817	141
2993	23	2939	141
2979	10	2924	141
1851	10	2997	141
3233	23	12521	141
253	6	28	141
2648	9	2505	141
114	1	115	141
19	6	2044	141
2116	6	2018	141
2539	9	2482	142
3130	11	3131	142
5238	15	5088	142
2521	9	2482	142
2808	9	2517	142
2015	6	115	142
2644	9	2593	142
199	1	189	142
8501	17	6782	142
2693	14	3468	142
5308	15	5088	142
2718	9	2540	142
9272	20	6706	142
2812	9	2517	142
2640	9	2482	142
492	1	493	142
5108	15	5088	142
3915	14	3916	142
3231	12	29	142
2692	9	2476	142
811	1	416	142
12	1	14	142
776	1	493	142
2723	9	2517	142
2176	6	2018	142
8957	23	2922	142
47	1	176	142
488	1	28	142
3211	12	2120	142
1941	5	1943	142
4586	17	5818	142
1922	6	2018	142
829	15	5088	142
5178	15	5088	142
3490	14	3491	142
3113	11	3102	142
2798	20	5762	142
3237	12	116	142
2773	9	2517	142
2020	6	2018	142
2049	6	28	142
7184	20	6706	142
1894	23	2920	142
630	6	29	142
142	6	2044	142
5141	15	5088	142
1525	6	29	142
771	1	629	142
2663	17	5816	142
2530	9	2517	142
1502	1	416	142
2022	6	2023	142
801	15	5088	142
610	1	416	142
443	1	416	142
2080	6	115	142
717	1	636	142
473	1	416	142
6986	17	6988	142
5133	15	5088	142
831	1	416	142
733	1	731	142
613	1	416	142
2693	11	3087	142
5252	15	5088	142
44	6	29	142
845	1	28	142
113	6	29	142
4775	14	3495	142
2811	9	2517	142
2827	17	7126	142
846	1	397	142
2605	9	2607	142
2605	9	2606	142
1592	6	2145	142
3208	12	2120	142
4911	14	4117	142
1644	1	207	142
2530	14	3431	142
3577	14	3437	142
2831	10	2924	142
3205	12	2055	142
4775	14	3496	142
10636	22	10637	142
2845	10	2977	142
188	1	189	142
2867	9	2517	142
55	6	29	142
5214	15	5088	142
818	1	416	142
3225	12	2155	142
3130	14	3437	142
178	6	115	142
292	1	120	142
2511	9	2476	142
10636	22	2157	142
742	15	4990	142
2744	9	2593	142
1983	6	402	142
2131	6	2018	142
1057	1	28	142
8863	17	5935	142
812	1	416	142
8438	20	6780	142
588	6	589	142
4684	14	3707	142
428	15	5024	142
2589	9	2517	142
8863	17	6190	142
4428	14	3707	142
25	15	5024	142
28	6	29	142
169	6	402	142
2655	9	2482	142
1363	1	27	142
480	15	4990	142
2792	9	2578	142
284	1	189	142
2144	6	2018	142
742	1	748	142
2717	9	2517	142
675	15	4990	142
28	9	29	142
1910	14	3707	142
1588	6	29	142
12345	22	10030	142
810	1	416	142
310	15	5088	142
659	1	341	142
4663	14	4034	142
1851	10	3012	142
742	1	743	142
583	15	5024	142
2663	17	5817	142
2883	9	2482	142
729	1	731	142
9121	17	5818	142
3032	10	2940	142
675	15	5120	142
822	1	416	142
380	6	29	142
309	15	5088	142
2663	9	2588	142
2119	6	2120	142
2102	6	2040	142
3186	12	2155	142
25	15	4990	142
578	1	28	142
1110	15	5120	142
2723	9	2482	142
2059	6	2018	142
2101	6	2040	142
428	6	402	142
1133	6	592	142
2135	6	2145	142
44	5	25	142
5168	15	5088	142
396	6	29	142
3061	10	3043	142
1893	23	2947	142
2719	9	2721	142
2798	9	2505	142
3191	12	29	142
1133	15	4990	142
2867	9	2588	142
734	15	4977	142
800	1	416	142
1567	1	590	142
3101	11	3102	142
17	6	2044	142
675	6	402	142
205	1	207	142
478	1	479	142
675	1	320	142
759	1	28	142
5160	15	5088	142
492	15	5088	142
9380	20	6780	142
597	15	5088	142
478	1	444	142
9420	23	2939	142
2927	10	2932	142
8812	17	6190	142
2133	6	2040	142
1930	15	4977	142
3232	12	29	142
1100	6	28	142
2094	6	2040	142
8500	17	7157	142
3178	11	3087	142
1959	6	2018	142
4886	14	3648	142
729	15	4990	142
5148	15	5088	142
5348	15	5088	142
28	1	29	142
2822	9	2529	142
769	1	28	142
629	1	28	142
415	1	416	142
2718	9	2482	142
2119	6	2045	142
4636	14	3835	142
786	15	5088	142
8863	17	5818	142
2822	14	3475	142
2719	10	3014	142
2140	6	2018	142
1513	1	767	142
776	15	5088	142
3189	12	2040	142
2791	9	2476	142
1912	15	5024	142
5158	15	5088	142
2793	9	2476	142
4582	14	3793	142
10751	22	10030	142
2663	17	6190	142
2883	9	2517	142
2886	11	3153	142
1983	15	5024	142
3205	17	6700	142
8863	17	5817	142
3071	10	3072	142
1417	15	5088	142
2079	6	28	142
303	1	416	142
8501	17	6988	142
284	6	2040	142
636	1	479	142
2539	9	2540	142
2632	9	2476	142
9431	20	5762	142
2663	17	5818	142
3187	23	12518	142
12552	23	12525	142
2011	6	29	142
2530	9	2476	142
1893	4	1833	142
1970	6	2040	142
7222	20	5762	142
2007	6	2018	142
3187	12	2055	142
2903	11	3089	142
205	15	4990	142
3193	12	115	142
85	6	115	142
832	1	416	142
588	1	590	142
473	6	2040	142
2632	9	2517	142
4586	17	5816	142
2074	6	402	142
1866	12	170	142
1941	6	2044	142
2511	9	2517	142
3093	23	12538	142
1900	10	3043	142
2138	6	2018	142
2	6	2018	142
2845	9	2518	142
8548	17	6169	142
1956	6	2040	142
47	6	29	142
3242	12	115	142
1127	1	846	142
2903	12	170	142
1979	6	2148	142
2077	6	2018	142
1931	6	115	142
1866	4	1833	142
8824	23	2977	142
1478	1	114	142
2605	9	2476	142
1644	15	5088	142
1865	20	6706	142
25	6	29	142
9423	20	6706	142
1473	1	114	142
1912	6	402	142
857	15	5088	142
734	15	4977	142
1424	1	479	142
7446	20	6780	142
2157	6	2120	142
2663	17	5935	142
771	6	29	142
2069	6	2018	142
1871	12	170	142
10636	22	9538	142
228	6	2040	142
10751	22	9592	142
2207	12	2155	142
8571	23	12518	142
2010	6	2018	142
1860	9	2517	142
8863	17	5816	142
3218	12	2018	142
3233	23	2977	142
8759	20	6706	142
44	1	46	142
4586	17	5817	142
2993	23	2939	142
2979	10	2924	142
1851	10	2997	142
3233	23	12521	142
253	6	28	142
2648	9	2505	142
114	1	115	142
19	6	2044	142
2116	6	2018	142
2539	9	2482	143
3130	11	3131	143
5238	15	5088	143
2521	9	2482	143
2808	9	2517	143
2015	6	115	143
2644	9	2593	143
199	1	189	143
2693	14	3468	143
5308	15	5088	143
2718	9	2540	143
2812	9	2517	143
2640	9	2482	143
492	1	493	143
5108	15	5088	143
3915	14	3916	143
3231	12	29	143
2692	9	2476	143
811	1	416	143
12	1	14	143
776	1	493	143
2723	9	2517	143
2176	6	2018	143
8957	23	2922	143
47	1	176	143
3211	12	2120	143
1941	5	1943	143
4586	17	5818	143
1922	6	2018	143
829	15	5088	143
5178	15	5088	143
3490	14	3491	143
3113	11	3102	143
3237	12	116	143
8353	20	5762	143
2773	9	2517	143
2020	6	2018	143
2049	6	28	143
7893	17	6706	143
1894	23	2920	143
630	6	29	143
142	6	2044	143
5141	15	5088	143
1525	6	29	143
2663	17	5816	143
2530	9	2517	143
1502	1	416	143
2022	6	2023	143
801	15	5088	143
610	1	416	143
443	1	416	143
2080	6	115	143
12	1	27	143
717	1	636	143
473	1	416	143
5133	15	5088	143
831	1	416	143
733	1	731	143
9074	20	5762	143
613	1	416	143
2693	11	3087	143
5252	15	5088	143
44	6	29	143
845	1	28	143
113	6	29	143
8548	17	8549	143
8438	20	6780	143
4775	14	3495	143
2811	9	2517	143
846	1	397	143
2605	9	2607	143
2605	9	2606	143
1592	6	2145	143
3208	12	2120	143
4911	14	4117	143
1644	1	207	143
2530	14	3431	143
3577	14	3437	143
2831	10	2924	143
3205	12	2055	143
2845	10	2977	143
188	1	189	143
2867	9	2517	143
55	6	29	143
5214	15	5088	143
818	1	416	143
3225	12	2155	143
3130	14	3437	143
178	6	115	143
292	1	120	143
2511	9	2476	143
10636	22	2157	143
742	15	4990	143
2744	9	2593	143
1983	6	402	143
2131	6	2018	143
1057	1	28	143
8863	17	5935	143
812	1	416	143
588	6	589	143
4684	14	3707	143
428	15	5024	143
2589	9	2517	143
8863	17	6190	143
4428	14	3707	143
25	15	5024	143
28	6	29	143
771	1	773	143
169	6	402	143
2655	9	2482	143
1363	1	27	143
480	15	4990	143
2792	9	2578	143
284	1	189	143
2144	6	2018	143
2717	9	2517	143
675	15	4990	143
28	9	29	143
1910	14	3707	143
1588	6	29	143
810	1	416	143
2655	20	7092	143
310	15	5088	143
659	1	341	143
4663	14	4034	143
1851	10	3012	143
742	1	743	143
2747	9	2748	143
583	15	5024	143
2663	17	5817	143
2883	9	2482	143
729	1	731	143
3032	10	2940	143
675	15	5120	143
822	1	416	143
380	6	29	143
309	15	5088	143
2663	9	2588	143
2119	6	2120	143
2102	6	2040	143
3186	12	2155	143
25	15	4990	143
578	1	28	143
1110	15	5120	143
2723	9	2482	143
2059	6	2018	143
2101	6	2040	143
428	6	402	143
1133	6	592	143
2135	6	2145	143
44	5	25	143
5168	15	5088	143
396	6	29	143
3061	10	3043	143
1893	23	2947	143
363	1	120	143
2719	9	2721	143
2827	20	6780	143
2798	9	2505	143
3191	12	29	143
1133	15	4990	143
2867	9	2588	143
734	15	4977	143
800	1	416	143
1567	1	590	143
4582	14	3512	143
3101	11	3102	143
17	6	2044	143
675	6	402	143
205	1	207	143
478	1	479	143
675	1	320	143
759	1	28	143
5160	15	5088	143
492	15	5088	143
7446	20	6780	143
597	15	5088	143
478	1	444	143
9420	23	2939	143
2927	10	2932	143
10636	22	10030	143
8812	17	6190	143
2133	6	2040	143
1930	15	4977	143
3232	12	29	143
1100	6	28	143
7375	20	6780	143
2094	6	2040	143
3178	11	3087	143
1959	6	2018	143
4886	14	3648	143
729	15	4990	143
5148	15	5088	143
5348	15	5088	143
9272	20	6706	143
7893	20	6706	143
28	1	29	143
2822	9	2529	143
769	1	28	143
629	1	28	143
415	1	416	143
2718	9	2482	143
2119	6	2045	143
4636	14	3835	143
786	15	5088	143
8863	17	5818	143
2822	14	3475	143
2719	10	3014	143
2140	6	2018	143
2747	11	3107	143
776	15	5088	143
3189	12	2040	143
2791	9	2476	143
1912	15	5024	143
5158	15	5088	143
8759	20	6706	143
25	1	27	143
2793	9	2476	143
3434	14	3437	143
4582	14	3793	143
2663	17	6190	143
2883	9	2517	143
2886	11	3153	143
1983	15	5024	143
8863	17	5817	143
3071	10	3072	143
1417	15	5088	143
2079	6	28	143
303	1	416	143
284	6	2040	143
636	1	479	143
2539	9	2540	143
10751	22	9859	143
2632	9	2476	143
2663	17	5818	143
3187	23	12518	143
12552	23	12525	143
2011	6	29	143
2530	9	2476	143
8759	17	6706	143
1970	6	2040	143
2663	9	2476	143
2007	6	2018	143
3187	12	2055	143
2903	11	3089	143
205	15	4990	143
3193	12	115	143
85	6	115	143
832	1	416	143
588	1	590	143
7497	20	6780	143
473	6	2040	143
2632	9	2517	143
4586	17	5816	143
2074	6	402	143
1866	12	170	143
1941	6	2044	143
2511	9	2517	143
3093	23	12538	143
1900	10	3043	143
2138	6	2018	143
2	6	2018	143
2845	9	2518	143
9425	20	6706	143
1956	6	2040	143
47	6	29	143
3242	12	115	143
1127	1	846	143
2903	12	170	143
12345	22	9668	143
1979	6	2148	143
2077	6	2018	143
1931	6	115	143
8824	23	2977	143
1478	1	114	143
2605	9	2476	143
1644	15	5088	143
25	6	29	143
380	1	1363	143
1473	1	114	143
1912	6	402	143
857	15	5088	143
734	15	4977	143
1424	1	479	143
2157	6	2120	143
9431	20	5762	143
2663	17	5935	143
771	6	29	143
2069	6	2018	143
1871	12	170	143
6929	20	6706	143
228	6	2040	143
10751	22	9592	143
2207	12	2155	143
8571	23	12518	143
2010	6	2018	143
1860	9	2517	143
8863	17	5816	143
3218	12	2018	143
3233	23	2977	143
44	1	46	143
4586	17	5817	143
2993	23	2939	143
6876	20	6706	143
2979	10	2924	143
1851	10	2997	143
3233	23	12521	143
253	6	28	143
2648	9	2505	143
114	1	115	143
19	6	2044	143
2116	6	2018	143
2539	9	2482	144
3063	10	2924	144
3130	11	3131	144
5238	15	5088	144
2521	9	2482	144
955	1	589	144
2808	9	2517	144
2015	6	115	144
2644	9	2593	144
199	1	189	144
1139	1	773	144
118	1	120	144
2693	14	3468	144
5308	15	5088	144
2718	9	2540	144
2812	9	2517	144
2640	9	2482	144
492	1	493	144
5108	15	5088	144
3915	14	3916	144
799	1	773	144
3231	12	29	144
2692	9	2476	144
811	1	416	144
776	1	493	144
2723	9	2517	144
2176	6	2018	144
8957	23	2922	144
47	1	176	144
3211	12	2120	144
1941	5	1943	144
4586	17	5818	144
1922	6	2018	144
829	15	5088	144
5178	15	5088	144
3113	11	3102	144
3237	12	116	144
2773	9	2517	144
2020	6	2018	144
2049	6	28	144
2927	10	2931	144
1894	23	2920	144
630	6	29	144
142	6	2044	144
5141	15	5088	144
1525	6	29	144
2663	17	5816	144
2530	9	2517	144
1502	1	416	144
6986	17	6403	144
2022	6	2023	144
801	15	5088	144
610	1	416	144
443	1	416	144
2080	6	115	144
12	1	27	144
717	1	636	144
473	1	416	144
5133	15	5088	144
831	1	416	144
733	1	731	144
613	1	416	144
2693	11	3087	144
5252	15	5088	144
44	6	29	144
845	1	28	144
113	6	29	144
2811	9	2517	144
846	1	397	144
2605	9	2607	144
2605	9	2606	144
1592	6	2145	144
3208	12	2120	144
4911	14	4117	144
1644	1	207	144
2530	14	3431	144
1865	20	6706	144
3577	14	3437	144
2831	10	2924	144
3205	12	2055	144
1588	1	46	144
2845	10	2977	144
188	1	189	144
7170	20	7092	144
2867	9	2517	144
55	6	29	144
5214	15	5088	144
818	1	416	144
3225	12	2155	144
3130	14	3437	144
178	6	115	144
292	1	120	144
2511	9	2476	144
10636	22	2157	144
742	15	4990	144
2744	9	2593	144
1983	6	402	144
2131	6	2018	144
113	1	46	144
396	1	397	144
1057	1	28	144
1894	23	2971	144
8863	17	5935	144
812	1	416	144
588	6	589	144
428	15	5024	144
2589	9	2517	144
8863	17	6190	144
4428	14	3707	144
25	15	5024	144
28	6	29	144
771	1	773	144
169	6	402	144
2655	9	2482	144
1363	1	27	144
480	15	4990	144
2792	9	2578	144
284	1	189	144
2144	6	2018	144
1003	1	589	144
2717	9	2517	144
675	15	4990	144
28	9	29	144
7497	20	6780	144
1910	14	3707	144
1588	6	29	144
2798	20	5762	144
810	1	416	144
1557	1	773	144
310	15	5088	144
6876	20	6706	144
659	1	341	144
1851	10	3012	144
742	1	743	144
2747	9	2748	144
583	15	5024	144
2663	17	5817	144
2883	9	2482	144
729	1	731	144
3032	10	2940	144
675	15	5120	144
822	1	416	144
380	6	29	144
309	15	5088	144
2663	9	2588	144
2119	6	2120	144
2102	6	2040	144
3186	12	2155	144
25	15	4990	144
7375	20	6780	144
578	1	28	144
2719	9	2721	144
1110	15	5120	144
2723	9	2482	144
2059	6	2018	144
2101	6	2040	144
588	1	589	144
428	6	402	144
1133	6	592	144
2135	6	2145	144
44	5	25	144
5168	15	5088	144
396	6	29	144
3061	10	3043	144
1893	23	2947	144
363	1	120	144
2798	9	2505	144
3191	12	29	144
1133	15	4990	144
2867	9	2588	144
734	15	4977	144
800	1	416	144
1567	1	590	144
4333	14	3916	144
4582	14	3512	144
3101	11	3102	144
17	6	2044	144
675	6	402	144
205	1	207	144
478	1	479	144
675	1	320	144
7375	17	7126	144
759	1	28	144
5160	15	5088	144
492	15	5088	144
2693	17	5948	144
597	15	5088	144
7933	17	8432	144
3204	12	170	144
478	1	444	144
9420	23	2939	144
2927	10	2932	144
10636	22	10030	144
8812	17	6190	144
2133	6	2040	144
1930	15	4977	144
3232	12	29	144
1100	6	28	144
2094	6	2040	144
3178	11	3087	144
1959	6	2018	144
4886	14	3648	144
729	15	4990	144
5148	15	5088	144
5348	15	5088	144
28	1	29	144
2822	9	2529	144
769	1	28	144
629	1	28	144
415	1	416	144
2718	9	2482	144
3178	17	5948	144
2119	6	2045	144
786	15	5088	144
7206	17	7142	144
8863	17	5818	144
2822	14	3475	144
2719	10	3014	144
2140	6	2018	144
2747	11	3107	144
4805	14	3711	144
7446	20	6780	144
776	15	5088	144
3189	12	2040	144
2791	9	2476	144
1912	15	5024	144
5158	15	5088	144
25	1	27	144
2793	9	2476	144
3434	14	3437	144
2663	17	6190	144
2883	9	2517	144
2886	11	3153	144
1983	15	5024	144
1567	1	589	144
8863	17	5817	144
3071	10	3072	144
1417	15	5088	144
2079	6	28	144
303	1	416	144
630	1	46	144
284	6	2040	144
636	1	479	144
2539	9	2540	144
10751	22	9859	144
2632	9	2476	144
2663	17	5818	144
3187	23	12518	144
12552	23	12525	144
2011	6	29	144
2530	9	2476	144
1970	6	2040	144
2663	9	2476	144
2007	6	2018	144
3187	12	2055	144
2903	11	3089	144
205	15	4990	144
3193	12	115	144
85	6	115	144
832	1	416	144
9361	20	6706	144
588	1	590	144
6986	17	6685	144
473	6	2040	144
2632	9	2517	144
4586	17	5816	144
2074	6	402	144
1866	12	170	144
1910	14	3981	144
1941	6	2044	144
2511	9	2517	144
3093	23	12538	144
1900	10	3043	144
2138	6	2018	144
2	6	2018	144
2845	9	2518	144
1956	6	2040	144
47	6	29	144
3242	12	115	144
1127	1	846	144
2903	12	170	144
12345	22	9668	144
1979	6	2148	144
2077	6	2018	144
1931	6	115	144
8824	23	2977	144
1478	1	114	144
2605	9	2476	144
1644	15	5088	144
25	6	29	144
380	1	1363	144
1473	1	114	144
1912	6	402	144
857	15	5088	144
734	15	4977	144
3205	20	6012	144
1424	1	479	144
2157	6	2120	144
2663	17	5935	144
9423	20	6706	144
771	6	29	144
2069	6	2018	144
6885	17	6110	144
1871	12	170	144
2584	20	6780	144
228	6	2040	144
8438	20	6780	144
2207	12	2155	144
8571	23	12518	144
2010	6	2018	144
1860	9	2517	144
6929	20	6706	144
8863	17	5816	144
3218	12	2018	144
3233	23	2977	144
44	1	46	144
4586	17	5817	144
2993	23	2939	144
1513	1	773	144
2979	10	2924	144
1851	10	2997	144
3233	23	12521	144
253	6	28	144
2648	9	2505	144
9431	20	5762	144
114	1	115	144
19	6	2044	144
2116	6	2018	144
2539	9	2482	145
3063	10	2924	145
3130	11	3131	145
5238	15	5088	145
2521	9	2482	145
955	1	589	145
2808	9	2517	145
2015	6	115	145
2644	9	2593	145
199	1	189	145
1139	1	773	145
118	1	120	145
2693	14	3468	145
5308	15	5088	145
2718	9	2540	145
2812	9	2517	145
2640	9	2482	145
492	1	493	145
5108	15	5088	145
799	1	773	145
3231	12	29	145
2692	9	2476	145
811	1	416	145
776	1	493	145
2723	9	2517	145
2176	6	2018	145
8957	23	2922	145
3211	12	2120	145
1941	5	1943	145
4586	17	5818	145
1922	6	2018	145
829	15	5088	145
5178	15	5088	145
3113	11	3102	145
3237	12	116	145
3814	14	3439	145
2773	9	2517	145
2020	6	2018	145
2049	6	28	145
2927	10	2931	145
1894	23	2920	145
630	6	29	145
7497	20	6780	145
142	6	2044	145
5141	15	5088	145
1525	6	29	145
2663	17	5816	145
2530	9	2517	145
1502	1	416	145
2022	6	2023	145
801	15	5088	145
610	1	416	145
443	1	416	145
2080	6	115	145
12	1	27	145
717	1	636	145
473	1	416	145
5133	15	5088	145
831	1	416	145
733	1	731	145
613	1	416	145
2693	11	3087	145
5252	15	5088	145
44	6	29	145
845	1	28	145
113	6	29	145
2811	9	2517	145
846	1	397	145
2605	9	2607	145
2605	9	2606	145
1592	6	2145	145
7375	20	6780	145
3208	12	2120	145
4911	14	4117	145
1644	1	207	145
2530	14	3431	145
3577	14	3437	145
2831	10	2924	145
3205	12	2055	145
1588	1	46	145
2845	10	2977	145
188	1	189	145
2867	9	2517	145
55	6	29	145
5214	15	5088	145
818	1	416	145
3225	12	2155	145
3130	14	3437	145
178	6	115	145
292	1	120	145
2511	9	2476	145
10636	22	2157	145
742	15	4990	145
2744	9	2593	145
9423	20	6706	145
1983	6	402	145
2131	6	2018	145
113	1	46	145
3205	20	6012	145
396	1	397	145
1057	1	28	145
1894	23	2971	145
8863	17	5935	145
812	1	416	145
588	6	589	145
428	15	5024	145
2589	9	2517	145
8863	17	6190	145
4428	14	3707	145
9431	20	5762	145
25	15	5024	145
28	6	29	145
771	1	773	145
169	6	402	145
2655	9	2482	145
480	15	4990	145
2792	9	2578	145
284	1	189	145
2144	6	2018	145
1003	1	589	145
2717	9	2517	145
675	15	4990	145
28	9	29	145
1588	6	29	145
810	1	416	145
1557	1	773	145
310	15	5088	145
659	1	341	145
2827	20	6780	145
7496	17	7126	145
1851	10	3012	145
742	1	743	145
2747	9	2748	145
583	15	5024	145
2663	17	5817	145
2883	9	2482	145
729	1	731	145
3032	10	2940	145
675	15	5120	145
822	1	416	145
380	6	29	145
309	15	5088	145
25	1	28	145
2663	9	2588	145
2119	6	2120	145
2102	6	2040	145
3186	12	2155	145
25	15	4990	145
578	1	28	145
2719	9	2721	145
1110	15	5120	145
4582	14	3519	145
2723	9	2482	145
2059	6	2018	145
2101	6	2040	145
588	1	589	145
428	6	402	145
1133	6	592	145
2135	6	2145	145
44	5	25	145
1865	20	6706	145
5168	15	5088	145
396	6	29	145
3061	10	3043	145
1893	23	2947	145
363	1	120	145
2798	9	2505	145
3191	12	29	145
1133	15	4990	145
2867	9	2588	145
734	15	4977	145
800	1	416	145
4333	14	3916	145
4582	14	3512	145
3101	11	3102	145
17	6	2044	145
675	6	402	145
205	1	207	145
478	1	479	145
675	1	320	145
759	1	28	145
5160	15	5088	145
492	15	5088	145
597	15	5088	145
3204	12	170	145
478	1	444	145
9420	23	2939	145
10636	22	10030	145
7446	20	6780	145
8812	17	6190	145
9361	20	6706	145
2133	6	2040	145
1930	15	4977	145
3232	12	29	145
1100	6	28	145
2094	6	2040	145
3178	11	3087	145
1959	6	2018	145
4886	14	3648	145
729	15	4990	145
5148	15	5088	145
5348	15	5088	145
9121	17	7538	145
28	1	29	145
2822	9	2529	145
769	1	28	145
629	1	28	145
7222	17	6700	145
415	1	416	145
2718	9	2482	145
2119	6	2045	145
786	15	5088	145
8863	17	5818	145
2822	14	3475	145
2719	10	3014	145
2140	6	2018	145
2747	11	3107	145
776	15	5088	145
3189	12	2040	145
2791	9	2476	145
1912	15	5024	145
5158	15	5088	145
25	1	27	145
2793	9	2476	145
3434	14	3437	145
7184	20	6706	145
2663	17	6190	145
3130	14	3509	145
2883	9	2517	145
2886	11	3153	145
1983	15	5024	145
1567	1	589	145
10751	22	9592	145
2528	9	2478	145
8863	17	5817	145
3071	10	3072	145
1417	15	5088	145
2079	6	28	145
303	1	416	145
284	6	2040	145
636	1	479	145
2539	9	2540	145
10751	22	9859	145
2632	9	2476	145
2663	17	5818	145
3187	23	12518	145
12552	23	12525	145
2011	6	29	145
2530	9	2476	145
1970	6	2040	145
6698	20	5762	145
2663	9	2476	145
2007	6	2018	145
3187	12	2055	145
2903	11	3089	145
205	15	4990	145
3193	12	115	145
85	6	115	145
832	1	416	145
473	6	2040	145
2632	9	2517	145
4586	17	5816	145
2074	6	402	145
1866	12	170	145
1910	14	3981	145
1941	6	2044	145
2511	9	2517	145
1900	10	3043	145
2138	6	2018	145
2	6	2018	145
2845	9	2518	145
8438	20	6780	145
1956	6	2040	145
47	6	29	145
3242	12	115	145
1127	1	846	145
2903	12	170	145
12345	22	9668	145
1979	6	2148	145
2077	6	2018	145
1931	6	115	145
8824	23	2977	145
6929	20	6706	145
1478	1	114	145
2605	9	2476	145
1644	15	5088	145
25	6	29	145
380	1	1363	145
1473	1	114	145
1912	6	402	145
857	15	5088	145
734	15	4977	145
1424	1	479	145
2157	6	2120	145
2663	17	5935	145
771	6	29	145
2069	6	2018	145
1871	12	170	145
228	6	2040	145
2207	12	2155	145
8571	23	12518	145
2827	17	6780	145
2010	6	2018	145
1860	9	2517	145
8863	17	5816	145
3218	12	2018	145
3233	23	2977	145
44	1	46	145
4586	17	5817	145
2993	23	2939	145
1513	1	773	145
2979	10	2924	145
1851	10	2997	145
3233	23	12521	145
253	6	28	145
2648	9	2505	145
114	1	115	145
19	6	2044	145
2116	6	2018	145
2539	9	2482	146
3063	10	2924	146
5238	15	5088	146
2521	9	2482	146
955	1	589	146
2808	9	2517	146
2015	6	115	146
2644	9	2593	146
199	1	189	146
1139	1	773	146
118	1	120	146
2693	14	3468	146
5308	15	5088	146
2718	9	2540	146
2586	9	2482	146
2812	9	2517	146
2640	9	2482	146
492	1	493	146
5108	15	5088	146
799	1	773	146
3231	12	29	146
2692	9	2476	146
811	1	416	146
776	1	493	146
2723	9	2517	146
9425	20	6706	146
2176	6	2018	146
8957	23	2922	146
8590	17	6331	146
3211	12	2120	146
1941	5	1943	146
4586	17	5818	146
1922	6	2018	146
829	15	5088	146
5178	15	5088	146
3113	11	3102	146
3237	12	116	146
2773	9	2517	146
2020	6	2018	146
9381	20	5762	146
2049	6	28	146
2927	10	2931	146
1894	23	2920	146
630	6	29	146
142	6	2044	146
5141	15	5088	146
1525	6	29	146
2663	17	5816	146
2530	9	2517	146
1502	1	416	146
2022	6	2023	146
801	15	5088	146
610	1	416	146
443	1	416	146
2080	6	115	146
12	1	27	146
6885	17	5896	146
717	1	636	146
473	1	416	146
5133	15	5088	146
831	1	416	146
733	1	731	146
613	1	416	146
2693	11	3087	146
5252	15	5088	146
44	6	29	146
845	1	28	146
8408	23	12519	146
113	6	29	146
1849	4	1839	146
2811	9	2517	146
846	1	397	146
8825	17	5816	146
2605	9	2607	146
9423	20	6706	146
2605	9	2606	146
1592	6	2145	146
3208	12	2120	146
4911	14	4117	146
1644	1	207	146
2530	14	3431	146
3577	14	3437	146
2831	10	2924	146
2798	20	5762	146
3205	12	2055	146
1588	1	46	146
2845	10	2977	146
188	1	189	146
2483	9	2518	146
2867	9	2517	146
55	6	29	146
5214	15	5088	146
818	1	416	146
3225	12	2155	146
3130	14	3437	146
178	6	115	146
292	1	120	146
2511	9	2476	146
10636	22	2157	146
742	15	4990	146
2744	9	2593	146
1983	6	402	146
2131	6	2018	146
113	1	46	146
396	1	397	146
1057	1	28	146
1894	23	2971	146
8863	17	5935	146
812	1	416	146
588	6	589	146
428	15	5024	146
2589	9	2517	146
8863	17	6190	146
4428	14	3707	146
25	15	5024	146
28	6	29	146
6929	20	6706	146
771	1	773	146
169	6	402	146
2655	9	2482	146
480	15	4990	146
2792	9	2578	146
284	1	189	146
2144	6	2018	146
1003	1	589	146
2717	9	2517	146
675	15	4990	146
28	9	29	146
1588	6	29	146
3205	20	6012	146
12345	22	9579	146
810	1	416	146
1557	1	773	146
310	15	5088	146
659	1	341	146
1851	10	3012	146
742	1	743	146
4608	20	6012	146
2747	9	2748	146
583	15	5024	146
2663	17	5817	146
2883	9	2482	146
729	1	731	146
9361	20	6706	146
3032	10	2940	146
675	15	5120	146
822	1	416	146
380	6	29	146
309	15	5088	146
25	1	28	146
2663	9	2588	146
2119	6	2120	146
2102	6	2040	146
3186	12	2155	146
25	15	4990	146
578	1	28	146
2719	9	2721	146
1110	15	5120	146
4582	14	3519	146
2723	9	2482	146
2059	6	2018	146
2101	6	2040	146
588	1	589	146
428	6	402	146
1133	6	592	146
2135	6	2145	146
44	5	25	146
2865	11	3107	146
5168	15	5088	146
396	6	29	146
3061	10	3043	146
1893	23	2947	146
363	1	120	146
2798	9	2505	146
3191	12	29	146
1133	15	4990	146
3170	17	6308	146
2867	9	2588	146
734	15	4977	146
800	1	416	146
4333	14	3916	146
3101	11	3102	146
17	6	2044	146
675	6	402	146
205	1	207	146
478	1	479	146
675	1	320	146
759	1	28	146
5160	15	5088	146
492	15	5088	146
597	15	5088	146
3204	12	170	146
478	1	444	146
9420	23	2939	146
10636	22	10030	146
8812	17	6190	146
2133	6	2040	146
1930	15	4977	146
3232	12	29	146
1100	6	28	146
2094	6	2040	146
3178	11	3087	146
1959	6	2018	146
3205	17	5853	146
729	15	4990	146
5148	15	5088	146
5348	15	5088	146
28	1	29	146
2822	9	2529	146
769	1	28	146
629	1	28	146
415	1	416	146
2718	9	2482	146
2119	6	2045	146
786	15	5088	146
8863	17	5818	146
2822	14	3475	146
2719	10	3014	146
1588	1	276	146
2140	6	2018	146
2747	11	3107	146
776	15	5088	146
3189	12	2040	146
2791	9	2476	146
1912	15	5024	146
5158	15	5088	146
2793	9	2476	146
7375	20	6780	146
3434	14	3437	146
2663	17	6190	146
3130	14	3509	146
2883	9	2517	146
2886	11	3153	146
1983	15	5024	146
1567	1	589	146
8438	20	6780	146
10751	22	9592	146
8863	17	5817	146
3071	10	3072	146
1417	15	5088	146
2079	6	28	146
303	1	416	146
284	6	2040	146
636	1	479	146
2539	9	2540	146
2632	9	2476	146
2663	17	5818	146
3187	23	12518	146
12552	23	12525	146
2011	6	29	146
2530	9	2476	146
1970	6	2040	146
2663	9	2476	146
2007	6	2018	146
3187	12	2055	146
2903	11	3089	146
205	15	4990	146
3193	12	115	146
85	6	115	146
832	1	416	146
473	6	2040	146
10751	22	9859	146
2632	9	2517	146
4586	17	5816	146
2074	6	402	146
1866	12	170	146
1941	6	2044	146
2511	9	2517	146
1900	10	3043	146
7497	20	6780	146
2138	6	2018	146
2	6	2018	146
2845	9	2518	146
1956	6	2040	146
47	6	29	146
3242	12	115	146
1127	1	846	146
2903	12	170	146
12345	22	9668	146
1979	6	2148	146
2077	6	2018	146
1931	6	115	146
8824	23	2977	146
1478	1	114	146
2605	9	2476	146
1644	15	5088	146
25	6	29	146
380	1	1363	146
1473	1	114	146
1912	6	402	146
857	15	5088	146
734	15	4977	146
1424	1	479	146
2157	6	2120	146
2663	17	5935	146
771	6	29	146
2069	6	2018	146
1871	12	170	146
228	6	2040	146
2207	12	2155	146
8571	23	12518	146
2010	6	2018	146
1860	9	2517	146
8863	17	5816	146
3218	12	2018	146
3233	23	2977	146
44	1	46	146
4586	17	5817	146
2993	23	2939	146
1513	1	773	146
2979	10	2924	146
1851	10	2997	146
3233	23	12521	146
253	6	28	146
2648	9	2505	146
114	1	115	146
19	6	2044	146
2116	6	2018	146
9431	20	5762	146
2539	9	2482	147
3063	10	2924	147
5238	15	5088	147
2521	9	2482	147
955	1	589	147
2808	9	2517	147
2015	6	115	147
2644	9	2593	147
199	1	189	147
118	1	120	147
4082	14	3747	147
2693	14	3468	147
5308	15	5088	147
2718	9	2540	147
2586	9	2482	147
2812	9	2517	147
2640	9	2482	147
492	1	493	147
5108	15	5088	147
799	1	773	147
3231	12	29	147
2692	9	2476	147
811	1	416	147
776	1	493	147
2723	9	2517	147
6929	20	6706	147
2176	6	2018	147
8957	23	2922	147
3211	12	2120	147
1941	5	1943	147
4586	17	5818	147
3141	17	6308	147
1922	6	2018	147
829	15	5088	147
5178	15	5088	147
3113	11	3102	147
4805	14	3711	147
8590	17	8432	147
3237	12	116	147
2773	9	2517	147
2020	6	2018	147
2049	6	28	147
2927	10	2931	147
1894	23	2920	147
630	6	29	147
142	6	2044	147
5141	15	5088	147
1525	6	29	147
2663	17	5816	147
2530	9	2517	147
9431	20	5762	147
1502	1	416	147
2022	6	2023	147
801	15	5088	147
610	1	416	147
443	1	416	147
2080	6	115	147
12	1	27	147
717	1	636	147
473	1	416	147
5133	15	5088	147
831	1	416	147
733	1	731	147
613	1	416	147
2693	11	3087	147
5252	15	5088	147
44	6	29	147
845	1	28	147
8408	23	12519	147
113	6	29	147
9425	20	6706	147
2811	9	2517	147
169	1	171	147
846	1	397	147
2605	9	2607	147
2605	9	2606	147
1592	6	2145	147
3208	12	2120	147
4911	14	4117	147
1644	1	207	147
2530	14	3431	147
3577	14	3437	147
3205	12	2055	147
7985	20	5762	147
2845	10	2977	147
188	1	189	147
2483	9	2518	147
2867	9	2517	147
55	6	29	147
5214	15	5088	147
818	1	416	147
2074	6	171	147
3225	12	2155	147
3130	14	3437	147
178	6	115	147
292	1	120	147
2511	9	2476	147
10636	22	2157	147
742	15	4990	147
675	6	171	147
2744	9	2593	147
1983	6	402	147
2131	6	2018	147
2655	17	6719	147
1057	1	28	147
8863	17	5935	147
812	1	416	147
588	6	589	147
1912	6	171	147
428	15	5024	147
2589	9	2517	147
8863	17	6190	147
4428	14	3707	147
25	15	5024	147
8708	17	6704	147
28	6	29	147
771	1	773	147
169	6	402	147
2655	9	2482	147
480	15	4990	147
2792	9	2578	147
284	1	189	147
8500	17	6725	147
2144	6	2018	147
1003	1	589	147
2717	9	2517	147
675	15	4990	147
28	9	29	147
1588	6	29	147
12345	22	9579	147
810	1	416	147
1557	1	773	147
310	15	5088	147
7496	20	6780	147
659	1	341	147
1851	10	3012	147
742	1	743	147
2747	9	2748	147
583	15	5024	147
2663	17	5817	147
2883	9	2482	147
729	1	731	147
3032	10	2940	147
675	15	5120	147
822	1	416	147
380	6	29	147
309	15	5088	147
25	1	28	147
2663	9	2588	147
2119	6	2120	147
2102	6	2040	147
3186	12	2155	147
25	15	4990	147
578	1	28	147
2719	9	2721	147
1110	15	5120	147
4582	14	3519	147
2723	9	2482	147
2059	6	2018	147
2101	6	2040	147
588	1	589	147
428	6	402	147
1133	6	592	147
2135	6	2145	147
44	5	25	147
2865	11	3107	147
5168	15	5088	147
396	6	29	147
3061	10	3043	147
1893	23	2947	147
363	1	120	147
2798	9	2505	147
3191	12	29	147
1133	15	4990	147
3170	17	5947	147
2867	9	2588	147
734	15	4977	147
800	1	416	147
7446	20	6780	147
4333	14	3916	147
3101	11	3102	147
17	6	2044	147
675	6	402	147
205	1	207	147
478	1	479	147
675	1	320	147
7985	17	6700	147
759	1	28	147
5160	15	5088	147
492	15	5088	147
597	15	5088	147
3204	12	170	147
478	1	444	147
9420	23	2939	147
10636	22	10030	147
8812	17	6190	147
2133	6	2040	147
1930	15	4977	147
3232	12	29	147
1100	6	28	147
2094	6	2040	147
3178	11	3087	147
1959	6	2018	147
729	15	4990	147
428	6	171	147
5148	15	5088	147
5348	15	5088	147
28	1	29	147
2822	9	2529	147
769	1	28	147
629	1	28	147
415	1	416	147
2718	9	2482	147
2119	6	2045	147
786	15	5088	147
8863	17	5818	147
2822	14	3475	147
2719	10	3014	147
1588	1	276	147
2140	6	2018	147
2747	11	3107	147
7497	20	6780	147
776	15	5088	147
3189	12	2040	147
2791	9	2476	147
1912	15	5024	147
5158	15	5088	147
7375	20	6780	147
2793	9	2476	147
3434	14	3437	147
2663	17	6190	147
3130	14	3509	147
2883	9	2517	147
2886	11	3153	147
1983	15	5024	147
1567	1	589	147
8863	17	5817	147
1417	15	5088	147
2079	6	28	147
303	1	416	147
284	6	2040	147
636	1	479	147
9361	20	6706	147
2539	9	2540	147
2632	9	2476	147
2663	17	5818	147
3187	23	12518	147
12552	23	12525	147
2011	6	29	147
2747	9	2598	147
2530	9	2476	147
4115	14	4117	147
3218	23	2920	147
1970	6	2040	147
2663	9	2476	147
2007	6	2018	147
1983	6	171	147
3187	12	2055	147
2903	11	3089	147
205	15	4990	147
169	6	171	147
8708	17	5947	147
3193	12	115	147
85	6	115	147
832	1	416	147
473	6	2040	147
10751	22	9859	147
8438	20	6780	147
2632	9	2517	147
4586	17	5816	147
2074	6	402	147
1866	12	170	147
1941	6	2044	147
2511	9	2517	147
1900	10	3043	147
2138	6	2018	147
2	6	2018	147
2845	9	2518	147
1956	6	2040	147
47	6	29	147
3242	12	115	147
1127	1	846	147
2903	12	170	147
1979	6	2148	147
2077	6	2018	147
1931	6	115	147
8824	23	2977	147
1478	1	114	147
9381	20	5762	147
2605	9	2476	147
1644	15	5088	147
25	6	29	147
380	1	1363	147
1473	1	114	147
1912	6	402	147
857	15	5088	147
8708	17	6308	147
734	15	4977	147
1424	1	479	147
2157	6	2120	147
2663	17	5935	147
771	6	29	147
2069	6	2018	147
1871	12	170	147
228	6	2040	147
2207	12	2155	147
8571	23	12518	147
2010	6	2018	147
1860	9	2517	147
8863	17	5816	147
3218	12	2018	147
3233	23	2977	147
44	1	46	147
4586	17	5817	147
2993	23	2939	147
1513	1	773	147
2979	10	2924	147
1851	10	2997	147
3233	23	12521	147
253	6	28	147
2648	9	2505	147
114	1	115	147
19	6	2044	147
2116	6	2018	147
3205	20	6012	147
9380	20	6780	148
2539	9	2482	148
3063	10	2924	148
5238	15	5088	148
2521	9	2482	148
955	1	589	148
2808	9	2517	148
2015	6	115	148
2644	9	2593	148
199	1	189	148
118	1	120	148
4082	14	3747	148
2693	14	3468	148
5308	15	5088	148
2718	9	2540	148
2586	9	2482	148
2663	14	3712	148
2812	9	2517	148
2640	9	2482	148
492	1	493	148
5108	15	5088	148
799	1	773	148
3231	12	29	148
2692	9	2476	148
811	1	416	148
776	1	493	148
2723	9	2517	148
2176	6	2018	148
8957	23	2922	148
3211	12	2120	148
7497	20	6780	148
1941	5	1943	148
4586	17	5818	148
9011	17	7064	148
1922	6	2018	148
829	15	5088	148
5178	15	5088	148
7170	20	7092	148
3113	11	3102	148
4805	14	3711	148
3237	12	116	148
4886	14	3711	148
2773	9	2517	148
2020	6	2018	148
2049	6	28	148
2927	10	2931	148
1894	23	2920	148
630	6	29	148
2743	9	2482	148
1513	1	766	148
142	6	2044	148
5141	15	5088	148
1525	6	29	148
2663	17	5816	148
2530	9	2517	148
1502	1	416	148
2022	6	2023	148
801	15	5088	148
610	1	416	148
443	1	416	148
9361	20	6706	148
2080	6	115	148
12	1	27	148
717	1	636	148
473	1	416	148
5133	15	5088	148
831	1	416	148
733	1	731	148
613	1	416	148
2693	11	3087	148
5252	15	5088	148
1851	10	3056	148
44	6	29	148
845	1	28	148
8408	23	12519	148
113	6	29	148
2811	9	2517	148
169	1	171	148
846	1	397	148
799	1	766	148
2605	9	2607	148
1900	4	1901	148
6621	17	6623	148
2605	9	2606	148
1592	6	2145	148
11084	22	10047	148
3208	12	2120	148
1644	1	207	148
2530	14	3431	148
3577	14	3437	148
3205	12	2055	148
2845	10	2977	148
188	1	189	148
2483	9	2518	148
2867	9	2517	148
55	6	29	148
5214	15	5088	148
818	1	416	148
2074	6	171	148
3225	12	2155	148
3130	14	3437	148
178	6	115	148
292	1	120	148
2511	9	2476	148
6108	20	7092	148
10636	22	2157	148
742	15	4990	148
675	6	171	148
2744	9	2593	148
2131	6	2018	148
1057	1	28	148
8863	17	5935	148
812	1	416	148
588	6	589	148
1912	6	171	148
428	15	5024	148
2589	9	2517	148
7375	20	6780	148
8863	17	6190	148
4428	14	3707	148
9381	20	5762	148
25	15	5024	148
28	6	29	148
771	1	773	148
2655	9	2482	148
480	15	4990	148
2792	9	2578	148
284	1	189	148
2144	6	2018	148
1003	1	589	148
2717	9	2517	148
675	15	4990	148
9425	20	6706	148
28	9	29	148
1588	6	29	148
2927	10	2930	148
12345	22	9579	148
810	1	416	148
1557	1	773	148
310	15	5088	148
659	1	341	148
1851	10	3012	148
2747	9	2748	148
583	15	5024	148
2663	17	5817	148
2883	9	2482	148
729	1	731	148
3032	10	2940	148
675	15	5120	148
822	1	416	148
380	6	29	148
309	15	5088	148
25	1	28	148
2663	9	2588	148
2119	6	2120	148
2102	6	2040	148
3186	12	2155	148
25	15	4990	148
578	1	28	148
2719	9	2721	148
1110	15	5120	148
4582	14	3519	148
2723	9	2482	148
2059	6	2018	148
2101	6	2040	148
588	1	589	148
6480	17	6481	148
1133	6	592	148
2135	6	2145	148
44	5	25	148
2865	11	3107	148
5168	15	5088	148
6929	20	6706	148
396	6	29	148
3061	10	3043	148
1893	23	2947	148
363	1	120	148
10751	22	9991	148
8438	20	6780	148
2798	9	2505	148
3191	12	29	148
1133	15	4990	148
2867	9	2588	148
734	15	4977	148
800	1	416	148
4333	14	3916	148
3101	11	3102	148
17	6	2044	148
205	1	207	148
478	1	479	148
675	1	320	148
759	1	28	148
5160	15	5088	148
492	15	5088	148
597	15	5088	148
3204	12	170	148
478	1	444	148
9420	23	2939	148
10636	22	10030	148
8812	17	6190	148
2133	6	2040	148
1930	15	4977	148
3232	12	29	148
1100	6	28	148
2094	6	2040	148
3178	11	3087	148
1959	6	2018	148
729	15	4990	148
428	6	171	148
5148	15	5088	148
5348	15	5088	148
1894	4	1839	148
28	1	29	148
2822	9	2529	148
769	1	28	148
629	1	28	148
415	1	416	148
7141	17	6700	148
2718	9	2482	148
2119	6	2045	148
786	15	5088	148
2622	9	2482	148
8863	17	5818	148
2822	14	3475	148
2719	10	3014	148
1588	1	276	148
2140	6	2018	148
2747	11	3107	148
776	15	5088	148
3189	12	2040	148
2791	9	2476	148
1912	15	5024	148
5158	15	5088	148
2793	9	2476	148
3434	14	3437	148
2663	17	6190	148
3130	14	3509	148
2883	9	2517	148
2886	11	3153	148
1983	15	5024	148
5852	20	5762	148
1567	1	589	148
8863	17	5817	148
11084	22	10813	148
1417	15	5088	148
2079	6	28	148
303	1	416	148
284	6	2040	148
636	1	479	148
2539	9	2540	148
2632	9	2476	148
2663	17	5818	148
3187	23	12518	148
12552	23	12525	148
2011	6	29	148
2747	9	2598	148
2530	9	2476	148
4115	14	4117	148
3218	23	2920	148
9423	20	6706	148
1970	6	2040	148
2663	9	2476	148
2007	6	2018	148
1983	6	171	148
3187	12	2055	148
2903	11	3089	148
205	15	4990	148
169	6	171	148
3193	12	115	148
85	6	115	148
832	1	416	148
473	6	2040	148
10751	22	9859	148
2632	9	2517	148
4586	17	5816	148
1866	12	170	148
1941	6	2044	148
2511	9	2517	148
1900	10	3043	148
2138	6	2018	148
2	6	2018	148
2845	9	2518	148
1956	6	2040	148
47	6	29	148
9431	20	5762	148
3242	12	115	148
1127	1	846	148
2903	12	170	148
1979	6	2148	148
2077	6	2018	148
1931	6	115	148
8824	23	2977	148
1478	1	114	148
2605	9	2476	148
1644	15	5088	148
25	6	29	148
380	1	1363	148
1473	1	114	148
857	15	5088	148
734	15	4977	148
1424	1	479	148
2157	6	2120	148
2663	17	5935	148
771	6	29	148
2069	6	2018	148
1871	12	170	148
2584	20	6780	148
7985	20	5762	148
12345	22	9574	148
228	6	2040	148
2207	12	2155	148
8571	23	12518	148
2010	6	2018	148
1860	9	2517	148
8863	17	5816	148
3218	12	2018	148
3205	20	6012	148
3233	23	2977	148
44	1	46	148
4586	17	5817	148
2993	23	2939	148
1513	1	773	148
2979	10	2924	148
1851	10	2997	148
3233	23	12521	148
253	6	28	148
2648	9	2505	148
2798	20	6012	148
114	1	115	148
19	6	2044	148
2116	6	2018	148
2539	9	2482	149
3063	10	2924	149
5238	15	5088	149
2521	9	2482	149
955	1	589	149
2808	9	2517	149
2015	6	115	149
2644	9	2593	149
199	1	189	149
118	1	120	149
4082	14	3747	149
2693	14	3468	149
5308	15	5088	149
2718	9	2540	149
2586	9	2482	149
2812	9	2517	149
2640	9	2482	149
492	1	493	149
5108	15	5088	149
3231	12	29	149
2692	9	2476	149
811	1	416	149
776	1	493	149
2723	9	2517	149
2176	6	2018	149
8957	23	2922	149
8473	17	5942	149
3211	12	2120	149
1941	5	1943	149
4586	17	5818	149
1922	6	2018	149
829	15	5088	149
5178	15	5088	149
3113	11	3102	149
3237	12	116	149
2773	9	2517	149
2020	6	2018	149
2049	6	28	149
630	6	29	149
2743	9	2482	149
1513	1	766	149
142	6	2044	149
5141	15	5088	149
1525	6	29	149
2663	17	5816	149
2530	9	2517	149
1502	1	416	149
3205	20	6012	149
2022	6	2023	149
801	15	5088	149
610	1	416	149
443	1	416	149
2080	6	115	149
4582	14	3793	149
12	1	27	149
717	1	636	149
473	1	416	149
5133	15	5088	149
831	1	416	149
733	1	731	149
613	1	416	149
2693	11	3087	149
5252	15	5088	149
1851	10	3056	149
44	6	29	149
845	1	28	149
8408	23	12519	149
113	6	29	149
6724	17	6491	149
2811	9	2517	149
169	1	171	149
846	1	397	149
799	1	766	149
2605	9	2607	149
2605	9	2606	149
1592	6	2145	149
11084	22	10047	149
3208	12	2120	149
7496	20	6780	149
1644	1	207	149
2530	14	3431	149
3577	14	3437	149
3130	14	3491	149
3205	12	2055	149
7985	20	5762	149
7184	20	6706	149
2845	10	2977	149
188	1	189	149
2483	9	2518	149
2867	9	2517	149
55	6	29	149
5214	15	5088	149
818	1	416	149
2074	6	171	149
3225	12	2155	149
3130	14	3437	149
178	6	115	149
292	1	120	149
2511	9	2476	149
10636	22	2157	149
742	15	4990	149
675	6	171	149
2744	9	2593	149
2131	6	2018	149
1057	1	28	149
8863	17	5935	149
812	1	416	149
588	6	589	149
1912	6	171	149
428	15	5024	149
2589	9	2517	149
8863	17	6190	149
47	1	176	149
4428	14	3707	149
25	15	5024	149
28	6	29	149
771	1	773	149
2655	9	2482	149
480	15	4990	149
2792	9	2578	149
284	1	189	149
2144	6	2018	149
1003	1	589	149
2717	9	2517	149
2646	9	2482	149
675	15	4990	149
28	9	29	149
1588	6	29	149
2927	10	2930	149
810	1	416	149
1557	1	773	149
310	15	5088	149
659	1	341	149
1139	1	773	149
2747	9	2748	149
583	15	5024	149
2663	17	5817	149
2883	9	2482	149
729	1	731	149
3032	10	2940	149
675	15	5120	149
822	1	416	149
4333	20	5762	149
380	6	29	149
309	15	5088	149
292	1	119	149
25	1	28	149
2663	9	2588	149
2119	6	2120	149
2102	6	2040	149
3186	12	2155	149
25	15	4990	149
578	1	28	149
118	1	119	149
2719	9	2721	149
1110	15	5120	149
4582	14	3519	149
2723	9	2482	149
8037	20	7092	149
2059	6	2018	149
2101	6	2040	149
588	1	589	149
1133	6	592	149
2135	6	2145	149
44	5	25	149
7449	17	7198	149
2865	11	3107	149
5168	15	5088	149
396	6	29	149
3061	10	3043	149
1893	23	2947	149
363	1	120	149
10751	22	9991	149
2798	9	2505	149
3191	12	29	149
1133	15	4990	149
2867	9	2588	149
734	15	4977	149
800	1	416	149
4333	14	3916	149
3101	11	3102	149
17	6	2044	149
205	1	207	149
478	1	479	149
675	1	320	149
759	1	28	149
5160	15	5088	149
492	15	5088	149
597	15	5088	149
9431	20	5762	149
4891	17	6169	149
3204	12	170	149
478	1	444	149
9420	23	2939	149
10636	22	10030	149
8812	17	6190	149
2133	6	2040	149
1930	15	4977	149
3232	12	29	149
1100	6	28	149
2094	6	2040	149
3178	11	3087	149
1959	6	2018	149
729	15	4990	149
428	6	171	149
5148	15	5088	149
5348	15	5088	149
1363	1	119	149
28	1	29	149
2584	9	2482	149
769	1	28	149
629	1	28	149
415	1	416	149
2718	9	2482	149
2119	6	2045	149
786	15	5088	149
2622	9	2482	149
8863	17	5818	149
2719	10	3014	149
1588	1	276	149
2140	6	2018	149
2747	11	3107	149
2605	20	5762	149
776	15	5088	149
3189	12	2040	149
2791	9	2476	149
8767	20	7092	149
1912	15	5024	149
5158	15	5088	149
10636	22	10637	149
2793	9	2476	149
3434	14	3437	149
2663	17	6190	149
3130	14	3509	149
2883	9	2517	149
2886	11	3153	149
1983	15	5024	149
1567	1	589	149
8863	17	5817	149
11084	22	10813	149
1417	15	5088	149
2079	6	28	149
303	1	416	149
7375	20	6780	149
284	6	2040	149
636	1	479	149
2539	9	2540	149
2632	9	2476	149
2663	17	5818	149
3187	23	12518	149
12552	23	12525	149
2011	6	29	149
2747	9	2598	149
2530	9	2476	149
9370	20	5762	149
4115	14	4117	149
3218	23	2920	149
1970	6	2040	149
3635	17	6059	149
2663	9	2476	149
11580	22	9985	149
2007	6	2018	149
1983	6	171	149
3187	12	2055	149
2903	11	3089	149
205	15	4990	149
169	6	171	149
3193	12	115	149
85	6	115	149
832	1	416	149
9425	20	7092	149
473	6	2040	149
2632	9	2517	149
4586	17	5816	149
1866	12	170	149
1941	6	2044	149
8590	20	7092	149
2511	9	2517	149
1900	10	3043	149
2138	6	2018	149
2	6	2018	149
2845	9	2518	149
1956	6	2040	149
47	6	29	149
3242	12	115	149
1127	1	846	149
2903	12	170	149
1979	6	2148	149
2077	6	2018	149
1931	6	115	149
8824	23	2977	149
7222	20	5762	149
1478	1	114	149
2605	9	2476	149
1644	15	5088	149
25	6	29	149
380	1	1363	149
1473	1	114	149
857	15	5088	149
734	15	4977	149
1424	1	479	149
2157	6	2120	149
2663	17	5935	149
771	6	29	149
7446	20	6780	149
2069	6	2018	149
1871	12	170	149
7497	20	6780	149
12345	22	9574	149
228	6	2040	149
2207	12	2155	149
8571	23	12518	149
2010	6	2018	149
10751	22	9579	149
1860	9	2517	149
8863	17	5816	149
3218	12	2018	149
3233	23	2977	149
44	1	46	149
4586	17	5817	149
2993	23	2939	149
2979	10	2924	149
1851	10	2997	149
3233	23	12521	149
253	6	28	149
2648	9	2505	149
114	1	115	149
19	6	2044	149
2116	6	2018	149
2539	9	2482	150
3063	10	2924	150
5238	15	5088	150
2521	9	2482	150
955	1	589	150
2808	9	2517	150
2015	6	115	150
2644	9	2593	150
199	1	189	150
9370	20	5762	150
4082	14	3747	150
2693	14	3468	150
5308	15	5088	150
2718	9	2540	150
2586	9	2482	150
2812	9	2517	150
2640	9	2482	150
492	1	493	150
5108	15	5088	150
3231	12	29	150
2692	9	2476	150
811	1	416	150
776	1	493	150
2723	9	2517	150
2176	6	2018	150
8957	23	2922	150
3211	12	2120	150
1941	5	1943	150
4586	17	5818	150
1922	6	2018	150
829	15	5088	150
5178	15	5088	150
3113	11	3102	150
3237	12	116	150
2773	9	2517	150
2020	6	2018	150
2049	6	28	150
630	6	29	150
2743	9	2482	150
1513	1	766	150
7449	17	6566	150
142	6	2044	150
5141	15	5088	150
1525	6	29	150
2663	17	5816	150
2530	9	2517	150
1502	1	416	150
2022	6	2023	150
801	15	5088	150
610	1	416	150
443	1	416	150
2080	6	115	150
4582	14	3793	150
12	1	27	150
717	1	636	150
473	1	416	150
5133	15	5088	150
831	1	416	150
733	1	731	150
613	1	416	150
2693	11	3087	150
5252	15	5088	150
1851	10	3056	150
44	6	29	150
845	1	28	150
113	6	29	150
8408	23	12518	150
2811	9	2517	150
7497	17	7286	150
169	1	171	150
846	1	397	150
799	1	766	150
2605	9	2607	150
2605	9	2606	150
6698	17	6699	150
1592	6	2145	150
3208	12	2120	150
1644	1	207	150
2530	14	3431	150
3577	14	3437	150
3130	14	3491	150
3205	12	2055	150
2845	10	2977	150
188	1	189	150
2483	9	2518	150
2867	9	2517	150
10636	22	9856	150
55	6	29	150
5214	15	5088	150
818	1	416	150
2074	6	171	150
3225	12	2155	150
3130	14	3437	150
178	6	115	150
2511	9	2476	150
742	15	4990	150
675	6	171	150
2744	9	2593	150
7184	20	6706	150
2131	6	2018	150
1057	1	28	150
4630	14	3895	150
8863	17	5935	150
812	1	416	150
588	6	589	150
1912	6	171	150
428	15	5024	150
2589	9	2517	150
8863	17	6190	150
47	1	176	150
4428	14	3707	150
2979	17	5816	150
25	15	5024	150
28	6	29	150
771	1	773	150
2655	9	2482	150
480	15	4990	150
2792	9	2578	150
284	1	189	150
2144	6	2018	150
1003	1	589	150
2717	9	2517	150
2646	9	2482	150
675	15	4990	150
28	9	29	150
1588	6	29	150
7446	20	6780	150
2927	10	2930	150
9431	20	5762	150
3205	20	6012	150
810	1	416	150
1557	1	773	150
7184	17	7185	150
310	15	5088	150
659	1	341	150
1139	1	773	150
2747	9	2748	150
583	15	5024	150
2663	17	5817	150
2883	9	2482	150
729	1	731	150
3032	10	2940	150
675	15	5120	150
822	1	416	150
380	6	29	150
309	15	5088	150
292	1	119	150
11580	22	9538	150
25	1	28	150
2663	9	2588	150
2119	6	2120	150
2102	6	2040	150
3186	12	2155	150
25	15	4990	150
578	1	28	150
118	1	119	150
2719	9	2721	150
1110	15	5120	150
2723	9	2482	150
2059	6	2018	150
2101	6	2040	150
588	1	589	150
1133	6	592	150
2135	6	2145	150
44	5	25	150
1874	4	1839	150
2865	11	3107	150
5168	15	5088	150
396	6	29	150
3061	10	3043	150
1893	23	2947	150
363	1	120	150
2798	9	2505	150
3191	12	29	150
1133	15	4990	150
2867	9	2588	150
734	15	4977	150
800	1	416	150
4333	14	3916	150
3101	11	3102	150
17	6	2044	150
205	1	207	150
478	1	479	150
675	1	320	150
4608	20	6012	150
759	1	28	150
5160	15	5088	150
492	15	5088	150
597	15	5088	150
3204	12	170	150
478	1	444	150
9420	23	2939	150
8812	17	6190	150
2133	6	2040	150
1930	15	4977	150
3232	12	29	150
1100	6	28	150
2094	6	2040	150
2655	20	7092	150
3178	11	3087	150
1959	6	2018	150
10636	22	9538	150
729	15	4990	150
428	6	171	150
5148	15	5088	150
5348	15	5088	150
1363	1	119	150
7497	20	6780	150
28	1	29	150
2584	9	2482	150
769	1	28	150
629	1	28	150
415	1	416	150
2718	9	2482	150
2119	6	2045	150
786	15	5088	150
2622	9	2482	150
8863	17	5818	150
2719	10	3014	150
1588	1	276	150
2140	6	2018	150
2747	11	3107	150
1418	1	885	150
776	15	5088	150
8447	17	6700	150
3189	12	2040	150
2791	9	2476	150
1912	15	5024	150
5158	15	5088	150
2793	9	2476	150
3434	14	3437	150
883	1	885	150
2663	17	6190	150
2883	9	2517	150
2886	11	3153	150
1983	15	5024	150
1567	1	589	150
8863	17	5817	150
11084	22	10813	150
758	1	759	150
1417	15	5088	150
2079	6	28	150
303	1	416	150
284	6	2040	150
636	1	479	150
2539	9	2540	150
2632	9	2476	150
2663	17	5818	150
3187	23	12518	150
12552	23	12525	150
2011	6	29	150
2747	9	2598	150
2530	9	2476	150
4115	14	4117	150
1970	6	2040	150
2663	9	2476	150
11580	22	9985	150
2007	6	2018	150
1983	6	171	150
3187	12	2055	150
2903	11	3089	150
205	15	4990	150
169	6	171	150
3193	12	115	150
85	6	115	150
832	1	416	150
473	6	2040	150
2632	9	2517	150
4586	17	5816	150
1866	12	170	150
1941	6	2044	150
2511	9	2517	150
1900	10	3043	150
2138	6	2018	150
2	6	2018	150
2845	9	2518	150
7497	17	7197	150
1956	6	2040	150
47	6	29	150
3242	12	115	150
1127	1	846	150
2903	12	170	150
1979	6	2148	150
2077	6	2018	150
1931	6	115	150
8824	23	2977	150
9361	20	6706	150
1478	1	114	150
2605	9	2476	150
8438	20	6780	150
1644	15	5088	150
25	6	29	150
380	1	1363	150
1473	1	114	150
857	15	5088	150
734	15	4977	150
7375	20	6780	150
1424	1	479	150
2157	6	2120	150
2663	17	5935	150
771	6	29	150
2069	6	2018	150
1871	12	170	150
12497	22	10627	150
12345	22	9574	150
228	6	2040	150
7985	20	5762	150
2207	12	2155	150
8571	23	12518	150
6480	17	5896	150
2010	6	2018	150
10751	22	9579	150
1860	9	2517	150
8863	17	5816	150
3218	12	2018	150
3233	23	2977	150
44	1	46	150
4586	17	5817	150
2993	23	2939	150
2979	10	2924	150
1851	10	2997	150
7497	17	6287	150
3233	23	12521	150
253	6	28	150
2648	9	2505	150
2719	9	2720	150
114	1	115	150
19	6	2044	150
2116	6	2018	150
544	1	545	151
2539	9	2482	151
3063	10	2924	151
5238	15	5088	151
2521	9	2482	151
955	1	589	151
4082	14	3495	151
2808	9	2517	151
2015	6	115	151
2644	9	2593	151
199	1	189	151
4082	14	3747	151
2693	14	3468	151
5308	15	5088	151
2718	9	2540	151
2586	9	2482	151
2812	9	2517	151
2640	9	2482	151
492	1	493	151
5108	15	5088	151
3231	12	29	151
2692	9	2476	151
811	1	416	151
776	1	493	151
2723	9	2517	151
2176	6	2018	151
8957	23	2922	151
3211	12	2120	151
1941	5	1943	151
4586	17	5935	151
4586	17	5818	151
1922	6	2018	151
829	15	5088	151
5178	15	5088	151
3113	11	3102	151
3237	12	116	151
2773	9	2517	151
2020	6	2018	151
2049	6	28	151
630	6	29	151
2743	9	2482	151
2655	20	7092	151
1513	1	766	151
142	6	2044	151
5141	15	5088	151
1525	6	29	151
2663	17	5816	151
2530	9	2517	151
1502	1	416	151
2022	6	2023	151
801	15	5088	151
610	1	416	151
443	1	416	151
2080	6	115	151
4582	14	3793	151
12	1	27	151
717	1	636	151
473	1	416	151
5133	15	5088	151
831	1	416	151
733	1	731	151
613	1	416	151
2693	11	3087	151
5252	15	5088	151
1851	10	3056	151
44	6	29	151
845	1	28	151
113	6	29	151
8408	23	12518	151
2811	9	2517	151
169	1	171	151
846	1	397	151
799	1	766	151
2605	9	2607	151
7446	20	6780	151
2605	9	2606	151
1592	6	2145	151
3208	12	2120	151
1644	1	207	151
2530	14	3431	151
3577	14	3437	151
3130	14	3491	151
3205	12	2055	151
8447	17	5853	151
2845	10	2977	151
188	1	189	151
2483	9	2518	151
2867	9	2517	151
55	6	29	151
5214	15	5088	151
818	1	416	151
7222	20	5762	151
2074	6	171	151
3225	12	2155	151
3130	14	3437	151
178	6	115	151
2511	9	2476	151
742	15	4990	151
675	6	171	151
2744	9	2593	151
2131	6	2018	151
1057	1	28	151
4805	14	3711	151
8863	17	5935	151
812	1	416	151
588	6	589	151
1912	6	171	151
428	15	5024	151
2589	9	2517	151
8863	17	6190	151
47	1	176	151
4428	14	3707	151
7497	20	6780	151
25	15	5024	151
28	6	29	151
2655	9	2482	151
480	15	4990	151
2792	9	2578	151
284	1	189	151
2144	6	2018	151
1003	1	589	151
2717	9	2517	151
2646	9	2482	151
675	15	4990	151
28	9	29	151
1588	6	29	151
