2265	23	2982	064
8131	23	3030	125
1042	18	409	162
2267	8	2268	182
963	1	148	085
9144	18	704	222
4764	21	9462	201
1590	1	122	014
1042	18	1051	220
9144	18	1034	230
9162	19	948	225
7687	23	12511	025
4074	14	3791	077
1372	1	1142	114
2362	8	2361	184
1042	18	1441	230
1339	1	129	071
135	18	9135	217
7790	23	12511	139
135	18	534	191
1501	1	148	117
9144	18	9140	214
959	1	163	147
6400	19	9159	210
3345	21	9473	229
8552	19	9149	163
3250	21	9434	171
3236	23	12520	085
2426	8	2403	199
9680	22	9544	074
203	1	123	107
1343	1	1210	105
9144	18	1027	179
468	1	125	053
9144	18	696	166
1641	1	148	065
9144	18	9138	229
135	18	1013	226
680	18	9132	175
2267	8	2268	187
386	1	148	109
3243	19	1918	225
135	18	9132	184
1042	18	645	165
1475	1	155	080
9144	18	9138	216
9470	21	9455	169
9144	18	9137	212
1585	1	706	152
9144	18	1027	172
367	1	122	068
430	1	148	016
5358	15	4973	083
1485	1	155	009
2407	8	2406	216
2395	8	2394	203
477	1	122	037
135	18	2004	226
1514	1	148	102
135	18	1468	190
5099	15	4973	098
2326	8	2327	208
135	18	1013	193
1030	1	1031	138
1275	1	1210	134
135	18	954	224
5186	15	4973	109
9144	18	704	209
9390	23	12511	076
145	1	123	142
2330	8	2331	228
4048	14	3791	068
1260	1	122	006
135	18	9134	204
456	1	125	023
5215	15	4973	130
9144	18	1029	222
135	18	9131	225
1042	18	1467	188
135	18	1426	191
3250	21	9434	204
146	1	123	103
231	1	122	053
284	1	189	141
1555	1	129	070
1042	18	435	170
367	1	122	006
1042	18	876	198
135	18	534	214
1661	1	126	090
1544	1	148	139
135	18	1014	187
9144	18	698	198
1369	1	129	135
400	18	3078	187
135	18	1426	169
7790	23	12511	138
2410	8	2409	170
1042	18	645	202
5250	15	4973	099
1465	1	155	074
168	1	148	131
1545	1	148	026
198	1	189	085
8779	23	2989	047
1042	18	160	181
9144	18	9140	163
1042	18	1651	221
400	18	481	168
3069	19	9152	194
1042	18	644	195
2216	7	2206	230
1042	18	435	176
135	18	1470	164
249	1	148	114
1465	1	155	084
5122	15	4973	112
5335	15	4973	055
1372	1	953	033
680	18	9135	167
2407	8	2406	217
1042	18	1651	223
2472	8	2374	204
3134	11	3129	146
8943	23	12535	152
1042	18	435	229
6936	23	12511	129
409	1	125	030
9144	18	9139	213
9144	18	708	220
9144	18	1027	189
1042	18	876	211
1441	1	125	058
9144	18	9140	194
534	1	135	115
2361	8	2362	190
998	1	148	075
352	15	4973	100
3250	21	9434	180
1042	18	644	199
5042	15	4973	155
2301	23	12535	067
3135	11	3136	079
680	1	137	136
534	1	535	063
5328	15	4973	049
1591	1	535	005
196	1	189	138
680	18	9132	168
2445	8	2446	220
1042	18	644	227
3236	23	3023	100
9444	21	9446	216
2925	19	1926	221
9144	18	1031	209
1042	18	160	186
135	18	1081	195
1476	1	148	048
1259	1	129	032
680	18	9131	163
135	18	9130	204
8385	23	3023	039
2426	8	2403	200
147	1	148	096
1457	1	155	022
2925	19	1926	167
1042	18	1051	227
8842	19	9149	220
5250	15	4973	058
2362	8	2361	190
9144	18	708	172
2373	8	2374	176
2405	8	2404	214
4979	15	4973	123
4978	15	4973	091
1042	18	160	162
352	15	4973	008
465	1	125	149
1413	1	123	090
1484	1	155	081
2395	21	9462	190
1042	18	1651	184
1318	1	1210	131
1521	1	148	062
1279	1	129	031
7018	19	1991	173
9144	18	1029	195
2414	8	2415	215
1042	18	967	187
1667	1	125	154
135	18	2004	165
1501	1	148	132
2361	8	2362	163
400	18	3078	174
4394	14	3791	026
135	18	1591	184
4230	21	9462	211
1501	1	148	145
3024	19	9153	173
135	18	1081	213
135	18	1081	194
5025	15	4973	147
8756	23	12511	101
2845	14	3956	090
1528	1	125	049
135	18	854	190
1354	1	1142	127
12016	22	10956	154
1523	1	917	034
203	1	123	105
9162	19	948	194
9144	18	704	228
9144	18	137	206
1042	18	1441	215
2362	8	2361	194
3066	23	12524	073
3024	19	9153	168
946	1	163	106
1042	18	489	170
964	1	148	042
2691	23	3023	066
135	18	1426	186
1222	1	122	026
2326	8	2327	182
2917	9	2593	112
2427	8	2426	162
4953	14	3512	120
9144	18	698	230
6371	23	3023	149
194	1	148	090
1260	1	1210	128
1042	18	409	204
1650	1	123	107
9144	18	1031	182
2470	8	2471	214
9470	21	9455	173
1441	1	125	029
2445	8	2446	196
9144	18	137	185
3024	19	9153	175
9144	18	687	217
932	1	148	136
9164	23	12533	006
350	1	163	064
2615	9	2593	135
1042	18	876	201
135	18	9134	212
3250	21	9434	166
1042	18	570	213
534	1	535	160
1444	1	123	098
2427	8	2426	201
9144	18	1041	198
1042	18	644	178
1042	18	645	208
9070	23	2982	143
2426	8	2427	212
9144	18	9136	172
1042	18	568	227
2373	8	2374	197
9144	18	9139	190
1382	1	953	063
211	1	189	110
5258	15	4973	016
1042	18	644	165
431	1	189	150
1042	18	715	185
1081	1	604	043
2405	8	2404	204
2433	8	2432	222
8842	23	3023	066
6129	23	12508	048
11372	22	9589	050
1009	1	125	154
5086	15	4973	130
1186	1	1142	127
9144	18	1041	185
2447	23	12501	095
7975	23	3023	152
7018	19	1991	209
1042	18	876	197
135	18	854	173
4048	14	3791	105
7079	23	12511	134
5267	15	4973	046
908	1	518	122
3086	23	12527	112
3250	21	9434	190
1534	1	122	036
1042	18	1050	188
1042	18	570	217
654	1	123	147
2463	8	2464	222
9144	18	1029	183
1042	18	1050	200
135	18	534	173
1042	18	979	231
2432	8	2433	207
135	18	9130	218
5301	15	4973	159
135	18	9130	184
1042	18	409	168
5042	15	4973	020
9144	18	704	220
1042	18	571	203
195	1	189	015
9144	18	1027	215
5072	15	4973	002
2414	8	2415	189
135	18	1014	198
135	18	9134	231
1472	1	155	064
9144	18	9136	201
1042	18	570	172
9144	18	9136	194
1545	1	148	159
9144	18	1027	212
1371	1	129	038
1042	18	571	211
197	1	189	052
2405	8	2404	219
2373	23	12511	127
680	18	9132	178
1465	1	155	135
2448	8	2447	218
7406	23	3023	161
1466	1	155	045
951	1	148	062
2205	7	2206	223
9144	18	9139	163
5260	15	4973	092
1349	1	129	069
1447	1	155	012
1042	18	967	227
489	1	125	021
5143	15	4973	013
2448	8	2462	199
9144	18	708	191
807	1	148	006
1415	1	163	018
3388	21	9473	229
1514	1	148	086
1274	1	129	069
628	1	148	098
6400	19	9159	228
8667	23	3023	128
1042	18	160	216
1042	18	1467	193
9144	18	9140	192
909	1	148	127
1453	15	4973	117
3388	21	9473	223
1591	1	535	057
2326	8	2327	223
1352	1	953	150
1042	18	645	179
1042	18	409	200
1042	18	377	208
1180	1	1142	072
135	18	9131	221
918	1	148	073
1042	18	435	181
1411	1	163	133
1042	18	435	165
1948	15	5094	086
11703	22	9557	154
2327	8	2326	207
9144	18	1027	216
3236	23	12520	069
135	18	9133	201
9144	18	1041	176
5317	15	4973	011
1042	18	1441	219
1467	1	125	048
138	15	4973	033
2267	8	2268	181
5212	15	4973	130
1094	1	125	058
570	1	125	069
2407	8	2406	210
2432	8	2433	221
2402	8	2403	208
5117	15	4973	133
5171	15	4973	146
395	1	123	156
9515	21	9442	191
9162	19	948	217
3790	14	4261	044
677	1	148	075
1042	18	409	203
1141	1	953	151
2445	8	2446	164
1354	1	953	040
1392	1	1210	118
1168	1	953	034
8756	23	12511	068
1042	18	979	186
2943	21	9462	220
9144	18	1027	191
1081	1	535	122
135	18	9133	192
135	18	1468	228
2406	8	2407	220
2373	8	2374	185
738	1	122	018
1176	1	953	039
1201	1	1142	119
2463	8	2464	208
135	18	1081	229
135	18	1591	227
2445	8	2446	212
5186	15	4973	077
9144	18	9139	183
9144	18	1029	191
1587	1	122	007
1279	1	129	029
602	1	604	115
7847	23	2966	034
9401	23	12508	058
1042	18	435	228
1042	18	715	162
1176	1	953	161
138	1	125	011
5080	15	4973	095
2341	8	2340	170
2301	23	12535	082
462	1	126	122
9018	23	3023	092
135	18	954	207
2395	21	9462	223
5070	15	4973	043
135	18	9131	204
3138	19	9157	173
9164	23	12533	030
150	1	123	147
5323	15	4973	160
9144	18	1031	166
1274	1	1210	104
1470	1	135	100
9144	18	1029	167
1339	1	129	023
2327	8	2326	213
5215	15	4973	005
593	15	4973	057
5099	15	4973	131
5143	15	4973	054
541	1	282	106
135	18	1426	196
400	18	3078	189
2310	19	1991	188
1858	19	969	230
5256	15	4973	157
9144	18	1027	175
680	18	9130	172
5164	15	4973	139
2310	19	1991	189
4764	21	9462	196
3250	21	9434	218
2295	8	2294	168
3250	21	9434	192
9144	18	696	209
255	1	148	017
4764	21	9462	231
9144	18	708	205
1356	1	953	053
2341	8	2340	164
1188	1	953	156
3843	14	3791	158
8756	23	12511	019
1016	1	126	092
1310	1	122	042
1042	18	571	195
1476	1	148	060
8943	23	2951	154
2294	23	12511	024
542	1	1029	158
1453	1	419	088
2205	7	2206	230
135	18	1470	174
5206	15	4973	104
2327	8	2326	203
5208	15	4973	131
9470	21	9455	175
1544	1	148	053
400	18	481	196
1042	18	570	221
135	18	9133	223
9144	18	1027	188
1584	1	122	006
1180	1	1142	065
1042	18	568	223
805	1	129	049
982	1	148	155
2405	8	2404	207
135	18	1591	186
5093	15	5094	048
1042	18	876	216
2361	8	2362	169
135	18	9134	193
4441	14	3710	116
1585	1	148	054
954	1	604	092
9144	18	1035	228
961	1	148	118
7975	23	2951	155
135	18	9130	229
1243	1	1142	133
7975	23	3023	013
1941	5	1943	156
5201	15	4973	068
1042	18	715	208
1318	1	129	064
1042	18	489	189
1182	1	953	026
2294	8	2295	168
1055	1	129	070
2427	8	2426	171
3069	19	1926	208
1042	18	160	210
8426	23	12511	124
910	1	518	038
673	15	4973	014
2394	8	2395	224
2925	19	1926	182
2925	19	1926	168
9144	18	1027	213
654	1	129	083
3069	19	1926	225
1645	1	126	090
484	1	148	091
135	18	2004	219
1412	1	122	020
1042	18	876	225
135	18	534	167
2267	8	2268	193
1042	18	1467	210
1545	1	148	022
2463	8	2464	179
1180	1	953	065
2456	8	2457	165
5256	15	4973	057
4230	21	9462	204
9144	18	698	229
9144	18	708	177
1042	18	435	207
4994	15	4973	114
1042	1	687	023
8824	23	2977	121
204	1	123	096
3040	23	12544	054
4257	14	3696	138
2426	8	2427	213
1343	1	129	141
9144	18	696	180
4370	14	3710	004
9162	19	948	165
2943	21	9462	224
218	1	125	073
9144	18	708	227
680	18	9134	168
6176	23	2566	157
9144	18	9140	187
9144	18	1031	191
2404	8	2405	223
3250	21	9434	189
1147	1	953	009
277	1	125	061
9439	21	9434	211
5323	15	4973	042
2445	8	2446	192
2362	8	2361	165
2427	8	2426	209
1042	18	715	228
1081	1	135	094
195	1	189	020
6439	23	2956	092
1231	1	1210	126
1343	1	129	059
468	1	125	040
784	1	785	019
135	18	1591	221
4715	23	12510	110
2327	8	2326	218
400	18	3078	172
135	18	1591	185
431	1	189	126
5328	15	4973	096
135	18	1426	182
9144	18	696	183
352	15	4973	090
2362	8	2361	186
3046	23	2928	112
2426	8	2427	224
1173	15	4973	094
3250	21	9434	210
5119	15	4985	085
6726	23	2966	036
1435	1	125	072
2328	8	2329	223
9144	18	1035	174
947	1	129	059
5164	15	4973	148
1042	18	645	213
135	18	534	179
4764	21	9462	225
950	1	148	016
135	18	9132	187
1042	18	715	206
9680	22	9544	159
6129	23	12508	033
807	1	148	096
721	1	123	089
541	1	282	131
1042	18	715	190
6195	19	1991	167
1387	1	1210	117
1527	1	125	140
5208	15	4973	059
6936	23	12511	043
2463	8	2464	200
1042	18	570	202
1158	1	953	066
1042	18	435	173
1545	1	148	049
135	18	1014	224
3024	19	1992	206
1260	1	129	141
135	18	1013	210
9144	18	1031	169
2426	8	2427	211
9144	18	708	179
135	18	1426	163
4764	19	1977	166
2432	8	2433	211
1555	1	129	023
1282	1	129	036
9441	21	9442	212
1042	18	644	215
135	18	9134	192
9144	18	1035	187
1141	1	953	142
1042	18	1651	230
5080	15	4973	099
1591	1	535	119
9531	21	9451	173
9144	18	137	220
805	1	129	058
6195	19	1991	179
5119	15	4985	054
447	1	126	059
1303	1	122	024
1042	18	1441	168
706	1	708	002
459	1	125	017
1042	18	160	207
1051	1	125	033
1042	18	979	200
985	1	148	081
9162	19	948	220
2406	8	2407	213
1528	1	126	095
1042	18	1651	191
1157	1	953	148
458	15	4973	088
8131	23	3030	057
1042	18	715	164
614	1	129	063
1265	1	1210	132
147	1	148	115
260	1	189	098
3250	21	9434	191
1585	1	148	124
1042	18	435	209
3057	23	2946	122
1555	15	4973	066
1587	1	122	062
2295	8	2294	169
1346	1	953	031
1042	18	571	173
4764	21	9462	190
1534	1	122	049
1042	18	715	218
2785	9	2593	130
1042	18	568	174
8426	23	12511	070
1055	1	123	131
135	18	1426	167
484	1	148	049
9144	18	696	171
1083	1	123	114
1497	1	163	074
4441	14	3710	102
505	1	148	157
1127	1	846	015
150	1	123	132
9144	18	708	190
135	18	9133	209
5253	15	4973	046
1356	1	953	023
1352	1	1161	064
450	1	148	008
1477	1	155	076
979	1	125	036
135	18	9134	184
1858	19	969	206
5186	15	4973	068
1193	1	953	035
1042	18	160	200
4394	14	3791	066
1641	1	148	140
2302	8	2301	162
9144	18	9137	171
910	1	518	079
1443	1	155	092
11084	22	10813	159
2373	8	2374	184
9162	19	948	207
2726	9	2593	142
240	1	122	077
910	1	518	088
2424	8	2425	162
8756	23	12511	128
135	18	1014	229
4992	15	4973	001
1042	18	1051	224
1176	1	1142	105
5171	15	4973	015
3040	23	12544	046
607	1	596	143
2267	8	2268	178
3250	21	9434	173
1002	1	148	148
5250	15	4973	124
9070	23	2982	033
9144	18	1041	203
2444	8	2443	168
2074	6	2075	049
1042	18	979	179
3250	21	9434	228
992	1	123	153
1042	18	571	183
1543	1	148	029
1042	18	571	169
699	1	122	004
1523	1	917	111
475	1	148	081
150	1	123	123
744	1	163	146
7417	23	3023	022
1002	1	148	102
160	1	125	030
680	18	9135	176
7018	19	1991	195
9144	18	9140	168
3943	14	3696	136
1514	1	148	111
3076	23	3077	128
680	18	9130	181
354	1	125	035
2405	8	2404	209
3790	14	4261	057
5009	15	4973	097
135	18	9131	224
135	18	854	189
2265	8	2266	176
7018	19	1991	216
462	1	125	152
9144	18	704	165
195	1	189	032
1527	1	125	045
1042	18	715	173
1042	18	1051	230
3345	21	9473	228
961	1	148	083
9144	18	9138	207
819	1	821	116
9144	18	9137	200
5215	15	4973	006
1745	19	1936	193
2427	8	2426	214
2432	8	2433	213
9144	18	1031	194
135	18	602	218
1382	1	953	019
819	1	821	042
1374	1	1142	107
9144	18	9136	230
2310	19	1991	184
1947	6	173	031
1042	18	571	166
1042	18	377	163
477	1	122	055
198	1	189	149
1543	1	148	013
2943	21	9462	210
4764	19	1977	204
9144	18	1040	231
5335	15	4973	003
677	1	148	098
9144	18	1041	173
4764	19	1977	164
9420	23	2939	048
4484	14	4367	147
2307	8	2308	223
2925	19	1926	170
1415	1	148	048
1510	1	122	005
9144	18	9136	186
1042	18	967	218
2278	8	2277	182
7195	23	12531	086
4963	17	4312	013
738	1	123	135
156	1	122	023
3843	14	3791	096
9144	18	687	165
2445	8	2446	205
2410	8	2409	168
1662	1	125	161
3250	21	9434	174
1042	18	1651	204
9144	18	1029	162
9390	23	12511	103
4764	21	9462	213
813	1	148	075
5072	15	4973	140
3024	19	1992	201
2406	8	2407	211
5270	15	4973	035
135	18	534	163
377	1	125	045
135	18	534	201
4979	15	4973	131
3069	19	1926	216
1042	18	568	162
5260	15	4973	074
1042	18	160	198
5364	15	4973	078
9164	23	12533	015
628	1	148	117
2361	8	2362	181
1180	1	953	048
1516	15	4973	028
3409	21	9434	166
5335	15	4973	037
5201	15	4973	051
9144	18	696	162
1042	18	645	192
1042	18	1651	171
135	18	2004	199
2405	8	2404	208
463	1	126	096
2943	21	9462	223
9144	18	9140	165
5206	15	4973	088
9144	18	9139	205
1576	1	419	038
5206	15	4973	139
2404	8	2405	212
135	18	1470	182
7406	23	3023	058
1042	18	876	184
1042	18	979	196
1745	19	1936	183
465	1	125	005
1042	18	1467	205
5063	15	4973	044
1626	1	125	143
9144	18	9137	221
1241	1	1210	125
1102	1	148	066
9162	19	948	188
9162	19	948	223
985	1	148	045
1147	1	953	062
2433	8	2432	226
156	1	123	115
1222	1	122	011
1472	1	155	145
9144	18	1035	204
1590	1	123	102
235	1	148	087
1042	18	967	169
3057	23	2946	017
8426	23	12511	132
135	18	2004	191
459	1	125	136
916	1	917	028
2445	8	2446	222
830	1	148	161
1413	1	129	018
2265	23	2982	104
1223	1	1210	104
1042	18	568	194
135	18	1470	229
2330	8	2331	231
1042	18	1467	221
1042	18	489	172
3338	21	9473	230
1042	18	409	177
2943	21	9462	212
9439	21	9434	206
4764	21	9462	182
1042	18	435	195
2445	8	2446	191
5009	15	4973	018
1497	1	163	122
197	1	189	092
964	1	148	148
5099	15	4973	136
1182	1	953	160
135	18	1014	186
9144	18	9136	190
5272	15	4973	067
982	1	148	137
1042	18	568	195
352	15	4973	012
6878	23	12520	103
1661	1	125	159
135	18	9132	227
2320	8	2321	226
3134	11	3129	131
9526	21	9457	198
8842	19	9149	198
1011	1	123	091
2326	8	2327	210
5086	15	4973	081
3250	21	9434	181
2404	8	2405	219
2326	8	2327	199
2925	19	1926	220
992	1	123	122
1042	18	1050	193
145	1	123	105
1501	1	148	020
1042	18	645	182
2301	8	2302	168
1544	1	148	149
2395	8	2394	202
1042	18	1441	189
1042	18	1651	195
1947	6	173	029
1281	1	1210	115
2362	8	2361	182
1042	18	967	196
1164	1	1142	090
9144	18	137	190
5025	15	4973	087
1042	18	489	204
9460	21	9434	224
854	1	535	131
1667	1	125	156
3236	23	12520	087
6878	23	12520	020
8272	23	12515	038
2310	19	1991	187
823	1	148	098
2470	8	2471	227
7195	23	12531	117
215	1	189	093
5143	15	4973	041
2265	8	2266	218
699	1	123	107
680	18	9132	167
2265	23	2982	082
9680	22	9544	086
680	18	9135	181
2424	8	2425	181
135	18	9131	198
1042	18	409	220
1042	18	715	209
3250	21	9434	185
3046	23	2928	101
9506	21	9451	208
135	18	9130	219
8842	19	9149	222
1042	18	570	191
1042	18	571	189
3250	21	9434	208
1314	1	1210	103
1426	1	135	036
5070	15	4973	067
2216	7	2206	228
1147	1	953	160
1042	18	435	203
1042	18	715	211
5186	15	4973	023
7136	23	2955	097
1042	18	1051	192
135	18	9133	230
5117	15	4973	011
1042	18	1051	222
2414	8	2415	227
680	18	9131	181
961	1	148	101
7406	23	3023	004
161	1	163	102
1310	1	122	052
2362	8	2361	177
1354	1	953	078
430	1	148	061
1094	1	125	084
1368	1	953	074
211	1	189	074
2310	19	1991	166
4992	15	4973	125
1042	18	570	207
1544	1	148	030
3943	14	3696	153
462	1	126	108
3250	21	9434	212
2917	9	2593	122
908	1	518	129
135	18	9130	205
5327	15	4973	076
1542	1	148	090
9401	23	12508	132
9144	18	1029	188
909	1	148	120
2445	8	2446	186
2925	23	2996	032
4979	15	4973	021
999	1	123	152
5335	15	4973	072
5294	15	4973	103
1042	18	876	228
8552	23	3023	063
9144	18	1041	178
1662	1	126	098
135	18	9130	193
9144	18	1035	180
6129	23	12508	016
568	1	125	023
3024	19	1992	225
135	18	602	189
1941	5	1943	094
1222	1	122	063
2433	8	2432	212
9144	18	1035	179
1641	1	148	120
4764	21	9462	223
475	1	148	033
9162	19	948	173
135	18	1081	169
1042	18	967	199
135	18	9133	224
1042	18	409	175
1157	1	1142	124
135	18	9131	212
352	15	4973	060
1516	15	4973	138
4963	17	4312	043
6195	19	1991	182
135	18	1014	201
658	1	173	047
9144	18	698	200
188	1	189	039
1009	1	125	023
135	18	9134	207
593	15	4973	081
916	1	917	115
412	1	148	085
1042	18	377	192
5186	15	4973	102
2327	8	2326	210
1042	18	1050	181
468	1	125	004
1650	1	122	009
5117	15	4973	054
2361	8	2362	175
6400	19	9159	227
1168	1	953	049
1227	1	129	065
6726	23	2966	093
9144	18	9138	208
1042	18	409	222
135	18	1468	197
1042	18	160	170
135	18	1013	197
1042	18	715	226
458	1	125	071
8842	23	3023	131
9144	18	1027	209
1042	18	644	192
1102	1	148	073
1042	18	409	207
2406	8	2407	218
352	15	4973	097
5099	15	4973	135
2426	8	2427	207
1476	1	148	072
5327	15	4973	147
1515	1	148	062
1042	18	715	183
2327	8	2326	181
1201	1	953	057
135	18	9131	223
1186	1	1142	099
2443	8	2444	174
1353	1	129	041
1353	1	129	059
1189	1	953	033
2925	19	1926	231
992	1	122	070
9144	18	9139	197
1042	18	1050	214
819	1	821	103
1042	18	645	224
9018	23	3023	149
2691	19	9149	206
1447	1	155	073
2394	8	2395	189
826	1	148	160
2361	8	2362	182
255	1	148	078
1516	15	4973	066
135	18	2004	169
2267	8	2268	195
4582	14	3512	143
9144	18	9137	204
2362	8	2361	168
1042	18	1051	167
9144	18	1029	170
311	1	148	019
135	18	1426	219
1426	1	135	087
9470	21	9455	218
8552	19	9149	183
954	1	604	132
135	18	1081	171
1050	1	125	037
2363	8	2364	174
4441	14	3710	090
9390	23	12511	031
484	1	148	107
4994	15	4973	097
135	18	534	175
7136	23	2955	088
124	1	126	125
9390	23	12511	149
9144	18	9138	188
947	1	148	148
8955	23	2939	003
194	1	148	107
455	1	125	156
1479	1	155	094
7018	19	1991	180
135	18	9131	196
135	18	1591	211
1379	1	953	137
9144	18	9139	210
971	1	148	025
9144	18	708	219
9144	18	687	169
135	18	854	207
1042	18	1467	217
1555	15	4973	039
9144	18	687	183
5056	15	4973	044
254	1	148	066
1666	1	125	055
2445	8	2446	175
1042	18	876	185
9470	21	9455	224
135	18	9134	217
466	1	125	072
2301	8	2302	169
980	1	917	020
400	18	481	183
135	18	2004	190
395	1	123	099
135	18	1426	213
5119	15	4985	022
135	18	2004	192
2448	8	2447	225
1264	1	1210	115
135	18	602	198
1042	18	489	200
830	1	148	033
1147	1	953	046
9390	23	12511	009
819	1	821	050
260	1	189	080
9144	18	1035	175
9144	18	1031	192
6878	23	12520	091
918	1	148	111
2427	8	2426	205
1658	1	163	029
8552	19	9149	199
4963	17	4312	116
1042	18	1441	229
418	1	419	048
7018	19	1991	198
154	1	155	084
1466	1	155	023
1110	7	2208	221
2941	23	12510	108
1379	1	1142	118
9144	18	696	172
2404	8	2405	198
1042	18	967	224
1016	1	126	091
1173	1	953	081
9144	18	9140	176
7417	23	3023	066
9144	18	1035	217
1497	1	163	135
1042	18	570	163
5364	15	4973	119
1042	18	1051	166
1745	19	1936	202
1102	1	148	152
1468	1	604	147
1369	1	1210	115
1356	1	1142	128
9144	18	1031	173
9144	18	704	187
2445	8	2446	200
7417	23	3023	086
465	1	125	041
9420	23	2939	002
1042	18	489	163
8385	23	3023	136
7406	23	3023	155
135	18	1468	227
135	18	1426	166
1415	1	163	026
1515	1	148	133
1349	1	129	050
1485	1	155	018
2917	9	2593	055
2702	9	2705	148
1533	1	419	159
9144	18	696	163
484	1	148	099
2373	8	2374	195
680	18	9135	170
2447	8	2448	217
9470	21	9455	220
135	18	1081	179
5080	15	4973	035
534	1	135	034
1236	1	129	009
1668	1	163	111
1042	18	409	226
1510	1	123	087
1492	1	125	062
135	18	9132	188
5086	15	4973	090
4764	21	9462	229
1042	18	409	172
1042	18	644	162
2456	8	2457	168
1094	15	4973	052
4230	21	9462	213
4996	15	4973	077
4764	21	9462	177
204	1	123	095
1501	1	148	042
1368	1	1142	089
1042	18	489	210
1668	1	163	121
2925	23	2996	115
5208	15	4973	031
11316	22	9589	157
135	18	1470	191
9144	18	1035	195
2427	8	2426	176
135	18	1470	172
2424	8	2425	193
146	1	123	161
203	1	123	111
9144	18	1029	197
3620	14	3423	026
1042	18	644	198
8842	19	9149	224
1042	18	1051	184
3046	23	2928	033
3138	19	9157	180
6195	19	1991	174
9144	18	1027	197
680	18	9134	177
4997	15	4973	038
2443	8	2444	169
5117	15	4973	159
9144	18	1041	211
2361	8	2362	164
2363	8	2364	176
2427	8	2426	221
9144	18	9137	213
3046	23	2928	114
8385	23	2982	002
998	1	148	053
3244	21	9473	220
8426	23	12511	102
3243	19	1918	228
135	18	534	192
9144	18	137	187
2427	8	2426	167
876	1	125	041
9144	18	1029	165
830	1	148	006
1042	18	377	174
680	18	9131	165
1457	1	155	150
1472	1	155	131
1051	1	125	078
135	18	854	211
1042	18	645	211
1591	1	535	014
7136	23	2955	153
9512	21	9457	194
1545	1	148	047
313	1	148	096
5277	15	4973	160
1645	1	125	015
9045	23	2982	098
950	1	148	126
9144	18	696	219
9144	18	704	171
5227	15	4973	119
9144	18	1027	221
8552	19	9149	169
2406	8	2407	222
3250	21	9434	231
830	1	148	106
1331	1	129	010
1042	18	571	208
9144	18	9140	191
5327	15	4973	033
1042	18	1467	223
1042	18	1050	203
1265	1	129	067
1371	1	1210	128
9144	18	687	188
1042	18	645	163
1202	1	125	085
691	1	123	124
135	18	1426	226
1050	1	125	065
3420	14	3423	073
2470	8	2471	220
5063	15	4973	109
2216	7	2206	231
9144	18	9136	207
2927	10	2929	139
992	1	122	007
135	18	1468	202
1457	1	155	019
9144	18	698	220
1382	1	953	078
6371	23	3023	047
1042	18	489	203
2448	8	2462	204
135	18	1470	189
9144	18	708	184
614	1	123	153
9144	18	698	212
135	18	854	228
854	1	535	059
7975	23	2951	036
5317	15	4973	017
1585	1	148	137
4764	19	1977	214
2424	8	2425	167
12503	23	12520	142
9144	18	687	172
5056	15	4973	048
8204	23	2989	016
367	1	122	042
9144	18	9139	182
1510	1	123	110
1585	1	148	075
135	18	954	197
135	18	9133	186
9144	18	708	213
1042	18	409	171
1349	1	129	143
8499	23	12511	017
2327	8	2326	216
1042	18	409	213
3343	21	9473	226
1745	19	1936	171
2302	8	2301	167
1223	1	1210	026
1275	1	129	040
680	18	9134	178
135	18	9134	208
11372	22	9589	039
826	1	148	037
1331	1	129	018
947	1	123	154
135	18	1468	187
135	18	1081	214
9144	18	687	203
2691	19	9149	201
976	1	148	050
1453	1	419	038
135	18	1014	218
412	1	148	152
1042	18	571	227
2404	8	2405	229
3352	21	9473	210
1042	18	435	187
5253	15	4973	032
980	1	917	065
5216	15	4973	154
5256	15	4973	076
2909	9	2593	077
2395	21	9462	217
5317	15	4973	077
2395	21	9462	207
2432	8	2433	230
1197	1	953	067
1492	1	125	075
1658	1	163	093
135	18	1426	199
5072	15	4973	099
2414	8	2415	222
1013	1	604	120
4426	14	3822	119
135	18	602	226
9144	18	1031	220
2394	8	2395	200
1637	1	912	003
680	18	9135	177
9144	18	1029	190
1042	18	876	223
135	18	954	231
1042	18	489	219
795	1	148	063
9144	18	708	167
6439	23	12515	063
1668	1	163	070
2424	8	2425	200
9162	19	948	214
9144	18	9140	199
9144	18	9140	188
1188	1	1142	049
400	18	3078	184
1453	1	419	134
2414	8	2415	225
135	18	1081	221
1170	1	1161	043
2301	23	2951	065
680	18	9132	163
1379	1	953	040
1042	18	715	200
135	18	9130	227
2432	8	2433	225
1197	1	953	147
1014	1	604	123
1645	1	125	155
1042	18	876	190
1042	18	568	192
1172	1	953	055
1042	18	1467	222
447	1	126	093
4824	14	3710	104
9144	18	9140	205
2445	8	2446	203
135	18	854	206
2326	8	2327	197
2444	8	2443	175
3236	23	3023	157
8426	23	12511	095
9144	18	1041	167
1110	7	2208	224
9144	18	698	193
4963	17	4312	102
3236	23	3023	039
6878	23	12520	096
1665	1	125	009
1354	1	1142	023
2409	8	2410	164
691	1	123	149
4764	19	1977	178
1374	1	953	150
9144	18	9137	222
1042	18	1050	210
1038	1	148	013
1042	18	1050	191
2414	8	2415	209
1374	1	953	081
9144	18	1041	177
8529	19	1993	192
1042	18	160	196
1042	18	409	189
6400	19	9159	225
5202	15	4973	104
2395	21	9462	195
4764	21	9462	192
485	1	148	005
2362	8	2361	202
6878	23	12520	099
1353	1	129	017
1649	1	148	134
8529	19	1993	204
2301	23	2951	106
5077	15	4973	016
2917	9	2593	146
135	18	9134	227
1382	1	953	081
738	1	123	155
1042	18	967	200
1094	15	4973	046
1411	1	163	097
1236	1	1210	122
1587	1	123	127
9144	18	9140	215
7790	23	12511	144
1470	1	135	114
1127	1	846	116
1179	1	953	068
135	18	534	174
1258	1	129	144
1042	18	876	176
9144	18	9137	179
1042	18	435	200
434	1	123	096
1042	18	876	196
135	18	854	182
1042	18	1051	188
5077	15	4973	009
3069	19	1926	204
1310	1	122	075
950	1	148	068
9144	18	1035	202
8943	23	2951	070
2448	8	2447	213
1453	1	419	089
2463	8	2464	209
2945	14	4034	104
3135	11	3136	062
5119	15	4985	144
1647	1	129	029
9460	21	9434	227
1443	1	155	077
1042	18	570	167
4963	17	4312	008
5277	15	4973	114
5202	15	4973	031
9227	23	12508	106
5086	15	4973	094
628	1	148	152
135	18	9134	201
2917	9	2593	083
680	18	9133	180
145	1	122	072
1301	1	129	067
1042	18	979	229
135	18	602	192
644	1	125	065
5206	15	4973	090
7018	19	1991	218
135	18	534	212
450	1	148	042
135	18	9130	206
2414	8	2415	203
124	1	126	116
1042	18	1050	202
135	18	854	170
458	15	4973	099
2277	8	2278	183
3066	23	12524	041
145	1	123	134
5215	15	4973	072
1042	18	1441	199
6195	19	1991	183
3046	23	2928	085
932	1	148	120
1584	1	123	096
721	1	123	093
2925	19	1926	224
135	18	602	220
2943	21	9462	216
1539	1	148	143
5288	15	4973	016
2394	8	2395	191
2414	8	2415	217
9144	18	1035	198
3040	23	12544	089
489	1	125	058
135	18	854	196
1565	1	148	137
998	1	148	159
9144	18	704	168
5364	15	4973	159
1641	1	148	052
2691	19	9149	203
447	1	125	013
1666	1	125	135
1081	1	135	092
1346	1	953	026
8756	23	12511	030
655	1	419	091
2925	19	1926	194
3024	19	1992	217
5186	15	4973	036
431	1	189	046
1197	1	953	013
1173	15	4973	091
398	1	148	052
1413	1	123	106
1475	1	155	040
1543	1	148	134
1042	18	979	167
8779	23	2989	147
1042	18	568	225
9144	18	696	212
8943	23	12535	083
9144	18	708	168
823	1	148	147
715	1	125	019
1042	18	715	223
645	1	125	046
135	18	9135	196
2925	19	1926	225
1042	18	967	207
1158	1	953	070
2925	19	1926	178
8552	23	3023	154
5009	15	4973	085
4764	19	1977	185
1413	1	123	128
5117	15	4973	104
680	18	9130	170
1127	1	846	143
9144	18	9140	177
2267	8	2268	194
6400	19	9159	218
135	18	1468	223
4764	21	9462	164
2395	21	9462	203
2463	8	2464	181
1037	1	696	155
2615	9	2593	116
1042	18	1051	179
9144	18	1035	222
795	1	148	133
3250	21	9434	195
2373	23	12511	090
9466	21	9440	227
2463	8	2464	201
1415	1	148	050
2945	14	3623	108
6878	23	12520	119
7018	19	1991	168
227	1	122	016
1197	1	953	059
135	18	1013	184
680	18	9133	162
2691	19	9149	219
3409	21	9434	175
135	18	1014	210
135	18	1591	187
505	1	148	075
1179	1	953	150
1182	1	953	014
1667	1	125	149
9144	18	687	220
680	18	9131	172
1042	18	979	188
9144	18	1027	200
2361	8	2362	178
3024	19	9152	164
9144	18	1035	229
277	1	125	023
9162	19	948	168
500	1	148	112
9144	18	687	177
1042	18	409	170
680	18	9131	171
9390	23	12511	144
2326	8	2327	211
9144	18	1041	228
7018	19	1991	188
277	1	125	158
3066	23	12524	106
3044	10	3045	084
500	1	148	035
1055	1	129	006
395	1	123	124
8272	23	12515	008
4715	23	12510	022
138	15	4973	125
2404	8	2405	216
2943	21	9462	209
5119	15	4985	155
1042	18	1050	173
8842	19	9149	201
9144	18	9140	186
1051	1	125	079
9164	23	12533	026
1477	1	155	094
1042	18	715	204
9470	21	9455	188
1042	18	568	186
1044	1	125	032
3236	23	3023	145
135	18	1014	212
2364	8	2363	175
8824	23	2977	120
542	1	1029	080
680	18	9131	173
2361	8	2362	202
9470	21	9455	209
1042	18	715	172
9144	18	9137	192
2409	8	2410	172
5300	15	4973	018
2472	8	2374	206
4764	19	1977	169
1655	1	148	136
1510	1	123	134
1539	1	148	019
2310	19	1991	168
1470	1	135	007
1626	1	125	027
9144	18	9138	171
135	18	854	203
4370	14	3710	141
1591	1	135	083
5086	15	4973	078
1669	1	419	002
2432	8	2433	218
1042	18	1050	231
8842	19	9149	204
8552	23	3023	055
805	1	123	088
9144	18	1027	182
135	18	1426	205
2917	9	2593	100
9144	18	1035	199
9144	18	9140	164
455	1	126	008
3086	23	12527	079
7847	23	2966	079
5119	15	4985	039
1042	18	489	164
854	1	135	088
8552	19	9149	190
1555	1	123	159
135	18	954	201
4997	15	4973	140
154	1	155	080
1527	1	126	155
227	1	122	007
311	1	148	091
1147	1	1142	127
1042	18	568	213
8552	19	9149	202
9144	18	137	172
1523	1	917	161
1042	18	409	214
628	1	148	009
9144	18	9140	213
1030	1	1031	098
4978	15	4973	127
135	18	854	175
1042	18	489	191
9144	18	9136	171
7687	23	12511	085
7847	23	2966	023
5335	15	4973	084
3148	11	3120	028
1318	1	129	079
2445	8	2446	193
2101	6	2095	021
135	18	1081	184
3082	11	3083	136
1042	18	570	229
9045	23	2982	128
9144	18	1031	189
909	1	148	017
2302	8	2301	171
1042	18	409	228
9144	18	1041	163
400	18	481	184
3790	14	3791	076
2414	8	2415	230
1475	1	155	108
1232	1	1210	098
1042	18	979	205
135	18	1081	202
463	1	125	027
135	18	1470	168
2691	19	9149	199
3942	14	3696	117
8552	19	9149	210
2327	8	2326	228
6439	23	2956	063
135	18	954	198
135	18	534	184
8552	23	3023	160
1185	1	953	057
168	1	148	032
2993	23	2939	150
475	1	148	157
3577	14	3437	079
135	18	1591	164
9144	18	9138	201
1514	1	148	095
5180	15	4973	108
1042	18	1651	180
1042	18	377	223
9144	18	698	213
1509	1	129	018
459	1	126	093
7018	19	1991	208
654	1	123	143
9144	18	1027	206
1641	1	148	113
9144	18	696	201
135	18	602	215
9144	18	9140	222
2909	9	2593	111
9162	19	948	226
1081	1	135	072
282	1	696	065
277	1	125	151
9144	18	9137	187
3069	19	1926	220
1544	1	148	145
3826	23	2996	136
135	18	954	188
2925	19	1926	227
2462	8	2448	203
9144	18	9136	216
135	18	1081	175
738	1	122	064
484	1	148	043
1042	18	377	228
1745	19	1936	169
135	18	534	177
823	1	148	030
135	18	9133	202
1300	1	129	158
3084	11	3081	127
2395	8	2394	209
4441	14	3710	146
1185	1	953	071
1384	1	1210	093
249	1	148	139
1176	1	953	157
135	18	1426	208
1016	1	125	008
9144	18	1027	226
1042	18	489	168
3409	21	9434	165
400	18	3078	171
431	1	189	085
985	1	148	102
1475	1	155	130
138	15	4973	056
2268	8	2267	190
135	18	9130	220
135	18	1470	176
2330	8	2331	217
876	1	125	076
5323	15	4973	050
1510	1	122	052
1042	18	876	177
2330	8	2331	229
2362	8	2361	176
8842	19	9149	205
9144	18	9138	217
2426	8	2427	214
135	18	954	215
1315	1	129	042
1465	1	155	027
1170	1	1142	091
9470	21	9455	170
2395	21	9462	219
4980	15	4973	089
1661	1	125	031
1265	1	129	025
7293	19	1926	218
431	1	189	013
1475	1	155	148
9144	18	708	206
8385	23	3023	108
135	18	534	222
455	1	125	008
240	1	123	130
431	1	189	012
135	18	1013	212
1042	18	570	197
1055	1	129	074
400	18	481	175
135	18	534	198
8529	23	2989	025
8552	23	3023	046
1042	18	967	170
1042	18	1051	164
2394	8	2395	209
3620	14	3423	046
400	18	3078	176
2395	21	9462	212
1030	1	1031	062
2327	8	2326	194
385	1	148	138
135	18	854	179
1042	18	1651	168
2267	8	2268	175
4230	21	9462	229
1667	1	125	059
7136	23	2955	031
2216	7	2206	225
209	1	148	057
2447	8	2448	220
1447	1	155	037
135	18	1426	171
2395	21	9462	214
1484	1	155	104
139	1	126	095
1042	18	644	221
147	1	148	120
1426	1	135	001
400	18	481	195
2395	21	9462	204
505	1	148	100
5335	15	4973	115
5077	15	4973	147
7293	19	1926	227
5272	15	4973	161
5086	15	4973	068
1094	1	125	034
135	18	1470	163
1009	1	125	044
1472	1	155	037
135	18	1591	212
8552	19	9149	172
1185	1	1142	087
1042	18	409	199
135	18	1426	220
5183	15	4973	111
467	1	125	031
1042	18	1441	202
4764	21	9462	202
2691	19	9149	179
8842	19	9149	193
1042	18	570	185
4905	14	3587	153
3346	21	9473	221
909	1	148	027
2302	8	2301	166
1315	1	129	140
1514	1	148	077
135	18	1591	214
135	18	9132	183
135	18	2004	207
2406	8	2407	224
135	18	1014	188
4036	14	3498	087
2424	8	2425	186
1042	18	1050	201
400	18	481	182
2373	8	2374	168
9386	23	12511	042
1042	18	435	217
680	18	9134	175
135	18	1013	219
1148	1	1142	122
9144	18	1035	169
135	18	534	207
1584	1	123	159
2445	8	2446	206
9144	18	9139	201
1042	18	409	191
135	18	602	217
680	18	9134	167
5323	15	4973	022
2301	8	2302	172
9018	23	3023	087
4260	14	4261	095
386	1	148	015
1523	1	917	092
2395	8	2394	195
240	1	122	072
7790	23	12511	071
2361	8	2362	167
9144	18	704	180
680	18	9131	175
135	18	2004	221
135	18	1470	217
1042	18	571	176
4230	21	9462	219
1541	1	148	134
947	1	163	153
9144	18	137	181
2277	8	2278	186
5143	15	4973	100
1223	1	1210	016
9144	18	137	200
135	18	1591	162
8131	23	3030	126
456	1	125	022
2426	8	2427	220
6439	23	2956	093
9144	18	1041	194
199	1	189	097
4764	19	1977	175
954	1	604	060
3929	14	3821	126
9051	23	12508	136
1042	18	489	198
9144	18	9138	194
9162	19	948	221
1274	1	129	134
335	1	155	150
2925	19	1926	222
1640	1	125	083
1667	1	126	116
1042	18	1050	217
12345	22	11202	135
8499	23	12511	115
3352	21	9473	213
5288	15	4973	111
5086	15	4973	024
386	1	148	081
1591	1	135	008
1168	1	953	004
9144	18	1041	229
2462	8	2448	200
135	18	1468	207
9144	18	1031	206
135	18	1013	202
6195	19	1991	191
3809	14	3811	109
9144	18	9139	228
1357	1	953	138
1392	1	129	158
154	1	155	052
9045	23	2982	026
817	1	148	109
135	18	1591	201
1151	1	953	152
1110	7	2208	217
680	18	9131	162
2433	8	2432	228
1042	18	435	168
395	1	123	101
9144	18	1041	184
721	1	122	045
1042	18	1051	202
1548	1	148	099
2326	8	2327	207
431	1	189	045
1317	1	129	157
2394	8	2395	219
135	18	9130	207
135	18	1591	178
5171	15	4973	014
4996	15	4973	135
1158	1	953	147
2943	21	9462	226
534	1	135	104
435	1	125	055
9144	18	708	189
400	18	481	194
5267	15	4973	076
2621	9	2703	075
400	18	481	179
1042	18	571	196
2414	8	2415	199
7018	19	1991	213
9162	19	948	191
1515	1	148	051
8779	23	2989	046
6400	19	9159	192
9144	18	698	168
8943	23	3023	054
311	1	148	141
7406	23	3023	119
1042	18	568	187
9144	18	9139	187
1647	1	123	120
680	1	137	098
467	1	126	104
9439	21	9434	205
215	1	189	033
1585	1	163	071
7018	19	1991	220
1102	1	148	008
2621	9	2703	048
1414	1	123	125
1016	1	125	016
3388	21	9473	224
2301	8	2302	162
1013	1	604	081
135	18	2004	228
541	1	282	069
1042	18	435	212
9144	18	1041	170
465	1	125	143
1047	1	148	113
2395	8	2394	222
1467	1	125	043
209	1	148	060
11201	22	9756	150
1042	18	1050	205
2943	21	9462	215
4370	14	3710	155
6878	23	2966	142
4568	23	2946	128
9144	18	9138	227
9144	18	137	227
6400	19	9159	183
9144	18	9138	176
2278	8	2277	192
9144	18	687	182
2702	9	2705	038
284	1	189	109
680	18	9135	168
654	1	129	074
2925	19	1926	180
721	1	122	046
135	18	1014	222
2424	8	2425	171
9144	18	1031	217
1042	18	570	184
2447	8	2448	213
5335	15	4973	043
3243	19	1918	218
7178	23	12511	075
1042	18	489	196
1042	18	409	164
8552	23	3023	059
2456	8	2457	163
2406	8	2407	225
1081	1	535	160
1042	18	1441	212
135	18	2004	194
135	18	9131	213
525	15	4973	098
5323	15	4973	024
1042	18	715	177
1042	18	489	186
3313	21	9434	180
1042	18	967	214
1534	1	123	142
212	1	189	087
1042	18	409	224
3250	21	9434	214
9144	18	9136	164
1310	1	1210	132
282	1	696	039
2395	21	9462	210
1331	1	129	137
154	1	155	102
3082	11	3083	110
447	1	125	085
1467	1	125	014
9144	18	1029	193
795	1	148	082
251	1	125	007
3040	23	12544	136
2925	19	1926	213
7195	23	12531	127
2447	8	2448	229
980	1	917	078
147	1	148	108
434	1	123	151
1042	18	489	195
2405	8	2404	200
5300	15	4973	085
8204	23	2989	049
2378	17	7119	152
135	18	1591	163
8529	19	1993	208
135	18	9133	226
188	1	189	114
145	1	122	029
1042	18	571	197
910	1	518	040
7293	19	1926	196
1110	7	2208	225
1042	18	570	179
484	1	148	035
4568	23	2946	072
1042	18	1651	189
1188	1	1142	013
135	18	9131	226
9144	18	9138	198
135	18	1591	203
135	18	1081	189
2445	8	2446	178
235	1	148	015
1042	18	1651	214
9144	18	9139	178
6878	23	12520	140
9144	18	9139	185
1009	1	125	159
7178	23	12511	126
1127	1	846	077
135	18	1426	215
1042	18	570	201
1858	19	969	220
5077	15	4973	059
2414	8	2415	190
1042	18	435	215
1472	1	155	053
1042	18	644	164
3236	23	12520	034
8667	23	3023	100
3082	11	3083	085
1368	1	953	149
4764	19	1977	209
1042	18	1651	181
1042	18	644	220
8552	23	3023	015
1147	1	953	019
3962	14	3963	157
135	18	854	229
1042	18	570	200
4764	21	9462	207
9051	23	12508	074
2402	8	2403	206
2470	8	2471	221
819	1	821	088
1042	18	1441	162
9144	18	698	209
1591	1	535	011
1042	18	489	222
1042	18	1051	165
2424	8	2425	180
1357	1	953	157
8943	23	12535	161
2463	8	2464	223
1541	1	148	096
1472	1	155	129
2330	8	2331	214
2463	8	2464	224
474	1	148	136
135	18	9130	187
9144	18	1035	164
1042	18	979	204
2945	14	4034	139
5253	15	4973	007
9144	18	9139	230
135	18	1470	181
770	1	125	006
1083	1	123	140
4833	14	3811	120
2427	8	2426	175
135	18	1591	182
1443	1	155	048
2395	21	9462	197
1647	1	123	087
135	18	9134	185
2402	8	2403	213
1042	18	489	216
998	1	148	069
1042	18	377	191
5222	15	4973	030
249	1	148	088
1227	1	129	077
3138	19	9157	182
8667	23	3023	130
965	1	148	034
1016	1	125	141
5201	15	4973	057
5296	15	4973	004
1466	1	155	125
7195	23	12531	093
1042	18	377	206
2414	8	2415	210
213	1	189	078
4036	14	3498	123
1265	1	1210	059
4764	19	1977	203
1241	1	129	022
1083	1	123	130
282	1	696	000
135	18	1081	216
135	18	1013	191
8943	23	2951	089
1042	18	645	183
6878	23	12520	136
6936	23	12511	037
1042	18	1467	166
2326	8	2327	187
3352	21	9473	207
9144	18	1041	204
5261	15	4973	148
1042	18	876	219
1585	1	163	101
3040	23	12544	137
5288	15	4973	119
9162	19	948	218
9144	18	1027	174
721	1	122	050
5342	15	4973	087
135	18	1426	229
1042	18	644	208
2448	8	2447	227
8943	23	12535	159
1664	1	125	080
2432	8	2433	231
1585	1	148	123
4764	19	1977	206
1645	1	126	113
9144	18	1029	229
1223	1	122	030
1042	18	1467	229
138	1	125	008
4833	14	3810	111
1042	18	160	197
3138	19	9157	176
135	18	854	219
4547	14	3450	156
2327	8	2326	188
9144	18	1041	206
151	1	122	063
135	18	602	224
3250	21	9434	170
1858	19	969	210
4230	21	9462	209
409	1	125	026
5072	15	4973	112
7847	23	2966	115
203	1	123	094
3046	23	2928	135
2463	8	2464	191
1011	1	123	130
1548	1	148	019
9144	18	1041	186
138	1	125	024
5202	15	4973	070
2404	8	2405	197
1081	1	535	101
1388	1	129	154
4979	15	4973	082
1528	1	125	139
3250	21	9434	162
826	1	148	100
1384	1	1210	102
1044	1	125	150
1202	1	125	072
614	1	123	101
7293	19	1926	195
1227	1	129	013
1182	1	953	067
313	1	148	052
2373	8	2374	187
3244	21	9473	227
4992	15	4973	023
6878	23	12520	145
367	1	123	096
466	1	125	062
602	1	604	035
1343	1	129	135
2307	8	2308	221
135	18	9132	200
9144	18	708	187
9439	21	9434	210
2330	8	2331	222
1042	18	979	216
9144	18	9139	173
2395	8	2394	217
2925	19	1926	216
2984	10	2946	143
135	18	9131	194
1042	18	377	200
1042	18	876	199
817	1	148	081
2121	6	2122	013
5201	15	4973	096
2327	8	2326	206
135	18	9130	224
352	15	4973	149
9162	19	948	219
963	1	148	063
2785	9	2593	155
2445	8	2446	162
1533	1	419	028
231	1	123	152
8955	23	2939	015
4547	14	3450	021
7079	23	12511	062
3236	23	12520	037
135	18	1081	165
1662	1	125	134
1303	1	1210	106
2407	8	2406	226
1102	1	148	086
1042	18	570	204
7195	23	12531	055
2395	8	2394	204
9144	18	704	227
1745	19	1936	176
1645	1	125	049
1158	1	953	062
284	1	189	108
1083	1	129	073
1042	18	409	176
5201	15	4973	127
1443	1	155	041
135	18	9132	186
1042	18	377	178
280	1	282	143
5350	15	4973	045
124	1	126	114
946	1	163	005
9470	21	9455	185
161	1	163	147
807	1	148	101
2909	9	2593	012
1661	1	125	050
9144	18	1029	177
5272	15	4973	074
1465	1	155	148
5267	15	4973	101
9227	23	12508	095
2427	8	2426	200
1042	18	1467	227
5265	15	4973	037
963	1	148	100
8272	23	2975	113
3057	23	2946	140
1042	18	1050	165
9144	18	704	199
1654	1	917	082
9144	18	687	178
985	1	148	058
9144	18	698	203
135	18	1468	205
916	1	917	153
135	18	1470	165
1202	1	953	014
135	18	2004	205
135	18	1468	218
138	15	4973	063
9390	23	12511	085
4074	14	3791	107
2268	8	2267	195
2943	21	9462	229
1947	6	173	004
4764	19	1977	221
1202	1	953	044
9144	18	9137	215
8943	23	3023	127
400	18	3078	182
2426	8	2427	208
9144	18	137	207
1042	18	435	220
2925	19	1926	184
9144	18	696	216
227	1	123	114
1352	1	1161	029
2470	8	2471	225
1374	1	953	022
9144	18	704	223
9144	18	9139	215
1042	18	967	184
135	18	2004	162
2327	8	2326	217
8426	23	12511	025
2410	8	2409	172
3233	23	2977	160
7018	19	1991	183
447	1	126	074
2427	8	2426	225
5122	15	4973	120
188	1	189	067
8529	23	2989	045
795	1	148	122
1262	1	129	060
817	1	148	052
385	1	148	021
4764	21	9462	230
1612	1	148	090
3069	19	1926	194
5350	15	4973	145
3244	21	9473	222
2394	8	2395	210
3040	23	12544	160
1042	18	1651	193
9144	18	1031	167
1042	18	160	201
9144	18	687	205
5250	15	4973	084
1223	1	1210	030
4764	19	1977	197
135	18	1014	207
9144	18	9136	199
3082	11	3083	053
4764	21	9462	228
2278	8	2277	191
5253	15	4973	114
2405	8	2404	228
1534	1	123	104
5082	15	4973	109
2691	19	9149	190
1042	18	876	178
475	1	148	106
484	1	148	095
2068	6	173	065
1303	1	1210	129
8667	23	3023	140
5272	15	4973	105
795	1	148	121
9144	18	1041	224
2074	6	2075	080
9144	18	9139	209
1585	1	148	125
5077	15	4973	019
146	1	123	088
4764	21	9462	210
284	1	189	138
9144	18	698	175
5317	15	4973	128
3577	14	3437	116
1466	1	155	055
4568	23	2946	029
466	1	125	080
2267	8	2268	179
658	1	173	116
2943	21	9462	230
400	18	3078	166
1055	1	129	017
9144	18	1035	173
2205	7	2206	229
9144	18	687	176
135	18	854	222
1647	1	123	121
1042	18	644	169
146	1	122	013
5122	15	4973	067
1042	18	644	191
135	18	1426	181
2405	8	2404	225
9144	18	708	199
1303	1	1210	123
5164	15	4973	136
398	1	148	065
2426	8	2427	217
135	18	1081	198
3148	11	3120	144
1354	1	125	018
1590	1	123	119
5135	15	5067	055
227	1	123	125
2845	10	2977	080
1587	1	122	045
1275	1	129	004
9144	18	696	202
1658	1	163	049
9144	18	696	179
1042	18	1051	212
9505	21	9458	171
2447	8	2448	226
2427	8	2426	166
3069	19	1926	214
135	18	1081	224
2432	8	2433	219
525	15	4973	157
1170	1	1161	078
135	18	854	187
680	18	9133	177
2414	8	2415	220
135	18	1426	223
9144	18	1035	167
1314	1	122	076
3250	21	9434	176
2691	19	9149	217
400	18	3078	170
5164	15	4973	020
9144	18	696	225
1477	1	155	161
947	1	123	131
1374	1	1142	114
9144	18	1035	186
1055	1	123	154
2373	23	12511	060
5301	15	4973	049
135	18	2004	210
135	18	1470	198
1515	1	148	140
2326	8	2327	228
135	18	1014	204
2424	8	2425	174
5327	15	4973	128
135	18	602	187
9144	18	698	205
335	1	155	050
1042	18	1051	210
1515	1	148	073
1388	1	129	136
541	1	282	081
5222	15	4973	112
8943	23	2951	042
819	1	821	047
204	1	122	076
1661	1	125	136
9144	18	9138	225
135	18	1013	200
1042	18	1651	162
1858	19	969	218
680	18	9134	180
3076	23	12551	067
602	1	604	012
135	18	602	202
135	18	1081	188
5164	15	4973	138
2395	8	2394	205
9144	18	1034	231
5256	15	4973	046
1174	1	1142	099
2833	9	2636	155
3134	11	3129	136
1042	18	489	202
4764	21	9462	184
680	18	9135	179
2463	8	2464	188
135	18	2004	175
8842	19	9149	213
2362	8	2361	163
9441	21	9451	207
7975	23	3023	009
2330	8	2331	226
8552	19	9149	200
9144	18	708	164
1042	18	1467	220
2433	8	2432	223
199	1	189	159
680	18	9133	170
1042	18	435	223
5296	15	4973	008
2406	8	2407	228
1413	1	129	058
7293	19	1926	215
1548	1	148	139
1655	1	148	040
8842	19	9149	214
2993	23	2939	054
5358	15	4973	130
1009	1	125	109
3040	23	12544	041
2268	8	2267	176
500	1	148	118
3287	21	9473	214
4074	14	3791	076
2691	19	9149	173
5180	15	4973	117
2448	8	2462	198
9144	18	696	182
1667	1	125	047
3521	14	3513	120
1415	1	148	079
1083	1	123	111
6371	23	3023	117
6878	23	12520	091
2463	8	2464	221
1047	1	148	060
1042	18	489	179
1042	18	1441	187
9144	18	9140	216
2341	8	2389	172
1371	1	129	076
9144	18	9140	221
1002	1	148	156
677	1	148	082
1055	1	123	106
9164	23	12533	028
8787	23	2975	137
9144	18	9137	203
8529	19	1993	200
8385	23	3023	080
9162	19	948	174
6878	23	2966	115
1591	1	535	087
400	18	3078	196
1042	18	645	177
716	1	148	035
5358	15	4973	141
573	15	5095	121
135	18	1470	202
795	1	148	028
135	18	1470	219
1042	18	1467	204
2136	6	2122	021
2925	19	1926	208
2427	8	2426	217
5186	15	4973	091
1745	19	1936	172
6726	23	2966	127
227	1	122	065
2361	8	2362	189
1042	18	570	224
227	1	122	060
9144	18	136	230
385	1	148	076
680	18	9135	180
135	18	2004	197
916	1	917	159
8842	19	9149	210
9144	18	9137	178
910	1	518	003
5056	15	4973	131
918	1	148	088
971	1	148	059
1586	15	4973	129
8552	23	3023	038
992	1	122	150
135	1	137	080
11703	22	9557	155
8667	23	3023	077
4568	23	2946	150
8779	23	2989	116
680	18	9133	164
1315	1	129	137
2447	8	2448	214
7417	23	3023	070
211	1	189	089
2265	8	2266	215
1542	1	148	043
434	1	122	075
8842	19	9149	189
770	1	125	017
352	15	4973	064
9144	18	9138	211
135	18	854	200
1042	18	1441	173
135	18	9131	189
2691	19	9149	162
2445	8	2446	163
2395	8	2394	198
135	18	2004	209
1042	18	571	198
135	18	9131	219
2361	8	2362	183
188	1	189	040
277	1	126	134
135	18	9133	220
1264	1	1210	112
2427	8	2426	196
3069	19	1926	224
3352	21	9473	214
541	1	282	151
135	18	1081	174
1356	1	953	004
458	15	4973	146
1083	1	123	157
1042	18	1651	177
1180	1	1142	039
1042	18	979	224
699	1	123	096
3243	19	1918	221
9144	18	1027	203
9144	18	9140	171
1509	1	129	037
1042	18	435	219
3352	21	9473	217
1542	1	148	136
1528	1	125	066
386	1	148	065
1655	1	148	057
9144	18	1031	218
4568	23	2946	007
11372	22	9589	132
135	18	9130	203
2454	8	2455	214
6400	19	9159	196
5202	15	4973	140
4582	14	3794	006
1151	1	953	059
1260	1	1210	111
1197	1	953	025
3250	21	9434	207
854	1	535	002
9495	21	9451	193
1745	19	1936	208
135	18	1468	212
1042	18	979	198
1042	18	715	168
2432	8	2433	216
8824	23	2977	106
691	1	123	106
135	18	9135	227
1042	18	1467	224
1388	1	129	015
2362	8	2361	189
5070	15	4973	072
1582	1	123	130
167	1	148	122
1412	1	123	129
2429	8	2428	216
135	18	2004	187
992	1	123	110
9144	18	1029	205
335	1	155	072
1301	1	129	141
5122	15	4973	032
9144	18	696	228
400	18	481	167
819	1	821	053
1042	18	489	193
135	18	2004	217
3352	21	9473	218
400	18	3078	169
6973	23	12501	041
8552	19	9149	197
1666	1	125	145
3244	21	9473	223
135	18	1014	195
2691	19	9149	174
3046	23	2928	082
1042	18	570	178
2463	8	2464	198
1042	18	967	206
2925	19	1926	228
3135	11	3136	004
3409	21	9434	163
2925	19	1926	165
9144	18	9140	223
3236	23	3023	078
9508	21	9434	208
1042	18	568	178
249	1	148	110
4764	21	9462	212
1042	18	644	182
188	1	189	037
1745	19	1936	184
135	18	1470	228
1170	1	953	142
456	1	125	078
980	1	917	129
209	1	148	027
2621	9	2703	126
8552	23	3023	114
2463	8	2464	173
135	18	534	180
9144	18	1029	204
475	1	148	067
3790	14	4261	012
412	1	148	034
4764	19	1977	200
1544	1	148	160
1042	18	435	225
1042	18	160	182
1745	19	1936	196
854	1	535	064
5201	15	4973	121
2310	19	1991	174
9144	18	704	208
2615	9	2593	155
1231	1	122	031
1042	18	645	212
135	18	1081	163
9144	18	137	214
1343	1	129	012
135	18	602	225
1180	1	1142	129
5258	15	4973	122
1042	18	645	220
4764	19	1977	177
823	1	148	027
2433	8	2432	213
9144	18	9140	190
9144	18	9138	168
7018	19	1991	176
1265	1	129	078
9144	18	1035	215
6973	23	12501	014
4764	19	1977	226
9162	19	948	199
1042	18	377	216
9470	21	9455	180
1127	1	846	025
1492	1	126	091
505	1	148	012
3352	21	9473	206
475	1	148	146
5265	15	4973	056
1046	1	148	066
826	1	148	031
1182	1	953	154
3046	23	2928	013
807	1	148	083
2362	8	2361	183
1042	18	715	227
135	18	1591	176
8730	23	2951	092
135	18	9132	190
9470	21	9455	213
1042	18	160	190
9144	18	137	230
1527	1	125	149
1042	18	876	172
135	18	1591	229
2691	19	9149	167
7018	19	1991	169
4257	14	3696	154
1158	1	953	139
9144	18	9138	215
1197	1	953	056
1262	1	1210	124
985	1	148	087
1655	1	148	157
3066	23	12524	145
167	1	148	062
5350	15	4973	044
195	1	189	088
3250	21	9434	188
1173	15	4973	143
1470	1	135	123
1523	1	917	007
8955	23	2939	060
1042	18	1651	174
3024	19	1992	200
1382	1	953	160
1042	18	876	212
5328	15	4973	001
1042	18	568	229
1387	1	1210	125
1042	18	979	207
1509	1	123	105
1042	18	979	218
1533	1	419	043
398	1	148	015
2301	23	12535	035
1259	1	1210	092
570	1	125	075
1468	1	604	103
9144	18	704	204
1042	18	409	211
4230	21	9462	201
1858	19	969	205
1542	1	148	055
9506	21	9442	212
212	1	189	072
2702	9	2703	007
1346	1	953	149
9144	18	9136	225
249	1	148	005
3134	11	3129	032
3024	19	1992	226
434	1	123	154
1352	1	1142	102
1654	1	917	104
7079	23	12511	122
2057	6	173	084
2925	19	1926	186
1042	18	715	195
124	1	125	063
135	18	854	166
716	1	148	016
1046	1	148	014
2427	8	2426	220
3942	14	3696	120
2309	8	2310	163
680	18	9130	180
204	1	122	068
9144	18	9140	224
9144	18	1029	220
4764	21	9462	193
4764	21	9462	162
7195	23	12531	012
5227	15	4973	104
4997	15	4973	041
1651	1	125	012
4764	21	9462	163
980	1	917	113
1174	1	953	054
5215	15	4973	147
500	1	148	023
135	18	534	199
2691	19	9149	191
1586	15	4973	112
4980	15	4973	098
204	1	123	099
813	1	148	015
284	1	189	112
6529	23	3023	121
135	18	954	194
3024	19	1992	229
712	1	163	027
1044	1	125	042
135	18	9132	220
2278	8	2277	189
6878	23	2966	145
500	1	148	160
1444	1	129	049
7293	19	1926	220
430	1	148	125
9401	23	12508	003
1186	1	953	072
9386	23	12511	077
1042	18	979	228
9680	22	9544	136
2943	21	9462	228
135	18	9131	210
167	1	148	129
5267	15	4973	085
1352	1	1161	025
1745	19	1936	181
139	1	126	121
1050	1	125	051
1173	15	4973	069
9144	18	9140	206
1037	1	696	153
4899	14	3623	142
2267	8	2268	174
135	18	602	205
5680	22	5652	146
135	18	602	216
1662	1	125	135
1042	18	967	183
2424	8	2425	165
8426	23	12511	139
3388	21	9473	227
2433	8	2432	225
1176	1	953	066
1301	1	129	068
5296	15	4973	029
500	1	148	047
1539	1	148	085
9470	21	9455	222
680	18	9135	175
350	1	163	141
9144	18	9138	223
5350	15	4973	075
1591	1	135	015
400	18	3078	175
3250	21	9434	220
1172	1	953	053
2444	8	2443	171
135	18	954	204
9144	18	9140	208
1582	1	122	063
9144	18	9139	218
1514	1	148	158
434	1	123	132
1523	1	917	049
9144	18	698	171
1528	1	125	042
3084	11	3081	087
5342	15	4973	072
9386	23	12511	082
6878	23	12520	049
9227	23	12508	067
135	18	534	208
1038	1	148	090
1477	1	155	078
1042	18	571	223
3343	21	9473	224
4764	21	9462	218
9070	23	2982	067
1140	1	148	048
9144	18	1031	198
8943	23	2951	006
1356	1	953	065
2433	8	2432	210
135	18	1081	220
7417	23	3023	125
450	1	148	029
9144	18	1029	207
4994	15	4973	113
1355	1	1142	122
350	1	163	083
2394	8	2395	223
4764	21	9462	165
9144	18	1027	217
8552	19	9149	189
1042	18	571	164
2395	8	2394	213
2925	23	2996	020
2361	8	2362	165
135	18	9130	200
5183	15	4973	140
386	1	148	121
9144	18	9138	228
9144	18	1041	215
135	18	1426	204
1223	1	122	014
9144	18	137	223
2424	8	2425	172
1591	1	135	153
5317	15	4973	105
1236	1	129	136
1528	1	125	031
2917	9	2593	108
2301	23	12535	136
1042	18	876	231
7687	23	12511	042
2463	8	2464	170
1186	1	953	153
418	1	419	110
2943	21	9462	205
395	1	122	044
6400	19	9159	180
3066	23	12524	049
5270	15	4973	156
9144	18	708	229
2361	8	2362	162
4764	21	9462	187
2925	19	1926	217
2424	8	2425	199
135	18	9130	183
9070	23	2982	156
9063	23	3023	041
147	1	148	048
3345	21	9473	223
9144	18	9136	185
475	1	148	152
1042	18	160	193
1042	18	644	174
1174	1	953	073
7018	19	1991	197
6400	19	9159	190
1083	1	129	036
817	1	148	019
7417	23	3023	154
2409	8	2410	173
9470	21	9455	166
4582	14	3794	029
2394	8	2395	217
721	1	123	104
458	15	4973	110
1457	1	155	090
5212	15	4973	148
3040	23	12544	140
1356	1	953	018
4257	14	3696	152
1042	18	435	222
1042	18	1050	220
251	1	126	104
9144	18	137	228
1081	1	535	082
1042	18	160	199
177	1	122	039
135	18	2004	220
9144	18	708	230
5070	15	4973	142
2448	8	2447	211
644	1	125	015
1745	19	1936	170
135	18	2004	216
9144	18	708	195
2444	8	2443	169
1042	18	645	210
2433	8	2432	230
1353	1	1210	116
2326	8	2327	225
3233	23	12521	139
854	1	535	159
3086	23	12527	032
1042	18	1441	201
744	1	163	136
2429	8	2428	215
147	1	148	071
135	18	1013	181
4664	14	4034	155
2433	8	2432	227
475	1	148	017
1236	1	1210	099
135	18	1013	186
1042	18	1441	214
3069	19	1926	213
1202	1	1142	088
645	1	125	052
5180	15	4973	067
3018	23	2977	079
9144	18	137	176
1413	1	123	107
135	18	9131	183
135	18	9130	182
1516	15	4973	090
980	1	917	061
9144	18	9140	203
1745	19	1936	164
2326	8	2327	198
390	1	163	137
1201	1	953	027
9144	18	696	188
1042	18	160	221
1042	18	377	224
151	1	123	093
209	1	148	021
1081	1	135	078
9144	18	137	202
458	15	4973	139
8385	23	2982	158
9144	18	1031	188
9144	18	1035	225
2136	6	173	079
2404	8	2405	217
432	1	148	105
3243	19	1918	231
2427	8	2426	224
1042	18	715	229
7018	19	1991	206
5323	15	4973	095
910	1	518	156
135	18	2004	184
135	18	534	220
11316	22	9589	086
9144	18	9137	202
1042	18	1441	180
5222	15	4973	107
1382	1	1142	085
2448	8	2447	215
7790	23	12511	011
1368	1	953	011
135	18	9133	218
1534	1	123	112
475	1	148	079
1038	1	148	099
9144	18	1027	204
1042	18	570	205
3250	21	9434	211
412	1	148	145
9144	18	704	163
1384	1	1210	117
2414	8	2415	193
1374	1	1142	099
135	18	9135	191
1382	1	953	076
1500	1	163	157
2470	8	2471	228
7406	23	3023	014
680	18	9135	162
2925	19	1926	197
2414	8	2415	229
8272	23	2975	071
1042	18	644	214
1260	1	1210	132
9144	18	9136	193
2267	8	2268	185
463	1	126	119
135	18	9131	185
8552	19	9149	194
1174	1	953	157
3900	14	3696	141
4394	14	3791	091
1147	1	953	004
385	1	148	052
2395	21	9462	213
1331	1	129	072
135	18	954	193
9470	21	9455	174
2326	8	2327	227
8552	19	9149	173
3343	21	9473	228
1591	1	135	053
1745	19	1936	179
1172	1	953	034
1042	18	967	163
7293	19	1926	206
7975	23	2951	131
2389	8	2341	173
2432	8	2433	205
9144	18	696	230
541	1	282	040
5222	15	4973	060
1042	18	1441	190
1014	1	604	010
947	1	123	098
5072	15	4973	132
1527	1	125	020
7406	23	3023	046
5222	15	4973	000
1222	1	129	149
9144	18	9136	178
2404	8	2405	203
2407	8	2406	211
9144	18	704	192
1585	1	163	158
1227	1	129	066
6400	19	9159	213
9144	18	1027	166
1387	1	1210	061
5171	15	4973	051
135	18	9133	206
8499	23	12511	110
2310	19	1991	169
9144	18	1035	200
2301	23	2951	063
2327	8	2326	219
2330	8	2331	216
7136	23	2955	023
135	18	9133	182
1110	7	2208	223
9144	18	686	231
135	18	534	229
6195	19	1991	198
2394	8	2395	199
9144	18	9136	198
3236	23	3023	082
3388	21	9473	226
5300	15	4973	061
1477	1	155	068
1586	15	4973	042
6400	19	9159	195
5212	15	4973	138
447	1	125	022
135	18	1591	173
1042	18	377	207
1042	18	377	203
3046	23	2928	109
5342	15	4973	017
1665	1	125	005
1174	1	953	084
5323	15	4973	152
1274	1	1210	131
277	1	125	145
9144	18	696	227
8667	23	3023	047
3250	21	9434	196
9144	18	9137	168
2308	8	2307	221
1042	18	570	188
1555	1	123	120
1668	1	163	104
431	1	189	068
9470	21	9455	221
1042	18	571	177
4074	14	3791	071
5025	15	4973	146
1281	1	122	007
1218	1	129	074
3346	21	9473	223
2310	19	1991	162
1042	18	1467	179
9144	18	1029	223
489	1	125	082
5294	15	4973	149
1185	1	953	040
2405	8	2404	229
203	1	123	086
1042	18	489	217
1185	1	953	144
6726	23	2966	050
3066	23	12524	104
1501	1	148	157
2268	8	2267	188
9144	18	708	202
4978	15	4973	142
813	1	148	147
1042	18	571	186
2691	19	9149	192
135	18	954	228
1457	1	155	151
541	1	282	100
6726	23	2966	092
146	1	122	054
9144	18	9137	223
3069	19	1926	202
250	1	148	076
2268	8	2267	194
5212	15	4973	063
5265	15	4973	136
9144	18	9138	226
2424	8	2425	187
135	18	602	204
5099	15	4973	024
9144	18	9139	229
135	18	9131	217
813	1	148	004
1669	1	419	009
255	1	148	054
1042	18	645	186
400	18	481	170
1186	1	953	021
3082	11	3083	034
145	1	123	151
9144	18	696	203
1042	18	489	223
2462	8	2448	194
1354	1	1142	119
2427	8	2426	185
2404	8	2405	205
9390	23	12511	070
1042	18	644	211
1858	19	969	227
135	18	1426	222
2917	10	2942	099
2785	9	2593	080
5335	15	4973	097
1042	18	160	229
8842	23	3023	105
6878	23	12520	018
9162	19	948	206
2395	21	9462	198
9063	23	3023	063
1042	18	715	207
485	1	148	122
135	18	1426	206
784	1	785	002
468	1	125	139
5335	15	4973	004
1042	18	645	171
3250	21	9434	201
916	1	917	047
1444	1	123	132
9144	18	698	196
534	1	135	074
947	1	123	138
1591	1	135	086
1042	18	1051	196
135	18	534	203
1042	18	160	185
135	18	9132	195
135	18	1591	174
4441	14	3710	075
6400	19	9159	226
2925	19	1926	166
3066	23	12524	019
830	1	148	043
9144	18	9139	176
2295	8	2294	170
9390	23	12511	096
400	18	3078	167
1042	18	1050	228
135	18	534	210
2463	8	2464	202
961	1	148	148
854	1	135	142
1372	1	1142	107
1542	1	148	075
2327	8	2326	211
1650	1	122	049
1042	18	876	213
3135	11	3136	002
1349	1	129	043
135	18	1426	195
5099	15	4973	141
5164	15	4973	153
1543	1	148	155
7136	23	2955	137
1042	18	1441	186
4764	19	1977	192
9144	18	9137	180
135	18	1013	189
6129	23	12508	113
135	18	954	220
5301	15	4973	080
2404	8	2405	208
2433	8	2432	218
1947	6	173	068
7136	23	2955	017
1042	18	645	198
135	18	1591	216
1042	18	571	213
135	18	2004	168
9144	18	696	211
12016	22	11832	155
976	1	148	019
8499	23	12511	053
2361	8	2362	198
203	1	122	029
135	18	1426	170
135	18	9133	225
7687	23	12511	125
9144	18	9140	174
2214	7	2215	231
1042	18	1051	171
1042	18	1651	196
465	1	125	052
1042	18	409	231
3352	21	9473	219
390	1	163	129
431	1	189	052
1587	1	123	123
3066	23	12524	091
1368	1	953	081
9063	23	3023	057
4394	14	3791	160
1468	1	604	106
947	1	148	064
9144	18	687	198
3346	21	9473	216
706	1	708	109
3076	23	12551	068
135	18	9134	215
8529	19	1993	207
1042	18	571	172
135	18	1014	193
4824	14	3710	071
9162	19	948	215
12503	23	2995	098
1094	15	4973	031
1357	1	953	141
1472	1	155	002
2340	8	2341	168
6195	19	1991	176
9144	18	696	224
1140	1	148	108
2621	9	2703	015
5164	15	4973	070
1042	18	1441	184
9144	18	1035	221
1555	15	4973	134
9018	23	3023	025
3018	23	2977	007
6129	23	12508	089
7018	19	1991	166
1745	19	1936	187
2327	8	2326	230
9144	18	137	210
5077	15	4973	076
8943	23	12535	063
3076	23	3077	115
1042	18	1050	187
628	1	148	055
3244	21	9473	230
706	1	708	075
706	1	708	050
568	1	125	026
475	1	148	054
1014	1	604	152
1543	1	148	031
534	1	135	065
5072	15	4973	003
2268	8	2267	189
1042	18	1441	206
5063	15	4973	029
1565	1	148	145
135	18	1470	186
1492	1	126	127
282	1	696	022
8204	23	2989	134
2443	8	2444	163
1127	1	846	128
5222	15	4973	113
9144	18	696	208
135	18	9135	207
5086	15	4973	126
2702	9	2705	060
3409	21	9434	164
9144	18	9137	217
1042	18	409	192
8730	23	2951	090
967	1	125	016
2445	8	2446	170
4905	14	3587	049
1655	1	148	044
1222	1	122	061
1042	18	160	172
1042	18	1651	224
400	18	3078	181
135	18	9134	219
432	1	148	083
1414	1	123	096
463	1	126	090
854	1	535	081
1042	18	644	217
135	1	137	052
1042	18	568	169
1180	1	1142	016
6195	19	1991	170
5350	15	4973	055
813	1	148	010
2373	8	2374	194
1354	1	125	051
9144	18	9138	213
3084	11	3081	115
6195	19	1991	184
9144	18	9136	173
135	18	9133	221
1042	18	489	173
9144	18	1031	210
135	18	9131	182
9144	18	698	191
469	1	125	143
1382	1	1142	126
982	1	148	069
135	18	9131	206
9144	18	704	196
2402	8	2403	205
9144	18	1031	228
2394	8	2395	221
2463	8	2464	231
1222	1	122	024
7293	19	1926	194
1665	1	126	134
9144	18	687	206
1222	1	1210	010
477	1	123	138
1416	1	122	050
1379	1	953	079
2445	8	2446	221
1042	18	876	181
2463	8	2464	196
8529	19	1993	203
1002	1	148	131
1258	1	1210	133
3790	14	4261	117
9144	18	698	189
1664	1	126	093
2432	8	2433	224
9144	18	708	162
1236	1	129	045
2409	8	2410	176
1042	18	979	209
9144	18	1041	171
4230	21	9462	214
1042	18	377	209
3273	21	9435	223
1318	1	129	075
570	1	125	045
5222	15	4973	150
2326	8	2327	202
1188	1	953	051
135	18	2004	215
2925	19	1926	174
1223	1	122	080
1227	1	129	008
4715	23	12510	057
5080	15	4973	143
2424	8	2425	176
2310	19	1991	185
7293	19	1926	208
2448	8	2447	210
135	18	1426	183
195	1	189	051
1300	1	129	054
1042	18	645	218
2925	19	1926	218
1479	1	155	082
2405	8	2404	199
203	1	123	110
352	15	4973	050
1372	1	953	010
2691	19	9149	218
9162	19	948	192
7293	19	1926	224
8842	19	9149	183
1042	18	1051	231
3790	14	4261	076
9144	18	708	216
9144	18	9139	181
947	1	163	096
209	1	148	161
8552	23	3023	093
1042	18	1467	177
350	1	163	074
6439	23	12515	004
218	1	125	141
1591	1	135	144
5260	15	4973	117
1081	1	535	100
3345	21	9473	222
135	18	9131	216
8787	23	2975	049
8842	19	9149	206
135	18	9130	214
7018	19	1991	174
5099	15	4973	124
614	1	129	006
135	18	1426	227
3069	19	1926	230
3135	11	3136	118
9162	19	948	230
2925	19	1926	193
2268	8	2267	183
2395	8	2394	201
6973	23	12501	005
2424	8	2425	196
197	1	189	135
680	18	9132	164
9459	21	9451	192
1586	15	4973	160
1213	1	122	038
240	1	123	090
1665	1	125	063
135	18	1426	165
542	1	1029	020
5215	15	4973	120
2432	8	2433	226
432	1	148	118
9162	19	948	180
2444	8	2443	170
1317	1	1210	109
135	18	2004	213
1356	1	953	052
2410	8	2409	167
4547	14	3450	013
4996	15	4973	035
1180	1	1142	005
352	15	4973	107
5253	15	4973	148
2340	8	2341	166
1042	18	715	215
2405	8	2404	230
2295	8	2294	173
135	18	1468	184
2405	8	2404	231
2361	8	2362	174
951	1	148	147
1042	18	568	197
9144	18	9140	167
1042	18	967	223
947	1	123	116
154	1	155	098
9144	18	708	176
3057	23	2946	004
3790	14	3791	067
5253	15	4973	124
1354	1	953	158
2644	9	2593	043
1172	1	953	045
3903	14	3693	139
2941	23	12510	087
138	15	4973	101
138	1	126	118
9162	19	948	183
145	1	122	076
4260	14	4261	134
9144	18	1027	184
2327	8	2326	190
2200	9	2713	154
135	18	854	186
9144	18	708	180
2205	7	2206	226
3086	23	12527	037
826	1	148	007
135	18	1468	225
1745	19	1936	188
9144	18	9139	214
3024	19	9153	171
3082	11	3083	018
2448	8	2447	212
1042	18	876	224
4230	21	9462	224
386	1	148	077
3040	23	12544	103
9144	18	704	218
5301	15	4973	033
4764	21	9462	183
135	18	9133	193
2443	8	2444	162
1042	18	1467	191
1858	19	969	217
135	18	1468	183
673	1	163	038
784	1	785	076
9162	19	948	212
1447	1	155	032
9144	18	698	188
1745	19	1936	203
1042	18	435	193
9144	18	1027	199
1042	18	160	184
1042	18	160	163
1042	18	1050	215
2294	23	12511	004
135	18	1081	227
2925	19	1926	203
160	1	125	046
5294	15	4973	084
227	1	122	082
3345	21	9473	216
5212	15	4973	065
1193	1	1142	094
135	18	9130	189
1346	1	1142	090
1025	1	821	127
7417	23	3023	128
1586	15	4973	092
209	1	148	066
9162	19	948	222
3929	14	3822	113
9144	18	1041	202
9144	18	708	224
2409	8	2410	168
1585	1	148	148
2373	8	2374	177
1667	1	125	026
2407	8	2406	227
386	1	148	129
1014	1	604	065
2327	8	2326	205
7847	23	2966	110
367	1	123	133
9144	18	137	188
9470	21	9455	181
1042	18	1441	205
1042	18	568	196
2472	8	2374	213
7018	19	1991	205
9144	18	704	167
1521	1	148	017
195	1	189	131
677	1	148	055
5009	15	4973	052
8385	23	2982	160
9144	18	9136	175
2644	9	2593	100
4764	19	1977	186
1555	1	123	103
1201	1	953	007
400	18	3078	202
1415	1	148	037
9401	23	12508	022
9144	18	696	176
5202	15	4973	016
2426	8	2427	221
204	1	123	130
135	18	2004	193
135	18	602	195
1941	5	1943	046
5296	15	4973	009
962	1	163	091
4230	21	9462	230
5183	15	4973	159
2395	8	2394	210
1042	18	1051	193
1528	1	126	112
2268	8	2267	182
135	18	1426	179
1662	1	125	136
2395	8	2394	208
8842	19	9149	191
135	18	954	217
9018	23	3023	020
5272	15	4973	005
2456	8	2457	164
2433	8	2432	209
161	1	163	087
2445	8	2446	167
3066	23	2982	097
1042	18	644	184
352	15	4973	013
1042	18	489	166
9144	18	9139	167
784	1	785	028
1042	18	979	193
350	1	163	111
8385	23	2982	093
992	1	122	047
1042	18	489	169
254	1	148	110
135	18	1013	192
459	1	125	138
9144	18	9139	219
135	18	1014	192
1745	19	1936	210
9144	18	696	170
135	18	1081	197
5260	15	4973	035
9144	18	1031	203
204	1	123	100
680	18	9133	163
1555	15	4973	045
1515	1	148	089
1412	1	122	031
135	18	602	223
204	1	123	103
9070	23	2982	037
1585	1	148	147
1042	18	435	204
1331	1	1210	091
9144	18	708	222
1042	18	715	186
4764	21	9462	217
2277	8	2278	191
1050	1	125	076
4764	21	9462	215
9144	18	9137	174
2463	8	2464	212
2405	8	2404	203
7406	23	3023	160
6195	19	1991	192
961	1	148	025
9070	23	2982	093
135	18	1591	166
1081	1	535	033
135	18	1591	165
135	18	534	162
1042	18	1651	207
3135	11	3136	152
9470	21	9455	225
2361	8	2362	196
2429	8	2428	219
135	18	9131	208
9144	18	137	171
9144	18	9137	195
1042	18	967	179
680	18	9133	174
4963	17	4312	064
2326	8	2327	218
1368	1	1142	110
1472	1	155	026
135	18	9130	181
504	1	148	158
1110	7	2208	218
135	18	2004	201
1037	1	696	027
9144	18	687	192
6400	19	9159	188
1515	1	148	158
1510	1	122	038
250	1	148	013
1042	18	967	173
1042	18	409	190
3069	19	1926	221
680	18	9131	166
5323	15	4973	111
1042	18	435	179
1042	18	1651	176
2456	8	2457	169
135	18	534	211
1042	18	1467	182
4992	15	4973	066
6400	19	9159	217
1353	1	129	161
5208	15	4973	053
1858	19	969	216
1223	1	122	019
2405	8	2404	202
135	18	1081	210
7018	19	1991	172
2326	8	2327	188
9470	21	9455	199
5294	15	4973	001
1042	18	1651	182
1042	18	967	195
965	1	148	067
177	1	122	009
3250	21	9434	206
3343	21	9473	227
135	18	954	218
1042	18	571	174
474	1	148	059
1042	18	979	185
135	18	1081	217
8552	19	9149	181
135	18	1426	225
823	1	148	094
9144	18	696	164
8842	19	9149	190
1050	1	125	010
1447	1	155	049
2424	8	2425	194
135	18	854	214
2216	7	2206	227
9144	18	698	177
542	1	1029	005
2925	19	1926	177
1655	1	148	011
980	1	917	009
6371	23	3023	159
1492	1	126	116
5135	15	5067	139
135	18	1470	167
963	1	148	005
1083	1	123	135
1042	18	1441	182
2362	8	2361	179
1179	1	953	032
677	1	148	089
135	18	1470	211
7136	23	2955	007
9144	18	687	197
1042	18	1050	166
135	18	9133	195
1013	1	604	049
2394	8	2395	201
1042	18	967	165
992	1	123	157
450	1	148	026
3250	21	9434	172
1317	1	129	023
3250	21	9434	179
2363	8	2364	171
1555	15	4973	010
1042	18	1467	218
947	1	123	134
5222	15	4973	045
1042	18	570	162
198	1	189	145
2310	19	1991	173
962	1	163	068
1042	18	489	190
9162	19	948	224
3069	19	1926	226
213	1	189	063
4036	14	3498	012
1042	18	570	171
3066	23	2982	132
431	1	189	134
9144	18	9140	166
135	18	602	231
985	1	148	128
4764	19	1977	173
9144	18	1031	181
1472	1	155	149
135	18	9133	219
135	18	1013	228
715	1	125	062
400	18	3078	192
135	18	1081	176
135	18	1468	216
160	1	125	040
7018	19	1991	199
8667	23	3023	034
1042	18	1051	208
5300	15	4973	064
2407	8	2406	225
1435	1	125	029
1042	18	715	216
1515	1	148	101
1303	1	122	050
5256	15	4973	145
135	18	534	189
5277	15	4973	094
2785	9	2593	105
967	1	125	040
2361	8	2362	191
963	1	148	033
1042	18	979	220
5171	15	4973	075
386	1	148	093
135	18	1591	225
2691	19	9149	163
1042	18	645	180
2424	8	2425	182
2448	8	2447	222
1415	1	163	136
1042	18	1651	226
1655	1	148	132
1591	1	135	117
628	1	148	060
431	1	189	146
135	18	9130	195
3420	14	3423	050
135	18	954	209
9063	23	3023	148
135	18	602	200
2327	8	2326	192
1042	18	377	173
385	1	148	044
1655	1	148	092
1042	18	570	209
8943	23	3023	035
9144	18	698	217
3620	14	3423	140
9144	18	1027	194
5253	15	4973	127
3148	11	3120	047
1318	1	129	043
6575	22	11098	157
135	18	1013	223
2320	8	2321	229
9144	18	698	180
9144	18	9140	212
1534	1	123	122
5270	15	4973	003
9144	18	9139	211
8943	23	3023	059
1042	18	489	199
1509	1	123	113
1541	1	148	028
458	1	126	126
1176	1	953	015
2427	8	2426	198
2394	8	2395	195
3130	14	3437	145
573	15	5095	109
2394	8	2395	202
9144	18	708	225
6783	17	5988	160
2395	8	2394	212
2470	8	2471	215
231	1	123	115
1415	1	148	024
135	18	1468	200
2361	8	2362	170
8943	23	3023	118
992	1	122	161
311	1	148	052
9144	18	1031	172
1042	18	967	171
2216	7	2206	222
450	1	148	145
5216	15	4973	109
3352	21	9473	211
1042	18	876	166
9144	18	1031	176
135	18	1014	221
2925	23	2996	012
135	18	9134	226
3790	14	3791	050
3134	11	3129	098
1042	18	570	168
352	15	4973	114
9144	18	9138	166
1745	19	1936	168
8552	19	9149	182
135	18	9134	218
1447	1	155	099
1042	18	1651	229
2984	10	2946	065
135	18	9132	214
9144	18	1041	214
680	18	9135	164
909	1	148	095
5277	15	4973	121
1042	18	1050	223
1414	1	122	066
9144	18	9138	209
3420	14	3423	094
135	18	1470	212
138	15	4973	070
135	18	1470	213
4994	15	4973	102
400	18	3078	190
135	18	1014	182
3929	14	3821	118
5086	15	4973	064
4978	15	4973	009
3624	14	3437	160
350	1	163	037
2277	8	2278	188
3236	23	3023	108
1047	1	148	076
9144	18	9140	226
367	1	122	041
3809	14	3811	111
231	1	122	048
3018	23	2977	078
1042	18	1441	223
1484	1	155	048
9144	18	137	183
3343	21	9473	222
1356	1	953	019
2405	8	2404	201
1042	18	435	169
1042	18	409	165
2361	8	2362	195
3313	21	9434	181
218	1	125	071
6878	23	12520	056
1666	1	125	028
135	18	1591	218
1645	1	125	161
135	18	9135	215
2424	8	2425	170
1182	1	953	018
1353	1	129	058
1189	1	953	067
2409	8	2410	166
5327	15	4973	032
1665	1	125	042
135	18	1591	181
2426	8	2427	205
1176	1	953	134
1042	18	409	221
1055	1	129	019
5277	15	4973	044
4260	14	4261	135
8131	23	3030	118
1585	1	706	070
377	1	125	058
2424	8	2425	185
127	1	125	006
484	1	148	024
1011	1	123	094
1236	1	1210	092
2268	8	2267	177
135	18	9132	229
8842	19	9149	228
712	1	163	066
1582	1	123	140
135	18	1013	195
1042	18	377	168
138	15	4973	066
135	18	9133	213
9144	18	1027	185
484	1	148	096
6973	23	12501	103
1654	1	917	070
2925	19	1926	183
4979	15	4973	011
3046	23	2928	091
5301	15	4973	015
823	1	148	116
197	1	189	158
1042	18	1651	212
1042	18	979	173
9144	18	137	167
1447	1	155	090
4441	14	3710	063
6400	19	9159	219
1055	1	129	077
1476	1	148	008
9470	21	9455	230
7018	19	1991	215
8385	23	3023	106
1110	7	2208	222
135	18	9134	222
2462	8	2448	199
235	1	148	081
3076	23	12551	151
716	1	148	046
2373	8	2374	165
9144	18	1041	213
12016	22	9630	151
1176	1	953	024
6973	23	12501	063
680	18	9131	169
2444	8	2443	172
135	18	2004	163
1042	18	715	220
412	1	148	117
2448	8	2462	202
8131	23	3030	027
138	1	125	026
5364	15	4973	013
1587	1	123	102
5222	15	4973	093
5208	15	4973	116
1585	1	706	092
1174	1	1142	100
1355	1	1142	108
7790	23	12511	118
9144	18	704	226
1201	1	953	141
135	18	1014	230
3250	21	9434	168
9144	18	9136	177
1343	1	129	158
135	18	9135	208
135	18	534	223
455	1	125	070
1646	1	542	157
135	18	1591	202
1042	18	715	175
9144	18	9136	200
7406	23	3023	013
1094	1	125	056
2433	8	2432	206
204	1	122	051
9144	18	9138	220
9051	23	12508	085
2427	8	2426	186
1414	1	123	086
2621	9	2703	105
477	1	123	129
3066	23	12524	038
5256	15	4973	026
1042	18	876	193
958	1	148	145
1664	1	125	034
3086	23	12527	023
150	1	123	128
456	1	126	118
9144	18	1041	165
8272	23	2975	103
1042	18	967	186
1042	18	160	203
2426	8	2427	227
3135	11	3136	109
135	18	534	227
9144	18	9136	218
8955	23	2939	022
8552	19	9149	174
980	1	917	067
3135	11	3136	047
1528	1	125	034
9144	18	1029	227
1042	18	377	162
1042	18	1651	215
8842	19	9149	211
1484	1	155	088
1174	1	953	135
135	18	2004	164
6400	19	9159	198
2427	8	2426	203
1042	18	377	213
5183	15	4973	033
823	1	148	075
9162	19	948	162
3076	23	3077	072
1591	1	135	132
9162	19	948	229
135	18	9131	186
447	1	125	005
5364	15	4973	021
161	1	163	064
11316	22	9589	112
2443	8	2444	171
1042	18	160	208
1042	18	645	205
9144	18	1027	165
3346	21	9473	219
2691	23	3023	130
2445	8	2446	172
485	1	148	113
3148	11	3120	037
9144	18	1035	196
135	18	9135	220
5258	15	4973	116
1514	1	148	035
3346	21	9473	228
7847	23	2966	022
5216	15	4973	064
680	18	9133	175
9144	18	1031	184
680	1	137	127
485	1	148	087
2424	8	2425	184
1042	1	687	084
982	1	148	044
1168	1	1142	105
2340	8	2341	162
135	18	1013	214
1081	1	604	023
1042	18	160	228
2301	8	2302	165
3345	21	9473	231
5300	15	4973	084
2691	19	9149	214
1025	1	821	041
1647	1	123	149
9144	18	9136	205
2443	8	2444	168
9144	18	1029	182
9144	18	9138	186
135	18	534	218
135	18	9130	211
2308	8	2307	222
135	18	1081	201
2463	8	2464	172
2214	7	2215	230
1042	18	1050	174
5342	15	4973	123
954	1	604	122
3076	23	3077	036
135	18	1470	178
982	1	148	050
1081	1	135	087
135	18	9134	187
1858	19	969	223
1042	18	1050	198
3024	19	1992	191
5082	15	4973	155
160	1	125	072
1042	18	645	164
1227	1	129	078
1175	1	953	150
1042	1	687	047
947	1	148	105
135	18	602	230
9144	18	1027	183
6878	23	2966	133
505	1	148	017
908	1	518	105
1042	18	1441	211
1042	18	568	189
2427	8	2426	164
135	18	854	226
6400	19	9159	220
1426	1	535	154
3790	14	4261	160
1465	1	155	088
135	18	9133	207
203	1	122	019
1042	18	967	217
277	1	125	004
2326	8	2327	224
4054	14	3623	120
135	18	954	202
2074	6	2075	058
2463	8	2464	180
2463	8	2464	214
4824	14	3710	121
655	1	419	159
1175	1	1142	121
2833	9	2636	147
1515	1	148	153
9522	21	9442	189
160	1	125	043
1858	19	969	221
9680	22	9544	115
1038	1	148	102
946	1	163	024
135	18	1470	184
680	18	9132	166
5070	15	4973	156
9459	21	9457	195
135	18	9134	206
9144	18	696	192
1303	1	122	009
1042	18	568	164
8943	23	12535	139
1044	1	125	141
1745	19	1936	191
2424	8	2425	202
6400	19	9159	211
9144	18	1031	179
1533	1	419	155
1042	18	1050	221
135	18	1426	228
9144	18	687	209
1042	18	568	226
135	18	1014	191
8842	23	3023	015
1745	19	1936	173
1094	15	4973	105
9306	23	12511	047
2267	8	2268	186
976	1	148	097
9144	18	698	206
680	18	9133	169
2310	19	1991	181
418	1	419	119
9144	18	1031	171
135	18	854	209
3577	14	3437	093
7018	19	1991	217
1042	18	570	208
1042	18	409	183
1042	18	571	214
1318	1	129	145
135	18	1426	216
680	18	9130	178
677	1	148	014
570	1	125	027
135	18	602	188
3040	23	12544	132
721	1	122	043
1318	1	129	019
1174	1	1142	109
645	1	125	026
458	15	4973	130
2414	8	2415	195
1174	1	953	151
985	1	148	132
4230	21	9462	210
2330	8	2331	230
2294	8	2295	170
1484	1	155	011
6195	19	1991	171
458	15	4973	034
9144	18	1029	221
9144	18	9137	183
135	18	854	168
699	1	123	127
2268	8	2267	186
9144	18	137	174
2463	8	2464	171
1523	1	917	119
204	1	123	094
1110	7	2208	220
1042	18	1651	206
2362	8	2361	197
9144	18	687	163
5202	15	4973	043
135	18	602	184
9401	23	12508	091
9144	18	9138	221
2394	8	2395	211
2394	8	2395	197
1042	18	160	179
1310	1	1210	088
456	1	125	146
5267	15	4973	125
1170	1	1142	102
135	18	1426	192
1544	1	148	098
2454	8	2455	216
489	1	125	066
1745	19	1936	205
4997	15	4973	060
1231	1	122	074
1415	1	163	078
9144	18	1035	183
744	1	163	077
1094	1	126	088
9144	18	9139	169
1339	1	129	017
8787	23	2975	138
9162	19	948	170
2362	8	2361	170
1157	1	953	014
9162	19	948	187
1640	1	126	117
3040	23	12544	142
9144	18	9138	183
9144	18	704	198
1042	18	876	188
1042	18	644	166
1543	1	148	014
2407	8	2406	215
9420	23	2939	136
9144	18	708	223
9144	18	696	194
4441	14	3710	017
1745	19	1936	199
654	1	123	123
1042	18	876	206
135	18	1591	222
1222	1	122	012
9144	18	1035	211
135	18	1426	214
2327	8	2326	214
7293	19	1926	217
135	18	1468	192
1193	1	1142	109
1379	1	953	008
1357	1	953	142
3135	11	3136	098
6	0	7	162
8552	19	9149	171
908	1	518	153
1501	1	148	057
1042	18	715	171
6400	19	9159	222
5042	15	4973	084
2925	19	1926	200
335	1	155	011
1042	18	876	209
534	1	535	132
2414	8	2415	187
525	15	4973	044
1042	18	645	184
1042	18	160	230
135	18	1470	221
135	18	1470	226
9144	18	1031	224
1667	1	125	064
1416	1	123	152
135	18	854	202
1042	18	377	230
135	18	1081	228
7079	23	12511	049
614	1	123	095
954	1	604	035
1042	18	876	171
1042	18	489	228
1042	18	377	227
962	1	163	093
9144	18	9140	229
1654	1	917	152
1666	1	126	132
485	1	148	103
9144	18	698	185
4048	14	3791	144
4370	14	3710	011
1042	18	967	230
6400	19	9159	206
9144	18	9140	228
135	18	9132	225
2362	8	2361	172
1586	15	4973	098
976	1	148	156
1180	1	1142	003
1279	1	129	083
9144	18	696	168
9144	18	137	162
9144	18	9139	168
1585	1	163	143
8842	19	9149	187
2925	19	1926	187
9144	18	9140	210
9144	18	1035	185
2389	8	2341	171
135	18	1468	222
400	18	3078	203
5301	15	4973	160
9144	18	698	214
738	1	123	145
1047	1	148	033
2068	6	173	052
400	18	3078	194
965	1	148	156
784	1	785	073
469	1	125	148
6726	23	2966	096
4582	14	3794	005
9144	18	696	207
240	1	123	146
1858	19	969	202
807	1	148	023
1543	1	148	053
489	1	125	080
1042	18	1651	210
9164	23	12533	050
1193	1	953	065
1081	1	135	098
3024	19	1992	212
1193	1	953	083
352	15	4973	124
9162	19	948	205
1042	18	377	180
395	1	123	091
12503	23	2995	085
1042	18	377	217
135	18	1081	205
352	15	4973	035
1042	18	967	174
5335	15	4973	157
2447	8	2448	222
680	18	9130	179
4036	14	3498	053
1664	1	125	012
251	1	125	069
135	18	2004	170
135	18	1014	223
135	18	9134	197
1042	18	645	162
1665	1	125	011
3138	19	9157	168
135	18	534	216
447	1	126	125
282	1	696	063
1189	1	953	161
135	18	534	196
395	1	123	097
8500	17	6725	147
1042	18	571	231
135	18	1468	215
135	18	602	229
1666	1	125	079
2265	23	2982	014
9470	21	9455	211
9144	18	1031	205
1591	1	535	150
5227	15	4973	028
910	1	518	142
573	15	5094	079
1426	1	135	101
135	18	1013	227
2427	8	2426	219
2409	8	2410	174
7018	19	1991	171
1661	1	126	117
2429	8	2428	217
6400	19	9159	197
2702	9	2705	088
680	1	137	001
1533	1	419	014
434	1	123	086
1042	18	979	211
3084	11	3081	026
1009	1	126	105
450	1	148	080
1055	1	123	155
962	1	163	034
9144	18	1027	202
9144	18	687	219
9144	18	708	203
135	18	954	199
5109	15	5110	131
4370	14	3710	073
4230	21	9462	212
7293	19	1926	223
1042	18	489	209
8842	19	9149	196
2565	9	2566	102
2301	8	2302	170
2447	8	2448	230
1435	1	126	098
1626	1	126	133
2925	19	1926	209
1545	1	148	071
680	18	9134	162
135	18	2004	208
1042	18	571	192
1042	18	377	210
188	1	189	134
1042	18	377	220
199	1	189	150
2414	8	2415	231
485	1	148	036
135	18	9131	214
8552	19	9149	191
1453	1	419	159
1042	18	571	167
9144	18	687	228
1042	18	1467	207
715	1	125	031
434	1	122	051
680	18	9132	174
1426	1	135	051
5270	15	4973	020
2845	10	2977	113
9144	18	696	178
1042	18	1050	167
156	1	122	012
9144	18	1029	226
1042	18	645	166
3066	23	12524	116
1042	18	1051	169
2426	8	2427	225
231	1	123	145
3346	21	9473	214
962	1	163	114
2402	8	2403	219
1584	1	122	004
1173	1	1142	131
9144	18	9140	230
150	1	122	053
135	18	602	213
8552	23	3023	001
1042	18	377	185
534	1	535	056
5093	15	5095	135
6371	23	3023	125
1415	1	148	004
1585	1	163	135
8787	23	2975	127
9144	18	698	179
9144	18	1029	186
6195	19	1991	165
1042	1	687	126
2424	8	2425	192
1355	1	1142	114
1042	18	1051	183
1172	1	953	043
8311	17	7429	157
218	1	125	134
3577	14	3437	020
1042	18	1441	166
1042	18	409	166
1042	18	645	222
5327	15	4973	056
9162	19	948	231
6195	19	1991	195
5260	15	4973	039
9144	18	698	172
2278	8	2277	193
2373	8	2374	182
4048	14	3791	073
1185	1	953	155
1042	18	1441	167
135	18	9134	213
1042	18	1651	201
2373	23	12511	046
9144	18	1035	213
2621	9	2703	063
484	1	148	138
9144	18	9140	197
3244	21	9473	225
135	18	1081	208
1485	1	155	073
9162	19	948	182
2327	8	2326	222
1030	1	1031	106
1042	18	715	188
1641	1	148	099
4764	21	9462	208
280	1	282	136
9144	18	708	173
6400	19	9159	181
1470	1	135	108
4764	21	9462	189
124	1	125	047
1042	18	644	216
9227	23	12508	132
1042	18	570	218
1185	1	1142	114
135	18	854	201
2277	8	2278	182
8842	19	9149	203
1042	18	1441	165
2373	8	2374	172
2691	23	2955	024
534	1	535	086
1042	18	979	212
2267	8	2268	172
1042	18	715	219
9144	18	687	200
9144	18	707	231
1042	18	568	208
135	18	534	228
2394	8	2395	212
6529	23	3023	039
2909	9	2593	125
1042	18	644	187
1664	1	125	138
1265	1	129	144
135	18	1591	220
352	15	4973	142
5328	15	4973	093
6936	23	12511	030
784	1	785	049
3024	19	9153	172
8943	23	12535	053
3346	21	9473	226
967	1	125	039
2268	8	2267	196
3069	19	1926	192
1510	1	122	018
9144	18	137	219
9144	18	9137	188
5180	15	4973	019
9144	18	9138	218
1175	1	1142	093
135	18	1468	206
1387	1	1210	081
9144	18	9138	178
6176	23	2566	150
6400	19	9159	230
6439	23	2956	114
1042	18	571	221
1042	18	979	206
3250	21	9434	223
2364	8	2363	172
1042	18	979	166
395	1	123	115
947	1	148	083
1042	18	1467	187
5070	15	4973	132
9144	18	708	169
9144	18	1027	190
135	18	9134	195
135	18	534	176
135	18	9133	208
5256	15	4973	069
3138	19	9157	179
2395	8	2394	199
2340	8	2341	171
1541	1	148	114
1179	1	953	159
1263	1	129	155
367	1	122	020
135	18	1014	227
1745	19	1936	204
3024	19	1992	215
1647	1	129	026
9144	18	708	221
7018	19	1991	185
1042	18	1050	207
5261	15	4973	085
2448	8	2447	229
1042	18	644	200
2447	8	2448	228
2404	8	2405	231
1236	1	129	160
5056	15	4973	095
240	1	123	125
7136	23	2955	094
2984	10	2946	158
434	1	123	135
8426	23	12511	082
1025	1	821	051
8552	19	9149	207
1042	18	568	201
459	1	126	114
9162	19	948	196
255	1	148	007
3388	21	9473	225
1158	1	953	051
3577	14	3437	151
8131	23	3030	129
9144	18	698	222
6878	23	2966	149
1042	18	644	210
9144	18	1029	214
4764	19	1977	189
1042	18	715	191
5258	15	4973	083
213	1	189	016
4961	14	4962	088
7293	19	1926	221
1301	1	129	060
2395	21	9462	205
135	18	9132	224
4764	21	9462	197
1042	18	1051	219
5093	15	5095	093
9144	18	704	200
1042	18	160	171
1484	1	155	153
2943	21	9462	213
5256	15	4973	102
1042	18	1441	226
1042	18	489	192
1042	18	967	176
1042	18	967	168
1042	18	568	199
7293	19	1926	226
9144	18	704	176
2265	23	2982	030
1042	18	644	167
947	1	123	122
160	1	125	039
434	1	122	037
3388	21	9473	228
151	1	123	133
135	18	534	165
3040	23	12544	049
156	1	123	100
1640	1	125	053
1042	18	644	225
1042	18	1051	174
284	1	189	092
135	18	1468	203
1042	18	645	175
2278	8	2277	185
1415	1	148	137
2320	8	2321	222
1318	1	129	025
854	1	535	130
876	1	125	054
3086	23	12527	005
3358	21	9473	225
3082	11	3083	119
2925	19	1926	201
1576	1	419	146
5260	15	4973	133
1042	18	876	227
1371	1	129	009
5327	15	4973	029
9420	23	2939	020
1465	1	155	153
9070	23	2982	076
2307	8	2308	222
1232	1	122	015
212	1	189	045
1042	18	435	198
680	18	9130	171
961	1	148	028
1272	1	129	057
231	1	123	129
400	18	481	172
231	1	123	154
1259	1	129	154
1263	1	1210	110
2565	9	2566	107
1042	18	570	192
135	18	9134	229
4764	19	1977	215
4568	23	2946	078
2407	8	2406	222
918	1	148	157
2444	8	2443	165
135	18	854	212
2395	21	9462	218
203	1	122	006
1222	1	129	139
2565	9	2566	099
6439	23	12515	142
2268	8	2267	191
2945	14	4034	134
135	18	1470	205
1042	18	1050	197
947	1	148	076
9144	18	1035	194
9144	18	696	177
1185	1	1142	126
1042	18	1441	179
311	1	148	145
1542	1	148	113
1042	18	644	218
135	18	9130	192
135	18	2004	202
6878	23	12520	118
1565	1	148	060
367	1	122	007
1300	1	129	082
476	1	148	145
135	18	1591	196
135	18	854	213
8842	19	9149	215
4230	21	9462	205
3358	21	9473	221
196	1	189	112
1042	18	1651	227
9144	18	9140	175
465	1	126	119
9227	23	12508	082
4715	23	12510	028
135	18	534	209
135	18	1013	213
805	1	123	121
400	18	3078	168
135	18	1014	209
458	15	4973	125
1528	1	125	020
721	1	123	103
2395	8	2394	194
1042	18	967	204
2427	8	2426	163
5206	15	4973	063
2341	8	2340	169
721	1	122	008
1013	1	604	156
5119	15	4985	001
9144	18	704	224
154	1	155	051
5261	15	4973	028
500	1	148	062
1542	1	148	129
9144	18	1031	168
8204	23	2989	046
4568	23	2946	051
1543	1	148	131
2925	23	2996	077
628	1	148	129
2361	8	2362	188
135	18	534	225
593	15	4973	101
5063	15	4973	005
432	1	148	161
9144	18	9139	212
1300	1	129	149
188	1	189	029
2294	23	12511	118
135	18	9135	185
1042	18	876	195
9144	18	704	230
1444	1	129	061
573	15	5095	122
6529	23	3023	091
1042	18	160	223
3409	21	9434	170
1013	1	604	030
5183	15	4973	001
1094	1	126	100
1279	1	1210	106
3024	19	1992	210
135	18	9135	194
9144	18	9139	207
484	1	148	067
1314	1	1210	110
1274	1	129	022
3243	19	1918	214
7293	19	1926	222
2447	8	2448	225
819	1	821	142
1515	1	148	160
386	1	148	116
9144	18	708	196
1414	1	122	021
9144	18	1027	170
7847	23	2966	117
9470	21	9455	203
3243	19	1918	219
450	1	148	138
1565	1	148	146
1314	1	122	058
1369	1	1210	104
135	18	1426	168
467	1	126	092
1317	1	129	005
3024	19	1992	219
11316	22	9589	134
2364	8	2363	176
8842	23	3023	087
2330	8	2331	220
1354	1	953	043
2445	8	2446	181
1457	1	155	115
9144	18	1029	168
1042	18	571	180
400	18	481	191
1485	1	155	079
1435	1	126	117
716	1	148	052
4260	14	4261	053
1387	1	122	085
1371	1	1210	095
3287	21	9473	213
1042	18	489	201
8529	19	1993	194
1042	18	876	170
7847	23	2966	017
9144	18	1031	183
2320	8	2321	220
9144	18	704	207
9470	21	9455	179
1042	18	570	226
9051	23	12508	017
2265	8	2266	172
139	1	125	070
1042	18	979	219
2329	8	2328	223
1042	18	570	228
1392	1	129	150
9144	18	704	205
1858	19	969	226
135	18	1591	170
135	18	1013	205
2445	8	2446	202
3236	23	3023	159
1042	18	409	210
7079	23	12511	118
673	1	948	127
8943	23	3023	079
1379	1	1142	105
431	1	189	004
2621	9	2703	014
135	18	2004	178
135	18	1426	211
2410	8	2409	174
1042	18	435	166
469	1	125	038
1444	1	129	041
2427	8	2426	173
1948	15	5094	112
3138	19	9157	169
1260	1	122	027
1042	18	644	197
135	18	1081	219
3069	19	1926	193
1081	1	604	032
2326	8	2327	213
9144	18	698	211
135	18	9131	218
1453	15	4973	037
5164	15	4973	151
1858	19	969	209
3233	23	2977	150
3148	11	3120	016
3620	14	3423	061
1745	19	1936	200
135	18	854	193
3929	14	3822	104
951	1	148	153
4764	21	9462	200
817	1	148	117
154	1	155	066
1392	1	129	061
5206	15	4973	143
1565	1	148	028
1055	1	123	088
1263	1	122	078
2463	8	2464	227
2327	8	2326	231
1042	18	570	198
1539	1	148	136
673	1	948	125
5009	15	4973	075
932	1	148	056
9144	18	1027	195
5070	15	4973	027
1626	1	126	109
570	1	125	046
1042	1	687	144
9144	18	9138	182
418	1	419	141
1669	1	419	021
135	18	1014	231
1282	1	129	009
2341	8	2340	163
5183	15	4973	050
2057	6	173	045
6195	19	1991	193
150	1	122	085
5077	15	4973	033
6195	19	1991	187
1042	18	1050	226
3250	21	9434	200
8552	23	3023	124
1188	1	1142	086
135	18	9133	198
7847	23	2966	043
3044	10	3045	099
2909	9	2593	042
9144	18	9140	211
1042	18	160	169
1467	1	125	007
1042	18	644	231
1102	1	148	139
135	18	9135	204
2326	8	2327	205
5358	15	4973	157
699	1	123	122
1185	1	953	085
6878	23	2966	053
1042	18	967	212
1042	18	489	224
1576	1	419	117
9051	23	12508	006
2427	8	2426	181
4764	19	1977	165
352	15	4973	152
135	18	1591	204
1241	1	129	004
2424	8	2425	197
350	1	163	080
1534	1	123	137
1042	18	377	204
2463	8	2464	205
5063	15	4973	089
135	18	1591	167
5063	15	4973	096
2925	19	1926	175
135	18	1468	231
1189	1	953	013
1662	1	125	051
135	18	1470	216
377	1	125	032
1042	18	570	216
1158	1	1142	099
7018	19	1991	214
2200	9	2713	158
8667	23	3023	014
1042	18	409	185
4441	14	3710	101
2572	23	12504	161
9420	23	2939	154
1555	1	123	116
534	1	535	075
135	18	9132	205
5250	15	4973	066
9144	18	9136	212
2925	19	1926	179
951	1	148	035
680	18	9130	162
1042	18	1467	164
6400	19	9159	184
1042	18	1441	208
3134	11	3129	123
9162	19	948	227
2472	8	2374	209
9144	18	9139	208
4048	14	3791	132
9144	18	1031	226
9063	23	3023	158
9144	18	1041	225
2265	8	2266	173
542	1	1029	017
950	1	148	133
7790	23	12511	054
3244	21	9473	219
1858	19	969	214
138	15	4973	134
4230	21	9462	231
135	18	9135	211
9144	18	9138	172
435	1	125	054
1331	1	129	011
3346	21	9473	220
2925	19	1926	181
9051	23	12508	066
9144	18	137	180
4582	14	3794	129
447	1	126	107
982	1	148	103
1392	1	1210	105
2404	8	2405	206
1042	18	979	197
1172	1	953	010
9144	18	9138	222
2456	8	2457	171
3352	21	9473	205
999	1	122	013
1384	1	122	057
1009	1	125	105
9144	18	1029	180
9144	18	696	185
2404	8	2405	218
9144	18	687	171
2404	8	2405	213
1014	1	604	085
2362	8	2361	171
6529	23	3023	160
1343	1	129	079
9144	18	137	194
5109	15	5110	114
4547	14	3450	041
817	1	148	098
680	18	9130	169
1042	18	979	178
135	18	9130	223
1182	1	953	074
1042	18	570	177
1201	1	953	148
1042	18	160	231
602	1	604	055
9144	18	137	178
150	1	122	083
1042	1	687	094
2267	8	2268	180
9144	18	708	166
1094	1	125	085
1426	1	135	099
431	1	189	097
431	1	189	016
2373	8	2374	181
1392	1	129	064
1042	18	1441	217
8426	23	12511	158
1667	1	126	091
135	18	1468	196
2445	8	2446	218
3040	23	3023	068
135	18	9132	202
9144	18	1041	188
135	18	854	188
1354	1	953	147
1467	1	125	036
1582	1	122	011
2463	8	2464	174
784	1	785	122
435	1	125	047
1009	1	126	088
6529	23	3023	097
138	15	4973	083
992	1	122	005
5358	15	4973	074
1094	1	125	065
3253	21	9435	228
4764	19	1977	202
1745	19	1936	206
9144	18	9137	167
1317	1	129	149
2373	8	2374	171
1042	18	979	180
4764	19	1977	223
1172	1	953	030
9144	18	9138	190
5216	15	4973	148
7018	19	1991	190
2407	8	2406	228
3135	11	3136	009
135	18	9131	188
400	18	3078	180
3345	21	9473	230
1514	1	148	054
2395	21	9462	193
1042	18	1467	175
418	1	419	021
1042	18	1441	178
963	1	148	128
2310	19	1991	186
1516	15	4973	111
9439	21	9434	208
1151	1	953	021
5070	15	4973	094
1523	1	917	000
1042	18	1467	190
2470	8	2471	219
1357	1	953	007
135	18	9135	195
2691	23	2955	076
9162	19	948	186
813	1	148	078
2925	19	1926	207
386	1	148	099
7018	19	1991	175
3018	23	2977	037
2294	23	12511	148
2216	7	2206	223
135	18	1591	213
8552	19	9149	201
2361	8	2362	187
5093	15	5095	098
135	1	137	050
2428	8	2429	216
2320	8	2321	223
4764	21	9462	222
5277	15	4973	112
3358	21	9473	227
2136	6	173	078
2428	8	2429	215
4230	21	9462	202
5227	15	4973	057
1042	18	377	189
9144	18	9138	174
1094	1	125	148
135	18	1014	190
1042	18	435	205
9144	18	9138	206
5099	15	4973	032
1543	1	148	137
9144	18	708	165
9144	18	698	163
5294	15	4973	067
1443	1	155	101
1042	18	1051	199
1042	18	570	212
11084	22	10813	158
8842	19	9149	225
1527	1	126	159
1241	1	1210	128
9144	18	9136	165
1412	1	123	097
916	1	917	012
4048	14	3791	100
9144	18	9138	164
9144	18	9140	200
135	18	1014	202
135	18	2004	186
145	1	123	149
2702	9	2705	108
2462	8	2448	197
135	18	1081	180
400	18	481	164
1051	1	125	076
350	1	163	132
8824	23	2977	108
6195	19	1991	173
1042	18	1441	221
947	1	129	133
1042	18	160	166
1541	1	148	067
9144	18	1029	187
1339	1	129	050
2445	8	2446	166
1585	1	706	103
1858	19	969	206
135	18	1470	204
4568	23	2946	138
9144	18	1029	225
5201	15	4973	013
7293	19	1926	229
400	18	3078	193
8943	23	12535	004
4074	14	3791	129
1414	1	122	052
1147	1	1142	093
138	15	4973	060
450	1	148	104
135	18	1468	224
5270	15	4973	142
680	18	9135	174
9144	18	1027	181
3148	11	3120	009
5086	15	4973	133
950	1	148	032
1042	18	377	183
3790	14	3791	078
1468	1	604	044
964	1	148	133
1042	18	644	171
1368	1	1142	087
628	1	148	109
1180	1	1142	001
680	18	9135	173
5063	15	4973	058
1368	1	1142	088
1534	1	123	158
2394	8	2395	190
1354	1	125	075
135	18	534	219
135	18	1470	190
2691	23	2955	123
1318	1	1210	122
2340	8	2341	170
2362	8	2361	167
1315	1	1210	131
6726	23	2966	084
2463	8	2464	218
1042	18	409	180
2427	8	2426	189
9144	18	1035	201
1042	18	1441	175
1042	18	377	221
819	1	821	011
1175	1	1142	104
2443	8	2444	173
4764	21	9462	178
1168	1	953	018
5215	15	4973	137
3024	19	1992	190
466	1	125	066
211	1	189	063
1274	1	129	157
1157	1	1142	085
1667	1	126	130
1655	1	148	119
2463	8	2464	176
1258	1	129	047
1081	1	535	053
135	18	9134	194
3024	19	1992	228
2373	23	12511	026
6371	23	3023	021
135	18	602	219
2925	19	1926	230
1042	18	489	165
680	18	9131	164
3345	21	9473	220
534	1	135	076
5056	15	4973	106
4257	14	3696	156
6936	23	12511	142
1411	1	163	037
135	18	9134	198
1444	1	129	004
2294	23	12511	142
807	1	148	066
277	1	126	116
2294	23	12511	060
1141	1	1142	092
2445	8	2446	187
127	1	125	156
1475	1	155	071
2326	8	2327	231
1042	18	645	225
8756	23	12511	071
138	15	4973	099
673	1	163	013
995	1	148	013
1042	18	979	215
354	1	126	100
7018	19	1991	178
5258	15	4973	159
1543	1	148	046
5250	15	4973	118
4764	19	1977	194
135	18	1081	187
485	1	148	155
3358	21	9473	224
135	18	9135	182
1223	1	122	027
1667	1	125	074
5256	15	4973	010
1042	18	409	208
9144	18	687	170
1042	18	409	163
1042	18	715	225
7018	19	1991	163
1669	1	419	119
918	1	148	094
1042	18	568	207
2448	8	2447	216
1189	1	953	028
1042	18	1441	197
2448	8	2447	228
680	18	9134	172
1426	1	135	084
680	1	137	104
1148	1	953	004
468	1	125	148
1443	1	155	091
2445	8	2446	195
1042	18	571	205
3790	14	4261	038
8385	23	3023	009
124	1	126	099
3076	23	12551	080
135	18	1470	220
1151	1	953	052
1042	18	1467	219
680	18	9131	168
3346	21	9473	218
9144	18	1029	218
9144	18	1027	186
3066	23	12524	071
4764	19	1977	217
1222	1	129	145
4764	21	9462	166
1591	1	535	141
3577	14	3437	014
1042	18	1441	170
135	18	1081	172
5227	15	4973	117
1586	15	4973	159
706	1	708	121
3250	21	9434	198
5082	15	4973	061
1414	1	123	151
2414	8	2415	228
1665	1	125	059
8756	23	12511	022
2364	8	2363	171
5301	15	4973	043
1042	18	876	222
9144	18	9136	213
135	18	9133	197
1669	1	419	112
458	15	4973	112
1669	1	419	034
1533	1	419	040
9144	18	1027	210
3250	21	9434	221
2404	8	2405	202
135	18	9134	196
541	1	282	099
1042	18	489	230
9144	18	9139	193
3084	11	3081	013
5296	15	4973	010
1042	18	1651	194
390	1	163	154
9144	18	696	215
2909	9	2593	057
6371	23	3023	089
2394	8	2395	204
154	1	155	042
5335	15	4973	129
477	1	122	044
9439	21	9434	209
3814	14	3544	149
2472	8	2374	205
2445	8	2446	176
135	18	1470	195
377	1	125	078
4074	14	3791	075
8272	23	2975	037
1388	1	1210	109
135	18	1013	230
3581	14	3545	129
2407	8	2406	218
5265	15	4973	106
628	1	148	072
1243	1	953	064
9144	18	1029	230
1042	18	967	222
958	1	148	128
1412	1	122	049
1201	1	1142	116
3138	19	9157	172
135	18	9132	198
6400	19	9159	193
4994	15	4973	122
135	18	534	183
1213	1	122	015
2702	9	2705	099
1042	18	644	177
135	18	1468	204
2447	8	2448	211
4582	14	3794	010
5025	15	4973	050
2267	8	2268	191
1042	18	409	178
2265	23	2982	123
218	1	125	142
6843	23	3023	155
5227	15	4973	072
135	18	1013	222
2402	8	2403	211
3134	11	3129	115
2462	8	2448	202
5202	15	4973	141
9144	18	9136	167
9144	18	687	224
1042	18	568	190
135	18	2004	204
1042	18	435	214
135	18	954	200
1259	1	129	150
1164	1	953	012
4994	15	4973	161
4230	21	9462	226
9144	18	9139	226
1669	1	419	104
1352	1	1142	120
1223	1	122	072
8552	23	3023	092
7178	23	12511	120
2414	8	2415	224
9144	18	1029	185
1042	18	377	211
8552	19	9149	179
2433	8	2432	224
7195	23	12531	056
3024	19	1992	224
6400	19	9159	203
4979	15	4973	113
9144	18	1035	189
177	1	123	106
469	1	125	041
2433	8	2432	214
2427	8	2426	202
1151	1	953	023
1413	1	129	074
2326	8	2327	201
2362	8	2361	199
5070	15	4973	123
2405	8	2404	224
1055	1	129	078
1198	1	953	060
1443	1	155	128
1260	1	1210	102
2361	8	2362	199
1369	1	129	070
5222	15	4973	051
1042	18	979	175
2394	8	2395	203
1009	1	125	060
9144	18	704	229
5272	15	4973	013
963	1	148	037
1265	1	1210	005
9144	18	687	195
9018	23	3023	021
1356	1	953	009
385	1	148	026
8499	23	12511	051
135	1	137	089
9144	18	687	213
9144	18	9137	210
1042	18	377	198
5201	15	4973	064
3044	10	3045	016
10310	22	10311	147
400	18	481	169
9144	18	9137	182
1346	1	953	148
4370	14	3710	132
2445	8	2446	194
3343	21	9473	225
9144	18	1031	195
135	18	854	225
5253	15	4973	005
135	18	9130	226
1042	18	570	210
6973	23	12501	013
250	1	148	044
1180	1	953	011
570	1	125	059
2395	21	9462	222
249	1	148	124
4230	21	9462	215
1042	18	1467	212
3024	19	1992	209
2405	8	2404	218
2406	8	2407	210
2463	8	2464	203
1213	1	122	047
1664	1	125	023
135	18	9134	186
1042	18	979	168
8943	23	3023	069
1042	18	1467	230
2691	19	9149	188
2395	21	9462	200
1042	18	571	230
1042	18	435	218
3040	23	12544	096
1585	1	706	104
2405	8	2404	222
1317	1	1210	126
2909	9	2593	157
1414	1	122	048
2428	8	2429	219
2943	21	9462	211
468	1	126	133
2927	10	2930	150
9144	18	708	209
1654	1	917	052
9144	18	1031	227
6973	23	12501	027
6726	23	2966	132
5272	15	4973	024
1047	1	148	035
1231	1	1210	104
1745	19	1936	178
1281	1	1210	129
9306	23	12511	108
602	1	604	092
135	18	534	213
1042	18	1441	203
1492	1	125	026
1501	1	148	061
9144	18	698	176
8943	23	3023	132
946	1	163	104
9144	18	1041	180
976	1	148	128
12503	23	2995	003
135	18	9131	181
2414	8	2415	205
6878	23	2966	077
3044	10	3045	139
9144	18	9138	165
1353	1	129	061
1042	18	571	165
3250	21	9434	222
135	18	9133	231
1042	18	1651	200
2691	19	9149	204
215	1	189	064
135	18	2004	166
9456	21	9458	182
217	1	148	155
2445	8	2446	174
3343	21	9473	220
9144	18	9138	202
3250	21	9434	217
135	18	2004	198
1465	1	155	054
2404	8	2405	228
1426	1	535	034
813	1	148	157
3076	23	3077	141
1232	1	122	071
9144	18	9137	172
9144	18	9140	217
1466	1	155	062
5265	15	4973	148
1202	1	125	037
795	1	148	067
2433	8	2432	207
954	1	604	133
135	18	1591	209
9144	18	698	219
7687	23	12511	014
1158	1	953	040
1042	18	160	204
484	1	148	085
203	1	123	103
9144	18	704	191
250	1	148	020
9144	18	137	203
5117	15	4973	116
9144	18	137	201
476	1	148	016
9144	18	1027	180
135	18	1591	215
1042	18	876	214
2363	8	2364	173
1042	18	1050	186
5267	15	4973	094
1509	1	129	056
135	18	602	194
9144	18	1041	191
1591	1	535	036
135	18	1470	225
9144	18	1041	230
217	1	148	078
1585	1	706	147
1042	18	876	202
2463	8	2464	229
1009	1	126	118
1042	18	489	171
1243	1	953	039
154	1	155	097
3620	14	3423	098
980	1	917	147
11372	22	9589	145
135	18	534	206
4764	19	1977	231
4764	19	1977	205
1274	1	1210	124
712	1	163	098
2265	8	2266	174
9144	18	687	194
249	1	148	009
254	1	148	028
2925	23	2996	059
2395	8	2394	221
1534	1	122	018
1591	1	535	156
432	1	148	023
255	1	148	093
9144	18	9137	197
135	18	9131	192
135	18	9131	184
135	18	9131	229
9144	18	687	162
1025	1	821	065
1042	18	876	204
5042	15	4973	036
1545	1	148	141
9162	19	948	213
1197	1	953	026
475	1	148	156
1042	18	1441	171
602	1	604	098
7975	23	3023	074
1042	18	409	212
3018	23	2977	021
5256	15	4973	020
135	18	1081	190
199	1	189	101
1281	1	129	159
2265	8	2266	177
432	1	148	155
1081	1	135	148
1042	18	435	178
135	18	9132	193
9227	23	12508	075
1544	1	148	108
817	1	148	130
1457	1	155	153
458	1	125	017
2445	8	2446	211
9144	18	687	189
980	1	917	142
3826	23	2996	114
2326	8	2327	212
3250	21	9434	227
9470	21	9455	207
1042	18	1050	211
1384	1	122	068
2405	8	2404	212
1140	1	148	008
1042	18	645	197
9144	18	9138	212
1042	18	160	220
6129	23	12508	086
1264	1	1210	105
177	1	123	157
1009	1	125	112
139	1	125	075
9144	18	1029	202
2205	7	2206	228
3069	19	1926	218
1042	18	1051	221
721	1	122	070
1042	18	876	169
4764	21	9462	211
135	18	1470	201
9144	18	1027	218
2361	8	2362	172
135	18	1470	224
947	1	148	043
2395	21	9462	211
1202	1	953	060
2414	8	2415	186
447	1	126	062
5296	15	4973	088
9144	18	9139	225
138	15	4973	018
712	1	163	112
9680	22	9544	158
135	18	854	183
2410	8	2409	165
2444	8	2443	164
1042	18	1050	209
135	18	9130	217
2463	8	2464	184
9144	18	698	166
534	1	135	108
4764	21	9462	221
1188	1	1142	027
1042	18	568	211
2463	8	2464	211
9144	18	1035	223
2470	8	2471	223
2278	8	2277	184
199	1	189	156
1042	18	489	174
4715	23	12510	077
400	18	3078	201
135	18	1081	173
135	18	534	204
2917	9	2593	075
571	1	125	073
435	1	125	045
784	1	785	058
1042	18	409	169
7018	19	1991	177
593	15	4973	059
614	1	129	037
8842	19	9149	231
9144	18	9136	196
9420	23	2939	100
3409	21	9434	167
2414	8	2415	198
2302	8	2301	169
9144	18	1031	202
1745	19	1936	174
525	15	4973	067
231	1	123	140
135	18	9133	190
5212	15	4973	080
9144	18	1035	176
9162	19	948	177
2943	21	9462	202
4764	21	9462	171
947	1	129	066
807	1	148	115
1038	1	148	073
255	1	148	019
2424	8	2425	163
2424	8	2425	173
3250	21	9434	202
8131	23	3030	150
5215	15	4973	078
1042	18	644	168
1042	18	979	162
469	1	125	080
8943	23	3023	133
9144	18	1029	175
199	1	189	055
8552	19	9149	208
5070	15	4973	116
1002	1	148	023
1042	18	715	221
1354	1	1142	045
135	18	1591	199
1745	19	1936	165
254	1	148	036
1416	1	123	147
3138	19	9157	177
1042	18	1050	179
135	18	9130	228
4394	14	3791	118
3236	23	12520	097
807	1	148	161
5250	15	4973	029
1484	1	155	144
2136	6	2122	028
167	1	148	137
1382	1	953	050
721	1	122	081
9144	18	9136	223
2984	10	2946	122
2265	8	2266	221
2407	8	2406	214
3790	14	3791	061
135	18	9131	201
2362	8	2361	187
3024	19	1992	231
135	18	9133	227
9144	18	137	177
213	1	189	144
958	1	148	066
1141	1	1142	090
9144	18	1031	211
3313	21	9434	179
9144	18	9137	193
2925	19	1926	188
909	1	148	012
4992	15	4973	004
135	18	1470	185
1264	1	122	060
5119	15	4985	134
1042	18	1651	192
1664	1	126	108
3069	19	1926	227
9144	18	9136	182
2407	8	2406	219
602	1	604	149
628	1	148	119
1042	18	571	181
1318	1	129	017
1042	18	1441	207
1179	1	1142	101
1357	1	953	071
254	1	148	095
1042	18	435	231
1042	18	715	205
135	18	9132	182
4230	21	9462	218
916	1	917	056
1042	18	1651	186
1472	1	155	004
7975	23	3023	098
5082	15	4973	079
5358	15	4973	143
9144	18	1027	192
400	18	481	189
1941	5	1943	139
1047	1	148	010
1042	18	435	227
654	1	129	028
2945	14	3623	124
985	1	148	075
135	18	854	185
2925	19	1926	215
1585	1	148	040
1369	1	129	015
654	1	129	067
1042	18	1441	185
135	18	854	163
1858	19	969	229
4568	23	2946	028
1042	18	715	203
8385	23	3023	110
2443	8	2444	175
954	1	604	071
12503	23	2995	112
2444	8	2443	173
1472	1	155	095
2301	23	2951	029
9144	18	708	183
2277	8	2278	192
1303	1	129	158
135	18	1014	220
6195	19	1991	200
2414	8	2415	197
9144	18	9140	201
1042	18	715	197
1030	1	1031	042
998	1	148	111
1372	1	1142	111
1042	18	568	212
4764	21	9462	226
5186	15	4973	127
1413	1	123	099
716	1	148	123
7417	23	3023	161
2265	8	2266	228
3040	23	12544	154
135	18	9132	211
1170	1	1161	073
699	1	122	052
2943	21	9462	217
1002	1	148	125
1042	18	409	193
1626	1	126	118
9144	18	1035	216
3409	21	9434	172
135	18	9135	212
1042	18	435	177
2463	8	2464	206
9144	18	137	169
1042	18	876	174
1042	18	570	220
1173	1	953	077
1582	1	123	095
1241	1	129	018
6371	23	3023	074
1415	1	148	124
2277	8	2278	194
2785	9	2593	093
9144	18	9139	191
8842	19	9149	216
1172	1	953	153
135	18	854	176
9144	18	695	231
9144	18	1031	230
2309	8	2310	164
680	18	9134	164
1042	18	1050	182
7687	23	12511	016
813	1	148	017
680	18	9135	166
9144	18	698	202
463	1	125	005
1042	18	1051	226
2691	19	9149	171
4764	19	1977	176
2433	8	2432	219
1339	1	1210	115
145	1	122	048
8499	23	12511	042
9144	18	9139	223
367	1	123	085
135	18	9131	190
1042	18	570	166
400	18	481	177
2432	8	2433	214
2414	8	2415	223
250	1	148	052
2409	8	2410	170
135	18	1591	228
4994	15	4973	087
135	18	854	217
1590	1	123	126
4260	14	4261	025
8552	19	9149	192
1042	18	715	201
1042	18	571	219
1509	1	129	028
1349	1	1210	086
9063	23	3023	053
2472	8	2374	212
168	1	148	116
9144	18	704	184
9390	23	12511	134
1042	18	645	215
1349	1	1210	108
2691	19	9149	186
5277	15	4973	147
211	1	189	107
1466	1	155	064
2448	8	2462	203
2845	10	2977	091
8552	23	3023	050
367	1	123	137
2395	21	9462	216
2373	8	2374	170
8842	23	3023	024
593	15	4973	134
9144	18	704	189
3076	23	12551	016
1662	1	126	090
4764	19	1977	227
1042	18	377	194
1042	18	160	178
2410	8	2409	169
5288	15	4973	021
477	1	122	059
4230	21	9462	216
995	1	148	146
2278	8	2277	187
2691	19	9149	211
6936	23	12511	071
2394	8	2395	214
5082	15	4973	133
1346	1	1142	102
9144	18	1041	218
1042	18	967	172
2394	8	2395	218
9444	21	9440	185
227	1	123	161
135	18	854	220
204	1	123	152
1042	18	435	206
3943	14	3696	161
135	18	854	208
135	18	954	216
795	1	148	017
2404	8	2405	196
430	1	148	133
6176	23	2566	139
962	1	163	149
135	18	2004	206
2395	21	9462	196
400	18	3078	177
5256	15	4973	154
1176	1	1142	134
6878	23	12520	104
9144	18	696	187
1055	1	123	150
9144	18	704	164
9144	18	704	221
1528	1	125	074
480	15	5067	136
135	18	1591	193
9144	18	696	220
1042	18	1651	198
150	1	123	106
9063	23	3023	049
2394	8	2395	196
5335	15	4973	139
2463	8	2464	189
9144	18	704	190
9470	21	9455	177
135	18	1081	209
135	18	1013	194
3409	21	9434	162
350	1	163	134
8943	23	3023	027
4230	21	9462	221
2277	8	2278	185
9144	18	9138	167
1476	1	148	083
9144	18	137	225
1369	1	129	141
1016	1	125	160
2445	8	2446	217
1042	18	644	172
9144	18	137	168
135	18	9135	184
204	1	122	017
947	1	148	126
2301	8	2302	171
5300	15	4973	114
1042	18	1051	207
135	18	9135	188
2427	8	2426	208
2405	8	2404	196
3338	21	9473	231
135	18	1014	189
1042	18	1441	164
8552	23	3023	031
817	1	148	026
1509	1	129	085
1218	1	129	134
9144	18	1027	208
3076	23	3077	096
4764	21	9462	175
135	18	1470	162
2395	21	9462	202
154	1	155	149
1042	18	570	169
400	18	481	199
4764	19	1977	162
135	18	602	210
1042	18	571	207
9144	18	9136	217
9144	18	696	169
138	15	4973	025
654	1	129	051
9144	18	9138	179
2463	8	2464	215
2427	8	2426	190
2326	8	2327	230
1148	1	953	074
135	18	1081	225
2341	8	2389	171
2330	8	2331	215
1382	1	953	154
146	1	123	095
135	18	9132	191
541	1	282	149
1356	1	1142	094
4547	14	3450	160
5077	15	4973	039
4764	21	9462	188
4764	19	1977	191
2927	10	2930	151
1258	1	129	053
2644	9	2593	054
3024	19	1992	223
135	18	1468	209
209	1	148	094
2310	19	1991	183
1426	1	535	157
9144	18	704	201
2404	8	2405	204
568	1	125	048
5056	15	4973	154
680	18	9133	176
9144	18	1027	229
9051	23	12508	075
3287	21	9473	215
1025	1	821	062
5680	22	9689	145
3250	21	9434	205
2470	8	2471	212
534	1	135	129
135	18	1081	206
9144	18	137	216
135	18	1591	177
1315	1	129	006
1314	1	1210	115
1042	18	967	202
1042	18	1467	170
3790	14	3791	071
1042	18	967	191
2394	8	2395	192
1264	1	122	068
3018	23	2977	088
2424	8	2425	195
1533	1	419	129
1148	1	953	068
135	18	1470	193
2909	9	2593	115
8529	19	1993	195
1042	18	435	186
9390	23	12511	040
4582	14	3794	046
1301	1	129	143
680	18	9134	174
135	18	9132	199
135	18	534	168
150	1	123	131
489	1	125	073
1281	1	122	011
2327	8	2326	184
9144	18	1031	213
1645	1	125	071
1009	1	125	063
9144	18	687	181
5082	15	4973	159
2205	7	2206	224
135	1	137	079
1042	18	979	182
135	18	9134	200
1042	18	644	185
9144	18	1041	223
916	1	917	133
5300	15	4973	068
3084	11	3081	126
5117	15	4973	025
3243	19	1918	223
1654	1	917	000
485	1	148	121
1002	1	148	051
8272	23	2975	025
1745	19	1936	201
6195	19	1991	201
2925	19	1926	210
2404	8	2405	199
976	1	148	017
1164	1	953	047
1042	18	645	219
3790	14	4261	107
2424	8	2425	198
3069	19	1926	231
6371	23	3023	124
1042	18	1651	185
135	18	1470	209
135	18	954	230
1223	1	1210	081
534	1	535	141
1042	18	489	205
2925	23	2996	107
9144	18	708	178
8756	23	12511	126
8779	23	2989	121
2310	19	1991	164
3024	19	1992	207
9306	23	12511	036
3057	23	2946	100
8756	23	12511	159
1180	1	1142	019
1353	1	129	078
135	18	854	178
2373	8	2374	163
1042	18	568	177
3018	23	2977	050
1042	18	571	190
1591	1	135	040
982	1	148	059
2456	8	2457	170
3069	19	1926	207
280	1	282	100
8529	23	2989	103
3903	14	3694	118
1349	1	129	074
8552	19	9149	188
6195	19	1991	197
1002	1	148	089
135	18	854	169
2470	8	2471	218
1042	18	435	189
9144	18	1031	229
932	1	148	146
1202	1	953	009
1655	1	148	128
1042	18	435	199
9144	18	687	207
965	1	148	037
4764	19	1977	212
9144	18	698	216
4441	14	3710	137
1009	1	125	137
542	1	1029	035
4764	21	9462	224
1193	1	953	015
198	1	189	151
1042	18	876	226
135	18	854	216
135	18	534	197
161	1	163	109
2472	8	2374	207
385	1	148	024
1042	18	1651	208
1042	18	1651	205
9144	18	9136	209
3962	14	3963	159
1584	1	123	137
3024	19	1992	189
135	18	602	201
673	15	4973	032
135	18	854	184
807	1	148	137
982	1	148	093
2691	23	3023	120
673	15	4973	067
1042	18	645	226
1042	18	568	204
2364	8	2363	170
2426	8	2427	222
1521	1	148	143
971	1	148	144
1468	1	604	054
9470	21	9455	178
4074	14	3791	125
2917	9	2593	095
9162	19	948	181
1476	1	148	096
9144	18	1027	193
1264	1	1210	107
135	18	954	210
9144	18	696	229
4764	19	1977	188
8824	23	2977	044
967	1	125	071
1042	18	571	206
1384	1	1210	088
628	1	148	096
9144	18	1029	179
504	1	148	135
980	1	917	033
9470	21	9455	206
5350	15	4973	065
135	18	954	203
2310	19	1991	191
992	1	122	014
135	18	1013	188
377	1	125	085
654	1	123	088
1042	18	1467	167
147	1	148	008
1042	18	967	188
5261	15	4973	142
1582	1	122	082
135	18	954	190
135	18	954	221
4979	15	4973	048
3250	21	9434	163
9144	18	1035	166
1042	18	160	209
1310	1	122	028
2443	8	2444	166
9144	18	698	192
1042	18	715	231
992	1	122	051
980	1	917	098
4997	15	4973	117
1202	1	953	013
680	18	9130	174
2265	8	2266	171
3018	23	2977	051
2472	8	2374	210
9144	18	1035	208
1555	1	123	106
1372	1	953	135
1042	18	1441	200
9144	18	9138	195
2463	8	2464	192
1042	18	715	187
1213	1	129	150
1042	18	979	171
1281	1	1210	095
1042	18	1467	174
699	1	122	051
1042	18	715	167
1081	1	135	144
194	1	148	049
12503	23	12520	135
1371	1	129	007
5288	15	4973	040
400	18	3078	178
9144	18	1031	214
5122	15	4973	045
2427	8	2426	213
5227	15	4973	116
177	1	122	026
9144	18	1035	171
9144	18	696	206
2404	8	2405	214
135	18	1470	192
9523	21	9510	196
3148	11	3120	109
9470	21	9455	208
2426	8	2427	218
1042	18	715	176
7018	19	1991	186
1555	1	129	067
1042	18	1441	192
1042	18	435	185
188	1	189	004
2744	9	2593	125
9162	19	948	179
2845	10	2977	123
1416	1	122	030
3057	23	2946	069
1042	18	570	182
8552	19	9149	180
2463	8	2464	194
135	18	1468	181
9144	18	9138	193
819	1	821	139
7293	19	1926	207
1042	18	1441	196
135	18	1014	205
135	18	9135	213
716	1	148	041
466	1	125	073
9470	21	9455	167
2394	8	2395	194
1046	1	148	105
4963	17	4312	113
1591	1	135	076
7018	19	1991	165
255	1	148	024
1042	18	568	202
680	18	9131	170
6195	19	1991	190
1279	1	1210	119
1042	18	568	228
467	1	125	021
5119	15	4985	033
135	18	9133	183
2394	8	2395	198
1185	1	953	142
9470	21	9455	184
9522	21	9451	184
1042	18	571	178
2432	8	2433	206
1042	18	876	180
1651	1	125	043
249	1	148	111
8842	23	3023	115
500	1	148	101
3620	14	3423	008
135	18	9131	228
3138	19	9157	174
400	18	3078	188
2448	8	2447	231
135	18	1426	207
3243	19	1918	230
135	18	9133	215
1083	1	129	027
135	18	1591	200
6878	23	12520	058
1042	18	1441	213
135	18	1470	179
1200	1	953	077
9144	18	137	164
6439	23	2956	039
1544	1	148	123
3024	19	9152	163
1042	18	435	224
1042	18	1050	196
476	1	148	064
1664	1	125	139
1081	1	135	115
995	1	148	154
1148	1	953	149
1042	18	1467	231
2405	8	2404	221
5222	15	4973	056
135	18	534	202
196	1	189	081
4824	14	3710	153
1042	18	1467	214
2463	8	2464	226
467	1	125	063
1042	18	715	192
3066	23	2982	055
9162	19	948	193
1661	1	125	006
7079	23	12511	014
135	18	9132	222
9144	18	9140	225
1555	15	4973	081
9470	21	9455	198
447	1	126	108
277	1	125	037
7847	23	2966	087
9144	18	1028	231
1042	18	644	188
1555	15	4973	071
2472	8	2374	208
2394	8	2395	220
147	1	148	018
177	1	122	051
227	1	122	030
8842	19	9149	218
1435	1	125	035
6195	19	1991	172
715	1	125	046
3046	23	2928	037
1042	18	876	163
9144	18	9138	219
8552	19	9149	187
9144	18	1031	207
1094	15	4973	130
135	18	9134	203
1042	18	1441	227
2326	8	2327	214
1042	18	1467	192
2432	8	2433	210
1047	1	148	101
6878	23	2966	135
954	1	604	064
1042	18	876	168
3250	21	9434	213
1013	1	604	091
135	18	854	181
2327	8	2326	196
135	18	1468	199
135	18	9135	216
1585	1	148	158
1353	1	1210	123
9144	18	708	217
2373	8	2374	191
4899	14	3623	151
1173	15	4973	109
908	1	518	039
135	18	1081	196
135	18	9131	227
135	18	1470	200
1042	18	1651	220
2445	8	2446	173
1002	1	148	092
716	1	148	022
2424	8	2425	204
6400	19	9159	199
5171	15	4973	032
1543	1	148	011
195	1	189	139
135	18	9132	189
1094	1	125	048
2326	8	2327	220
9144	18	9136	163
1042	18	1467	189
9420	23	2939	014
5265	15	4973	139
235	1	148	139
203	1	123	085
7417	23	3023	064
467	1	126	117
5301	15	4973	130
500	1	148	084
2268	8	2267	193
9144	18	1041	220
2326	8	2327	222
9144	18	1035	203
1586	15	4973	087
2943	21	9462	221
5164	15	4973	141
8272	23	2975	112
9386	23	12511	089
1223	1	1210	079
1042	18	571	202
5267	15	4973	034
9045	23	2982	018
1555	1	123	090
2691	19	9149	176
2448	8	2462	201
6400	19	9159	214
1042	18	979	189
6878	23	12520	047
9063	23	3023	094
570	1	125	025
432	1	148	069
135	18	602	214
680	18	9132	165
412	1	148	083
255	1	148	118
4370	14	3710	119
3024	19	1992	222
135	18	9135	203
8955	23	2939	013
680	18	9134	171
995	1	148	087
1042	18	644	230
8943	23	3023	154
9164	23	12533	111
135	18	9131	211
135	18	9132	223
3040	23	12544	038
6973	23	2996	144
1016	1	125	137
135	18	1081	183
9144	18	1031	197
1173	15	4973	102
2448	8	2447	223
1042	18	876	215
2691	19	9149	166
2424	8	2425	190
2407	8	2406	212
9144	18	698	201
5063	15	4973	043
6371	23	3023	041
7293	19	1926	214
1030	1	1031	050
1172	1	953	004
135	18	534	224
1222	1	1210	062
1016	1	125	055
3843	14	3791	026
9144	18	696	213
1042	18	715	174
9470	21	9455	187
9306	23	12511	128
2265	8	2266	223
2394	8	2395	193
5227	15	4973	146
135	18	9130	201
5296	15	4973	113
2691	19	9149	220
1444	1	129	068
4980	15	4973	040
3352	21	9473	215
135	18	854	174
2433	8	2432	216
135	18	1468	229
9144	18	696	210
1042	18	979	201
2364	8	2363	173
5222	15	4973	008
680	18	9134	173
135	18	1426	188
1042	18	967	181
2432	8	2433	229
1042	18	1441	225
2294	23	12511	026
1541	1	148	086
9162	19	948	189
4997	15	4973	081
2362	8	2361	185
9144	18	696	173
2463	8	2464	169
1521	1	148	138
3343	21	9473	230
3066	23	12524	033
4764	19	1977	218
1443	1	155	118
3233	23	2977	132
976	1	148	116
150	1	122	044
2101	6	2095	024
2326	8	2327	194
9680	22	9544	048
9680	22	9544	039
5171	15	4973	077
950	1	148	079
1042	18	1051	175
431	1	189	121
1182	1	1142	110
505	1	148	005
195	1	189	057
1042	18	876	164
1415	1	163	143
1042	18	1051	215
1042	18	570	196
1044	1	125	014
2395	8	2394	215
386	1	148	067
4996	15	4973	098
2445	8	2446	219
135	18	2004	203
150	1	123	088
9144	18	9138	191
8385	23	2982	156
194	1	148	081
680	18	9134	181
9144	18	9136	229
135	18	9135	202
135	18	9135	189
135	18	9135	181
9144	18	696	199
9144	18	9138	205
1544	1	148	062
628	1	148	005
2074	6	2075	034
1544	1	148	020
3046	23	2928	155
2320	8	2321	218
2448	8	2447	209
2448	8	2447	221
4963	17	4312	050
534	1	535	024
9144	18	9139	202
2404	8	2405	201
1042	18	967	221
8756	23	12511	063
2405	8	2404	220
6726	23	2966	056
9470	21	9455	196
1387	1	122	063
8943	23	12535	156
1174	1	953	008
1371	1	129	029
9144	18	1035	214
135	18	2004	181
135	18	1081	182
3243	19	1918	224
463	1	126	118
5267	15	4973	114
8842	19	9149	212
9470	21	9455	191
1476	1	148	036
1264	1	1210	096
1042	18	1051	172
2427	8	2426	206
1042	18	979	172
807	1	148	119
135	18	602	207
699	1	122	062
854	1	535	099
430	1	148	047
5335	15	4973	155
9144	18	698	218
680	18	9135	163
3069	19	1926	201
1042	18	1467	215
135	18	1081	204
1042	18	645	199
2327	8	2326	204
645	1	125	065
2361	8	2362	173
1173	1	953	068
3352	21	9473	212
1258	1	1210	134
1148	1	953	148
135	18	9132	206
197	1	189	003
4764	21	9462	214
1180	1	1142	126
9144	18	137	204
2267	8	2268	183
1331	1	129	008
614	1	129	013
680	18	9132	169
1042	18	409	181
2691	19	9149	177
2265	8	2266	222
2463	8	2464	204
680	18	9134	170
1042	18	715	224
7975	23	3023	031
9460	21	9434	228
5342	15	4973	055
1412	1	123	118
1141	1	953	049
2943	21	9462	219
1042	18	568	217
135	18	9130	191
6176	23	2566	137
658	1	173	113
9144	18	9140	172
1527	1	125	013
215	1	189	045
9144	18	704	188
9144	18	137	215
1042	18	715	184
932	1	148	128
1042	18	160	202
9144	18	704	173
4230	21	9462	206
1858	19	969	207
9444	21	9445	216
573	15	5095	098
455	1	126	084
135	18	602	199
254	1	148	092
3024	19	1992	208
135	18	9133	216
2265	8	2266	226
135	18	9133	191
505	1	148	006
2925	19	1926	164
135	18	9133	181
2405	8	2404	211
525	15	4973	107
1586	15	4973	021
706	1	708	053
3620	14	3423	010
1042	18	967	220
1042	18	571	209
9144	18	1041	193
3134	11	3129	142
135	18	1468	188
135	18	9134	228
135	18	534	186
3138	19	9157	171
9144	18	1041	221
2463	8	2464	183
1173	15	4973	123
1528	1	126	114
1013	1	604	077
1666	1	125	008
2424	8	2425	208
1042	18	409	218
2362	8	2361	175
3790	14	4261	017
3069	19	1926	203
1042	18	489	183
571	1	125	070
8552	23	3023	013
1641	1	148	060
1948	15	5094	111
1662	1	126	106
1497	1	163	045
1025	1	821	119
1200	1	953	139
1379	1	1142	122
2405	8	2404	227
2927	10	2930	153
5260	15	4973	066
2691	19	9149	193
280	1	282	053
1042	18	489	194
135	18	602	203
395	1	123	123
1543	1	148	065
2691	19	9149	169
1042	18	967	194
947	1	163	040
3250	21	9434	199
1051	1	125	010
2925	19	1926	223
7018	19	1991	181
1042	18	570	195
1415	1	148	072
2406	8	2407	214
1046	1	148	113
1510	1	123	132
5267	15	4973	068
195	1	189	096
1042	18	160	224
5294	15	4973	122
1042	18	489	181
1081	1	135	071
468	1	125	063
1542	1	148	029
9144	18	687	202
2402	8	2403	218
9144	18	136	231
135	18	1591	207
458	15	4973	102
2362	8	2361	178
450	1	148	108
2454	8	2455	215
2444	8	2443	174
135	18	9132	218
1542	1	148	148
2341	8	2340	171
135	18	9135	200
2330	8	2331	219
1042	18	1651	179
2328	8	2329	220
1081	1	135	114
2310	19	1991	192
5072	15	4973	074
2404	8	2405	207
2433	8	2432	229
135	18	9133	205
9144	18	1041	174
5009	15	4973	115
1042	18	568	210
1025	1	821	080
2691	19	9149	210
6400	19	9159	200
1042	18	876	162
2424	8	2425	178
813	1	148	087
477	1	122	009
3069	19	1926	199
1477	1	155	130
335	1	155	147
954	1	604	079
9144	18	1029	209
8385	23	2982	080
4992	15	4973	012
1042	18	979	202
2925	19	1926	163
135	18	1081	162
691	1	123	117
1042	18	645	190
1188	1	953	023
1042	18	570	214
1094	15	4973	051
1179	1	953	019
1414	1	123	093
5301	15	4973	147
1042	18	967	216
2268	8	2267	185
458	15	4973	140
4905	14	3587	015
1218	1	129	068
1042	18	1467	202
9063	23	3023	014
6878	23	12520	019
9144	18	704	169
1667	1	126	097
1539	1	148	132
9063	23	3023	133
7293	19	1926	198
6129	23	12508	149
1042	18	979	199
5099	15	4973	056
505	1	148	023
2395	21	9462	209
1265	1	129	055
9470	21	9455	168
9144	18	1041	168
2456	8	2457	167
1453	15	4973	038
434	1	123	119
1185	1	953	013
1412	1	122	037
3790	14	4261	124
5082	15	4973	068
11316	22	9589	098
1356	1	953	047
1612	1	148	064
6400	19	9159	223
2205	7	2206	227
932	1	148	014
1576	1	419	057
9144	18	9137	229
135	18	1426	201
2414	8	2415	219
1476	1	148	115
1094	15	4973	126
3066	23	2982	090
9144	18	1035	181
8385	23	3023	094
135	18	1081	203
9144	18	9137	205
2373	8	2374	167
2432	8	2433	228
9144	18	708	214
127	1	125	041
1585	1	706	116
3082	11	3083	070
8842	23	3023	158
9144	18	1035	191
716	1	148	155
1042	18	377	177
998	1	148	129
1102	1	148	147
4764	19	1977	210
2448	8	2462	196
7195	23	12531	103
9162	19	948	163
9144	18	137	226
8385	23	3023	002
215	1	189	004
135	18	602	185
9144	18	687	168
6371	23	3023	096
1392	1	1210	107
135	18	9130	194
2121	6	2122	000
1186	1	1142	128
2993	23	2939	069
602	1	604	095
8842	19	9149	192
998	1	148	084
2433	8	2432	215
2320	8	2321	217
3024	19	9153	167
432	1	148	133
1668	1	163	064
9144	18	9140	185
950	1	148	137
6878	23	2966	032
3024	19	1992	197
6195	19	1991	166
1042	18	377	222
1414	1	122	082
1176	1	953	158
3345	21	9473	217
1042	18	571	210
1584	1	122	067
1180	1	1142	056
9144	18	9139	188
1042	18	568	172
9144	18	9140	181
2424	8	2425	201
5301	15	4973	057
2402	8	2403	207
3084	11	3081	034
9144	18	9137	162
2136	6	173	057
1544	1	148	038
156	1	122	032
1042	18	435	171
2310	19	1991	178
4996	15	4973	104
1042	18	571	163
3250	21	9434	194
2395	8	2394	197
2362	8	2361	192
1339	1	129	144
12279	22	9547	134
8385	23	3023	124
1042	18	160	180
9144	18	1041	187
1650	1	123	086
2364	8	2363	174
9144	18	1027	176
2414	8	2415	218
1094	15	4973	087
2320	8	2321	219
795	1	148	112
1346	1	953	144
7178	23	12511	018
1303	1	129	140
412	1	148	031
6176	23	2566	132
1042	18	1050	177
1042	18	568	231
644	1	125	018
1426	1	135	121
1042	18	645	203
1858	19	969	204
1197	1	1142	102
4996	15	4973	096
3076	23	12551	098
3024	19	1992	192
712	1	163	039
135	18	1591	175
2463	8	2464	168
412	1	148	072
135	18	1591	190
1042	18	570	176
430	1	148	039
9144	18	137	175
9144	18	9136	204
1655	1	148	142
3809	14	3811	110
1042	18	377	182
2644	9	2593	038
400	18	3078	198
135	18	1014	214
2644	9	2593	045
2278	8	2277	181
2395	8	2394	191
680	18	9133	168
3135	11	3136	017
156	1	122	021
2917	9	2593	109
1301	1	129	045
961	1	148	029
277	1	125	056
8204	23	2989	007
3346	21	9473	227
2448	8	2447	230
1042	18	435	162
1197	1	953	029
400	18	481	193
9144	18	9137	228
3243	19	1918	220
135	18	9134	209
1941	5	1943	057
1042	18	1651	202
2294	23	12511	120
135	18	9133	188
135	18	602	197
2445	8	2446	215
3243	19	1918	216
135	18	1426	187
3343	21	9473	223
817	1	148	049
1173	1	953	136
3024	19	1992	194
5164	15	4973	068
1140	1	148	111
9162	19	948	190
196	1	189	157
965	1	148	045
135	18	9133	228
2925	19	1926	199
2644	9	2593	122
1042	18	435	202
6400	19	9159	201
2644	9	2593	099
3138	19	9157	178
1042	18	570	215
9144	18	696	175
8529	19	1993	198
3236	23	3023	083
2301	23	12535	095
1042	18	644	202
146	1	122	045
468	1	125	007
168	1	148	084
1453	1	419	130
1413	1	129	023
1265	1	1210	109
2373	8	2374	183
1042	18	1050	219
3250	21	9434	225
4764	19	1977	163
1243	1	1142	134
135	18	534	178
1548	1	148	089
5323	15	4973	085
1042	18	1467	168
135	18	9133	204
9294	23	12508	101
9680	22	9544	038
6400	19	9159	179
721	1	122	039
9144	18	1029	208
4370	14	3710	025
1042	1	687	068
2925	19	1926	211
135	18	954	226
4994	15	4973	039
11316	22	9589	079
1042	18	715	202
135	18	1081	164
908	1	518	076
9144	18	9140	162
400	18	3078	191
1148	1	1142	096
3057	23	2946	055
4764	21	9462	198
135	18	9130	210
999	1	122	027
135	18	534	195
217	1	148	034
9439	21	9434	204
593	15	4973	128
1042	18	1051	176
5327	15	4973	038
3409	21	9434	169
1745	19	1936	209
830	1	148	076
2200	9	2713	067
1042	18	435	184
135	18	1468	230
2463	8	2464	220
680	18	9130	163
9144	18	1040	230
1158	1	953	015
5267	15	4973	154
1668	1	163	057
5171	15	4973	034
1262	1	1210	132
135	18	1081	185
1591	1	135	037
5227	15	4973	059
1042	18	967	213
1042	18	160	173
135	18	1013	224
1042	18	570	211
1009	1	125	132
3138	19	9157	170
1669	1	419	028
1042	18	876	189
9420	23	2939	129
2644	9	2593	135
135	18	9131	222
9144	18	1029	163
2362	8	2361	200
699	1	122	063
1533	1	419	065
1042	18	1467	194
1413	1	123	114
995	1	148	070
5212	15	4973	013
1042	18	715	179
9144	18	9139	172
9144	18	9138	162
1654	1	917	025
9386	23	12511	028
3244	21	9473	221
2361	8	2362	192
5077	15	4973	133
1042	18	1651	188
135	18	9131	209
138	1	125	078
135	18	9135	205
151	1	122	071
9144	18	9140	184
9144	18	9139	179
2427	8	2426	193
3135	11	3136	072
1042	18	571	222
455	1	125	069
2445	8	2446	182
9045	23	2982	063
1046	1	148	124
1331	1	129	065
2327	8	2326	189
1667	1	125	072
2394	8	2395	207
3790	14	4261	127
7293	19	1926	201
3346	21	9473	215
1281	1	122	076
5277	15	4973	093
5267	15	4973	145
3066	23	12524	026
2433	8	2432	205
5300	15	4973	009
1042	18	1051	178
9144	18	1031	199
1042	18	160	205
1665	1	126	102
1243	1	1142	099
995	1	148	116
1042	18	377	199
135	18	9134	183
4441	14	3710	021
1349	1	1210	102
9144	18	707	230
135	18	1081	178
9144	18	9137	216
9144	18	1029	176
6878	23	12520	085
1042	18	645	172
485	1	148	134
9470	21	9455	227
135	18	854	194
1042	18	1051	163
2373	8	2374	180
1042	18	645	173
5335	15	4973	116
3138	19	9157	181
467	1	125	041
7293	19	1926	213
1414	1	123	126
9531	21	9458	207
168	1	148	146
1042	18	568	215
1667	1	125	009
135	18	9134	214
1479	1	155	045
1042	18	435	163
1476	1	148	117
432	1	148	147
4568	23	2946	106
9144	18	704	179
135	18	9135	206
1042	18	568	205
1658	1	163	125
5294	15	4973	135
9470	21	9455	164
1182	1	953	012
5253	15	4973	095
135	18	534	164
1042	18	644	224
135	18	1014	228
1042	18	979	214
2361	8	2362	184
135	18	9130	196
177	1	123	149
655	1	419	153
145	1	122	014
985	1	148	040
8499	23	12511	063
1141	1	953	084
1265	1	129	160
1858	19	969	215
4764	19	1977	211
680	1	137	021
1173	15	4973	082
602	1	604	008
1013	1	604	059
135	18	1426	202
5300	15	4973	026
9144	18	708	198
9144	18	9137	209
9144	18	9136	166
2427	8	2426	168
1042	18	570	225
3345	21	9473	221
9144	18	9139	165
9144	18	9139	186
9144	18	1041	207
680	18	9131	174
8529	23	2989	014
9144	18	137	217
2925	23	2996	008
2341	8	2340	166
1645	1	126	126
1265	1	129	159
1042	18	160	164
8272	23	2975	155
854	1	135	022
135	18	1591	194
9144	18	696	167
3577	14	3437	157
2405	8	2404	198
1466	1	155	138
2410	8	2409	171
4370	14	3710	025
135	18	534	190
9144	18	1041	200
9144	18	698	162
4230	21	9462	225
9144	18	1027	167
400	18	3078	197
3044	10	3045	044
1555	1	129	074
1497	1	163	102
1858	19	969	225
965	1	148	082
462	1	126	107
1188	1	1142	065
9470	21	9455	165
1584	1	122	049
135	18	1426	173
699	1	123	109
9144	18	1035	224
1264	1	129	156
504	1	148	016
2691	23	2955	041
1046	1	148	025
2470	8	2471	224
135	18	1013	203
135	18	1426	172
5099	15	4973	108
1042	18	409	216
135	18	1470	171
9144	18	1029	181
9164	23	12533	074
9144	18	1041	217
5143	15	4973	089
2200	9	2713	147
2327	8	2326	185
1193	1	953	034
1355	1	1142	115
1357	1	1142	123
1127	1	846	099
2407	8	2406	221
2404	8	2405	222
3040	23	12544	119
5288	15	4973	077
2200	9	2713	080
9144	18	687	173
1649	1	148	153
1281	1	129	154
1042	18	979	181
2463	8	2464	178
1042	18	1651	183
593	15	4973	024
1492	1	125	146
2362	8	2361	174
135	18	9132	197
5143	15	4973	141
1042	18	570	170
1484	1	155	146
505	1	148	078
135	18	1426	224
9144	18	687	179
1042	18	1467	173
135	18	602	227
3024	19	1992	204
1745	19	1936	182
1193	1	953	038
4764	19	1977	199
161	1	163	152
1042	18	409	205
3044	10	3045	086
2057	6	173	075
1042	18	489	197
135	18	9134	224
2410	8	2409	173
135	18	1591	205
1042	18	1050	230
593	15	4973	127
992	1	122	081
135	18	1470	206
2426	8	2403	196
910	1	518	039
135	18	2004	200
2427	8	2426	197
1264	1	1210	132
3069	19	1926	205
9144	18	704	215
135	18	1426	185
1259	1	1210	107
1042	18	1050	184
1641	1	148	116
4764	21	9462	219
213	1	189	080
712	1	163	104
1331	1	1210	086
1081	1	535	019
135	18	954	195
1188	1	1142	010
2265	8	2266	175
5135	15	5067	146
1042	18	1441	188
1545	1	148	135
1042	18	967	185
1042	18	489	182
5327	15	4973	048
2361	8	2362	194
8943	23	3023	023
7417	23	3023	094
8529	19	1993	209
135	18	1426	212
2361	8	2362	177
2432	8	2433	217
570	1	125	019
2444	8	2443	163
8529	19	1993	197
1470	1	135	001
2925	23	2996	070
817	1	148	140
489	1	125	052
280	1	282	081
9144	18	9137	226
1042	18	1051	228
9144	18	1035	230
1042	18	377	176
1137	1	1144	153
1356	1	953	055
2404	8	2405	225
1585	1	706	069
135	18	1591	224
5086	15	4973	014
9144	18	9138	224
135	18	1591	191
1042	18	568	216
9144	18	708	226
6529	23	3023	071
1037	1	696	133
3346	21	9473	225
2621	9	2703	077
7018	19	1991	211
1542	1	148	024
4963	17	4312	033
1046	1	148	119
9144	18	698	195
6649	23	3023	121
2427	8	2426	177
135	18	1426	209
5171	15	4973	079
9144	18	1031	215
8667	23	3023	129
135	1	137	020
211	1	189	142
1016	1	126	099
9144	18	708	208
1042	18	876	179
3250	21	9434	177
1042	18	377	188
9144	18	704	219
1042	18	1051	204
2200	9	2713	086
195	1	189	113
3345	21	9473	227
1584	1	123	100
1655	1	148	006
9144	18	9136	206
135	18	9135	214
5063	15	4973	119
1666	1	125	063
1185	1	953	069
1542	1	148	080
135	18	9132	226
909	1	148	084
3243	19	1918	227
4036	14	3498	095
2414	8	2415	202
1042	18	1467	195
9018	23	3023	018
1516	15	4973	031
5288	15	4973	014
1186	1	953	043
1533	1	419	087
4213	14	4214	135
2327	8	2326	209
3066	23	2982	106
9144	18	1035	220
1011	1	123	110
6176	23	2566	143
4394	14	3791	048
9144	18	137	173
2328	8	2329	224
1666	1	125	159
2414	8	2415	194
680	18	9132	171
9306	23	12511	002
628	1	148	075
1411	1	163	101
954	1	604	001
8272	23	2975	120
2327	8	2326	193
7975	23	2951	002
8529	19	1993	206
1157	1	953	069
6176	23	2566	129
1141	1	1142	106
2925	19	1926	204
2362	8	2361	198
2361	8	2362	200
2426	8	2403	197
1415	1	163	023
909	1	148	124
1042	1	687	030
1444	1	129	047
5042	15	4973	055
465	1	125	047
1612	1	148	084
1011	1	122	029
3250	21	9434	178
2925	19	1926	219
9051	23	12508	047
2406	8	2407	226
2691	23	2955	093
2463	8	2464	187
2310	19	1991	179
8272	23	2975	075
1042	18	435	164
135	18	854	191
477	1	123	122
7847	23	2966	093
9470	21	9455	214
9144	18	137	193
1042	18	715	217
1042	18	489	220
1042	18	409	186
432	1	148	121
805	1	123	137
5256	15	4973	161
712	1	163	016
145	1	122	044
5364	15	4973	079
8943	23	3023	105
2447	8	2448	224
2691	19	9149	194
1042	18	1441	231
2395	8	2394	196
1527	1	125	150
4441	14	3710	046
2326	8	2327	196
11084	22	10813	151
135	18	1468	182
2327	8	2326	208
1501	1	148	045
2691	19	9149	187
5342	15	4973	061
203	1	122	070
2427	8	2426	172
3577	14	3437	042
5253	15	4973	066
2373	23	12511	076
1025	1	821	046
1584	1	123	147
1372	1	953	048
135	18	1081	181
9144	18	1041	190
2327	8	2326	226
5327	15	4973	085
3358	21	9473	231
9144	18	137	208
1545	1	148	018
2200	9	2713	085
1198	1	953	009
1042	18	568	180
712	1	163	067
1475	1	155	151
9164	23	12533	043
1042	18	644	163
7975	23	3023	068
1042	18	1467	216
3135	11	3136	156
8667	23	3023	009
1081	1	535	021
5025	15	4973	141
770	1	125	052
964	1	148	057
1626	1	126	111
1002	1	148	048
1025	1	821	121
2426	8	2427	228
1444	1	129	082
135	18	2004	218
999	1	122	046
1042	18	570	227
1042	18	715	189
2326	8	2327	180
8943	23	12535	130
1356	1	953	016
1523	1	917	046
2691	23	3023	051
908	1	518	023
1585	1	163	092
282	1	696	003
2328	8	2329	222
2395	8	2394	219
5180	15	4973	004
946	1	163	083
6973	23	12501	053
1387	1	1210	016
1200	1	953	156
455	1	125	021
3046	23	2928	031
6878	23	12520	024
9144	18	9138	181
1042	18	489	167
7178	23	12511	000
2301	23	12535	034
135	18	9130	221
1745	19	1936	198
2373	8	2374	193
450	1	148	006
485	1	148	160
2463	8	2464	175
2402	8	2403	214
1315	1	129	072
2327	8	2326	224
9144	18	9136	226
830	1	148	153
1584	1	123	095
5077	15	4973	146
1179	1	953	071
5025	15	4973	055
167	1	148	114
9144	18	1035	209
9162	19	948	169
4764	21	9462	169
505	1	148	131
2326	8	2327	185
817	1	148	083
249	1	148	033
9470	21	9455	219
135	18	602	228
4394	14	3791	138
1584	1	122	059
1042	18	1051	194
1044	1	126	118
1042	18	967	167
4568	23	2946	154
784	1	785	132
2395	8	2394	220
6371	23	3023	120
9162	19	948	185
1745	19	1936	192
1655	1	148	086
5208	15	4973	020
1612	1	148	099
9144	18	9138	197
150	1	123	108
8842	19	9149	230
1042	18	876	203
5317	15	4973	102
1647	1	123	094
430	1	148	070
1202	1	953	157
1182	1	953	046
477	1	123	114
135	18	1013	216
135	18	854	167
2445	8	2446	179
135	18	954	184
8787	23	2975	089
135	18	534	166
135	18	1013	215
150	1	123	103
4394	14	3791	140
3069	19	1926	219
999	1	123	149
1185	1	953	009
1413	1	123	138
5056	15	4973	034
971	1	148	026
2414	8	2415	200
1200	1	953	083
2327	8	2326	212
7018	19	1991	201
2326	8	2327	209
1258	1	129	150
1314	1	1210	131
4996	15	4973	042
135	18	9134	181
9144	18	1035	170
680	18	9130	173
151	1	122	083
1941	5	1943	008
1042	18	377	229
9144	18	1041	182
2404	8	2405	221
385	1	148	060
9144	18	698	190
213	1	189	112
135	18	9130	213
2326	8	2327	183
9144	18	687	221
335	1	155	090
1188	1	953	139
9144	18	698	184
1042	18	1051	203
1281	1	122	079
1479	1	155	118
1202	1	953	155
3066	23	12524	044
2621	9	2703	130
9162	19	948	176
947	1	148	108
947	1	163	086
1042	18	979	222
1042	18	967	228
3024	19	1992	199
9144	18	9136	180
2462	8	2448	201
1539	1	148	139
3046	23	2928	078
3790	14	4261	108
1042	18	568	168
1042	18	876	186
9144	18	9136	227
135	18	9130	198
3040	23	3023	087
3092	14	4384	160
3358	21	9473	228
1372	1	953	025
1042	18	435	230
2925	19	1926	195
680	18	9133	167
1042	18	967	178
680	18	9130	168
1662	1	126	124
3040	23	3023	046
1443	1	155	065
9144	18	687	208
909	1	148	115
2301	8	2302	166
5265	15	4973	024
135	18	2004	188
4980	15	4973	155
9162	19	948	201
9144	18	9137	163
135	18	954	213
1127	1	846	123
6400	19	9159	207
434	1	122	077
2463	8	2464	219
4547	14	3450	004
3409	21	9434	174
1745	19	1936	162
1042	18	377	212
135	18	1426	190
7293	19	1926	197
9144	18	687	222
1477	1	155	145
6	0	7	163
135	18	1081	166
2395	8	2394	189
5265	15	4973	062
2330	8	2331	218
1354	1	1142	073
4905	14	3587	024
5358	15	4973	161
4994	15	4973	133
5042	15	4973	099
135	18	1468	210
5093	15	5095	081
4963	17	4312	077
1042	18	160	227
4394	14	3791	029
1555	1	123	099
9144	18	137	165
1201	1	953	071
240	1	122	007
2395	21	9462	215
475	1	148	013
8842	19	9149	226
5258	15	4973	107
1339	1	129	013
177	1	123	130
1042	18	568	221
135	18	1468	191
1042	18	715	165
5117	15	4973	099
468	1	126	110
1640	1	126	132
218	1	126	116
150	1	122	024
1374	1	953	047
1173	1	953	040
614	1	129	039
9144	18	1041	172
965	1	148	061
9162	19	948	204
9460	21	9434	225
2424	8	2425	205
135	18	954	227
135	18	1081	199
1042	18	1441	194
2448	8	2447	220
1042	18	571	224
2853	9	2712	143
4370	14	3710	086
1042	18	1051	218
350	1	163	079
135	18	954	208
135	18	534	194
9144	18	9136	208
1259	1	129	161
2277	8	2278	187
2341	8	2340	167
1042	18	715	222
1042	18	435	172
1314	1	1210	132
1042	18	1467	228
1243	1	953	015
5212	15	4973	150
212	1	189	019
2327	8	2326	198
8552	19	9149	164
1042	18	160	219
2925	19	1926	196
9144	18	9139	222
3382	21	9435	204
9144	18	698	224
1272	1	129	041
4992	15	4973	098
2395	21	9462	194
5009	15	4973	060
400	18	481	204
135	18	9135	222
1014	1	604	132
2426	8	2427	229
706	1	708	149
706	1	708	151
284	1	189	098
2993	23	2939	133
135	18	9132	207
135	18	9134	230
3057	23	2946	014
2267	8	2268	176
500	1	148	007
9144	18	696	198
770	1	125	075
203	1	123	145
9144	18	9136	228
2426	8	2427	206
458	1	126	120
2301	23	12535	117
9144	18	704	185
5261	15	4973	152
135	18	1591	180
9051	23	12508	024
5253	15	4973	088
5686	22	10952	161
1858	19	969	224
4764	19	1977	183
2943	21	9462	222
951	1	148	096
2373	8	2374	164
716	1	148	055
5294	15	4973	023
6195	19	1991	163
7018	19	1991	184
9144	18	9136	222
9144	18	704	195
1042	18	1651	169
805	1	123	114
1444	1	123	123
350	1	163	150
5327	15	4973	043
1472	1	155	068
1669	1	419	040
168	1	148	061
3343	21	9473	231
9144	18	708	210
135	18	854	221
2326	8	2327	191
1042	18	489	218
614	1	123	148
1331	1	1210	130
167	1	148	057
135	18	954	185
4230	21	9462	227
2327	8	2326	202
135	18	9134	220
135	18	1591	188
204	1	123	138
2943	21	9462	231
1745	19	1936	163
5119	15	4985	013
1042	18	644	196
6400	19	9159	216
6529	23	3023	106
135	18	954	214
1055	1	123	089
8943	23	2951	063
817	1	148	141
5208	15	4973	120
9144	18	687	185
135	18	9135	219
138	15	4973	047
1529	1	148	048
2068	6	173	018
9144	18	704	183
573	15	5095	088
826	1	148	098
1042	18	568	206
135	18	9131	193
1014	1	604	084
1081	1	535	005
9144	18	687	204
1042	18	979	174
3843	14	3791	081
1317	1	129	161
1147	1	953	071
9144	18	708	201
2404	8	2405	209
277	1	125	150
9144	18	1029	216
1626	1	126	089
7293	19	1926	216
3148	11	3120	108
1042	18	489	180
2925	23	12502	160
1523	1	917	031
614	1	123	120
1042	18	160	165
1544	1	148	077
2917	9	2593	158
467	1	125	010
9144	18	1029	219
4824	14	3710	019
5256	15	4973	149
3084	11	3081	097
135	18	9133	212
2447	8	2448	227
489	1	125	084
1042	18	489	207
3358	21	9473	230
1354	1	1142	004
6129	23	12508	158
5086	15	4973	074
1151	1	953	008
8529	19	1993	196
2943	21	9462	218
5327	15	4973	023
2361	8	2362	186
3086	23	12527	066
1042	18	967	182
1198	1	953	011
2925	19	1926	192
4568	23	2946	042
1047	1	148	034
677	1	148	084
1435	1	125	065
1083	1	123	086
2406	8	2407	217
215	1	189	090
6400	19	9159	187
2448	8	2462	197
9162	19	948	200
489	1	125	078
1582	1	123	148
1042	18	409	194
691	1	123	151
3420	14	3423	099
135	18	1426	174
1223	1	122	049
352	15	4973	055
1042	18	489	187
135	18	9132	212
1384	1	1210	140
1544	1	148	158
9144	18	9137	184
1318	1	129	048
235	1	148	014
5042	15	4973	103
135	18	9131	205
9523	21	9437	196
135	18	1591	172
168	1	148	004
204	1	122	038
2310	19	1991	170
1042	18	1051	209
9144	18	9139	199
7975	23	3023	054
398	1	148	005
2398	8	2399	166
1310	1	129	160
352	15	4973	069
2691	19	9149	183
1188	1	1142	006
5201	15	4973	053
1042	18	1050	162
135	18	854	195
135	18	9135	218
3250	21	9434	226
213	1	189	012
1279	1	129	065
9144	18	9139	200
9470	21	9455	189
2702	9	2705	160
1042	18	644	223
3236	23	12520	019
1669	1	419	018
982	1	148	145
2463	8	2464	193
680	18	9133	165
655	1	419	061
9144	18	1027	173
908	1	518	044
8552	23	3023	149
1654	1	917	063
1411	1	163	127
1042	18	876	200
1042	18	409	198
992	1	122	110
3069	19	1926	229
9144	18	708	181
9144	18	687	167
6878	23	12520	013
135	18	9135	193
9144	18	1031	200
2402	8	2403	215
12345	22	11586	138
9144	18	696	223
196	1	189	110
1472	1	155	093
135	18	9130	190
2327	8	2326	215
1042	18	644	175
854	1	135	104
135	18	9134	211
3044	10	3045	140
12345	22	9668	143
213	1	189	161
1745	19	1936	195
9144	18	9136	224
9144	18	9140	202
571	1	125	029
1354	1	953	042
9294	23	12508	151
1042	18	876	208
1042	18	967	175
227	1	123	136
2943	21	9462	207
9144	18	9139	170
992	1	122	104
8787	23	2975	018
1157	1	953	039
1042	18	160	175
1042	18	568	224
721	1	122	080
9294	23	12508	061
9401	23	12508	135
5093	15	5094	061
2301	8	2302	163
1202	1	125	068
9531	21	9442	182
1094	1	125	147
1042	18	1441	216
8824	23	2977	143
1042	18	1441	183
614	1	129	078
9144	18	9137	224
135	18	854	218
992	1	123	097
1168	1	953	081
1590	1	122	084
2402	8	2403	216
1521	1	148	159
1475	1	155	025
456	1	126	099
135	18	9131	191
1042	18	377	215
2993	23	2939	161
721	1	122	016
9144	18	1035	172
1223	1	122	033
9164	23	12533	038
1415	1	163	092
1158	1	1142	103
965	1	148	150
3024	19	1992	188
4074	14	3791	043
1515	1	148	067
135	18	1426	175
3024	19	1992	205
2361	8	2362	171
1193	1	953	036
2427	8	2426	199
1042	18	715	230
1858	19	969	228
8943	23	3023	144
135	18	954	181
680	1	137	142
7790	23	12511	077
2373	8	2374	198
9144	18	9139	175
715	1	125	071
1016	1	126	110
658	1	173	123
1374	1	953	157
5335	15	4973	067
1042	18	876	192
2301	23	2951	039
1042	18	876	183
744	1	163	062
1042	18	979	163
7018	19	1991	203
2404	8	2405	210
5202	15	4973	154
8131	23	3030	072
2395	8	2394	192
5056	15	4973	148
8552	19	9149	185
1168	1	953	021
489	1	125	041
534	1	135	001
1081	1	535	062
135	18	954	229
4441	14	3710	006
1042	18	645	188
9144	18	1035	193
9144	18	687	196
350	1	163	077
6439	23	12515	018
1042	18	1050	218
9144	18	9139	192
1042	18	1651	165
4394	14	3791	037
3409	21	9434	173
9144	18	137	218
7018	19	1991	189
3024	19	1992	221
9144	18	9140	198
2326	8	2327	206
2267	8	2268	189
4978	15	4973	132
1127	1	846	151
854	1	135	083
9470	21	9455	162
9144	18	687	225
135	18	1013	198
5119	15	4985	003
954	1	604	141
458	1	126	108
3377	21	9435	208
135	18	9135	226
9144	18	708	204
418	1	419	040
1369	1	1210	094
3620	14	3423	114
4764	21	9462	227
9144	18	9139	227
277	1	125	005
311	1	148	085
9162	19	948	175
2414	8	2415	213
1042	18	1050	229
9144	18	698	221
2327	8	2326	201
2785	9	2593	086
1042	18	1441	222
9144	18	9137	173
1042	18	377	170
2265	8	2266	229
1346	1	953	006
135	18	2004	227
8779	23	2989	115
9144	18	698	174
8842	23	3023	083
1585	1	163	117
2326	8	2327	203
1258	1	129	147
5272	15	4973	126
3620	14	3423	038
1042	18	1051	181
2294	8	2295	171
1585	1	148	104
571	1	125	072
7975	23	2951	127
4764	19	1977	179
135	18	1014	215
3843	14	3791	087
1042	18	571	188
1443	1	155	023
3243	19	1918	229
9144	18	687	210
135	18	9133	189
1382	1	1142	134
876	1	125	072
9162	19	948	198
7079	23	12511	033
1042	18	568	183
12503	23	12520	145
5265	15	4973	032
6439	23	2956	040
489	1	125	038
280	1	282	079
11316	22	9589	116
1501	1	148	035
135	18	9132	213
458	1	125	025
4764	19	1977	187
573	15	5095	097
2447	23	12501	094
1640	1	126	116
2414	8	2415	188
8131	23	3030	124
2267	8	2268	190
1042	18	645	168
1083	1	123	120
5215	15	4973	134
1140	1	148	032
199	1	189	082
9144	18	1027	177
1173	1	953	085
1042	18	435	197
135	18	1426	198
1318	1	1210	126
2428	8	2429	218
1042	18	644	190
1175	1	1142	126
135	18	9134	189
9144	18	687	212
400	18	3078	199
135	18	9135	209
240	1	123	115
6400	19	9159	204
9144	18	1035	227
211	1	189	050
8529	19	1993	193
654	1	123	113
135	18	2004	222
2424	8	2425	169
7293	19	1926	230
1412	1	123	107
680	18	9135	178
1457	1	155	104
9144	18	696	205
400	18	3078	183
2432	8	2433	208
1484	1	155	158
3066	23	12524	076
3250	21	9434	209
8787	23	2975	036
1858	19	969	201
135	18	602	196
4979	15	4973	010
1582	1	123	125
1042	18	571	170
135	18	2004	229
2410	8	2409	166
1042	18	645	221
3243	19	1918	226
7687	23	12511	087
2327	8	2326	229
1186	1	953	056
6726	23	2966	067
795	1	148	127
1042	18	571	216
1591	1	135	126
5164	15	4973	044
167	1	148	143
400	18	481	163
1379	1	953	027
5212	15	4973	022
209	1	148	070
992	1	123	138
2429	8	2428	218
9227	23	12508	002
1260	1	122	010
135	18	1013	207
3138	19	9157	175
9470	21	9455	192
9162	19	948	166
2845	14	3956	106
1548	1	148	092
1411	1	163	122
1501	1	148	006
6400	19	9159	205
854	1	535	156
1317	1	1210	122
7293	19	1926	231
1042	18	568	173
1151	1	1142	123
1640	1	126	095
9144	18	696	197
135	18	9132	228
5227	15	4973	000
2329	8	2328	224
1042	18	409	219
6371	23	3023	069
932	1	148	151
823	1	148	113
1042	18	435	188
135	18	1468	189
135	18	854	215
1545	1	148	117
8529	19	1993	205
5171	15	4973	055
1042	18	1051	214
1533	1	419	153
6936	23	12511	042
250	1	148	120
2785	9	2593	127
9495	21	9442	206
135	18	1468	220
135	18	1470	199
5109	15	5110	121
9144	18	9139	203
1349	1	1210	103
854	1	135	016
217	1	148	152
3046	23	2928	089
1382	1	953	040
1042	18	1467	208
5086	15	4973	091
1042	18	571	187
2327	8	2326	195
135	18	2004	179
2330	8	2331	223
2432	8	2433	222
177	1	123	089
135	18	1470	188
203	1	122	046
9144	18	9137	165
4764	19	1977	230
826	1	148	091
9144	18	1031	177
1042	18	715	170
1263	1	129	152
1042	18	1050	225
5215	15	4973	092
1042	18	489	213
1218	1	129	032
455	1	125	083
1468	1	604	146
135	18	1470	196
8272	23	12515	013
9144	18	698	223
2395	8	2394	193
1042	18	715	182
9144	18	9136	162
1541	1	148	021
400	18	481	200
5227	15	4973	027
3250	21	9434	169
2405	8	2404	210
1197	1	1142	088
1664	1	125	160
1415	1	148	039
135	18	854	172
9470	21	9455	195
1042	18	1051	173
3024	19	1992	202
9144	18	137	199
1046	1	148	051
3250	21	9434	182
1457	1	155	134
1640	1	125	045
9144	18	1035	210
1541	1	148	006
9144	18	1027	198
135	18	1014	217
2361	8	2362	185
9144	18	9140	170
9144	18	1041	212
3250	21	9434	186
9294	23	12508	146
6936	23	12511	026
1241	1	129	075
1042	18	435	221
7293	19	1926	203
135	18	9131	199
2621	9	2703	142
3066	23	12524	003
2917	9	2593	068
4905	14	3587	155
1640	1	125	159
9144	18	1041	196
196	1	189	053
2444	8	2443	166
3420	14	3423	079
1042	18	645	229
1346	1	953	079
6400	19	9159	182
7847	23	2966	152
3069	19	1926	209
2644	9	2593	070
3148	11	3120	068
1555	15	4973	141
964	1	148	073
534	1	535	126
1042	18	979	230
135	18	534	221
1042	18	435	216
1612	1	148	136
135	18	1014	200
5335	15	4973	030
2395	21	9462	208
9144	18	1035	190
135	18	1014	211
135	18	1591	169
2925	19	1926	173
1176	1	953	067
209	1	148	104
197	1	189	082
9144	18	1035	163
138	1	125	021
8756	23	12511	116
135	18	1591	195
1641	1	148	141
9144	18	687	211
9144	18	137	197
135	18	534	205
979	1	125	073
9144	18	687	187
1046	1	148	084
135	18	1468	194
985	1	148	038
699	1	123	158
680	18	9133	181
209	1	148	037
1282	1	129	084
1042	18	967	208
135	18	1470	203
3046	23	2928	071
673	15	4973	019
395	1	123	157
5301	15	4973	050
2068	6	173	031
2310	19	1991	194
3044	10	3045	075
9144	18	1041	199
4764	19	1977	174
3236	23	12520	079
9018	23	3023	100
1042	18	715	194
3250	21	9434	216
2330	8	2331	224
400	18	481	181
1051	1	125	011
6878	23	2966	121
2445	8	2446	208
2327	8	2326	180
135	18	1081	212
5206	15	4973	094
2925	19	1926	185
1016	1	125	078
8385	23	3023	149
9144	18	9139	206
7018	19	1991	202
9144	18	1029	224
770	1	126	111
1042	18	435	201
5212	15	4973	068
5294	15	4973	022
4441	14	3710	092
447	1	125	012
5216	15	4973	142
9144	18	9140	220
2426	8	2403	195
1477	1	155	135
8552	23	3023	007
2943	21	9462	208
469	1	126	110
1042	18	409	206
2917	9	2593	072
3345	21	9473	225
475	1	148	102
6195	19	1991	175
9144	18	1029	192
135	18	1470	170
2395	21	9462	224
6878	23	12520	071
2463	8	2464	185
9144	18	137	189
2691	19	9149	207
7975	23	2951	023
311	1	148	132
218	1	125	004
7195	23	12531	092
1374	1	953	154
4074	14	3791	151
250	1	148	041
3244	21	9473	226
367	1	123	111
9144	18	1035	168
9144	18	9136	211
500	1	148	147
135	18	1081	211
1426	1	135	053
1042	18	377	193
680	18	9134	179
9144	18	1035	206
1042	18	1050	216
1185	1	1142	119
11316	22	9589	155
2909	9	2593	076
9144	18	137	209
9144	18	9140	219
7018	19	1991	200
1042	18	1651	228
9470	21	9455	228
8552	19	9149	193
9144	18	698	208
1042	18	644	228
2943	21	9462	204
8385	23	2982	025
2294	8	2295	173
3620	14	3423	087
965	1	148	153
5171	15	4973	098
965	1	148	090
1447	1	155	065
9144	18	9136	197
3250	21	9434	197
9401	23	12508	030
5272	15	4973	073
1042	18	715	199
1188	1	1142	033
9144	18	1029	172
1543	1	148	072
4997	15	4973	077
593	15	4973	007
5201	15	4973	125
1414	1	122	039
135	18	602	212
2925	19	1926	189
2301	23	2951	129
8272	23	2975	019
1016	1	125	021
9460	21	9434	226
2463	8	2464	190
951	1	148	010
5215	15	4973	049
1051	1	125	053
1468	1	604	068
135	18	534	185
1042	18	160	191
8730	23	2951	028
1042	18	489	226
2406	8	2407	219
1388	1	1210	086
645	1	125	072
3243	19	1918	215
1534	1	123	136
2691	19	9149	200
1042	18	571	212
1042	18	570	175
2265	23	2982	067
9144	18	1031	222
2691	19	9149	205
1314	1	122	013
1665	1	125	142
1042	18	1051	211
1202	1	125	014
135	18	9133	214
947	1	148	133
9144	18	696	193
135	18	2004	182
1265	1	1210	106
135	18	534	170
135	18	1591	219
3343	21	9473	229
9144	18	9139	224
9144	18	698	167
1669	1	419	029
1651	1	125	061
2463	8	2464	186
400	18	481	180
2216	7	2206	229
135	18	1470	215
2409	8	2410	171
962	1	163	129
5256	15	4973	138
9144	18	1041	189
609	1	419	132
2362	8	2361	196
1042	18	1051	195
2462	8	2448	195
1042	18	1467	200
9144	18	1041	169
1042	18	409	229
3236	23	12520	149
9144	18	9138	189
1372	1	1142	117
2691	19	9149	181
817	1	148	005
135	18	9130	216
2691	23	3023	070
450	1	148	102
1042	18	409	174
4230	21	9462	203
466	1	125	012
1042	18	979	190
3134	11	3129	003
951	1	148	055
1223	1	1210	109
7079	23	12511	160
9144	18	698	197
680	18	9133	173
2414	8	2415	211
8426	23	12511	044
9144	18	1041	209
1042	18	377	214
1392	1	1210	131
3358	21	9473	229
9144	18	687	164
194	1	148	108
3236	23	3023	115
1042	18	715	169
135	18	954	189
5267	15	4973	051
3358	21	9473	222
9144	18	9139	196
1014	1	604	036
1591	1	535	111
5119	15	4985	006
2406	8	2407	221
1042	18	568	170
4394	14	3791	031
3024	19	1992	203
2200	14	3448	070
8943	23	12535	024
9144	18	698	169
2402	8	2403	217
2433	8	2432	211
3250	21	9434	187
1392	1	129	011
954	1	604	120
377	1	125	036
2277	8	2278	193
1441	1	125	036
2424	8	2425	203
1515	1	148	029
9144	18	1041	179
135	18	602	211
744	1	163	105
12503	23	12520	153
2702	9	2705	146
6878	23	2966	068
9144	18	9138	203
7847	23	2966	016
2433	8	2432	217
1279	1	129	028
1521	1	148	065
1213	1	122	085
1038	1	148	106
1042	18	570	219
430	1	148	040
964	1	148	136
716	1	148	117
542	1	1029	006
458	1	126	086
1042	18	489	177
1646	1	542	155
2362	8	2361	193
5253	15	4973	147
1110	7	2208	219
135	18	1426	221
2405	8	2404	205
367	1	123	112
4764	21	9462	173
4992	15	4973	117
1083	1	123	097
7790	23	12511	137
958	1	148	047
1662	1	126	089
1042	18	489	212
1042	18	489	221
197	1	189	144
2394	8	2395	213
1042	18	644	203
1042	18	967	215
135	18	1426	218
1426	1	535	110
1555	1	123	161
4764	21	9462	205
1655	1	148	145
918	1	148	067
9144	18	9137	199
4074	14	3791	135
3040	23	12544	094
980	1	917	082
9144	18	1035	205
1279	1	129	041
5056	15	4973	098
1042	18	1050	183
1315	1	129	062
9470	21	9455	202
1179	1	953	137
947	1	129	077
3040	23	12544	034
770	1	125	044
1042	18	979	170
1042	18	967	210
7975	23	3023	118
9144	18	708	186
11316	22	9589	022
477	1	122	030
135	18	1468	195
1745	19	1936	167
1042	18	876	218
8756	23	12511	020
1542	1	148	051
9144	18	687	214
9144	18	9139	189
11365	22	9912	161
400	18	481	176
9144	18	9137	227
1858	19	969	222
2395	8	2394	211
525	15	4973	096
458	1	126	116
9162	19	948	216
9144	18	9138	210
1542	1	148	086
194	1	148	158
6129	23	12508	054
1444	1	129	066
1042	18	876	182
2427	8	2426	211
706	1	708	080
9144	18	696	222
9144	18	687	166
1042	18	1050	170
1745	19	1936	211
6439	23	12515	084
8204	23	2989	037
489	1	125	085
1042	18	644	205
1218	1	129	040
1265	1	1210	062
1042	18	568	181
4394	14	3791	057
2925	19	1926	191
2448	8	2447	217
909	1	148	054
9506	21	9457	209
2265	8	2266	227
2925	19	1926	212
6726	23	2966	136
135	18	2004	195
2301	23	12535	121
135	18	602	183
2925	19	1926	214
1102	1	148	126
9144	18	704	182
1175	1	953	147
231	1	122	023
1042	18	160	192
9144	18	137	179
9144	18	1035	197
145	1	123	108
1042	18	1467	225
1641	1	148	088
1465	1	155	146
135	18	1468	198
962	1	163	094
9144	18	1041	222
135	18	1468	213
8842	19	9149	219
2394	8	2395	208
135	18	9135	198
2294	23	12511	096
1227	1	129	137
5072	15	4973	019
9144	18	1035	177
1501	1	148	119
377	1	125	059
2363	8	2364	172
1042	18	967	189
135	18	1013	209
1042	18	570	174
9144	18	704	186
213	1	189	041
352	15	4973	010
9144	18	9138	173
2294	8	2295	172
1354	1	953	014
1042	18	377	190
1339	1	1210	098
2327	8	2326	182
2341	8	2389	173
135	18	854	165
9051	23	12508	022
609	1	419	092
9144	18	1031	175
2394	8	2395	216
188	1	189	104
7406	23	3023	024
1042	18	715	196
1264	1	122	022
2340	8	2341	163
950	1	148	011
9470	21	9455	193
1476	1	148	107
1042	18	1441	176
4963	17	4312	053
468	1	125	145
447	1	125	084
677	1	148	042
1585	1	148	122
135	18	602	181
1472	1	155	120
135	18	1014	208
8667	23	3023	068
9144	18	704	214
1042	18	1467	186
167	1	148	135
1666	1	125	148
161	1	163	121
1472	1	155	072
534	1	135	052
2310	19	1991	193
2456	8	2457	162
2726	9	2593	159
1042	18	1467	176
9144	18	1027	224
195	1	189	037
469	1	125	156
505	1	148	014
5222	15	4973	044
9144	18	696	191
2404	8	2405	230
135	18	9132	216
12503	23	12520	030
3620	14	3423	012
2407	8	2406	223
7293	19	1926	202
9144	18	1031	223
3790	14	3791	142
1042	18	1467	211
5082	15	4973	123
3082	11	3083	091
458	1	125	146
1042	18	967	190
400	18	3078	185
3577	14	3437	158
2447	8	2448	216
462	1	126	125
1044	1	126	093
458	1	126	107
3243	19	1918	222
2216	7	2206	224
1533	1	419	041
1591	1	535	077
4764	19	1977	170
1411	1	163	035
5009	15	4973	069
1516	15	4973	048
965	1	148	072
9144	18	1029	199
9144	18	1035	226
135	18	1014	184
1044	1	126	090
4764	19	1977	172
177	1	123	145
680	18	9134	169
712	1	163	154
9144	18	1041	166
1037	1	696	049
135	18	9131	202
135	18	1014	199
1042	18	435	213
1042	18	644	212
1148	1	1142	121
1037	1	696	059
1042	18	1467	199
1667	1	125	033
5277	15	4973	102
6129	23	12508	069
135	18	1013	183
2328	8	2329	221
7293	19	1926	200
1661	1	126	130
1501	1	148	127
2945	10	2946	103
9470	21	9455	205
2409	8	2410	175
194	1	148	142
9144	18	9139	198
177	1	123	086
135	18	602	222
1384	1	1210	144
680	18	9133	178
680	18	9132	179
2205	7	2206	231
8730	23	2951	012
9144	18	1027	171
2373	8	2374	166
9144	18	687	223
469	1	126	108
9144	18	1027	227
160	1	125	014
9144	18	9139	171
352	15	4973	017
135	18	1013	190
352	15	4973	073
459	1	125	144
135	18	1014	206
5042	15	4973	144
1492	1	125	055
9144	18	9139	221
985	1	148	050
628	1	148	101
2363	8	2364	175
9144	18	9137	194
9144	18	9139	216
5323	15	4973	141
7018	19	1991	194
9144	18	9136	168
4230	21	9462	208
2414	8	2415	221
2267	8	2268	188
1042	18	979	208
680	18	9130	176
570	1	125	067
215	1	189	082
2410	8	2409	163
4764	19	1977	184
1042	18	1050	208
1465	1	155	013
1222	1	1210	090
5258	15	4973	011
1626	1	125	069
6371	23	3023	141
1514	1	148	074
135	18	534	169
614	1	129	016
7975	23	3023	020
2463	8	2464	177
951	1	148	074
1042	18	409	188
1042	18	377	231
9294	23	12508	001
135	18	1426	184
1042	18	876	165
4764	19	1977	201
2265	8	2266	216
4764	19	1977	181
3082	11	3083	037
9144	18	708	188
135	18	534	171
1042	18	435	191
203	1	122	073
2268	8	2267	181
3024	19	1992	214
1582	1	123	131
4943	14	3696	118
2277	8	2278	181
9144	18	9140	207
1484	1	155	014
4764	19	1977	220
1042	18	377	166
9162	19	948	171
9164	23	12533	046
1168	1	953	006
135	18	9135	183
2691	19	9149	180
673	1	948	124
1243	1	1142	129
2414	8	2415	196
4764	19	1977	219
1042	18	644	181
1555	1	129	025
211	1	189	087
1042	18	571	220
2463	8	2464	199
9144	18	9137	218
1197	1	1142	095
1185	1	953	047
1042	18	1050	190
1042	18	979	227
1664	1	125	146
2373	8	2374	188
2310	19	1991	171
1042	18	409	195
9144	18	1027	168
12503	23	12520	148
9144	18	9138	230
9144	18	708	175
500	1	148	080
9144	18	1035	165
135	18	2004	212
1528	1	125	154
6439	23	2956	051
2943	21	9462	214
1030	1	1031	004
2373	8	2374	179
3024	19	1992	198
8552	19	9149	177
5135	15	5067	121
474	1	148	013
3084	11	3081	081
1858	19	969	219
2463	8	2464	213
5201	15	4973	049
1141	1	1142	105
2448	8	2462	194
1282	1	129	033
4442	14	4034	121
12503	23	2995	144
8842	19	9149	199
135	18	954	206
3346	21	9473	222
9401	23	12508	010
1858	19	969	231
2454	8	2455	217
5265	15	4973	147
3250	21	9434	230
9144	18	9136	170
2925	19	1926	206
135	18	1081	215
7847	23	2966	055
1415	1	148	135
195	1	189	101
9144	18	1031	216
3244	21	9473	224
2362	8	2361	164
1042	18	160	195
135	18	534	187
5296	15	4973	028
1318	1	129	060
5164	15	4973	003
8426	23	12511	030
1457	1	155	021
1009	1	125	160
3148	11	3120	001
4764	19	1977	224
466	1	125	143
4764	21	9462	191
1148	1	1142	087
961	1	148	151
2925	23	12502	159
1042	18	644	189
1858	19	969	208
5183	15	4973	071
1576	1	419	030
807	1	148	019
1667	1	126	103
1356	1	953	049
11065	22	9643	157
1349	1	1210	112
1175	1	1142	134
1042	18	571	225
1310	1	122	013
830	1	148	005
738	1	122	016
1523	1	917	059
854	1	535	065
3135	11	3136	067
1042	18	1467	171
9144	18	1029	217
1042	18	377	201
4764	21	9462	220
3346	21	9473	224
385	1	148	120
135	18	1470	218
135	18	1470	173
4764	21	9462	179
1415	1	148	083
3018	23	2977	117
455	1	125	160
6400	19	9159	191
962	1	163	035
4764	19	1977	190
135	18	534	193
1666	1	126	107
1042	18	876	175
5328	15	4973	012
1042	18	409	230
2691	19	9149	185
9144	18	9137	169
1042	18	489	178
1346	1	953	135
354	1	125	020
135	18	954	182
2402	8	2403	210
9144	18	1041	226
282	1	696	134
5086	15	4973	000
1042	18	160	212
1042	18	568	185
951	1	148	124
8499	23	12511	153
9526	21	9451	195
195	1	189	161
9144	18	698	194
716	1	148	015
135	18	954	222
5265	15	4973	063
135	18	1081	186
500	1	148	106
602	1	604	042
6878	23	12520	068
677	1	148	155
1042	18	570	193
2445	8	2446	198
9144	18	1029	212
1042	18	1467	198
195	1	189	072
2398	8	2399	165
6176	23	2566	120
8842	19	9149	229
1640	1	125	134
1412	1	122	021
1009	1	125	022
1466	1	155	011
1042	18	645	207
135	18	602	191
9144	18	1027	205
1282	1	1210	125
4992	15	4973	094
947	1	163	150
950	1	148	055
135	18	1014	183
1275	1	129	072
2200	9	2713	070
135	18	534	182
135	18	9132	196
505	1	148	116
2925	19	1926	229
2432	8	2433	227
4764	19	1977	229
2445	8	2446	210
1042	18	489	185
8842	19	9149	207
8499	23	12511	000
6973	23	2996	117
910	1	518	139
2362	8	2361	201
4036	14	3498	161
5215	15	4973	011
1259	1	1210	111
1042	18	409	217
6726	23	2966	129
1426	1	135	029
2447	8	2448	221
4994	15	4973	128
2448	8	2462	200
4996	15	4973	130
2309	8	2310	162
156	1	123	095
2427	8	2426	226
4764	19	1977	180
5086	15	4973	032
135	18	9135	229
6439	23	12515	077
1042	18	160	213
1472	1	155	130
160	1	125	077
1042	18	1441	163
1038	1	148	094
1042	1	687	135
1148	1	953	055
2310	19	1991	177
5117	15	4973	118
395	1	122	025
1042	18	645	206
9144	18	1027	169
2691	19	9149	202
5256	15	4973	100
826	1	148	004
1650	1	123	127
976	1	148	106
817	1	148	063
8955	23	2939	021
2447	8	2448	210
2326	8	2327	193
680	18	9135	171
1042	18	1651	170
1047	1	148	040
5080	15	4973	074
971	1	148	081
712	1	163	160
2993	23	2939	093
8529	23	2989	082
2395	21	9462	189
9144	18	1027	178
2463	8	2464	228
277	1	125	139
5260	15	4973	059
8272	23	2975	141
8552	19	9149	203
4582	14	3794	065
1127	1	846	055
135	18	9134	223
573	15	5094	053
9144	18	9136	214
2621	9	2703	123
2362	8	2361	188
4764	21	9462	209
3409	21	9434	176
1042	18	1651	213
9144	18	1031	174
135	18	1013	182
795	1	148	064
2424	8	2425	188
135	18	1013	218
1042	18	1651	173
1042	18	644	170
2449	8	2366	163
8787	23	2975	059
1514	1	148	008
1275	1	1210	108
135	18	9130	209
5072	15	4973	024
1467	1	125	041
8552	19	9149	165
8426	23	12511	039
1042	18	967	219
9144	18	1031	208
2361	8	2362	180
9144	18	1029	215
5227	15	4973	102
2943	21	9462	206
2267	8	2268	177
431	1	189	064
6400	19	9159	185
1081	1	535	075
1042	18	160	183
2427	8	2426	183
1002	1	148	014
9144	18	1029	189
1444	1	123	097
4978	15	4973	106
5215	15	4973	101
2320	8	2321	224
400	18	481	173
218	1	126	112
8385	23	3023	022
9144	18	9138	177
135	18	9134	190
400	18	3078	173
2427	8	2426	222
431	1	189	101
2470	8	2471	222
3086	23	12527	119
9162	19	948	209
8426	23	12511	131
2414	8	2415	207
2470	8	2471	213
2267	8	2268	196
2445	8	2446	190
6400	19	9159	229
1426	1	135	061
145	1	122	075
680	18	9130	177
9070	23	2982	103
9144	18	1035	178
655	1	419	144
854	1	535	060
2330	8	2331	227
2406	8	2407	215
6439	23	2956	125
9227	23	12508	070
1669	1	419	052
7687	23	12511	023
3395	21	9435	215
8842	19	9149	223
447	1	126	124
135	18	1013	206
9470	21	9455	226
1037	1	696	048
9144	18	9137	177
1037	1	696	080
135	18	9135	197
1315	1	129	010
4979	15	4973	136
1042	18	160	215
2744	9	2593	126
5222	15	4973	160
2432	8	2433	223
2361	8	2362	176
1640	1	125	042
5072	15	4973	094
1042	18	1467	184
1745	19	1936	189
138	1	126	086
8730	23	2951	117
1485	1	155	025
463	1	126	121
1042	18	1441	210
2424	8	2425	177
135	18	954	212
135	18	602	182
1281	1	1210	109
716	1	148	040
673	1	948	158
3345	21	9473	224
135	18	2004	225
2340	8	2341	165
2326	8	2327	192
1281	1	122	066
680	18	9134	176
135	18	1468	226
542	1	1029	133
7018	19	1991	204
2327	8	2326	223
4764	21	9462	195
1042	18	644	206
534	1	535	100
1042	18	160	217
4764	19	1977	193
9227	23	12508	083
9144	18	9136	181
1387	1	1210	097
999	1	122	067
1202	1	953	158
738	1	122	048
480	15	5067	089
8730	23	2951	025
9144	18	696	221
447	1	126	121
1415	1	148	006
2341	8	2340	165
3250	21	9434	165
3024	19	1992	186
135	18	9132	208
2327	8	2326	225
9144	18	1035	207
458	15	4973	127
367	1	122	027
1042	18	1050	172
1042	18	570	187
8824	23	2977	099
1414	1	123	142
658	1	173	067
135	18	1013	199
188	1	189	005
135	18	1468	214
1497	1	163	020
1013	1	604	041
2691	19	9149	184
8272	23	12515	072
6195	19	1991	196
367	1	123	136
135	18	1426	176
5227	15	4973	078
212	1	189	001
240	1	122	039
5093	15	5094	000
4715	23	12510	108
139	1	125	005
1415	1	163	005
7018	19	1991	196
465	1	125	050
1281	1	122	018
458	1	125	026
335	1	155	105
8385	23	3023	063
1590	1	123	127
1140	1	148	064
9144	18	9140	209
1042	18	1441	172
534	1	535	034
196	1	189	155
135	18	1081	192
135	18	1014	196
1182	1	953	142
9144	18	698	225
9144	18	9139	166
254	1	148	111
1170	1	953	152
534	1	135	131
9144	18	1041	210
1236	1	129	054
9144	18	9136	174
135	18	1591	179
1521	1	148	137
7293	19	1926	228
2278	8	2277	188
999	1	122	007
1042	18	1051	170
7293	19	1926	199
2433	8	2432	208
1042	18	377	167
2445	8	2446	204
2462	8	2448	204
1372	1	953	150
135	18	1081	200
1232	1	1210	122
2433	8	2432	221
160	1	125	034
2744	9	2593	082
9144	18	1031	212
2444	8	2443	162
9144	18	1041	208
466	1	126	086
477	1	123	116
8131	23	3030	069
1051	1	125	051
680	18	9132	172
2395	8	2394	200
146	1	123	116
1591	1	535	149
1515	1	148	142
3040	23	12544	020
2326	8	2327	189
2409	8	2410	167
2943	21	9462	203
5364	15	4973	004
1231	1	129	135
1042	18	876	230
5301	15	4973	140
2121	6	2122	020
9144	18	1041	219
7847	23	2966	161
5093	15	5094	034
9144	18	9136	219
1025	1	821	160
1555	15	4973	155
1042	18	568	166
946	1	163	062
9144	18	9137	185
1042	18	1441	169
9144	18	687	218
2373	8	2374	190
1645	1	125	027
1645	1	125	020
2278	8	2277	190
400	18	481	165
9144	18	708	211
9470	21	9455	186
8426	23	12511	055
1042	18	1441	174
1051	1	125	068
6400	19	9159	215
1042	18	571	179
8842	19	9149	217
9227	23	12508	042
1042	18	1441	198
1042	18	377	225
1042	18	967	193
1042	18	967	211
235	1	148	161
2326	8	2327	229
1042	18	645	209
1645	1	125	142
311	1	148	045
3018	23	2977	124
5056	15	4973	128
5350	15	4973	156
2445	8	2446	177
8730	23	2951	047
1016	1	125	155
177	1	123	107
4370	14	3710	029
2433	8	2432	220
3250	21	9434	164
1042	18	568	184
916	1	917	075
4484	14	4367	140
680	18	9132	170
9144	18	9136	221
1025	1	821	055
1265	1	129	043
354	1	125	152
1042	18	979	184
1555	15	4973	094
9144	18	9138	214
947	1	123	130
311	1	148	074
217	1	148	058
5042	15	4973	119
135	18	954	211
8385	23	2982	054
2405	8	2404	217
1042	18	409	196
432	1	148	139
2301	23	2951	075
194	1	148	148
5294	15	4973	054
1441	1	125	050
2302	8	2301	164
135	18	9130	225
9144	18	1027	223
9144	18	696	217
1265	1	129	076
11316	22	9589	146
8667	23	3023	060
2941	23	12510	073
3236	23	12520	135
135	18	1468	208
135	18	9134	202
2925	23	2996	097
593	15	4973	017
1042	18	160	225
1545	1	148	129
135	18	954	225
2615	9	2593	121
1042	18	160	226
251	1	125	020
1647	1	123	102
3044	10	3045	008
1042	18	1051	185
6726	23	2966	081
1545	1	148	161
9144	18	704	181
211	1	189	123
1011	1	123	105
5300	15	4973	022
2327	8	2326	183
1042	18	435	210
4963	17	4312	044
9680	22	9544	013
5025	15	4973	082
1388	1	1210	107
1042	18	644	173
1492	1	125	148
4824	14	3710	119
2301	23	12535	074
138	1	126	110
476	1	148	018
8272	23	2975	018
1585	1	148	114
9144	18	708	200
950	1	148	072
1042	18	644	193
8943	23	12535	041
9144	18	1029	200
8842	19	9149	195
9470	21	9455	200
1042	18	377	218
8552	19	9149	184
204	1	123	120
6195	19	1991	181
1315	1	129	136
1042	18	1651	167
9144	18	687	193
3018	23	2977	113
463	1	126	107
5009	15	4973	144
1444	1	129	011
3236	23	12520	152
2445	8	2446	207
9144	18	9136	184
6400	19	9159	231
11372	22	9589	147
1042	18	570	231
146	1	123	159
4979	15	4973	074
5135	15	5067	133
431	1	189	091
1042	18	377	197
3076	23	3077	099
9144	18	698	165
2361	8	2362	166
9144	18	9140	173
2362	8	2361	180
9063	23	3023	106
2463	8	2464	217
5327	15	4973	073
6195	19	1991	162
2702	9	2705	032
1044	1	125	036
5327	15	4973	075
985	1	148	069
1368	1	953	044
2310	19	1991	190
3358	21	9473	220
9420	23	2939	042
8272	23	12515	053
1042	18	1051	182
8552	19	9149	186
2925	19	1926	171
2433	8	2432	231
2136	6	2122	002
135	18	2004	172
431	1	189	138
1343	1	1210	111
2424	8	2425	168
9144	18	9137	175
135	18	1426	162
9144	18	687	227
4582	14	3794	008
3929	14	3822	112
1189	1	953	045
680	18	9131	178
3244	21	9473	229
2326	8	2327	186
9294	23	12508	114
2443	8	2444	170
1042	18	1467	185
9144	18	708	197
8842	23	3023	035
982	1	148	057
2909	9	2593	074
2463	8	2464	195
2445	8	2446	188
135	18	9132	209
1042	18	571	201
4979	15	4973	096
7018	19	1991	162
135	18	854	162
2726	9	2593	155
947	1	163	102
5335	15	4973	046
1042	18	489	215
1547	1	1144	152
954	1	604	082
1555	15	4973	110
1042	18	1050	168
2310	19	1991	163
4764	21	9462	167
9144	18	1041	197
1384	1	1210	129
1042	18	967	201
4764	19	1977	216
716	1	148	126
2941	23	12510	097
311	1	148	157
1042	18	1051	205
8385	23	2982	044
135	18	2004	196
1141	1	953	083
1042	18	571	217
9144	18	9138	187
2277	8	2278	189
8529	23	2989	017
1303	1	122	037
7293	19	1926	225
1281	1	122	019
1485	1	155	017
1585	1	148	061
9144	18	698	228
1042	18	1467	180
680	1	137	128
5164	15	4973	082
1662	1	125	147
1042	18	1050	204
4764	19	1977	208
4715	23	12510	143
4230	21	9462	220
6439	23	2956	094
1042	18	570	165
908	1	518	086
1444	1	129	058
9680	22	9544	053
2691	19	9149	208
9144	18	9137	230
9522	21	9457	186
3352	21	9473	208
11316	22	9589	060
680	18	9135	165
215	1	189	130
311	1	148	109
1263	1	122	028
4764	21	9462	186
8842	19	9149	186
918	1	148	068
1042	18	570	183
9144	18	1027	163
1372	1	953	016
2295	8	2294	171
6400	19	9159	178
1303	1	122	070
1042	1	687	071
9144	18	9138	184
9144	18	704	162
9144	18	704	217
1411	1	163	014
1197	1	1142	129
135	18	1013	217
1042	18	570	190
4659	14	3512	073
9144	18	1029	210
1042	18	979	194
135	18	954	186
1232	1	1210	099
1042	18	409	223
1382	1	953	137
9144	18	1041	181
2362	8	2361	181
2445	8	2446	214
9144	18	698	164
1426	1	135	022
2310	19	1991	167
203	1	123	161
400	18	481	197
573	15	5095	153
7293	19	1926	219
1279	1	1210	112
1042	18	979	210
2444	8	2443	167
135	18	2004	189
2373	8	2374	196
9144	18	9136	183
5122	15	4973	027
9144	18	9140	218
961	1	148	030
9144	18	9137	207
1457	1	155	073
1042	18	1441	228
1384	1	129	153
1485	1	155	085
1110	7	2208	226
1658	1	163	081
1042	18	570	199
135	18	1426	180
135	18	1468	185
135	18	954	205
2395	8	2394	216
135	18	1591	223
2361	8	2362	201
3076	23	12551	011
8426	23	12511	079
4992	15	4973	158
992	1	123	149
9162	19	948	184
135	18	1468	217
985	1	148	067
1042	18	967	226
3024	19	1992	213
2302	8	2301	170
455	1	125	085
673	15	4973	030
8529	19	1993	210
1664	1	125	060
2426	8	2427	216
9144	18	137	213
3069	19	1926	222
5301	15	4973	037
2267	8	2268	184
1042	18	645	189
9144	18	704	174
1356	1	953	077
1042	18	644	213
9390	23	12511	010
2691	19	9149	209
1745	19	1936	186
3843	14	3791	137
2373	8	2374	174
311	1	148	120
2925	19	1926	169
9512	21	9451	193
1175	1	1142	133
6878	23	12520	045
1042	18	645	216
680	18	9130	164
135	18	854	198
1523	1	917	152
6529	23	3023	157
1042	18	979	223
2320	8	2321	225
1202	1	1142	113
1042	18	160	174
1042	18	571	175
203	1	122	050
1025	1	821	023
5358	15	4973	060
311	1	148	029
1339	1	129	007
204	1	122	063
3403	21	9435	213
1042	18	1651	163
3353	21	9510	189
2445	8	2446	185
5119	15	4985	051
135	18	1014	219
954	1	604	049
2424	8	2425	179
9470	21	9455	229
5288	15	4973	081
1591	1	535	155
385	1	148	112
1042	18	1651	218
1042	18	967	209
3250	21	9434	183
1227	1	1210	102
854	1	135	128
2414	8	2415	216
1042	18	1467	183
3086	23	12527	071
1042	18	489	184
2310	19	1991	165
2644	9	2593	093
6400	19	9159	209
9144	18	9136	220
465	1	126	101
5250	15	4973	086
2691	19	9149	197
5288	15	4973	147
1227	1	129	074
1585	1	163	042
9144	18	9140	204
4074	14	3791	091
1102	1	148	096
8842	19	9149	197
9144	18	687	199
1042	18	1441	191
716	1	148	028
1042	18	644	229
8552	19	9149	176
5082	15	4973	125
1013	1	604	118
9144	18	9137	186
1528	1	126	118
1528	1	125	030
215	1	189	139
1465	1	155	048
1042	18	715	163
2404	8	2405	215
9144	18	9140	169
4764	19	1977	222
9144	18	1031	190
135	18	1591	206
7975	23	3023	077
9144	18	9137	201
744	1	163	065
1415	1	148	056
1042	18	876	217
8552	19	9149	206
9144	18	1031	196
2301	23	12535	006
5122	15	4973	103
127	1	125	017
1189	1	953	055
1042	18	1467	178
9144	18	1027	230
1042	18	571	184
450	1	148	073
4764	19	1977	207
135	18	9132	181
9144	18	9140	227
9144	18	137	192
3057	23	2946	051
